model,slice,variant,feature,coefficient,note
infantry,imperial,final,size,n,models = men_raw/2
infantry,imperial,final,size power p,1.09,price ∝ size^p
infantry,imperial,final,shape fire,range,how shooting / firearm / calibre enter β·x (see SHAPE_DEFAULTS)
infantry,imperial,final,shape cal,full,how shooting / firearm / calibre enter β·x (see SHAPE_DEFAULTS)
infantry,imperial,final,shape shoot,additive,how shooting / firearm / calibre enter β·x (see SHAPE_DEFAULTS)
infantry,imperial,final,shape cal_df,3,how shooting / firearm / calibre enter β·x (see SHAPE_DEFAULTS)
infantry,imperial,final,shape shot,onehot,how shooting / firearm / calibre enter β·x (see SHAPE_DEFAULTS)
infantry,imperial,final,stat power accuracy,0.05,the β column is (stat / 100)^power
infantry,imperial,final,stat power ammo,0.05,the β column is (stat / 100)^power
infantry,imperial,final,stat power charge_bonus,0.05,the β column is (stat / 100)^power
infantry,imperial,final,stat power melee_attack,1.4,the β column is (stat / 100)^power
infantry,imperial,final,stat power melee_defense,1.15,the β column is (stat / 100)^power
infantry,imperial,final,stat power morale,2.25,the β column is (stat / 100)^power
infantry,imperial,final,stat power range,4,the β column is (stat / 100)^power
infantry,imperial,final,stat power reload_skill,3.1,the β column is (stat / 100)^power
infantry,imperial,final,(intercept: per-size constant b0),1.69766095,"β·x + [—] × models^1.09 × rating stat powers: accuracy^0.05, ammo^0.05, charge_bonus^0.05, melee_attack^1.4, melee_defense^1.15, morale^2.25, range^4, reload_skill^3.1 | reference levels: unit_class=infantry_line; speed=L4"
infantry,imperial,final,accuracy,3.43528753,gold per size unit^p
infantry,imperial,final,reload_skill,1.34103235,gold per size unit^p
infantry,imperial,final,ammo,-0.02349657261,gold per size unit^p
infantry,imperial,final,morale,104.8262936,gold per size unit^p
infantry,imperial,final,melee_attack,14.66757218,gold per size unit^p
infantry,imperial,final,melee_defense,1.53595073,gold per size unit^p
infantry,imperial,final,charge_bonus,-4.931985044,gold per size unit^p
infantry,imperial,final,range,-0.1976898808,gold per size unit^p
infantry,imperial,final,can_form_square,0.3160892491,gold per size unit^p
infantry,imperial,final,has_stamina,0.1406503592,gold per size unit^p
infantry,imperial,final,is_shock_resistant,0.1856837519,gold per size unit^p
infantry,imperial,final,can_inspire,0.5198239039,gold per size unit^p
infantry,imperial,final,can_place_stakes,0.237160444,gold per size unit^p
infantry,imperial,final,guard_mode,-0.1329630267,gold per size unit^p
infantry,imperial,final,can_snipe,3.755492556,gold per size unit^p
infantry,imperial,final,unit_class=infantry_grenadiers,0.1117585696,gold per size unit^p
infantry,imperial,final,unit_class=infantry_irregulars,0.4622308984,gold per size unit^p
infantry,imperial,final,unit_class=infantry_light,-0.01449851164,gold per size unit^p
infantry,imperial,final,unit_class=infantry_militia,-0.1985566852,gold per size unit^p
infantry,imperial,final,speed=G2,-0.2773323588,gold per size unit^p
infantry,imperial,final,speed=G3,-0.1659783175,gold per size unit^p
infantry,imperial,final,speed=G4,0.1173273894,gold per size unit^p
infantry,imperial,final,speed=G5,0.4836302588,gold per size unit^p
infantry,imperial,final,speed=G6,0.7900556169,gold per size unit^p
infantry,imperial,final,speed=L1,-0.3133478361,gold per size unit^p
infantry,imperial,final,speed=L2,-0.2038769929,gold per size unit^p
infantry,imperial,final,speed=L3,-0.1119687787,gold per size unit^p
infantry,imperial,final,speed=L5,0.1843094525,gold per size unit^p
infantry,imperial,final,speed=L6,0.3088041149,gold per size unit^p
infantry,imperial,final,speed=S1,-2.693853352,gold per size unit^p
infantry,imperial,final,speed=S2,-1.798097536,gold per size unit^p
infantry,imperial,final,multiplier rating=10,0.8321510192,reference 8
infantry,imperial,final,multiplier rating=11,0.7668749303,reference 8
infantry,imperial,final,multiplier rating=12,0.6774007659,reference 8
infantry,imperial,final,multiplier rating=5,1.621736891,reference 8
infantry,imperial,final,multiplier rating=6,1.374285196,reference 8
infantry,imperial,final,multiplier rating=7,1.197954575,reference 8
infantry,imperial,final,multiplier rating=8,1,reference 8
infantry,imperial,final,multiplier rating=9,0.920768441,reference 8
infantry,imperial,RF,size,n,models = men_raw/2
infantry,imperial,RF,size power p,1.09,price ∝ size^p
infantry,imperial,RF,shape fire,range,how shooting / firearm / calibre enter β·x (see SHAPE_DEFAULTS)
infantry,imperial,RF,shape cal,full,how shooting / firearm / calibre enter β·x (see SHAPE_DEFAULTS)
infantry,imperial,RF,shape shoot,additive,how shooting / firearm / calibre enter β·x (see SHAPE_DEFAULTS)
infantry,imperial,RF,shape cal_df,3,how shooting / firearm / calibre enter β·x (see SHAPE_DEFAULTS)
infantry,imperial,RF,shape shot,onehot,how shooting / firearm / calibre enter β·x (see SHAPE_DEFAULTS)
infantry,imperial,RF,stat power accuracy,0.05,the β column is (stat / 100)^power
infantry,imperial,RF,stat power ammo,0.05,the β column is (stat / 100)^power
infantry,imperial,RF,stat power charge_bonus,0.05,the β column is (stat / 100)^power
infantry,imperial,RF,stat power melee_attack,1.4,the β column is (stat / 100)^power
infantry,imperial,RF,stat power melee_defense,1.15,the β column is (stat / 100)^power
infantry,imperial,RF,stat power morale,2.25,the β column is (stat / 100)^power
infantry,imperial,RF,stat power range,4,the β column is (stat / 100)^power
infantry,imperial,RF,stat power reload_skill,3.1,the β column is (stat / 100)^power
infantry,imperial,RF,(intercept: per-size constant b0),1.69766095,"β·x + [—] × models^1.09 × rating stat powers: accuracy^0.05, ammo^0.05, charge_bonus^0.05, melee_attack^1.4, melee_defense^1.15, morale^2.25, range^4, reload_skill^3.1 | reference levels: unit_class=infantry_line; speed=L4"
infantry,imperial,RF,accuracy,3.43528753,gold per size unit^p
infantry,imperial,RF,reload_skill,1.34103235,gold per size unit^p
infantry,imperial,RF,ammo,-0.02349657261,gold per size unit^p
infantry,imperial,RF,morale,104.8262936,gold per size unit^p
infantry,imperial,RF,melee_attack,14.66757218,gold per size unit^p
infantry,imperial,RF,melee_defense,1.53595073,gold per size unit^p
infantry,imperial,RF,charge_bonus,-4.931985044,gold per size unit^p
infantry,imperial,RF,range,-0.1976898808,gold per size unit^p
infantry,imperial,RF,can_form_square,0.3160892491,gold per size unit^p
infantry,imperial,RF,has_stamina,0.1406503592,gold per size unit^p
infantry,imperial,RF,is_shock_resistant,0.1856837519,gold per size unit^p
infantry,imperial,RF,can_inspire,0.5198239039,gold per size unit^p
infantry,imperial,RF,can_place_stakes,0.237160444,gold per size unit^p
infantry,imperial,RF,guard_mode,-0.1329630267,gold per size unit^p
infantry,imperial,RF,can_snipe,3.755492556,gold per size unit^p
infantry,imperial,RF,unit_class=infantry_grenadiers,0.1117585696,gold per size unit^p
infantry,imperial,RF,unit_class=infantry_irregulars,0.4622308984,gold per size unit^p
infantry,imperial,RF,unit_class=infantry_light,-0.01449851164,gold per size unit^p
infantry,imperial,RF,unit_class=infantry_militia,-0.1985566852,gold per size unit^p
infantry,imperial,RF,speed=G2,-0.2773323588,gold per size unit^p
infantry,imperial,RF,speed=G3,-0.1659783175,gold per size unit^p
infantry,imperial,RF,speed=G4,0.1173273894,gold per size unit^p
infantry,imperial,RF,speed=G5,0.4836302588,gold per size unit^p
infantry,imperial,RF,speed=G6,0.7900556169,gold per size unit^p
infantry,imperial,RF,speed=L1,-0.3133478361,gold per size unit^p
infantry,imperial,RF,speed=L2,-0.2038769929,gold per size unit^p
infantry,imperial,RF,speed=L3,-0.1119687787,gold per size unit^p
infantry,imperial,RF,speed=L5,0.1843094525,gold per size unit^p
infantry,imperial,RF,speed=L6,0.3088041149,gold per size unit^p
infantry,imperial,RF,speed=S1,-2.693853352,gold per size unit^p
infantry,imperial,RF,speed=S2,-1.798097536,gold per size unit^p
infantry,imperial,RF,multiplier rating=10,0.8321510192,reference 8
infantry,imperial,RF,multiplier rating=11,0.7668749303,reference 8
infantry,imperial,RF,multiplier rating=12,0.6774007659,reference 8
infantry,imperial,RF,multiplier rating=5,1.621736891,reference 8
infantry,imperial,RF,multiplier rating=6,1.374285196,reference 8
infantry,imperial,RF,multiplier rating=7,1.197954575,reference 8
infantry,imperial,RF,multiplier rating=8,1,reference 8
infantry,imperial,RF,multiplier rating=9,0.920768441,reference 8
infantry,imperial,RF,faction modifier denmark,0.9573449406,per-arm; multiplies the scaled part
infantry,imperial,RF,faction modifier france,1.010537799,per-arm; multiplies the scaled part
infantry,imperial,RF,faction modifier ntw3_tow_a03_x8_032,0.9726347688,per-arm; multiplies the scaled part
infantry,imperial,RF,faction modifier ntw3_tow_a03_x8_033,1.034763225,per-arm; multiplies the scaled part
infantry,imperial,RF,faction modifier ntw3_tow_a03_x8_038,1,per-arm; multiplies the scaled part
infantry,imperial,RF,faction modifier ntw3_tow_a03_x8_040,0.9995622679,per-arm; multiplies the scaled part
infantry,imperial,RF,faction modifier ntw3_tow_a04_x8_005,0.9909559915,per-arm; multiplies the scaled part
infantry,imperial,RF,faction modifier ntw3_tow_a05_x8_001,0.9867616165,per-arm; multiplies the scaled part
infantry,imperial,RF,faction modifier ntw3_tow_a05_x8_004,0.9967411902,per-arm; multiplies the scaled part
infantry,imperial,RF,faction modifier ntw3_tow_a06_x8_002,1,per-arm; multiplies the scaled part
infantry,imperial,RF,faction modifier ntw3_tow_a08_x8_047,1.006092423,per-arm; multiplies the scaled part
infantry,imperial,RF,faction modifier ntw3_tow_a09_x8_021,0.9943437903,per-arm; multiplies the scaled part
infantry,imperial,RF,faction modifier ntw3_tow_a11_x8_027,0.9991483419,per-arm; multiplies the scaled part
infantry,imperial,RF,faction modifier ntw3_tow_a11_x8_028,1.007524199,per-arm; multiplies the scaled part
infantry,imperial,RF,faction modifier ntw3_tow_a11_x8_029,1.010115767,per-arm; multiplies the scaled part
infantry,imperial,RF,faction modifier ntw3_tow_a12_x8_003,0.9983205884,per-arm; multiplies the scaled part
infantry,imperial,RF,faction modifier ntw3_tow_a13_x8_022,1.022599921,per-arm; multiplies the scaled part
infantry,imperial,RF,faction modifier ntw3_tow_a17_x8_054,0.9496149647,per-arm; multiplies the scaled part
infantry,imperial,RF,faction modifier ntw3_tow_c07_x8_017,1.05238121,per-arm; multiplies the scaled part
infantry,imperial,RF,faction modifier ntw3_tow_c08_x8_048,0.9832027592,per-arm; multiplies the scaled part
infantry,imperial,RF,faction modifier ntw3_tow_c10_x8_025,1.003411835,per-arm; multiplies the scaled part
infantry,imperial,RF,faction modifier ntw3_tow_c14_x8_030,1.017950944,per-arm; multiplies the scaled part
infantry,imperial,RF,faction modifier ntw3_tow_c15_x8_051,1.017704913,per-arm; multiplies the scaled part
infantry,imperial,FC,size,n,models = men_raw/2
infantry,imperial,FC,size power p,1.09,price ∝ size^p
infantry,imperial,FC,shape fire,range,how shooting / firearm / calibre enter β·x (see SHAPE_DEFAULTS)
infantry,imperial,FC,shape cal,full,how shooting / firearm / calibre enter β·x (see SHAPE_DEFAULTS)
infantry,imperial,FC,shape shoot,additive,how shooting / firearm / calibre enter β·x (see SHAPE_DEFAULTS)
infantry,imperial,FC,shape cal_df,3,how shooting / firearm / calibre enter β·x (see SHAPE_DEFAULTS)
infantry,imperial,FC,shape shot,onehot,how shooting / firearm / calibre enter β·x (see SHAPE_DEFAULTS)
infantry,imperial,FC,stat power accuracy,0.05,the β column is (stat / 100)^power
infantry,imperial,FC,stat power ammo,0.05,the β column is (stat / 100)^power
infantry,imperial,FC,stat power charge_bonus,0.05,the β column is (stat / 100)^power
infantry,imperial,FC,stat power melee_attack,1.4,the β column is (stat / 100)^power
infantry,imperial,FC,stat power melee_defense,1.15,the β column is (stat / 100)^power
infantry,imperial,FC,stat power morale,2.25,the β column is (stat / 100)^power
infantry,imperial,FC,stat power range,4,the β column is (stat / 100)^power
infantry,imperial,FC,stat power reload_skill,3.1,the β column is (stat / 100)^power
infantry,imperial,FC,(intercept: per-size constant b0),-2.298035625,"β·x + [—] × models^1.09 × fclass stat powers: accuracy^0.05, ammo^0.05, charge_bonus^0.05, melee_attack^1.4, melee_defense^1.15, morale^2.25, range^4, reload_skill^3.1 rating fixed (8/N) κ=1 | reference levels: unit_class=infantry_line; speed=L4"
infantry,imperial,FC,accuracy,5.465750675,gold per size unit^p
infantry,imperial,FC,reload_skill,1.12012871,gold per size unit^p
infantry,imperial,FC,ammo,0.7649596716,gold per size unit^p
infantry,imperial,FC,morale,114.1419607,gold per size unit^p
infantry,imperial,FC,melee_attack,12.68624818,gold per size unit^p
infantry,imperial,FC,melee_defense,4.346446756,gold per size unit^p
infantry,imperial,FC,charge_bonus,-3.360792866,gold per size unit^p
infantry,imperial,FC,range,-0.008573849581,gold per size unit^p
infantry,imperial,FC,can_form_square,0.3289855417,gold per size unit^p
infantry,imperial,FC,has_stamina,0.1631846011,gold per size unit^p
infantry,imperial,FC,is_shock_resistant,0.197163473,gold per size unit^p
infantry,imperial,FC,can_inspire,0.4608914664,gold per size unit^p
infantry,imperial,FC,can_place_stakes,0.1050557008,gold per size unit^p
infantry,imperial,FC,guard_mode,-0.1062192388,gold per size unit^p
infantry,imperial,FC,can_snipe,3.869517217,gold per size unit^p
infantry,imperial,FC,unit_class=infantry_grenadiers,-0.07861322884,gold per size unit^p
infantry,imperial,FC,unit_class=infantry_irregulars,0.3401395757,gold per size unit^p
infantry,imperial,FC,unit_class=infantry_light,-0.08364592673,gold per size unit^p
infantry,imperial,FC,unit_class=infantry_militia,-0.1130606683,gold per size unit^p
infantry,imperial,FC,speed=G2,-0.2856006489,gold per size unit^p
infantry,imperial,FC,speed=G3,-0.1555794049,gold per size unit^p
infantry,imperial,FC,speed=G4,0.1092054649,gold per size unit^p
infantry,imperial,FC,speed=G5,0.4539960418,gold per size unit^p
infantry,imperial,FC,speed=G6,0.8610675095,gold per size unit^p
infantry,imperial,FC,speed=L1,-0.3806661627,gold per size unit^p
infantry,imperial,FC,speed=L2,-0.2534810093,gold per size unit^p
infantry,imperial,FC,speed=L3,-0.1400733546,gold per size unit^p
infantry,imperial,FC,speed=L5,0.1907709047,gold per size unit^p
infantry,imperial,FC,speed=L6,0.2187012093,gold per size unit^p
infantry,imperial,FC,speed=S1,-2.728062045,gold per size unit^p
infantry,imperial,FC,speed=S2,-1.952954679,gold per size unit^p
infantry,imperial,FC,rating divisor,8/rating,fixed; scales the β part like a multiplier
infantry,imperial,FC,multiplier fclass=denmark|infantry_grenadiers,0.9601056362,"ridge κ = 1, no reference (unseen cell → 1)"
infantry,imperial,FC,multiplier fclass=denmark|infantry_light,0.8297360506,"ridge κ = 1, no reference (unseen cell → 1)"
infantry,imperial,FC,multiplier fclass=denmark|infantry_line,0.9158867826,"ridge κ = 1, no reference (unseen cell → 1)"
infantry,imperial,FC,multiplier fclass=denmark|infantry_militia,1.063362868,"ridge κ = 1, no reference (unseen cell → 1)"
infantry,imperial,FC,multiplier fclass=denmark|infantry_skirmishers,0.9994527929,"ridge κ = 1, no reference (unseen cell → 1)"
infantry,imperial,FC,multiplier fclass=france|infantry_grenadiers,1.026365404,"ridge κ = 1, no reference (unseen cell → 1)"
infantry,imperial,FC,multiplier fclass=france|infantry_light,1.104714316,"ridge κ = 1, no reference (unseen cell → 1)"
infantry,imperial,FC,multiplier fclass=france|infantry_line,1.00711157,"ridge κ = 1, no reference (unseen cell → 1)"
infantry,imperial,FC,multiplier fclass=france|infantry_skirmishers,0.7231392594,"ridge κ = 1, no reference (unseen cell → 1)"
infantry,imperial,FC,multiplier fclass=ntw3_tow_a03_x8_032|infantry_grenadiers,0.9478807421,"ridge κ = 1, no reference (unseen cell → 1)"
infantry,imperial,FC,multiplier fclass=ntw3_tow_a03_x8_032|infantry_light,1.071451638,"ridge κ = 1, no reference (unseen cell → 1)"
infantry,imperial,FC,multiplier fclass=ntw3_tow_a03_x8_032|infantry_line,0.9242312219,"ridge κ = 1, no reference (unseen cell → 1)"
infantry,imperial,FC,multiplier fclass=ntw3_tow_a03_x8_032|infantry_skirmishers,0.931477448,"ridge κ = 1, no reference (unseen cell → 1)"
infantry,imperial,FC,multiplier fclass=ntw3_tow_a03_x8_033|infantry_grenadiers,0.8880384666,"ridge κ = 1, no reference (unseen cell → 1)"
infantry,imperial,FC,multiplier fclass=ntw3_tow_a03_x8_033|infantry_light,1.06748302,"ridge κ = 1, no reference (unseen cell → 1)"
infantry,imperial,FC,multiplier fclass=ntw3_tow_a03_x8_033|infantry_line,1.061077554,"ridge κ = 1, no reference (unseen cell → 1)"
infantry,imperial,FC,multiplier fclass=ntw3_tow_a03_x8_033|infantry_skirmishers,0.96393744,"ridge κ = 1, no reference (unseen cell → 1)"
infantry,imperial,FC,multiplier fclass=ntw3_tow_a03_x8_038|infantry_grenadiers,0.8227142337,"ridge κ = 1, no reference (unseen cell → 1)"
infantry,imperial,FC,multiplier fclass=ntw3_tow_a03_x8_038|infantry_light,0.9592851392,"ridge κ = 1, no reference (unseen cell → 1)"
infantry,imperial,FC,multiplier fclass=ntw3_tow_a03_x8_038|infantry_line,0.9833832166,"ridge κ = 1, no reference (unseen cell → 1)"
infantry,imperial,FC,multiplier fclass=ntw3_tow_a03_x8_038|infantry_militia,1.100130273,"ridge κ = 1, no reference (unseen cell → 1)"
infantry,imperial,FC,multiplier fclass=ntw3_tow_a03_x8_038|infantry_skirmishers,1.099172572,"ridge κ = 1, no reference (unseen cell → 1)"
infantry,imperial,FC,multiplier fclass=ntw3_tow_a03_x8_040|infantry_grenadiers,1.036809619,"ridge κ = 1, no reference (unseen cell → 1)"
infantry,imperial,FC,multiplier fclass=ntw3_tow_a03_x8_040|infantry_light,1.011113836,"ridge κ = 1, no reference (unseen cell → 1)"
infantry,imperial,FC,multiplier fclass=ntw3_tow_a03_x8_040|infantry_line,0.9373750605,"ridge κ = 1, no reference (unseen cell → 1)"
infantry,imperial,FC,multiplier fclass=ntw3_tow_a03_x8_040|infantry_skirmishers,1.167598568,"ridge κ = 1, no reference (unseen cell → 1)"
infantry,imperial,FC,multiplier fclass=ntw3_tow_a04_x8_005|infantry_grenadiers,0.9858125615,"ridge κ = 1, no reference (unseen cell → 1)"
infantry,imperial,FC,multiplier fclass=ntw3_tow_a04_x8_005|infantry_irregulars,0.9634894366,"ridge κ = 1, no reference (unseen cell → 1)"
infantry,imperial,FC,multiplier fclass=ntw3_tow_a04_x8_005|infantry_light,0.9479331258,"ridge κ = 1, no reference (unseen cell → 1)"
infantry,imperial,FC,multiplier fclass=ntw3_tow_a04_x8_005|infantry_line,0.8965856591,"ridge κ = 1, no reference (unseen cell → 1)"
infantry,imperial,FC,multiplier fclass=ntw3_tow_a04_x8_005|infantry_militia,1.071505666,"ridge κ = 1, no reference (unseen cell → 1)"
infantry,imperial,FC,multiplier fclass=ntw3_tow_a04_x8_005|infantry_skirmishers,0.9216122866,"ridge κ = 1, no reference (unseen cell → 1)"
infantry,imperial,FC,multiplier fclass=ntw3_tow_a05_x8_001|infantry_grenadiers,1.035083423,"ridge κ = 1, no reference (unseen cell → 1)"
infantry,imperial,FC,multiplier fclass=ntw3_tow_a05_x8_001|infantry_light,1.028517788,"ridge κ = 1, no reference (unseen cell → 1)"
infantry,imperial,FC,multiplier fclass=ntw3_tow_a05_x8_001|infantry_line,0.9214272283,"ridge κ = 1, no reference (unseen cell → 1)"
infantry,imperial,FC,multiplier fclass=ntw3_tow_a05_x8_001|infantry_skirmishers,1.039042839,"ridge κ = 1, no reference (unseen cell → 1)"
infantry,imperial,FC,multiplier fclass=ntw3_tow_a05_x8_004|infantry_grenadiers,0.9693143829,"ridge κ = 1, no reference (unseen cell → 1)"
infantry,imperial,FC,multiplier fclass=ntw3_tow_a05_x8_004|infantry_light,0.9693965217,"ridge κ = 1, no reference (unseen cell → 1)"
infantry,imperial,FC,multiplier fclass=ntw3_tow_a05_x8_004|infantry_line,0.9705088434,"ridge κ = 1, no reference (unseen cell → 1)"
infantry,imperial,FC,multiplier fclass=ntw3_tow_a05_x8_004|infantry_skirmishers,1.0787732,"ridge κ = 1, no reference (unseen cell → 1)"
infantry,imperial,FC,multiplier fclass=ntw3_tow_a06_x8_002|infantry_grenadiers,1.008848123,"ridge κ = 1, no reference (unseen cell → 1)"
infantry,imperial,FC,multiplier fclass=ntw3_tow_a06_x8_002|infantry_light,1.045556115,"ridge κ = 1, no reference (unseen cell → 1)"
infantry,imperial,FC,multiplier fclass=ntw3_tow_a06_x8_002|infantry_line,0.9372986104,"ridge κ = 1, no reference (unseen cell → 1)"
infantry,imperial,FC,multiplier fclass=ntw3_tow_a06_x8_002|infantry_skirmishers,0.8349867737,"ridge κ = 1, no reference (unseen cell → 1)"
infantry,imperial,FC,multiplier fclass=ntw3_tow_a08_x8_047|infantry_grenadiers,0.9965897255,"ridge κ = 1, no reference (unseen cell → 1)"
infantry,imperial,FC,multiplier fclass=ntw3_tow_a08_x8_047|infantry_light,1.077976731,"ridge κ = 1, no reference (unseen cell → 1)"
infantry,imperial,FC,multiplier fclass=ntw3_tow_a08_x8_047|infantry_line,0.947974804,"ridge κ = 1, no reference (unseen cell → 1)"
infantry,imperial,FC,multiplier fclass=ntw3_tow_a08_x8_047|infantry_skirmishers,1.067966201,"ridge κ = 1, no reference (unseen cell → 1)"
infantry,imperial,FC,multiplier fclass=ntw3_tow_a09_x8_021|infantry_grenadiers,1.047009718,"ridge κ = 1, no reference (unseen cell → 1)"
infantry,imperial,FC,multiplier fclass=ntw3_tow_a09_x8_021|infantry_light,0.9643628748,"ridge κ = 1, no reference (unseen cell → 1)"
infantry,imperial,FC,multiplier fclass=ntw3_tow_a09_x8_021|infantry_line,0.9513691151,"ridge κ = 1, no reference (unseen cell → 1)"
infantry,imperial,FC,multiplier fclass=ntw3_tow_a09_x8_021|infantry_militia,0.9864719604,"ridge κ = 1, no reference (unseen cell → 1)"
infantry,imperial,FC,multiplier fclass=ntw3_tow_a09_x8_021|infantry_skirmishers,1.030543153,"ridge κ = 1, no reference (unseen cell → 1)"
infantry,imperial,FC,multiplier fclass=ntw3_tow_a11_x8_027|infantry_grenadiers,1.017992768,"ridge κ = 1, no reference (unseen cell → 1)"
infantry,imperial,FC,multiplier fclass=ntw3_tow_a11_x8_027|infantry_light,1.010240876,"ridge κ = 1, no reference (unseen cell → 1)"
infantry,imperial,FC,multiplier fclass=ntw3_tow_a11_x8_027|infantry_line,0.9852445953,"ridge κ = 1, no reference (unseen cell → 1)"
infantry,imperial,FC,multiplier fclass=ntw3_tow_a11_x8_027|infantry_skirmishers,0.8597933593,"ridge κ = 1, no reference (unseen cell → 1)"
infantry,imperial,FC,multiplier fclass=ntw3_tow_a11_x8_028|infantry_grenadiers,1.010644879,"ridge κ = 1, no reference (unseen cell → 1)"
infantry,imperial,FC,multiplier fclass=ntw3_tow_a11_x8_028|infantry_light,1.128916721,"ridge κ = 1, no reference (unseen cell → 1)"
infantry,imperial,FC,multiplier fclass=ntw3_tow_a11_x8_028|infantry_line,1.004740382,"ridge κ = 1, no reference (unseen cell → 1)"
infantry,imperial,FC,multiplier fclass=ntw3_tow_a11_x8_028|infantry_skirmishers,0.93685712,"ridge κ = 1, no reference (unseen cell → 1)"
infantry,imperial,FC,multiplier fclass=ntw3_tow_a11_x8_029|infantry_grenadiers,1.118505402,"ridge κ = 1, no reference (unseen cell → 1)"
infantry,imperial,FC,multiplier fclass=ntw3_tow_a11_x8_029|infantry_light,1.011304583,"ridge κ = 1, no reference (unseen cell → 1)"
infantry,imperial,FC,multiplier fclass=ntw3_tow_a11_x8_029|infantry_line,0.970762738,"ridge κ = 1, no reference (unseen cell → 1)"
infantry,imperial,FC,multiplier fclass=ntw3_tow_a11_x8_029|infantry_skirmishers,0.9522922168,"ridge κ = 1, no reference (unseen cell → 1)"
infantry,imperial,FC,multiplier fclass=ntw3_tow_a12_x8_003|infantry_grenadiers,1.095570979,"ridge κ = 1, no reference (unseen cell → 1)"
infantry,imperial,FC,multiplier fclass=ntw3_tow_a12_x8_003|infantry_light,1.059905367,"ridge κ = 1, no reference (unseen cell → 1)"
infantry,imperial,FC,multiplier fclass=ntw3_tow_a12_x8_003|infantry_line,0.8797826054,"ridge κ = 1, no reference (unseen cell → 1)"
infantry,imperial,FC,multiplier fclass=ntw3_tow_a12_x8_003|infantry_skirmishers,1.034918572,"ridge κ = 1, no reference (unseen cell → 1)"
infantry,imperial,FC,multiplier fclass=ntw3_tow_a13_x8_022|infantry_grenadiers,0.9786246905,"ridge κ = 1, no reference (unseen cell → 1)"
infantry,imperial,FC,multiplier fclass=ntw3_tow_a13_x8_022|infantry_irregulars,0.9603479343,"ridge κ = 1, no reference (unseen cell → 1)"
infantry,imperial,FC,multiplier fclass=ntw3_tow_a13_x8_022|infantry_light,1.093084664,"ridge κ = 1, no reference (unseen cell → 1)"
infantry,imperial,FC,multiplier fclass=ntw3_tow_a13_x8_022|infantry_line,0.9730988102,"ridge κ = 1, no reference (unseen cell → 1)"
infantry,imperial,FC,multiplier fclass=ntw3_tow_a13_x8_022|infantry_skirmishers,0.8803895679,"ridge κ = 1, no reference (unseen cell → 1)"
infantry,imperial,FC,multiplier fclass=ntw3_tow_a17_x8_054|infantry_grenadiers,0.9278422754,"ridge κ = 1, no reference (unseen cell → 1)"
infantry,imperial,FC,multiplier fclass=ntw3_tow_a17_x8_054|infantry_light,0.8704363823,"ridge κ = 1, no reference (unseen cell → 1)"
infantry,imperial,FC,multiplier fclass=ntw3_tow_a17_x8_054|infantry_line,0.8600662233,"ridge κ = 1, no reference (unseen cell → 1)"
infantry,imperial,FC,multiplier fclass=ntw3_tow_a17_x8_054|infantry_militia,1.02325336,"ridge κ = 1, no reference (unseen cell → 1)"
infantry,imperial,FC,multiplier fclass=ntw3_tow_a17_x8_054|infantry_skirmishers,1.048646514,"ridge κ = 1, no reference (unseen cell → 1)"
infantry,imperial,FC,multiplier fclass=ntw3_tow_c07_x8_017|infantry_grenadiers,1.028707084,"ridge κ = 1, no reference (unseen cell → 1)"
infantry,imperial,FC,multiplier fclass=ntw3_tow_c07_x8_017|infantry_light,0.963540385,"ridge κ = 1, no reference (unseen cell → 1)"
infantry,imperial,FC,multiplier fclass=ntw3_tow_c07_x8_017|infantry_line,1.048323431,"ridge κ = 1, no reference (unseen cell → 1)"
infantry,imperial,FC,multiplier fclass=ntw3_tow_c07_x8_017|infantry_skirmishers,1.131948595,"ridge κ = 1, no reference (unseen cell → 1)"
infantry,imperial,FC,multiplier fclass=ntw3_tow_c08_x8_048|infantry_grenadiers,1.11934054,"ridge κ = 1, no reference (unseen cell → 1)"
infantry,imperial,FC,multiplier fclass=ntw3_tow_c08_x8_048|infantry_light,0.8994022273,"ridge κ = 1, no reference (unseen cell → 1)"
infantry,imperial,FC,multiplier fclass=ntw3_tow_c08_x8_048|infantry_line,0.956130839,"ridge κ = 1, no reference (unseen cell → 1)"
infantry,imperial,FC,multiplier fclass=ntw3_tow_c08_x8_048|infantry_skirmishers,0.9715802478,"ridge κ = 1, no reference (unseen cell → 1)"
infantry,imperial,FC,multiplier fclass=ntw3_tow_c10_x8_025|infantry_grenadiers,1.207770543,"ridge κ = 1, no reference (unseen cell → 1)"
infantry,imperial,FC,multiplier fclass=ntw3_tow_c10_x8_025|infantry_light,1.028839034,"ridge κ = 1, no reference (unseen cell → 1)"
infantry,imperial,FC,multiplier fclass=ntw3_tow_c10_x8_025|infantry_line,0.9083454585,"ridge κ = 1, no reference (unseen cell → 1)"
infantry,imperial,FC,multiplier fclass=ntw3_tow_c10_x8_025|infantry_militia,0.8563385955,"ridge κ = 1, no reference (unseen cell → 1)"
infantry,imperial,FC,multiplier fclass=ntw3_tow_c10_x8_025|infantry_skirmishers,0.8798075665,"ridge κ = 1, no reference (unseen cell → 1)"
infantry,imperial,FC,multiplier fclass=ntw3_tow_c14_x8_030|infantry_grenadiers,1.006529148,"ridge κ = 1, no reference (unseen cell → 1)"
infantry,imperial,FC,multiplier fclass=ntw3_tow_c14_x8_030|infantry_light,1.101173381,"ridge κ = 1, no reference (unseen cell → 1)"
infantry,imperial,FC,multiplier fclass=ntw3_tow_c14_x8_030|infantry_line,0.9785729442,"ridge κ = 1, no reference (unseen cell → 1)"
infantry,imperial,FC,multiplier fclass=ntw3_tow_c14_x8_030|infantry_skirmishers,1.037477022,"ridge κ = 1, no reference (unseen cell → 1)"
infantry,imperial,FC,multiplier fclass=ntw3_tow_c15_x8_051|infantry_grenadiers,0.9928381174,"ridge κ = 1, no reference (unseen cell → 1)"
infantry,imperial,FC,multiplier fclass=ntw3_tow_c15_x8_051|infantry_irregulars,1.181927062,"ridge κ = 1, no reference (unseen cell → 1)"
infantry,imperial,FC,multiplier fclass=ntw3_tow_c15_x8_051|infantry_light,0.8242823548,"ridge κ = 1, no reference (unseen cell → 1)"
infantry,imperial,FC,multiplier fclass=ntw3_tow_c15_x8_051|infantry_line,0.9461443441,"ridge κ = 1, no reference (unseen cell → 1)"
infantry,imperial,FC,multiplier fclass=ntw3_tow_c15_x8_051|infantry_skirmishers,1.17946966,"ridge κ = 1, no reference (unseen cell → 1)"
infantry,coalition,final,size,n,models = men_raw/2
infantry,coalition,final,size power p,1.09,price ∝ size^p
infantry,coalition,final,shape fire,range,how shooting / firearm / calibre enter β·x (see SHAPE_DEFAULTS)
infantry,coalition,final,shape cal,full,how shooting / firearm / calibre enter β·x (see SHAPE_DEFAULTS)
infantry,coalition,final,shape shoot,additive,how shooting / firearm / calibre enter β·x (see SHAPE_DEFAULTS)
infantry,coalition,final,shape cal_df,3,how shooting / firearm / calibre enter β·x (see SHAPE_DEFAULTS)
infantry,coalition,final,shape shot,onehot,how shooting / firearm / calibre enter β·x (see SHAPE_DEFAULTS)
infantry,coalition,final,stat power accuracy,0.05,the β column is (stat / 100)^power
infantry,coalition,final,stat power ammo,0.05,the β column is (stat / 100)^power
infantry,coalition,final,stat power charge_bonus,0.05,the β column is (stat / 100)^power
infantry,coalition,final,stat power melee_attack,1.4,the β column is (stat / 100)^power
infantry,coalition,final,stat power melee_defense,1.15,the β column is (stat / 100)^power
infantry,coalition,final,stat power morale,2.25,the β column is (stat / 100)^power
infantry,coalition,final,stat power range,4,the β column is (stat / 100)^power
infantry,coalition,final,stat power reload_skill,3.1,the β column is (stat / 100)^power
infantry,coalition,final,(intercept: per-size constant b0),5.081986821,"β·x + [—] × models^1.09 × rating stat powers: accuracy^0.05, ammo^0.05, charge_bonus^0.05, melee_attack^1.4, melee_defense^1.15, morale^2.25, range^4, reload_skill^3.1 | reference levels: unit_class=infantry_line; speed=L3"
infantry,coalition,final,accuracy,13.61031578,gold per size unit^p
infantry,coalition,final,reload_skill,1.370197598,gold per size unit^p
infantry,coalition,final,ammo,0.2668728893,gold per size unit^p
infantry,coalition,final,morale,100.3023929,gold per size unit^p
infantry,coalition,final,melee_attack,15.39765856,gold per size unit^p
infantry,coalition,final,melee_defense,4.828563248,gold per size unit^p
infantry,coalition,final,charge_bonus,-5.654064704,gold per size unit^p
infantry,coalition,final,range,0.1347233542,gold per size unit^p
infantry,coalition,final,has_range,-12.50614015,gold per size unit^p
infantry,coalition,final,can_form_square,0.3160016003,gold per size unit^p
infantry,coalition,final,has_stamina,0.174574823,gold per size unit^p
infantry,coalition,final,is_shock_resistant,0.2255599021,gold per size unit^p
infantry,coalition,final,can_inspire,0.534416392,gold per size unit^p
infantry,coalition,final,has_guerrilla_deployment,1.828802407,gold per size unit^p
infantry,coalition,final,can_place_stakes,0.1016730317,gold per size unit^p
infantry,coalition,final,can_place_mines,-0.4444611944,gold per size unit^p
infantry,coalition,final,guard_mode,-0.05396115307,gold per size unit^p
infantry,coalition,final,can_snipe,2.321829316,gold per size unit^p
infantry,coalition,final,unit_class=infantry_grenadiers,0.1066290179,gold per size unit^p
infantry,coalition,final,unit_class=infantry_irregulars,-0.2363664613,gold per size unit^p
infantry,coalition,final,unit_class=infantry_light,-0.04705975859,gold per size unit^p
infantry,coalition,final,unit_class=infantry_militia,0.006957641858,gold per size unit^p
infantry,coalition,final,speed=G1,-0.2804166771,gold per size unit^p
infantry,coalition,final,speed=G2,-0.01422186479,gold per size unit^p
infantry,coalition,final,speed=G3,0.1387720589,gold per size unit^p
infantry,coalition,final,speed=G4,0.4208696798,gold per size unit^p
infantry,coalition,final,speed=G5,0.7922809516,gold per size unit^p
infantry,coalition,final,speed=G6,0.9304411221,gold per size unit^p
infantry,coalition,final,speed=L1,-0.1719107309,gold per size unit^p
infantry,coalition,final,speed=L2,-0.1374817826,gold per size unit^p
infantry,coalition,final,speed=L4,0.17959735,gold per size unit^p
infantry,coalition,final,speed=L5,0.4430701902,gold per size unit^p
infantry,coalition,final,speed=L6,0.6875661421,gold per size unit^p
infantry,coalition,final,speed=S1,-1.436949243,gold per size unit^p
infantry,coalition,final,speed=S2,-0.376452125,gold per size unit^p
infantry,coalition,final,speed=S3,1.736550838,gold per size unit^p
infantry,coalition,final,multiplier rating=10,0.8001563031,reference 8
infantry,coalition,final,multiplier rating=5,1.470987084,reference 8
infantry,coalition,final,multiplier rating=6,1.294929607,reference 8
infantry,coalition,final,multiplier rating=7,1.131359384,reference 8
infantry,coalition,final,multiplier rating=8,1,reference 8
infantry,coalition,final,multiplier rating=9,0.8832785554,reference 8
infantry,coalition,RF,size,n,models = men_raw/2
infantry,coalition,RF,size power p,1.09,price ∝ size^p
infantry,coalition,RF,shape fire,range,how shooting / firearm / calibre enter β·x (see SHAPE_DEFAULTS)
infantry,coalition,RF,shape cal,full,how shooting / firearm / calibre enter β·x (see SHAPE_DEFAULTS)
infantry,coalition,RF,shape shoot,additive,how shooting / firearm / calibre enter β·x (see SHAPE_DEFAULTS)
infantry,coalition,RF,shape cal_df,3,how shooting / firearm / calibre enter β·x (see SHAPE_DEFAULTS)
infantry,coalition,RF,shape shot,onehot,how shooting / firearm / calibre enter β·x (see SHAPE_DEFAULTS)
infantry,coalition,RF,stat power accuracy,0.05,the β column is (stat / 100)^power
infantry,coalition,RF,stat power ammo,0.05,the β column is (stat / 100)^power
infantry,coalition,RF,stat power charge_bonus,0.05,the β column is (stat / 100)^power
infantry,coalition,RF,stat power melee_attack,1.4,the β column is (stat / 100)^power
infantry,coalition,RF,stat power melee_defense,1.15,the β column is (stat / 100)^power
infantry,coalition,RF,stat power morale,2.25,the β column is (stat / 100)^power
infantry,coalition,RF,stat power range,4,the β column is (stat / 100)^power
infantry,coalition,RF,stat power reload_skill,3.1,the β column is (stat / 100)^power
infantry,coalition,RF,(intercept: per-size constant b0),5.081986821,"β·x + [—] × models^1.09 × rating stat powers: accuracy^0.05, ammo^0.05, charge_bonus^0.05, melee_attack^1.4, melee_defense^1.15, morale^2.25, range^4, reload_skill^3.1 | reference levels: unit_class=infantry_line; speed=L3"
infantry,coalition,RF,accuracy,13.61031578,gold per size unit^p
infantry,coalition,RF,reload_skill,1.370197598,gold per size unit^p
infantry,coalition,RF,ammo,0.2668728893,gold per size unit^p
infantry,coalition,RF,morale,100.3023929,gold per size unit^p
infantry,coalition,RF,melee_attack,15.39765856,gold per size unit^p
infantry,coalition,RF,melee_defense,4.828563248,gold per size unit^p
infantry,coalition,RF,charge_bonus,-5.654064704,gold per size unit^p
infantry,coalition,RF,range,0.1347233542,gold per size unit^p
infantry,coalition,RF,has_range,-12.50614015,gold per size unit^p
infantry,coalition,RF,can_form_square,0.3160016003,gold per size unit^p
infantry,coalition,RF,has_stamina,0.174574823,gold per size unit^p
infantry,coalition,RF,is_shock_resistant,0.2255599021,gold per size unit^p
infantry,coalition,RF,can_inspire,0.534416392,gold per size unit^p
infantry,coalition,RF,has_guerrilla_deployment,1.828802407,gold per size unit^p
infantry,coalition,RF,can_place_stakes,0.1016730317,gold per size unit^p
infantry,coalition,RF,can_place_mines,-0.4444611944,gold per size unit^p
infantry,coalition,RF,guard_mode,-0.05396115307,gold per size unit^p
infantry,coalition,RF,can_snipe,2.321829316,gold per size unit^p
infantry,coalition,RF,unit_class=infantry_grenadiers,0.1066290179,gold per size unit^p
infantry,coalition,RF,unit_class=infantry_irregulars,-0.2363664613,gold per size unit^p
infantry,coalition,RF,unit_class=infantry_light,-0.04705975859,gold per size unit^p
infantry,coalition,RF,unit_class=infantry_militia,0.006957641858,gold per size unit^p
infantry,coalition,RF,speed=G1,-0.2804166771,gold per size unit^p
infantry,coalition,RF,speed=G2,-0.01422186479,gold per size unit^p
infantry,coalition,RF,speed=G3,0.1387720589,gold per size unit^p
infantry,coalition,RF,speed=G4,0.4208696798,gold per size unit^p
infantry,coalition,RF,speed=G5,0.7922809516,gold per size unit^p
infantry,coalition,RF,speed=G6,0.9304411221,gold per size unit^p
infantry,coalition,RF,speed=L1,-0.1719107309,gold per size unit^p
infantry,coalition,RF,speed=L2,-0.1374817826,gold per size unit^p
infantry,coalition,RF,speed=L4,0.17959735,gold per size unit^p
infantry,coalition,RF,speed=L5,0.4430701902,gold per size unit^p
infantry,coalition,RF,speed=L6,0.6875661421,gold per size unit^p
infantry,coalition,RF,speed=S1,-1.436949243,gold per size unit^p
infantry,coalition,RF,speed=S2,-0.376452125,gold per size unit^p
infantry,coalition,RF,speed=S3,1.736550838,gold per size unit^p
infantry,coalition,RF,multiplier rating=10,0.8001563031,reference 8
infantry,coalition,RF,multiplier rating=5,1.470987084,reference 8
infantry,coalition,RF,multiplier rating=6,1.294929607,reference 8
infantry,coalition,RF,multiplier rating=7,1.131359384,reference 8
infantry,coalition,RF,multiplier rating=8,1,reference 8
infantry,coalition,RF,multiplier rating=9,0.8832785554,reference 8
infantry,coalition,RF,faction modifier britain,1.008345167,per-arm; multiplies the scaled part
infantry,coalition,RF,faction modifier ntw3_hre,1.100003224,per-arm; multiplies the scaled part
infantry,coalition,RF,faction modifier ntw3_tow_b03_x8_039,0.9768642574,per-arm; multiplies the scaled part
infantry,coalition,RF,faction modifier ntw3_tow_b03_x8_041,1,per-arm; multiplies the scaled part
infantry,coalition,RF,faction modifier ntw3_tow_b03_x8_042,1.010737894,per-arm; multiplies the scaled part
infantry,coalition,RF,faction modifier ntw3_tow_b03_x8_043,1.022412573,per-arm; multiplies the scaled part
infantry,coalition,RF,faction modifier ntw3_tow_b04_x8_015,0.8049102079,per-arm; multiplies the scaled part
infantry,coalition,RF,faction modifier ntw3_tow_b04_x8_016,0.9773874355,per-arm; multiplies the scaled part
infantry,coalition,RF,faction modifier ntw3_tow_b05_x8_006,1.026110854,per-arm; multiplies the scaled part
infantry,coalition,RF,faction modifier ntw3_tow_b05_x8_007,1.016802167,per-arm; multiplies the scaled part
infantry,coalition,RF,faction modifier ntw3_tow_b06_x8_008,1.00837851,per-arm; multiplies the scaled part
infantry,coalition,RF,faction modifier ntw3_tow_b06_x8_009,1.068895414,per-arm; multiplies the scaled part
infantry,coalition,RF,faction modifier ntw3_tow_b07_x8_018,1.038822858,per-arm; multiplies the scaled part
infantry,coalition,RF,faction modifier ntw3_tow_b08_x8_044,0.966912091,per-arm; multiplies the scaled part
infantry,coalition,RF,faction modifier ntw3_tow_b08_x8_045,1.016026587,per-arm; multiplies the scaled part
infantry,coalition,RF,faction modifier ntw3_tow_b08_x8_046,1.08765477,per-arm; multiplies the scaled part
infantry,coalition,RF,faction modifier ntw3_tow_b09_x8_019,0.9897905085,per-arm; multiplies the scaled part
infantry,coalition,RF,faction modifier ntw3_tow_b09_x8_020,0.9520485244,per-arm; multiplies the scaled part
infantry,coalition,RF,faction modifier ntw3_tow_b10_x8_026,0.9704162738,per-arm; multiplies the scaled part
infantry,coalition,RF,faction modifier ntw3_tow_b11_x8_013,1.008465656,per-arm; multiplies the scaled part
infantry,coalition,RF,faction modifier ntw3_tow_b11_x8_014,0.9652878046,per-arm; multiplies the scaled part
infantry,coalition,RF,faction modifier ntw3_tow_b12_x8_011,0.9696785949,per-arm; multiplies the scaled part
infantry,coalition,RF,faction modifier ntw3_tow_b12_x8_012,1.037617999,per-arm; multiplies the scaled part
infantry,coalition,RF,faction modifier ntw3_tow_b13_x8_049,0.9037788527,per-arm; multiplies the scaled part
infantry,coalition,RF,faction modifier ntw3_tow_b13_x8_050,1.006391043,per-arm; multiplies the scaled part
infantry,coalition,RF,faction modifier ntw3_tow_b14_x8_031,0.9902502269,per-arm; multiplies the scaled part
infantry,coalition,RF,faction modifier ntw3_tow_b15_x8_052,1.067379241,per-arm; multiplies the scaled part
infantry,coalition,RF,faction modifier ntw3_tow_b15_x8_053,0.9372073948,per-arm; multiplies the scaled part
infantry,coalition,RF,faction modifier ntw3_tow_b17_x8_055,1.000129586,per-arm; multiplies the scaled part
infantry,coalition,RF,faction modifier ntw3_tow_b17_x8_056,0.9668460131,per-arm; multiplies the scaled part
infantry,coalition,RF,faction modifier ntw3_tow_b17_x8_057,1.035141513,per-arm; multiplies the scaled part
infantry,coalition,RF,faction modifier piedmont_savoy,0.9701674239,per-arm; multiplies the scaled part
infantry,coalition,FC,size,n,models = men_raw/2
infantry,coalition,FC,size power p,1.09,price ∝ size^p
infantry,coalition,FC,shape fire,range,how shooting / firearm / calibre enter β·x (see SHAPE_DEFAULTS)
infantry,coalition,FC,shape cal,full,how shooting / firearm / calibre enter β·x (see SHAPE_DEFAULTS)
infantry,coalition,FC,shape shoot,additive,how shooting / firearm / calibre enter β·x (see SHAPE_DEFAULTS)
infantry,coalition,FC,shape cal_df,3,how shooting / firearm / calibre enter β·x (see SHAPE_DEFAULTS)
infantry,coalition,FC,shape shot,onehot,how shooting / firearm / calibre enter β·x (see SHAPE_DEFAULTS)
infantry,coalition,FC,stat power accuracy,0.05,the β column is (stat / 100)^power
infantry,coalition,FC,stat power ammo,0.05,the β column is (stat / 100)^power
infantry,coalition,FC,stat power charge_bonus,0.05,the β column is (stat / 100)^power
infantry,coalition,FC,stat power melee_attack,1.4,the β column is (stat / 100)^power
infantry,coalition,FC,stat power melee_defense,1.15,the β column is (stat / 100)^power
infantry,coalition,FC,stat power morale,2.25,the β column is (stat / 100)^power
infantry,coalition,FC,stat power range,4,the β column is (stat / 100)^power
infantry,coalition,FC,stat power reload_skill,3.1,the β column is (stat / 100)^power
infantry,coalition,FC,(intercept: per-size constant b0),3.608203565,"β·x + [—] × models^1.09 × fclass stat powers: accuracy^0.05, ammo^0.05, charge_bonus^0.05, melee_attack^1.4, melee_defense^1.15, morale^2.25, range^4, reload_skill^3.1 rating fixed (8/N) κ=1 | reference levels: unit_class=infantry_line; speed=L3"
infantry,coalition,FC,accuracy,9.220594227,gold per size unit^p
infantry,coalition,FC,reload_skill,1.53232732,gold per size unit^p
infantry,coalition,FC,ammo,0.3418503982,gold per size unit^p
infantry,coalition,FC,morale,120.9539122,gold per size unit^p
infantry,coalition,FC,melee_attack,14.3171559,gold per size unit^p
infantry,coalition,FC,melee_defense,5.065872254,gold per size unit^p
infantry,coalition,FC,charge_bonus,-3.912234422,gold per size unit^p
infantry,coalition,FC,range,0.0213725845,gold per size unit^p
infantry,coalition,FC,has_range,-8.589079122,gold per size unit^p
infantry,coalition,FC,can_form_square,0.3031192057,gold per size unit^p
infantry,coalition,FC,has_stamina,0.1809859932,gold per size unit^p
infantry,coalition,FC,is_shock_resistant,0.2328651326,gold per size unit^p
infantry,coalition,FC,can_inspire,0.4915284465,gold per size unit^p
infantry,coalition,FC,has_guerrilla_deployment,1.911423767,gold per size unit^p
infantry,coalition,FC,can_place_stakes,0.04877837578,gold per size unit^p
infantry,coalition,FC,can_place_mines,-0.2973380393,gold per size unit^p
infantry,coalition,FC,guard_mode,-0.06463847052,gold per size unit^p
infantry,coalition,FC,can_snipe,2.180390284,gold per size unit^p
infantry,coalition,FC,unit_class=infantry_grenadiers,-0.03410360431,gold per size unit^p
infantry,coalition,FC,unit_class=infantry_irregulars,-0.03412657403,gold per size unit^p
infantry,coalition,FC,unit_class=infantry_light,-0.08350043801,gold per size unit^p
infantry,coalition,FC,unit_class=infantry_militia,-0.003869523956,gold per size unit^p
infantry,coalition,FC,speed=G1,-0.2771429701,gold per size unit^p
infantry,coalition,FC,speed=G2,-0.160228265,gold per size unit^p
infantry,coalition,FC,speed=G3,0.08689183385,gold per size unit^p
infantry,coalition,FC,speed=G4,0.407656638,gold per size unit^p
infantry,coalition,FC,speed=G5,0.8050409296,gold per size unit^p
infantry,coalition,FC,speed=G6,1.178193225,gold per size unit^p
infantry,coalition,FC,speed=L1,-0.2166170139,gold per size unit^p
infantry,coalition,FC,speed=L2,-0.1586739785,gold per size unit^p
infantry,coalition,FC,speed=L4,0.195780731,gold per size unit^p
infantry,coalition,FC,speed=L5,0.4737054865,gold per size unit^p
infantry,coalition,FC,speed=L6,0.7645966614,gold per size unit^p
infantry,coalition,FC,speed=S1,-1.396647077,gold per size unit^p
infantry,coalition,FC,speed=S2,-0.1987595011,gold per size unit^p
infantry,coalition,FC,speed=S3,1.948442656,gold per size unit^p
infantry,coalition,FC,rating divisor,8/rating,fixed; scales the β part like a multiplier
infantry,coalition,FC,multiplier fclass=britain|infantry_light,1.030880302,"ridge κ = 1, no reference (unseen cell → 1)"
infantry,coalition,FC,multiplier fclass=britain|infantry_line,1.006178316,"ridge κ = 1, no reference (unseen cell → 1)"
infantry,coalition,FC,multiplier fclass=britain|infantry_skirmishers,0.8499922059,"ridge κ = 1, no reference (unseen cell → 1)"
infantry,coalition,FC,multiplier fclass=ntw3_hre|infantry_grenadiers,1.129284991,"ridge κ = 1, no reference (unseen cell → 1)"
infantry,coalition,FC,multiplier fclass=ntw3_hre|infantry_irregulars,1.129681346,"ridge κ = 1, no reference (unseen cell → 1)"
infantry,coalition,FC,multiplier fclass=ntw3_hre|infantry_light,0.9456221504,"ridge κ = 1, no reference (unseen cell → 1)"
infantry,coalition,FC,multiplier fclass=ntw3_hre|infantry_line,0.9960736615,"ridge κ = 1, no reference (unseen cell → 1)"
infantry,coalition,FC,multiplier fclass=ntw3_hre|infantry_militia,1.00758527,"ridge κ = 1, no reference (unseen cell → 1)"
infantry,coalition,FC,multiplier fclass=ntw3_hre|infantry_skirmishers,1.171666137,"ridge κ = 1, no reference (unseen cell → 1)"
infantry,coalition,FC,multiplier fclass=ntw3_tow_b03_x8_039|infantry_grenadiers,0.9147670868,"ridge κ = 1, no reference (unseen cell → 1)"
infantry,coalition,FC,multiplier fclass=ntw3_tow_b03_x8_039|infantry_light,0.9861448149,"ridge κ = 1, no reference (unseen cell → 1)"
infantry,coalition,FC,multiplier fclass=ntw3_tow_b03_x8_039|infantry_line,1.016988594,"ridge κ = 1, no reference (unseen cell → 1)"
infantry,coalition,FC,multiplier fclass=ntw3_tow_b03_x8_039|infantry_skirmishers,0.9666797952,"ridge κ = 1, no reference (unseen cell → 1)"
infantry,coalition,FC,multiplier fclass=ntw3_tow_b03_x8_041|infantry_grenadiers,1.000625144,"ridge κ = 1, no reference (unseen cell → 1)"
infantry,coalition,FC,multiplier fclass=ntw3_tow_b03_x8_041|infantry_light,0.9587008509,"ridge κ = 1, no reference (unseen cell → 1)"
infantry,coalition,FC,multiplier fclass=ntw3_tow_b03_x8_041|infantry_line,0.7654192966,"ridge κ = 1, no reference (unseen cell → 1)"
infantry,coalition,FC,multiplier fclass=ntw3_tow_b03_x8_041|infantry_militia,0.9727384998,"ridge κ = 1, no reference (unseen cell → 1)"
infantry,coalition,FC,multiplier fclass=ntw3_tow_b03_x8_041|infantry_skirmishers,0.9738485288,"ridge κ = 1, no reference (unseen cell → 1)"
infantry,coalition,FC,multiplier fclass=ntw3_tow_b03_x8_042|infantry_grenadiers,0.9616142215,"ridge κ = 1, no reference (unseen cell → 1)"
infantry,coalition,FC,multiplier fclass=ntw3_tow_b03_x8_042|infantry_irregulars,1.039010434,"ridge κ = 1, no reference (unseen cell → 1)"
infantry,coalition,FC,multiplier fclass=ntw3_tow_b03_x8_042|infantry_light,1.06971107,"ridge κ = 1, no reference (unseen cell → 1)"
infantry,coalition,FC,multiplier fclass=ntw3_tow_b03_x8_042|infantry_line,1.008329973,"ridge κ = 1, no reference (unseen cell → 1)"
infantry,coalition,FC,multiplier fclass=ntw3_tow_b03_x8_042|infantry_militia,1.00946236,"ridge κ = 1, no reference (unseen cell → 1)"
infantry,coalition,FC,multiplier fclass=ntw3_tow_b03_x8_042|infantry_skirmishers,1.179989382,"ridge κ = 1, no reference (unseen cell → 1)"
infantry,coalition,FC,multiplier fclass=ntw3_tow_b03_x8_043|infantry_grenadiers,0.9722110743,"ridge κ = 1, no reference (unseen cell → 1)"
infantry,coalition,FC,multiplier fclass=ntw3_tow_b03_x8_043|infantry_light,1.019750094,"ridge κ = 1, no reference (unseen cell → 1)"
infantry,coalition,FC,multiplier fclass=ntw3_tow_b03_x8_043|infantry_line,1.02544965,"ridge κ = 1, no reference (unseen cell → 1)"
infantry,coalition,FC,multiplier fclass=ntw3_tow_b03_x8_043|infantry_skirmishers,0.9582663323,"ridge κ = 1, no reference (unseen cell → 1)"
infantry,coalition,FC,multiplier fclass=ntw3_tow_b04_x8_015|infantry_grenadiers,0.9748983358,"ridge κ = 1, no reference (unseen cell → 1)"
infantry,coalition,FC,multiplier fclass=ntw3_tow_b04_x8_015|infantry_irregulars,0.8539721963,"ridge κ = 1, no reference (unseen cell → 1)"
infantry,coalition,FC,multiplier fclass=ntw3_tow_b04_x8_015|infantry_line,0.7958219687,"ridge κ = 1, no reference (unseen cell → 1)"
infantry,coalition,FC,multiplier fclass=ntw3_tow_b04_x8_015|infantry_militia,1.0090485,"ridge κ = 1, no reference (unseen cell → 1)"
infantry,coalition,FC,multiplier fclass=ntw3_tow_b04_x8_015|infantry_skirmishers,0.8414691819,"ridge κ = 1, no reference (unseen cell → 1)"
infantry,coalition,FC,multiplier fclass=ntw3_tow_b04_x8_016|infantry_grenadiers,1.008910954,"ridge κ = 1, no reference (unseen cell → 1)"
infantry,coalition,FC,multiplier fclass=ntw3_tow_b04_x8_016|infantry_irregulars,1.065089015,"ridge κ = 1, no reference (unseen cell → 1)"
infantry,coalition,FC,multiplier fclass=ntw3_tow_b04_x8_016|infantry_light,0.9949381916,"ridge κ = 1, no reference (unseen cell → 1)"
infantry,coalition,FC,multiplier fclass=ntw3_tow_b04_x8_016|infantry_line,0.9653063553,"ridge κ = 1, no reference (unseen cell → 1)"
infantry,coalition,FC,multiplier fclass=ntw3_tow_b04_x8_016|infantry_militia,0.9781371868,"ridge κ = 1, no reference (unseen cell → 1)"
infantry,coalition,FC,multiplier fclass=ntw3_tow_b04_x8_016|infantry_skirmishers,0.9462644765,"ridge κ = 1, no reference (unseen cell → 1)"
infantry,coalition,FC,multiplier fclass=ntw3_tow_b05_x8_006|infantry_grenadiers,1.081821576,"ridge κ = 1, no reference (unseen cell → 1)"
infantry,coalition,FC,multiplier fclass=ntw3_tow_b05_x8_006|infantry_irregulars,1.017985673,"ridge κ = 1, no reference (unseen cell → 1)"
infantry,coalition,FC,multiplier fclass=ntw3_tow_b05_x8_006|infantry_light,0.9555908381,"ridge κ = 1, no reference (unseen cell → 1)"
infantry,coalition,FC,multiplier fclass=ntw3_tow_b05_x8_006|infantry_line,0.9794050121,"ridge κ = 1, no reference (unseen cell → 1)"
infantry,coalition,FC,multiplier fclass=ntw3_tow_b05_x8_006|infantry_skirmishers,1.077525495,"ridge κ = 1, no reference (unseen cell → 1)"
infantry,coalition,FC,multiplier fclass=ntw3_tow_b05_x8_007|infantry_grenadiers,1.021888383,"ridge κ = 1, no reference (unseen cell → 1)"
infantry,coalition,FC,multiplier fclass=ntw3_tow_b05_x8_007|infantry_light,1.044985059,"ridge κ = 1, no reference (unseen cell → 1)"
infantry,coalition,FC,multiplier fclass=ntw3_tow_b05_x8_007|infantry_line,1.005806264,"ridge κ = 1, no reference (unseen cell → 1)"
infantry,coalition,FC,multiplier fclass=ntw3_tow_b05_x8_007|infantry_militia,0.9842397655,"ridge κ = 1, no reference (unseen cell → 1)"
infantry,coalition,FC,multiplier fclass=ntw3_tow_b05_x8_007|infantry_skirmishers,1.03146708,"ridge κ = 1, no reference (unseen cell → 1)"
infantry,coalition,FC,multiplier fclass=ntw3_tow_b06_x8_008|infantry_grenadiers,1.047510432,"ridge κ = 1, no reference (unseen cell → 1)"
infantry,coalition,FC,multiplier fclass=ntw3_tow_b06_x8_008|infantry_light,1.038807982,"ridge κ = 1, no reference (unseen cell → 1)"
infantry,coalition,FC,multiplier fclass=ntw3_tow_b06_x8_008|infantry_line,0.9375462268,"ridge κ = 1, no reference (unseen cell → 1)"
infantry,coalition,FC,multiplier fclass=ntw3_tow_b06_x8_008|infantry_militia,1.011006221,"ridge κ = 1, no reference (unseen cell → 1)"
infantry,coalition,FC,multiplier fclass=ntw3_tow_b06_x8_008|infantry_skirmishers,0.959971027,"ridge κ = 1, no reference (unseen cell → 1)"
infantry,coalition,FC,multiplier fclass=ntw3_tow_b06_x8_009|infantry_grenadiers,1.217879157,"ridge κ = 1, no reference (unseen cell → 1)"
infantry,coalition,FC,multiplier fclass=ntw3_tow_b06_x8_009|infantry_light,0.9945072607,"ridge κ = 1, no reference (unseen cell → 1)"
infantry,coalition,FC,multiplier fclass=ntw3_tow_b06_x8_009|infantry_line,0.9136600348,"ridge κ = 1, no reference (unseen cell → 1)"
infantry,coalition,FC,multiplier fclass=ntw3_tow_b06_x8_009|infantry_skirmishers,1.072611201,"ridge κ = 1, no reference (unseen cell → 1)"
infantry,coalition,FC,multiplier fclass=ntw3_tow_b07_x8_018|infantry_grenadiers,1.023248925,"ridge κ = 1, no reference (unseen cell → 1)"
infantry,coalition,FC,multiplier fclass=ntw3_tow_b07_x8_018|infantry_light,0.9068063006,"ridge κ = 1, no reference (unseen cell → 1)"
infantry,coalition,FC,multiplier fclass=ntw3_tow_b07_x8_018|infantry_line,1.00080899,"ridge κ = 1, no reference (unseen cell → 1)"
infantry,coalition,FC,multiplier fclass=ntw3_tow_b07_x8_018|infantry_militia,1.010470329,"ridge κ = 1, no reference (unseen cell → 1)"
infantry,coalition,FC,multiplier fclass=ntw3_tow_b07_x8_018|infantry_skirmishers,1.272756258,"ridge κ = 1, no reference (unseen cell → 1)"
infantry,coalition,FC,multiplier fclass=ntw3_tow_b08_x8_044|infantry_grenadiers,0.9373057702,"ridge κ = 1, no reference (unseen cell → 1)"
infantry,coalition,FC,multiplier fclass=ntw3_tow_b08_x8_044|infantry_irregulars,0.9799265154,"ridge κ = 1, no reference (unseen cell → 1)"
infantry,coalition,FC,multiplier fclass=ntw3_tow_b08_x8_044|infantry_light,1.027935731,"ridge κ = 1, no reference (unseen cell → 1)"
infantry,coalition,FC,multiplier fclass=ntw3_tow_b08_x8_044|infantry_line,0.9861406668,"ridge κ = 1, no reference (unseen cell → 1)"
infantry,coalition,FC,multiplier fclass=ntw3_tow_b08_x8_044|infantry_militia,1.038490932,"ridge κ = 1, no reference (unseen cell → 1)"
infantry,coalition,FC,multiplier fclass=ntw3_tow_b08_x8_044|infantry_skirmishers,1.026221295,"ridge κ = 1, no reference (unseen cell → 1)"
infantry,coalition,FC,multiplier fclass=ntw3_tow_b08_x8_045|infantry_light,0.9889624607,"ridge κ = 1, no reference (unseen cell → 1)"
infantry,coalition,FC,multiplier fclass=ntw3_tow_b08_x8_045|infantry_line,0.995504271,"ridge κ = 1, no reference (unseen cell → 1)"
infantry,coalition,FC,multiplier fclass=ntw3_tow_b08_x8_045|infantry_skirmishers,1.022891654,"ridge κ = 1, no reference (unseen cell → 1)"
infantry,coalition,FC,multiplier fclass=ntw3_tow_b08_x8_046|infantry_grenadiers,1.062519307,"ridge κ = 1, no reference (unseen cell → 1)"
infantry,coalition,FC,multiplier fclass=ntw3_tow_b08_x8_046|infantry_irregulars,1,"ridge κ = 1, no reference (unseen cell → 1)"
infantry,coalition,FC,multiplier fclass=ntw3_tow_b08_x8_046|infantry_light,0.9477001071,"ridge κ = 1, no reference (unseen cell → 1)"
infantry,coalition,FC,multiplier fclass=ntw3_tow_b08_x8_046|infantry_line,1.011870866,"ridge κ = 1, no reference (unseen cell → 1)"
infantry,coalition,FC,multiplier fclass=ntw3_tow_b08_x8_046|infantry_militia,0.7603191069,"ridge κ = 1, no reference (unseen cell → 1)"
infantry,coalition,FC,multiplier fclass=ntw3_tow_b08_x8_046|infantry_skirmishers,1.209757962,"ridge κ = 1, no reference (unseen cell → 1)"
infantry,coalition,FC,multiplier fclass=ntw3_tow_b09_x8_019|infantry_grenadiers,0.953408236,"ridge κ = 1, no reference (unseen cell → 1)"
infantry,coalition,FC,multiplier fclass=ntw3_tow_b09_x8_019|infantry_irregulars,0.659374283,"ridge κ = 1, no reference (unseen cell → 1)"
infantry,coalition,FC,multiplier fclass=ntw3_tow_b09_x8_019|infantry_light,1.052365523,"ridge κ = 1, no reference (unseen cell → 1)"
infantry,coalition,FC,multiplier fclass=ntw3_tow_b09_x8_019|infantry_line,1.010254642,"ridge κ = 1, no reference (unseen cell → 1)"
infantry,coalition,FC,multiplier fclass=ntw3_tow_b09_x8_019|infantry_militia,0.966517785,"ridge κ = 1, no reference (unseen cell → 1)"
infantry,coalition,FC,multiplier fclass=ntw3_tow_b09_x8_019|infantry_skirmishers,0.9711666047,"ridge κ = 1, no reference (unseen cell → 1)"
infantry,coalition,FC,multiplier fclass=ntw3_tow_b09_x8_020|infantry_grenadiers,0.9320596961,"ridge κ = 1, no reference (unseen cell → 1)"
infantry,coalition,FC,multiplier fclass=ntw3_tow_b09_x8_020|infantry_light,0.9571010209,"ridge κ = 1, no reference (unseen cell → 1)"
infantry,coalition,FC,multiplier fclass=ntw3_tow_b09_x8_020|infantry_line,0.9380150937,"ridge κ = 1, no reference (unseen cell → 1)"
infantry,coalition,FC,multiplier fclass=ntw3_tow_b09_x8_020|infantry_militia,1.00858609,"ridge κ = 1, no reference (unseen cell → 1)"
infantry,coalition,FC,multiplier fclass=ntw3_tow_b09_x8_020|infantry_skirmishers,0.9534481779,"ridge κ = 1, no reference (unseen cell → 1)"
infantry,coalition,FC,multiplier fclass=ntw3_tow_b10_x8_026|infantry_grenadiers,1.041936683,"ridge κ = 1, no reference (unseen cell → 1)"
infantry,coalition,FC,multiplier fclass=ntw3_tow_b10_x8_026|infantry_irregulars,0.8189512208,"ridge κ = 1, no reference (unseen cell → 1)"
infantry,coalition,FC,multiplier fclass=ntw3_tow_b10_x8_026|infantry_light,0.9818545966,"ridge κ = 1, no reference (unseen cell → 1)"
infantry,coalition,FC,multiplier fclass=ntw3_tow_b10_x8_026|infantry_line,0.9480424518,"ridge κ = 1, no reference (unseen cell → 1)"
infantry,coalition,FC,multiplier fclass=ntw3_tow_b10_x8_026|infantry_militia,0.9828159405,"ridge κ = 1, no reference (unseen cell → 1)"
infantry,coalition,FC,multiplier fclass=ntw3_tow_b10_x8_026|infantry_skirmishers,0.9481934425,"ridge κ = 1, no reference (unseen cell → 1)"
infantry,coalition,FC,multiplier fclass=ntw3_tow_b11_x8_013|infantry_grenadiers,0.9813533518,"ridge κ = 1, no reference (unseen cell → 1)"
infantry,coalition,FC,multiplier fclass=ntw3_tow_b11_x8_013|infantry_light,1.021983267,"ridge κ = 1, no reference (unseen cell → 1)"
infantry,coalition,FC,multiplier fclass=ntw3_tow_b11_x8_013|infantry_line,0.9824455229,"ridge κ = 1, no reference (unseen cell → 1)"
infantry,coalition,FC,multiplier fclass=ntw3_tow_b11_x8_013|infantry_militia,1.086939605,"ridge κ = 1, no reference (unseen cell → 1)"
infantry,coalition,FC,multiplier fclass=ntw3_tow_b11_x8_013|infantry_skirmishers,0.955009472,"ridge κ = 1, no reference (unseen cell → 1)"
infantry,coalition,FC,multiplier fclass=ntw3_tow_b11_x8_014|infantry_irregulars,0.8064627906,"ridge κ = 1, no reference (unseen cell → 1)"
infantry,coalition,FC,multiplier fclass=ntw3_tow_b11_x8_014|infantry_skirmishers,0.9570377623,"ridge κ = 1, no reference (unseen cell → 1)"
infantry,coalition,FC,multiplier fclass=ntw3_tow_b12_x8_011|infantry_grenadiers,0.9340022493,"ridge κ = 1, no reference (unseen cell → 1)"
infantry,coalition,FC,multiplier fclass=ntw3_tow_b12_x8_011|infantry_light,0.9886406159,"ridge κ = 1, no reference (unseen cell → 1)"
infantry,coalition,FC,multiplier fclass=ntw3_tow_b12_x8_011|infantry_line,0.9471920435,"ridge κ = 1, no reference (unseen cell → 1)"
infantry,coalition,FC,multiplier fclass=ntw3_tow_b12_x8_011|infantry_militia,1.036166968,"ridge κ = 1, no reference (unseen cell → 1)"
infantry,coalition,FC,multiplier fclass=ntw3_tow_b12_x8_011|infantry_skirmishers,1.009858477,"ridge κ = 1, no reference (unseen cell → 1)"
infantry,coalition,FC,multiplier fclass=ntw3_tow_b12_x8_012|infantry_grenadiers,1.072399906,"ridge κ = 1, no reference (unseen cell → 1)"
infantry,coalition,FC,multiplier fclass=ntw3_tow_b12_x8_012|infantry_light,0.977016464,"ridge κ = 1, no reference (unseen cell → 1)"
infantry,coalition,FC,multiplier fclass=ntw3_tow_b12_x8_012|infantry_line,1.010586757,"ridge κ = 1, no reference (unseen cell → 1)"
infantry,coalition,FC,multiplier fclass=ntw3_tow_b12_x8_012|infantry_militia,0.9699232689,"ridge κ = 1, no reference (unseen cell → 1)"
infantry,coalition,FC,multiplier fclass=ntw3_tow_b12_x8_012|infantry_skirmishers,1.085221356,"ridge κ = 1, no reference (unseen cell → 1)"
infantry,coalition,FC,multiplier fclass=ntw3_tow_b13_x8_049|infantry_grenadiers,1.023650403,"ridge κ = 1, no reference (unseen cell → 1)"
infantry,coalition,FC,multiplier fclass=ntw3_tow_b13_x8_049|infantry_light,0.8595917965,"ridge κ = 1, no reference (unseen cell → 1)"
infantry,coalition,FC,multiplier fclass=ntw3_tow_b13_x8_049|infantry_line,0.8352217102,"ridge κ = 1, no reference (unseen cell → 1)"
infantry,coalition,FC,multiplier fclass=ntw3_tow_b13_x8_049|infantry_skirmishers,1.024258101,"ridge κ = 1, no reference (unseen cell → 1)"
infantry,coalition,FC,multiplier fclass=ntw3_tow_b13_x8_050|infantry_grenadiers,0.9813877291,"ridge κ = 1, no reference (unseen cell → 1)"
infantry,coalition,FC,multiplier fclass=ntw3_tow_b13_x8_050|infantry_irregulars,0.8520430115,"ridge κ = 1, no reference (unseen cell → 1)"
infantry,coalition,FC,multiplier fclass=ntw3_tow_b13_x8_050|infantry_light,0.9814317974,"ridge κ = 1, no reference (unseen cell → 1)"
infantry,coalition,FC,multiplier fclass=ntw3_tow_b13_x8_050|infantry_line,0.9832382695,"ridge κ = 1, no reference (unseen cell → 1)"
infantry,coalition,FC,multiplier fclass=ntw3_tow_b13_x8_050|infantry_militia,1.001418191,"ridge κ = 1, no reference (unseen cell → 1)"
infantry,coalition,FC,multiplier fclass=ntw3_tow_b13_x8_050|infantry_skirmishers,1.057193677,"ridge κ = 1, no reference (unseen cell → 1)"
infantry,coalition,FC,multiplier fclass=ntw3_tow_b14_x8_031|infantry_grenadiers,1.026583705,"ridge κ = 1, no reference (unseen cell → 1)"
infantry,coalition,FC,multiplier fclass=ntw3_tow_b14_x8_031|infantry_irregulars,1.035841709,"ridge κ = 1, no reference (unseen cell → 1)"
infantry,coalition,FC,multiplier fclass=ntw3_tow_b14_x8_031|infantry_light,0.8673910321,"ridge κ = 1, no reference (unseen cell → 1)"
infantry,coalition,FC,multiplier fclass=ntw3_tow_b14_x8_031|infantry_line,0.9004748803,"ridge κ = 1, no reference (unseen cell → 1)"
infantry,coalition,FC,multiplier fclass=ntw3_tow_b14_x8_031|infantry_militia,1.004638056,"ridge κ = 1, no reference (unseen cell → 1)"
infantry,coalition,FC,multiplier fclass=ntw3_tow_b14_x8_031|infantry_skirmishers,1.091126644,"ridge κ = 1, no reference (unseen cell → 1)"
infantry,coalition,FC,multiplier fclass=ntw3_tow_b15_x8_052|infantry_grenadiers,0.9794235584,"ridge κ = 1, no reference (unseen cell → 1)"
infantry,coalition,FC,multiplier fclass=ntw3_tow_b15_x8_052|infantry_irregulars,0.7883829039,"ridge κ = 1, no reference (unseen cell → 1)"
infantry,coalition,FC,multiplier fclass=ntw3_tow_b15_x8_052|infantry_light,1.042164799,"ridge κ = 1, no reference (unseen cell → 1)"
infantry,coalition,FC,multiplier fclass=ntw3_tow_b15_x8_052|infantry_line,0.9292881124,"ridge κ = 1, no reference (unseen cell → 1)"
infantry,coalition,FC,multiplier fclass=ntw3_tow_b15_x8_052|infantry_militia,1.00610586,"ridge κ = 1, no reference (unseen cell → 1)"
infantry,coalition,FC,multiplier fclass=ntw3_tow_b15_x8_052|infantry_skirmishers,1.379094127,"ridge κ = 1, no reference (unseen cell → 1)"
infantry,coalition,FC,multiplier fclass=ntw3_tow_b15_x8_053|infantry_grenadiers,1.021886212,"ridge κ = 1, no reference (unseen cell → 1)"
infantry,coalition,FC,multiplier fclass=ntw3_tow_b15_x8_053|infantry_irregulars,0.9992615243,"ridge κ = 1, no reference (unseen cell → 1)"
infantry,coalition,FC,multiplier fclass=ntw3_tow_b15_x8_053|infantry_light,1.010256027,"ridge κ = 1, no reference (unseen cell → 1)"
infantry,coalition,FC,multiplier fclass=ntw3_tow_b15_x8_053|infantry_line,0.9057672136,"ridge κ = 1, no reference (unseen cell → 1)"
infantry,coalition,FC,multiplier fclass=ntw3_tow_b15_x8_053|infantry_militia,0.9825254099,"ridge κ = 1, no reference (unseen cell → 1)"
infantry,coalition,FC,multiplier fclass=ntw3_tow_b15_x8_053|infantry_skirmishers,0.9339785838,"ridge κ = 1, no reference (unseen cell → 1)"
infantry,coalition,FC,multiplier fclass=ntw3_tow_b17_x8_055|infantry_grenadiers,1.034369643,"ridge κ = 1, no reference (unseen cell → 1)"
infantry,coalition,FC,multiplier fclass=ntw3_tow_b17_x8_055|infantry_irregulars,1.022104811,"ridge κ = 1, no reference (unseen cell → 1)"
infantry,coalition,FC,multiplier fclass=ntw3_tow_b17_x8_055|infantry_light,0.9163535026,"ridge κ = 1, no reference (unseen cell → 1)"
infantry,coalition,FC,multiplier fclass=ntw3_tow_b17_x8_055|infantry_line,1.006599621,"ridge κ = 1, no reference (unseen cell → 1)"
infantry,coalition,FC,multiplier fclass=ntw3_tow_b17_x8_055|infantry_militia,1.00669038,"ridge κ = 1, no reference (unseen cell → 1)"
infantry,coalition,FC,multiplier fclass=ntw3_tow_b17_x8_055|infantry_skirmishers,1.102767708,"ridge κ = 1, no reference (unseen cell → 1)"
infantry,coalition,FC,multiplier fclass=ntw3_tow_b17_x8_056|infantry_grenadiers,0.9680620964,"ridge κ = 1, no reference (unseen cell → 1)"
infantry,coalition,FC,multiplier fclass=ntw3_tow_b17_x8_056|infantry_light,0.964523027,"ridge κ = 1, no reference (unseen cell → 1)"
infantry,coalition,FC,multiplier fclass=ntw3_tow_b17_x8_056|infantry_line,0.9529218892,"ridge κ = 1, no reference (unseen cell → 1)"
infantry,coalition,FC,multiplier fclass=ntw3_tow_b17_x8_056|infantry_militia,1.002655728,"ridge κ = 1, no reference (unseen cell → 1)"
infantry,coalition,FC,multiplier fclass=ntw3_tow_b17_x8_056|infantry_skirmishers,1.04037456,"ridge κ = 1, no reference (unseen cell → 1)"
infantry,coalition,FC,multiplier fclass=ntw3_tow_b17_x8_057|infantry_grenadiers,1.009124423,"ridge κ = 1, no reference (unseen cell → 1)"
infantry,coalition,FC,multiplier fclass=ntw3_tow_b17_x8_057|infantry_light,1.030908733,"ridge κ = 1, no reference (unseen cell → 1)"
infantry,coalition,FC,multiplier fclass=ntw3_tow_b17_x8_057|infantry_line,1.006153622,"ridge κ = 1, no reference (unseen cell → 1)"
infantry,coalition,FC,multiplier fclass=ntw3_tow_b17_x8_057|infantry_skirmishers,1.032284584,"ridge κ = 1, no reference (unseen cell → 1)"
infantry,coalition,FC,multiplier fclass=piedmont_savoy|infantry_grenadiers,0.9555467331,"ridge κ = 1, no reference (unseen cell → 1)"
infantry,coalition,FC,multiplier fclass=piedmont_savoy|infantry_light,0.7911756121,"ridge κ = 1, no reference (unseen cell → 1)"
infantry,coalition,FC,multiplier fclass=piedmont_savoy|infantry_line,0.9599928844,"ridge κ = 1, no reference (unseen cell → 1)"
infantry,coalition,FC,multiplier fclass=piedmont_savoy|infantry_militia,0.6854784791,"ridge κ = 1, no reference (unseen cell → 1)"
infantry,coalition,FC,multiplier fclass=piedmont_savoy|infantry_skirmishers,1.436729125,"ridge κ = 1, no reference (unseen cell → 1)"
infantry,merged,final,size,n,models = men_raw/2
infantry,merged,final,size power p,1.09,price ∝ size^p
infantry,merged,final,shape fire,range,how shooting / firearm / calibre enter β·x (see SHAPE_DEFAULTS)
infantry,merged,final,shape cal,full,how shooting / firearm / calibre enter β·x (see SHAPE_DEFAULTS)
infantry,merged,final,shape shoot,additive,how shooting / firearm / calibre enter β·x (see SHAPE_DEFAULTS)
infantry,merged,final,shape cal_df,3,how shooting / firearm / calibre enter β·x (see SHAPE_DEFAULTS)
infantry,merged,final,shape shot,onehot,how shooting / firearm / calibre enter β·x (see SHAPE_DEFAULTS)
infantry,merged,final,stat power accuracy,0.05,the β column is (stat / 100)^power
infantry,merged,final,stat power ammo,0.05,the β column is (stat / 100)^power
infantry,merged,final,stat power charge_bonus,0.05,the β column is (stat / 100)^power
infantry,merged,final,stat power melee_attack,1.4,the β column is (stat / 100)^power
infantry,merged,final,stat power melee_defense,1.15,the β column is (stat / 100)^power
infantry,merged,final,stat power morale,2.25,the β column is (stat / 100)^power
infantry,merged,final,stat power range,4,the β column is (stat / 100)^power
infantry,merged,final,stat power reload_skill,3.1,the β column is (stat / 100)^power
infantry,merged,final,(intercept: per-size constant b0),5.081644486,"β·x + [—] × models^1.09 × rating × side stat powers: accuracy^0.05, ammo^0.05, charge_bonus^0.05, melee_attack^1.4, melee_defense^1.15, morale^2.25, range^4, reload_skill^3.1 | reference levels: unit_class=infantry_line; speed=L3"
infantry,merged,final,accuracy,10.90076549,gold per size unit^p
infantry,merged,final,reload_skill,1.40159206,gold per size unit^p
infantry,merged,final,ammo,0.1631912895,gold per size unit^p
infantry,merged,final,morale,106.4483465,gold per size unit^p
infantry,merged,final,melee_attack,15.48727391,gold per size unit^p
infantry,merged,final,melee_defense,3.690877477,gold per size unit^p
infantry,merged,final,charge_bonus,-5.52396643,gold per size unit^p
infantry,merged,final,range,0.08094158912,gold per size unit^p
infantry,merged,final,has_range,-10.0104802,gold per size unit^p
infantry,merged,final,can_form_square,0.3311492653,gold per size unit^p
infantry,merged,final,has_stamina,0.1777949127,gold per size unit^p
infantry,merged,final,is_shock_resistant,0.2223733316,gold per size unit^p
infantry,merged,final,can_inspire,0.5664769581,gold per size unit^p
infantry,merged,final,has_guerrilla_deployment,1.853817823,gold per size unit^p
infantry,merged,final,can_place_stakes,0.1417738476,gold per size unit^p
infantry,merged,final,can_place_mines,-0.4747088372,gold per size unit^p
infantry,merged,final,guard_mode,-0.09504899576,gold per size unit^p
infantry,merged,final,can_snipe,2.317374272,gold per size unit^p
infantry,merged,final,unit_class=infantry_grenadiers,0.1351479346,gold per size unit^p
infantry,merged,final,unit_class=infantry_irregulars,-0.2000260881,gold per size unit^p
infantry,merged,final,unit_class=infantry_light,-0.03561028141,gold per size unit^p
infantry,merged,final,unit_class=infantry_militia,-0.04808455238,gold per size unit^p
infantry,merged,final,speed=G1,-0.3212155026,gold per size unit^p
infantry,merged,final,speed=G2,-0.07703362953,gold per size unit^p
infantry,merged,final,speed=G3,0.06927137809,gold per size unit^p
infantry,merged,final,speed=G4,0.3637235828,gold per size unit^p
infantry,merged,final,speed=G5,0.7270106267,gold per size unit^p
infantry,merged,final,speed=G6,1.022940127,gold per size unit^p
infantry,merged,final,speed=L1,-0.1709814201,gold per size unit^p
infantry,merged,final,speed=L2,-0.1247530296,gold per size unit^p
infantry,merged,final,speed=L4,0.1526330816,gold per size unit^p
infantry,merged,final,speed=L5,0.3761657863,gold per size unit^p
infantry,merged,final,speed=L6,0.5581755726,gold per size unit^p
infantry,merged,final,speed=S1,-1.366657594,gold per size unit^p
infantry,merged,final,speed=S2,-0.2825754254,gold per size unit^p
infantry,merged,final,speed=S3,1.802248215,gold per size unit^p
infantry,merged,final,multiplier rating=10,0.8123074627,reference 8
infantry,merged,final,multiplier rating=11,0.7511066361,reference 8
infantry,merged,final,multiplier rating=12,0.662471763,reference 8
infantry,merged,final,multiplier rating=5,1.558620351,reference 8
infantry,merged,final,multiplier rating=6,1.333696193,reference 8
infantry,merged,final,multiplier rating=7,1.148425653,reference 8
infantry,merged,final,multiplier rating=8,1,reference 8
infantry,merged,final,multiplier rating=9,0.8989434094,reference 8
infantry,merged,final,multiplier side=coalition,1,reference coalition
infantry,merged,final,multiplier side=imperial,0.8797103487,reference coalition
infantry,merged,RF,size,n,models = men_raw/2
infantry,merged,RF,size power p,1.09,price ∝ size^p
infantry,merged,RF,shape fire,range,how shooting / firearm / calibre enter β·x (see SHAPE_DEFAULTS)
infantry,merged,RF,shape cal,full,how shooting / firearm / calibre enter β·x (see SHAPE_DEFAULTS)
infantry,merged,RF,shape shoot,additive,how shooting / firearm / calibre enter β·x (see SHAPE_DEFAULTS)
infantry,merged,RF,shape cal_df,3,how shooting / firearm / calibre enter β·x (see SHAPE_DEFAULTS)
infantry,merged,RF,shape shot,onehot,how shooting / firearm / calibre enter β·x (see SHAPE_DEFAULTS)
infantry,merged,RF,stat power accuracy,0.05,the β column is (stat / 100)^power
infantry,merged,RF,stat power ammo,0.05,the β column is (stat / 100)^power
infantry,merged,RF,stat power charge_bonus,0.05,the β column is (stat / 100)^power
infantry,merged,RF,stat power melee_attack,1.4,the β column is (stat / 100)^power
infantry,merged,RF,stat power melee_defense,1.15,the β column is (stat / 100)^power
infantry,merged,RF,stat power morale,2.25,the β column is (stat / 100)^power
infantry,merged,RF,stat power range,4,the β column is (stat / 100)^power
infantry,merged,RF,stat power reload_skill,3.1,the β column is (stat / 100)^power
infantry,merged,RF,(intercept: per-size constant b0),5.081644486,"β·x + [—] × models^1.09 × rating × side stat powers: accuracy^0.05, ammo^0.05, charge_bonus^0.05, melee_attack^1.4, melee_defense^1.15, morale^2.25, range^4, reload_skill^3.1 | reference levels: unit_class=infantry_line; speed=L3"
infantry,merged,RF,accuracy,10.90076549,gold per size unit^p
infantry,merged,RF,reload_skill,1.40159206,gold per size unit^p
infantry,merged,RF,ammo,0.1631912895,gold per size unit^p
infantry,merged,RF,morale,106.4483465,gold per size unit^p
infantry,merged,RF,melee_attack,15.48727391,gold per size unit^p
infantry,merged,RF,melee_defense,3.690877477,gold per size unit^p
infantry,merged,RF,charge_bonus,-5.52396643,gold per size unit^p
infantry,merged,RF,range,0.08094158912,gold per size unit^p
infantry,merged,RF,has_range,-10.0104802,gold per size unit^p
infantry,merged,RF,can_form_square,0.3311492653,gold per size unit^p
infantry,merged,RF,has_stamina,0.1777949127,gold per size unit^p
infantry,merged,RF,is_shock_resistant,0.2223733316,gold per size unit^p
infantry,merged,RF,can_inspire,0.5664769581,gold per size unit^p
infantry,merged,RF,has_guerrilla_deployment,1.853817823,gold per size unit^p
infantry,merged,RF,can_place_stakes,0.1417738476,gold per size unit^p
infantry,merged,RF,can_place_mines,-0.4747088372,gold per size unit^p
infantry,merged,RF,guard_mode,-0.09504899576,gold per size unit^p
infantry,merged,RF,can_snipe,2.317374272,gold per size unit^p
infantry,merged,RF,unit_class=infantry_grenadiers,0.1351479346,gold per size unit^p
infantry,merged,RF,unit_class=infantry_irregulars,-0.2000260881,gold per size unit^p
infantry,merged,RF,unit_class=infantry_light,-0.03561028141,gold per size unit^p
infantry,merged,RF,unit_class=infantry_militia,-0.04808455238,gold per size unit^p
infantry,merged,RF,speed=G1,-0.3212155026,gold per size unit^p
infantry,merged,RF,speed=G2,-0.07703362953,gold per size unit^p
infantry,merged,RF,speed=G3,0.06927137809,gold per size unit^p
infantry,merged,RF,speed=G4,0.3637235828,gold per size unit^p
infantry,merged,RF,speed=G5,0.7270106267,gold per size unit^p
infantry,merged,RF,speed=G6,1.022940127,gold per size unit^p
infantry,merged,RF,speed=L1,-0.1709814201,gold per size unit^p
infantry,merged,RF,speed=L2,-0.1247530296,gold per size unit^p
infantry,merged,RF,speed=L4,0.1526330816,gold per size unit^p
infantry,merged,RF,speed=L5,0.3761657863,gold per size unit^p
infantry,merged,RF,speed=L6,0.5581755726,gold per size unit^p
infantry,merged,RF,speed=S1,-1.366657594,gold per size unit^p
infantry,merged,RF,speed=S2,-0.2825754254,gold per size unit^p
infantry,merged,RF,speed=S3,1.802248215,gold per size unit^p
infantry,merged,RF,multiplier rating=10,0.8123074627,reference 8
infantry,merged,RF,multiplier rating=11,0.7511066361,reference 8
infantry,merged,RF,multiplier rating=12,0.662471763,reference 8
infantry,merged,RF,multiplier rating=5,1.558620351,reference 8
infantry,merged,RF,multiplier rating=6,1.333696193,reference 8
infantry,merged,RF,multiplier rating=7,1.148425653,reference 8
infantry,merged,RF,multiplier rating=8,1,reference 8
infantry,merged,RF,multiplier rating=9,0.8989434094,reference 8
infantry,merged,RF,multiplier side=coalition,1,reference coalition
infantry,merged,RF,multiplier side=imperial,0.8797103487,reference coalition
infantry,merged,RF,faction modifier britain,1.022488214,per-arm; multiplies the scaled part
infantry,merged,RF,faction modifier denmark,0.9436391147,per-arm; multiplies the scaled part
infantry,merged,RF,faction modifier france,1.022367682,per-arm; multiplies the scaled part
infantry,merged,RF,faction modifier ntw3_hre,1.096080356,per-arm; multiplies the scaled part
infantry,merged,RF,faction modifier ntw3_tow_a03_x8_032,0.9840165714,per-arm; multiplies the scaled part
infantry,merged,RF,faction modifier ntw3_tow_a03_x8_033,1.053939425,per-arm; multiplies the scaled part
infantry,merged,RF,faction modifier ntw3_tow_a03_x8_038,1.02638339,per-arm; multiplies the scaled part
infantry,merged,RF,faction modifier ntw3_tow_a03_x8_040,1.022652964,per-arm; multiplies the scaled part
infantry,merged,RF,faction modifier ntw3_tow_a04_x8_005,0.9776516633,per-arm; multiplies the scaled part
infantry,merged,RF,faction modifier ntw3_tow_a05_x8_001,0.9872735207,per-arm; multiplies the scaled part
infantry,merged,RF,faction modifier ntw3_tow_a05_x8_004,1.003970586,per-arm; multiplies the scaled part
infantry,merged,RF,faction modifier ntw3_tow_a06_x8_002,1.000000592,per-arm; multiplies the scaled part
infantry,merged,RF,faction modifier ntw3_tow_a08_x8_047,1.005938042,per-arm; multiplies the scaled part
infantry,merged,RF,faction modifier ntw3_tow_a09_x8_021,0.9970780099,per-arm; multiplies the scaled part
infantry,merged,RF,faction modifier ntw3_tow_a11_x8_027,1.007442945,per-arm; multiplies the scaled part
infantry,merged,RF,faction modifier ntw3_tow_a11_x8_028,1.007218259,per-arm; multiplies the scaled part
infantry,merged,RF,faction modifier ntw3_tow_a11_x8_029,1.026551358,per-arm; multiplies the scaled part
infantry,merged,RF,faction modifier ntw3_tow_a12_x8_003,1.003413806,per-arm; multiplies the scaled part
infantry,merged,RF,faction modifier ntw3_tow_a13_x8_022,1.003147629,per-arm; multiplies the scaled part
infantry,merged,RF,faction modifier ntw3_tow_a17_x8_054,0.9353577002,per-arm; multiplies the scaled part
infantry,merged,RF,faction modifier ntw3_tow_b03_x8_039,0.9693186706,per-arm; multiplies the scaled part
infantry,merged,RF,faction modifier ntw3_tow_b03_x8_041,0.9654003174,per-arm; multiplies the scaled part
infantry,merged,RF,faction modifier ntw3_tow_b03_x8_042,1.013990901,per-arm; multiplies the scaled part
infantry,merged,RF,faction modifier ntw3_tow_b03_x8_043,1.020684143,per-arm; multiplies the scaled part
infantry,merged,RF,faction modifier ntw3_tow_b04_x8_015,0.8114625966,per-arm; multiplies the scaled part
infantry,merged,RF,faction modifier ntw3_tow_b04_x8_016,0.9944208535,per-arm; multiplies the scaled part
infantry,merged,RF,faction modifier ntw3_tow_b05_x8_006,1.022886512,per-arm; multiplies the scaled part
infantry,merged,RF,faction modifier ntw3_tow_b05_x8_007,1.029910046,per-arm; multiplies the scaled part
infantry,merged,RF,faction modifier ntw3_tow_b06_x8_008,1.005446029,per-arm; multiplies the scaled part
infantry,merged,RF,faction modifier ntw3_tow_b06_x8_009,1.070247571,per-arm; multiplies the scaled part
infantry,merged,RF,faction modifier ntw3_tow_b07_x8_018,1.042236223,per-arm; multiplies the scaled part
infantry,merged,RF,faction modifier ntw3_tow_b08_x8_044,0.9660713998,per-arm; multiplies the scaled part
infantry,merged,RF,faction modifier ntw3_tow_b08_x8_045,1.006092456,per-arm; multiplies the scaled part
infantry,merged,RF,faction modifier ntw3_tow_b08_x8_046,1.095887814,per-arm; multiplies the scaled part
infantry,merged,RF,faction modifier ntw3_tow_b09_x8_019,0.9871376802,per-arm; multiplies the scaled part
infantry,merged,RF,faction modifier ntw3_tow_b09_x8_020,0.9509253727,per-arm; multiplies the scaled part
infantry,merged,RF,faction modifier ntw3_tow_b10_x8_026,0.9611852983,per-arm; multiplies the scaled part
infantry,merged,RF,faction modifier ntw3_tow_b11_x8_013,1.00720988,per-arm; multiplies the scaled part
infantry,merged,RF,faction modifier ntw3_tow_b11_x8_014,0.9533531509,per-arm; multiplies the scaled part
infantry,merged,RF,faction modifier ntw3_tow_b12_x8_011,0.9620716633,per-arm; multiplies the scaled part
infantry,merged,RF,faction modifier ntw3_tow_b12_x8_012,1.033016672,per-arm; multiplies the scaled part
infantry,merged,RF,faction modifier ntw3_tow_b13_x8_049,0.9006686897,per-arm; multiplies the scaled part
infantry,merged,RF,faction modifier ntw3_tow_b13_x8_050,1.003459342,per-arm; multiplies the scaled part
infantry,merged,RF,faction modifier ntw3_tow_b14_x8_031,0.9790867244,per-arm; multiplies the scaled part
infantry,merged,RF,faction modifier ntw3_tow_b15_x8_052,1.068545812,per-arm; multiplies the scaled part
infantry,merged,RF,faction modifier ntw3_tow_b15_x8_053,0.9357973,per-arm; multiplies the scaled part
infantry,merged,RF,faction modifier ntw3_tow_b17_x8_055,1.014290915,per-arm; multiplies the scaled part
infantry,merged,RF,faction modifier ntw3_tow_b17_x8_056,0.978229575,per-arm; multiplies the scaled part
infantry,merged,RF,faction modifier ntw3_tow_b17_x8_057,1.034758013,per-arm; multiplies the scaled part
infantry,merged,RF,faction modifier ntw3_tow_c07_x8_017,1.066665188,per-arm; multiplies the scaled part
infantry,merged,RF,faction modifier ntw3_tow_c08_x8_048,1.000749668,per-arm; multiplies the scaled part
infantry,merged,RF,faction modifier ntw3_tow_c10_x8_025,1.002692891,per-arm; multiplies the scaled part
infantry,merged,RF,faction modifier ntw3_tow_c14_x8_030,1.019027274,per-arm; multiplies the scaled part
infantry,merged,RF,faction modifier ntw3_tow_c15_x8_051,0.9867709754,per-arm; multiplies the scaled part
infantry,merged,RF,faction modifier piedmont_savoy,0.9804865007,per-arm; multiplies the scaled part
infantry,merged,FC,size,n,models = men_raw/2
infantry,merged,FC,size power p,1.09,price ∝ size^p
infantry,merged,FC,shape fire,range,how shooting / firearm / calibre enter β·x (see SHAPE_DEFAULTS)
infantry,merged,FC,shape cal,full,how shooting / firearm / calibre enter β·x (see SHAPE_DEFAULTS)
infantry,merged,FC,shape shoot,additive,how shooting / firearm / calibre enter β·x (see SHAPE_DEFAULTS)
infantry,merged,FC,shape cal_df,3,how shooting / firearm / calibre enter β·x (see SHAPE_DEFAULTS)
infantry,merged,FC,shape shot,onehot,how shooting / firearm / calibre enter β·x (see SHAPE_DEFAULTS)
infantry,merged,FC,stat power accuracy,0.05,the β column is (stat / 100)^power
infantry,merged,FC,stat power ammo,0.05,the β column is (stat / 100)^power
infantry,merged,FC,stat power charge_bonus,0.05,the β column is (stat / 100)^power
infantry,merged,FC,stat power melee_attack,1.4,the β column is (stat / 100)^power
infantry,merged,FC,stat power melee_defense,1.15,the β column is (stat / 100)^power
infantry,merged,FC,stat power morale,2.25,the β column is (stat / 100)^power
infantry,merged,FC,stat power range,4,the β column is (stat / 100)^power
infantry,merged,FC,stat power reload_skill,3.1,the β column is (stat / 100)^power
infantry,merged,FC,(intercept: per-size constant b0),3.453362938,"β·x + [—] × models^1.09 × fclass × side stat powers: accuracy^0.05, ammo^0.05, charge_bonus^0.05, melee_attack^1.4, melee_defense^1.15, morale^2.25, range^4, reload_skill^3.1 rating fixed (8/N) κ=1 | reference levels: unit_class=infantry_line; speed=L3"
infantry,merged,FC,accuracy,8.424751238,gold per size unit^p
infantry,merged,FC,reload_skill,1.427419578,gold per size unit^p
infantry,merged,FC,ammo,0.8543182467,gold per size unit^p
infantry,merged,FC,morale,122.5466628,gold per size unit^p
infantry,merged,FC,melee_attack,14.17393791,gold per size unit^p
infantry,merged,FC,melee_defense,5.160651672,gold per size unit^p
infantry,merged,FC,charge_bonus,-3.699660401,gold per size unit^p
infantry,merged,FC,range,0.02643263526,gold per size unit^p
infantry,merged,FC,has_range,-8.372128648,gold per size unit^p
infantry,merged,FC,can_form_square,0.3267315619,gold per size unit^p
infantry,merged,FC,has_stamina,0.1841387136,gold per size unit^p
infantry,merged,FC,is_shock_resistant,0.234321385,gold per size unit^p
infantry,merged,FC,can_inspire,0.5141844108,gold per size unit^p
infantry,merged,FC,has_guerrilla_deployment,2.043928944,gold per size unit^p
infantry,merged,FC,can_place_stakes,0.05775277308,gold per size unit^p
infantry,merged,FC,can_place_mines,-0.3227045828,gold per size unit^p
infantry,merged,FC,guard_mode,-0.08392165364,gold per size unit^p
infantry,merged,FC,can_snipe,2.268890833,gold per size unit^p
infantry,merged,FC,unit_class=infantry_grenadiers,-0.06442083748,gold per size unit^p
infantry,merged,FC,unit_class=infantry_irregulars,0.008649660933,gold per size unit^p
infantry,merged,FC,unit_class=infantry_light,-0.09336217749,gold per size unit^p
infantry,merged,FC,unit_class=infantry_militia,-0.02417039601,gold per size unit^p
infantry,merged,FC,speed=G1,-0.2983606402,gold per size unit^p
infantry,merged,FC,speed=G2,-0.1652630087,gold per size unit^p
infantry,merged,FC,speed=G3,0.0576948154,gold per size unit^p
infantry,merged,FC,speed=G4,0.3667279202,gold per size unit^p
infantry,merged,FC,speed=G5,0.7372735838,gold per size unit^p
infantry,merged,FC,speed=G6,1.150266893,gold per size unit^p
infantry,merged,FC,speed=L1,-0.2099543631,gold per size unit^p
infantry,merged,FC,speed=L2,-0.149826652,gold per size unit^p
infantry,merged,FC,speed=L4,0.1756965581,gold per size unit^p
infantry,merged,FC,speed=L5,0.4219274582,gold per size unit^p
infantry,merged,FC,speed=L6,0.5198590594,gold per size unit^p
infantry,merged,FC,speed=S1,-1.37192855,gold per size unit^p
infantry,merged,FC,speed=S2,-0.2134561089,gold per size unit^p
infantry,merged,FC,speed=S3,1.919625879,gold per size unit^p
infantry,merged,FC,rating divisor,8/rating,fixed; scales the β part like a multiplier
infantry,merged,FC,multiplier fclass=britain|infantry_light,1.069526686,"ridge κ = 1, no reference (unseen cell → 1)"
infantry,merged,FC,multiplier fclass=britain|infantry_line,1.007065311,"ridge κ = 1, no reference (unseen cell → 1)"
infantry,merged,FC,multiplier fclass=britain|infantry_skirmishers,0.8436764107,"ridge κ = 1, no reference (unseen cell → 1)"
infantry,merged,FC,multiplier fclass=denmark|infantry_grenadiers,0.9369663824,"ridge κ = 1, no reference (unseen cell → 1)"
infantry,merged,FC,multiplier fclass=denmark|infantry_light,0.8103908495,"ridge κ = 1, no reference (unseen cell → 1)"
infantry,merged,FC,multiplier fclass=denmark|infantry_line,0.9178785255,"ridge κ = 1, no reference (unseen cell → 1)"
infantry,merged,FC,multiplier fclass=denmark|infantry_militia,1.03293316,"ridge κ = 1, no reference (unseen cell → 1)"
infantry,merged,FC,multiplier fclass=denmark|infantry_skirmishers,1.074358396,"ridge κ = 1, no reference (unseen cell → 1)"
infantry,merged,FC,multiplier fclass=france|infantry_grenadiers,1.019218603,"ridge κ = 1, no reference (unseen cell → 1)"
infantry,merged,FC,multiplier fclass=france|infantry_light,1.06275896,"ridge κ = 1, no reference (unseen cell → 1)"
infantry,merged,FC,multiplier fclass=france|infantry_line,1.001132522,"ridge κ = 1, no reference (unseen cell → 1)"
infantry,merged,FC,multiplier fclass=france|infantry_skirmishers,0.7588626294,"ridge κ = 1, no reference (unseen cell → 1)"
infantry,merged,FC,multiplier fclass=ntw3_hre|infantry_grenadiers,1.143113492,"ridge κ = 1, no reference (unseen cell → 1)"
infantry,merged,FC,multiplier fclass=ntw3_hre|infantry_irregulars,1.12237251,"ridge κ = 1, no reference (unseen cell → 1)"
infantry,merged,FC,multiplier fclass=ntw3_hre|infantry_light,0.9568602711,"ridge κ = 1, no reference (unseen cell → 1)"
infantry,merged,FC,multiplier fclass=ntw3_hre|infantry_line,0.9919194511,"ridge κ = 1, no reference (unseen cell → 1)"
infantry,merged,FC,multiplier fclass=ntw3_hre|infantry_militia,1.007872905,"ridge κ = 1, no reference (unseen cell → 1)"
infantry,merged,FC,multiplier fclass=ntw3_hre|infantry_skirmishers,1.14869864,"ridge κ = 1, no reference (unseen cell → 1)"
infantry,merged,FC,multiplier fclass=ntw3_tow_a03_x8_032|infantry_grenadiers,0.9411734041,"ridge κ = 1, no reference (unseen cell → 1)"
infantry,merged,FC,multiplier fclass=ntw3_tow_a03_x8_032|infantry_light,1.030638505,"ridge κ = 1, no reference (unseen cell → 1)"
infantry,merged,FC,multiplier fclass=ntw3_tow_a03_x8_032|infantry_line,0.9187868305,"ridge κ = 1, no reference (unseen cell → 1)"
infantry,merged,FC,multiplier fclass=ntw3_tow_a03_x8_032|infantry_skirmishers,0.9646860895,"ridge κ = 1, no reference (unseen cell → 1)"
infantry,merged,FC,multiplier fclass=ntw3_tow_a03_x8_033|infantry_grenadiers,0.8769394824,"ridge κ = 1, no reference (unseen cell → 1)"
infantry,merged,FC,multiplier fclass=ntw3_tow_a03_x8_033|infantry_light,1.040346169,"ridge κ = 1, no reference (unseen cell → 1)"
infantry,merged,FC,multiplier fclass=ntw3_tow_a03_x8_033|infantry_line,1.062172321,"ridge κ = 1, no reference (unseen cell → 1)"
infantry,merged,FC,multiplier fclass=ntw3_tow_a03_x8_033|infantry_skirmishers,1.026980788,"ridge κ = 1, no reference (unseen cell → 1)"
infantry,merged,FC,multiplier fclass=ntw3_tow_a03_x8_038|infantry_grenadiers,0.8130205719,"ridge κ = 1, no reference (unseen cell → 1)"
infantry,merged,FC,multiplier fclass=ntw3_tow_a03_x8_038|infantry_light,0.9257992512,"ridge κ = 1, no reference (unseen cell → 1)"
infantry,merged,FC,multiplier fclass=ntw3_tow_a03_x8_038|infantry_line,0.9793948141,"ridge κ = 1, no reference (unseen cell → 1)"
infantry,merged,FC,multiplier fclass=ntw3_tow_a03_x8_038|infantry_militia,1.040305635,"ridge κ = 1, no reference (unseen cell → 1)"
infantry,merged,FC,multiplier fclass=ntw3_tow_a03_x8_038|infantry_skirmishers,1.151164067,"ridge κ = 1, no reference (unseen cell → 1)"
infantry,merged,FC,multiplier fclass=ntw3_tow_a03_x8_040|infantry_grenadiers,1.025168189,"ridge κ = 1, no reference (unseen cell → 1)"
infantry,merged,FC,multiplier fclass=ntw3_tow_a03_x8_040|infantry_light,0.984477901,"ridge κ = 1, no reference (unseen cell → 1)"
infantry,merged,FC,multiplier fclass=ntw3_tow_a03_x8_040|infantry_line,0.9435821623,"ridge κ = 1, no reference (unseen cell → 1)"
infantry,merged,FC,multiplier fclass=ntw3_tow_a03_x8_040|infantry_skirmishers,1.199058635,"ridge κ = 1, no reference (unseen cell → 1)"
infantry,merged,FC,multiplier fclass=ntw3_tow_a04_x8_005|infantry_grenadiers,0.9778061317,"ridge κ = 1, no reference (unseen cell → 1)"
infantry,merged,FC,multiplier fclass=ntw3_tow_a04_x8_005|infantry_irregulars,1.044966338,"ridge κ = 1, no reference (unseen cell → 1)"
infantry,merged,FC,multiplier fclass=ntw3_tow_a04_x8_005|infantry_light,0.9219114937,"ridge κ = 1, no reference (unseen cell → 1)"
infantry,merged,FC,multiplier fclass=ntw3_tow_a04_x8_005|infantry_line,0.8978068103,"ridge κ = 1, no reference (unseen cell → 1)"
infantry,merged,FC,multiplier fclass=ntw3_tow_a04_x8_005|infantry_militia,1.056377579,"ridge κ = 1, no reference (unseen cell → 1)"
infantry,merged,FC,multiplier fclass=ntw3_tow_a04_x8_005|infantry_skirmishers,0.9784421748,"ridge κ = 1, no reference (unseen cell → 1)"
infantry,merged,FC,multiplier fclass=ntw3_tow_a05_x8_001|infantry_grenadiers,1.012026734,"ridge κ = 1, no reference (unseen cell → 1)"
infantry,merged,FC,multiplier fclass=ntw3_tow_a05_x8_001|infantry_light,0.9926500676,"ridge κ = 1, no reference (unseen cell → 1)"
infantry,merged,FC,multiplier fclass=ntw3_tow_a05_x8_001|infantry_line,0.9138537838,"ridge κ = 1, no reference (unseen cell → 1)"
infantry,merged,FC,multiplier fclass=ntw3_tow_a05_x8_001|infantry_skirmishers,1.07709239,"ridge κ = 1, no reference (unseen cell → 1)"
infantry,merged,FC,multiplier fclass=ntw3_tow_a05_x8_004|infantry_grenadiers,0.9486735158,"ridge κ = 1, no reference (unseen cell → 1)"
infantry,merged,FC,multiplier fclass=ntw3_tow_a05_x8_004|infantry_light,0.936735071,"ridge κ = 1, no reference (unseen cell → 1)"
infantry,merged,FC,multiplier fclass=ntw3_tow_a05_x8_004|infantry_line,0.9671123351,"ridge κ = 1, no reference (unseen cell → 1)"
infantry,merged,FC,multiplier fclass=ntw3_tow_a05_x8_004|infantry_skirmishers,1.129287303,"ridge κ = 1, no reference (unseen cell → 1)"
infantry,merged,FC,multiplier fclass=ntw3_tow_a06_x8_002|infantry_grenadiers,0.9883592303,"ridge κ = 1, no reference (unseen cell → 1)"
infantry,merged,FC,multiplier fclass=ntw3_tow_a06_x8_002|infantry_light,1.009678083,"ridge κ = 1, no reference (unseen cell → 1)"
infantry,merged,FC,multiplier fclass=ntw3_tow_a06_x8_002|infantry_line,0.9326710381,"ridge κ = 1, no reference (unseen cell → 1)"
infantry,merged,FC,multiplier fclass=ntw3_tow_a06_x8_002|infantry_skirmishers,0.8750203446,"ridge κ = 1, no reference (unseen cell → 1)"
infantry,merged,FC,multiplier fclass=ntw3_tow_a08_x8_047|infantry_grenadiers,0.9781213732,"ridge κ = 1, no reference (unseen cell → 1)"
infantry,merged,FC,multiplier fclass=ntw3_tow_a08_x8_047|infantry_light,1.037277949,"ridge κ = 1, no reference (unseen cell → 1)"
infantry,merged,FC,multiplier fclass=ntw3_tow_a08_x8_047|infantry_line,0.9408527606,"ridge κ = 1, no reference (unseen cell → 1)"
infantry,merged,FC,multiplier fclass=ntw3_tow_a08_x8_047|infantry_skirmishers,1.117411096,"ridge κ = 1, no reference (unseen cell → 1)"
infantry,merged,FC,multiplier fclass=ntw3_tow_a09_x8_021|infantry_grenadiers,1.030261551,"ridge κ = 1, no reference (unseen cell → 1)"
infantry,merged,FC,multiplier fclass=ntw3_tow_a09_x8_021|infantry_light,0.9268334707,"ridge κ = 1, no reference (unseen cell → 1)"
infantry,merged,FC,multiplier fclass=ntw3_tow_a09_x8_021|infantry_line,0.9492408442,"ridge κ = 1, no reference (unseen cell → 1)"
infantry,merged,FC,multiplier fclass=ntw3_tow_a09_x8_021|infantry_militia,0.9822858572,"ridge κ = 1, no reference (unseen cell → 1)"
infantry,merged,FC,multiplier fclass=ntw3_tow_a09_x8_021|infantry_skirmishers,1.084367552,"ridge κ = 1, no reference (unseen cell → 1)"
infantry,merged,FC,multiplier fclass=ntw3_tow_a11_x8_027|infantry_grenadiers,1.009021386,"ridge κ = 1, no reference (unseen cell → 1)"
infantry,merged,FC,multiplier fclass=ntw3_tow_a11_x8_027|infantry_light,0.9807540026,"ridge κ = 1, no reference (unseen cell → 1)"
infantry,merged,FC,multiplier fclass=ntw3_tow_a11_x8_027|infantry_line,0.9826360899,"ridge κ = 1, no reference (unseen cell → 1)"
infantry,merged,FC,multiplier fclass=ntw3_tow_a11_x8_027|infantry_skirmishers,0.9714584381,"ridge κ = 1, no reference (unseen cell → 1)"
infantry,merged,FC,multiplier fclass=ntw3_tow_a11_x8_028|infantry_grenadiers,0.9904413611,"ridge κ = 1, no reference (unseen cell → 1)"
infantry,merged,FC,multiplier fclass=ntw3_tow_a11_x8_028|infantry_light,1.097892596,"ridge κ = 1, no reference (unseen cell → 1)"
infantry,merged,FC,multiplier fclass=ntw3_tow_a11_x8_028|infantry_line,0.9990891572,"ridge κ = 1, no reference (unseen cell → 1)"
infantry,merged,FC,multiplier fclass=ntw3_tow_a11_x8_028|infantry_skirmishers,0.9957233573,"ridge κ = 1, no reference (unseen cell → 1)"
infantry,merged,FC,multiplier fclass=ntw3_tow_a11_x8_029|infantry_grenadiers,1.098917652,"ridge κ = 1, no reference (unseen cell → 1)"
infantry,merged,FC,multiplier fclass=ntw3_tow_a11_x8_029|infantry_light,0.9917162448,"ridge κ = 1, no reference (unseen cell → 1)"
infantry,merged,FC,multiplier fclass=ntw3_tow_a11_x8_029|infantry_line,0.9766619841,"ridge κ = 1, no reference (unseen cell → 1)"
infantry,merged,FC,multiplier fclass=ntw3_tow_a11_x8_029|infantry_skirmishers,1.062343025,"ridge κ = 1, no reference (unseen cell → 1)"
infantry,merged,FC,multiplier fclass=ntw3_tow_a12_x8_003|infantry_grenadiers,1.083259633,"ridge κ = 1, no reference (unseen cell → 1)"
infantry,merged,FC,multiplier fclass=ntw3_tow_a12_x8_003|infantry_light,1.027421922,"ridge κ = 1, no reference (unseen cell → 1)"
infantry,merged,FC,multiplier fclass=ntw3_tow_a12_x8_003|infantry_line,0.8781899672,"ridge κ = 1, no reference (unseen cell → 1)"
infantry,merged,FC,multiplier fclass=ntw3_tow_a12_x8_003|infantry_skirmishers,1.08260184,"ridge κ = 1, no reference (unseen cell → 1)"
infantry,merged,FC,multiplier fclass=ntw3_tow_a13_x8_022|infantry_grenadiers,0.9615252889,"ridge κ = 1, no reference (unseen cell → 1)"
infantry,merged,FC,multiplier fclass=ntw3_tow_a13_x8_022|infantry_irregulars,1.044182046,"ridge κ = 1, no reference (unseen cell → 1)"
infantry,merged,FC,multiplier fclass=ntw3_tow_a13_x8_022|infantry_light,1.053617519,"ridge κ = 1, no reference (unseen cell → 1)"
infantry,merged,FC,multiplier fclass=ntw3_tow_a13_x8_022|infantry_line,0.9717120205,"ridge κ = 1, no reference (unseen cell → 1)"
infantry,merged,FC,multiplier fclass=ntw3_tow_a13_x8_022|infantry_skirmishers,0.9305357779,"ridge κ = 1, no reference (unseen cell → 1)"
infantry,merged,FC,multiplier fclass=ntw3_tow_a17_x8_054|infantry_grenadiers,0.9154183818,"ridge κ = 1, no reference (unseen cell → 1)"
infantry,merged,FC,multiplier fclass=ntw3_tow_a17_x8_054|infantry_light,0.8470812168,"ridge κ = 1, no reference (unseen cell → 1)"
infantry,merged,FC,multiplier fclass=ntw3_tow_a17_x8_054|infantry_line,0.862225807,"ridge κ = 1, no reference (unseen cell → 1)"
infantry,merged,FC,multiplier fclass=ntw3_tow_a17_x8_054|infantry_militia,1.005960634,"ridge κ = 1, no reference (unseen cell → 1)"
infantry,merged,FC,multiplier fclass=ntw3_tow_a17_x8_054|infantry_skirmishers,1.107812769,"ridge κ = 1, no reference (unseen cell → 1)"
infantry,merged,FC,multiplier fclass=ntw3_tow_b03_x8_039|infantry_grenadiers,0.9236660566,"ridge κ = 1, no reference (unseen cell → 1)"
infantry,merged,FC,multiplier fclass=ntw3_tow_b03_x8_039|infantry_light,1.019328565,"ridge κ = 1, no reference (unseen cell → 1)"
infantry,merged,FC,multiplier fclass=ntw3_tow_b03_x8_039|infantry_line,1.016144065,"ridge κ = 1, no reference (unseen cell → 1)"
infantry,merged,FC,multiplier fclass=ntw3_tow_b03_x8_039|infantry_skirmishers,0.9518759669,"ridge κ = 1, no reference (unseen cell → 1)"
infantry,merged,FC,multiplier fclass=ntw3_tow_b03_x8_041|infantry_grenadiers,1.006062611,"ridge κ = 1, no reference (unseen cell → 1)"
infantry,merged,FC,multiplier fclass=ntw3_tow_b03_x8_041|infantry_light,0.9735781891,"ridge κ = 1, no reference (unseen cell → 1)"
infantry,merged,FC,multiplier fclass=ntw3_tow_b03_x8_041|infantry_line,0.7656277555,"ridge κ = 1, no reference (unseen cell → 1)"
infantry,merged,FC,multiplier fclass=ntw3_tow_b03_x8_041|infantry_militia,0.9880060311,"ridge κ = 1, no reference (unseen cell → 1)"
infantry,merged,FC,multiplier fclass=ntw3_tow_b03_x8_041|infantry_skirmishers,0.9539093736,"ridge κ = 1, no reference (unseen cell → 1)"
infantry,merged,FC,multiplier fclass=ntw3_tow_b03_x8_042|infantry_grenadiers,0.971429845,"ridge κ = 1, no reference (unseen cell → 1)"
infantry,merged,FC,multiplier fclass=ntw3_tow_b03_x8_042|infantry_irregulars,1.04215237,"ridge κ = 1, no reference (unseen cell → 1)"
infantry,merged,FC,multiplier fclass=ntw3_tow_b03_x8_042|infantry_light,1.090706216,"ridge κ = 1, no reference (unseen cell → 1)"
infantry,merged,FC,multiplier fclass=ntw3_tow_b03_x8_042|infantry_line,1.001774119,"ridge κ = 1, no reference (unseen cell → 1)"
infantry,merged,FC,multiplier fclass=ntw3_tow_b03_x8_042|infantry_militia,1.011496108,"ridge κ = 1, no reference (unseen cell → 1)"
infantry,merged,FC,multiplier fclass=ntw3_tow_b03_x8_042|infantry_skirmishers,1.156315642,"ridge κ = 1, no reference (unseen cell → 1)"
infantry,merged,FC,multiplier fclass=ntw3_tow_b03_x8_043|infantry_grenadiers,0.9826624089,"ridge κ = 1, no reference (unseen cell → 1)"
infantry,merged,FC,multiplier fclass=ntw3_tow_b03_x8_043|infantry_light,1.033970207,"ridge κ = 1, no reference (unseen cell → 1)"
infantry,merged,FC,multiplier fclass=ntw3_tow_b03_x8_043|infantry_line,1.024524585,"ridge κ = 1, no reference (unseen cell → 1)"
infantry,merged,FC,multiplier fclass=ntw3_tow_b03_x8_043|infantry_skirmishers,0.9412313118,"ridge κ = 1, no reference (unseen cell → 1)"
infantry,merged,FC,multiplier fclass=ntw3_tow_b04_x8_015|infantry_grenadiers,0.9749291969,"ridge κ = 1, no reference (unseen cell → 1)"
infantry,merged,FC,multiplier fclass=ntw3_tow_b04_x8_015|infantry_irregulars,0.8406188804,"ridge κ = 1, no reference (unseen cell → 1)"
infantry,merged,FC,multiplier fclass=ntw3_tow_b04_x8_015|infantry_line,0.7879356634,"ridge κ = 1, no reference (unseen cell → 1)"
infantry,merged,FC,multiplier fclass=ntw3_tow_b04_x8_015|infantry_militia,1.012314951,"ridge κ = 1, no reference (unseen cell → 1)"
infantry,merged,FC,multiplier fclass=ntw3_tow_b04_x8_015|infantry_skirmishers,0.8242179105,"ridge κ = 1, no reference (unseen cell → 1)"
infantry,merged,FC,multiplier fclass=ntw3_tow_b04_x8_016|infantry_grenadiers,1.020881955,"ridge κ = 1, no reference (unseen cell → 1)"
infantry,merged,FC,multiplier fclass=ntw3_tow_b04_x8_016|infantry_irregulars,1.05374263,"ridge κ = 1, no reference (unseen cell → 1)"
infantry,merged,FC,multiplier fclass=ntw3_tow_b04_x8_016|infantry_light,1.011484168,"ridge κ = 1, no reference (unseen cell → 1)"
infantry,merged,FC,multiplier fclass=ntw3_tow_b04_x8_016|infantry_line,0.9653122408,"ridge κ = 1, no reference (unseen cell → 1)"
infantry,merged,FC,multiplier fclass=ntw3_tow_b04_x8_016|infantry_militia,0.9842197864,"ridge κ = 1, no reference (unseen cell → 1)"
infantry,merged,FC,multiplier fclass=ntw3_tow_b04_x8_016|infantry_skirmishers,0.9349435552,"ridge κ = 1, no reference (unseen cell → 1)"
infantry,merged,FC,multiplier fclass=ntw3_tow_b05_x8_006|infantry_grenadiers,1.092034472,"ridge κ = 1, no reference (unseen cell → 1)"
infantry,merged,FC,multiplier fclass=ntw3_tow_b05_x8_006|infantry_irregulars,1.015358559,"ridge κ = 1, no reference (unseen cell → 1)"
infantry,merged,FC,multiplier fclass=ntw3_tow_b05_x8_006|infantry_light,0.9684546726,"ridge κ = 1, no reference (unseen cell → 1)"
infantry,merged,FC,multiplier fclass=ntw3_tow_b05_x8_006|infantry_line,0.9745114106,"ridge κ = 1, no reference (unseen cell → 1)"
infantry,merged,FC,multiplier fclass=ntw3_tow_b05_x8_006|infantry_skirmishers,1.071337288,"ridge κ = 1, no reference (unseen cell → 1)"
infantry,merged,FC,multiplier fclass=ntw3_tow_b05_x8_007|infantry_grenadiers,1.035755442,"ridge κ = 1, no reference (unseen cell → 1)"
infantry,merged,FC,multiplier fclass=ntw3_tow_b05_x8_007|infantry_light,1.064483132,"ridge κ = 1, no reference (unseen cell → 1)"
infantry,merged,FC,multiplier fclass=ntw3_tow_b05_x8_007|infantry_line,1.002783027,"ridge κ = 1, no reference (unseen cell → 1)"
infantry,merged,FC,multiplier fclass=ntw3_tow_b05_x8_007|infantry_militia,0.9843664518,"ridge κ = 1, no reference (unseen cell → 1)"
infantry,merged,FC,multiplier fclass=ntw3_tow_b05_x8_007|infantry_skirmishers,1.021211827,"ridge κ = 1, no reference (unseen cell → 1)"
infantry,merged,FC,multiplier fclass=ntw3_tow_b06_x8_008|infantry_grenadiers,1.057923957,"ridge κ = 1, no reference (unseen cell → 1)"
infantry,merged,FC,multiplier fclass=ntw3_tow_b06_x8_008|infantry_light,1.05428711,"ridge κ = 1, no reference (unseen cell → 1)"
infantry,merged,FC,multiplier fclass=ntw3_tow_b06_x8_008|infantry_line,0.9323076401,"ridge κ = 1, no reference (unseen cell → 1)"
infantry,merged,FC,multiplier fclass=ntw3_tow_b06_x8_008|infantry_militia,1.011999749,"ridge κ = 1, no reference (unseen cell → 1)"
infantry,merged,FC,multiplier fclass=ntw3_tow_b06_x8_008|infantry_skirmishers,0.9359351622,"ridge κ = 1, no reference (unseen cell → 1)"
infantry,merged,FC,multiplier fclass=ntw3_tow_b06_x8_009|infantry_grenadiers,1.231770028,"ridge κ = 1, no reference (unseen cell → 1)"
infantry,merged,FC,multiplier fclass=ntw3_tow_b06_x8_009|infantry_light,1.019445704,"ridge κ = 1, no reference (unseen cell → 1)"
infantry,merged,FC,multiplier fclass=ntw3_tow_b06_x8_009|infantry_line,0.9144531515,"ridge κ = 1, no reference (unseen cell → 1)"
infantry,merged,FC,multiplier fclass=ntw3_tow_b06_x8_009|infantry_skirmishers,1.049144516,"ridge κ = 1, no reference (unseen cell → 1)"
infantry,merged,FC,multiplier fclass=ntw3_tow_b07_x8_018|infantry_grenadiers,1.027364688,"ridge κ = 1, no reference (unseen cell → 1)"
infantry,merged,FC,multiplier fclass=ntw3_tow_b07_x8_018|infantry_light,0.9042354481,"ridge κ = 1, no reference (unseen cell → 1)"
infantry,merged,FC,multiplier fclass=ntw3_tow_b07_x8_018|infantry_line,0.9970970874,"ridge κ = 1, no reference (unseen cell → 1)"
infantry,merged,FC,multiplier fclass=ntw3_tow_b07_x8_018|infantry_militia,1.014036905,"ridge κ = 1, no reference (unseen cell → 1)"
infantry,merged,FC,multiplier fclass=ntw3_tow_b07_x8_018|infantry_skirmishers,1.253022901,"ridge κ = 1, no reference (unseen cell → 1)"
infantry,merged,FC,multiplier fclass=ntw3_tow_b08_x8_044|infantry_grenadiers,0.9464860467,"ridge κ = 1, no reference (unseen cell → 1)"
infantry,merged,FC,multiplier fclass=ntw3_tow_b08_x8_044|infantry_irregulars,0.9766421786,"ridge κ = 1, no reference (unseen cell → 1)"
infantry,merged,FC,multiplier fclass=ntw3_tow_b08_x8_044|infantry_light,1.041423189,"ridge κ = 1, no reference (unseen cell → 1)"
infantry,merged,FC,multiplier fclass=ntw3_tow_b08_x8_044|infantry_line,0.9808589228,"ridge κ = 1, no reference (unseen cell → 1)"
infantry,merged,FC,multiplier fclass=ntw3_tow_b08_x8_044|infantry_militia,1.047318815,"ridge κ = 1, no reference (unseen cell → 1)"
infantry,merged,FC,multiplier fclass=ntw3_tow_b08_x8_044|infantry_skirmishers,1.01221259,"ridge κ = 1, no reference (unseen cell → 1)"
infantry,merged,FC,multiplier fclass=ntw3_tow_b08_x8_045|infantry_light,1.002912928,"ridge κ = 1, no reference (unseen cell → 1)"
infantry,merged,FC,multiplier fclass=ntw3_tow_b08_x8_045|infantry_line,0.9912193576,"ridge κ = 1, no reference (unseen cell → 1)"
infantry,merged,FC,multiplier fclass=ntw3_tow_b08_x8_045|infantry_skirmishers,1.014559582,"ridge κ = 1, no reference (unseen cell → 1)"
infantry,merged,FC,multiplier fclass=ntw3_tow_b08_x8_046|infantry_grenadiers,1.075996587,"ridge κ = 1, no reference (unseen cell → 1)"
infantry,merged,FC,multiplier fclass=ntw3_tow_b08_x8_046|infantry_irregulars,1,"ridge κ = 1, no reference (unseen cell → 1)"
infantry,merged,FC,multiplier fclass=ntw3_tow_b08_x8_046|infantry_light,0.9589438242,"ridge κ = 1, no reference (unseen cell → 1)"
infantry,merged,FC,multiplier fclass=ntw3_tow_b08_x8_046|infantry_line,1.006830141,"ridge κ = 1, no reference (unseen cell → 1)"
infantry,merged,FC,multiplier fclass=ntw3_tow_b08_x8_046|infantry_militia,0.7424688812,"ridge κ = 1, no reference (unseen cell → 1)"
infantry,merged,FC,multiplier fclass=ntw3_tow_b08_x8_046|infantry_skirmishers,1.171432351,"ridge κ = 1, no reference (unseen cell → 1)"
infantry,merged,FC,multiplier fclass=ntw3_tow_b09_x8_019|infantry_grenadiers,0.9610087293,"ridge κ = 1, no reference (unseen cell → 1)"
infantry,merged,FC,multiplier fclass=ntw3_tow_b09_x8_019|infantry_irregulars,0.6284045738,"ridge κ = 1, no reference (unseen cell → 1)"
infantry,merged,FC,multiplier fclass=ntw3_tow_b09_x8_019|infantry_light,1.067564421,"ridge κ = 1, no reference (unseen cell → 1)"
infantry,merged,FC,multiplier fclass=ntw3_tow_b09_x8_019|infantry_line,1.003785188,"ridge κ = 1, no reference (unseen cell → 1)"
infantry,merged,FC,multiplier fclass=ntw3_tow_b09_x8_019|infantry_militia,0.9682128918,"ridge κ = 1, no reference (unseen cell → 1)"
infantry,merged,FC,multiplier fclass=ntw3_tow_b09_x8_019|infantry_skirmishers,0.9550218118,"ridge κ = 1, no reference (unseen cell → 1)"
infantry,merged,FC,multiplier fclass=ntw3_tow_b09_x8_020|infantry_grenadiers,0.9425960642,"ridge κ = 1, no reference (unseen cell → 1)"
infantry,merged,FC,multiplier fclass=ntw3_tow_b09_x8_020|infantry_light,0.9785489823,"ridge κ = 1, no reference (unseen cell → 1)"
infantry,merged,FC,multiplier fclass=ntw3_tow_b09_x8_020|infantry_line,0.936369669,"ridge κ = 1, no reference (unseen cell → 1)"
infantry,merged,FC,multiplier fclass=ntw3_tow_b09_x8_020|infantry_militia,1.013534245,"ridge κ = 1, no reference (unseen cell → 1)"
infantry,merged,FC,multiplier fclass=ntw3_tow_b09_x8_020|infantry_skirmishers,0.9459769964,"ridge κ = 1, no reference (unseen cell → 1)"
infantry,merged,FC,multiplier fclass=ntw3_tow_b10_x8_026|infantry_grenadiers,1.051481767,"ridge κ = 1, no reference (unseen cell → 1)"
infantry,merged,FC,multiplier fclass=ntw3_tow_b10_x8_026|infantry_irregulars,0.7805272085,"ridge κ = 1, no reference (unseen cell → 1)"
infantry,merged,FC,multiplier fclass=ntw3_tow_b10_x8_026|infantry_light,0.997051398,"ridge κ = 1, no reference (unseen cell → 1)"
infantry,merged,FC,multiplier fclass=ntw3_tow_b10_x8_026|infantry_line,0.9494142998,"ridge κ = 1, no reference (unseen cell → 1)"
infantry,merged,FC,multiplier fclass=ntw3_tow_b10_x8_026|infantry_militia,0.9938307909,"ridge κ = 1, no reference (unseen cell → 1)"
infantry,merged,FC,multiplier fclass=ntw3_tow_b10_x8_026|infantry_skirmishers,0.9251918832,"ridge κ = 1, no reference (unseen cell → 1)"
infantry,merged,FC,multiplier fclass=ntw3_tow_b11_x8_013|infantry_grenadiers,0.9940375107,"ridge κ = 1, no reference (unseen cell → 1)"
infantry,merged,FC,multiplier fclass=ntw3_tow_b11_x8_013|infantry_light,1.041287267,"ridge κ = 1, no reference (unseen cell → 1)"
infantry,merged,FC,multiplier fclass=ntw3_tow_b11_x8_013|infantry_line,0.980110575,"ridge κ = 1, no reference (unseen cell → 1)"
infantry,merged,FC,multiplier fclass=ntw3_tow_b11_x8_013|infantry_militia,1.097691238,"ridge κ = 1, no reference (unseen cell → 1)"
infantry,merged,FC,multiplier fclass=ntw3_tow_b11_x8_013|infantry_skirmishers,0.9406144346,"ridge κ = 1, no reference (unseen cell → 1)"
infantry,merged,FC,multiplier fclass=ntw3_tow_b11_x8_014|infantry_irregulars,0.7791464326,"ridge κ = 1, no reference (unseen cell → 1)"
infantry,merged,FC,multiplier fclass=ntw3_tow_b11_x8_014|infantry_skirmishers,0.9348756716,"ridge κ = 1, no reference (unseen cell → 1)"
infantry,merged,FC,multiplier fclass=ntw3_tow_b12_x8_011|infantry_grenadiers,0.934250184,"ridge κ = 1, no reference (unseen cell → 1)"
infantry,merged,FC,multiplier fclass=ntw3_tow_b12_x8_011|infantry_light,0.996432914,"ridge κ = 1, no reference (unseen cell → 1)"
infantry,merged,FC,multiplier fclass=ntw3_tow_b12_x8_011|infantry_line,0.9418797315,"ridge κ = 1, no reference (unseen cell → 1)"
infantry,merged,FC,multiplier fclass=ntw3_tow_b12_x8_011|infantry_militia,1.039881212,"ridge κ = 1, no reference (unseen cell → 1)"
infantry,merged,FC,multiplier fclass=ntw3_tow_b12_x8_011|infantry_skirmishers,0.9967762895,"ridge κ = 1, no reference (unseen cell → 1)"
infantry,merged,FC,multiplier fclass=ntw3_tow_b12_x8_012|infantry_grenadiers,1.080644007,"ridge κ = 1, no reference (unseen cell → 1)"
infantry,merged,FC,multiplier fclass=ntw3_tow_b12_x8_012|infantry_light,0.9920637526,"ridge κ = 1, no reference (unseen cell → 1)"
infantry,merged,FC,multiplier fclass=ntw3_tow_b12_x8_012|infantry_line,1.008987062,"ridge κ = 1, no reference (unseen cell → 1)"
infantry,merged,FC,multiplier fclass=ntw3_tow_b12_x8_012|infantry_militia,0.976824764,"ridge κ = 1, no reference (unseen cell → 1)"
infantry,merged,FC,multiplier fclass=ntw3_tow_b12_x8_012|infantry_skirmishers,1.074938863,"ridge κ = 1, no reference (unseen cell → 1)"
infantry,merged,FC,multiplier fclass=ntw3_tow_b13_x8_049|infantry_grenadiers,1.03144319,"ridge κ = 1, no reference (unseen cell → 1)"
infantry,merged,FC,multiplier fclass=ntw3_tow_b13_x8_049|infantry_light,0.8862109948,"ridge κ = 1, no reference (unseen cell → 1)"
infantry,merged,FC,multiplier fclass=ntw3_tow_b13_x8_049|infantry_line,0.8356049155,"ridge κ = 1, no reference (unseen cell → 1)"
infantry,merged,FC,multiplier fclass=ntw3_tow_b13_x8_049|infantry_skirmishers,1.017217738,"ridge κ = 1, no reference (unseen cell → 1)"
infantry,merged,FC,multiplier fclass=ntw3_tow_b13_x8_050|infantry_grenadiers,0.9872471712,"ridge κ = 1, no reference (unseen cell → 1)"
infantry,merged,FC,multiplier fclass=ntw3_tow_b13_x8_050|infantry_irregulars,0.8266234921,"ridge κ = 1, no reference (unseen cell → 1)"
infantry,merged,FC,multiplier fclass=ntw3_tow_b13_x8_050|infantry_light,0.9856955385,"ridge κ = 1, no reference (unseen cell → 1)"
infantry,merged,FC,multiplier fclass=ntw3_tow_b13_x8_050|infantry_line,0.9835274996,"ridge κ = 1, no reference (unseen cell → 1)"
infantry,merged,FC,multiplier fclass=ntw3_tow_b13_x8_050|infantry_militia,1.009119205,"ridge κ = 1, no reference (unseen cell → 1)"
infantry,merged,FC,multiplier fclass=ntw3_tow_b13_x8_050|infantry_skirmishers,1.034896386,"ridge κ = 1, no reference (unseen cell → 1)"
infantry,merged,FC,multiplier fclass=ntw3_tow_b14_x8_031|infantry_grenadiers,1.033922628,"ridge κ = 1, no reference (unseen cell → 1)"
infantry,merged,FC,multiplier fclass=ntw3_tow_b14_x8_031|infantry_irregulars,1.04025098,"ridge κ = 1, no reference (unseen cell → 1)"
infantry,merged,FC,multiplier fclass=ntw3_tow_b14_x8_031|infantry_light,0.8876412306,"ridge κ = 1, no reference (unseen cell → 1)"
infantry,merged,FC,multiplier fclass=ntw3_tow_b14_x8_031|infantry_line,0.8975812557,"ridge κ = 1, no reference (unseen cell → 1)"
infantry,merged,FC,multiplier fclass=ntw3_tow_b14_x8_031|infantry_militia,1.00540105,"ridge κ = 1, no reference (unseen cell → 1)"
infantry,merged,FC,multiplier fclass=ntw3_tow_b14_x8_031|infantry_skirmishers,1.071465668,"ridge κ = 1, no reference (unseen cell → 1)"
infantry,merged,FC,multiplier fclass=ntw3_tow_b15_x8_052|infantry_grenadiers,0.9862477709,"ridge κ = 1, no reference (unseen cell → 1)"
infantry,merged,FC,multiplier fclass=ntw3_tow_b15_x8_052|infantry_irregulars,0.760065718,"ridge κ = 1, no reference (unseen cell → 1)"
infantry,merged,FC,multiplier fclass=ntw3_tow_b15_x8_052|infantry_light,1.057402765,"ridge κ = 1, no reference (unseen cell → 1)"
infantry,merged,FC,multiplier fclass=ntw3_tow_b15_x8_052|infantry_line,0.9226489805,"ridge κ = 1, no reference (unseen cell → 1)"
infantry,merged,FC,multiplier fclass=ntw3_tow_b15_x8_052|infantry_militia,1.012510581,"ridge κ = 1, no reference (unseen cell → 1)"
infantry,merged,FC,multiplier fclass=ntw3_tow_b15_x8_052|infantry_skirmishers,1.338817036,"ridge κ = 1, no reference (unseen cell → 1)"
infantry,merged,FC,multiplier fclass=ntw3_tow_b15_x8_053|infantry_grenadiers,1.023595188,"ridge κ = 1, no reference (unseen cell → 1)"
infantry,merged,FC,multiplier fclass=ntw3_tow_b15_x8_053|infantry_irregulars,0.9907897085,"ridge κ = 1, no reference (unseen cell → 1)"
infantry,merged,FC,multiplier fclass=ntw3_tow_b15_x8_053|infantry_light,1.025529323,"ridge κ = 1, no reference (unseen cell → 1)"
infantry,merged,FC,multiplier fclass=ntw3_tow_b15_x8_053|infantry_line,0.9054692786,"ridge κ = 1, no reference (unseen cell → 1)"
infantry,merged,FC,multiplier fclass=ntw3_tow_b15_x8_053|infantry_militia,0.9809435541,"ridge κ = 1, no reference (unseen cell → 1)"
infantry,merged,FC,multiplier fclass=ntw3_tow_b15_x8_053|infantry_skirmishers,0.9268065645,"ridge κ = 1, no reference (unseen cell → 1)"
infantry,merged,FC,multiplier fclass=ntw3_tow_b17_x8_055|infantry_grenadiers,1.039853362,"ridge κ = 1, no reference (unseen cell → 1)"
infantry,merged,FC,multiplier fclass=ntw3_tow_b17_x8_055|infantry_irregulars,1.018882982,"ridge κ = 1, no reference (unseen cell → 1)"
infantry,merged,FC,multiplier fclass=ntw3_tow_b17_x8_055|infantry_light,0.9306832405,"ridge κ = 1, no reference (unseen cell → 1)"
infantry,merged,FC,multiplier fclass=ntw3_tow_b17_x8_055|infantry_line,0.9992001909,"ridge κ = 1, no reference (unseen cell → 1)"
infantry,merged,FC,multiplier fclass=ntw3_tow_b17_x8_055|infantry_militia,1.007794304,"ridge κ = 1, no reference (unseen cell → 1)"
infantry,merged,FC,multiplier fclass=ntw3_tow_b17_x8_055|infantry_skirmishers,1.082696332,"ridge κ = 1, no reference (unseen cell → 1)"
infantry,merged,FC,multiplier fclass=ntw3_tow_b17_x8_056|infantry_grenadiers,0.9730968124,"ridge κ = 1, no reference (unseen cell → 1)"
infantry,merged,FC,multiplier fclass=ntw3_tow_b17_x8_056|infantry_light,0.9780089913,"ridge κ = 1, no reference (unseen cell → 1)"
infantry,merged,FC,multiplier fclass=ntw3_tow_b17_x8_056|infantry_line,0.9498564918,"ridge κ = 1, no reference (unseen cell → 1)"
infantry,merged,FC,multiplier fclass=ntw3_tow_b17_x8_056|infantry_militia,1.008848712,"ridge κ = 1, no reference (unseen cell → 1)"
infantry,merged,FC,multiplier fclass=ntw3_tow_b17_x8_056|infantry_skirmishers,1.028803568,"ridge κ = 1, no reference (unseen cell → 1)"
infantry,merged,FC,multiplier fclass=ntw3_tow_b17_x8_057|infantry_grenadiers,1.018054046,"ridge κ = 1, no reference (unseen cell → 1)"
infantry,merged,FC,multiplier fclass=ntw3_tow_b17_x8_057|infantry_light,1.051196612,"ridge κ = 1, no reference (unseen cell → 1)"
infantry,merged,FC,multiplier fclass=ntw3_tow_b17_x8_057|infantry_line,1.002475462,"ridge κ = 1, no reference (unseen cell → 1)"
infantry,merged,FC,multiplier fclass=ntw3_tow_b17_x8_057|infantry_skirmishers,1.025105676,"ridge κ = 1, no reference (unseen cell → 1)"
infantry,merged,FC,multiplier fclass=ntw3_tow_c07_x8_017|infantry_grenadiers,1.016104852,"ridge κ = 1, no reference (unseen cell → 1)"
infantry,merged,FC,multiplier fclass=ntw3_tow_c07_x8_017|infantry_light,0.9409282178,"ridge κ = 1, no reference (unseen cell → 1)"
infantry,merged,FC,multiplier fclass=ntw3_tow_c07_x8_017|infantry_line,1.043107772,"ridge κ = 1, no reference (unseen cell → 1)"
infantry,merged,FC,multiplier fclass=ntw3_tow_c07_x8_017|infantry_skirmishers,1.187825763,"ridge κ = 1, no reference (unseen cell → 1)"
infantry,merged,FC,multiplier fclass=ntw3_tow_c08_x8_048|infantry_grenadiers,1.098745726,"ridge κ = 1, no reference (unseen cell → 1)"
infantry,merged,FC,multiplier fclass=ntw3_tow_c08_x8_048|infantry_light,0.8798180185,"ridge κ = 1, no reference (unseen cell → 1)"
infantry,merged,FC,multiplier fclass=ntw3_tow_c08_x8_048|infantry_line,0.957839234,"ridge κ = 1, no reference (unseen cell → 1)"
infantry,merged,FC,multiplier fclass=ntw3_tow_c08_x8_048|infantry_skirmishers,1.042146583,"ridge κ = 1, no reference (unseen cell → 1)"
infantry,merged,FC,multiplier fclass=ntw3_tow_c10_x8_025|infantry_grenadiers,1.188363552,"ridge κ = 1, no reference (unseen cell → 1)"
infantry,merged,FC,multiplier fclass=ntw3_tow_c10_x8_025|infantry_light,1.005915574,"ridge κ = 1, no reference (unseen cell → 1)"
infantry,merged,FC,multiplier fclass=ntw3_tow_c10_x8_025|infantry_line,0.90448954,"ridge κ = 1, no reference (unseen cell → 1)"
infantry,merged,FC,multiplier fclass=ntw3_tow_c10_x8_025|infantry_militia,0.8006636895,"ridge κ = 1, no reference (unseen cell → 1)"
infantry,merged,FC,multiplier fclass=ntw3_tow_c10_x8_025|infantry_skirmishers,0.9298186427,"ridge κ = 1, no reference (unseen cell → 1)"
infantry,merged,FC,multiplier fclass=ntw3_tow_c14_x8_030|infantry_grenadiers,0.9943907853,"ridge κ = 1, no reference (unseen cell → 1)"
infantry,merged,FC,multiplier fclass=ntw3_tow_c14_x8_030|infantry_light,1.071689259,"ridge κ = 1, no reference (unseen cell → 1)"
infantry,merged,FC,multiplier fclass=ntw3_tow_c14_x8_030|infantry_line,0.9792457912,"ridge κ = 1, no reference (unseen cell → 1)"
infantry,merged,FC,multiplier fclass=ntw3_tow_c14_x8_030|infantry_skirmishers,1.078313103,"ridge κ = 1, no reference (unseen cell → 1)"
infantry,merged,FC,multiplier fclass=ntw3_tow_c15_x8_051|infantry_grenadiers,0.9757808068,"ridge κ = 1, no reference (unseen cell → 1)"
infantry,merged,FC,multiplier fclass=ntw3_tow_c15_x8_051|infantry_irregulars,0.9507065855,"ridge κ = 1, no reference (unseen cell → 1)"
infantry,merged,FC,multiplier fclass=ntw3_tow_c15_x8_051|infantry_light,0.8090744069,"ridge κ = 1, no reference (unseen cell → 1)"
infantry,merged,FC,multiplier fclass=ntw3_tow_c15_x8_051|infantry_line,0.9414825384,"ridge κ = 1, no reference (unseen cell → 1)"
infantry,merged,FC,multiplier fclass=ntw3_tow_c15_x8_051|infantry_skirmishers,1.250281525,"ridge κ = 1, no reference (unseen cell → 1)"
infantry,merged,FC,multiplier fclass=piedmont_savoy|infantry_grenadiers,0.9605139294,"ridge κ = 1, no reference (unseen cell → 1)"
infantry,merged,FC,multiplier fclass=piedmont_savoy|infantry_light,0.8128020872,"ridge κ = 1, no reference (unseen cell → 1)"
infantry,merged,FC,multiplier fclass=piedmont_savoy|infantry_line,0.9551629019,"ridge κ = 1, no reference (unseen cell → 1)"
infantry,merged,FC,multiplier fclass=piedmont_savoy|infantry_militia,0.6487254039,"ridge κ = 1, no reference (unseen cell → 1)"
infantry,merged,FC,multiplier fclass=piedmont_savoy|infantry_skirmishers,1.41680177,"ridge κ = 1, no reference (unseen cell → 1)"
infantry,merged,FC,multiplier side=coalition,1,reference coalition
infantry,merged,FC,multiplier side=imperial,0.8836976195,reference coalition
cavalry,imperial,final,size,n,models = men_raw/2
cavalry,imperial,final,size power p,0.75,price ∝ size^p
cavalry,imperial,final,shape fire,range,how shooting / firearm / calibre enter β·x (see SHAPE_DEFAULTS)
cavalry,imperial,final,shape cal,full,how shooting / firearm / calibre enter β·x (see SHAPE_DEFAULTS)
cavalry,imperial,final,shape shoot,additive,how shooting / firearm / calibre enter β·x (see SHAPE_DEFAULTS)
cavalry,imperial,final,shape cal_df,3,how shooting / firearm / calibre enter β·x (see SHAPE_DEFAULTS)
cavalry,imperial,final,shape shot,onehot,how shooting / firearm / calibre enter β·x (see SHAPE_DEFAULTS)
cavalry,imperial,final,(intercept: per-size constant b0),5.250636553,β·x + [—] × models^0.75 × rank_depth × rating | reference levels: unit_class=cavalry_light; speed=C4
cavalry,imperial,final,accuracy,0.2240038099,gold per size unit^p
cavalry,imperial,final,morale,1.082896678,gold per size unit^p
cavalry,imperial,final,melee_attack,-0.1096530596,gold per size unit^p
cavalry,imperial,final,melee_defense,0.6290628591,gold per size unit^p
cavalry,imperial,final,charge_bonus,1.099191536,gold per size unit^p
cavalry,imperial,final,has_stamina,7.40098231,gold per size unit^p
cavalry,imperial,final,is_shock_resistant,10.57642853,gold per size unit^p
cavalry,imperial,final,can_inspire,8.494002052,gold per size unit^p
cavalry,imperial,final,has_guerrilla_deployment,19.90591671,gold per size unit^p
cavalry,imperial,final,is_camel,-24.46296837,gold per size unit^p
cavalry,imperial,final,unit_class=cavalry_heavy,-0.9922295158,gold per size unit^p
cavalry,imperial,final,unit_class=cavalry_lancers,-3.291130974,gold per size unit^p
cavalry,imperial,final,unit_class=cavalry_standard,-1.399978408,gold per size unit^p
cavalry,imperial,final,speed=C1,-7.068223174,gold per size unit^p
cavalry,imperial,final,speed=C3,-3.808623974,gold per size unit^p
cavalry,imperial,final,speed=C5,-5.948372478,gold per size unit^p
cavalry,imperial,final,multiplier rank_depth δ,-0.02143758414,m = 1 + δ·(rank_depth − 10)
cavalry,imperial,final,multiplier rating=10,0.7933109741,reference 8
cavalry,imperial,final,multiplier rating=11,0.7459130944,reference 8
cavalry,imperial,final,multiplier rating=12,0.6486640537,reference 8
cavalry,imperial,final,multiplier rating=5,1.783889949,reference 8
cavalry,imperial,final,multiplier rating=6,1.333899298,reference 8
cavalry,imperial,final,multiplier rating=7,1.108584288,reference 8
cavalry,imperial,final,multiplier rating=8,1,reference 8
cavalry,imperial,final,multiplier rating=9,0.8849649249,reference 8
cavalry,imperial,RF,size,n,models = men_raw/2
cavalry,imperial,RF,size power p,0.75,price ∝ size^p
cavalry,imperial,RF,shape fire,range,how shooting / firearm / calibre enter β·x (see SHAPE_DEFAULTS)
cavalry,imperial,RF,shape cal,full,how shooting / firearm / calibre enter β·x (see SHAPE_DEFAULTS)
cavalry,imperial,RF,shape shoot,additive,how shooting / firearm / calibre enter β·x (see SHAPE_DEFAULTS)
cavalry,imperial,RF,shape cal_df,3,how shooting / firearm / calibre enter β·x (see SHAPE_DEFAULTS)
cavalry,imperial,RF,shape shot,onehot,how shooting / firearm / calibre enter β·x (see SHAPE_DEFAULTS)
cavalry,imperial,RF,(intercept: per-size constant b0),5.250636553,β·x + [—] × models^0.75 × rank_depth × rating | reference levels: unit_class=cavalry_light; speed=C4
cavalry,imperial,RF,accuracy,0.2240038099,gold per size unit^p
cavalry,imperial,RF,morale,1.082896678,gold per size unit^p
cavalry,imperial,RF,melee_attack,-0.1096530596,gold per size unit^p
cavalry,imperial,RF,melee_defense,0.6290628591,gold per size unit^p
cavalry,imperial,RF,charge_bonus,1.099191536,gold per size unit^p
cavalry,imperial,RF,has_stamina,7.40098231,gold per size unit^p
cavalry,imperial,RF,is_shock_resistant,10.57642853,gold per size unit^p
cavalry,imperial,RF,can_inspire,8.494002052,gold per size unit^p
cavalry,imperial,RF,has_guerrilla_deployment,19.90591671,gold per size unit^p
cavalry,imperial,RF,is_camel,-24.46296837,gold per size unit^p
cavalry,imperial,RF,unit_class=cavalry_heavy,-0.9922295158,gold per size unit^p
cavalry,imperial,RF,unit_class=cavalry_lancers,-3.291130974,gold per size unit^p
cavalry,imperial,RF,unit_class=cavalry_standard,-1.399978408,gold per size unit^p
cavalry,imperial,RF,speed=C1,-7.068223174,gold per size unit^p
cavalry,imperial,RF,speed=C3,-3.808623974,gold per size unit^p
cavalry,imperial,RF,speed=C5,-5.948372478,gold per size unit^p
cavalry,imperial,RF,multiplier rank_depth δ,-0.02143758414,m = 1 + δ·(rank_depth − 10)
cavalry,imperial,RF,multiplier rating=10,0.7933109741,reference 8
cavalry,imperial,RF,multiplier rating=11,0.7459130944,reference 8
cavalry,imperial,RF,multiplier rating=12,0.6486640537,reference 8
cavalry,imperial,RF,multiplier rating=5,1.783889949,reference 8
cavalry,imperial,RF,multiplier rating=6,1.333899298,reference 8
cavalry,imperial,RF,multiplier rating=7,1.108584288,reference 8
cavalry,imperial,RF,multiplier rating=8,1,reference 8
cavalry,imperial,RF,multiplier rating=9,0.8849649249,reference 8
cavalry,imperial,RF,faction modifier denmark,0.8963266191,per-arm; multiplies the scaled part
cavalry,imperial,RF,faction modifier france,1.028248166,per-arm; multiplies the scaled part
cavalry,imperial,RF,faction modifier ntw3_tow_a03_x8_032,1.02243249,per-arm; multiplies the scaled part
cavalry,imperial,RF,faction modifier ntw3_tow_a03_x8_033,1.036711786,per-arm; multiplies the scaled part
cavalry,imperial,RF,faction modifier ntw3_tow_a03_x8_038,1,per-arm; multiplies the scaled part
cavalry,imperial,RF,faction modifier ntw3_tow_a03_x8_040,0.9976936018,per-arm; multiplies the scaled part
cavalry,imperial,RF,faction modifier ntw3_tow_a04_x8_005,0.9786997815,per-arm; multiplies the scaled part
cavalry,imperial,RF,faction modifier ntw3_tow_a05_x8_001,1.02200226,per-arm; multiplies the scaled part
cavalry,imperial,RF,faction modifier ntw3_tow_a05_x8_004,0.9965374102,per-arm; multiplies the scaled part
cavalry,imperial,RF,faction modifier ntw3_tow_a06_x8_002,1,per-arm; multiplies the scaled part
cavalry,imperial,RF,faction modifier ntw3_tow_a08_x8_047,1.01493782,per-arm; multiplies the scaled part
cavalry,imperial,RF,faction modifier ntw3_tow_a09_x8_021,0.9788271413,per-arm; multiplies the scaled part
cavalry,imperial,RF,faction modifier ntw3_tow_a11_x8_027,0.9935230634,per-arm; multiplies the scaled part
cavalry,imperial,RF,faction modifier ntw3_tow_a11_x8_028,0.9872832949,per-arm; multiplies the scaled part
cavalry,imperial,RF,faction modifier ntw3_tow_a11_x8_029,1.017723521,per-arm; multiplies the scaled part
cavalry,imperial,RF,faction modifier ntw3_tow_a12_x8_003,0.9476916377,per-arm; multiplies the scaled part
cavalry,imperial,RF,faction modifier ntw3_tow_a13_x8_022,0.9838514609,per-arm; multiplies the scaled part
cavalry,imperial,RF,faction modifier ntw3_tow_a17_x8_054,1.006442265,per-arm; multiplies the scaled part
cavalry,imperial,RF,faction modifier ntw3_tow_c07_x8_017,1.014592898,per-arm; multiplies the scaled part
cavalry,imperial,RF,faction modifier ntw3_tow_c08_x8_048,0.9849220102,per-arm; multiplies the scaled part
cavalry,imperial,RF,faction modifier ntw3_tow_c10_x8_025,1.099179984,per-arm; multiplies the scaled part
cavalry,imperial,RF,faction modifier ntw3_tow_c14_x8_030,1.039797564,per-arm; multiplies the scaled part
cavalry,imperial,RF,faction modifier ntw3_tow_c15_x8_051,1.03078496,per-arm; multiplies the scaled part
cavalry,imperial,FC,size,n,models = men_raw/2
cavalry,imperial,FC,size power p,0.75,price ∝ size^p
cavalry,imperial,FC,shape fire,range,how shooting / firearm / calibre enter β·x (see SHAPE_DEFAULTS)
cavalry,imperial,FC,shape cal,full,how shooting / firearm / calibre enter β·x (see SHAPE_DEFAULTS)
cavalry,imperial,FC,shape shoot,additive,how shooting / firearm / calibre enter β·x (see SHAPE_DEFAULTS)
cavalry,imperial,FC,shape cal_df,3,how shooting / firearm / calibre enter β·x (see SHAPE_DEFAULTS)
cavalry,imperial,FC,shape shot,onehot,how shooting / firearm / calibre enter β·x (see SHAPE_DEFAULTS)
cavalry,imperial,FC,(intercept: per-size constant b0),4.027665843,β·x + [—] × models^0.75 × fclass × rank_depth rating fixed (8/N) κ=1 | reference levels: unit_class=cavalry_light; speed=C4
cavalry,imperial,FC,accuracy,0.1330523809,gold per size unit^p
cavalry,imperial,FC,morale,1.010892603,gold per size unit^p
cavalry,imperial,FC,melee_attack,0.3008743629,gold per size unit^p
cavalry,imperial,FC,melee_defense,0.3594410788,gold per size unit^p
cavalry,imperial,FC,charge_bonus,1.110562916,gold per size unit^p
cavalry,imperial,FC,has_stamina,7.68157986,gold per size unit^p
cavalry,imperial,FC,is_shock_resistant,10.66431205,gold per size unit^p
cavalry,imperial,FC,can_inspire,8.843160579,gold per size unit^p
cavalry,imperial,FC,has_guerrilla_deployment,13.89797557,gold per size unit^p
cavalry,imperial,FC,is_camel,-22.27987286,gold per size unit^p
cavalry,imperial,FC,unit_class=cavalry_heavy,-2.375397838,gold per size unit^p
cavalry,imperial,FC,unit_class=cavalry_lancers,-1.47761781,gold per size unit^p
cavalry,imperial,FC,unit_class=cavalry_standard,-0.9766458713,gold per size unit^p
cavalry,imperial,FC,speed=C1,-3.194897613,gold per size unit^p
cavalry,imperial,FC,speed=C3,-2.207010288,gold per size unit^p
cavalry,imperial,FC,speed=C5,-3.18552963,gold per size unit^p
cavalry,imperial,FC,rating divisor,8/rating,fixed; scales the β part like a multiplier
cavalry,imperial,FC,multiplier fclass=denmark|cavalry_heavy,0.9240438917,"ridge κ = 1, no reference (unseen cell → 1)"
cavalry,imperial,FC,multiplier fclass=denmark|cavalry_lancers,1.006559737,"ridge κ = 1, no reference (unseen cell → 1)"
cavalry,imperial,FC,multiplier fclass=denmark|cavalry_light,0.8511344227,"ridge κ = 1, no reference (unseen cell → 1)"
cavalry,imperial,FC,multiplier fclass=denmark|cavalry_standard,1.001419548,"ridge κ = 1, no reference (unseen cell → 1)"
cavalry,imperial,FC,multiplier fclass=france|cavalry_heavy,1.033178641,"ridge κ = 1, no reference (unseen cell → 1)"
cavalry,imperial,FC,multiplier fclass=france|cavalry_lancers,1.041323113,"ridge κ = 1, no reference (unseen cell → 1)"
cavalry,imperial,FC,multiplier fclass=france|cavalry_light,1.047348876,"ridge κ = 1, no reference (unseen cell → 1)"
cavalry,imperial,FC,multiplier fclass=france|cavalry_standard,1.02161298,"ridge κ = 1, no reference (unseen cell → 1)"
cavalry,imperial,FC,multiplier fclass=ntw3_tow_a03_x8_032|cavalry_heavy,1.068959913,"ridge κ = 1, no reference (unseen cell → 1)"
cavalry,imperial,FC,multiplier fclass=ntw3_tow_a03_x8_032|cavalry_light,1.002166625,"ridge κ = 1, no reference (unseen cell → 1)"
cavalry,imperial,FC,multiplier fclass=ntw3_tow_a03_x8_032|cavalry_standard,0.9904883439,"ridge κ = 1, no reference (unseen cell → 1)"
cavalry,imperial,FC,multiplier fclass=ntw3_tow_a03_x8_033|cavalry_heavy,1.108270822,"ridge κ = 1, no reference (unseen cell → 1)"
cavalry,imperial,FC,multiplier fclass=ntw3_tow_a03_x8_033|cavalry_lancers,1.019457707,"ridge κ = 1, no reference (unseen cell → 1)"
cavalry,imperial,FC,multiplier fclass=ntw3_tow_a03_x8_033|cavalry_light,0.9262539505,"ridge κ = 1, no reference (unseen cell → 1)"
cavalry,imperial,FC,multiplier fclass=ntw3_tow_a03_x8_033|cavalry_standard,0.9333622601,"ridge κ = 1, no reference (unseen cell → 1)"
cavalry,imperial,FC,multiplier fclass=ntw3_tow_a03_x8_038|cavalry_light,1.11624014,"ridge κ = 1, no reference (unseen cell → 1)"
cavalry,imperial,FC,multiplier fclass=ntw3_tow_a03_x8_040|cavalry_heavy,1.081283274,"ridge κ = 1, no reference (unseen cell → 1)"
cavalry,imperial,FC,multiplier fclass=ntw3_tow_a03_x8_040|cavalry_light,0.8782467906,"ridge κ = 1, no reference (unseen cell → 1)"
cavalry,imperial,FC,multiplier fclass=ntw3_tow_a03_x8_040|cavalry_standard,0.9596678107,"ridge κ = 1, no reference (unseen cell → 1)"
cavalry,imperial,FC,multiplier fclass=ntw3_tow_a04_x8_005|cavalry_light,1.017277036,"ridge κ = 1, no reference (unseen cell → 1)"
cavalry,imperial,FC,multiplier fclass=ntw3_tow_a04_x8_005|cavalry_standard,0.9140905765,"ridge κ = 1, no reference (unseen cell → 1)"
cavalry,imperial,FC,multiplier fclass=ntw3_tow_a05_x8_001|cavalry_heavy,1.061115379,"ridge κ = 1, no reference (unseen cell → 1)"
cavalry,imperial,FC,multiplier fclass=ntw3_tow_a05_x8_001|cavalry_light,1.057058728,"ridge κ = 1, no reference (unseen cell → 1)"
cavalry,imperial,FC,multiplier fclass=ntw3_tow_a05_x8_001|cavalry_standard,0.9720297597,"ridge κ = 1, no reference (unseen cell → 1)"
cavalry,imperial,FC,multiplier fclass=ntw3_tow_a05_x8_004|cavalry_heavy,1.076817602,"ridge κ = 1, no reference (unseen cell → 1)"
cavalry,imperial,FC,multiplier fclass=ntw3_tow_a05_x8_004|cavalry_light,1.069545615,"ridge κ = 1, no reference (unseen cell → 1)"
cavalry,imperial,FC,multiplier fclass=ntw3_tow_a05_x8_004|cavalry_standard,0.8493559961,"ridge κ = 1, no reference (unseen cell → 1)"
cavalry,imperial,FC,multiplier fclass=ntw3_tow_a06_x8_002|cavalry_heavy,0.9050278834,"ridge κ = 1, no reference (unseen cell → 1)"
cavalry,imperial,FC,multiplier fclass=ntw3_tow_a06_x8_002|cavalry_light,1.011318136,"ridge κ = 1, no reference (unseen cell → 1)"
cavalry,imperial,FC,multiplier fclass=ntw3_tow_a06_x8_002|cavalry_standard,0.952916254,"ridge κ = 1, no reference (unseen cell → 1)"
cavalry,imperial,FC,multiplier fclass=ntw3_tow_a08_x8_047|cavalry_heavy,0.9663960352,"ridge κ = 1, no reference (unseen cell → 1)"
cavalry,imperial,FC,multiplier fclass=ntw3_tow_a08_x8_047|cavalry_lancers,0.9775492174,"ridge κ = 1, no reference (unseen cell → 1)"
cavalry,imperial,FC,multiplier fclass=ntw3_tow_a08_x8_047|cavalry_light,1.022636367,"ridge κ = 1, no reference (unseen cell → 1)"
cavalry,imperial,FC,multiplier fclass=ntw3_tow_a08_x8_047|cavalry_standard,1.040231503,"ridge κ = 1, no reference (unseen cell → 1)"
cavalry,imperial,FC,multiplier fclass=ntw3_tow_a09_x8_021|cavalry_heavy,1.038045625,"ridge κ = 1, no reference (unseen cell → 1)"
cavalry,imperial,FC,multiplier fclass=ntw3_tow_a09_x8_021|cavalry_lancers,1.037786285,"ridge κ = 1, no reference (unseen cell → 1)"
cavalry,imperial,FC,multiplier fclass=ntw3_tow_a09_x8_021|cavalry_light,1.048709685,"ridge κ = 1, no reference (unseen cell → 1)"
cavalry,imperial,FC,multiplier fclass=ntw3_tow_a09_x8_021|cavalry_standard,0.8549531452,"ridge κ = 1, no reference (unseen cell → 1)"
cavalry,imperial,FC,multiplier fclass=ntw3_tow_a11_x8_027|cavalry_heavy,1.069997936,"ridge κ = 1, no reference (unseen cell → 1)"
cavalry,imperial,FC,multiplier fclass=ntw3_tow_a11_x8_027|cavalry_lancers,1.043684176,"ridge κ = 1, no reference (unseen cell → 1)"
cavalry,imperial,FC,multiplier fclass=ntw3_tow_a11_x8_027|cavalry_light,0.9035907434,"ridge κ = 1, no reference (unseen cell → 1)"
cavalry,imperial,FC,multiplier fclass=ntw3_tow_a11_x8_027|cavalry_standard,1.043513701,"ridge κ = 1, no reference (unseen cell → 1)"
cavalry,imperial,FC,multiplier fclass=ntw3_tow_a11_x8_028|cavalry_heavy,0.9774504836,"ridge κ = 1, no reference (unseen cell → 1)"
cavalry,imperial,FC,multiplier fclass=ntw3_tow_a11_x8_028|cavalry_lancers,1.005381601,"ridge κ = 1, no reference (unseen cell → 1)"
cavalry,imperial,FC,multiplier fclass=ntw3_tow_a11_x8_028|cavalry_light,1.005530324,"ridge κ = 1, no reference (unseen cell → 1)"
cavalry,imperial,FC,multiplier fclass=ntw3_tow_a11_x8_028|cavalry_standard,1.010430087,"ridge κ = 1, no reference (unseen cell → 1)"
cavalry,imperial,FC,multiplier fclass=ntw3_tow_a11_x8_029|cavalry_heavy,1.080693087,"ridge κ = 1, no reference (unseen cell → 1)"
cavalry,imperial,FC,multiplier fclass=ntw3_tow_a11_x8_029|cavalry_lancers,0.9607460042,"ridge κ = 1, no reference (unseen cell → 1)"
cavalry,imperial,FC,multiplier fclass=ntw3_tow_a11_x8_029|cavalry_light,0.9652189172,"ridge κ = 1, no reference (unseen cell → 1)"
cavalry,imperial,FC,multiplier fclass=ntw3_tow_a11_x8_029|cavalry_standard,0.9703966183,"ridge κ = 1, no reference (unseen cell → 1)"
cavalry,imperial,FC,multiplier fclass=ntw3_tow_a12_x8_003|cavalry_heavy,0.8463475338,"ridge κ = 1, no reference (unseen cell → 1)"
cavalry,imperial,FC,multiplier fclass=ntw3_tow_a12_x8_003|cavalry_lancers,1.004773502,"ridge κ = 1, no reference (unseen cell → 1)"
cavalry,imperial,FC,multiplier fclass=ntw3_tow_a12_x8_003|cavalry_light,1.002517096,"ridge κ = 1, no reference (unseen cell → 1)"
cavalry,imperial,FC,multiplier fclass=ntw3_tow_a12_x8_003|cavalry_standard,1.010850975,"ridge κ = 1, no reference (unseen cell → 1)"
cavalry,imperial,FC,multiplier fclass=ntw3_tow_a13_x8_022|cavalry_heavy,1.095023161,"ridge κ = 1, no reference (unseen cell → 1)"
cavalry,imperial,FC,multiplier fclass=ntw3_tow_a13_x8_022|cavalry_lancers,0.9988680021,"ridge κ = 1, no reference (unseen cell → 1)"
cavalry,imperial,FC,multiplier fclass=ntw3_tow_a13_x8_022|cavalry_light,0.9732487054,"ridge κ = 1, no reference (unseen cell → 1)"
cavalry,imperial,FC,multiplier fclass=ntw3_tow_a13_x8_022|cavalry_standard,0.9257779094,"ridge κ = 1, no reference (unseen cell → 1)"
cavalry,imperial,FC,multiplier fclass=ntw3_tow_a17_x8_054|cavalry_heavy,0.9045469618,"ridge κ = 1, no reference (unseen cell → 1)"
cavalry,imperial,FC,multiplier fclass=ntw3_tow_a17_x8_054|cavalry_lancers,0.9904987175,"ridge κ = 1, no reference (unseen cell → 1)"
cavalry,imperial,FC,multiplier fclass=ntw3_tow_a17_x8_054|cavalry_light,1.070295814,"ridge κ = 1, no reference (unseen cell → 1)"
cavalry,imperial,FC,multiplier fclass=ntw3_tow_a17_x8_054|cavalry_standard,0.9619707781,"ridge κ = 1, no reference (unseen cell → 1)"
cavalry,imperial,FC,multiplier fclass=ntw3_tow_c07_x8_017|cavalry_heavy,0.9406900728,"ridge κ = 1, no reference (unseen cell → 1)"
cavalry,imperial,FC,multiplier fclass=ntw3_tow_c07_x8_017|cavalry_lancers,0.8667117096,"ridge κ = 1, no reference (unseen cell → 1)"
cavalry,imperial,FC,multiplier fclass=ntw3_tow_c07_x8_017|cavalry_light,1.063430352,"ridge κ = 1, no reference (unseen cell → 1)"
cavalry,imperial,FC,multiplier fclass=ntw3_tow_c07_x8_017|cavalry_standard,1.017200589,"ridge κ = 1, no reference (unseen cell → 1)"
cavalry,imperial,FC,multiplier fclass=ntw3_tow_c08_x8_048|cavalry_heavy,1.056299928,"ridge κ = 1, no reference (unseen cell → 1)"
cavalry,imperial,FC,multiplier fclass=ntw3_tow_c08_x8_048|cavalry_lancers,0.592284845,"ridge κ = 1, no reference (unseen cell → 1)"
cavalry,imperial,FC,multiplier fclass=ntw3_tow_c08_x8_048|cavalry_light,1.05012935,"ridge κ = 1, no reference (unseen cell → 1)"
cavalry,imperial,FC,multiplier fclass=ntw3_tow_c08_x8_048|cavalry_standard,1.034377673,"ridge κ = 1, no reference (unseen cell → 1)"
cavalry,imperial,FC,multiplier fclass=ntw3_tow_c10_x8_025|cavalry_light,1.046817965,"ridge κ = 1, no reference (unseen cell → 1)"
cavalry,imperial,FC,multiplier fclass=ntw3_tow_c10_x8_025|cavalry_standard,1.085804407,"ridge κ = 1, no reference (unseen cell → 1)"
cavalry,imperial,FC,multiplier fclass=ntw3_tow_c14_x8_030|cavalry_heavy,1.027149128,"ridge κ = 1, no reference (unseen cell → 1)"
cavalry,imperial,FC,multiplier fclass=ntw3_tow_c14_x8_030|cavalry_lancers,0.9666713941,"ridge κ = 1, no reference (unseen cell → 1)"
cavalry,imperial,FC,multiplier fclass=ntw3_tow_c14_x8_030|cavalry_light,1.045034835,"ridge κ = 1, no reference (unseen cell → 1)"
cavalry,imperial,FC,multiplier fclass=ntw3_tow_c15_x8_051|cavalry_heavy,1.068417676,"ridge κ = 1, no reference (unseen cell → 1)"
cavalry,imperial,FC,multiplier fclass=ntw3_tow_c15_x8_051|cavalry_lancers,1.013608211,"ridge κ = 1, no reference (unseen cell → 1)"
cavalry,imperial,FC,multiplier fclass=ntw3_tow_c15_x8_051|cavalry_light,1.008540733,"ridge κ = 1, no reference (unseen cell → 1)"
cavalry,imperial,FC,multiplier fclass=ntw3_tow_c15_x8_051|cavalry_standard,0.9173628277,"ridge κ = 1, no reference (unseen cell → 1)"
cavalry,imperial,FC,multiplier rank_depth δ,-0.01651660169,m = 1 + δ·(rank_depth − 10)
cavalry,coalition,final,size,n,models = men_raw/2
cavalry,coalition,final,size power p,0.75,price ∝ size^p
cavalry,coalition,final,shape fire,range,how shooting / firearm / calibre enter β·x (see SHAPE_DEFAULTS)
cavalry,coalition,final,shape cal,full,how shooting / firearm / calibre enter β·x (see SHAPE_DEFAULTS)
cavalry,coalition,final,shape shoot,additive,how shooting / firearm / calibre enter β·x (see SHAPE_DEFAULTS)
cavalry,coalition,final,shape cal_df,3,how shooting / firearm / calibre enter β·x (see SHAPE_DEFAULTS)
cavalry,coalition,final,shape shot,onehot,how shooting / firearm / calibre enter β·x (see SHAPE_DEFAULTS)
cavalry,coalition,final,(intercept: per-size constant b0),9.068622522,β·x + [—] × models^0.75 × rank_depth × rating | reference levels: unit_class=cavalry_light; speed=C4
cavalry,coalition,final,accuracy,-0.03201176761,gold per size unit^p
cavalry,coalition,final,reload_skill,-0.05054239488,gold per size unit^p
cavalry,coalition,final,ammo,-0.153872054,gold per size unit^p
cavalry,coalition,final,morale,0.7394167835,gold per size unit^p
cavalry,coalition,final,melee_attack,-0.2660569712,gold per size unit^p
cavalry,coalition,final,melee_defense,0.5059558075,gold per size unit^p
cavalry,coalition,final,charge_bonus,1.460281373,gold per size unit^p
cavalry,coalition,final,range,0.09798682833,gold per size unit^p
cavalry,coalition,final,has_range,2.347160375,gold per size unit^p
cavalry,coalition,final,has_stamina,7.188065139,gold per size unit^p
cavalry,coalition,final,is_shock_resistant,10.05903741,gold per size unit^p
cavalry,coalition,final,can_inspire,8.569098555,gold per size unit^p
cavalry,coalition,final,has_guerrilla_deployment,6.71124337,gold per size unit^p
cavalry,coalition,final,is_camel,-15.39045575,gold per size unit^p
cavalry,coalition,final,unit_class=cavalry_heavy,-2.299947477,gold per size unit^p
cavalry,coalition,final,unit_class=cavalry_lancers,-2.445412106,gold per size unit^p
cavalry,coalition,final,unit_class=cavalry_missile,2.712856152,gold per size unit^p
cavalry,coalition,final,unit_class=cavalry_standard,-2.176406007,gold per size unit^p
cavalry,coalition,final,speed=C1,-5.253468667,gold per size unit^p
cavalry,coalition,final,speed=C3,-2.255956782,gold per size unit^p
cavalry,coalition,final,speed=C5,-4.526582043,gold per size unit^p
cavalry,coalition,final,multiplier rank_depth δ,-0.02258232722,m = 1 + δ·(rank_depth − 11)
cavalry,coalition,final,multiplier rating=10,0.8864514895,reference 8
cavalry,coalition,final,multiplier rating=5,1.671082934,reference 8
cavalry,coalition,final,multiplier rating=6,1.455819336,reference 8
cavalry,coalition,final,multiplier rating=7,1.199473083,reference 8
cavalry,coalition,final,multiplier rating=8,1,reference 8
cavalry,coalition,final,multiplier rating=9,0.9643225223,reference 8
cavalry,coalition,RF,size,n,models = men_raw/2
cavalry,coalition,RF,size power p,0.75,price ∝ size^p
cavalry,coalition,RF,shape fire,range,how shooting / firearm / calibre enter β·x (see SHAPE_DEFAULTS)
cavalry,coalition,RF,shape cal,full,how shooting / firearm / calibre enter β·x (see SHAPE_DEFAULTS)
cavalry,coalition,RF,shape shoot,additive,how shooting / firearm / calibre enter β·x (see SHAPE_DEFAULTS)
cavalry,coalition,RF,shape cal_df,3,how shooting / firearm / calibre enter β·x (see SHAPE_DEFAULTS)
cavalry,coalition,RF,shape shot,onehot,how shooting / firearm / calibre enter β·x (see SHAPE_DEFAULTS)
cavalry,coalition,RF,(intercept: per-size constant b0),9.068622522,β·x + [—] × models^0.75 × rank_depth × rating | reference levels: unit_class=cavalry_light; speed=C4
cavalry,coalition,RF,accuracy,-0.03201176761,gold per size unit^p
cavalry,coalition,RF,reload_skill,-0.05054239488,gold per size unit^p
cavalry,coalition,RF,ammo,-0.153872054,gold per size unit^p
cavalry,coalition,RF,morale,0.7394167835,gold per size unit^p
cavalry,coalition,RF,melee_attack,-0.2660569712,gold per size unit^p
cavalry,coalition,RF,melee_defense,0.5059558075,gold per size unit^p
cavalry,coalition,RF,charge_bonus,1.460281373,gold per size unit^p
cavalry,coalition,RF,range,0.09798682833,gold per size unit^p
cavalry,coalition,RF,has_range,2.347160375,gold per size unit^p
cavalry,coalition,RF,has_stamina,7.188065139,gold per size unit^p
cavalry,coalition,RF,is_shock_resistant,10.05903741,gold per size unit^p
cavalry,coalition,RF,can_inspire,8.569098555,gold per size unit^p
cavalry,coalition,RF,has_guerrilla_deployment,6.71124337,gold per size unit^p
cavalry,coalition,RF,is_camel,-15.39045575,gold per size unit^p
cavalry,coalition,RF,unit_class=cavalry_heavy,-2.299947477,gold per size unit^p
cavalry,coalition,RF,unit_class=cavalry_lancers,-2.445412106,gold per size unit^p
cavalry,coalition,RF,unit_class=cavalry_missile,2.712856152,gold per size unit^p
cavalry,coalition,RF,unit_class=cavalry_standard,-2.176406007,gold per size unit^p
cavalry,coalition,RF,speed=C1,-5.253468667,gold per size unit^p
cavalry,coalition,RF,speed=C3,-2.255956782,gold per size unit^p
cavalry,coalition,RF,speed=C5,-4.526582043,gold per size unit^p
cavalry,coalition,RF,multiplier rank_depth δ,-0.02258232722,m = 1 + δ·(rank_depth − 11)
cavalry,coalition,RF,multiplier rating=10,0.8864514895,reference 8
cavalry,coalition,RF,multiplier rating=5,1.671082934,reference 8
cavalry,coalition,RF,multiplier rating=6,1.455819336,reference 8
cavalry,coalition,RF,multiplier rating=7,1.199473083,reference 8
cavalry,coalition,RF,multiplier rating=8,1,reference 8
cavalry,coalition,RF,multiplier rating=9,0.9643225223,reference 8
cavalry,coalition,RF,faction modifier britain,1.076015197,per-arm; multiplies the scaled part
cavalry,coalition,RF,faction modifier ntw3_hre,1.137425363,per-arm; multiplies the scaled part
cavalry,coalition,RF,faction modifier ntw3_tow_b03_x8_039,0.961228716,per-arm; multiplies the scaled part
cavalry,coalition,RF,faction modifier ntw3_tow_b03_x8_041,1,per-arm; multiplies the scaled part
cavalry,coalition,RF,faction modifier ntw3_tow_b03_x8_042,0.9055151461,per-arm; multiplies the scaled part
cavalry,coalition,RF,faction modifier ntw3_tow_b03_x8_043,1.023600618,per-arm; multiplies the scaled part
cavalry,coalition,RF,faction modifier ntw3_tow_b04_x8_015,1.00182224,per-arm; multiplies the scaled part
cavalry,coalition,RF,faction modifier ntw3_tow_b04_x8_016,1.05038059,per-arm; multiplies the scaled part
cavalry,coalition,RF,faction modifier ntw3_tow_b05_x8_006,1.019046134,per-arm; multiplies the scaled part
cavalry,coalition,RF,faction modifier ntw3_tow_b05_x8_007,1.033956254,per-arm; multiplies the scaled part
cavalry,coalition,RF,faction modifier ntw3_tow_b06_x8_008,1.041576353,per-arm; multiplies the scaled part
cavalry,coalition,RF,faction modifier ntw3_tow_b06_x8_009,0.9370332568,per-arm; multiplies the scaled part
cavalry,coalition,RF,faction modifier ntw3_tow_b07_x8_018,1.023828215,per-arm; multiplies the scaled part
cavalry,coalition,RF,faction modifier ntw3_tow_b08_x8_044,0.9540844502,per-arm; multiplies the scaled part
cavalry,coalition,RF,faction modifier ntw3_tow_b08_x8_045,0.9654354563,per-arm; multiplies the scaled part
cavalry,coalition,RF,faction modifier ntw3_tow_b08_x8_046,1.129462675,per-arm; multiplies the scaled part
cavalry,coalition,RF,faction modifier ntw3_tow_b09_x8_019,1.004614601,per-arm; multiplies the scaled part
cavalry,coalition,RF,faction modifier ntw3_tow_b09_x8_020,1.095440351,per-arm; multiplies the scaled part
cavalry,coalition,RF,faction modifier ntw3_tow_b10_x8_026,1.051533788,per-arm; multiplies the scaled part
cavalry,coalition,RF,faction modifier ntw3_tow_b11_x8_013,1.005252562,per-arm; multiplies the scaled part
cavalry,coalition,RF,faction modifier ntw3_tow_b11_x8_014,0.9481094496,per-arm; multiplies the scaled part
cavalry,coalition,RF,faction modifier ntw3_tow_b12_x8_011,0.964644415,per-arm; multiplies the scaled part
cavalry,coalition,RF,faction modifier ntw3_tow_b12_x8_012,0.9035942511,per-arm; multiplies the scaled part
cavalry,coalition,RF,faction modifier ntw3_tow_b13_x8_049,1.019605691,per-arm; multiplies the scaled part
cavalry,coalition,RF,faction modifier ntw3_tow_b13_x8_050,1.067477057,per-arm; multiplies the scaled part
cavalry,coalition,RF,faction modifier ntw3_tow_b14_x8_031,1.011004864,per-arm; multiplies the scaled part
cavalry,coalition,RF,faction modifier ntw3_tow_b15_x8_052,0.950228389,per-arm; multiplies the scaled part
cavalry,coalition,RF,faction modifier ntw3_tow_b15_x8_053,1.014164643,per-arm; multiplies the scaled part
cavalry,coalition,RF,faction modifier ntw3_tow_b17_x8_055,0.9339132558,per-arm; multiplies the scaled part
cavalry,coalition,RF,faction modifier ntw3_tow_b17_x8_056,1.058837072,per-arm; multiplies the scaled part
cavalry,coalition,RF,faction modifier ntw3_tow_b17_x8_057,0.9892467852,per-arm; multiplies the scaled part
cavalry,coalition,RF,faction modifier piedmont_savoy,1.037529902,per-arm; multiplies the scaled part
cavalry,coalition,FC,size,n,models = men_raw/2
cavalry,coalition,FC,size power p,0.75,price ∝ size^p
cavalry,coalition,FC,shape fire,range,how shooting / firearm / calibre enter β·x (see SHAPE_DEFAULTS)
cavalry,coalition,FC,shape cal,full,how shooting / firearm / calibre enter β·x (see SHAPE_DEFAULTS)
cavalry,coalition,FC,shape shoot,additive,how shooting / firearm / calibre enter β·x (see SHAPE_DEFAULTS)
cavalry,coalition,FC,shape cal_df,3,how shooting / firearm / calibre enter β·x (see SHAPE_DEFAULTS)
cavalry,coalition,FC,shape shot,onehot,how shooting / firearm / calibre enter β·x (see SHAPE_DEFAULTS)
cavalry,coalition,FC,(intercept: per-size constant b0),5.067857881,β·x + [—] × models^0.75 × fclass × rank_depth rating fixed (8/N) κ=1 | reference levels: unit_class=cavalry_light; speed=C4
cavalry,coalition,FC,accuracy,0.02537470925,gold per size unit^p
cavalry,coalition,FC,reload_skill,-0.007643207883,gold per size unit^p
cavalry,coalition,FC,ammo,-0.08455330283,gold per size unit^p
cavalry,coalition,FC,morale,0.9285283054,gold per size unit^p
cavalry,coalition,FC,melee_attack,0.312987657,gold per size unit^p
cavalry,coalition,FC,melee_defense,0.2657812836,gold per size unit^p
cavalry,coalition,FC,charge_bonus,1.450130425,gold per size unit^p
cavalry,coalition,FC,range,0.1127134232,gold per size unit^p
cavalry,coalition,FC,has_range,-3.796191207,gold per size unit^p
cavalry,coalition,FC,has_stamina,6.844993968,gold per size unit^p
cavalry,coalition,FC,is_shock_resistant,10.82966505,gold per size unit^p
cavalry,coalition,FC,can_inspire,9.925638791,gold per size unit^p
cavalry,coalition,FC,has_guerrilla_deployment,10.72504486,gold per size unit^p
cavalry,coalition,FC,is_camel,-16.35137905,gold per size unit^p
cavalry,coalition,FC,unit_class=cavalry_heavy,-3.126376044,gold per size unit^p
cavalry,coalition,FC,unit_class=cavalry_lancers,-1.590166132,gold per size unit^p
cavalry,coalition,FC,unit_class=cavalry_missile,-0.8505539835,gold per size unit^p
cavalry,coalition,FC,unit_class=cavalry_standard,-1.142996166,gold per size unit^p
cavalry,coalition,FC,speed=C1,-3.209289398,gold per size unit^p
cavalry,coalition,FC,speed=C3,-2.458156624,gold per size unit^p
cavalry,coalition,FC,speed=C5,-1.490519372,gold per size unit^p
cavalry,coalition,FC,rating divisor,8/rating,fixed; scales the β part like a multiplier
cavalry,coalition,FC,multiplier fclass=britain|cavalry_light,0.9927163934,"ridge κ = 1, no reference (unseen cell → 1)"
cavalry,coalition,FC,multiplier fclass=ntw3_hre|cavalry_heavy,1.195550444,"ridge κ = 1, no reference (unseen cell → 1)"
cavalry,coalition,FC,multiplier fclass=ntw3_hre|cavalry_lancers,1.066749492,"ridge κ = 1, no reference (unseen cell → 1)"
cavalry,coalition,FC,multiplier fclass=ntw3_hre|cavalry_light,1.15414274,"ridge κ = 1, no reference (unseen cell → 1)"
cavalry,coalition,FC,multiplier fclass=ntw3_hre|cavalry_standard,0.9902864212,"ridge κ = 1, no reference (unseen cell → 1)"
cavalry,coalition,FC,multiplier fclass=ntw3_tow_b03_x8_039|cavalry_lancers,0.8676147473,"ridge κ = 1, no reference (unseen cell → 1)"
cavalry,coalition,FC,multiplier fclass=ntw3_tow_b03_x8_039|cavalry_light,0.998477898,"ridge κ = 1, no reference (unseen cell → 1)"
cavalry,coalition,FC,multiplier fclass=ntw3_tow_b03_x8_041|cavalry_heavy,0.9989844206,"ridge κ = 1, no reference (unseen cell → 1)"
cavalry,coalition,FC,multiplier fclass=ntw3_tow_b03_x8_041|cavalry_light,1.023947852,"ridge κ = 1, no reference (unseen cell → 1)"
cavalry,coalition,FC,multiplier fclass=ntw3_tow_b03_x8_042|cavalry_heavy,0.8501652906,"ridge κ = 1, no reference (unseen cell → 1)"
cavalry,coalition,FC,multiplier fclass=ntw3_tow_b03_x8_042|cavalry_lancers,0.8531031233,"ridge κ = 1, no reference (unseen cell → 1)"
cavalry,coalition,FC,multiplier fclass=ntw3_tow_b03_x8_042|cavalry_light,0.9308056849,"ridge κ = 1, no reference (unseen cell → 1)"
cavalry,coalition,FC,multiplier fclass=ntw3_tow_b03_x8_042|cavalry_standard,0.9925607877,"ridge κ = 1, no reference (unseen cell → 1)"
cavalry,coalition,FC,multiplier fclass=ntw3_tow_b03_x8_043|cavalry_lancers,1.070602309,"ridge κ = 1, no reference (unseen cell → 1)"
cavalry,coalition,FC,multiplier fclass=ntw3_tow_b03_x8_043|cavalry_light,0.9432062644,"ridge κ = 1, no reference (unseen cell → 1)"
cavalry,coalition,FC,multiplier fclass=ntw3_tow_b04_x8_015|cavalry_heavy,1.062778193,"ridge κ = 1, no reference (unseen cell → 1)"
cavalry,coalition,FC,multiplier fclass=ntw3_tow_b04_x8_015|cavalry_lancers,0.9337839874,"ridge κ = 1, no reference (unseen cell → 1)"
cavalry,coalition,FC,multiplier fclass=ntw3_tow_b04_x8_015|cavalry_light,0.8577401909,"ridge κ = 1, no reference (unseen cell → 1)"
cavalry,coalition,FC,multiplier fclass=ntw3_tow_b04_x8_015|cavalry_missile,1.011234928,"ridge κ = 1, no reference (unseen cell → 1)"
cavalry,coalition,FC,multiplier fclass=ntw3_tow_b04_x8_015|cavalry_standard,1,"ridge κ = 1, no reference (unseen cell → 1)"
cavalry,coalition,FC,multiplier fclass=ntw3_tow_b04_x8_016|cavalry_heavy,1.061062543,"ridge κ = 1, no reference (unseen cell → 1)"
cavalry,coalition,FC,multiplier fclass=ntw3_tow_b04_x8_016|cavalry_lancers,0.951208085,"ridge κ = 1, no reference (unseen cell → 1)"
cavalry,coalition,FC,multiplier fclass=ntw3_tow_b04_x8_016|cavalry_light,0.9772218334,"ridge κ = 1, no reference (unseen cell → 1)"
cavalry,coalition,FC,multiplier fclass=ntw3_tow_b04_x8_016|cavalry_standard,1.004746147,"ridge κ = 1, no reference (unseen cell → 1)"
cavalry,coalition,FC,multiplier fclass=ntw3_tow_b05_x8_006|cavalry_heavy,0.8959491117,"ridge κ = 1, no reference (unseen cell → 1)"
cavalry,coalition,FC,multiplier fclass=ntw3_tow_b05_x8_006|cavalry_lancers,1.010248534,"ridge κ = 1, no reference (unseen cell → 1)"
cavalry,coalition,FC,multiplier fclass=ntw3_tow_b05_x8_006|cavalry_light,1.079910363,"ridge κ = 1, no reference (unseen cell → 1)"
cavalry,coalition,FC,multiplier fclass=ntw3_tow_b05_x8_006|cavalry_standard,1.023811106,"ridge κ = 1, no reference (unseen cell → 1)"
cavalry,coalition,FC,multiplier fclass=ntw3_tow_b05_x8_007|cavalry_heavy,1.004123562,"ridge κ = 1, no reference (unseen cell → 1)"
cavalry,coalition,FC,multiplier fclass=ntw3_tow_b05_x8_007|cavalry_lancers,0.9671012156,"ridge κ = 1, no reference (unseen cell → 1)"
cavalry,coalition,FC,multiplier fclass=ntw3_tow_b05_x8_007|cavalry_light,0.9471066372,"ridge κ = 1, no reference (unseen cell → 1)"
cavalry,coalition,FC,multiplier fclass=ntw3_tow_b05_x8_007|cavalry_standard,1.005854718,"ridge κ = 1, no reference (unseen cell → 1)"
cavalry,coalition,FC,multiplier fclass=ntw3_tow_b06_x8_008|cavalry_heavy,1.062206011,"ridge κ = 1, no reference (unseen cell → 1)"
cavalry,coalition,FC,multiplier fclass=ntw3_tow_b06_x8_008|cavalry_lancers,1.002432818,"ridge κ = 1, no reference (unseen cell → 1)"
cavalry,coalition,FC,multiplier fclass=ntw3_tow_b06_x8_008|cavalry_light,1.061291215,"ridge κ = 1, no reference (unseen cell → 1)"
cavalry,coalition,FC,multiplier fclass=ntw3_tow_b06_x8_008|cavalry_standard,0.9550439456,"ridge κ = 1, no reference (unseen cell → 1)"
cavalry,coalition,FC,multiplier fclass=ntw3_tow_b06_x8_009|cavalry_heavy,0.9656286805,"ridge κ = 1, no reference (unseen cell → 1)"
cavalry,coalition,FC,multiplier fclass=ntw3_tow_b06_x8_009|cavalry_light,1.036037116,"ridge κ = 1, no reference (unseen cell → 1)"
cavalry,coalition,FC,multiplier fclass=ntw3_tow_b06_x8_009|cavalry_standard,0.9294861402,"ridge κ = 1, no reference (unseen cell → 1)"
cavalry,coalition,FC,multiplier fclass=ntw3_tow_b07_x8_018|cavalry_heavy,1.062086389,"ridge κ = 1, no reference (unseen cell → 1)"
cavalry,coalition,FC,multiplier fclass=ntw3_tow_b07_x8_018|cavalry_light,0.9595744605,"ridge κ = 1, no reference (unseen cell → 1)"
cavalry,coalition,FC,multiplier fclass=ntw3_tow_b07_x8_018|cavalry_standard,0.9969355109,"ridge κ = 1, no reference (unseen cell → 1)"
cavalry,coalition,FC,multiplier fclass=ntw3_tow_b08_x8_044|cavalry_heavy,1.001227417,"ridge κ = 1, no reference (unseen cell → 1)"
cavalry,coalition,FC,multiplier fclass=ntw3_tow_b08_x8_044|cavalry_lancers,0.9748172203,"ridge κ = 1, no reference (unseen cell → 1)"
cavalry,coalition,FC,multiplier fclass=ntw3_tow_b08_x8_044|cavalry_light,0.9517257878,"ridge κ = 1, no reference (unseen cell → 1)"
cavalry,coalition,FC,multiplier fclass=ntw3_tow_b08_x8_044|cavalry_standard,1.007617323,"ridge κ = 1, no reference (unseen cell → 1)"
cavalry,coalition,FC,multiplier fclass=ntw3_tow_b08_x8_045|cavalry_heavy,0.9608726049,"ridge κ = 1, no reference (unseen cell → 1)"
cavalry,coalition,FC,multiplier fclass=ntw3_tow_b08_x8_045|cavalry_light,1.034428293,"ridge κ = 1, no reference (unseen cell → 1)"
cavalry,coalition,FC,multiplier fclass=ntw3_tow_b08_x8_046|cavalry_light,1.041759559,"ridge κ = 1, no reference (unseen cell → 1)"
cavalry,coalition,FC,multiplier fclass=ntw3_tow_b08_x8_046|cavalry_standard,0.9983164926,"ridge κ = 1, no reference (unseen cell → 1)"
cavalry,coalition,FC,multiplier fclass=ntw3_tow_b09_x8_019|cavalry_heavy,1.072552082,"ridge κ = 1, no reference (unseen cell → 1)"
cavalry,coalition,FC,multiplier fclass=ntw3_tow_b09_x8_019|cavalry_light,1.034071326,"ridge κ = 1, no reference (unseen cell → 1)"
cavalry,coalition,FC,multiplier fclass=ntw3_tow_b09_x8_019|cavalry_standard,1.027063222,"ridge κ = 1, no reference (unseen cell → 1)"
cavalry,coalition,FC,multiplier fclass=ntw3_tow_b09_x8_020|cavalry_heavy,1.247379327,"ridge κ = 1, no reference (unseen cell → 1)"
cavalry,coalition,FC,multiplier fclass=ntw3_tow_b09_x8_020|cavalry_lancers,1.024607066,"ridge κ = 1, no reference (unseen cell → 1)"
cavalry,coalition,FC,multiplier fclass=ntw3_tow_b09_x8_020|cavalry_light,1.038696644,"ridge κ = 1, no reference (unseen cell → 1)"
cavalry,coalition,FC,multiplier fclass=ntw3_tow_b09_x8_020|cavalry_standard,1.010772947,"ridge κ = 1, no reference (unseen cell → 1)"
cavalry,coalition,FC,multiplier fclass=ntw3_tow_b10_x8_026|cavalry_heavy,1.04910376,"ridge κ = 1, no reference (unseen cell → 1)"
cavalry,coalition,FC,multiplier fclass=ntw3_tow_b10_x8_026|cavalry_lancers,0.9235913744,"ridge κ = 1, no reference (unseen cell → 1)"
cavalry,coalition,FC,multiplier fclass=ntw3_tow_b10_x8_026|cavalry_light,1.081284656,"ridge κ = 1, no reference (unseen cell → 1)"
cavalry,coalition,FC,multiplier fclass=ntw3_tow_b10_x8_026|cavalry_missile,0.9142220948,"ridge κ = 1, no reference (unseen cell → 1)"
cavalry,coalition,FC,multiplier fclass=ntw3_tow_b10_x8_026|cavalry_standard,1.002186137,"ridge κ = 1, no reference (unseen cell → 1)"
cavalry,coalition,FC,multiplier fclass=ntw3_tow_b11_x8_013|cavalry_heavy,1.011198498,"ridge κ = 1, no reference (unseen cell → 1)"
cavalry,coalition,FC,multiplier fclass=ntw3_tow_b11_x8_013|cavalry_lancers,1.009928372,"ridge κ = 1, no reference (unseen cell → 1)"
cavalry,coalition,FC,multiplier fclass=ntw3_tow_b11_x8_013|cavalry_light,1.093152242,"ridge κ = 1, no reference (unseen cell → 1)"
cavalry,coalition,FC,multiplier fclass=ntw3_tow_b11_x8_013|cavalry_missile,1.032329664,"ridge κ = 1, no reference (unseen cell → 1)"
cavalry,coalition,FC,multiplier fclass=ntw3_tow_b11_x8_013|cavalry_standard,0.9209422755,"ridge κ = 1, no reference (unseen cell → 1)"
cavalry,coalition,FC,multiplier fclass=ntw3_tow_b11_x8_014|cavalry_lancers,0.7639161531,"ridge κ = 1, no reference (unseen cell → 1)"
cavalry,coalition,FC,multiplier fclass=ntw3_tow_b11_x8_014|cavalry_light,1.074579918,"ridge κ = 1, no reference (unseen cell → 1)"
cavalry,coalition,FC,multiplier fclass=ntw3_tow_b11_x8_014|cavalry_missile,1.020862587,"ridge κ = 1, no reference (unseen cell → 1)"
cavalry,coalition,FC,multiplier fclass=ntw3_tow_b12_x8_011|cavalry_lancers,0.9820641696,"ridge κ = 1, no reference (unseen cell → 1)"
cavalry,coalition,FC,multiplier fclass=ntw3_tow_b12_x8_011|cavalry_light,0.9162543501,"ridge κ = 1, no reference (unseen cell → 1)"
cavalry,coalition,FC,multiplier fclass=ntw3_tow_b12_x8_011|cavalry_standard,0.9400246028,"ridge κ = 1, no reference (unseen cell → 1)"
cavalry,coalition,FC,multiplier fclass=ntw3_tow_b12_x8_012|cavalry_heavy,0.8383326627,"ridge κ = 1, no reference (unseen cell → 1)"
cavalry,coalition,FC,multiplier fclass=ntw3_tow_b12_x8_012|cavalry_lancers,0.9915342806,"ridge κ = 1, no reference (unseen cell → 1)"
cavalry,coalition,FC,multiplier fclass=ntw3_tow_b12_x8_012|cavalry_light,0.990047694,"ridge κ = 1, no reference (unseen cell → 1)"
cavalry,coalition,FC,multiplier fclass=ntw3_tow_b13_x8_049|cavalry_heavy,1.071431631,"ridge κ = 1, no reference (unseen cell → 1)"
cavalry,coalition,FC,multiplier fclass=ntw3_tow_b13_x8_049|cavalry_light,0.9951445205,"ridge κ = 1, no reference (unseen cell → 1)"
cavalry,coalition,FC,multiplier fclass=ntw3_tow_b13_x8_049|cavalry_standard,1.024893648,"ridge κ = 1, no reference (unseen cell → 1)"
cavalry,coalition,FC,multiplier fclass=ntw3_tow_b13_x8_050|cavalry_heavy,1.075224451,"ridge κ = 1, no reference (unseen cell → 1)"
cavalry,coalition,FC,multiplier fclass=ntw3_tow_b13_x8_050|cavalry_lancers,1.007618016,"ridge κ = 1, no reference (unseen cell → 1)"
cavalry,coalition,FC,multiplier fclass=ntw3_tow_b13_x8_050|cavalry_light,1.077820033,"ridge κ = 1, no reference (unseen cell → 1)"
cavalry,coalition,FC,multiplier fclass=ntw3_tow_b13_x8_050|cavalry_standard,1.013548235,"ridge κ = 1, no reference (unseen cell → 1)"
cavalry,coalition,FC,multiplier fclass=ntw3_tow_b14_x8_031|cavalry_heavy,1.093655478,"ridge κ = 1, no reference (unseen cell → 1)"
cavalry,coalition,FC,multiplier fclass=ntw3_tow_b14_x8_031|cavalry_lancers,0.9664350145,"ridge κ = 1, no reference (unseen cell → 1)"
cavalry,coalition,FC,multiplier fclass=ntw3_tow_b14_x8_031|cavalry_light,1.024533498,"ridge κ = 1, no reference (unseen cell → 1)"
cavalry,coalition,FC,multiplier fclass=ntw3_tow_b14_x8_031|cavalry_standard,0.9914487445,"ridge κ = 1, no reference (unseen cell → 1)"
cavalry,coalition,FC,multiplier fclass=ntw3_tow_b15_x8_052|cavalry_heavy,0.9573366083,"ridge κ = 1, no reference (unseen cell → 1)"
cavalry,coalition,FC,multiplier fclass=ntw3_tow_b15_x8_052|cavalry_lancers,0.7989106272,"ridge κ = 1, no reference (unseen cell → 1)"
cavalry,coalition,FC,multiplier fclass=ntw3_tow_b15_x8_052|cavalry_light,1.084068747,"ridge κ = 1, no reference (unseen cell → 1)"
cavalry,coalition,FC,multiplier fclass=ntw3_tow_b15_x8_052|cavalry_missile,1.008263349,"ridge κ = 1, no reference (unseen cell → 1)"
cavalry,coalition,FC,multiplier fclass=ntw3_tow_b15_x8_052|cavalry_standard,1.00372022,"ridge κ = 1, no reference (unseen cell → 1)"
cavalry,coalition,FC,multiplier fclass=ntw3_tow_b15_x8_053|cavalry_heavy,1.043573103,"ridge κ = 1, no reference (unseen cell → 1)"
cavalry,coalition,FC,multiplier fclass=ntw3_tow_b15_x8_053|cavalry_lancers,0.9788475164,"ridge κ = 1, no reference (unseen cell → 1)"
cavalry,coalition,FC,multiplier fclass=ntw3_tow_b15_x8_053|cavalry_light,0.9722852733,"ridge κ = 1, no reference (unseen cell → 1)"
cavalry,coalition,FC,multiplier fclass=ntw3_tow_b15_x8_053|cavalry_missile,0.9223302166,"ridge κ = 1, no reference (unseen cell → 1)"
cavalry,coalition,FC,multiplier fclass=ntw3_tow_b17_x8_055|cavalry_heavy,0.9456273763,"ridge κ = 1, no reference (unseen cell → 1)"
cavalry,coalition,FC,multiplier fclass=ntw3_tow_b17_x8_055|cavalry_lancers,1.000213894,"ridge κ = 1, no reference (unseen cell → 1)"
cavalry,coalition,FC,multiplier fclass=ntw3_tow_b17_x8_055|cavalry_light,0.8268863974,"ridge κ = 1, no reference (unseen cell → 1)"
cavalry,coalition,FC,multiplier fclass=ntw3_tow_b17_x8_055|cavalry_standard,0.9947900848,"ridge κ = 1, no reference (unseen cell → 1)"
cavalry,coalition,FC,multiplier fclass=ntw3_tow_b17_x8_056|cavalry_heavy,0.8974534147,"ridge κ = 1, no reference (unseen cell → 1)"
cavalry,coalition,FC,multiplier fclass=ntw3_tow_b17_x8_056|cavalry_lancers,0.9919848423,"ridge κ = 1, no reference (unseen cell → 1)"
cavalry,coalition,FC,multiplier fclass=ntw3_tow_b17_x8_056|cavalry_light,1.020773635,"ridge κ = 1, no reference (unseen cell → 1)"
cavalry,coalition,FC,multiplier fclass=ntw3_tow_b17_x8_056|cavalry_standard,1.001573321,"ridge κ = 1, no reference (unseen cell → 1)"
cavalry,coalition,FC,multiplier fclass=ntw3_tow_b17_x8_057|cavalry_heavy,0.9130484441,"ridge κ = 1, no reference (unseen cell → 1)"
cavalry,coalition,FC,multiplier fclass=ntw3_tow_b17_x8_057|cavalry_lancers,0.9451330436,"ridge κ = 1, no reference (unseen cell → 1)"
cavalry,coalition,FC,multiplier fclass=ntw3_tow_b17_x8_057|cavalry_light,1.071769628,"ridge κ = 1, no reference (unseen cell → 1)"
cavalry,coalition,FC,multiplier fclass=ntw3_tow_b17_x8_057|cavalry_missile,1.037149066,"ridge κ = 1, no reference (unseen cell → 1)"
cavalry,coalition,FC,multiplier fclass=ntw3_tow_b17_x8_057|cavalry_standard,0.9698910801,"ridge κ = 1, no reference (unseen cell → 1)"
cavalry,coalition,FC,multiplier fclass=piedmont_savoy|cavalry_heavy,1.002767632,"ridge κ = 1, no reference (unseen cell → 1)"
cavalry,coalition,FC,multiplier fclass=piedmont_savoy|cavalry_lancers,0.9962707541,"ridge κ = 1, no reference (unseen cell → 1)"
cavalry,coalition,FC,multiplier fclass=piedmont_savoy|cavalry_light,1.002719514,"ridge κ = 1, no reference (unseen cell → 1)"
cavalry,coalition,FC,multiplier fclass=piedmont_savoy|cavalry_standard,0.9476389033,"ridge κ = 1, no reference (unseen cell → 1)"
cavalry,coalition,FC,multiplier rank_depth δ,-0.01720655623,m = 1 + δ·(rank_depth − 11)
cavalry,merged,final,size,n,models = men_raw/2
cavalry,merged,final,size power p,0.75,price ∝ size^p
cavalry,merged,final,shape fire,range,how shooting / firearm / calibre enter β·x (see SHAPE_DEFAULTS)
cavalry,merged,final,shape cal,full,how shooting / firearm / calibre enter β·x (see SHAPE_DEFAULTS)
cavalry,merged,final,shape shoot,additive,how shooting / firearm / calibre enter β·x (see SHAPE_DEFAULTS)
cavalry,merged,final,shape cal_df,3,how shooting / firearm / calibre enter β·x (see SHAPE_DEFAULTS)
cavalry,merged,final,shape shot,onehot,how shooting / firearm / calibre enter β·x (see SHAPE_DEFAULTS)
cavalry,merged,final,(intercept: per-size constant b0),7.935824182,β·x + [—] × models^0.75 × rank_depth × rating | reference levels: unit_class=cavalry_light; speed=C4
cavalry,merged,final,accuracy,0.009339271834,gold per size unit^p
cavalry,merged,final,reload_skill,-0.08051551391,gold per size unit^p
cavalry,merged,final,ammo,-0.1200146271,gold per size unit^p
cavalry,merged,final,morale,0.7886053004,gold per size unit^p
cavalry,merged,final,melee_attack,-0.1654031654,gold per size unit^p
cavalry,merged,final,melee_defense,0.5395839193,gold per size unit^p
cavalry,merged,final,charge_bonus,1.332748492,gold per size unit^p
cavalry,merged,final,range,0.1796364367,gold per size unit^p
cavalry,merged,final,has_range,-4.46879571,gold per size unit^p
cavalry,merged,final,has_stamina,7.340139085,gold per size unit^p
cavalry,merged,final,is_shock_resistant,9.896263081,gold per size unit^p
cavalry,merged,final,can_inspire,9.128936827,gold per size unit^p
cavalry,merged,final,has_guerrilla_deployment,7.919329238,gold per size unit^p
cavalry,merged,final,is_camel,-19.06378604,gold per size unit^p
cavalry,merged,final,unit_class=cavalry_heavy,-1.865595036,gold per size unit^p
cavalry,merged,final,unit_class=cavalry_lancers,-2.570136865,gold per size unit^p
cavalry,merged,final,unit_class=cavalry_missile,1.991954215,gold per size unit^p
cavalry,merged,final,unit_class=cavalry_standard,-1.923495792,gold per size unit^p
cavalry,merged,final,speed=C1,-5.894494133,gold per size unit^p
cavalry,merged,final,speed=C3,-2.681160947,gold per size unit^p
cavalry,merged,final,speed=C5,-4.220773064,gold per size unit^p
cavalry,merged,final,multiplier rank_depth δ,-0.02138463054,m = 1 + δ·(rank_depth − 11)
cavalry,merged,final,multiplier rating=10,0.8487522894,reference 8
cavalry,merged,final,multiplier rating=11,0.7631137698,reference 8
cavalry,merged,final,multiplier rating=12,0.6667600086,reference 8
cavalry,merged,final,multiplier rating=5,1.688757964,reference 8
cavalry,merged,final,multiplier rating=6,1.375348871,reference 8
cavalry,merged,final,multiplier rating=7,1.152859648,reference 8
cavalry,merged,final,multiplier rating=8,1,reference 8
cavalry,merged,final,multiplier rating=9,0.9326963192,reference 8
cavalry,merged,RF,size,n,models = men_raw/2
cavalry,merged,RF,size power p,0.75,price ∝ size^p
cavalry,merged,RF,shape fire,range,how shooting / firearm / calibre enter β·x (see SHAPE_DEFAULTS)
cavalry,merged,RF,shape cal,full,how shooting / firearm / calibre enter β·x (see SHAPE_DEFAULTS)
cavalry,merged,RF,shape shoot,additive,how shooting / firearm / calibre enter β·x (see SHAPE_DEFAULTS)
cavalry,merged,RF,shape cal_df,3,how shooting / firearm / calibre enter β·x (see SHAPE_DEFAULTS)
cavalry,merged,RF,shape shot,onehot,how shooting / firearm / calibre enter β·x (see SHAPE_DEFAULTS)
cavalry,merged,RF,(intercept: per-size constant b0),7.935824182,β·x + [—] × models^0.75 × rank_depth × rating | reference levels: unit_class=cavalry_light; speed=C4
cavalry,merged,RF,accuracy,0.009339271834,gold per size unit^p
cavalry,merged,RF,reload_skill,-0.08051551391,gold per size unit^p
cavalry,merged,RF,ammo,-0.1200146271,gold per size unit^p
cavalry,merged,RF,morale,0.7886053004,gold per size unit^p
cavalry,merged,RF,melee_attack,-0.1654031654,gold per size unit^p
cavalry,merged,RF,melee_defense,0.5395839193,gold per size unit^p
cavalry,merged,RF,charge_bonus,1.332748492,gold per size unit^p
cavalry,merged,RF,range,0.1796364367,gold per size unit^p
cavalry,merged,RF,has_range,-4.46879571,gold per size unit^p
cavalry,merged,RF,has_stamina,7.340139085,gold per size unit^p
cavalry,merged,RF,is_shock_resistant,9.896263081,gold per size unit^p
cavalry,merged,RF,can_inspire,9.128936827,gold per size unit^p
cavalry,merged,RF,has_guerrilla_deployment,7.919329238,gold per size unit^p
cavalry,merged,RF,is_camel,-19.06378604,gold per size unit^p
cavalry,merged,RF,unit_class=cavalry_heavy,-1.865595036,gold per size unit^p
cavalry,merged,RF,unit_class=cavalry_lancers,-2.570136865,gold per size unit^p
cavalry,merged,RF,unit_class=cavalry_missile,1.991954215,gold per size unit^p
cavalry,merged,RF,unit_class=cavalry_standard,-1.923495792,gold per size unit^p
cavalry,merged,RF,speed=C1,-5.894494133,gold per size unit^p
cavalry,merged,RF,speed=C3,-2.681160947,gold per size unit^p
cavalry,merged,RF,speed=C5,-4.220773064,gold per size unit^p
cavalry,merged,RF,multiplier rank_depth δ,-0.02138463054,m = 1 + δ·(rank_depth − 11)
cavalry,merged,RF,multiplier rating=10,0.8487522894,reference 8
cavalry,merged,RF,multiplier rating=11,0.7631137698,reference 8
cavalry,merged,RF,multiplier rating=12,0.6667600086,reference 8
cavalry,merged,RF,multiplier rating=5,1.688757964,reference 8
cavalry,merged,RF,multiplier rating=6,1.375348871,reference 8
cavalry,merged,RF,multiplier rating=7,1.152859648,reference 8
cavalry,merged,RF,multiplier rating=8,1,reference 8
cavalry,merged,RF,multiplier rating=9,0.9326963192,reference 8
cavalry,merged,RF,faction modifier britain,1.055733741,per-arm; multiplies the scaled part
cavalry,merged,RF,faction modifier denmark,0.8879897114,per-arm; multiplies the scaled part
cavalry,merged,RF,faction modifier france,1.008922692,per-arm; multiplies the scaled part
cavalry,merged,RF,faction modifier ntw3_hre,1.15803137,per-arm; multiplies the scaled part
cavalry,merged,RF,faction modifier ntw3_tow_a03_x8_032,1.002041953,per-arm; multiplies the scaled part
cavalry,merged,RF,faction modifier ntw3_tow_a03_x8_033,1.011945314,per-arm; multiplies the scaled part
cavalry,merged,RF,faction modifier ntw3_tow_a03_x8_038,1.063194535,per-arm; multiplies the scaled part
cavalry,merged,RF,faction modifier ntw3_tow_a03_x8_040,0.9933962047,per-arm; multiplies the scaled part
cavalry,merged,RF,faction modifier ntw3_tow_a04_x8_005,1.008217475,per-arm; multiplies the scaled part
cavalry,merged,RF,faction modifier ntw3_tow_a05_x8_001,1.02888001,per-arm; multiplies the scaled part
cavalry,merged,RF,faction modifier ntw3_tow_a05_x8_004,0.9893281261,per-arm; multiplies the scaled part
cavalry,merged,RF,faction modifier ntw3_tow_a06_x8_002,1,per-arm; multiplies the scaled part
cavalry,merged,RF,faction modifier ntw3_tow_a08_x8_047,0.9735097975,per-arm; multiplies the scaled part
cavalry,merged,RF,faction modifier ntw3_tow_a09_x8_021,0.9378100586,per-arm; multiplies the scaled part
cavalry,merged,RF,faction modifier ntw3_tow_a11_x8_027,0.9832297257,per-arm; multiplies the scaled part
cavalry,merged,RF,faction modifier ntw3_tow_a11_x8_028,0.9836746953,per-arm; multiplies the scaled part
cavalry,merged,RF,faction modifier ntw3_tow_a11_x8_029,1.007698177,per-arm; multiplies the scaled part
cavalry,merged,RF,faction modifier ntw3_tow_a12_x8_003,0.9173482401,per-arm; multiplies the scaled part
cavalry,merged,RF,faction modifier ntw3_tow_a13_x8_022,1.005751249,per-arm; multiplies the scaled part
cavalry,merged,RF,faction modifier ntw3_tow_a17_x8_054,1.023210128,per-arm; multiplies the scaled part
cavalry,merged,RF,faction modifier ntw3_tow_b03_x8_039,0.9789924759,per-arm; multiplies the scaled part
cavalry,merged,RF,faction modifier ntw3_tow_b03_x8_041,0.9706017553,per-arm; multiplies the scaled part
cavalry,merged,RF,faction modifier ntw3_tow_b03_x8_042,0.9267177318,per-arm; multiplies the scaled part
cavalry,merged,RF,faction modifier ntw3_tow_b03_x8_043,1.047859331,per-arm; multiplies the scaled part
cavalry,merged,RF,faction modifier ntw3_tow_b04_x8_015,0.9877254205,per-arm; multiplies the scaled part
cavalry,merged,RF,faction modifier ntw3_tow_b04_x8_016,1.033699663,per-arm; multiplies the scaled part
cavalry,merged,RF,faction modifier ntw3_tow_b05_x8_006,1.034297603,per-arm; multiplies the scaled part
cavalry,merged,RF,faction modifier ntw3_tow_b05_x8_007,1.018046228,per-arm; multiplies the scaled part
cavalry,merged,RF,faction modifier ntw3_tow_b06_x8_008,1.052581641,per-arm; multiplies the scaled part
cavalry,merged,RF,faction modifier ntw3_tow_b06_x8_009,0.9556759412,per-arm; multiplies the scaled part
cavalry,merged,RF,faction modifier ntw3_tow_b07_x8_018,1.041325399,per-arm; multiplies the scaled part
cavalry,merged,RF,faction modifier ntw3_tow_b08_x8_044,0.976939973,per-arm; multiplies the scaled part
cavalry,merged,RF,faction modifier ntw3_tow_b08_x8_045,1.00046144,per-arm; multiplies the scaled part
cavalry,merged,RF,faction modifier ntw3_tow_b08_x8_046,1.102244144,per-arm; multiplies the scaled part
cavalry,merged,RF,faction modifier ntw3_tow_b09_x8_019,1.022434302,per-arm; multiplies the scaled part
cavalry,merged,RF,faction modifier ntw3_tow_b09_x8_020,1.125796865,per-arm; multiplies the scaled part
cavalry,merged,RF,faction modifier ntw3_tow_b10_x8_026,1.069258256,per-arm; multiplies the scaled part
cavalry,merged,RF,faction modifier ntw3_tow_b11_x8_013,1.034441759,per-arm; multiplies the scaled part
cavalry,merged,RF,faction modifier ntw3_tow_b11_x8_014,0.920482866,per-arm; multiplies the scaled part
cavalry,merged,RF,faction modifier ntw3_tow_b12_x8_011,0.9870606951,per-arm; multiplies the scaled part
cavalry,merged,RF,faction modifier ntw3_tow_b12_x8_012,0.9141945156,per-arm; multiplies the scaled part
cavalry,merged,RF,faction modifier ntw3_tow_b13_x8_049,1.034728405,per-arm; multiplies the scaled part
cavalry,merged,RF,faction modifier ntw3_tow_b13_x8_050,1.08519886,per-arm; multiplies the scaled part
cavalry,merged,RF,faction modifier ntw3_tow_b14_x8_031,1.046669486,per-arm; multiplies the scaled part
cavalry,merged,RF,faction modifier ntw3_tow_b15_x8_052,0.9651710032,per-arm; multiplies the scaled part
cavalry,merged,RF,faction modifier ntw3_tow_b15_x8_053,1.041457097,per-arm; multiplies the scaled part
cavalry,merged,RF,faction modifier ntw3_tow_b17_x8_055,0.9178904194,per-arm; multiplies the scaled part
cavalry,merged,RF,faction modifier ntw3_tow_b17_x8_056,1.040061388,per-arm; multiplies the scaled part
cavalry,merged,RF,faction modifier ntw3_tow_b17_x8_057,1.007952314,per-arm; multiplies the scaled part
cavalry,merged,RF,faction modifier ntw3_tow_c07_x8_017,0.9738821038,per-arm; multiplies the scaled part
cavalry,merged,RF,faction modifier ntw3_tow_c08_x8_048,0.950068083,per-arm; multiplies the scaled part
cavalry,merged,RF,faction modifier ntw3_tow_c10_x8_025,1.078189034,per-arm; multiplies the scaled part
cavalry,merged,RF,faction modifier ntw3_tow_c14_x8_030,1.012154653,per-arm; multiplies the scaled part
cavalry,merged,RF,faction modifier ntw3_tow_c15_x8_051,1.08970082,per-arm; multiplies the scaled part
cavalry,merged,RF,faction modifier piedmont_savoy,1.013072755,per-arm; multiplies the scaled part
cavalry,merged,FC,size,n,models = men_raw/2
cavalry,merged,FC,size power p,0.75,price ∝ size^p
cavalry,merged,FC,shape fire,range,how shooting / firearm / calibre enter β·x (see SHAPE_DEFAULTS)
cavalry,merged,FC,shape cal,full,how shooting / firearm / calibre enter β·x (see SHAPE_DEFAULTS)
cavalry,merged,FC,shape shoot,additive,how shooting / firearm / calibre enter β·x (see SHAPE_DEFAULTS)
cavalry,merged,FC,shape cal_df,3,how shooting / firearm / calibre enter β·x (see SHAPE_DEFAULTS)
cavalry,merged,FC,shape shot,onehot,how shooting / firearm / calibre enter β·x (see SHAPE_DEFAULTS)
cavalry,merged,FC,(intercept: per-size constant b0),4.724691162,β·x + [—] × models^0.75 × fclass × rank_depth rating fixed (8/N) κ=1 | reference levels: unit_class=cavalry_light; speed=C4
cavalry,merged,FC,accuracy,0.09333945546,gold per size unit^p
cavalry,merged,FC,reload_skill,-0.02653954444,gold per size unit^p
cavalry,merged,FC,ammo,-0.05272694599,gold per size unit^p
cavalry,merged,FC,morale,0.95545766,gold per size unit^p
cavalry,merged,FC,melee_attack,0.3046074433,gold per size unit^p
cavalry,merged,FC,melee_defense,0.2867578358,gold per size unit^p
cavalry,merged,FC,charge_bonus,1.331353297,gold per size unit^p
cavalry,merged,FC,range,0.1569872608,gold per size unit^p
cavalry,merged,FC,has_range,-9.005608073,gold per size unit^p
cavalry,merged,FC,has_stamina,7.172000356,gold per size unit^p
cavalry,merged,FC,is_shock_resistant,10.58769135,gold per size unit^p
cavalry,merged,FC,can_inspire,9.386405762,gold per size unit^p
cavalry,merged,FC,has_guerrilla_deployment,11.15821604,gold per size unit^p
cavalry,merged,FC,is_camel,-19.08329832,gold per size unit^p
cavalry,merged,FC,unit_class=cavalry_heavy,-2.802523586,gold per size unit^p
cavalry,merged,FC,unit_class=cavalry_lancers,-1.470796755,gold per size unit^p
cavalry,merged,FC,unit_class=cavalry_missile,-1.188709693,gold per size unit^p
cavalry,merged,FC,unit_class=cavalry_standard,-0.9587745918,gold per size unit^p
cavalry,merged,FC,speed=C1,-3.197215351,gold per size unit^p
cavalry,merged,FC,speed=C3,-2.420595209,gold per size unit^p
cavalry,merged,FC,speed=C5,-1.732664725,gold per size unit^p
cavalry,merged,FC,rating divisor,8/rating,fixed; scales the β part like a multiplier
cavalry,merged,FC,multiplier fclass=britain|cavalry_light,1.000563949,"ridge κ = 1, no reference (unseen cell → 1)"
cavalry,merged,FC,multiplier fclass=denmark|cavalry_heavy,0.912830763,"ridge κ = 1, no reference (unseen cell → 1)"
cavalry,merged,FC,multiplier fclass=denmark|cavalry_lancers,0.9969710524,"ridge κ = 1, no reference (unseen cell → 1)"
cavalry,merged,FC,multiplier fclass=denmark|cavalry_light,0.847334005,"ridge κ = 1, no reference (unseen cell → 1)"
cavalry,merged,FC,multiplier fclass=denmark|cavalry_standard,1.003177194,"ridge κ = 1, no reference (unseen cell → 1)"
cavalry,merged,FC,multiplier fclass=france|cavalry_heavy,1.015864128,"ridge κ = 1, no reference (unseen cell → 1)"
cavalry,merged,FC,multiplier fclass=france|cavalry_lancers,1.036368685,"ridge κ = 1, no reference (unseen cell → 1)"
cavalry,merged,FC,multiplier fclass=france|cavalry_light,1.048142977,"ridge κ = 1, no reference (unseen cell → 1)"
cavalry,merged,FC,multiplier fclass=france|cavalry_standard,1.022902423,"ridge κ = 1, no reference (unseen cell → 1)"
cavalry,merged,FC,multiplier fclass=ntw3_hre|cavalry_heavy,1.208490234,"ridge κ = 1, no reference (unseen cell → 1)"
cavalry,merged,FC,multiplier fclass=ntw3_hre|cavalry_lancers,1.073856796,"ridge κ = 1, no reference (unseen cell → 1)"
cavalry,merged,FC,multiplier fclass=ntw3_hre|cavalry_light,1.160356834,"ridge κ = 1, no reference (unseen cell → 1)"
cavalry,merged,FC,multiplier fclass=ntw3_hre|cavalry_standard,0.9949719383,"ridge κ = 1, no reference (unseen cell → 1)"
cavalry,merged,FC,multiplier fclass=ntw3_tow_a03_x8_032|cavalry_heavy,1.049646409,"ridge κ = 1, no reference (unseen cell → 1)"
cavalry,merged,FC,multiplier fclass=ntw3_tow_a03_x8_032|cavalry_light,0.9957717947,"ridge κ = 1, no reference (unseen cell → 1)"
cavalry,merged,FC,multiplier fclass=ntw3_tow_a03_x8_032|cavalry_standard,0.9832082757,"ridge κ = 1, no reference (unseen cell → 1)"
cavalry,merged,FC,multiplier fclass=ntw3_tow_a03_x8_033|cavalry_heavy,1.087809446,"ridge κ = 1, no reference (unseen cell → 1)"
cavalry,merged,FC,multiplier fclass=ntw3_tow_a03_x8_033|cavalry_lancers,1.009295919,"ridge κ = 1, no reference (unseen cell → 1)"
cavalry,merged,FC,multiplier fclass=ntw3_tow_a03_x8_033|cavalry_light,0.9187356113,"ridge κ = 1, no reference (unseen cell → 1)"
cavalry,merged,FC,multiplier fclass=ntw3_tow_a03_x8_033|cavalry_standard,0.9263771901,"ridge κ = 1, no reference (unseen cell → 1)"
cavalry,merged,FC,multiplier fclass=ntw3_tow_a03_x8_038|cavalry_light,1.11361494,"ridge κ = 1, no reference (unseen cell → 1)"
cavalry,merged,FC,multiplier fclass=ntw3_tow_a03_x8_040|cavalry_heavy,1.073041125,"ridge κ = 1, no reference (unseen cell → 1)"
cavalry,merged,FC,multiplier fclass=ntw3_tow_a03_x8_040|cavalry_light,0.8705168836,"ridge κ = 1, no reference (unseen cell → 1)"
cavalry,merged,FC,multiplier fclass=ntw3_tow_a03_x8_040|cavalry_standard,0.952355397,"ridge κ = 1, no reference (unseen cell → 1)"
cavalry,merged,FC,multiplier fclass=ntw3_tow_a04_x8_005|cavalry_light,1.014536283,"ridge κ = 1, no reference (unseen cell → 1)"
cavalry,merged,FC,multiplier fclass=ntw3_tow_a04_x8_005|cavalry_standard,0.9029083005,"ridge κ = 1, no reference (unseen cell → 1)"
cavalry,merged,FC,multiplier fclass=ntw3_tow_a05_x8_001|cavalry_heavy,1.045627875,"ridge κ = 1, no reference (unseen cell → 1)"
cavalry,merged,FC,multiplier fclass=ntw3_tow_a05_x8_001|cavalry_light,1.049682362,"ridge κ = 1, no reference (unseen cell → 1)"
cavalry,merged,FC,multiplier fclass=ntw3_tow_a05_x8_001|cavalry_standard,0.9672061654,"ridge κ = 1, no reference (unseen cell → 1)"
cavalry,merged,FC,multiplier fclass=ntw3_tow_a05_x8_004|cavalry_heavy,1.06132284,"ridge κ = 1, no reference (unseen cell → 1)"
cavalry,merged,FC,multiplier fclass=ntw3_tow_a05_x8_004|cavalry_light,1.062885758,"ridge κ = 1, no reference (unseen cell → 1)"
cavalry,merged,FC,multiplier fclass=ntw3_tow_a05_x8_004|cavalry_standard,0.8460825507,"ridge κ = 1, no reference (unseen cell → 1)"
cavalry,merged,FC,multiplier fclass=ntw3_tow_a06_x8_002|cavalry_heavy,0.8890229109,"ridge κ = 1, no reference (unseen cell → 1)"
cavalry,merged,FC,multiplier fclass=ntw3_tow_a06_x8_002|cavalry_light,1.004095222,"ridge κ = 1, no reference (unseen cell → 1)"
cavalry,merged,FC,multiplier fclass=ntw3_tow_a06_x8_002|cavalry_standard,0.9471760018,"ridge κ = 1, no reference (unseen cell → 1)"
cavalry,merged,FC,multiplier fclass=ntw3_tow_a08_x8_047|cavalry_heavy,0.9497143236,"ridge κ = 1, no reference (unseen cell → 1)"
cavalry,merged,FC,multiplier fclass=ntw3_tow_a08_x8_047|cavalry_lancers,0.9700948186,"ridge κ = 1, no reference (unseen cell → 1)"
cavalry,merged,FC,multiplier fclass=ntw3_tow_a08_x8_047|cavalry_light,1.016480409,"ridge κ = 1, no reference (unseen cell → 1)"
cavalry,merged,FC,multiplier fclass=ntw3_tow_a08_x8_047|cavalry_standard,1.037840182,"ridge κ = 1, no reference (unseen cell → 1)"
cavalry,merged,FC,multiplier fclass=ntw3_tow_a09_x8_021|cavalry_heavy,1.029643409,"ridge κ = 1, no reference (unseen cell → 1)"
cavalry,merged,FC,multiplier fclass=ntw3_tow_a09_x8_021|cavalry_lancers,1.029430286,"ridge κ = 1, no reference (unseen cell → 1)"
cavalry,merged,FC,multiplier fclass=ntw3_tow_a09_x8_021|cavalry_light,1.040277377,"ridge κ = 1, no reference (unseen cell → 1)"
cavalry,merged,FC,multiplier fclass=ntw3_tow_a09_x8_021|cavalry_standard,0.8502558795,"ridge κ = 1, no reference (unseen cell → 1)"
cavalry,merged,FC,multiplier fclass=ntw3_tow_a11_x8_027|cavalry_heavy,1.055981775,"ridge κ = 1, no reference (unseen cell → 1)"
cavalry,merged,FC,multiplier fclass=ntw3_tow_a11_x8_027|cavalry_lancers,1.022949709,"ridge κ = 1, no reference (unseen cell → 1)"
cavalry,merged,FC,multiplier fclass=ntw3_tow_a11_x8_027|cavalry_light,0.8952638929,"ridge κ = 1, no reference (unseen cell → 1)"
cavalry,merged,FC,multiplier fclass=ntw3_tow_a11_x8_027|cavalry_standard,1.030617474,"ridge κ = 1, no reference (unseen cell → 1)"
cavalry,merged,FC,multiplier fclass=ntw3_tow_a11_x8_028|cavalry_heavy,0.9592285652,"ridge κ = 1, no reference (unseen cell → 1)"
cavalry,merged,FC,multiplier fclass=ntw3_tow_a11_x8_028|cavalry_lancers,0.98994635,"ridge κ = 1, no reference (unseen cell → 1)"
cavalry,merged,FC,multiplier fclass=ntw3_tow_a11_x8_028|cavalry_light,0.9951762445,"ridge κ = 1, no reference (unseen cell → 1)"
cavalry,merged,FC,multiplier fclass=ntw3_tow_a11_x8_028|cavalry_standard,1.001060272,"ridge κ = 1, no reference (unseen cell → 1)"
cavalry,merged,FC,multiplier fclass=ntw3_tow_a11_x8_029|cavalry_heavy,1.059490177,"ridge κ = 1, no reference (unseen cell → 1)"
cavalry,merged,FC,multiplier fclass=ntw3_tow_a11_x8_029|cavalry_lancers,0.9541289108,"ridge κ = 1, no reference (unseen cell → 1)"
cavalry,merged,FC,multiplier fclass=ntw3_tow_a11_x8_029|cavalry_light,0.9612826743,"ridge κ = 1, no reference (unseen cell → 1)"
cavalry,merged,FC,multiplier fclass=ntw3_tow_a11_x8_029|cavalry_standard,0.9667652638,"ridge κ = 1, no reference (unseen cell → 1)"
cavalry,merged,FC,multiplier fclass=ntw3_tow_a12_x8_003|cavalry_heavy,0.8312257558,"ridge κ = 1, no reference (unseen cell → 1)"
cavalry,merged,FC,multiplier fclass=ntw3_tow_a12_x8_003|cavalry_lancers,0.9912949527,"ridge κ = 1, no reference (unseen cell → 1)"
cavalry,merged,FC,multiplier fclass=ntw3_tow_a12_x8_003|cavalry_light,0.9955463156,"ridge κ = 1, no reference (unseen cell → 1)"
cavalry,merged,FC,multiplier fclass=ntw3_tow_a12_x8_003|cavalry_standard,1.004063478,"ridge κ = 1, no reference (unseen cell → 1)"
cavalry,merged,FC,multiplier fclass=ntw3_tow_a13_x8_022|cavalry_heavy,1.075169772,"ridge κ = 1, no reference (unseen cell → 1)"
cavalry,merged,FC,multiplier fclass=ntw3_tow_a13_x8_022|cavalry_lancers,0.9884418871,"ridge κ = 1, no reference (unseen cell → 1)"
cavalry,merged,FC,multiplier fclass=ntw3_tow_a13_x8_022|cavalry_light,0.9651653446,"ridge κ = 1, no reference (unseen cell → 1)"
cavalry,merged,FC,multiplier fclass=ntw3_tow_a13_x8_022|cavalry_standard,0.9208699456,"ridge κ = 1, no reference (unseen cell → 1)"
cavalry,merged,FC,multiplier fclass=ntw3_tow_a17_x8_054|cavalry_heavy,0.8860673503,"ridge κ = 1, no reference (unseen cell → 1)"
cavalry,merged,FC,multiplier fclass=ntw3_tow_a17_x8_054|cavalry_lancers,0.9787631078,"ridge κ = 1, no reference (unseen cell → 1)"
cavalry,merged,FC,multiplier fclass=ntw3_tow_a17_x8_054|cavalry_light,1.060686392,"ridge κ = 1, no reference (unseen cell → 1)"
cavalry,merged,FC,multiplier fclass=ntw3_tow_a17_x8_054|cavalry_standard,0.9548876516,"ridge κ = 1, no reference (unseen cell → 1)"
cavalry,merged,FC,multiplier fclass=ntw3_tow_b03_x8_039|cavalry_lancers,0.882413553,"ridge κ = 1, no reference (unseen cell → 1)"
cavalry,merged,FC,multiplier fclass=ntw3_tow_b03_x8_039|cavalry_light,1.003337692,"ridge κ = 1, no reference (unseen cell → 1)"
cavalry,merged,FC,multiplier fclass=ntw3_tow_b03_x8_041|cavalry_heavy,1.009191988,"ridge κ = 1, no reference (unseen cell → 1)"
cavalry,merged,FC,multiplier fclass=ntw3_tow_b03_x8_041|cavalry_light,1.028912284,"ridge κ = 1, no reference (unseen cell → 1)"
cavalry,merged,FC,multiplier fclass=ntw3_tow_b03_x8_042|cavalry_heavy,0.8633460304,"ridge κ = 1, no reference (unseen cell → 1)"
cavalry,merged,FC,multiplier fclass=ntw3_tow_b03_x8_042|cavalry_lancers,0.8668434157,"ridge κ = 1, no reference (unseen cell → 1)"
cavalry,merged,FC,multiplier fclass=ntw3_tow_b03_x8_042|cavalry_light,0.9347069903,"ridge κ = 1, no reference (unseen cell → 1)"
cavalry,merged,FC,multiplier fclass=ntw3_tow_b03_x8_042|cavalry_standard,1.000508635,"ridge κ = 1, no reference (unseen cell → 1)"
cavalry,merged,FC,multiplier fclass=ntw3_tow_b03_x8_043|cavalry_lancers,1.084760569,"ridge κ = 1, no reference (unseen cell → 1)"
cavalry,merged,FC,multiplier fclass=ntw3_tow_b03_x8_043|cavalry_light,0.9433281192,"ridge κ = 1, no reference (unseen cell → 1)"
cavalry,merged,FC,multiplier fclass=ntw3_tow_b04_x8_015|cavalry_heavy,1.075907873,"ridge κ = 1, no reference (unseen cell → 1)"
cavalry,merged,FC,multiplier fclass=ntw3_tow_b04_x8_015|cavalry_lancers,0.9423247972,"ridge κ = 1, no reference (unseen cell → 1)"
cavalry,merged,FC,multiplier fclass=ntw3_tow_b04_x8_015|cavalry_light,0.8629571947,"ridge κ = 1, no reference (unseen cell → 1)"
cavalry,merged,FC,multiplier fclass=ntw3_tow_b04_x8_015|cavalry_missile,1.009787099,"ridge κ = 1, no reference (unseen cell → 1)"
cavalry,merged,FC,multiplier fclass=ntw3_tow_b04_x8_015|cavalry_standard,1.023967568,"ridge κ = 1, no reference (unseen cell → 1)"
cavalry,merged,FC,multiplier fclass=ntw3_tow_b04_x8_016|cavalry_heavy,1.079581728,"ridge κ = 1, no reference (unseen cell → 1)"
cavalry,merged,FC,multiplier fclass=ntw3_tow_b04_x8_016|cavalry_lancers,0.9591357404,"ridge κ = 1, no reference (unseen cell → 1)"
cavalry,merged,FC,multiplier fclass=ntw3_tow_b04_x8_016|cavalry_light,0.9795419787,"ridge κ = 1, no reference (unseen cell → 1)"
cavalry,merged,FC,multiplier fclass=ntw3_tow_b04_x8_016|cavalry_standard,1.002465458,"ridge κ = 1, no reference (unseen cell → 1)"
cavalry,merged,FC,multiplier fclass=ntw3_tow_b05_x8_006|cavalry_heavy,0.9084020136,"ridge κ = 1, no reference (unseen cell → 1)"
cavalry,merged,FC,multiplier fclass=ntw3_tow_b05_x8_006|cavalry_lancers,1.024826247,"ridge κ = 1, no reference (unseen cell → 1)"
cavalry,merged,FC,multiplier fclass=ntw3_tow_b05_x8_006|cavalry_light,1.086622024,"ridge κ = 1, no reference (unseen cell → 1)"
cavalry,merged,FC,multiplier fclass=ntw3_tow_b05_x8_006|cavalry_standard,1.029432836,"ridge κ = 1, no reference (unseen cell → 1)"
cavalry,merged,FC,multiplier fclass=ntw3_tow_b05_x8_007|cavalry_heavy,1.017959309,"ridge κ = 1, no reference (unseen cell → 1)"
cavalry,merged,FC,multiplier fclass=ntw3_tow_b05_x8_007|cavalry_lancers,0.9787644885,"ridge κ = 1, no reference (unseen cell → 1)"
cavalry,merged,FC,multiplier fclass=ntw3_tow_b05_x8_007|cavalry_light,0.9531724061,"ridge κ = 1, no reference (unseen cell → 1)"
cavalry,merged,FC,multiplier fclass=ntw3_tow_b05_x8_007|cavalry_standard,1.009889573,"ridge κ = 1, no reference (unseen cell → 1)"
cavalry,merged,FC,multiplier fclass=ntw3_tow_b06_x8_008|cavalry_heavy,1.075078502,"ridge κ = 1, no reference (unseen cell → 1)"
cavalry,merged,FC,multiplier fclass=ntw3_tow_b06_x8_008|cavalry_lancers,1.012210411,"ridge κ = 1, no reference (unseen cell → 1)"
cavalry,merged,FC,multiplier fclass=ntw3_tow_b06_x8_008|cavalry_light,1.06926953,"ridge κ = 1, no reference (unseen cell → 1)"
cavalry,merged,FC,multiplier fclass=ntw3_tow_b06_x8_008|cavalry_standard,0.961228827,"ridge κ = 1, no reference (unseen cell → 1)"
cavalry,merged,FC,multiplier fclass=ntw3_tow_b06_x8_009|cavalry_heavy,0.975151364,"ridge κ = 1, no reference (unseen cell → 1)"
cavalry,merged,FC,multiplier fclass=ntw3_tow_b06_x8_009|cavalry_light,1.037270749,"ridge κ = 1, no reference (unseen cell → 1)"
cavalry,merged,FC,multiplier fclass=ntw3_tow_b06_x8_009|cavalry_standard,0.933322048,"ridge κ = 1, no reference (unseen cell → 1)"
cavalry,merged,FC,multiplier fclass=ntw3_tow_b07_x8_018|cavalry_heavy,1.07188453,"ridge κ = 1, no reference (unseen cell → 1)"
cavalry,merged,FC,multiplier fclass=ntw3_tow_b07_x8_018|cavalry_light,0.9653137771,"ridge κ = 1, no reference (unseen cell → 1)"
cavalry,merged,FC,multiplier fclass=ntw3_tow_b07_x8_018|cavalry_standard,0.9985363328,"ridge κ = 1, no reference (unseen cell → 1)"
cavalry,merged,FC,multiplier fclass=ntw3_tow_b08_x8_044|cavalry_heavy,1.010739948,"ridge κ = 1, no reference (unseen cell → 1)"
cavalry,merged,FC,multiplier fclass=ntw3_tow_b08_x8_044|cavalry_lancers,0.9812179248,"ridge κ = 1, no reference (unseen cell → 1)"
cavalry,merged,FC,multiplier fclass=ntw3_tow_b08_x8_044|cavalry_light,0.9573861671,"ridge κ = 1, no reference (unseen cell → 1)"
cavalry,merged,FC,multiplier fclass=ntw3_tow_b08_x8_044|cavalry_standard,1.008536853,"ridge κ = 1, no reference (unseen cell → 1)"
cavalry,merged,FC,multiplier fclass=ntw3_tow_b08_x8_045|cavalry_heavy,0.9749567994,"ridge κ = 1, no reference (unseen cell → 1)"
cavalry,merged,FC,multiplier fclass=ntw3_tow_b08_x8_045|cavalry_light,1.040103827,"ridge κ = 1, no reference (unseen cell → 1)"
cavalry,merged,FC,multiplier fclass=ntw3_tow_b08_x8_046|cavalry_light,1.044106942,"ridge κ = 1, no reference (unseen cell → 1)"
cavalry,merged,FC,multiplier fclass=ntw3_tow_b08_x8_046|cavalry_standard,1.00379072,"ridge κ = 1, no reference (unseen cell → 1)"
cavalry,merged,FC,multiplier fclass=ntw3_tow_b09_x8_019|cavalry_heavy,1.083634572,"ridge κ = 1, no reference (unseen cell → 1)"
cavalry,merged,FC,multiplier fclass=ntw3_tow_b09_x8_019|cavalry_light,1.040485797,"ridge κ = 1, no reference (unseen cell → 1)"
cavalry,merged,FC,multiplier fclass=ntw3_tow_b09_x8_019|cavalry_standard,1.029325619,"ridge κ = 1, no reference (unseen cell → 1)"
cavalry,merged,FC,multiplier fclass=ntw3_tow_b09_x8_020|cavalry_heavy,1.26086805,"ridge κ = 1, no reference (unseen cell → 1)"
cavalry,merged,FC,multiplier fclass=ntw3_tow_b09_x8_020|cavalry_lancers,1.025536302,"ridge κ = 1, no reference (unseen cell → 1)"
cavalry,merged,FC,multiplier fclass=ntw3_tow_b09_x8_020|cavalry_light,1.042687047,"ridge κ = 1, no reference (unseen cell → 1)"
cavalry,merged,FC,multiplier fclass=ntw3_tow_b09_x8_020|cavalry_standard,1.011825253,"ridge κ = 1, no reference (unseen cell → 1)"
cavalry,merged,FC,multiplier fclass=ntw3_tow_b10_x8_026|cavalry_heavy,1.062001345,"ridge κ = 1, no reference (unseen cell → 1)"
cavalry,merged,FC,multiplier fclass=ntw3_tow_b10_x8_026|cavalry_lancers,0.9395788521,"ridge κ = 1, no reference (unseen cell → 1)"
cavalry,merged,FC,multiplier fclass=ntw3_tow_b10_x8_026|cavalry_light,1.085170479,"ridge κ = 1, no reference (unseen cell → 1)"
cavalry,merged,FC,multiplier fclass=ntw3_tow_b10_x8_026|cavalry_missile,0.9121775341,"ridge κ = 1, no reference (unseen cell → 1)"
cavalry,merged,FC,multiplier fclass=ntw3_tow_b10_x8_026|cavalry_standard,1.002490167,"ridge κ = 1, no reference (unseen cell → 1)"
cavalry,merged,FC,multiplier fclass=ntw3_tow_b11_x8_013|cavalry_heavy,1.02349639,"ridge κ = 1, no reference (unseen cell → 1)"
cavalry,merged,FC,multiplier fclass=ntw3_tow_b11_x8_013|cavalry_lancers,1.023766335,"ridge κ = 1, no reference (unseen cell → 1)"
cavalry,merged,FC,multiplier fclass=ntw3_tow_b11_x8_013|cavalry_light,1.101665988,"ridge κ = 1, no reference (unseen cell → 1)"
cavalry,merged,FC,multiplier fclass=ntw3_tow_b11_x8_013|cavalry_missile,1.032682792,"ridge κ = 1, no reference (unseen cell → 1)"
cavalry,merged,FC,multiplier fclass=ntw3_tow_b11_x8_013|cavalry_standard,0.9290480582,"ridge κ = 1, no reference (unseen cell → 1)"
cavalry,merged,FC,multiplier fclass=ntw3_tow_b11_x8_014|cavalry_lancers,0.7694261375,"ridge κ = 1, no reference (unseen cell → 1)"
cavalry,merged,FC,multiplier fclass=ntw3_tow_b11_x8_014|cavalry_light,1.073092965,"ridge κ = 1, no reference (unseen cell → 1)"
cavalry,merged,FC,multiplier fclass=ntw3_tow_b11_x8_014|cavalry_missile,1.012574166,"ridge κ = 1, no reference (unseen cell → 1)"
cavalry,merged,FC,multiplier fclass=ntw3_tow_b12_x8_011|cavalry_lancers,0.988535462,"ridge κ = 1, no reference (unseen cell → 1)"
cavalry,merged,FC,multiplier fclass=ntw3_tow_b12_x8_011|cavalry_light,0.921464779,"ridge κ = 1, no reference (unseen cell → 1)"
cavalry,merged,FC,multiplier fclass=ntw3_tow_b12_x8_011|cavalry_standard,0.9455899197,"ridge κ = 1, no reference (unseen cell → 1)"
cavalry,merged,FC,multiplier fclass=ntw3_tow_b12_x8_012|cavalry_heavy,0.8505026816,"ridge κ = 1, no reference (unseen cell → 1)"
cavalry,merged,FC,multiplier fclass=ntw3_tow_b12_x8_012|cavalry_lancers,0.997027236,"ridge κ = 1, no reference (unseen cell → 1)"
cavalry,merged,FC,multiplier fclass=ntw3_tow_b12_x8_012|cavalry_light,0.9953571202,"ridge κ = 1, no reference (unseen cell → 1)"
cavalry,merged,FC,multiplier fclass=ntw3_tow_b13_x8_049|cavalry_heavy,1.083086229,"ridge κ = 1, no reference (unseen cell → 1)"
cavalry,merged,FC,multiplier fclass=ntw3_tow_b13_x8_049|cavalry_light,1.000094941,"ridge κ = 1, no reference (unseen cell → 1)"
cavalry,merged,FC,multiplier fclass=ntw3_tow_b13_x8_049|cavalry_standard,1.023406938,"ridge κ = 1, no reference (unseen cell → 1)"
cavalry,merged,FC,multiplier fclass=ntw3_tow_b13_x8_050|cavalry_heavy,1.091947578,"ridge κ = 1, no reference (unseen cell → 1)"
cavalry,merged,FC,multiplier fclass=ntw3_tow_b13_x8_050|cavalry_lancers,1.000970714,"ridge κ = 1, no reference (unseen cell → 1)"
cavalry,merged,FC,multiplier fclass=ntw3_tow_b13_x8_050|cavalry_light,1.07043502,"ridge κ = 1, no reference (unseen cell → 1)"
cavalry,merged,FC,multiplier fclass=ntw3_tow_b13_x8_050|cavalry_standard,1.020744914,"ridge κ = 1, no reference (unseen cell → 1)"
cavalry,merged,FC,multiplier fclass=ntw3_tow_b14_x8_031|cavalry_heavy,1.10144825,"ridge κ = 1, no reference (unseen cell → 1)"
cavalry,merged,FC,multiplier fclass=ntw3_tow_b14_x8_031|cavalry_lancers,0.9745347239,"ridge κ = 1, no reference (unseen cell → 1)"
cavalry,merged,FC,multiplier fclass=ntw3_tow_b14_x8_031|cavalry_light,1.02932115,"ridge κ = 1, no reference (unseen cell → 1)"
cavalry,merged,FC,multiplier fclass=ntw3_tow_b14_x8_031|cavalry_standard,0.9940408129,"ridge κ = 1, no reference (unseen cell → 1)"
cavalry,merged,FC,multiplier fclass=ntw3_tow_b15_x8_052|cavalry_heavy,0.9729883619,"ridge κ = 1, no reference (unseen cell → 1)"
cavalry,merged,FC,multiplier fclass=ntw3_tow_b15_x8_052|cavalry_lancers,0.8048443708,"ridge κ = 1, no reference (unseen cell → 1)"
cavalry,merged,FC,multiplier fclass=ntw3_tow_b15_x8_052|cavalry_light,1.081880459,"ridge κ = 1, no reference (unseen cell → 1)"
cavalry,merged,FC,multiplier fclass=ntw3_tow_b15_x8_052|cavalry_missile,1.014383354,"ridge κ = 1, no reference (unseen cell → 1)"
cavalry,merged,FC,multiplier fclass=ntw3_tow_b15_x8_052|cavalry_standard,1.001342958,"ridge κ = 1, no reference (unseen cell → 1)"
cavalry,merged,FC,multiplier fclass=ntw3_tow_b15_x8_053|cavalry_heavy,1.056879435,"ridge κ = 1, no reference (unseen cell → 1)"
cavalry,merged,FC,multiplier fclass=ntw3_tow_b15_x8_053|cavalry_lancers,0.9863206866,"ridge κ = 1, no reference (unseen cell → 1)"
cavalry,merged,FC,multiplier fclass=ntw3_tow_b15_x8_053|cavalry_light,0.9663370962,"ridge κ = 1, no reference (unseen cell → 1)"
cavalry,merged,FC,multiplier fclass=ntw3_tow_b15_x8_053|cavalry_missile,0.9330073414,"ridge κ = 1, no reference (unseen cell → 1)"
cavalry,merged,FC,multiplier fclass=ntw3_tow_b17_x8_055|cavalry_heavy,0.9558997689,"ridge κ = 1, no reference (unseen cell → 1)"
cavalry,merged,FC,multiplier fclass=ntw3_tow_b17_x8_055|cavalry_lancers,1.004670383,"ridge κ = 1, no reference (unseen cell → 1)"
cavalry,merged,FC,multiplier fclass=ntw3_tow_b17_x8_055|cavalry_light,0.8324070279,"ridge κ = 1, no reference (unseen cell → 1)"
cavalry,merged,FC,multiplier fclass=ntw3_tow_b17_x8_055|cavalry_standard,0.9981241805,"ridge κ = 1, no reference (unseen cell → 1)"
cavalry,merged,FC,multiplier fclass=ntw3_tow_b17_x8_056|cavalry_heavy,0.9053165175,"ridge κ = 1, no reference (unseen cell → 1)"
cavalry,merged,FC,multiplier fclass=ntw3_tow_b17_x8_056|cavalry_lancers,0.9973230469,"ridge κ = 1, no reference (unseen cell → 1)"
cavalry,merged,FC,multiplier fclass=ntw3_tow_b17_x8_056|cavalry_light,1.028664885,"ridge κ = 1, no reference (unseen cell → 1)"
cavalry,merged,FC,multiplier fclass=ntw3_tow_b17_x8_056|cavalry_standard,1.00565515,"ridge κ = 1, no reference (unseen cell → 1)"
cavalry,merged,FC,multiplier fclass=ntw3_tow_b17_x8_057|cavalry_heavy,0.9257792133,"ridge κ = 1, no reference (unseen cell → 1)"
cavalry,merged,FC,multiplier fclass=ntw3_tow_b17_x8_057|cavalry_lancers,0.9594040582,"ridge κ = 1, no reference (unseen cell → 1)"
cavalry,merged,FC,multiplier fclass=ntw3_tow_b17_x8_057|cavalry_light,1.080089541,"ridge κ = 1, no reference (unseen cell → 1)"
cavalry,merged,FC,multiplier fclass=ntw3_tow_b17_x8_057|cavalry_missile,1.035448426,"ridge κ = 1, no reference (unseen cell → 1)"
cavalry,merged,FC,multiplier fclass=ntw3_tow_b17_x8_057|cavalry_standard,0.9762516375,"ridge κ = 1, no reference (unseen cell → 1)"
cavalry,merged,FC,multiplier fclass=ntw3_tow_c07_x8_017|cavalry_heavy,0.9250666129,"ridge κ = 1, no reference (unseen cell → 1)"
cavalry,merged,FC,multiplier fclass=ntw3_tow_c07_x8_017|cavalry_lancers,0.8269383449,"ridge κ = 1, no reference (unseen cell → 1)"
cavalry,merged,FC,multiplier fclass=ntw3_tow_c07_x8_017|cavalry_light,1.06019757,"ridge κ = 1, no reference (unseen cell → 1)"
cavalry,merged,FC,multiplier fclass=ntw3_tow_c07_x8_017|cavalry_standard,1.011760448,"ridge κ = 1, no reference (unseen cell → 1)"
cavalry,merged,FC,multiplier fclass=ntw3_tow_c08_x8_048|cavalry_heavy,1.040220078,"ridge κ = 1, no reference (unseen cell → 1)"
cavalry,merged,FC,multiplier fclass=ntw3_tow_c08_x8_048|cavalry_lancers,0.5697741827,"ridge κ = 1, no reference (unseen cell → 1)"
cavalry,merged,FC,multiplier fclass=ntw3_tow_c08_x8_048|cavalry_light,1.046232673,"ridge κ = 1, no reference (unseen cell → 1)"
cavalry,merged,FC,multiplier fclass=ntw3_tow_c08_x8_048|cavalry_standard,1.029758035,"ridge κ = 1, no reference (unseen cell → 1)"
cavalry,merged,FC,multiplier fclass=ntw3_tow_c10_x8_025|cavalry_light,1.041816309,"ridge κ = 1, no reference (unseen cell → 1)"
cavalry,merged,FC,multiplier fclass=ntw3_tow_c10_x8_025|cavalry_standard,1.077880612,"ridge κ = 1, no reference (unseen cell → 1)"
cavalry,merged,FC,multiplier fclass=ntw3_tow_c14_x8_030|cavalry_heavy,1.006170036,"ridge κ = 1, no reference (unseen cell → 1)"
cavalry,merged,FC,multiplier fclass=ntw3_tow_c14_x8_030|cavalry_lancers,0.9627308086,"ridge κ = 1, no reference (unseen cell → 1)"
cavalry,merged,FC,multiplier fclass=ntw3_tow_c14_x8_030|cavalry_light,1.037072583,"ridge κ = 1, no reference (unseen cell → 1)"
cavalry,merged,FC,multiplier fclass=ntw3_tow_c15_x8_051|cavalry_heavy,1.061905509,"ridge κ = 1, no reference (unseen cell → 1)"
cavalry,merged,FC,multiplier fclass=ntw3_tow_c15_x8_051|cavalry_lancers,0.9920043371,"ridge κ = 1, no reference (unseen cell → 1)"
cavalry,merged,FC,multiplier fclass=ntw3_tow_c15_x8_051|cavalry_light,1.003020759,"ridge κ = 1, no reference (unseen cell → 1)"
cavalry,merged,FC,multiplier fclass=ntw3_tow_c15_x8_051|cavalry_standard,0.9105224505,"ridge κ = 1, no reference (unseen cell → 1)"
cavalry,merged,FC,multiplier fclass=piedmont_savoy|cavalry_heavy,1.014455596,"ridge κ = 1, no reference (unseen cell → 1)"
cavalry,merged,FC,multiplier fclass=piedmont_savoy|cavalry_lancers,0.9995544631,"ridge κ = 1, no reference (unseen cell → 1)"
cavalry,merged,FC,multiplier fclass=piedmont_savoy|cavalry_light,1.005202901,"ridge κ = 1, no reference (unseen cell → 1)"
cavalry,merged,FC,multiplier fclass=piedmont_savoy|cavalry_standard,0.9507339463,"ridge κ = 1, no reference (unseen cell → 1)"
cavalry,merged,FC,multiplier rank_depth δ,-0.01684580864,m = 1 + δ·(rank_depth − 11)
artillery,imperial,final,size,guns,guns
artillery,imperial,final,size power p,1.3,price ∝ size^p
artillery,imperial,final,shape fire,range,how shooting / firearm / calibre enter β·x (see SHAPE_DEFAULTS)
artillery,imperial,final,shape cal,spline_r,how shooting / firearm / calibre enter β·x (see SHAPE_DEFAULTS)
artillery,imperial,final,shape shoot,additive,how shooting / firearm / calibre enter β·x (see SHAPE_DEFAULTS)
artillery,imperial,final,shape cal_df,5,how shooting / firearm / calibre enter β·x (see SHAPE_DEFAULTS)
artillery,imperial,final,shape shot,onehot,how shooting / firearm / calibre enter β·x (see SHAPE_DEFAULTS)
artillery,imperial,final,stat power accuracy,3,the β column is (stat / 100)^power
artillery,imperial,final,stat power charge_bonus,0.25,the β column is (stat / 100)^power
artillery,imperial,final,stat power melee_attack,2.5,the β column is (stat / 100)^power
artillery,imperial,final,stat power melee_defense,3,the β column is (stat / 100)^power
artillery,imperial,final,stat power morale,3,the β column is (stat / 100)^power
artillery,imperial,final,stat power reload_skill,2,the β column is (stat / 100)^power
artillery,imperial,final,(intercept: per-size constant b0),-3115.532024,"β·x + [—] × guns^1.3 × rating + c shape: cal=spline_r, cal_df=5 stat powers: accuracy^3, charge_bonus^0.25, melee_attack^2.5, melee_defense^3, morale^3, reload_skill^2 | reference levels: unit_class=artillery_foot; speed=F4; shot=cannon_round_shot"
artillery,imperial,final,accuracy,55.15422331,gold per size unit^p
artillery,imperial,final,reload_skill,73.18560188,gold per size unit^p
artillery,imperial,final,morale,33333.10287,gold per size unit^p
artillery,imperial,final,melee_attack,73893.42602,gold per size unit^p
artillery,imperial,final,melee_defense,70784.28705,gold per size unit^p
artillery,imperial,final,charge_bonus,5.789136996,gold per size unit^p
artillery,imperial,final,has_stamina,31.51205531,gold per size unit^p
artillery,imperial,final,can_inspire,33.61644164,gold per size unit^p
artillery,imperial,final,unit_class=artillery_horse,164.470458,gold per size unit^p
artillery,imperial,final,speed=F1,-51.12391897,gold per size unit^p
artillery,imperial,final,speed=F2,-46.53967539,gold per size unit^p
artillery,imperial,final,speed=F3,-27.49490155,gold per size unit^p
artillery,imperial,final,speed=F5,46.0672022,gold per size unit^p
artillery,imperial,final,speed=F6,91.76179792,gold per size unit^p
artillery,imperial,final,speed=H1,-152.1439058,gold per size unit^p
artillery,imperial,final,speed=H2,-85.94678301,gold per size unit^p
artillery,imperial,final,shot=howitzer_shell,21.5920581,gold per size unit^p
artillery,imperial,final,shot=unicorn_shell,20.30262956,gold per size unit^p
artillery,imperial,final,cal_r1,560.5014422,gold per size unit^p
artillery,imperial,final,cal_r2,-1150.652119,gold per size unit^p
artillery,imperial,final,cal_r3,-1086.420352,gold per size unit^p
artillery,imperial,final,cal_r4,12221.30061,gold per size unit^p
artillery,imperial,final,cal_r5,-12417.36717,gold per size unit^p
artillery,imperial,final,"c (per unit, outside the multiplier)",-172.1519965,gold per unit
artillery,imperial,final,multiplier rating=10,0.876194344,reference 8
artillery,imperial,final,multiplier rating=11,0.7754924878,reference 8
artillery,imperial,final,multiplier rating=12,0.7274591143,reference 8
artillery,imperial,final,multiplier rating=5,1.527810015,reference 8
artillery,imperial,final,multiplier rating=6,1.328179446,reference 8
artillery,imperial,final,multiplier rating=7,1.124188368,reference 8
artillery,imperial,final,multiplier rating=8,1,reference 8
artillery,imperial,final,multiplier rating=9,0.9201538208,reference 8
artillery,imperial,RF,size,guns,guns
artillery,imperial,RF,size power p,1.3,price ∝ size^p
artillery,imperial,RF,shape fire,range,how shooting / firearm / calibre enter β·x (see SHAPE_DEFAULTS)
artillery,imperial,RF,shape cal,spline_r,how shooting / firearm / calibre enter β·x (see SHAPE_DEFAULTS)
artillery,imperial,RF,shape shoot,additive,how shooting / firearm / calibre enter β·x (see SHAPE_DEFAULTS)
artillery,imperial,RF,shape cal_df,5,how shooting / firearm / calibre enter β·x (see SHAPE_DEFAULTS)
artillery,imperial,RF,shape shot,onehot,how shooting / firearm / calibre enter β·x (see SHAPE_DEFAULTS)
artillery,imperial,RF,stat power accuracy,3,the β column is (stat / 100)^power
artillery,imperial,RF,stat power charge_bonus,0.25,the β column is (stat / 100)^power
artillery,imperial,RF,stat power melee_attack,2.5,the β column is (stat / 100)^power
artillery,imperial,RF,stat power melee_defense,3,the β column is (stat / 100)^power
artillery,imperial,RF,stat power morale,3,the β column is (stat / 100)^power
artillery,imperial,RF,stat power reload_skill,2,the β column is (stat / 100)^power
artillery,imperial,RF,(intercept: per-size constant b0),-3115.532024,"β·x + [—] × guns^1.3 × rating + c shape: cal=spline_r, cal_df=5 stat powers: accuracy^3, charge_bonus^0.25, melee_attack^2.5, melee_defense^3, morale^3, reload_skill^2 | reference levels: unit_class=artillery_foot; speed=F4; shot=cannon_round_shot"
artillery,imperial,RF,accuracy,55.15422331,gold per size unit^p
artillery,imperial,RF,reload_skill,73.18560188,gold per size unit^p
artillery,imperial,RF,morale,33333.10287,gold per size unit^p
artillery,imperial,RF,melee_attack,73893.42602,gold per size unit^p
artillery,imperial,RF,melee_defense,70784.28705,gold per size unit^p
artillery,imperial,RF,charge_bonus,5.789136996,gold per size unit^p
artillery,imperial,RF,has_stamina,31.51205531,gold per size unit^p
artillery,imperial,RF,can_inspire,33.61644164,gold per size unit^p
artillery,imperial,RF,unit_class=artillery_horse,164.470458,gold per size unit^p
artillery,imperial,RF,speed=F1,-51.12391897,gold per size unit^p
artillery,imperial,RF,speed=F2,-46.53967539,gold per size unit^p
artillery,imperial,RF,speed=F3,-27.49490155,gold per size unit^p
artillery,imperial,RF,speed=F5,46.0672022,gold per size unit^p
artillery,imperial,RF,speed=F6,91.76179792,gold per size unit^p
artillery,imperial,RF,speed=H1,-152.1439058,gold per size unit^p
artillery,imperial,RF,speed=H2,-85.94678301,gold per size unit^p
artillery,imperial,RF,shot=howitzer_shell,21.5920581,gold per size unit^p
artillery,imperial,RF,shot=unicorn_shell,20.30262956,gold per size unit^p
artillery,imperial,RF,cal_r1,560.5014422,gold per size unit^p
artillery,imperial,RF,cal_r2,-1150.652119,gold per size unit^p
artillery,imperial,RF,cal_r3,-1086.420352,gold per size unit^p
artillery,imperial,RF,cal_r4,12221.30061,gold per size unit^p
artillery,imperial,RF,cal_r5,-12417.36717,gold per size unit^p
artillery,imperial,RF,"c (per unit, outside the multiplier)",-172.1519965,gold per unit
artillery,imperial,RF,multiplier rating=10,0.876194344,reference 8
artillery,imperial,RF,multiplier rating=11,0.7754924878,reference 8
artillery,imperial,RF,multiplier rating=12,0.7274591143,reference 8
artillery,imperial,RF,multiplier rating=5,1.527810015,reference 8
artillery,imperial,RF,multiplier rating=6,1.328179446,reference 8
artillery,imperial,RF,multiplier rating=7,1.124188368,reference 8
artillery,imperial,RF,multiplier rating=8,1,reference 8
artillery,imperial,RF,multiplier rating=9,0.9201538208,reference 8
artillery,imperial,RF,faction modifier denmark,0.7231136968,per-arm; multiplies the scaled part
artillery,imperial,RF,faction modifier france,1.045050626,per-arm; multiplies the scaled part
artillery,imperial,RF,faction modifier ntw3_tow_a03_x8_032,0.9041017551,per-arm; multiplies the scaled part
artillery,imperial,RF,faction modifier ntw3_tow_a03_x8_033,1.047995295,per-arm; multiplies the scaled part
artillery,imperial,RF,faction modifier ntw3_tow_a03_x8_038,1,per-arm; multiplies the scaled part
artillery,imperial,RF,faction modifier ntw3_tow_a03_x8_040,0.9859233944,per-arm; multiplies the scaled part
artillery,imperial,RF,faction modifier ntw3_tow_a04_x8_005,0.9952400612,per-arm; multiplies the scaled part
artillery,imperial,RF,faction modifier ntw3_tow_a05_x8_001,1.022542526,per-arm; multiplies the scaled part
artillery,imperial,RF,faction modifier ntw3_tow_a05_x8_004,1.012581187,per-arm; multiplies the scaled part
artillery,imperial,RF,faction modifier ntw3_tow_a06_x8_002,1,per-arm; multiplies the scaled part
artillery,imperial,RF,faction modifier ntw3_tow_a08_x8_047,1.016190624,per-arm; multiplies the scaled part
artillery,imperial,RF,faction modifier ntw3_tow_a09_x8_021,0.9832942428,per-arm; multiplies the scaled part
artillery,imperial,RF,faction modifier ntw3_tow_a11_x8_027,0.9914471338,per-arm; multiplies the scaled part
artillery,imperial,RF,faction modifier ntw3_tow_a11_x8_028,0.9932225904,per-arm; multiplies the scaled part
artillery,imperial,RF,faction modifier ntw3_tow_a11_x8_029,1.034568956,per-arm; multiplies the scaled part
artillery,imperial,RF,faction modifier ntw3_tow_a12_x8_003,1.00770103,per-arm; multiplies the scaled part
artillery,imperial,RF,faction modifier ntw3_tow_a13_x8_022,1.019459996,per-arm; multiplies the scaled part
artillery,imperial,RF,faction modifier ntw3_tow_a17_x8_054,0.9679821188,per-arm; multiplies the scaled part
artillery,imperial,RF,faction modifier ntw3_tow_c07_x8_017,0.9735590873,per-arm; multiplies the scaled part
artillery,imperial,RF,faction modifier ntw3_tow_c08_x8_048,1.056606289,per-arm; multiplies the scaled part
artillery,imperial,RF,faction modifier ntw3_tow_c10_x8_025,1.018448708,per-arm; multiplies the scaled part
artillery,imperial,RF,faction modifier ntw3_tow_c14_x8_030,1.000839042,per-arm; multiplies the scaled part
artillery,imperial,RF,faction modifier ntw3_tow_c15_x8_051,1.011135966,per-arm; multiplies the scaled part
artillery,imperial,FC,size,guns,guns
artillery,imperial,FC,size power p,1.3,price ∝ size^p
artillery,imperial,FC,shape fire,range,how shooting / firearm / calibre enter β·x (see SHAPE_DEFAULTS)
artillery,imperial,FC,shape cal,spline_r,how shooting / firearm / calibre enter β·x (see SHAPE_DEFAULTS)
artillery,imperial,FC,shape shoot,additive,how shooting / firearm / calibre enter β·x (see SHAPE_DEFAULTS)
artillery,imperial,FC,shape cal_df,5,how shooting / firearm / calibre enter β·x (see SHAPE_DEFAULTS)
artillery,imperial,FC,shape shot,onehot,how shooting / firearm / calibre enter β·x (see SHAPE_DEFAULTS)
artillery,imperial,FC,stat power accuracy,3,the β column is (stat / 100)^power
artillery,imperial,FC,stat power charge_bonus,0.25,the β column is (stat / 100)^power
artillery,imperial,FC,stat power melee_attack,2.5,the β column is (stat / 100)^power
artillery,imperial,FC,stat power melee_defense,3,the β column is (stat / 100)^power
artillery,imperial,FC,stat power morale,3,the β column is (stat / 100)^power
artillery,imperial,FC,stat power reload_skill,2,the β column is (stat / 100)^power
artillery,imperial,FC,(intercept: per-size constant b0),-2634.397653,"β·x + [—] × guns^1.3 × fclass + c shape: cal=spline_r, cal_df=5 stat powers: accuracy^3, charge_bonus^0.25, melee_attack^2.5, melee_defense^3, morale^3, reload_skill^2 rating fixed (8/N) κ=0.5 | reference levels: unit_class=artillery_foot; speed=F4; shot=cannon_round_shot"
artillery,imperial,FC,accuracy,77.05941908,gold per size unit^p
artillery,imperial,FC,reload_skill,66.102614,gold per size unit^p
artillery,imperial,FC,morale,31353.29493,gold per size unit^p
artillery,imperial,FC,melee_attack,33683.04575,gold per size unit^p
artillery,imperial,FC,melee_defense,104015.9776,gold per size unit^p
artillery,imperial,FC,charge_bonus,6.924100052,gold per size unit^p
artillery,imperial,FC,has_stamina,32.79757033,gold per size unit^p
artillery,imperial,FC,can_inspire,30.79772911,gold per size unit^p
artillery,imperial,FC,unit_class=artillery_horse,143.1693673,gold per size unit^p
artillery,imperial,FC,speed=F1,-77.37079246,gold per size unit^p
artillery,imperial,FC,speed=F2,-62.64485648,gold per size unit^p
artillery,imperial,FC,speed=F3,-36.2228362,gold per size unit^p
artillery,imperial,FC,speed=F5,46.90189157,gold per size unit^p
artillery,imperial,FC,speed=F6,95.37265025,gold per size unit^p
artillery,imperial,FC,speed=H1,-156.3746717,gold per size unit^p
artillery,imperial,FC,speed=H2,-90.30916134,gold per size unit^p
artillery,imperial,FC,shot=howitzer_shell,31.929032,gold per size unit^p
artillery,imperial,FC,shot=unicorn_shell,26.95194291,gold per size unit^p
artillery,imperial,FC,cal_r1,477.3226675,gold per size unit^p
artillery,imperial,FC,cal_r2,-218.4806189,gold per size unit^p
artillery,imperial,FC,cal_r3,-3620.281607,gold per size unit^p
artillery,imperial,FC,cal_r4,17521.33284,gold per size unit^p
artillery,imperial,FC,cal_r5,-17173.09624,gold per size unit^p
artillery,imperial,FC,"c (per unit, outside the multiplier)",-167.5472243,gold per unit
artillery,imperial,FC,rating divisor,8/rating,fixed; scales the β part like a multiplier
artillery,imperial,FC,multiplier fclass=denmark|artillery_foot,0.8552475493,"ridge κ = 0.5, no reference (unseen cell → 1)"
artillery,imperial,FC,multiplier fclass=denmark|artillery_horse,0.6460322492,"ridge κ = 0.5, no reference (unseen cell → 1)"
artillery,imperial,FC,multiplier fclass=france|artillery_foot,1.021777002,"ridge κ = 0.5, no reference (unseen cell → 1)"
artillery,imperial,FC,multiplier fclass=france|artillery_horse,1.092076884,"ridge κ = 0.5, no reference (unseen cell → 1)"
artillery,imperial,FC,multiplier fclass=ntw3_tow_a03_x8_032|artillery_foot,0.8785366214,"ridge κ = 0.5, no reference (unseen cell → 1)"
artillery,imperial,FC,multiplier fclass=ntw3_tow_a03_x8_032|artillery_horse,1.013169871,"ridge κ = 0.5, no reference (unseen cell → 1)"
artillery,imperial,FC,multiplier fclass=ntw3_tow_a03_x8_033|artillery_foot,1.02626344,"ridge κ = 0.5, no reference (unseen cell → 1)"
artillery,imperial,FC,multiplier fclass=ntw3_tow_a03_x8_033|artillery_horse,1.112732919,"ridge κ = 0.5, no reference (unseen cell → 1)"
artillery,imperial,FC,multiplier fclass=ntw3_tow_a03_x8_038|artillery_foot,0.9518148995,"ridge κ = 0.5, no reference (unseen cell → 1)"
artillery,imperial,FC,multiplier fclass=ntw3_tow_a03_x8_038|artillery_horse,0.974949425,"ridge κ = 0.5, no reference (unseen cell → 1)"
artillery,imperial,FC,multiplier fclass=ntw3_tow_a03_x8_040|artillery_foot,0.941174285,"ridge κ = 0.5, no reference (unseen cell → 1)"
artillery,imperial,FC,multiplier fclass=ntw3_tow_a03_x8_040|artillery_horse,0.9994818568,"ridge κ = 0.5, no reference (unseen cell → 1)"
artillery,imperial,FC,multiplier fclass=ntw3_tow_a04_x8_005|artillery_foot,0.9702748679,"ridge κ = 0.5, no reference (unseen cell → 1)"
artillery,imperial,FC,multiplier fclass=ntw3_tow_a04_x8_005|artillery_horse,0.9695663884,"ridge κ = 0.5, no reference (unseen cell → 1)"
artillery,imperial,FC,multiplier fclass=ntw3_tow_a05_x8_001|artillery_foot,1.019905724,"ridge κ = 0.5, no reference (unseen cell → 1)"
artillery,imperial,FC,multiplier fclass=ntw3_tow_a05_x8_001|artillery_horse,1.110540853,"ridge κ = 0.5, no reference (unseen cell → 1)"
artillery,imperial,FC,multiplier fclass=ntw3_tow_a05_x8_004|artillery_foot,0.9706312616,"ridge κ = 0.5, no reference (unseen cell → 1)"
artillery,imperial,FC,multiplier fclass=ntw3_tow_a05_x8_004|artillery_horse,1.001676226,"ridge κ = 0.5, no reference (unseen cell → 1)"
artillery,imperial,FC,multiplier fclass=ntw3_tow_a06_x8_002|artillery_foot,1.029897107,"ridge κ = 0.5, no reference (unseen cell → 1)"
artillery,imperial,FC,multiplier fclass=ntw3_tow_a06_x8_002|artillery_horse,1.098364737,"ridge κ = 0.5, no reference (unseen cell → 1)"
artillery,imperial,FC,multiplier fclass=ntw3_tow_a08_x8_047|artillery_foot,1.05361979,"ridge κ = 0.5, no reference (unseen cell → 1)"
artillery,imperial,FC,multiplier fclass=ntw3_tow_a08_x8_047|artillery_horse,1.119674285,"ridge κ = 0.5, no reference (unseen cell → 1)"
artillery,imperial,FC,multiplier fclass=ntw3_tow_a09_x8_021|artillery_foot,0.9909329211,"ridge κ = 0.5, no reference (unseen cell → 1)"
artillery,imperial,FC,multiplier fclass=ntw3_tow_a09_x8_021|artillery_horse,1.140103095,"ridge κ = 0.5, no reference (unseen cell → 1)"
artillery,imperial,FC,multiplier fclass=ntw3_tow_a11_x8_027|artillery_foot,0.9651502397,"ridge κ = 0.5, no reference (unseen cell → 1)"
artillery,imperial,FC,multiplier fclass=ntw3_tow_a11_x8_027|artillery_horse,0.9766960535,"ridge κ = 0.5, no reference (unseen cell → 1)"
artillery,imperial,FC,multiplier fclass=ntw3_tow_a11_x8_028|artillery_foot,0.8827736126,"ridge κ = 0.5, no reference (unseen cell → 1)"
artillery,imperial,FC,multiplier fclass=ntw3_tow_a11_x8_028|artillery_horse,1.157857884,"ridge κ = 0.5, no reference (unseen cell → 1)"
artillery,imperial,FC,multiplier fclass=ntw3_tow_a11_x8_029|artillery_foot,1.008083123,"ridge κ = 0.5, no reference (unseen cell → 1)"
artillery,imperial,FC,multiplier fclass=ntw3_tow_a11_x8_029|artillery_horse,1.012177665,"ridge κ = 0.5, no reference (unseen cell → 1)"
artillery,imperial,FC,multiplier fclass=ntw3_tow_a12_x8_003|artillery_foot,0.9848747514,"ridge κ = 0.5, no reference (unseen cell → 1)"
artillery,imperial,FC,multiplier fclass=ntw3_tow_a12_x8_003|artillery_horse,1.06485609,"ridge κ = 0.5, no reference (unseen cell → 1)"
artillery,imperial,FC,multiplier fclass=ntw3_tow_a13_x8_022|artillery_foot,0.9567520474,"ridge κ = 0.5, no reference (unseen cell → 1)"
artillery,imperial,FC,multiplier fclass=ntw3_tow_a13_x8_022|artillery_horse,1.047547966,"ridge κ = 0.5, no reference (unseen cell → 1)"
artillery,imperial,FC,multiplier fclass=ntw3_tow_a17_x8_054|artillery_foot,0.8188127215,"ridge κ = 0.5, no reference (unseen cell → 1)"
artillery,imperial,FC,multiplier fclass=ntw3_tow_a17_x8_054|artillery_horse,1.089155632,"ridge κ = 0.5, no reference (unseen cell → 1)"
artillery,imperial,FC,multiplier fclass=ntw3_tow_c07_x8_017|artillery_foot,0.9024902686,"ridge κ = 0.5, no reference (unseen cell → 1)"
artillery,imperial,FC,multiplier fclass=ntw3_tow_c07_x8_017|artillery_horse,0.9397249763,"ridge κ = 0.5, no reference (unseen cell → 1)"
artillery,imperial,FC,multiplier fclass=ntw3_tow_c08_x8_048|artillery_foot,0.9760432376,"ridge κ = 0.5, no reference (unseen cell → 1)"
artillery,imperial,FC,multiplier fclass=ntw3_tow_c08_x8_048|artillery_horse,1.071875803,"ridge κ = 0.5, no reference (unseen cell → 1)"
artillery,imperial,FC,multiplier fclass=ntw3_tow_c10_x8_025|artillery_foot,0.9848495747,"ridge κ = 0.5, no reference (unseen cell → 1)"
artillery,imperial,FC,multiplier fclass=ntw3_tow_c10_x8_025|artillery_horse,0.8413459579,"ridge κ = 0.5, no reference (unseen cell → 1)"
artillery,imperial,FC,multiplier fclass=ntw3_tow_c14_x8_030|artillery_foot,0.9437967001,"ridge κ = 0.5, no reference (unseen cell → 1)"
artillery,imperial,FC,multiplier fclass=ntw3_tow_c14_x8_030|artillery_horse,1.03675041,"ridge κ = 0.5, no reference (unseen cell → 1)"
artillery,imperial,FC,multiplier fclass=ntw3_tow_c15_x8_051|artillery_foot,0.914588091,"ridge κ = 0.5, no reference (unseen cell → 1)"
artillery,imperial,FC,multiplier fclass=ntw3_tow_c15_x8_051|artillery_horse,1.035667097,"ridge κ = 0.5, no reference (unseen cell → 1)"
artillery,coalition,final,size,guns,guns
artillery,coalition,final,size power p,1.3,price ∝ size^p
artillery,coalition,final,shape fire,range,how shooting / firearm / calibre enter β·x (see SHAPE_DEFAULTS)
artillery,coalition,final,shape cal,spline_r,how shooting / firearm / calibre enter β·x (see SHAPE_DEFAULTS)
artillery,coalition,final,shape shoot,additive,how shooting / firearm / calibre enter β·x (see SHAPE_DEFAULTS)
artillery,coalition,final,shape cal_df,5,how shooting / firearm / calibre enter β·x (see SHAPE_DEFAULTS)
artillery,coalition,final,shape shot,onehot,how shooting / firearm / calibre enter β·x (see SHAPE_DEFAULTS)
artillery,coalition,final,stat power accuracy,3,the β column is (stat / 100)^power
artillery,coalition,final,stat power charge_bonus,0.25,the β column is (stat / 100)^power
artillery,coalition,final,stat power melee_attack,2.5,the β column is (stat / 100)^power
artillery,coalition,final,stat power melee_defense,3,the β column is (stat / 100)^power
artillery,coalition,final,stat power morale,3,the β column is (stat / 100)^power
artillery,coalition,final,stat power reload_skill,2,the β column is (stat / 100)^power
artillery,coalition,final,(intercept: per-size constant b0),-4068.135269,"β·x + [—] × guns^1.3 × rating + c shape: cal=spline_r, cal_df=5 stat powers: accuracy^3, charge_bonus^0.25, melee_attack^2.5, melee_defense^3, morale^3, reload_skill^2 | reference levels: unit_class=artillery_foot; speed=F3; shot=cannon_round_shot"
artillery,coalition,final,accuracy,57.17268828,gold per size unit^p
artillery,coalition,final,reload_skill,57.62837285,gold per size unit^p
artillery,coalition,final,morale,40353.55512,gold per size unit^p
artillery,coalition,final,melee_attack,64775.78094,gold per size unit^p
artillery,coalition,final,melee_defense,12967.36363,gold per size unit^p
artillery,coalition,final,charge_bonus,-22.5969549,gold per size unit^p
artillery,coalition,final,has_stamina,37.6765127,gold per size unit^p
artillery,coalition,final,can_inspire,50.8117162,gold per size unit^p
artillery,coalition,final,has_guerrilla_deployment,47.19497955,gold per size unit^p
artillery,coalition,final,unit_class=artillery_horse,179.7722393,gold per size unit^p
artillery,coalition,final,speed=F1,-48.95862596,gold per size unit^p
artillery,coalition,final,speed=F2,-23.84844227,gold per size unit^p
artillery,coalition,final,speed=F4,38.8453965,gold per size unit^p
artillery,coalition,final,speed=F5,75.37402047,gold per size unit^p
artillery,coalition,final,speed=F6,105.1989599,gold per size unit^p
artillery,coalition,final,speed=H1,-122.8277894,gold per size unit^p
artillery,coalition,final,speed=H2,-71.44483499,gold per size unit^p
artillery,coalition,final,shot=howitzer_shell,18.56784489,gold per size unit^p
artillery,coalition,final,shot=unicorn_shell,13.39794357,gold per size unit^p
artillery,coalition,final,cal_r1,727.0864819,gold per size unit^p
artillery,coalition,final,cal_r2,-3745.465771,gold per size unit^p
artillery,coalition,final,cal_r3,9895.957301,gold per size unit^p
artillery,coalition,final,cal_r4,-7990.653059,gold per size unit^p
artillery,coalition,final,cal_r5,2042.604004,gold per size unit^p
artillery,coalition,final,"c (per unit, outside the multiplier)",-149.6954433,gold per unit
artillery,coalition,final,multiplier rating=10,0.8508322431,reference 8
artillery,coalition,final,multiplier rating=5,1.435056306,reference 8
artillery,coalition,final,multiplier rating=6,1.207765118,reference 8
artillery,coalition,final,multiplier rating=7,1.110927222,reference 8
artillery,coalition,final,multiplier rating=8,1,reference 8
artillery,coalition,final,multiplier rating=9,0.9296562006,reference 8
artillery,coalition,RF,size,guns,guns
artillery,coalition,RF,size power p,1.3,price ∝ size^p
artillery,coalition,RF,shape fire,range,how shooting / firearm / calibre enter β·x (see SHAPE_DEFAULTS)
artillery,coalition,RF,shape cal,spline_r,how shooting / firearm / calibre enter β·x (see SHAPE_DEFAULTS)
artillery,coalition,RF,shape shoot,additive,how shooting / firearm / calibre enter β·x (see SHAPE_DEFAULTS)
artillery,coalition,RF,shape cal_df,5,how shooting / firearm / calibre enter β·x (see SHAPE_DEFAULTS)
artillery,coalition,RF,shape shot,onehot,how shooting / firearm / calibre enter β·x (see SHAPE_DEFAULTS)
artillery,coalition,RF,stat power accuracy,3,the β column is (stat / 100)^power
artillery,coalition,RF,stat power charge_bonus,0.25,the β column is (stat / 100)^power
artillery,coalition,RF,stat power melee_attack,2.5,the β column is (stat / 100)^power
artillery,coalition,RF,stat power melee_defense,3,the β column is (stat / 100)^power
artillery,coalition,RF,stat power morale,3,the β column is (stat / 100)^power
artillery,coalition,RF,stat power reload_skill,2,the β column is (stat / 100)^power
artillery,coalition,RF,(intercept: per-size constant b0),-4068.135269,"β·x + [—] × guns^1.3 × rating + c shape: cal=spline_r, cal_df=5 stat powers: accuracy^3, charge_bonus^0.25, melee_attack^2.5, melee_defense^3, morale^3, reload_skill^2 | reference levels: unit_class=artillery_foot; speed=F3; shot=cannon_round_shot"
artillery,coalition,RF,accuracy,57.17268828,gold per size unit^p
artillery,coalition,RF,reload_skill,57.62837285,gold per size unit^p
artillery,coalition,RF,morale,40353.55512,gold per size unit^p
artillery,coalition,RF,melee_attack,64775.78094,gold per size unit^p
artillery,coalition,RF,melee_defense,12967.36363,gold per size unit^p
artillery,coalition,RF,charge_bonus,-22.5969549,gold per size unit^p
artillery,coalition,RF,has_stamina,37.6765127,gold per size unit^p
artillery,coalition,RF,can_inspire,50.8117162,gold per size unit^p
artillery,coalition,RF,has_guerrilla_deployment,47.19497955,gold per size unit^p
artillery,coalition,RF,unit_class=artillery_horse,179.7722393,gold per size unit^p
artillery,coalition,RF,speed=F1,-48.95862596,gold per size unit^p
artillery,coalition,RF,speed=F2,-23.84844227,gold per size unit^p
artillery,coalition,RF,speed=F4,38.8453965,gold per size unit^p
artillery,coalition,RF,speed=F5,75.37402047,gold per size unit^p
artillery,coalition,RF,speed=F6,105.1989599,gold per size unit^p
artillery,coalition,RF,speed=H1,-122.8277894,gold per size unit^p
artillery,coalition,RF,speed=H2,-71.44483499,gold per size unit^p
artillery,coalition,RF,shot=howitzer_shell,18.56784489,gold per size unit^p
artillery,coalition,RF,shot=unicorn_shell,13.39794357,gold per size unit^p
artillery,coalition,RF,cal_r1,727.0864819,gold per size unit^p
artillery,coalition,RF,cal_r2,-3745.465771,gold per size unit^p
artillery,coalition,RF,cal_r3,9895.957301,gold per size unit^p
artillery,coalition,RF,cal_r4,-7990.653059,gold per size unit^p
artillery,coalition,RF,cal_r5,2042.604004,gold per size unit^p
artillery,coalition,RF,"c (per unit, outside the multiplier)",-149.6954433,gold per unit
artillery,coalition,RF,multiplier rating=10,0.8508322431,reference 8
artillery,coalition,RF,multiplier rating=5,1.435056306,reference 8
artillery,coalition,RF,multiplier rating=6,1.207765118,reference 8
artillery,coalition,RF,multiplier rating=7,1.110927222,reference 8
artillery,coalition,RF,multiplier rating=8,1,reference 8
artillery,coalition,RF,multiplier rating=9,0.9296562006,reference 8
artillery,coalition,RF,faction modifier britain,0.9980316863,per-arm; multiplies the scaled part
artillery,coalition,RF,faction modifier ntw3_hre,1.051116106,per-arm; multiplies the scaled part
artillery,coalition,RF,faction modifier ntw3_tow_b03_x8_039,0.984974041,per-arm; multiplies the scaled part
artillery,coalition,RF,faction modifier ntw3_tow_b03_x8_041,1,per-arm; multiplies the scaled part
artillery,coalition,RF,faction modifier ntw3_tow_b03_x8_042,1.024487611,per-arm; multiplies the scaled part
artillery,coalition,RF,faction modifier ntw3_tow_b03_x8_043,1.009795847,per-arm; multiplies the scaled part
artillery,coalition,RF,faction modifier ntw3_tow_b04_x8_015,1.046886305,per-arm; multiplies the scaled part
artillery,coalition,RF,faction modifier ntw3_tow_b04_x8_016,0.9709049678,per-arm; multiplies the scaled part
artillery,coalition,RF,faction modifier ntw3_tow_b05_x8_006,1.006110997,per-arm; multiplies the scaled part
artillery,coalition,RF,faction modifier ntw3_tow_b05_x8_007,0.9772603315,per-arm; multiplies the scaled part
artillery,coalition,RF,faction modifier ntw3_tow_b06_x8_008,0.9536776792,per-arm; multiplies the scaled part
artillery,coalition,RF,faction modifier ntw3_tow_b06_x8_009,0.9847301349,per-arm; multiplies the scaled part
artillery,coalition,RF,faction modifier ntw3_tow_b07_x8_018,1.019621135,per-arm; multiplies the scaled part
artillery,coalition,RF,faction modifier ntw3_tow_b08_x8_044,0.979109857,per-arm; multiplies the scaled part
artillery,coalition,RF,faction modifier ntw3_tow_b08_x8_045,0.9554640041,per-arm; multiplies the scaled part
artillery,coalition,RF,faction modifier ntw3_tow_b08_x8_046,0.9878878273,per-arm; multiplies the scaled part
artillery,coalition,RF,faction modifier ntw3_tow_b09_x8_019,0.9786230512,per-arm; multiplies the scaled part
artillery,coalition,RF,faction modifier ntw3_tow_b09_x8_020,1.040405165,per-arm; multiplies the scaled part
artillery,coalition,RF,faction modifier ntw3_tow_b10_x8_026,1.027499138,per-arm; multiplies the scaled part
artillery,coalition,RF,faction modifier ntw3_tow_b11_x8_013,1.006491038,per-arm; multiplies the scaled part
artillery,coalition,RF,faction modifier ntw3_tow_b11_x8_014,0.9232537995,per-arm; multiplies the scaled part
artillery,coalition,RF,faction modifier ntw3_tow_b12_x8_011,0.9835700197,per-arm; multiplies the scaled part
artillery,coalition,RF,faction modifier ntw3_tow_b12_x8_012,1.017567629,per-arm; multiplies the scaled part
artillery,coalition,RF,faction modifier ntw3_tow_b13_x8_049,0.9822079547,per-arm; multiplies the scaled part
artillery,coalition,RF,faction modifier ntw3_tow_b13_x8_050,0.9907965401,per-arm; multiplies the scaled part
artillery,coalition,RF,faction modifier ntw3_tow_b14_x8_031,1.031316577,per-arm; multiplies the scaled part
artillery,coalition,RF,faction modifier ntw3_tow_b15_x8_052,1.004076099,per-arm; multiplies the scaled part
artillery,coalition,RF,faction modifier ntw3_tow_b15_x8_053,0.9637224725,per-arm; multiplies the scaled part
artillery,coalition,RF,faction modifier ntw3_tow_b17_x8_055,0.992418522,per-arm; multiplies the scaled part
artillery,coalition,RF,faction modifier ntw3_tow_b17_x8_056,1.046198359,per-arm; multiplies the scaled part
artillery,coalition,RF,faction modifier ntw3_tow_b17_x8_057,1.023980357,per-arm; multiplies the scaled part
artillery,coalition,RF,faction modifier piedmont_savoy,1.048379601,per-arm; multiplies the scaled part
artillery,coalition,FC,size,guns,guns
artillery,coalition,FC,size power p,1.3,price ∝ size^p
artillery,coalition,FC,shape fire,range,how shooting / firearm / calibre enter β·x (see SHAPE_DEFAULTS)
artillery,coalition,FC,shape cal,spline_r,how shooting / firearm / calibre enter β·x (see SHAPE_DEFAULTS)
artillery,coalition,FC,shape shoot,additive,how shooting / firearm / calibre enter β·x (see SHAPE_DEFAULTS)
artillery,coalition,FC,shape cal_df,5,how shooting / firearm / calibre enter β·x (see SHAPE_DEFAULTS)
artillery,coalition,FC,shape shot,onehot,how shooting / firearm / calibre enter β·x (see SHAPE_DEFAULTS)
artillery,coalition,FC,stat power accuracy,3,the β column is (stat / 100)^power
artillery,coalition,FC,stat power charge_bonus,0.25,the β column is (stat / 100)^power
artillery,coalition,FC,stat power melee_attack,2.5,the β column is (stat / 100)^power
artillery,coalition,FC,stat power melee_defense,3,the β column is (stat / 100)^power
artillery,coalition,FC,stat power morale,3,the β column is (stat / 100)^power
artillery,coalition,FC,stat power reload_skill,2,the β column is (stat / 100)^power
artillery,coalition,FC,(intercept: per-size constant b0),-4085.286332,"β·x + [—] × guns^1.3 × fclass + c shape: cal=spline_r, cal_df=5 stat powers: accuracy^3, charge_bonus^0.25, melee_attack^2.5, melee_defense^3, morale^3, reload_skill^2 rating fixed (8/N) κ=1 | reference levels: unit_class=artillery_foot; speed=F3; shot=cannon_round_shot"
artillery,coalition,FC,accuracy,66.17140126,gold per size unit^p
artillery,coalition,FC,reload_skill,78.07795321,gold per size unit^p
artillery,coalition,FC,morale,36744.01091,gold per size unit^p
artillery,coalition,FC,melee_attack,1883.220093,gold per size unit^p
artillery,coalition,FC,melee_defense,105781.7161,gold per size unit^p
artillery,coalition,FC,charge_bonus,-7.993878641,gold per size unit^p
artillery,coalition,FC,has_stamina,32.4272572,gold per size unit^p
artillery,coalition,FC,can_inspire,51.92196689,gold per size unit^p
artillery,coalition,FC,has_guerrilla_deployment,55.73174823,gold per size unit^p
artillery,coalition,FC,unit_class=artillery_horse,179.6664154,gold per size unit^p
artillery,coalition,FC,speed=F1,-52.48868779,gold per size unit^p
artillery,coalition,FC,speed=F2,-32.30861049,gold per size unit^p
artillery,coalition,FC,speed=F4,41.76709055,gold per size unit^p
artillery,coalition,FC,speed=F5,83.38955063,gold per size unit^p
artillery,coalition,FC,speed=F6,127.4174579,gold per size unit^p
artillery,coalition,FC,speed=H1,-132.038866,gold per size unit^p
artillery,coalition,FC,speed=H2,-82.38039036,gold per size unit^p
artillery,coalition,FC,shot=howitzer_shell,26.7676724,gold per size unit^p
artillery,coalition,FC,shot=unicorn_shell,27.13615028,gold per size unit^p
artillery,coalition,FC,cal_r1,729.9876615,gold per size unit^p
artillery,coalition,FC,cal_r2,-3817.572334,gold per size unit^p
artillery,coalition,FC,cal_r3,10329.6733,gold per size unit^p
artillery,coalition,FC,cal_r4,-8523.072802,gold per size unit^p
artillery,coalition,FC,cal_r5,2164.526115,gold per size unit^p
artillery,coalition,FC,"c (per unit, outside the multiplier)",-155.5533439,gold per unit
artillery,coalition,FC,rating divisor,8/rating,fixed; scales the β part like a multiplier
artillery,coalition,FC,multiplier fclass=britain|artillery_foot,0.9647807287,"ridge κ = 1, no reference (unseen cell → 1)"
artillery,coalition,FC,multiplier fclass=britain|artillery_horse,1.024357236,"ridge κ = 1, no reference (unseen cell → 1)"
artillery,coalition,FC,multiplier fclass=ntw3_hre|artillery_foot,1.109537675,"ridge κ = 1, no reference (unseen cell → 1)"
artillery,coalition,FC,multiplier fclass=ntw3_hre|artillery_horse,1.049349815,"ridge κ = 1, no reference (unseen cell → 1)"
artillery,coalition,FC,multiplier fclass=ntw3_tow_b03_x8_039|artillery_foot,1.001067566,"ridge κ = 1, no reference (unseen cell → 1)"
artillery,coalition,FC,multiplier fclass=ntw3_tow_b03_x8_039|artillery_horse,0.9599868773,"ridge κ = 1, no reference (unseen cell → 1)"
artillery,coalition,FC,multiplier fclass=ntw3_tow_b03_x8_041|artillery_foot,0.9194902847,"ridge κ = 1, no reference (unseen cell → 1)"
artillery,coalition,FC,multiplier fclass=ntw3_tow_b03_x8_042|artillery_foot,0.9967700016,"ridge κ = 1, no reference (unseen cell → 1)"
artillery,coalition,FC,multiplier fclass=ntw3_tow_b03_x8_042|artillery_horse,0.9324711291,"ridge κ = 1, no reference (unseen cell → 1)"
artillery,coalition,FC,multiplier fclass=ntw3_tow_b03_x8_043|artillery_foot,0.9570957975,"ridge κ = 1, no reference (unseen cell → 1)"
artillery,coalition,FC,multiplier fclass=ntw3_tow_b03_x8_043|artillery_horse,1.002015631,"ridge κ = 1, no reference (unseen cell → 1)"
artillery,coalition,FC,multiplier fclass=ntw3_tow_b04_x8_015|artillery_foot,0.9866816283,"ridge κ = 1, no reference (unseen cell → 1)"
artillery,coalition,FC,multiplier fclass=ntw3_tow_b04_x8_016|artillery_foot,0.9029282094,"ridge κ = 1, no reference (unseen cell → 1)"
artillery,coalition,FC,multiplier fclass=ntw3_tow_b04_x8_016|artillery_horse,1.092192889,"ridge κ = 1, no reference (unseen cell → 1)"
artillery,coalition,FC,multiplier fclass=ntw3_tow_b05_x8_006|artillery_foot,0.9826552588,"ridge κ = 1, no reference (unseen cell → 1)"
artillery,coalition,FC,multiplier fclass=ntw3_tow_b05_x8_006|artillery_horse,1.021817263,"ridge κ = 1, no reference (unseen cell → 1)"
artillery,coalition,FC,multiplier fclass=ntw3_tow_b05_x8_007|artillery_foot,0.9979008129,"ridge κ = 1, no reference (unseen cell → 1)"
artillery,coalition,FC,multiplier fclass=ntw3_tow_b05_x8_007|artillery_horse,0.9694996323,"ridge κ = 1, no reference (unseen cell → 1)"
artillery,coalition,FC,multiplier fclass=ntw3_tow_b06_x8_008|artillery_foot,0.8048143473,"ridge κ = 1, no reference (unseen cell → 1)"
artillery,coalition,FC,multiplier fclass=ntw3_tow_b06_x8_008|artillery_horse,1.060397461,"ridge κ = 1, no reference (unseen cell → 1)"
artillery,coalition,FC,multiplier fclass=ntw3_tow_b06_x8_009|artillery_foot,1.037749465,"ridge κ = 1, no reference (unseen cell → 1)"
artillery,coalition,FC,multiplier fclass=ntw3_tow_b06_x8_009|artillery_horse,1.065215659,"ridge κ = 1, no reference (unseen cell → 1)"
artillery,coalition,FC,multiplier fclass=ntw3_tow_b07_x8_018|artillery_foot,0.9488904176,"ridge κ = 1, no reference (unseen cell → 1)"
artillery,coalition,FC,multiplier fclass=ntw3_tow_b07_x8_018|artillery_horse,0.9874754482,"ridge κ = 1, no reference (unseen cell → 1)"
artillery,coalition,FC,multiplier fclass=ntw3_tow_b08_x8_044|artillery_foot,1.047463476,"ridge κ = 1, no reference (unseen cell → 1)"
artillery,coalition,FC,multiplier fclass=ntw3_tow_b08_x8_044|artillery_horse,1.047139339,"ridge κ = 1, no reference (unseen cell → 1)"
artillery,coalition,FC,multiplier fclass=ntw3_tow_b08_x8_045|artillery_foot,0.8007427992,"ridge κ = 1, no reference (unseen cell → 1)"
artillery,coalition,FC,multiplier fclass=ntw3_tow_b08_x8_045|artillery_horse,0.9896072811,"ridge κ = 1, no reference (unseen cell → 1)"
artillery,coalition,FC,multiplier fclass=ntw3_tow_b08_x8_046|artillery_foot,0.9910962888,"ridge κ = 1, no reference (unseen cell → 1)"
artillery,coalition,FC,multiplier fclass=ntw3_tow_b08_x8_046|artillery_horse,1.003309409,"ridge κ = 1, no reference (unseen cell → 1)"
artillery,coalition,FC,multiplier fclass=ntw3_tow_b09_x8_019|artillery_foot,0.920610057,"ridge κ = 1, no reference (unseen cell → 1)"
artillery,coalition,FC,multiplier fclass=ntw3_tow_b09_x8_019|artillery_horse,1.054398442,"ridge κ = 1, no reference (unseen cell → 1)"
artillery,coalition,FC,multiplier fclass=ntw3_tow_b09_x8_020|artillery_foot,1.055055845,"ridge κ = 1, no reference (unseen cell → 1)"
artillery,coalition,FC,multiplier fclass=ntw3_tow_b09_x8_020|artillery_horse,1.044658921,"ridge κ = 1, no reference (unseen cell → 1)"
artillery,coalition,FC,multiplier fclass=ntw3_tow_b10_x8_026|artillery_foot,0.9798280508,"ridge κ = 1, no reference (unseen cell → 1)"
artillery,coalition,FC,multiplier fclass=ntw3_tow_b10_x8_026|artillery_horse,1.004092718,"ridge κ = 1, no reference (unseen cell → 1)"
artillery,coalition,FC,multiplier fclass=ntw3_tow_b11_x8_013|artillery_foot,0.9478878925,"ridge κ = 1, no reference (unseen cell → 1)"
artillery,coalition,FC,multiplier fclass=ntw3_tow_b11_x8_013|artillery_horse,1.139114186,"ridge κ = 1, no reference (unseen cell → 1)"
artillery,coalition,FC,multiplier fclass=ntw3_tow_b11_x8_014|artillery_foot,1.009193816,"ridge κ = 1, no reference (unseen cell → 1)"
artillery,coalition,FC,multiplier fclass=ntw3_tow_b11_x8_014|artillery_horse,0.8972497072,"ridge κ = 1, no reference (unseen cell → 1)"
artillery,coalition,FC,multiplier fclass=ntw3_tow_b12_x8_011|artillery_foot,0.8931247614,"ridge κ = 1, no reference (unseen cell → 1)"
artillery,coalition,FC,multiplier fclass=ntw3_tow_b12_x8_011|artillery_horse,1.004606928,"ridge κ = 1, no reference (unseen cell → 1)"
artillery,coalition,FC,multiplier fclass=ntw3_tow_b12_x8_012|artillery_foot,1.006052006,"ridge κ = 1, no reference (unseen cell → 1)"
artillery,coalition,FC,multiplier fclass=ntw3_tow_b12_x8_012|artillery_horse,1.108147328,"ridge κ = 1, no reference (unseen cell → 1)"
artillery,coalition,FC,multiplier fclass=ntw3_tow_b13_x8_049|artillery_foot,0.9882192852,"ridge κ = 1, no reference (unseen cell → 1)"
artillery,coalition,FC,multiplier fclass=ntw3_tow_b13_x8_049|artillery_horse,1.004854397,"ridge κ = 1, no reference (unseen cell → 1)"
artillery,coalition,FC,multiplier fclass=ntw3_tow_b13_x8_050|artillery_foot,0.8935754334,"ridge κ = 1, no reference (unseen cell → 1)"
artillery,coalition,FC,multiplier fclass=ntw3_tow_b13_x8_050|artillery_horse,0.9572735176,"ridge κ = 1, no reference (unseen cell → 1)"
artillery,coalition,FC,multiplier fclass=ntw3_tow_b14_x8_031|artillery_foot,0.9468794431,"ridge κ = 1, no reference (unseen cell → 1)"
artillery,coalition,FC,multiplier fclass=ntw3_tow_b14_x8_031|artillery_horse,0.962205177,"ridge κ = 1, no reference (unseen cell → 1)"
artillery,coalition,FC,multiplier fclass=ntw3_tow_b15_x8_052|artillery_foot,1.014964013,"ridge κ = 1, no reference (unseen cell → 1)"
artillery,coalition,FC,multiplier fclass=ntw3_tow_b15_x8_052|artillery_horse,1.029118153,"ridge κ = 1, no reference (unseen cell → 1)"
artillery,coalition,FC,multiplier fclass=ntw3_tow_b15_x8_053|artillery_foot,1.020485944,"ridge κ = 1, no reference (unseen cell → 1)"
artillery,coalition,FC,multiplier fclass=ntw3_tow_b15_x8_053|artillery_horse,0.9211662734,"ridge κ = 1, no reference (unseen cell → 1)"
artillery,coalition,FC,multiplier fclass=ntw3_tow_b17_x8_055|artillery_foot,0.9923668002,"ridge κ = 1, no reference (unseen cell → 1)"
artillery,coalition,FC,multiplier fclass=ntw3_tow_b17_x8_055|artillery_horse,1.021680577,"ridge κ = 1, no reference (unseen cell → 1)"
artillery,coalition,FC,multiplier fclass=ntw3_tow_b17_x8_056|artillery_foot,1.047164567,"ridge κ = 1, no reference (unseen cell → 1)"
artillery,coalition,FC,multiplier fclass=ntw3_tow_b17_x8_056|artillery_horse,1.037963167,"ridge κ = 1, no reference (unseen cell → 1)"
artillery,coalition,FC,multiplier fclass=ntw3_tow_b17_x8_057|artillery_foot,0.9939563416,"ridge κ = 1, no reference (unseen cell → 1)"
artillery,coalition,FC,multiplier fclass=ntw3_tow_b17_x8_057|artillery_horse,1.101758882,"ridge κ = 1, no reference (unseen cell → 1)"
artillery,coalition,FC,multiplier fclass=piedmont_savoy|artillery_foot,1.093135873,"ridge κ = 1, no reference (unseen cell → 1)"
artillery,coalition,FC,multiplier fclass=piedmont_savoy|artillery_horse,0.9905618492,"ridge κ = 1, no reference (unseen cell → 1)"
artillery,merged,final,size,guns,guns
artillery,merged,final,size power p,1.3,price ∝ size^p
artillery,merged,final,shape fire,range,how shooting / firearm / calibre enter β·x (see SHAPE_DEFAULTS)
artillery,merged,final,shape cal,spline_r,how shooting / firearm / calibre enter β·x (see SHAPE_DEFAULTS)
artillery,merged,final,shape shoot,additive,how shooting / firearm / calibre enter β·x (see SHAPE_DEFAULTS)
artillery,merged,final,shape cal_df,5,how shooting / firearm / calibre enter β·x (see SHAPE_DEFAULTS)
artillery,merged,final,shape shot,onehot,how shooting / firearm / calibre enter β·x (see SHAPE_DEFAULTS)
artillery,merged,final,stat power accuracy,3,the β column is (stat / 100)^power
artillery,merged,final,stat power charge_bonus,0.25,the β column is (stat / 100)^power
artillery,merged,final,stat power melee_attack,2.5,the β column is (stat / 100)^power
artillery,merged,final,stat power melee_defense,3,the β column is (stat / 100)^power
artillery,merged,final,stat power morale,3,the β column is (stat / 100)^power
artillery,merged,final,stat power reload_skill,2,the β column is (stat / 100)^power
artillery,merged,final,(intercept: per-size constant b0),-4078.488499,"β·x + [—] × guns^1.3 × rating + c shape: cal=spline_r, cal_df=5 stat powers: accuracy^3, charge_bonus^0.25, melee_attack^2.5, melee_defense^3, morale^3, reload_skill^2 | reference levels: unit_class=artillery_foot; speed=F3; shot=cannon_round_shot"
artillery,merged,final,accuracy,81.40877889,gold per size unit^p
artillery,merged,final,reload_skill,57.87195779,gold per size unit^p
artillery,merged,final,morale,34299.3005,gold per size unit^p
artillery,merged,final,melee_attack,43776.55995,gold per size unit^p
artillery,merged,final,melee_defense,41847.65339,gold per size unit^p
artillery,merged,final,charge_bonus,-9.609981364,gold per size unit^p
artillery,merged,final,has_stamina,33.93161105,gold per size unit^p
artillery,merged,final,can_inspire,39.04211576,gold per size unit^p
artillery,merged,final,has_guerrilla_deployment,53.63367599,gold per size unit^p
artillery,merged,final,unit_class=artillery_horse,184.384714,gold per size unit^p
artillery,merged,final,speed=F1,-49.91458925,gold per size unit^p
artillery,merged,final,speed=F2,-24.75766474,gold per size unit^p
artillery,merged,final,speed=F4,33.88851625,gold per size unit^p
artillery,merged,final,speed=F5,74.46963091,gold per size unit^p
artillery,merged,final,speed=F6,112.7455531,gold per size unit^p
artillery,merged,final,speed=H1,-137.8965136,gold per size unit^p
artillery,merged,final,speed=H2,-77.6690835,gold per size unit^p
artillery,merged,final,shot=howitzer_shell,21.46951488,gold per size unit^p
artillery,merged,final,shot=unicorn_shell,16.24905666,gold per size unit^p
artillery,merged,final,cal_r1,728.1960596,gold per size unit^p
artillery,merged,final,cal_r2,-3591.183843,gold per size unit^p
artillery,merged,final,cal_r3,11363.77268,gold per size unit^p
artillery,merged,final,cal_r4,-10019.99452,gold per size unit^p
artillery,merged,final,cal_r5,2393.368175,gold per size unit^p
artillery,merged,final,"c (per unit, outside the multiplier)",-159.3381227,gold per unit
artillery,merged,final,multiplier rating=10,0.8622311448,reference 8
artillery,merged,final,multiplier rating=11,0.7622017213,reference 8
artillery,merged,final,multiplier rating=12,0.7172800098,reference 8
artillery,merged,final,multiplier rating=5,1.504520317,reference 8
artillery,merged,final,multiplier rating=6,1.274703837,reference 8
artillery,merged,final,multiplier rating=7,1.114764501,reference 8
artillery,merged,final,multiplier rating=8,1,reference 8
artillery,merged,final,multiplier rating=9,0.9291726298,reference 8
artillery,merged,RF,size,guns,guns
artillery,merged,RF,size power p,1.3,price ∝ size^p
artillery,merged,RF,shape fire,range,how shooting / firearm / calibre enter β·x (see SHAPE_DEFAULTS)
artillery,merged,RF,shape cal,spline_r,how shooting / firearm / calibre enter β·x (see SHAPE_DEFAULTS)
artillery,merged,RF,shape shoot,additive,how shooting / firearm / calibre enter β·x (see SHAPE_DEFAULTS)
artillery,merged,RF,shape cal_df,5,how shooting / firearm / calibre enter β·x (see SHAPE_DEFAULTS)
artillery,merged,RF,shape shot,onehot,how shooting / firearm / calibre enter β·x (see SHAPE_DEFAULTS)
artillery,merged,RF,stat power accuracy,3,the β column is (stat / 100)^power
artillery,merged,RF,stat power charge_bonus,0.25,the β column is (stat / 100)^power
artillery,merged,RF,stat power melee_attack,2.5,the β column is (stat / 100)^power
artillery,merged,RF,stat power melee_defense,3,the β column is (stat / 100)^power
artillery,merged,RF,stat power morale,3,the β column is (stat / 100)^power
artillery,merged,RF,stat power reload_skill,2,the β column is (stat / 100)^power
artillery,merged,RF,(intercept: per-size constant b0),-4078.488499,"β·x + [—] × guns^1.3 × rating + c shape: cal=spline_r, cal_df=5 stat powers: accuracy^3, charge_bonus^0.25, melee_attack^2.5, melee_defense^3, morale^3, reload_skill^2 | reference levels: unit_class=artillery_foot; speed=F3; shot=cannon_round_shot"
artillery,merged,RF,accuracy,81.40877889,gold per size unit^p
artillery,merged,RF,reload_skill,57.87195779,gold per size unit^p
artillery,merged,RF,morale,34299.3005,gold per size unit^p
artillery,merged,RF,melee_attack,43776.55995,gold per size unit^p
artillery,merged,RF,melee_defense,41847.65339,gold per size unit^p
artillery,merged,RF,charge_bonus,-9.609981364,gold per size unit^p
artillery,merged,RF,has_stamina,33.93161105,gold per size unit^p
artillery,merged,RF,can_inspire,39.04211576,gold per size unit^p
artillery,merged,RF,has_guerrilla_deployment,53.63367599,gold per size unit^p
artillery,merged,RF,unit_class=artillery_horse,184.384714,gold per size unit^p
artillery,merged,RF,speed=F1,-49.91458925,gold per size unit^p
artillery,merged,RF,speed=F2,-24.75766474,gold per size unit^p
artillery,merged,RF,speed=F4,33.88851625,gold per size unit^p
artillery,merged,RF,speed=F5,74.46963091,gold per size unit^p
artillery,merged,RF,speed=F6,112.7455531,gold per size unit^p
artillery,merged,RF,speed=H1,-137.8965136,gold per size unit^p
artillery,merged,RF,speed=H2,-77.6690835,gold per size unit^p
artillery,merged,RF,shot=howitzer_shell,21.46951488,gold per size unit^p
artillery,merged,RF,shot=unicorn_shell,16.24905666,gold per size unit^p
artillery,merged,RF,cal_r1,728.1960596,gold per size unit^p
artillery,merged,RF,cal_r2,-3591.183843,gold per size unit^p
artillery,merged,RF,cal_r3,11363.77268,gold per size unit^p
artillery,merged,RF,cal_r4,-10019.99452,gold per size unit^p
artillery,merged,RF,cal_r5,2393.368175,gold per size unit^p
artillery,merged,RF,"c (per unit, outside the multiplier)",-159.3381227,gold per unit
artillery,merged,RF,multiplier rating=10,0.8622311448,reference 8
artillery,merged,RF,multiplier rating=11,0.7622017213,reference 8
artillery,merged,RF,multiplier rating=12,0.7172800098,reference 8
artillery,merged,RF,multiplier rating=5,1.504520317,reference 8
artillery,merged,RF,multiplier rating=6,1.274703837,reference 8
artillery,merged,RF,multiplier rating=7,1.114764501,reference 8
artillery,merged,RF,multiplier rating=8,1,reference 8
artillery,merged,RF,multiplier rating=9,0.9291726298,reference 8
artillery,merged,RF,faction modifier britain,1.012721215,per-arm; multiplies the scaled part
artillery,merged,RF,faction modifier denmark,0.6912444997,per-arm; multiplies the scaled part
artillery,merged,RF,faction modifier france,1.040898162,per-arm; multiplies the scaled part
artillery,merged,RF,faction modifier ntw3_hre,1.075716785,per-arm; multiplies the scaled part
artillery,merged,RF,faction modifier ntw3_tow_a03_x8_032,0.8985629092,per-arm; multiplies the scaled part
artillery,merged,RF,faction modifier ntw3_tow_a03_x8_033,1.045515221,per-arm; multiplies the scaled part
artillery,merged,RF,faction modifier ntw3_tow_a03_x8_038,1.003934965,per-arm; multiplies the scaled part
artillery,merged,RF,faction modifier ntw3_tow_a03_x8_040,0.9809839254,per-arm; multiplies the scaled part
artillery,merged,RF,faction modifier ntw3_tow_a04_x8_005,0.994666978,per-arm; multiplies the scaled part
artillery,merged,RF,faction modifier ntw3_tow_a05_x8_001,1.034153169,per-arm; multiplies the scaled part
artillery,merged,RF,faction modifier ntw3_tow_a05_x8_004,1.043321016,per-arm; multiplies the scaled part
artillery,merged,RF,faction modifier ntw3_tow_a06_x8_002,1,per-arm; multiplies the scaled part
artillery,merged,RF,faction modifier ntw3_tow_a08_x8_047,1.019122649,per-arm; multiplies the scaled part
artillery,merged,RF,faction modifier ntw3_tow_a09_x8_021,0.9834381664,per-arm; multiplies the scaled part
artillery,merged,RF,faction modifier ntw3_tow_a11_x8_027,1.007531814,per-arm; multiplies the scaled part
artillery,merged,RF,faction modifier ntw3_tow_a11_x8_028,0.990069973,per-arm; multiplies the scaled part
artillery,merged,RF,faction modifier ntw3_tow_a11_x8_029,1.013054916,per-arm; multiplies the scaled part
artillery,merged,RF,faction modifier ntw3_tow_a12_x8_003,0.9876414407,per-arm; multiplies the scaled part
artillery,merged,RF,faction modifier ntw3_tow_a13_x8_022,1.009934154,per-arm; multiplies the scaled part
artillery,merged,RF,faction modifier ntw3_tow_a17_x8_054,0.9510497553,per-arm; multiplies the scaled part
artillery,merged,RF,faction modifier ntw3_tow_b03_x8_039,0.9941666816,per-arm; multiplies the scaled part
artillery,merged,RF,faction modifier ntw3_tow_b03_x8_041,0.9842264958,per-arm; multiplies the scaled part
artillery,merged,RF,faction modifier ntw3_tow_b03_x8_042,1.02724646,per-arm; multiplies the scaled part
artillery,merged,RF,faction modifier ntw3_tow_b03_x8_043,1.01412737,per-arm; multiplies the scaled part
artillery,merged,RF,faction modifier ntw3_tow_b04_x8_015,1.051800764,per-arm; multiplies the scaled part
artillery,merged,RF,faction modifier ntw3_tow_b04_x8_016,0.9747733681,per-arm; multiplies the scaled part
artillery,merged,RF,faction modifier ntw3_tow_b05_x8_006,1.005783215,per-arm; multiplies the scaled part
artillery,merged,RF,faction modifier ntw3_tow_b05_x8_007,0.9929406112,per-arm; multiplies the scaled part
artillery,merged,RF,faction modifier ntw3_tow_b06_x8_008,0.9503360159,per-arm; multiplies the scaled part
artillery,merged,RF,faction modifier ntw3_tow_b06_x8_009,1.002023115,per-arm; multiplies the scaled part
artillery,merged,RF,faction modifier ntw3_tow_b07_x8_018,1.04691196,per-arm; multiplies the scaled part
artillery,merged,RF,faction modifier ntw3_tow_b08_x8_044,0.985971499,per-arm; multiplies the scaled part
artillery,merged,RF,faction modifier ntw3_tow_b08_x8_045,0.9114620955,per-arm; multiplies the scaled part
artillery,merged,RF,faction modifier ntw3_tow_b08_x8_046,1.008101193,per-arm; multiplies the scaled part
artillery,merged,RF,faction modifier ntw3_tow_b09_x8_019,0.9800777263,per-arm; multiplies the scaled part
artillery,merged,RF,faction modifier ntw3_tow_b09_x8_020,1.03610878,per-arm; multiplies the scaled part
artillery,merged,RF,faction modifier ntw3_tow_b10_x8_026,1.034121933,per-arm; multiplies the scaled part
artillery,merged,RF,faction modifier ntw3_tow_b11_x8_013,0.9956155581,per-arm; multiplies the scaled part
artillery,merged,RF,faction modifier ntw3_tow_b11_x8_014,0.9230095952,per-arm; multiplies the scaled part
artillery,merged,RF,faction modifier ntw3_tow_b12_x8_011,0.9787760054,per-arm; multiplies the scaled part
artillery,merged,RF,faction modifier ntw3_tow_b12_x8_012,1.032371053,per-arm; multiplies the scaled part
artillery,merged,RF,faction modifier ntw3_tow_b13_x8_049,0.9869980362,per-arm; multiplies the scaled part
artillery,merged,RF,faction modifier ntw3_tow_b13_x8_050,0.9906190603,per-arm; multiplies the scaled part
artillery,merged,RF,faction modifier ntw3_tow_b14_x8_031,0.9964343787,per-arm; multiplies the scaled part
artillery,merged,RF,faction modifier ntw3_tow_b15_x8_052,1.005594224,per-arm; multiplies the scaled part
artillery,merged,RF,faction modifier ntw3_tow_b15_x8_053,1.000820211,per-arm; multiplies the scaled part
artillery,merged,RF,faction modifier ntw3_tow_b17_x8_055,1.007937635,per-arm; multiplies the scaled part
artillery,merged,RF,faction modifier ntw3_tow_b17_x8_056,1.049493978,per-arm; multiplies the scaled part
artillery,merged,RF,faction modifier ntw3_tow_b17_x8_057,1.033332805,per-arm; multiplies the scaled part
artillery,merged,RF,faction modifier ntw3_tow_c07_x8_017,1.005152214,per-arm; multiplies the scaled part
artillery,merged,RF,faction modifier ntw3_tow_c08_x8_048,1.058992701,per-arm; multiplies the scaled part
artillery,merged,RF,faction modifier ntw3_tow_c10_x8_025,1.005479769,per-arm; multiplies the scaled part
artillery,merged,RF,faction modifier ntw3_tow_c14_x8_030,0.9949204362,per-arm; multiplies the scaled part
artillery,merged,RF,faction modifier ntw3_tow_c15_x8_051,1.019633442,per-arm; multiplies the scaled part
artillery,merged,RF,faction modifier piedmont_savoy,1.048356629,per-arm; multiplies the scaled part
artillery,merged,FC,size,guns,guns
artillery,merged,FC,size power p,1.3,price ∝ size^p
artillery,merged,FC,shape fire,range,how shooting / firearm / calibre enter β·x (see SHAPE_DEFAULTS)
artillery,merged,FC,shape cal,spline_r,how shooting / firearm / calibre enter β·x (see SHAPE_DEFAULTS)
artillery,merged,FC,shape shoot,additive,how shooting / firearm / calibre enter β·x (see SHAPE_DEFAULTS)
artillery,merged,FC,shape cal_df,5,how shooting / firearm / calibre enter β·x (see SHAPE_DEFAULTS)
artillery,merged,FC,shape shot,onehot,how shooting / firearm / calibre enter β·x (see SHAPE_DEFAULTS)
artillery,merged,FC,stat power accuracy,3,the β column is (stat / 100)^power
artillery,merged,FC,stat power charge_bonus,0.25,the β column is (stat / 100)^power
artillery,merged,FC,stat power melee_attack,2.5,the β column is (stat / 100)^power
artillery,merged,FC,stat power melee_defense,3,the β column is (stat / 100)^power
artillery,merged,FC,stat power morale,3,the β column is (stat / 100)^power
artillery,merged,FC,stat power reload_skill,2,the β column is (stat / 100)^power
artillery,merged,FC,(intercept: per-size constant b0),-3871.876669,"β·x + [—] × guns^1.3 × fclass + c shape: cal=spline_r, cal_df=5 stat powers: accuracy^3, charge_bonus^0.25, melee_attack^2.5, melee_defense^3, morale^3, reload_skill^2 rating fixed (8/N) κ=0.5 | reference levels: unit_class=artillery_foot; speed=F3; shot=cannon_round_shot"
artillery,merged,FC,accuracy,86.38384124,gold per size unit^p
artillery,merged,FC,reload_skill,72.63413362,gold per size unit^p
artillery,merged,FC,morale,32029.22436,gold per size unit^p
artillery,merged,FC,melee_attack,5791.981757,gold per size unit^p
artillery,merged,FC,melee_defense,99220.45125,gold per size unit^p
artillery,merged,FC,charge_bonus,1.294556622,gold per size unit^p
artillery,merged,FC,has_stamina,31.32912366,gold per size unit^p
artillery,merged,FC,can_inspire,39.67880866,gold per size unit^p
artillery,merged,FC,has_guerrilla_deployment,59.04950888,gold per size unit^p
artillery,merged,FC,unit_class=artillery_horse,175.4754246,gold per size unit^p
artillery,merged,FC,speed=F1,-52.80658972,gold per size unit^p
artillery,merged,FC,speed=F2,-31.93642841,gold per size unit^p
artillery,merged,FC,speed=F4,40.29507434,gold per size unit^p
artillery,merged,FC,speed=F5,83.48592369,gold per size unit^p
artillery,merged,FC,speed=F6,124.0956918,gold per size unit^p
artillery,merged,FC,speed=H1,-144.0801721,gold per size unit^p
artillery,merged,FC,speed=H2,-85.02169116,gold per size unit^p
artillery,merged,FC,shot=howitzer_shell,26.30486406,gold per size unit^p
artillery,merged,FC,shot=unicorn_shell,23.53472979,gold per size unit^p
artillery,merged,FC,cal_r1,691.5523445,gold per size unit^p
artillery,merged,FC,cal_r2,-3238.081596,gold per size unit^p
artillery,merged,FC,cal_r3,10083.05447,gold per size unit^p
artillery,merged,FC,cal_r4,-8574.160912,gold per size unit^p
artillery,merged,FC,cal_r5,1723.940067,gold per size unit^p
artillery,merged,FC,"c (per unit, outside the multiplier)",-161.4894277,gold per unit
artillery,merged,FC,rating divisor,8/rating,fixed; scales the β part like a multiplier
artillery,merged,FC,multiplier fclass=britain|artillery_foot,0.9566847146,"ridge κ = 0.5, no reference (unseen cell → 1)"
artillery,merged,FC,multiplier fclass=britain|artillery_horse,1.044621512,"ridge κ = 0.5, no reference (unseen cell → 1)"
artillery,merged,FC,multiplier fclass=denmark|artillery_foot,0.833058952,"ridge κ = 0.5, no reference (unseen cell → 1)"
artillery,merged,FC,multiplier fclass=denmark|artillery_horse,0.63507683,"ridge κ = 0.5, no reference (unseen cell → 1)"
artillery,merged,FC,multiplier fclass=france|artillery_foot,1.01438484,"ridge κ = 0.5, no reference (unseen cell → 1)"
artillery,merged,FC,multiplier fclass=france|artillery_horse,1.08092512,"ridge κ = 0.5, no reference (unseen cell → 1)"
artillery,merged,FC,multiplier fclass=ntw3_hre|artillery_foot,1.130845289,"ridge κ = 0.5, no reference (unseen cell → 1)"
artillery,merged,FC,multiplier fclass=ntw3_hre|artillery_horse,1.090149027,"ridge κ = 0.5, no reference (unseen cell → 1)"
artillery,merged,FC,multiplier fclass=ntw3_tow_a03_x8_032|artillery_foot,0.8654984168,"ridge κ = 0.5, no reference (unseen cell → 1)"
artillery,merged,FC,multiplier fclass=ntw3_tow_a03_x8_032|artillery_horse,0.9968323765,"ridge κ = 0.5, no reference (unseen cell → 1)"
artillery,merged,FC,multiplier fclass=ntw3_tow_a03_x8_033|artillery_foot,1.016536757,"ridge κ = 0.5, no reference (unseen cell → 1)"
artillery,merged,FC,multiplier fclass=ntw3_tow_a03_x8_033|artillery_horse,1.103827829,"ridge κ = 0.5, no reference (unseen cell → 1)"
artillery,merged,FC,multiplier fclass=ntw3_tow_a03_x8_038|artillery_foot,0.9131289573,"ridge κ = 0.5, no reference (unseen cell → 1)"
artillery,merged,FC,multiplier fclass=ntw3_tow_a03_x8_038|artillery_horse,0.9617323343,"ridge κ = 0.5, no reference (unseen cell → 1)"
artillery,merged,FC,multiplier fclass=ntw3_tow_a03_x8_040|artillery_foot,0.9212702053,"ridge κ = 0.5, no reference (unseen cell → 1)"
artillery,merged,FC,multiplier fclass=ntw3_tow_a03_x8_040|artillery_horse,0.9786866961,"ridge κ = 0.5, no reference (unseen cell → 1)"
artillery,merged,FC,multiplier fclass=ntw3_tow_a04_x8_005|artillery_foot,0.9463298112,"ridge κ = 0.5, no reference (unseen cell → 1)"
artillery,merged,FC,multiplier fclass=ntw3_tow_a04_x8_005|artillery_horse,0.9372115021,"ridge κ = 0.5, no reference (unseen cell → 1)"
artillery,merged,FC,multiplier fclass=ntw3_tow_a05_x8_001|artillery_foot,1.00732853,"ridge κ = 0.5, no reference (unseen cell → 1)"
artillery,merged,FC,multiplier fclass=ntw3_tow_a05_x8_001|artillery_horse,1.09948982,"ridge κ = 0.5, no reference (unseen cell → 1)"
artillery,merged,FC,multiplier fclass=ntw3_tow_a05_x8_004|artillery_foot,0.9599464404,"ridge κ = 0.5, no reference (unseen cell → 1)"
artillery,merged,FC,multiplier fclass=ntw3_tow_a05_x8_004|artillery_horse,0.9856353539,"ridge κ = 0.5, no reference (unseen cell → 1)"
artillery,merged,FC,multiplier fclass=ntw3_tow_a06_x8_002|artillery_foot,1.01637008,"ridge κ = 0.5, no reference (unseen cell → 1)"
artillery,merged,FC,multiplier fclass=ntw3_tow_a06_x8_002|artillery_horse,1.0818999,"ridge κ = 0.5, no reference (unseen cell → 1)"
artillery,merged,FC,multiplier fclass=ntw3_tow_a08_x8_047|artillery_foot,1.04692763,"ridge κ = 0.5, no reference (unseen cell → 1)"
artillery,merged,FC,multiplier fclass=ntw3_tow_a08_x8_047|artillery_horse,1.093185302,"ridge κ = 0.5, no reference (unseen cell → 1)"
artillery,merged,FC,multiplier fclass=ntw3_tow_a09_x8_021|artillery_foot,0.9815112415,"ridge κ = 0.5, no reference (unseen cell → 1)"
artillery,merged,FC,multiplier fclass=ntw3_tow_a09_x8_021|artillery_horse,1.108861245,"ridge κ = 0.5, no reference (unseen cell → 1)"
artillery,merged,FC,multiplier fclass=ntw3_tow_a11_x8_027|artillery_foot,0.952478141,"ridge κ = 0.5, no reference (unseen cell → 1)"
artillery,merged,FC,multiplier fclass=ntw3_tow_a11_x8_027|artillery_horse,0.955533321,"ridge κ = 0.5, no reference (unseen cell → 1)"
artillery,merged,FC,multiplier fclass=ntw3_tow_a11_x8_028|artillery_foot,0.8673026636,"ridge κ = 0.5, no reference (unseen cell → 1)"
artillery,merged,FC,multiplier fclass=ntw3_tow_a11_x8_028|artillery_horse,1.140126697,"ridge κ = 0.5, no reference (unseen cell → 1)"
artillery,merged,FC,multiplier fclass=ntw3_tow_a11_x8_029|artillery_foot,0.9965831579,"ridge κ = 0.5, no reference (unseen cell → 1)"
artillery,merged,FC,multiplier fclass=ntw3_tow_a11_x8_029|artillery_horse,0.9904058882,"ridge κ = 0.5, no reference (unseen cell → 1)"
artillery,merged,FC,multiplier fclass=ntw3_tow_a12_x8_003|artillery_foot,0.9790202551,"ridge κ = 0.5, no reference (unseen cell → 1)"
artillery,merged,FC,multiplier fclass=ntw3_tow_a12_x8_003|artillery_horse,1.047793824,"ridge κ = 0.5, no reference (unseen cell → 1)"
artillery,merged,FC,multiplier fclass=ntw3_tow_a13_x8_022|artillery_foot,0.9520200175,"ridge κ = 0.5, no reference (unseen cell → 1)"
artillery,merged,FC,multiplier fclass=ntw3_tow_a13_x8_022|artillery_horse,1.024327079,"ridge κ = 0.5, no reference (unseen cell → 1)"
artillery,merged,FC,multiplier fclass=ntw3_tow_a17_x8_054|artillery_foot,0.80569499,"ridge κ = 0.5, no reference (unseen cell → 1)"
artillery,merged,FC,multiplier fclass=ntw3_tow_a17_x8_054|artillery_horse,1.075623882,"ridge κ = 0.5, no reference (unseen cell → 1)"
artillery,merged,FC,multiplier fclass=ntw3_tow_b03_x8_039|artillery_foot,1.007335893,"ridge κ = 0.5, no reference (unseen cell → 1)"
artillery,merged,FC,multiplier fclass=ntw3_tow_b03_x8_039|artillery_horse,0.9752103858,"ridge κ = 0.5, no reference (unseen cell → 1)"
artillery,merged,FC,multiplier fclass=ntw3_tow_b03_x8_041|artillery_foot,0.9022555431,"ridge κ = 0.5, no reference (unseen cell → 1)"
artillery,merged,FC,multiplier fclass=ntw3_tow_b03_x8_042|artillery_foot,0.9950771281,"ridge κ = 0.5, no reference (unseen cell → 1)"
artillery,merged,FC,multiplier fclass=ntw3_tow_b03_x8_042|artillery_horse,0.9511968397,"ridge κ = 0.5, no reference (unseen cell → 1)"
artillery,merged,FC,multiplier fclass=ntw3_tow_b03_x8_043|artillery_foot,0.9413575053,"ridge κ = 0.5, no reference (unseen cell → 1)"
artillery,merged,FC,multiplier fclass=ntw3_tow_b03_x8_043|artillery_horse,1.01733146,"ridge κ = 0.5, no reference (unseen cell → 1)"
artillery,merged,FC,multiplier fclass=ntw3_tow_b04_x8_015|artillery_foot,0.9724578335,"ridge κ = 0.5, no reference (unseen cell → 1)"
artillery,merged,FC,multiplier fclass=ntw3_tow_b04_x8_016|artillery_foot,0.8823508555,"ridge κ = 0.5, no reference (unseen cell → 1)"
artillery,merged,FC,multiplier fclass=ntw3_tow_b04_x8_016|artillery_horse,1.114423328,"ridge κ = 0.5, no reference (unseen cell → 1)"
artillery,merged,FC,multiplier fclass=ntw3_tow_b05_x8_006|artillery_foot,0.981874473,"ridge κ = 0.5, no reference (unseen cell → 1)"
artillery,merged,FC,multiplier fclass=ntw3_tow_b05_x8_006|artillery_horse,1.046647789,"ridge κ = 0.5, no reference (unseen cell → 1)"
artillery,merged,FC,multiplier fclass=ntw3_tow_b05_x8_007|artillery_foot,0.9994256303,"ridge κ = 0.5, no reference (unseen cell → 1)"
artillery,merged,FC,multiplier fclass=ntw3_tow_b05_x8_007|artillery_horse,0.9980486344,"ridge κ = 0.5, no reference (unseen cell → 1)"
artillery,merged,FC,multiplier fclass=ntw3_tow_b06_x8_008|artillery_foot,0.7973637111,"ridge κ = 0.5, no reference (unseen cell → 1)"
artillery,merged,FC,multiplier fclass=ntw3_tow_b06_x8_008|artillery_horse,1.088625131,"ridge κ = 0.5, no reference (unseen cell → 1)"
artillery,merged,FC,multiplier fclass=ntw3_tow_b06_x8_009|artillery_foot,1.043092819,"ridge κ = 0.5, no reference (unseen cell → 1)"
artillery,merged,FC,multiplier fclass=ntw3_tow_b06_x8_009|artillery_horse,1.104822826,"ridge κ = 0.5, no reference (unseen cell → 1)"
artillery,merged,FC,multiplier fclass=ntw3_tow_b07_x8_018|artillery_foot,0.96454866,"ridge κ = 0.5, no reference (unseen cell → 1)"
artillery,merged,FC,multiplier fclass=ntw3_tow_b07_x8_018|artillery_horse,1.021820338,"ridge κ = 0.5, no reference (unseen cell → 1)"
artillery,merged,FC,multiplier fclass=ntw3_tow_b08_x8_044|artillery_foot,1.049602117,"ridge κ = 0.5, no reference (unseen cell → 1)"
artillery,merged,FC,multiplier fclass=ntw3_tow_b08_x8_044|artillery_horse,1.080115967,"ridge κ = 0.5, no reference (unseen cell → 1)"
artillery,merged,FC,multiplier fclass=ntw3_tow_b08_x8_045|artillery_foot,0.7858742892,"ridge κ = 0.5, no reference (unseen cell → 1)"
artillery,merged,FC,multiplier fclass=ntw3_tow_b08_x8_045|artillery_horse,1.005098501,"ridge κ = 0.5, no reference (unseen cell → 1)"
artillery,merged,FC,multiplier fclass=ntw3_tow_b08_x8_046|artillery_foot,0.9923946064,"ridge κ = 0.5, no reference (unseen cell → 1)"
artillery,merged,FC,multiplier fclass=ntw3_tow_b08_x8_046|artillery_horse,1.032315567,"ridge κ = 0.5, no reference (unseen cell → 1)"
artillery,merged,FC,multiplier fclass=ntw3_tow_b09_x8_019|artillery_foot,0.9162835937,"ridge κ = 0.5, no reference (unseen cell → 1)"
artillery,merged,FC,multiplier fclass=ntw3_tow_b09_x8_019|artillery_horse,1.093799289,"ridge κ = 0.5, no reference (unseen cell → 1)"
artillery,merged,FC,multiplier fclass=ntw3_tow_b09_x8_020|artillery_foot,1.056310481,"ridge κ = 0.5, no reference (unseen cell → 1)"
artillery,merged,FC,multiplier fclass=ntw3_tow_b09_x8_020|artillery_horse,1.078927525,"ridge κ = 0.5, no reference (unseen cell → 1)"
artillery,merged,FC,multiplier fclass=ntw3_tow_b10_x8_026|artillery_foot,0.9671133132,"ridge κ = 0.5, no reference (unseen cell → 1)"
artillery,merged,FC,multiplier fclass=ntw3_tow_b10_x8_026|artillery_horse,1.014810589,"ridge κ = 0.5, no reference (unseen cell → 1)"
artillery,merged,FC,multiplier fclass=ntw3_tow_b11_x8_013|artillery_foot,0.9419921788,"ridge κ = 0.5, no reference (unseen cell → 1)"
artillery,merged,FC,multiplier fclass=ntw3_tow_b11_x8_013|artillery_horse,1.159969263,"ridge κ = 0.5, no reference (unseen cell → 1)"
artillery,merged,FC,multiplier fclass=ntw3_tow_b11_x8_014|artillery_foot,0.9961423855,"ridge κ = 0.5, no reference (unseen cell → 1)"
artillery,merged,FC,multiplier fclass=ntw3_tow_b11_x8_014|artillery_horse,0.8985142422,"ridge κ = 0.5, no reference (unseen cell → 1)"
artillery,merged,FC,multiplier fclass=ntw3_tow_b12_x8_011|artillery_foot,0.878733501,"ridge κ = 0.5, no reference (unseen cell → 1)"
artillery,merged,FC,multiplier fclass=ntw3_tow_b12_x8_011|artillery_horse,1.023428551,"ridge κ = 0.5, no reference (unseen cell → 1)"
artillery,merged,FC,multiplier fclass=ntw3_tow_b12_x8_012|artillery_foot,1.002901478,"ridge κ = 0.5, no reference (unseen cell → 1)"
artillery,merged,FC,multiplier fclass=ntw3_tow_b12_x8_012|artillery_horse,1.128043481,"ridge κ = 0.5, no reference (unseen cell → 1)"
artillery,merged,FC,multiplier fclass=ntw3_tow_b13_x8_049|artillery_foot,0.9822412681,"ridge κ = 0.5, no reference (unseen cell → 1)"
artillery,merged,FC,multiplier fclass=ntw3_tow_b13_x8_049|artillery_horse,1.022572295,"ridge κ = 0.5, no reference (unseen cell → 1)"
artillery,merged,FC,multiplier fclass=ntw3_tow_b13_x8_050|artillery_foot,0.8947759016,"ridge κ = 0.5, no reference (unseen cell → 1)"
artillery,merged,FC,multiplier fclass=ntw3_tow_b13_x8_050|artillery_horse,0.9829292053,"ridge κ = 0.5, no reference (unseen cell → 1)"
artillery,merged,FC,multiplier fclass=ntw3_tow_b14_x8_031|artillery_foot,0.9424364144,"ridge κ = 0.5, no reference (unseen cell → 1)"
artillery,merged,FC,multiplier fclass=ntw3_tow_b14_x8_031|artillery_horse,0.9941941894,"ridge κ = 0.5, no reference (unseen cell → 1)"
artillery,merged,FC,multiplier fclass=ntw3_tow_b15_x8_052|artillery_foot,0.9940601767,"ridge κ = 0.5, no reference (unseen cell → 1)"
artillery,merged,FC,multiplier fclass=ntw3_tow_b15_x8_052|artillery_horse,1.05769772,"ridge κ = 0.5, no reference (unseen cell → 1)"
artillery,merged,FC,multiplier fclass=ntw3_tow_b15_x8_053|artillery_foot,1.019617294,"ridge κ = 0.5, no reference (unseen cell → 1)"
artillery,merged,FC,multiplier fclass=ntw3_tow_b15_x8_053|artillery_horse,0.9586631353,"ridge κ = 0.5, no reference (unseen cell → 1)"
artillery,merged,FC,multiplier fclass=ntw3_tow_b17_x8_055|artillery_foot,0.9850559328,"ridge κ = 0.5, no reference (unseen cell → 1)"
artillery,merged,FC,multiplier fclass=ntw3_tow_b17_x8_055|artillery_horse,1.050740885,"ridge κ = 0.5, no reference (unseen cell → 1)"
artillery,merged,FC,multiplier fclass=ntw3_tow_b17_x8_056|artillery_foot,1.032570418,"ridge κ = 0.5, no reference (unseen cell → 1)"
artillery,merged,FC,multiplier fclass=ntw3_tow_b17_x8_056|artillery_horse,1.059400565,"ridge κ = 0.5, no reference (unseen cell → 1)"
artillery,merged,FC,multiplier fclass=ntw3_tow_b17_x8_057|artillery_foot,0.9911150649,"ridge κ = 0.5, no reference (unseen cell → 1)"
artillery,merged,FC,multiplier fclass=ntw3_tow_b17_x8_057|artillery_horse,1.124783408,"ridge κ = 0.5, no reference (unseen cell → 1)"
artillery,merged,FC,multiplier fclass=ntw3_tow_c07_x8_017|artillery_foot,0.9101699653,"ridge κ = 0.5, no reference (unseen cell → 1)"
artillery,merged,FC,multiplier fclass=ntw3_tow_c07_x8_017|artillery_horse,0.9336875846,"ridge κ = 0.5, no reference (unseen cell → 1)"
artillery,merged,FC,multiplier fclass=ntw3_tow_c08_x8_048|artillery_foot,0.982615019,"ridge κ = 0.5, no reference (unseen cell → 1)"
artillery,merged,FC,multiplier fclass=ntw3_tow_c08_x8_048|artillery_horse,1.063771087,"ridge κ = 0.5, no reference (unseen cell → 1)"
artillery,merged,FC,multiplier fclass=ntw3_tow_c10_x8_025|artillery_foot,0.9506100641,"ridge κ = 0.5, no reference (unseen cell → 1)"
artillery,merged,FC,multiplier fclass=ntw3_tow_c10_x8_025|artillery_horse,0.8286320999,"ridge κ = 0.5, no reference (unseen cell → 1)"
artillery,merged,FC,multiplier fclass=ntw3_tow_c14_x8_030|artillery_foot,0.923175428,"ridge κ = 0.5, no reference (unseen cell → 1)"
artillery,merged,FC,multiplier fclass=ntw3_tow_c14_x8_030|artillery_horse,1.006786296,"ridge κ = 0.5, no reference (unseen cell → 1)"
artillery,merged,FC,multiplier fclass=ntw3_tow_c15_x8_051|artillery_foot,0.9109344008,"ridge κ = 0.5, no reference (unseen cell → 1)"
artillery,merged,FC,multiplier fclass=ntw3_tow_c15_x8_051|artillery_horse,1.024003296,"ridge κ = 0.5, no reference (unseen cell → 1)"
artillery,merged,FC,multiplier fclass=piedmont_savoy|artillery_foot,1.100339493,"ridge κ = 0.5, no reference (unseen cell → 1)"
artillery,merged,FC,multiplier fclass=piedmont_savoy|artillery_horse,1.009103446,"ridge κ = 0.5, no reference (unseen cell → 1)"
all arms,imperial,RFs,faction modifier denmark,0.9251199657,one per corps across arms; multiplies each arm's scaled part
all arms,imperial,RFs,faction modifier france,1.031348504,one per corps across arms; multiplies each arm's scaled part
all arms,imperial,RFs,faction modifier ntw3_tow_a03_x8_032,0.9913771591,one per corps across arms; multiplies each arm's scaled part
all arms,imperial,RFs,faction modifier ntw3_tow_a03_x8_033,1.045943881,one per corps across arms; multiplies each arm's scaled part
all arms,imperial,RFs,faction modifier ntw3_tow_a03_x8_038,0.9824011995,one per corps across arms; multiplies each arm's scaled part
all arms,imperial,RFs,faction modifier ntw3_tow_a03_x8_040,0.9935326968,one per corps across arms; multiplies each arm's scaled part
all arms,imperial,RFs,faction modifier ntw3_tow_a04_x8_005,0.9682129904,one per corps across arms; multiplies each arm's scaled part
all arms,imperial,RFs,faction modifier ntw3_tow_a05_x8_001,1.022100457,one per corps across arms; multiplies each arm's scaled part
all arms,imperial,RFs,faction modifier ntw3_tow_a05_x8_004,1.015131655,one per corps across arms; multiplies each arm's scaled part
all arms,imperial,RFs,faction modifier ntw3_tow_a06_x8_002,1.000466439,one per corps across arms; multiplies each arm's scaled part
all arms,imperial,RFs,faction modifier ntw3_tow_a08_x8_047,1.024414235,one per corps across arms; multiplies each arm's scaled part
all arms,imperial,RFs,faction modifier ntw3_tow_a09_x8_021,0.972535654,one per corps across arms; multiplies each arm's scaled part
all arms,imperial,RFs,faction modifier ntw3_tow_a11_x8_027,1.011707259,one per corps across arms; multiplies each arm's scaled part
all arms,imperial,RFs,faction modifier ntw3_tow_a11_x8_028,0.9752361218,one per corps across arms; multiplies each arm's scaled part
all arms,imperial,RFs,faction modifier ntw3_tow_a11_x8_029,1.022097551,one per corps across arms; multiplies each arm's scaled part
all arms,imperial,RFs,faction modifier ntw3_tow_a12_x8_003,0.9756379921,one per corps across arms; multiplies each arm's scaled part
all arms,imperial,RFs,faction modifier ntw3_tow_a13_x8_022,1.025243335,one per corps across arms; multiplies each arm's scaled part
all arms,imperial,RFs,faction modifier ntw3_tow_a17_x8_054,0.9823377184,one per corps across arms; multiplies each arm's scaled part
all arms,imperial,RFs,faction modifier ntw3_tow_c07_x8_017,1.021742093,one per corps across arms; multiplies each arm's scaled part
all arms,imperial,RFs,faction modifier ntw3_tow_c08_x8_048,0.9853113584,one per corps across arms; multiplies each arm's scaled part
all arms,imperial,RFs,faction modifier ntw3_tow_c10_x8_025,1.052765394,one per corps across arms; multiplies each arm's scaled part
all arms,imperial,RFs,faction modifier ntw3_tow_c14_x8_030,1.020538981,one per corps across arms; multiplies each arm's scaled part
all arms,imperial,RFs,faction modifier ntw3_tow_c15_x8_051,1.023531826,one per corps across arms; multiplies each arm's scaled part
all arms,coalition,RFs,faction modifier britain,1.0501406,one per corps across arms; multiplies each arm's scaled part
all arms,coalition,RFs,faction modifier ntw3_hre,1.101712701,one per corps across arms; multiplies each arm's scaled part
all arms,coalition,RFs,faction modifier ntw3_tow_b03_x8_039,0.9810349071,one per corps across arms; multiplies each arm's scaled part
all arms,coalition,RFs,faction modifier ntw3_tow_b03_x8_041,1.003069298,one per corps across arms; multiplies each arm's scaled part
all arms,coalition,RFs,faction modifier ntw3_tow_b03_x8_042,0.9752204906,one per corps across arms; multiplies each arm's scaled part
all arms,coalition,RFs,faction modifier ntw3_tow_b03_x8_043,1.020602062,one per corps across arms; multiplies each arm's scaled part
all arms,coalition,RFs,faction modifier ntw3_tow_b04_x8_015,0.9476522328,one per corps across arms; multiplies each arm's scaled part
all arms,coalition,RFs,faction modifier ntw3_tow_b04_x8_016,0.9793184691,one per corps across arms; multiplies each arm's scaled part
all arms,coalition,RFs,faction modifier ntw3_tow_b05_x8_006,1.003555557,one per corps across arms; multiplies each arm's scaled part
all arms,coalition,RFs,faction modifier ntw3_tow_b05_x8_007,1.027702709,one per corps across arms; multiplies each arm's scaled part
all arms,coalition,RFs,faction modifier ntw3_tow_b06_x8_008,0.9725221801,one per corps across arms; multiplies each arm's scaled part
all arms,coalition,RFs,faction modifier ntw3_tow_b06_x8_009,0.9862291564,one per corps across arms; multiplies each arm's scaled part
all arms,coalition,RFs,faction modifier ntw3_tow_b07_x8_018,1.0182487,one per corps across arms; multiplies each arm's scaled part
all arms,coalition,RFs,faction modifier ntw3_tow_b08_x8_044,0.9723269298,one per corps across arms; multiplies each arm's scaled part
all arms,coalition,RFs,faction modifier ntw3_tow_b08_x8_045,0.9944949938,one per corps across arms; multiplies each arm's scaled part
all arms,coalition,RFs,faction modifier ntw3_tow_b08_x8_046,1.01826755,one per corps across arms; multiplies each arm's scaled part
all arms,coalition,RFs,faction modifier ntw3_tow_b09_x8_019,0.9843672203,one per corps across arms; multiplies each arm's scaled part
all arms,coalition,RFs,faction modifier ntw3_tow_b09_x8_020,1.030840284,one per corps across arms; multiplies each arm's scaled part
all arms,coalition,RFs,faction modifier ntw3_tow_b10_x8_026,1.000921848,one per corps across arms; multiplies each arm's scaled part
all arms,coalition,RFs,faction modifier ntw3_tow_b11_x8_013,0.9930418443,one per corps across arms; multiplies each arm's scaled part
all arms,coalition,RFs,faction modifier ntw3_tow_b11_x8_014,0.8815063126,one per corps across arms; multiplies each arm's scaled part
all arms,coalition,RFs,faction modifier ntw3_tow_b12_x8_011,0.9715775132,one per corps across arms; multiplies each arm's scaled part
all arms,coalition,RFs,faction modifier ntw3_tow_b12_x8_012,0.9520884161,one per corps across arms; multiplies each arm's scaled part
all arms,coalition,RFs,faction modifier ntw3_tow_b13_x8_049,0.9396963778,one per corps across arms; multiplies each arm's scaled part
all arms,coalition,RFs,faction modifier ntw3_tow_b13_x8_050,1.017298009,one per corps across arms; multiplies each arm's scaled part
all arms,coalition,RFs,faction modifier ntw3_tow_b14_x8_031,0.9853539763,one per corps across arms; multiplies each arm's scaled part
all arms,coalition,RFs,faction modifier ntw3_tow_b15_x8_052,0.9610831579,one per corps across arms; multiplies each arm's scaled part
all arms,coalition,RFs,faction modifier ntw3_tow_b15_x8_053,1.009014729,one per corps across arms; multiplies each arm's scaled part
all arms,coalition,RFs,faction modifier ntw3_tow_b17_x8_055,0.9774133328,one per corps across arms; multiplies each arm's scaled part
all arms,coalition,RFs,faction modifier ntw3_tow_b17_x8_056,1.036130792,one per corps across arms; multiplies each arm's scaled part
all arms,coalition,RFs,faction modifier ntw3_tow_b17_x8_057,1.01063961,one per corps across arms; multiplies each arm's scaled part
all arms,coalition,RFs,faction modifier piedmont_savoy,0.9574640061,one per corps across arms; multiplies each arm's scaled part
all arms,merged,RFs,faction modifier britain,1.057070782,one per corps across arms; multiplies each arm's scaled part
all arms,merged,RFs,faction modifier denmark,0.9165224225,one per corps across arms; multiplies each arm's scaled part
all arms,merged,RFs,faction modifier france,1.021835977,one per corps across arms; multiplies each arm's scaled part
all arms,merged,RFs,faction modifier ntw3_hre,1.110863478,one per corps across arms; multiplies each arm's scaled part
all arms,merged,RFs,faction modifier ntw3_tow_a03_x8_032,0.9859803376,one per corps across arms; multiplies each arm's scaled part
all arms,merged,RFs,faction modifier ntw3_tow_a03_x8_033,1.034826943,one per corps across arms; multiplies each arm's scaled part
all arms,merged,RFs,faction modifier ntw3_tow_a03_x8_038,1.00559116,one per corps across arms; multiplies each arm's scaled part
all arms,merged,RFs,faction modifier ntw3_tow_a03_x8_040,0.9955439215,one per corps across arms; multiplies each arm's scaled part
all arms,merged,RFs,faction modifier ntw3_tow_a04_x8_005,0.9684965833,one per corps across arms; multiplies each arm's scaled part
all arms,merged,RFs,faction modifier ntw3_tow_a05_x8_001,1.026623404,one per corps across arms; multiplies each arm's scaled part
all arms,merged,RFs,faction modifier ntw3_tow_a05_x8_004,1.018146379,one per corps across arms; multiplies each arm's scaled part
all arms,merged,RFs,faction modifier ntw3_tow_a06_x8_002,0.9988083014,one per corps across arms; multiplies each arm's scaled part
all arms,merged,RFs,faction modifier ntw3_tow_a08_x8_047,1.002193732,one per corps across arms; multiplies each arm's scaled part
all arms,merged,RFs,faction modifier ntw3_tow_a09_x8_021,0.9572689697,one per corps across arms; multiplies each arm's scaled part
all arms,merged,RFs,faction modifier ntw3_tow_a11_x8_027,1.015702692,one per corps across arms; multiplies each arm's scaled part
all arms,merged,RFs,faction modifier ntw3_tow_a11_x8_028,0.9734723801,one per corps across arms; multiplies each arm's scaled part
all arms,merged,RFs,faction modifier ntw3_tow_a11_x8_029,1.016670681,one per corps across arms; multiplies each arm's scaled part
all arms,merged,RFs,faction modifier ntw3_tow_a12_x8_003,0.9520632037,one per corps across arms; multiplies each arm's scaled part
all arms,merged,RFs,faction modifier ntw3_tow_a13_x8_022,1.026062209,one per corps across arms; multiplies each arm's scaled part
all arms,merged,RFs,faction modifier ntw3_tow_a17_x8_054,0.9822682415,one per corps across arms; multiplies each arm's scaled part
all arms,merged,RFs,faction modifier ntw3_tow_b03_x8_039,0.9861161991,one per corps across arms; multiplies each arm's scaled part
all arms,merged,RFs,faction modifier ntw3_tow_b03_x8_041,0.972955654,one per corps across arms; multiplies each arm's scaled part
all arms,merged,RFs,faction modifier ntw3_tow_b03_x8_042,0.9917905473,one per corps across arms; multiplies each arm's scaled part
all arms,merged,RFs,faction modifier ntw3_tow_b03_x8_043,1.021957252,one per corps across arms; multiplies each arm's scaled part
all arms,merged,RFs,faction modifier ntw3_tow_b04_x8_015,0.9393000393,one per corps across arms; multiplies each arm's scaled part
all arms,merged,RFs,faction modifier ntw3_tow_b04_x8_016,0.9804767182,one per corps across arms; multiplies each arm's scaled part
all arms,merged,RFs,faction modifier ntw3_tow_b05_x8_006,1.005715854,one per corps across arms; multiplies each arm's scaled part
all arms,merged,RFs,faction modifier ntw3_tow_b05_x8_007,1.031898085,one per corps across arms; multiplies each arm's scaled part
all arms,merged,RFs,faction modifier ntw3_tow_b06_x8_008,0.9671571006,one per corps across arms; multiplies each arm's scaled part
all arms,merged,RFs,faction modifier ntw3_tow_b06_x8_009,0.9979868603,one per corps across arms; multiplies each arm's scaled part
all arms,merged,RFs,faction modifier ntw3_tow_b07_x8_018,1.031431564,one per corps across arms; multiplies each arm's scaled part
all arms,merged,RFs,faction modifier ntw3_tow_b08_x8_044,0.983423372,one per corps across arms; multiplies each arm's scaled part
all arms,merged,RFs,faction modifier ntw3_tow_b08_x8_045,0.9883880238,one per corps across arms; multiplies each arm's scaled part
all arms,merged,RFs,faction modifier ntw3_tow_b08_x8_046,1.020472958,one per corps across arms; multiplies each arm's scaled part
all arms,merged,RFs,faction modifier ntw3_tow_b09_x8_019,0.9876127523,one per corps across arms; multiplies each arm's scaled part
all arms,merged,RFs,faction modifier ntw3_tow_b09_x8_020,1.040335943,one per corps across arms; multiplies each arm's scaled part
all arms,merged,RFs,faction modifier ntw3_tow_b10_x8_026,1.002913507,one per corps across arms; multiplies each arm's scaled part
all arms,merged,RFs,faction modifier ntw3_tow_b11_x8_013,0.9971315385,one per corps across arms; multiplies each arm's scaled part
all arms,merged,RFs,faction modifier ntw3_tow_b11_x8_014,0.8544651646,one per corps across arms; multiplies each arm's scaled part
all arms,merged,RFs,faction modifier ntw3_tow_b12_x8_011,0.9769196946,one per corps across arms; multiplies each arm's scaled part
all arms,merged,RFs,faction modifier ntw3_tow_b12_x8_012,0.9583663319,one per corps across arms; multiplies each arm's scaled part
all arms,merged,RFs,faction modifier ntw3_tow_b13_x8_049,0.9407764482,one per corps across arms; multiplies each arm's scaled part
all arms,merged,RFs,faction modifier ntw3_tow_b13_x8_050,1.023049318,one per corps across arms; multiplies each arm's scaled part
all arms,merged,RFs,faction modifier ntw3_tow_b14_x8_031,0.9848527324,one per corps across arms; multiplies each arm's scaled part
all arms,merged,RFs,faction modifier ntw3_tow_b15_x8_052,0.9696207094,one per corps across arms; multiplies each arm's scaled part
all arms,merged,RFs,faction modifier ntw3_tow_b15_x8_053,1.023111791,one per corps across arms; multiplies each arm's scaled part
all arms,merged,RFs,faction modifier ntw3_tow_b17_x8_055,0.9726350512,one per corps across arms; multiplies each arm's scaled part
all arms,merged,RFs,faction modifier ntw3_tow_b17_x8_056,1.031128847,one per corps across arms; multiplies each arm's scaled part
all arms,merged,RFs,faction modifier ntw3_tow_b17_x8_057,1.021232359,one per corps across arms; multiplies each arm's scaled part
all arms,merged,RFs,faction modifier ntw3_tow_c07_x8_017,1.019014649,one per corps across arms; multiplies each arm's scaled part
all arms,merged,RFs,faction modifier ntw3_tow_c08_x8_048,0.970026602,one per corps across arms; multiplies each arm's scaled part
all arms,merged,RFs,faction modifier ntw3_tow_c10_x8_025,1.039731858,one per corps across arms; multiplies each arm's scaled part
all arms,merged,RFs,faction modifier ntw3_tow_c14_x8_030,1.005393927,one per corps across arms; multiplies each arm's scaled part
all arms,merged,RFs,faction modifier ntw3_tow_c15_x8_051,1.040964186,one per corps across arms; multiplies each arm's scaled part
all arms,merged,RFs,faction modifier piedmont_savoy,0.9519770884,one per corps across arms; multiplies each arm's scaled part
staff,imperial,T1,b (per star),96.05621061,cost = 1 + …; r − 8
staff,imperial,T1,γ (per star per rating point),-14.78373511,cost = 1 + …; r − 8
staff,imperial,T1,q (per star²),8.9114789,cost = 1 + …; r − 8
staff,imperial,TF1,faction modifier denmark,0.9318584676,multiplies (cost − 1)
staff,imperial,TF1,faction modifier france,1.000693924,multiplies (cost − 1)
staff,imperial,TF1,faction modifier ntw3_tow_a03_x8_032,0.9642389737,multiplies (cost − 1)
staff,imperial,TF1,faction modifier ntw3_tow_a03_x8_033,0.989313286,multiplies (cost − 1)
staff,imperial,TF1,faction modifier ntw3_tow_a03_x8_038,1.095516118,multiplies (cost − 1)
staff,imperial,TF1,faction modifier ntw3_tow_a03_x8_040,1.02398961,multiplies (cost − 1)
staff,imperial,TF1,faction modifier ntw3_tow_a04_x8_005,0.9634733207,multiplies (cost − 1)
staff,imperial,TF1,faction modifier ntw3_tow_a05_x8_001,0.9900710543,multiplies (cost − 1)
staff,imperial,TF1,faction modifier ntw3_tow_a05_x8_004,1.054458739,multiplies (cost − 1)
staff,imperial,TF1,faction modifier ntw3_tow_a06_x8_002,0.997493914,multiplies (cost − 1)
staff,imperial,TF1,faction modifier ntw3_tow_a08_x8_047,1.00354311,multiplies (cost − 1)
staff,imperial,TF1,faction modifier ntw3_tow_a09_x8_021,1.020108234,multiplies (cost − 1)
staff,imperial,TF1,faction modifier ntw3_tow_a11_x8_027,1.007411165,multiplies (cost − 1)
staff,imperial,TF1,faction modifier ntw3_tow_a11_x8_028,1.070477972,multiplies (cost − 1)
staff,imperial,TF1,faction modifier ntw3_tow_a11_x8_029,1.011727468,multiplies (cost − 1)
staff,imperial,TF1,faction modifier ntw3_tow_a12_x8_003,0.9911245772,multiplies (cost − 1)
staff,imperial,TF1,faction modifier ntw3_tow_a13_x8_022,0.999230542,multiplies (cost − 1)
staff,imperial,TF1,faction modifier ntw3_tow_a17_x8_054,1.008916429,multiplies (cost − 1)
staff,imperial,TF1,faction modifier ntw3_tow_c07_x8_017,0.9318584676,multiplies (cost − 1)
staff,imperial,TF1,faction modifier ntw3_tow_c08_x8_048,1.046277893,multiplies (cost − 1)
staff,imperial,TF1,faction modifier ntw3_tow_c10_x8_025,1.008409473,multiplies (cost − 1)
staff,imperial,TF1,faction modifier ntw3_tow_c14_x8_030,1.096245383,multiplies (cost − 1)
staff,imperial,TF1,faction modifier ntw3_tow_c15_x8_051,1.019326079,multiplies (cost − 1)
staff,imperial,T2,b (per star),93.7429758,cost = 1 + …; r − 8
staff,imperial,T2,q (per star²),9.388089749,cost = 1 + …; r − 8
staff,imperial,T2,γ (per star per rating point),-12.24079065,cost = 1 + …; r − 8
staff,imperial,T2,κ (per star² per rating point),-0.4329099083,cost = 1 + …; r − 8
staff,imperial,TF2,faction modifier denmark,0.949840428,multiplies (cost − 1)
staff,imperial,TF2,faction modifier france,0.9969688616,multiplies (cost − 1)
staff,imperial,TF2,faction modifier ntw3_tow_a03_x8_032,0.9606290233,multiplies (cost − 1)
staff,imperial,TF2,faction modifier ntw3_tow_a03_x8_033,0.9858825064,multiplies (cost − 1)
staff,imperial,TF2,faction modifier ntw3_tow_a03_x8_038,1.12979434,multiplies (cost − 1)
staff,imperial,TF2,faction modifier ntw3_tow_a03_x8_040,1.032575946,multiplies (cost − 1)
staff,imperial,TF2,faction modifier ntw3_tow_a04_x8_005,0.9544450596,multiplies (cost − 1)
staff,imperial,TF2,faction modifier ntw3_tow_a05_x8_001,0.9952944946,multiplies (cost − 1)
staff,imperial,TF2,faction modifier ntw3_tow_a05_x8_004,1.073221451,multiplies (cost − 1)
staff,imperial,TF2,faction modifier ntw3_tow_a06_x8_002,1.012107342,multiplies (cost − 1)
staff,imperial,TF2,faction modifier ntw3_tow_a08_x8_047,1.004866332,multiplies (cost − 1)
staff,imperial,TF2,faction modifier ntw3_tow_a09_x8_021,1.011043526,multiplies (cost − 1)
staff,imperial,TF2,faction modifier ntw3_tow_a11_x8_027,1.032213049,multiplies (cost − 1)
staff,imperial,TF2,faction modifier ntw3_tow_a11_x8_028,1.057910091,multiplies (cost − 1)
staff,imperial,TF2,faction modifier ntw3_tow_a11_x8_029,1.021499593,multiplies (cost − 1)
staff,imperial,TF2,faction modifier ntw3_tow_a12_x8_003,0.9875388311,multiplies (cost − 1)
staff,imperial,TF2,faction modifier ntw3_tow_a13_x8_022,0.9999565052,multiplies (cost − 1)
staff,imperial,TF2,faction modifier ntw3_tow_a17_x8_054,1.002249174,multiplies (cost − 1)
staff,imperial,TF2,faction modifier ntw3_tow_c07_x8_017,0.949840428,multiplies (cost − 1)
staff,imperial,TF2,faction modifier ntw3_tow_c08_x8_048,1.049329196,multiplies (cost − 1)
staff,imperial,TF2,faction modifier ntw3_tow_c10_x8_025,1.017173824,multiplies (cost − 1)
staff,imperial,TF2,faction modifier ntw3_tow_c14_x8_030,1.105587822,multiplies (cost − 1)
staff,imperial,TF2,faction modifier ntw3_tow_c15_x8_051,1.015168288,multiplies (cost − 1)
staff,imperial,T3,b (gold per star^q at rating 8),77.28278737,cost = b·stars^q·(8/r); 1 without stars
staff,imperial,T3,q (star power),1.375,cost = b·stars^q·(8/r); 1 without stars
staff,imperial,TF3,faction modifier denmark,1.00007296,multiplies (cost − 1)
staff,imperial,TF3,faction modifier france,1.024555598,multiplies (cost − 1)
staff,imperial,TF3,faction modifier ntw3_tow_a03_x8_032,0.9821265713,multiplies (cost − 1)
staff,imperial,TF3,faction modifier ntw3_tow_a03_x8_033,1.011727685,multiplies (cost − 1)
staff,imperial,TF3,faction modifier ntw3_tow_a03_x8_038,1.004376711,multiplies (cost − 1)
staff,imperial,TF3,faction modifier ntw3_tow_a03_x8_040,1.011522589,multiplies (cost − 1)
staff,imperial,TF3,faction modifier ntw3_tow_a04_x8_005,0.9623364042,multiplies (cost − 1)
staff,imperial,TF3,faction modifier ntw3_tow_a05_x8_001,0.9800112733,multiplies (cost − 1)
staff,imperial,TF3,faction modifier ntw3_tow_a05_x8_004,1.008238283,multiplies (cost − 1)
staff,imperial,TF3,faction modifier ntw3_tow_a06_x8_002,0.9465036262,multiplies (cost − 1)
staff,imperial,TF3,faction modifier ntw3_tow_a08_x8_047,1.026511087,multiplies (cost − 1)
staff,imperial,TF3,faction modifier ntw3_tow_a09_x8_021,1.013729936,multiplies (cost − 1)
staff,imperial,TF3,faction modifier ntw3_tow_a11_x8_027,1.003528377,multiplies (cost − 1)
staff,imperial,TF3,faction modifier ntw3_tow_a11_x8_028,1.015973553,multiplies (cost − 1)
staff,imperial,TF3,faction modifier ntw3_tow_a11_x8_029,1.010956733,multiplies (cost − 1)
staff,imperial,TF3,faction modifier ntw3_tow_a12_x8_003,1.019635141,multiplies (cost − 1)
staff,imperial,TF3,faction modifier ntw3_tow_a13_x8_022,1.014842574,multiplies (cost − 1)
staff,imperial,TF3,faction modifier ntw3_tow_a17_x8_054,1.024911684,multiplies (cost − 1)
staff,imperial,TF3,faction modifier ntw3_tow_c07_x8_017,1.00007296,multiplies (cost − 1)
staff,imperial,TF3,faction modifier ntw3_tow_c08_x8_048,1.015107012,multiplies (cost − 1)
staff,imperial,TF3,faction modifier ntw3_tow_c10_x8_025,1.010665161,multiplies (cost − 1)
staff,imperial,TF3,faction modifier ntw3_tow_c14_x8_030,1.014893554,multiplies (cost − 1)
staff,imperial,TF3,faction modifier ntw3_tow_c15_x8_051,1.02179698,multiplies (cost − 1)
staff,coalition,T1,b (per star),77.18742237,cost = 1 + …; r − 8
staff,coalition,T1,γ (per star per rating point),-13.34545914,cost = 1 + …; r − 8
staff,coalition,T1,q (per star²),13.3798355,cost = 1 + …; r − 8
staff,coalition,TF1,faction modifier britain,0.9904408431,multiplies (cost − 1)
staff,coalition,TF1,faction modifier ntw3_hre,1.102875779,multiplies (cost − 1)
staff,coalition,TF1,faction modifier ntw3_tow_b03_x8_039,0.9040274088,multiplies (cost − 1)
staff,coalition,TF1,faction modifier ntw3_tow_b03_x8_042,0.827617663,multiplies (cost − 1)
staff,coalition,TF1,faction modifier ntw3_tow_b04_x8_015,0.997091082,multiplies (cost − 1)
staff,coalition,TF1,faction modifier ntw3_tow_b04_x8_016,0.993069458,multiplies (cost − 1)
staff,coalition,TF1,faction modifier ntw3_tow_b05_x8_006,0.9363316296,multiplies (cost − 1)
staff,coalition,TF1,faction modifier ntw3_tow_b05_x8_007,0.9928233808,multiplies (cost − 1)
staff,coalition,TF1,faction modifier ntw3_tow_b06_x8_008,0.9550664394,multiplies (cost − 1)
staff,coalition,TF1,faction modifier ntw3_tow_b06_x8_009,0.9824095236,multiplies (cost − 1)
staff,coalition,TF1,faction modifier ntw3_tow_b07_x8_018,1.033581321,multiplies (cost − 1)
staff,coalition,TF1,faction modifier ntw3_tow_b08_x8_044,0.9645723214,multiplies (cost − 1)
staff,coalition,TF1,faction modifier ntw3_tow_b08_x8_045,1.083199083,multiplies (cost − 1)
staff,coalition,TF1,faction modifier ntw3_tow_b09_x8_019,0.9819649744,multiplies (cost − 1)
staff,coalition,TF1,faction modifier ntw3_tow_b09_x8_020,1.388392636,multiplies (cost − 1)
staff,coalition,TF1,faction modifier ntw3_tow_b10_x8_026,1.032355048,multiplies (cost − 1)
staff,coalition,TF1,faction modifier ntw3_tow_b11_x8_013,0.964927697,multiplies (cost − 1)
staff,coalition,TF1,faction modifier ntw3_tow_b11_x8_014,1.00415614,multiplies (cost − 1)
staff,coalition,TF1,faction modifier ntw3_tow_b12_x8_011,1.015480083,multiplies (cost − 1)
staff,coalition,TF1,faction modifier ntw3_tow_b12_x8_012,0.9476199727,multiplies (cost − 1)
staff,coalition,TF1,faction modifier ntw3_tow_b13_x8_049,0.8540715606,multiplies (cost − 1)
staff,coalition,TF1,faction modifier ntw3_tow_b13_x8_050,1.01281584,multiplies (cost − 1)
staff,coalition,TF1,faction modifier ntw3_tow_b14_x8_031,1.102569348,multiplies (cost − 1)
staff,coalition,TF1,faction modifier ntw3_tow_b15_x8_052,0.9845414443,multiplies (cost − 1)
staff,coalition,TF1,faction modifier ntw3_tow_b15_x8_053,0.9966149441,multiplies (cost − 1)
staff,coalition,TF1,faction modifier ntw3_tow_b17_x8_055,0.9963263981,multiplies (cost − 1)
staff,coalition,TF1,faction modifier ntw3_tow_b17_x8_056,1.019152679,multiplies (cost − 1)
staff,coalition,TF1,faction modifier ntw3_tow_b17_x8_057,1.000120849,multiplies (cost − 1)
staff,coalition,TF1,faction modifier piedmont_savoy,0.9073146423,multiplies (cost − 1)
staff,coalition,T2,b (per star),88.48874608,cost = 1 + …; r − 8
staff,coalition,T2,q (per star²),10.2167761,cost = 1 + …; r − 8
staff,coalition,T2,γ (per star per rating point),-26.42618247,cost = 1 + …; r − 8
staff,coalition,T2,κ (per star² per rating point),3.150779094,cost = 1 + …; r − 8
staff,coalition,TF2,faction modifier britain,1.006013709,multiplies (cost − 1)
staff,coalition,TF2,faction modifier ntw3_hre,1.120406895,multiplies (cost − 1)
staff,coalition,TF2,faction modifier ntw3_tow_b03_x8_039,0.9144500647,multiplies (cost − 1)
staff,coalition,TF2,faction modifier ntw3_tow_b03_x8_042,0.7050282624,multiplies (cost − 1)
staff,coalition,TF2,faction modifier ntw3_tow_b04_x8_015,0.9987222385,multiplies (cost − 1)
staff,coalition,TF2,faction modifier ntw3_tow_b04_x8_016,0.9830014416,multiplies (cost − 1)
staff,coalition,TF2,faction modifier ntw3_tow_b05_x8_006,0.9481790549,multiplies (cost − 1)
staff,coalition,TF2,faction modifier ntw3_tow_b05_x8_007,0.9915593251,multiplies (cost − 1)
staff,coalition,TF2,faction modifier ntw3_tow_b06_x8_008,0.9686504402,multiplies (cost − 1)
staff,coalition,TF2,faction modifier ntw3_tow_b06_x8_009,1.143381173,multiplies (cost − 1)
staff,coalition,TF2,faction modifier ntw3_tow_b07_x8_018,1.057805575,multiplies (cost − 1)
staff,coalition,TF2,faction modifier ntw3_tow_b08_x8_044,0.9553001167,multiplies (cost − 1)
staff,coalition,TF2,faction modifier ntw3_tow_b08_x8_045,1.019029961,multiplies (cost − 1)
staff,coalition,TF2,faction modifier ntw3_tow_b09_x8_019,1.000630477,multiplies (cost − 1)
staff,coalition,TF2,faction modifier ntw3_tow_b09_x8_020,1.306837047,multiplies (cost − 1)
staff,coalition,TF2,faction modifier ntw3_tow_b10_x8_026,1.050305444,multiplies (cost − 1)
staff,coalition,TF2,faction modifier ntw3_tow_b11_x8_013,0.9533617172,multiplies (cost − 1)
staff,coalition,TF2,faction modifier ntw3_tow_b11_x8_014,1.014642936,multiplies (cost − 1)
staff,coalition,TF2,faction modifier ntw3_tow_b12_x8_011,0.980832321,multiplies (cost − 1)
staff,coalition,TF2,faction modifier ntw3_tow_b12_x8_012,0.9600807876,multiplies (cost − 1)
staff,coalition,TF2,faction modifier ntw3_tow_b13_x8_049,0.8639243675,multiplies (cost − 1)
staff,coalition,TF2,faction modifier ntw3_tow_b13_x8_050,0.9763446818,multiplies (cost − 1)
staff,coalition,TF2,faction modifier ntw3_tow_b14_x8_031,1.104221489,multiplies (cost − 1)
staff,coalition,TF2,faction modifier ntw3_tow_b15_x8_052,1.00294208,multiplies (cost − 1)
staff,coalition,TF2,faction modifier ntw3_tow_b15_x8_053,0.9379996994,multiplies (cost − 1)
staff,coalition,TF2,faction modifier ntw3_tow_b17_x8_055,0.9931055243,multiplies (cost − 1)
staff,coalition,TF2,faction modifier ntw3_tow_b17_x8_056,1.021311125,multiplies (cost − 1)
staff,coalition,TF2,faction modifier ntw3_tow_b17_x8_057,1.015315467,multiplies (cost − 1)
staff,coalition,TF2,faction modifier piedmont_savoy,0.8520871896,multiplies (cost − 1)
staff,coalition,T3,b (gold per star^q at rating 8),69.11074212,cost = b·stars^q·(8/r); 1 without stars
staff,coalition,T3,q (star power),1.475,cost = b·stars^q·(8/r); 1 without stars
staff,coalition,TF3,faction modifier britain,0.978094198,multiplies (cost − 1)
staff,coalition,TF3,faction modifier ntw3_hre,1.119950977,multiplies (cost − 1)
staff,coalition,TF3,faction modifier ntw3_tow_b03_x8_039,0.9384340364,multiplies (cost − 1)
staff,coalition,TF3,faction modifier ntw3_tow_b03_x8_042,1.102794484,multiplies (cost − 1)
staff,coalition,TF3,faction modifier ntw3_tow_b04_x8_015,0.9907165601,multiplies (cost − 1)
staff,coalition,TF3,faction modifier ntw3_tow_b04_x8_016,1.000042418,multiplies (cost − 1)
staff,coalition,TF3,faction modifier ntw3_tow_b05_x8_006,0.9498669467,multiplies (cost − 1)
staff,coalition,TF3,faction modifier ntw3_tow_b05_x8_007,0.9922913641,multiplies (cost − 1)
staff,coalition,TF3,faction modifier ntw3_tow_b06_x8_008,0.9656517469,multiplies (cost − 1)
staff,coalition,TF3,faction modifier ntw3_tow_b06_x8_009,1.05222754,multiplies (cost − 1)
staff,coalition,TF3,faction modifier ntw3_tow_b07_x8_018,0.9743691362,multiplies (cost − 1)
staff,coalition,TF3,faction modifier ntw3_tow_b08_x8_044,0.9671382355,multiplies (cost − 1)
staff,coalition,TF3,faction modifier ntw3_tow_b08_x8_045,1.006794863,multiplies (cost − 1)
staff,coalition,TF3,faction modifier ntw3_tow_b09_x8_019,1.018439001,multiplies (cost − 1)
staff,coalition,TF3,faction modifier ntw3_tow_b09_x8_020,1.474178952,multiplies (cost − 1)
staff,coalition,TF3,faction modifier ntw3_tow_b10_x8_026,0.9769152309,multiplies (cost − 1)
staff,coalition,TF3,faction modifier ntw3_tow_b11_x8_013,0.9650604057,multiplies (cost − 1)
staff,coalition,TF3,faction modifier ntw3_tow_b11_x8_014,0.9848934006,multiplies (cost − 1)
staff,coalition,TF3,faction modifier ntw3_tow_b12_x8_011,0.9998807876,multiplies (cost − 1)
staff,coalition,TF3,faction modifier ntw3_tow_b12_x8_012,0.9562178579,multiplies (cost − 1)
staff,coalition,TF3,faction modifier ntw3_tow_b13_x8_049,0.8846560557,multiplies (cost − 1)
staff,coalition,TF3,faction modifier ntw3_tow_b13_x8_050,1.000889405,multiplies (cost − 1)
staff,coalition,TF3,faction modifier ntw3_tow_b14_x8_031,0.9825012515,multiplies (cost − 1)
staff,coalition,TF3,faction modifier ntw3_tow_b15_x8_052,1.014337938,multiplies (cost − 1)
staff,coalition,TF3,faction modifier ntw3_tow_b15_x8_053,1.011301475,multiplies (cost − 1)
staff,coalition,TF3,faction modifier ntw3_tow_b17_x8_055,0.9945413717,multiplies (cost − 1)
staff,coalition,TF3,faction modifier ntw3_tow_b17_x8_056,1.008649924,multiplies (cost − 1)
staff,coalition,TF3,faction modifier ntw3_tow_b17_x8_057,1.003646018,multiplies (cost − 1)
staff,coalition,TF3,faction modifier piedmont_savoy,1.053986676,multiplies (cost − 1)
staff,merged,T1,b (per star),91.10134749,cost = 1 + …; r − 8
staff,merged,T1,γ (per star per rating point),-14.81923948,cost = 1 + …; r − 8
staff,merged,T1,q (per star²),10.01925277,cost = 1 + …; r − 8
staff,merged,TF1,faction modifier britain,0.9925197758,multiplies (cost − 1)
staff,merged,TF1,faction modifier denmark,0.9466309107,multiplies (cost − 1)
staff,merged,TF1,faction modifier france,0.9809242383,multiplies (cost − 1)
staff,merged,TF1,faction modifier ntw3_hre,1.108459112,multiplies (cost − 1)
staff,merged,TF1,faction modifier ntw3_tow_a03_x8_032,0.943519381,multiplies (cost − 1)
staff,merged,TF1,faction modifier ntw3_tow_a03_x8_033,0.9921402387,multiplies (cost − 1)
staff,merged,TF1,faction modifier ntw3_tow_a03_x8_038,1.107409564,multiplies (cost − 1)
staff,merged,TF1,faction modifier ntw3_tow_a03_x8_040,1.027414163,multiplies (cost − 1)
staff,merged,TF1,faction modifier ntw3_tow_a04_x8_005,0.9404297766,multiplies (cost − 1)
staff,merged,TF1,faction modifier ntw3_tow_a05_x8_001,0.9654571684,multiplies (cost − 1)
staff,merged,TF1,faction modifier ntw3_tow_a05_x8_004,1.061492864,multiplies (cost − 1)
staff,merged,TF1,faction modifier ntw3_tow_a06_x8_002,0.9675889378,multiplies (cost − 1)
staff,merged,TF1,faction modifier ntw3_tow_a08_x8_047,0.9787476757,multiplies (cost − 1)
staff,merged,TF1,faction modifier ntw3_tow_a09_x8_021,1.018765748,multiplies (cost − 1)
staff,merged,TF1,faction modifier ntw3_tow_a11_x8_027,1.019360857,multiplies (cost − 1)
staff,merged,TF1,faction modifier ntw3_tow_a11_x8_028,1.063976283,multiplies (cost − 1)
staff,merged,TF1,faction modifier ntw3_tow_a11_x8_029,1.016582385,multiplies (cost − 1)
staff,merged,TF1,faction modifier ntw3_tow_a12_x8_003,0.9804526303,multiplies (cost − 1)
staff,merged,TF1,faction modifier ntw3_tow_a13_x8_022,0.9977700869,multiplies (cost − 1)
staff,merged,TF1,faction modifier ntw3_tow_a17_x8_054,0.9907945666,multiplies (cost − 1)
staff,merged,TF1,faction modifier ntw3_tow_b03_x8_039,0.9789818318,multiplies (cost − 1)
staff,merged,TF1,faction modifier ntw3_tow_b03_x8_042,0.7417640062,multiplies (cost − 1)
staff,merged,TF1,faction modifier ntw3_tow_b04_x8_015,0.9838435582,multiplies (cost − 1)
staff,merged,TF1,faction modifier ntw3_tow_b04_x8_016,0.9671123959,multiplies (cost − 1)
staff,merged,TF1,faction modifier ntw3_tow_b05_x8_006,0.9948822776,multiplies (cost − 1)
staff,merged,TF1,faction modifier ntw3_tow_b05_x8_007,0.9764512095,multiplies (cost − 1)
staff,merged,TF1,faction modifier ntw3_tow_b06_x8_008,0.9870195654,multiplies (cost − 1)
staff,merged,TF1,faction modifier ntw3_tow_b06_x8_009,0.9067309141,multiplies (cost − 1)
staff,merged,TF1,faction modifier ntw3_tow_b07_x8_018,1.029997243,multiplies (cost − 1)
staff,merged,TF1,faction modifier ntw3_tow_b08_x8_044,1.014568165,multiplies (cost − 1)
staff,merged,TF1,faction modifier ntw3_tow_b08_x8_045,1.034499327,multiplies (cost − 1)
staff,merged,TF1,faction modifier ntw3_tow_b09_x8_019,0.9415511422,multiplies (cost − 1)
staff,merged,TF1,faction modifier ntw3_tow_b09_x8_020,1.538248881,multiplies (cost − 1)
staff,merged,TF1,faction modifier ntw3_tow_b10_x8_026,1.025470377,multiplies (cost − 1)
staff,merged,TF1,faction modifier ntw3_tow_b11_x8_013,1.018445415,multiplies (cost − 1)
staff,merged,TF1,faction modifier ntw3_tow_b11_x8_014,1.000546138,multiplies (cost − 1)
staff,merged,TF1,faction modifier ntw3_tow_b12_x8_011,0.9797590345,multiplies (cost − 1)
staff,merged,TF1,faction modifier ntw3_tow_b12_x8_012,0.9982557428,multiplies (cost − 1)
staff,merged,TF1,faction modifier ntw3_tow_b13_x8_049,0.9249722476,multiplies (cost − 1)
staff,merged,TF1,faction modifier ntw3_tow_b13_x8_050,0.9762261224,multiplies (cost − 1)
staff,merged,TF1,faction modifier ntw3_tow_b14_x8_031,1.079859364,multiplies (cost − 1)
staff,merged,TF1,faction modifier ntw3_tow_b15_x8_052,0.9486357938,multiplies (cost − 1)
staff,merged,TF1,faction modifier ntw3_tow_b15_x8_053,0.9473374116,multiplies (cost − 1)
staff,merged,TF1,faction modifier ntw3_tow_b17_x8_055,0.9777930178,multiplies (cost − 1)
staff,merged,TF1,faction modifier ntw3_tow_b17_x8_056,1.006181102,multiplies (cost − 1)
staff,merged,TF1,faction modifier ntw3_tow_b17_x8_057,1.017750571,multiplies (cost − 1)
staff,merged,TF1,faction modifier ntw3_tow_c07_x8_017,0.9466309107,multiplies (cost − 1)
staff,merged,TF1,faction modifier ntw3_tow_c08_x8_048,1.04322747,multiplies (cost − 1)
staff,merged,TF1,faction modifier ntw3_tow_c10_x8_025,1.012121219,multiplies (cost − 1)
staff,merged,TF1,faction modifier ntw3_tow_c14_x8_030,1.095814929,multiplies (cost − 1)
staff,merged,TF1,faction modifier ntw3_tow_c15_x8_051,1.00684221,multiplies (cost − 1)
staff,merged,TF1,faction modifier piedmont_savoy,0.8336644956,multiplies (cost − 1)
staff,merged,T2,b (per star),89.37090659,cost = 1 + …; r − 8
staff,merged,T2,q (per star²),10.41205683,cost = 1 + …; r − 8
staff,merged,T2,γ (per star per rating point),-12.73339182,cost = 1 + …; r − 8
staff,merged,T2,κ (per star² per rating point),-0.3757442013,cost = 1 + …; r − 8
staff,merged,TF2,faction modifier britain,0.9931497172,multiplies (cost − 1)
staff,merged,TF2,faction modifier denmark,0.9600916807,multiplies (cost − 1)
staff,merged,TF2,faction modifier france,0.9777711058,multiplies (cost − 1)
staff,merged,TF2,faction modifier ntw3_hre,1.104399806,multiplies (cost − 1)
staff,merged,TF2,faction modifier ntw3_tow_a03_x8_032,0.9405119885,multiplies (cost − 1)
staff,merged,TF2,faction modifier ntw3_tow_a03_x8_033,0.9885756057,multiplies (cost − 1)
staff,merged,TF2,faction modifier ntw3_tow_a03_x8_038,1.133479357,multiplies (cost − 1)
staff,merged,TF2,faction modifier ntw3_tow_a03_x8_040,1.032663117,multiplies (cost − 1)
staff,merged,TF2,faction modifier ntw3_tow_a04_x8_005,0.9323607072,multiplies (cost − 1)
staff,merged,TF2,faction modifier ntw3_tow_a05_x8_001,0.9719533311,multiplies (cost − 1)
staff,merged,TF2,faction modifier ntw3_tow_a05_x8_004,1.07478889,multiplies (cost − 1)
staff,merged,TF2,faction modifier ntw3_tow_a06_x8_002,0.9832637861,multiplies (cost − 1)
staff,merged,TF2,faction modifier ntw3_tow_a08_x8_047,0.9808280621,multiplies (cost − 1)
staff,merged,TF2,faction modifier ntw3_tow_a09_x8_021,1.011631705,multiplies (cost − 1)
staff,merged,TF2,faction modifier ntw3_tow_a11_x8_027,1.038031117,multiplies (cost − 1)
staff,merged,TF2,faction modifier ntw3_tow_a11_x8_028,1.055623745,multiplies (cost − 1)
staff,merged,TF2,faction modifier ntw3_tow_a11_x8_029,1.022809057,multiplies (cost − 1)
staff,merged,TF2,faction modifier ntw3_tow_a12_x8_003,0.9771564165,multiplies (cost − 1)
staff,merged,TF2,faction modifier ntw3_tow_a13_x8_022,0.9969913512,multiplies (cost − 1)
staff,merged,TF2,faction modifier ntw3_tow_a17_x8_054,0.9842210535,multiplies (cost − 1)
staff,merged,TF2,faction modifier ntw3_tow_b03_x8_039,0.9758512316,multiplies (cost − 1)
staff,merged,TF2,faction modifier ntw3_tow_b03_x8_042,0.7617893583,multiplies (cost − 1)
staff,merged,TF2,faction modifier ntw3_tow_b04_x8_015,0.9862308458,multiplies (cost − 1)
staff,merged,TF2,faction modifier ntw3_tow_b04_x8_016,0.9709413089,multiplies (cost − 1)
staff,merged,TF2,faction modifier ntw3_tow_b05_x8_006,0.9915844596,multiplies (cost − 1)
staff,merged,TF2,faction modifier ntw3_tow_b05_x8_007,0.9792202491,multiplies (cost − 1)
staff,merged,TF2,faction modifier ntw3_tow_b06_x8_008,0.9835720379,multiplies (cost − 1)
staff,merged,TF2,faction modifier ntw3_tow_b06_x8_009,0.8846594735,multiplies (cost − 1)
staff,merged,TF2,faction modifier ntw3_tow_b07_x8_018,1.032963837,multiplies (cost − 1)
staff,merged,TF2,faction modifier ntw3_tow_b08_x8_044,1.008388506,multiplies (cost − 1)
staff,merged,TF2,faction modifier ntw3_tow_b08_x8_045,1.051720897,multiplies (cost − 1)
staff,merged,TF2,faction modifier ntw3_tow_b09_x8_019,0.9378568033,multiplies (cost − 1)
staff,merged,TF2,faction modifier ntw3_tow_b09_x8_020,1.541686267,multiplies (cost − 1)
staff,merged,TF2,faction modifier ntw3_tow_b10_x8_026,1.029214057,multiplies (cost − 1)
staff,merged,TF2,faction modifier ntw3_tow_b11_x8_013,1.012880027,multiplies (cost − 1)
staff,merged,TF2,faction modifier ntw3_tow_b11_x8_014,1.001762079,multiplies (cost − 1)
staff,merged,TF2,faction modifier ntw3_tow_b12_x8_011,0.989986793,multiplies (cost − 1)
staff,merged,TF2,faction modifier ntw3_tow_b12_x8_012,0.9948925959,multiplies (cost − 1)
staff,merged,TF2,faction modifier ntw3_tow_b13_x8_049,0.9220161643,multiplies (cost − 1)
staff,merged,TF2,faction modifier ntw3_tow_b13_x8_050,0.9866679643,multiplies (cost − 1)
staff,merged,TF2,faction modifier ntw3_tow_b14_x8_031,1.088736941,multiplies (cost − 1)
staff,merged,TF2,faction modifier ntw3_tow_b15_x8_052,0.944939746,multiplies (cost − 1)
staff,merged,TF2,faction modifier ntw3_tow_b15_x8_053,0.9604478648,multiplies (cost − 1)
staff,merged,TF2,faction modifier ntw3_tow_b17_x8_055,0.9807819204,multiplies (cost − 1)
staff,merged,TF2,faction modifier ntw3_tow_b17_x8_056,1.008521893,multiplies (cost − 1)
staff,merged,TF2,faction modifier ntw3_tow_b17_x8_057,1.014104347,multiplies (cost − 1)
staff,merged,TF2,faction modifier ntw3_tow_c07_x8_017,0.9600916807,multiplies (cost − 1)
staff,merged,TF2,faction modifier ntw3_tow_c08_x8_048,1.043804307,multiplies (cost − 1)
staff,merged,TF2,faction modifier ntw3_tow_c10_x8_025,1.017404105,multiplies (cost − 1)
staff,merged,TF2,faction modifier ntw3_tow_c14_x8_030,1.100912272,multiplies (cost − 1)
staff,merged,TF2,faction modifier ntw3_tow_c15_x8_051,1.002245674,multiplies (cost − 1)
staff,merged,TF2,faction modifier piedmont_savoy,0.8425162099,multiplies (cost − 1)
staff,merged,T3,b (gold per star^q at rating 8),76.55039271,cost = b·stars^q·(8/r); 1 without stars
staff,merged,T3,q (star power),1.39,cost = b·stars^q·(8/r); 1 without stars
staff,merged,TF3,faction modifier britain,0.9997523168,multiplies (cost − 1)
staff,merged,TF3,faction modifier denmark,0.9951318258,multiplies (cost − 1)
staff,merged,TF3,faction modifier france,1.004511693,multiplies (cost − 1)
staff,merged,TF3,faction modifier ntw3_hre,1.138614903,multiplies (cost − 1)
staff,merged,TF3,faction modifier ntw3_tow_a03_x8_032,0.9622676481,multiplies (cost − 1)
staff,merged,TF3,faction modifier ntw3_tow_a03_x8_033,0.9994574562,multiplies (cost − 1)
staff,merged,TF3,faction modifier ntw3_tow_a03_x8_038,0.9981557454,multiplies (cost − 1)
staff,merged,TF3,faction modifier ntw3_tow_a03_x8_040,1.000165417,multiplies (cost − 1)
staff,merged,TF3,faction modifier ntw3_tow_a04_x8_005,0.9413058721,multiplies (cost − 1)
staff,merged,TF3,faction modifier ntw3_tow_a05_x8_001,0.9607666956,multiplies (cost − 1)
staff,merged,TF3,faction modifier ntw3_tow_a05_x8_004,0.9989674386,multiplies (cost − 1)
staff,merged,TF3,faction modifier ntw3_tow_a06_x8_002,0.9274248223,multiplies (cost − 1)
staff,merged,TF3,faction modifier ntw3_tow_a08_x8_047,1.005422238,multiplies (cost − 1)
staff,merged,TF3,faction modifier ntw3_tow_a09_x8_021,1.00008118,multiplies (cost − 1)
staff,merged,TF3,faction modifier ntw3_tow_a11_x8_027,0.9974097684,multiplies (cost − 1)
staff,merged,TF3,faction modifier ntw3_tow_a11_x8_028,1.001074123,multiplies (cost − 1)
staff,merged,TF3,faction modifier ntw3_tow_a11_x8_029,1.000047593,multiplies (cost − 1)
staff,merged,TF3,faction modifier ntw3_tow_a12_x8_003,1.002667924,multiplies (cost − 1)
staff,merged,TF3,faction modifier ntw3_tow_a13_x8_022,1.000929154,multiplies (cost − 1)
staff,merged,TF3,faction modifier ntw3_tow_a17_x8_054,1.004644086,multiplies (cost − 1)
staff,merged,TF3,faction modifier ntw3_tow_b03_x8_039,1.005035948,multiplies (cost − 1)
staff,merged,TF3,faction modifier ntw3_tow_b03_x8_042,0.9943787181,multiplies (cost − 1)
staff,merged,TF3,faction modifier ntw3_tow_b04_x8_015,0.9993253849,multiplies (cost − 1)
staff,merged,TF3,faction modifier ntw3_tow_b04_x8_016,0.9970967963,multiplies (cost − 1)
staff,merged,TF3,faction modifier ntw3_tow_b05_x8_006,1.003198756,multiplies (cost − 1)
staff,merged,TF3,faction modifier ntw3_tow_b05_x8_007,0.9992078256,multiplies (cost − 1)
staff,merged,TF3,faction modifier ntw3_tow_b06_x8_008,1.000493234,multiplies (cost − 1)
staff,merged,TF3,faction modifier ntw3_tow_b06_x8_009,0.9865407862,multiplies (cost − 1)
staff,merged,TF3,faction modifier ntw3_tow_b07_x8_018,0.999629858,multiplies (cost − 1)
staff,merged,TF3,faction modifier ntw3_tow_b08_x8_044,1.000619158,multiplies (cost − 1)
staff,merged,TF3,faction modifier ntw3_tow_b08_x8_045,0.9978980929,multiplies (cost − 1)
staff,merged,TF3,faction modifier ntw3_tow_b09_x8_019,0.9942065558,multiplies (cost − 1)
staff,merged,TF3,faction modifier ntw3_tow_b09_x8_020,1.583757927,multiplies (cost − 1)
staff,merged,TF3,faction modifier ntw3_tow_b10_x8_026,1.000141878,multiplies (cost − 1)
staff,merged,TF3,faction modifier ntw3_tow_b11_x8_013,1.000976017,multiplies (cost − 1)
staff,merged,TF3,faction modifier ntw3_tow_b11_x8_014,1.000403647,multiplies (cost − 1)
staff,merged,TF3,faction modifier ntw3_tow_b12_x8_011,0.9978900418,multiplies (cost − 1)
staff,merged,TF3,faction modifier ntw3_tow_b12_x8_012,1.002591668,multiplies (cost − 1)
staff,merged,TF3,faction modifier ntw3_tow_b13_x8_049,0.9470060972,multiplies (cost − 1)
staff,merged,TF3,faction modifier ntw3_tow_b13_x8_050,0.9983561386,multiplies (cost − 1)
staff,merged,TF3,faction modifier ntw3_tow_b14_x8_031,1.000417308,multiplies (cost − 1)
staff,merged,TF3,faction modifier ntw3_tow_b15_x8_052,0.9946097931,multiplies (cost − 1)
staff,merged,TF3,faction modifier ntw3_tow_b15_x8_053,0.9953214842,multiplies (cost − 1)
staff,merged,TF3,faction modifier ntw3_tow_b17_x8_055,0.9983223318,multiplies (cost − 1)
staff,merged,TF3,faction modifier ntw3_tow_b17_x8_056,1.016972673,multiplies (cost − 1)
staff,merged,TF3,faction modifier ntw3_tow_b17_x8_057,1.02804706,multiplies (cost − 1)
staff,merged,TF3,faction modifier ntw3_tow_c07_x8_017,0.9951318258,multiplies (cost − 1)
staff,merged,TF3,faction modifier ntw3_tow_c08_x8_048,1.000636229,multiplies (cost − 1)
staff,merged,TF3,faction modifier ntw3_tow_c10_x8_025,0.9990497901,multiplies (cost − 1)
staff,merged,TF3,faction modifier ntw3_tow_c14_x8_030,1.001420152,multiplies (cost − 1)
staff,merged,TF3,faction modifier ntw3_tow_c15_x8_051,1.00362043,multiplies (cost − 1)
staff,merged,TF3,faction modifier piedmont_savoy,0.9921262856,multiplies (cost − 1)
