row_id,fold,unit_class,base_mp_cost,pred
33,4,artillery_foot,435,414.10184547493236
34,1,artillery_foot,94,173.74436155930994
35,2,artillery_horse,747,752.8496630681402
36,4,cavalry_light,1352,1370.0979113690614
37,1,cavalry_light,1452,1453.2489867589995
38,2,cavalry_light,935,926.166812253338
39,0,cavalry_light,701,711.612789397525
41,4,general,1,1.0
42,0,general,807,805.955426706842
44,0,general,351,351.70891230021994
46,3,general,199,199.47101604128954
47,1,general,718,717.5777555734778
49,3,general,1353,1384.6033515257711
50,1,general,1446,1189.378853064366
51,3,general,1308,1405.477983285859
52,1,general,544,508.4420744502105
53,0,infantry_light,968,1004.399455339014
54,4,infantry_light,668,606.1540757767189
56,1,infantry_light,914,821.2323708872343
58,0,infantry_line,424,419.424975536626
60,2,infantry_line,688,693.5479066819242
61,0,infantry_line,1723,1469.5286032913823
62,1,infantry_line,427,410.66265955005224
63,1,infantry_line,544,532.5575069177125
64,2,infantry_line,496,489.10169414276635
65,1,infantry_line,785,789.2257912705034
66,4,infantry_line,528,502.830700493229
67,2,infantry_line,605,605.5093000130611
68,2,infantry_line,519,512.9328787140898
69,4,infantry_line,781,800.4448231338498
71,2,infantry_line,659,672.4798946516885
72,4,infantry_line,718,718.8465848883623
73,3,infantry_line,360,346.7844638211516
74,4,infantry_line,971,1019.5229493018347
75,1,infantry_line,832,844.0529231186106
79,3,infantry_line,537,527.164755317624
80,3,infantry_line,640,660.4955485045181
81,3,infantry_line,1008,1019.9084987850671
82,1,infantry_line,592,572.2926151799874
83,2,infantry_skirmishers,538,551.7198199799391
84,3,infantry_skirmishers,235,240.8226481360357
86,1,artillery_foot,237,330.3910172867214
87,4,artillery_foot,284,363.577978679261
89,2,artillery_horse,311,616.5658672277464
90,3,cavalry_heavy,1615,1653.371081777367
91,3,cavalry_heavy,1249,1496.671319994886
92,0,cavalry_heavy,1478,1450.8218390567654
95,3,cavalry_lancers,516,519.1868223573688
96,2,cavalry_light,890,956.7868180979304
98,0,cavalry_light,590,619.1367715718424
99,4,cavalry_light,797,752.7772938353928
100,4,cavalry_light,756,712.4976334280375
102,0,cavalry_standard,674,688.4367299308957
104,2,general,486,488.0054920733252
106,4,general,1,1.0
107,1,general,1647,1641.923920745767
108,4,general,1,1.0
109,3,general,228,227.9668754757595
110,4,general,639,623.515256930375
113,0,general,401,401.95304262882286
114,1,general,158,215.4447757807659
116,0,general,46,24.05854086571819
118,3,general,327,311.9283877287637
119,3,general,827,787.7267981790418
120,2,general,429,503.0080086355549
121,2,infantry_grenadiers,748,707.427619125199
122,3,infantry_grenadiers,512,507.60069300334186
123,2,infantry_grenadiers,558,559.2683715058807
124,1,infantry_grenadiers,263,230.83399303396132
125,0,infantry_grenadiers,629,722.0872446972793
126,1,infantry_grenadiers,496,562.1379587770747
127,1,infantry_grenadiers,588,588.6232932950815
128,3,infantry_grenadiers,758,829.9455557150956
129,3,infantry_grenadiers,777,769.3351240688968
130,4,infantry_light,273,325.59450622275745
131,0,infantry_light,257,318.22108942109026
132,2,infantry_light,162,199.9889281814051
133,3,infantry_light,269,313.87903903590836
134,2,infantry_light,205,205.66970805425595
135,2,infantry_line,317,317.1981511790225
136,0,infantry_line,268,279.25665741960796
137,3,infantry_line,162,204.25627287851032
138,0,infantry_line,237,244.73980604072977
139,1,infantry_line,276,265.8021947662022
140,0,infantry_line,200,172.63746822391755
141,3,infantry_line,216,214.7133132216941
142,3,infantry_line,281,268.54095134226134
144,3,infantry_line,816,794.7896026061076
145,3,infantry_line,568,557.065969010408
146,0,infantry_line,445,454.05844666259264
148,4,infantry_line,497,620.2458091941252
149,2,infantry_line,398,384.6933228121954
151,4,infantry_line,543,551.3942910437249
152,1,infantry_line,440,448.96544380170667
153,3,infantry_militia,318,264.8693208553414
154,1,infantry_militia,405,424.19969018068775
155,1,infantry_militia,121,117.54643288158103
156,0,infantry_militia,238,314.37663332579206
157,3,infantry_militia,89,128.84939464838533
158,4,infantry_militia,235,222.58053319868077
159,2,infantry_skirmishers,238,262.35009223261613
161,2,infantry_skirmishers,138,190.1645207750923
162,3,infantry_skirmishers,543,561.7741455244943
163,0,artillery_foot,477,450.93067029464646
166,0,artillery_horse,637,633.2026399390415
167,3,artillery_horse,583,609.3847015146449
168,4,cavalry_heavy,687,699.1262689478151
169,2,cavalry_heavy,830,818.3584826861819
170,2,cavalry_heavy,1056,1025.707835059225
171,2,cavalry_heavy,688,690.284179055979
172,3,cavalry_heavy,1264,1357.6697097793563
174,4,cavalry_heavy,1060,1070.1451182388316
175,3,cavalry_heavy,1222,1308.5154574190556
176,2,cavalry_heavy,1469,1452.054324574352
177,4,cavalry_heavy,1240,1248.0771543593944
178,2,cavalry_heavy,1074,934.7914429595985
179,1,cavalry_heavy,990,881.6210792584891
180,4,cavalry_heavy,1166,1167.6779236895418
181,4,cavalry_lancers,710,706.655165016343
182,4,cavalry_light,228,221.58347367051908
183,2,cavalry_light,345,374.12799170052386
184,3,cavalry_light,498,498.0900442106914
185,1,cavalry_light,453,376.3220687776133
186,0,cavalry_light,316,334.18494616172774
187,1,cavalry_light,351,365.4800296572645
188,2,cavalry_light,776,675.6483898724787
189,1,cavalry_light,633,585.7326086196268
190,4,cavalry_light,254,250.80556943032946
191,0,cavalry_light,348,356.4406483596671
192,4,cavalry_light,270,267.71443559952763
193,3,cavalry_light,310,322.38024013429117
195,4,cavalry_light,326,323.66762325050144
196,0,cavalry_light,534,531.4291735216281
197,3,cavalry_light,914,925.0847497417914
200,2,cavalry_light,318,322.3994079049862
201,3,cavalry_standard,970,967.0353627757816
202,4,cavalry_standard,1031,1064.6502686980496
203,4,cavalry_standard,459,444.089365991551
204,1,cavalry_standard,604,630.4932691535289
205,2,cavalry_standard,782,733.5891565879596
206,2,cavalry_standard,565,531.9295442966177
208,3,cavalry_standard,490,497.9082215706787
209,2,general,823,822.8283258225111
210,4,general,1,1.0
211,1,general,638,637.8468938430912
212,3,general,534,583.3699283053323
214,3,general,177,177.30756981447954
215,2,general,467,466.9036161443062
219,0,general,312,312.6301442668621
220,2,general,1453,1450.077554264694
221,1,general,554,555.3924022387953
222,0,general,925,852.5218458708409
223,3,infantry_grenadiers,404,493.4514040545685
224,3,infantry_grenadiers,504,519.4896706466895
227,4,infantry_grenadiers,244,197.5581317533173
229,4,infantry_light,458,464.9801605408192
230,2,infantry_light,341,353.3530201378429
231,0,infantry_light,347,360.47912198333927
232,1,infantry_light,739,779.4870095889203
233,4,infantry_light,586,595.8466125759809
234,4,infantry_light,672,662.0595405552386
235,4,infantry_light,968,950.6943209872728
236,1,infantry_line,132,164.9016155805897
237,2,infantry_line,490,483.6190478283455
238,4,infantry_line,390,399.5871682322963
240,1,infantry_line,432,437.1279681797289
241,2,infantry_line,458,449.29249498980107
242,0,infantry_line,339,338.1778464786089
243,2,infantry_line,236,241.86779171273793
246,2,infantry_line,299,297.7567572935973
247,4,infantry_line,382,384.63037907659566
248,0,infantry_line,239,235.4760333496531
249,3,infantry_line,200,202.3836033532241
250,0,infantry_line,1013,926.392627386872
251,0,infantry_line,199,200.76423156158498
255,3,infantry_line,679,638.479067848644
256,1,infantry_line,332,336.42828250972127
257,4,infantry_line,298,296.1396694759924
259,2,infantry_line,205,263.27893373366334
262,4,infantry_line,730,768.5623498767192
264,1,infantry_line,500,513.480778572495
265,3,infantry_line,562,562.6192904206654
266,0,infantry_line,723,755.5439705504157
267,1,infantry_line,659,659.7829282654675
269,2,infantry_line,778,779.4225925666778
271,0,infantry_line,597,581.0902389205929
272,3,infantry_line,226,228.22923860839353
273,3,infantry_skirmishers,334,320.6615056402824
13392,1,artillery_foot,300,265.55205399630387
13393,1,artillery_foot,318,259.80417267649494
13394,0,artillery_foot,300,289.5217817205818
13395,1,artillery_foot,516,463.28582934967125
13397,4,artillery_horse,441,380.71408812415774
13399,1,cavalry_heavy,1735,1708.7780123594973
13400,2,cavalry_heavy,827,848.1399185527532
13401,2,cavalry_heavy,1370,1384.449810466833
13402,3,cavalry_heavy,865,872.7660015448354
13403,1,cavalry_heavy,1327,1322.801362224601
13404,2,cavalry_heavy,1863,1870.8470064361375
13405,1,cavalry_heavy,874,879.6335467875555
13406,3,cavalry_heavy,730,701.7876590010087
13408,2,cavalry_lancers,737,600.1703409705015
13409,0,cavalry_light,405,378.4855441723196
13410,0,cavalry_light,358,364.893311040072
13411,4,cavalry_light,1564,1519.8406494936362
13412,3,cavalry_light,1115,1025.3845234579233
13414,1,cavalry_light,1452,1478.8296820208143
13415,0,cavalry_light,663,675.5638026304656
13416,4,cavalry_light,679,683.3113942778787
13417,0,cavalry_light,704,691.1161859793415
13418,1,cavalry_light,1062,932.8530598221378
13419,2,cavalry_light,851,846.6155445876664
13420,0,cavalry_light,918,928.8726008235809
13422,0,cavalry_light,490,479.42242231361644
13423,0,cavalry_light,680,672.1660096967071
13424,0,cavalry_light,560,541.7951416429585
13425,3,cavalry_light,784,789.8166888838634
13428,2,cavalry_light,426,437.5761594751731
13429,0,cavalry_standard,641,589.919909396286
13430,2,cavalry_standard,1011,1058.1385338469343
13431,1,cavalry_standard,1251,1350.1754507675312
13432,3,cavalry_standard,958,803.7294282665894
13433,0,cavalry_standard,558,529.7032028477976
13434,3,cavalry_standard,844,898.5363427081458
13436,4,cavalry_standard,478,459.07114226851456
13437,0,cavalry_standard,621,556.58702916115
13439,4,general,537,481.5878215481145
13440,1,general,727,637.8468938430912
13441,4,general,1,1.0
13443,0,general,1668,1694.7317714454741
13444,3,general,1091,955.8994655542691
13445,4,general,1,1.0
13446,0,general,1368,1449.0021115440973
13447,3,general,202,200.1212221769938
13448,2,general,480,498.5616248809147
13449,0,general,278,290.5243448050423
13450,1,general,611,532.4981037151624
13451,4,general,1,1.0
13452,1,general,1174,1225.612175437563
13453,3,general,183,239.91396353409252
13454,3,general,383,380.24601461032887
13455,3,general,202,200.1212221769938
13456,1,general,352,351.17764982371034
13457,3,general,202,200.1212221769938
13462,0,general,133,152.9327873073969
13463,4,general,1,1.0
13465,1,general,1371,1435.948075762868
13466,2,general,1340,1359.0191876287815
13467,4,infantry_grenadiers,878,921.6267401533502
13468,1,infantry_grenadiers,777,728.1706409453628
13469,0,infantry_grenadiers,933,886.9228602129024
13471,3,infantry_grenadiers,1131,1114.6072023301406
13472,4,infantry_grenadiers,820,833.2402474750617
13473,0,infantry_grenadiers,409,308.8100991020621
13474,0,infantry_grenadiers,908,909.3376894733514
13475,2,infantry_grenadiers,1281,1279.3914640906303
13477,0,infantry_grenadiers,1279,1254.131928355125
13478,0,infantry_irregulars,319,255.0351699071279
13480,0,infantry_irregulars,504,445.7020059057734
13481,0,infantry_irregulars,343,311.90797615672255
13482,2,infantry_irregulars,489,550.6781204961579
13483,2,infantry_irregulars,603,681.9972854843598
13484,4,infantry_irregulars,327,186.81973083484726
13485,0,infantry_irregulars,128,163.74750881882943
13486,4,infantry_irregulars,730,592.957404158771
13487,0,infantry_irregulars,403,491.5580906300869
13488,1,infantry_irregulars,513,576.0168395161893
13489,4,infantry_irregulars,296,242.75977068467165
13490,3,infantry_irregulars,457,484.3775381307539
13491,3,infantry_light,374,347.46885491693644
13494,1,infantry_light,266,329.9468269954242
13495,0,infantry_light,243,300.15921596531234
13496,4,infantry_light,283,331.9670684027973
13497,3,infantry_light,221,276.94223107413495
13498,4,infantry_light,484,432.2364370846267
13499,3,infantry_light,390,365.791132740132
13500,4,infantry_light,526,470.41724512488304
13502,0,infantry_line,513,421.7229472387387
13503,2,infantry_line,268,335.5769101886095
13504,4,infantry_line,297,291.2081598593187
13505,0,infantry_line,481,440.87148258571756
13506,1,infantry_line,220,252.29627645334034
13507,4,infantry_line,206,287.3396808440168
13508,2,infantry_line,218,301.4170485149546
13509,1,infantry_line,311,305.07273442618435
13510,4,infantry_line,596,541.0119601944333
13511,4,infantry_line,250,247.6996005845422
13512,0,infantry_line,202,180.41024176294306
13513,1,infantry_line,374,378.9291883847351
13514,0,infantry_line,246,279.47742846455117
13516,1,infantry_line,368,362.92527682870036
13518,2,infantry_line,202,215.75660054099606
13519,2,infantry_line,271,287.10875563709664
13520,0,infantry_line,155,191.0447026966599
13521,0,infantry_line,230,251.65219875279473
13522,2,infantry_line,173,241.76676414705707
13523,1,infantry_line,174,201.65759102575026
13524,4,infantry_line,182,209.23839681370598
13525,0,infantry_line,269,267.0483936379279
13526,2,infantry_line,261,240.98564834925605
13527,2,infantry_line,312,405.1891792513731
13528,2,infantry_line,233,311.30698292995373
13529,4,infantry_line,476,453.6122538559789
13530,1,infantry_line,325,332.2109355311912
13531,3,infantry_line,550,530.880218444491
13533,0,infantry_line,332,342.97491380870315
13534,4,infantry_line,392,440.4362302068035
13535,4,infantry_line,695,680.3678013854993
13536,0,infantry_line,765,729.0079137090083
13537,0,infantry_line,958,874.6144566572169
13538,3,infantry_line,578,595.8007740907575
13539,4,infantry_line,313,298.9052366090575
13543,1,infantry_militia,244,101.73999659336295
13544,3,infantry_skirmishers,256,212.62375116021371
13545,0,infantry_skirmishers,177,188.76661764551667
13546,1,infantry_skirmishers,692,574.0588835587511
13547,1,infantry_skirmishers,306,257.1145429401103
13548,1,infantry_skirmishers,236,189.67448840110467
13551,3,general,444,239.9859800923517
13552,3,general,292,291.9182363071539
13553,2,general,890,816.0503814794603
13554,0,general,388,404.1297517908243
13557,1,general,365,385.4198385134416
13558,3,general,453,484.66556193175774
13560,0,general,1015,904.6412339925652
13561,3,infantry_light,505,515.3404938212357
13562,4,infantry_light,947,963.9723538114038
13563,1,infantry_line,187,209.86923444709416
13564,4,infantry_line,345,351.1928478689848
13565,3,infantry_line,363,364.1976680796819
13566,4,infantry_line,339,358.6943425339267
13567,3,infantry_skirmishers,452,270.61505898571573
13568,2,general,252,259.97881168949664
13569,4,general,179,180.7806836520588
13571,3,general,332,344.77746714988956
13572,0,general,456,480.1199582490912
13573,2,general,187,226.75501241296604
13575,3,general,854,816.8245014712181
13576,0,infantry_light,303,336.01072751901125
13577,2,infantry_line,242,229.24227206206834
13578,0,infantry_line,375,369.1776264747198
13581,3,infantry_line,442,455.6948919229029
13582,1,general,273,280.76378538388565
13583,4,general,149,150.45275955131916
13584,4,general,416,428.74404194318697
13585,2,infantry_grenadiers,482,457.3675265709415
13586,0,infantry_line,334,329.4618513523718
13587,0,infantry_line,249,244.8820405581819
13590,1,general,275,270.47891150305253
13591,3,general,524,520.794041829756
13592,1,general,618,648.8275842116585
13593,0,general,684,684.905575545568
13594,0,general,419,426.6521660625866
13595,4,general,1025,1090.1961326972669
13596,2,general,710,743.501337676757
13597,4,general,403,461.40858663604314
13599,3,infantry_grenadiers,626,695.9293701710455
13600,4,infantry_light,280,283.2708105888619
13602,4,infantry_light,410,402.2158883849713
13603,1,infantry_line,121,98.4082539411543
13604,3,infantry_line,582,601.5103495708381
13605,1,infantry_line,494,500.70941828088337
13606,1,infantry_line,398,438.53975596515045
13607,3,general,301,293.4503729769763
13610,3,general,429,419.26721540671605
13612,2,general,57,68.51344858845947
13613,1,general,194,197.10611746435052
13614,4,general,237,222.4932068506704
13615,4,infantry_light,450,423.5087189091178
13617,2,infantry_line,297,288.7299191773872
13618,0,infantry_line,205,223.82480671930065
13623,1,general,101,136.17311503692014
13624,1,infantry_line,286,297.64722822169296
13626,4,cavalry_heavy,905,930.1563585135588
13627,0,cavalry_heavy,1351,1333.966313068696
13629,4,general,723,760.1688441635209
13631,3,general,74,96.94521091611955
13632,4,general,1127,1137.0295484039752
13633,4,general,266,269.7394220530509
13634,2,general,287,300.62600137171455
13635,1,general,632,641.0302562248966
13636,3,infantry_light,359,369.8307431027472
13637,4,infantry_line,370,371.55055426147317
13639,2,infantry_line,259,249.2088905541026
13640,4,infantry_line,153,163.57874230740578
13641,1,infantry_line,694,690.4984455738387
13642,0,cavalry_light,402,401.09062231493874
13643,3,cavalry_light,541,507.8057154088471
13644,2,cavalry_light,784,807.556339165886
13648,4,general,306,332.17978952070376
13649,2,general,562,523.3156251748272
13651,1,general,521,534.639141835668
13653,2,general,432,437.78050371315095
13654,3,general,514,542.9511112950067
13655,3,infantry_line,283,283.0394610060918
13660,4,general,468,387.47700982701735
13662,2,general,200,209.51243053374935
13664,3,general,540,524.4810413725503
13665,0,general,793,843.3140425905463
13666,4,general,456,464.8356642891501
13667,2,infantry_light,577,586.0547046447988
13668,2,infantry_line,305,304.9152981374153
13669,2,infantry_line,456,362.7681983818902
13671,2,general,273,284.1124593922021
13673,2,general,216,210.6110280133807
13675,0,general,255,275.8113477838467
13676,3,general,61,50.09205222821355
13677,2,infantry_light,444,436.0776834755323
13678,4,infantry_light,324,305.2747215159653
13679,4,infantry_line,165,151.59393936755768
13680,1,infantry_line,328,336.8270446627704
13681,3,infantry_line,339,345.39239261799304
13682,3,infantry_line,199,199.01785965840278
13684,4,general,473,464.9696051802715
13685,2,general,594,581.1570795237387
13686,3,general,627,640.2549769335945
13687,0,general,855,788.3137165796857
13688,3,infantry_grenadiers,293,346.5199869457083
13689,4,infantry_grenadiers,725,771.8900077784202
13690,3,infantry_light,799,843.0593740410814
13692,1,infantry_line,186,178.51648850652197
13693,2,infantry_line,586,606.1601160668296
13694,1,cavalry_heavy,1408,1347.8018415245342
13696,3,general,1556,1527.2319119865062
13697,4,general,1067,956.8088340087686
13698,4,artillery_foot,97,142.35221921314624
13699,3,general,46,112.43411963761868
13700,4,cavalry_light,319,337.37992223572894
13701,4,cavalry_light,370,373.4257352982199
13702,1,general,245,253.23875922996496
13704,1,general,181,219.6012549769248
13706,1,infantry_light,488,484.6071147952801
13707,1,infantry_line,116,140.43242904540185
13708,0,cavalry_light,768,756.2099348006583
13710,0,general,432,303.17374785114754
13711,4,general,440,448.2817293647128
13712,0,general,513,505.7587530096868
13713,4,infantry_line,376,312.9215602009293
13714,1,infantry_line,477,483.4605496134538
13715,3,general,569,516.2050197748035
13716,0,infantry_line,665,606.3328029369188
13717,3,general,427,402.8667710153773
13718,2,infantry_line,286,279.0948997521107
13719,1,general,582,615.776537178065
13722,1,cavalry_heavy,599,621.0833550253179
13725,1,cavalry_light,896,910.7675082128693
13726,1,cavalry_light,543,506.9911484257052
13728,1,general,836,846.9651900487851
13729,0,artillery_foot,421,481.66666790537664
13730,0,artillery_foot,454,521.9771041910982
13732,0,artillery_foot,332,397.61261998352865
13733,1,artillery_foot,412,440.84154925541355
13734,2,artillery_foot,689,538.1645100319867
13735,4,artillery_foot,325,332.1842435759259
13737,3,artillery_horse,606,625.5208574463747
13738,2,general,789,822.8283258225111
13741,0,general,978,979.5323754503828
13742,2,general,789,822.8283258225111
13743,0,general,299,299.50875644245394
13744,2,general,1391,1450.077554264694
13745,3,infantry_grenadiers,265,185.35864159764438
13746,2,infantry_line,253,190.2898485515793
13747,0,infantry_skirmishers,217,225.0575169765127
13748,1,general,453,417.7264938780514
13749,0,general,341,338.35865018653544
13751,0,general,203,239.87178890588
13752,4,general,950,854.9427007567097
13753,2,general,640,636.2711066569944
13754,0,general,576,694.6205735240596
13755,3,general,453,445.2533746936967
13756,3,infantry_grenadiers,515,646.9266654330597
13757,3,infantry_light,315,311.2818472558643
13758,2,infantry_light,760,773.4761319680802
13759,0,infantry_light,691,608.113278891506
13760,1,infantry_line,365,383.98822976925123
13761,4,infantry_line,1072,1043.1147588461677
13762,4,infantry_line,279,346.65851384692274
13763,3,infantry_line,316,321.9346733440716
13764,0,infantry_line,567,552.2652451300031
13765,0,cavalry_light,263,283.1845013447378
13769,3,general,121,171.3808150510567
13771,2,general,724,626.0854922168575
13772,0,general,734,746.6895498819781
13773,4,general,489,482.8032948831325
13774,2,infantry_grenadiers,316,383.8734563213443
13775,1,infantry_line,294,303.4416519112007
13777,0,infantry_line,784,809.8935726624967
13778,0,infantry_line,460,454.8717077043844
13779,2,infantry_line,832,875.6383466175279
13780,0,infantry_line,556,502.99846356166137
13781,1,cavalry_heavy,747,738.450523755351
13782,3,cavalry_heavy,1123,1098.1383796055088
13783,2,cavalry_light,450,454.9363372020954
13784,4,cavalry_light,738,766.0216019085899
13786,1,cavalry_light,609,559.4664550348479
13787,2,general,1052,1047.3306001368974
13788,3,general,507,481.555765923584
13789,2,general,585,626.5442475963439
13790,3,general,352,358.6843468634296
13791,2,general,698,683.4411432872953
13792,2,general,401,442.3469814774721
13793,4,cavalry_heavy,1230,1244.7009319930917
13794,1,general,1025,1038.9942803058325
13795,2,general,629,581.2006760034855
13796,3,general,407,388.6987147593447
13797,2,general,244,261.29812768810194
13799,1,general,156,181.1663552774336
13800,0,general,311,308.3301409126028
13801,4,general,362,356.22872060503727
13802,0,general,727,697.4767329564465
13803,0,general,441,415.9912609427501
13804,3,general,1010,971.3791148378123
13806,4,infantry_grenadiers,549,511.0834397964406
13808,2,infantry_light,348,347.77416004178906
13809,3,infantry_line,295,314.4329149558601
13810,0,infantry_line,344,360.5949625172175
13811,3,infantry_line,248,274.292034586144
13812,4,infantry_line,569,520.6439581915982
13813,4,infantry_line,654,628.6347447350038
13814,0,infantry_line,1048,1026.8132232152848
13815,3,cavalry_heavy,1514,1512.3790309158958
13816,4,cavalry_light,332,326.51466781188554
13817,1,cavalry_light,735,630.1028144069022
13818,1,cavalry_light,333,326.30613547029645
13820,2,general,212,231.98802621878968
13822,3,general,758,791.4776644040169
13824,4,general,680,611.274531470957
13825,2,general,691,640.8309250239168
13826,2,general,241,247.59136135274866
13828,2,infantry_line,332,349.0102508911091
13829,3,infantry_line,571,557.5162488495217
13830,2,infantry_line,723,697.3552682538887
13831,2,cavalry_light,277,312.36633295775755
13832,1,cavalry_light,484,454.5337962661413
13834,3,general,307,363.2959558919973
13838,0,general,560,511.0554708434074
13840,1,general,570,517.6501279452025
13841,0,general,266,290.1805386051706
13842,0,general,713,674.2257096363161
13843,4,general,409,368.90082566490867
13844,3,infantry_line,218,238.58862072372227
13847,2,infantry_line,258,258.10739251116036
13849,0,infantry_line,437,428.1596230802409
13850,4,infantry_line,587,561.1841380726343
13852,4,cavalry_light,740,818.0722782815031
13853,2,cavalry_light,339,367.3005197838722
13854,0,cavalry_standard,1062,1075.698300373605
13855,2,general,656,760.2731224468259
13856,3,general,920,926.6514110682099
13859,2,cavalry_heavy,1357,1389.955747485602
13860,4,cavalry_light,450,447.3650719673384
13861,1,cavalry_standard,512,536.0032065612145
13862,3,general,1198,1210.3341539903392
13863,3,general,356,351.2814503034344
13864,1,general,378,400.69453346639125
13865,3,general,497,478.917743700109
13866,0,general,282,244.5015344887617
13867,4,infantry_line,388,394.7518406822398
13868,1,infantry_line,329,341.725470426209
13871,2,cavalry_heavy,1402,1354.6670654193745
13873,2,cavalry_heavy,1471,1391.9332094135696
13874,4,cavalry_heavy,1199,1235.022928350162
13875,0,cavalry_light,516,509.5484332079991
13877,1,general,1225,1228.8762630203055
13878,2,general,1294,1235.1727210255806
13881,1,general,1093,1088.3605372044738
13882,4,infantry_line,694,649.0482696245475
13883,0,cavalry_heavy,1463,1438.1113095928406
13884,4,cavalry_heavy,1282,1317.4504000778945
13887,1,general,1074,1117.3037628841969
13888,3,general,1141,1129.9196793246383
13889,3,general,1462,1488.8778492281401
13890,2,general,1292,1299.3564142437717
13891,1,cavalry_light,330,334.6789636714821
13892,1,cavalry_standard,689,769.7800671366056
13893,0,general,318,363.98851284896904
13894,0,general,679,738.7488254129764
13896,2,infantry_line,329,349.2480708201493
13897,2,general,227,236.44922921906095
13898,4,general,188,182.71395277829623
13899,4,infantry_line,251,270.6908411035125
13900,4,infantry_line,322,334.4556604777202
13901,1,infantry_line,214,205.13175650233302
13902,2,cavalry_light,476,552.9638457734184
13903,1,general,520,567.4662405510632
13905,3,general,307,276.25065607682126
13906,3,general,343,331.6744860154642
13909,4,general,262,249.33547444194738
13910,3,infantry_line,355,361.23629636012777
13911,4,artillery_foot,826,879.5808091646916
13913,2,artillery_foot,486,468.63236729547924
13914,3,artillery_foot,326,307.6841972454543
13915,2,artillery_foot,69,115.95589464753022
13917,1,artillery_foot,734,659.5688878994184
13918,4,artillery_foot,77,127.59543771644974
13919,2,artillery_foot,407,362.4127432837848
13921,2,artillery_horse,624,614.5986090336755
13922,0,general,312,312.6301442668621
13924,0,general,863,852.3295418979005
13925,1,general,638,637.8468938430912
13926,3,general,177,177.30756981447954
13927,4,general,1023,1011.1126534392662
13928,0,infantry_line,201,198.061994334689
13930,4,infantry_skirmishers,189,190.31653779548756
13931,0,infantry_skirmishers,239,252.80187691278007
13932,0,infantry_skirmishers,195,214.7356684251883
13933,1,artillery_horse,1111,1062.1097225684005
13934,4,cavalry_light,1015,860.1565036691197
13936,4,general,848,855.3798250087461
13937,4,artillery_foot,537,528.3862635337538
13938,0,general,405,474.5534272399277
13939,0,general,747,785.0792211659041
13941,0,infantry_light,466,566.301093683023
13943,3,cavalry_light,616,507.8587917499316
13944,1,general,399,317.09591709431635
13947,1,general,431,364.76596008050836
13948,4,infantry_light,844,845.2736453876131
13950,4,general,772,794.9522173094001
13951,4,infantry_grenadiers,547,656.6608840959581
13952,3,infantry_line,702,709.6074478337207
13953,0,general,1197,1069.7561543933527
13954,1,infantry_militia,737,884.744945787316
13956,4,infantry_militia,492,485.0247239452121
13957,4,infantry_skirmishers,329,322.918649232739
13958,4,general,299,278.0877355718852
13959,0,general,557,259.24214902500444
13960,1,infantry_militia,405,484.0916345249898
13961,0,infantry_skirmishers,576,313.1097292692697
13963,0,general,563,562.734259680352
13964,4,general,459,495.8389617471005
13969,4,infantry_line,442,486.33862552824564
13970,0,general,223,231.44189263955133
13972,0,general,561,655.3329297233964
13974,4,infantry_line,538,605.7347516868093
13975,1,general,237,241.09063879982529
13977,2,general,614,495.5815723324816
13979,0,infantry_line,349,384.9884017710231
13980,0,infantry_line,432,432.3784603574898
13981,0,general,144,136.15181577228083
13983,4,general,395,386.9746541557573
13984,2,infantry_line,248,237.62376986622823
13985,4,infantry_line,456,465.7329083324742
13986,3,cavalry_light,373,470.39411568669243
13989,0,general,1036,1079.8614231839733
13990,0,infantry_skirmishers,270,265.64757794706344
13991,1,artillery_horse,848,829.805342463757
13992,1,cavalry_light,598,609.7409669024204
13993,0,cavalry_light,629,619.5831717325641
13994,4,general,503,484.31835799777963
13995,2,general,606,584.7793532380373
13997,3,general,382,377.094237210407
13998,3,general,479,454.1248327600894
13999,4,general,393,371.3796305310589
14000,2,infantry_line,563,433.795776399574
14001,0,infantry_line,451,455.09317963685635
14002,3,general,158,147.35475193945365
14003,4,general,279,276.03644295101685
14004,1,general,395,406.7675288499458
14005,0,infantry_line,260,282.87565748053424
14006,2,infantry_line,391,391.95126162407064
14007,2,artillery_foot,394,384.1899426697953
14008,0,general,162,178.20177043618068
14010,1,cavalry_standard,635,628.6999902721655
14011,3,general,436,410.4715797082898
14012,1,general,673,665.5301412003002
14013,4,general,218,214.08487259390625
14014,2,general,494,465.90230900760724
14015,2,infantry_grenadiers,628,620.8510496526585
14018,1,infantry_line,285,270.82211439194697
14020,0,general,125,154.10433596163176
14021,4,general,76,62.48361596568694
14023,0,infantry_line,172,191.2515583460184
14024,3,infantry_line,173,190.51896700171815
14025,4,artillery_foot,423,552.7024886697861
14026,4,artillery_horse,86,135.2191896785923
14027,2,general,348,420.7831654610609
14028,3,cavalry_light,386,473.27231653881057
14029,0,general,335,415.6340327369632
14030,3,general,118,118.32685676213696
14031,4,general,411,457.45715695944784
14032,0,general,666,655.0261452420848
14033,0,infantry_grenadiers,777,785.5386847337575
14034,2,infantry_light,379,458.5170305189105
14035,0,infantry_line,226,253.61360577179195
14036,3,general,74,70.63496919881719
14037,0,general,177,216.61858480932096
14038,1,general,223,216.87441682299794
14040,0,infantry_grenadiers,675,683.6989965160044
14041,4,infantry_light,281,325.72714535783814
14042,2,infantry_line,190,202.5068584228843
14043,1,infantry_line,184,188.05451473479002
14045,1,cavalry_heavy,994,980.4352920742127
14046,3,general,790,787.8975958557571
14047,2,general,1225,1185.339398899764
14048,1,general,1283,1236.6598857982337
14049,2,general,601,600.304649328394
14050,1,artillery_foot,412,417.1886039854083
14052,1,cavalry_light,611,677.7283089154872
14053,2,general,787,778.7820013594303
14054,4,general,1049,1031.2681325637175
14055,1,general,729,771.6303210359381
14056,2,general,254,206.77493517886217
14057,4,general,287,328.9095905734702
14058,0,general,556,563.7374359238215
14059,1,general,788,820.1929383974061
14060,1,infantry_grenadiers,1110,1039.063620075795
14061,3,infantry_grenadiers,628,588.1775995857186
14062,1,infantry_grenadiers,233,244.87296528960243
14063,1,infantry_grenadiers,314,267.3974323458272
14064,2,infantry_grenadiers,700,717.0911934123328
14065,0,infantry_grenadiers,683,694.7618694424667
14066,3,infantry_line,347,343.9030487582111
14067,0,infantry_line,328,401.1734188453522
14068,1,general,348,347.8586363171081
14069,1,general,499,485.40467108444574
14070,3,general,371,400.5608272557159
14071,2,general,647,646.5455876939205
14075,0,general,520,498.7595759113782
14076,1,general,1338,1412.9276644797644
14077,4,general,966,1220.222445209169
14078,2,general,324,306.434080057017
14079,2,infantry_grenadiers,933,1009.4876334201845
14081,1,infantry_light,370,415.70484604925724
14082,0,infantry_light,417,434.40676125309034
14083,2,infantry_line,658,659.9736031224834
14084,4,infantry_line,843,1101.5517279305066
14086,1,infantry_line,625,615.4727408227218
14087,0,infantry_line,557,589.3713136224301
14088,2,infantry_line,386,398.1374565325627
14089,2,general,487,429.07863795702934
14090,4,general,1064,1074.4140783205607
14091,2,general,984,948.028931935671
14092,2,general,831,775.5847638989717
14093,2,general,337,321.4995240124119
14094,4,general,570,559.6660529100003
14095,0,general,1069,1052.679018239014
14096,2,general,647,659.4549321712843
14098,2,infantry_grenadiers,698,741.5719323309058
14099,1,infantry_light,583,581.997153361981
14103,0,infantry_line,618,634.9421664852864
14104,3,cavalry_light,1360,1414.425407744699
14105,0,general,1533,1551.1516335693439
14106,3,general,375,339.537143162179
14109,1,general,452,455.9204198536792
14111,3,general,836,756.4930472534122
14112,3,general,627,572.5412035486202
14113,3,infantry_light,525,541.9156849454644
14114,1,infantry_light,837,823.1731867337396
14115,3,infantry_line,409,414.91059287287277
14116,3,infantry_line,416,437.71174307490116
14117,0,infantry_line,636,631.0826755425306
14118,0,infantry_line,400,403.93684673836407
14119,0,general,335,295.21804561687503
14120,3,infantry_militia,376,331.48650785094696
14121,1,cavalry_light,319,315.0008391886456
14122,0,cavalry_standard,696,667.1299625351039
14123,1,general,588,540.6623065346545
14124,4,infantry_irregulars,287,206.53601144067966
14125,0,infantry_skirmishers,403,413.1057436797462
14127,1,cavalry_standard,534,1034.963131825889
14128,2,general,394,522.0103918770717
14129,0,general,1022,1038.847055910201
14130,2,general,1,16.93820858261263
14131,4,infantry_militia,100,176.11119797070594
14133,1,cavalry_light,319,315.0008391886456
14134,2,cavalry_standard,1381,1567.6571009843676
14136,4,cavalry_standard,528,490.64770327571347
14137,2,cavalry_standard,1089,1200.4616438152825
14138,0,general,1014,973.8169363209151
14139,3,general,1390,1359.3719967847987
14140,4,general,495,509.3512036289946
14141,4,general,595,524.645950154822
14142,4,infantry_irregulars,271,295.1434194028146
14143,0,artillery_foot,346,360.1427757339008
14144,3,artillery_foot,804,791.2446959874895
14145,2,artillery_foot,796,764.1224748157103
14146,0,artillery_foot,316,344.6299646825215
14147,1,artillery_foot,1379,1498.7732538725404
14148,3,artillery_foot,1457,1462.8025856650147
14150,2,general,1729,1629.040410840002
14151,4,general,1284,1210.376744336031
14153,0,general,1076,1078.2408835066617
14155,2,general,1529,1533.2958184352283
14156,4,general,778,896.7099155608552
14157,4,infantry_grenadiers,322,243.1028770252106
14158,1,infantry_skirmishers,230,256.6818551330329
14159,1,infantry_skirmishers,230,256.6818551330329
14160,1,infantry_skirmishers,210,210.8979336133473
14161,0,cavalry_heavy,1203,1153.9340960975453
14162,2,cavalry_heavy,1118,1126.8790015224533
14163,1,cavalry_light,423,423.3334760598866
14164,2,cavalry_light,352,358.8312300064436
14165,3,cavalry_light,554,556.4503099202012
14166,0,cavalry_light,641,584.6488646235281
14167,3,general,321,334.28880927446625
14168,4,general,994,968.3174725486793
14169,3,general,127,178.1102398182636
14171,0,general,523,490.9810790648185
14173,3,general,441,454.7320816317076
14174,2,general,981,992.6845928607278
14175,0,general,1189,1124.5107025901789
14176,4,infantry_grenadiers,382,450.64846365488245
14177,1,infantry_grenadiers,1029,1084.1378890067776
14178,3,infantry_light,243,277.75147117958267
14179,1,infantry_line,409,401.6697075429593
14180,1,cavalry_heavy,1149,1171.489397837875
14181,2,cavalry_heavy,1464,1505.6720108733216
14182,2,cavalry_light,364,376.4937511934627
14183,0,cavalry_light,336,348.0182745170301
14184,4,cavalry_light,878,839.2877130167886
14185,1,general,1073,1093.0876178577528
14186,4,general,209,243.38424267751716
14187,4,general,799,781.5887933446782
14189,0,general,1463,1497.1209405312811
14190,3,general,298,280.26865292231435
14191,3,general,702,701.5704639372073
14194,3,infantry_light,822,861.4735152867527
14195,2,infantry_line,246,249.389708248438
14196,1,infantry_line,442,396.8936047006032
14198,1,cavalry_heavy,1469,1434.3045915544758
14199,2,general,1242,1252.4193178301946
14201,4,general,553,581.1743859050357
14203,2,general,1565,1676.7642263565876
14204,0,infantry_grenadiers,429,501.56012322808994
14205,0,infantry_grenadiers,604,618.6379711671162
14206,2,infantry_line,565,564.1161723229969
14207,0,cavalry_heavy,752,698.6122834023515
14208,1,general,639,648.0094706169759
14209,3,cavalry_heavy,1789,1771.5858121384608
14211,0,cavalry_heavy,2239,2264.3779827246503
14212,1,general,1870,1841.6856606862766
14213,0,general,928,968.3886372284516
14219,0,cavalry_standard,406,403.07636869680783
14221,1,general,885,935.9527746959371
14222,2,general,820,768.8351762884878
14223,2,general,1040,1020.5802136997697
14224,4,general,1233,1109.5503979815924
14225,4,general,399,397.7720819061486
14226,3,general,1262,1245.7725383946488
14228,1,general,786,691.255532514402
14229,1,general,345,352.4697384651654
14230,1,infantry_light,570,583.584077513559
14231,1,infantry_light,404,407.69719767639975
14232,2,artillery_horse,569,605.890349934022
14233,2,cavalry_standard,701,724.8393835904513
14234,2,general,577,610.8212971742171
14235,2,general,46,74.11569416037399
14236,4,general,644,632.9510902811086
14238,1,general,546,533.4858243302494
14239,0,general,604,589.7711896072761
14240,4,infantry_line,125,132.26849843926183
14241,0,infantry_line,466,470.73821355979976
14242,1,infantry_line,461,457.8278868834216
14243,3,infantry_line,504,506.97939525445435
14244,1,general,332,327.19771607829813
14245,0,general,414,402.01677991091157
14246,4,general,321,359.2347042662437
14248,0,general,409,489.8888065598613
14249,1,general,361,347.2161377951026
14251,4,infantry_grenadiers,380,434.84955672808775
14252,4,infantry_line,186,181.9593269358884
14253,0,infantry_line,385,379.5779094838766
14255,3,infantry_line,327,349.3682563270783
14256,3,cavalry_light,346,358.8344998377719
14257,4,cavalry_light,558,536.444347895809
14258,0,general,296,318.5802242666552
14259,3,general,414,393.68170953691526
14260,2,general,555,548.4512931807715
14261,4,general,508,461.4119681169563
14262,4,infantry_light,392,384.72511182230375
14263,0,infantry_light,489,450.8547039417206
14264,3,general,228,267.2748304363788
14265,2,general,232,223.92234324481217
14266,0,general,230,228.18793537785902
14267,0,general,269,316.27270064748575
14268,4,general,553,551.9453988162938
14269,3,infantry_grenadiers,343,362.2238031382529
14270,1,infantry_grenadiers,743,765.6455512891933
14271,1,infantry_line,291,275.209819042796
14272,4,infantry_line,290,275.1549858346775
14273,0,infantry_line,338,375.9221047768224
14274,3,infantry_line,602,616.3608200460932
14275,0,general,374,344.83524060645834
14276,0,general,220,265.69284885146146
14277,2,general,797,787.799696822799
14279,3,general,584,572.05745297595
14280,3,general,363,365.2343768594883
14281,2,infantry_grenadiers,623,616.4559493963561
14282,1,infantry_line,358,334.17150747003683
14284,4,infantry_line,661,668.5231575264454
14285,2,infantry_line,423,425.14493719218194
14286,2,general,415,400.2443019429951
14287,4,general,274,329.9819884781858
14288,4,infantry_light,463,462.17321483811793
14289,0,infantry_light,134,141.95199007618706
14290,1,infantry_light,350,396.0756472539039
14292,3,cavalry_standard,515,522.5107987752837
14293,1,general,390,411.46274011280195
14295,1,general,429,433.34447146252427
14296,0,general,249,255.66000001873294
14298,0,cavalry_standard,442,418.2952703387006
14300,3,general,410,358.8579330496864
14301,3,general,358,323.9731008766561
14302,2,general,309,295.3827834435091
14303,2,general,285,267.0211065171798
14304,1,general,359,399.12785092552485
14310,4,general,387,369.60876215577105
14311,4,cavalry_standard,618,632.8053906071019
14313,2,cavalry_standard,389,405.20901548557316
14314,1,general,328,347.02627976110244
14315,3,general,466,486.78849657455845
14316,1,general,341,363.7669834610548
14317,0,general,1696,1362.4032136262008
14318,3,general,1164,980.5595227933965
14319,0,infantry_grenadiers,1123,943.5897932054518
14320,1,infantry_grenadiers,1064,1051.3915021206801
14321,3,cavalry_standard,809,831.156652459328
14322,3,cavalry_standard,373,372.55975424909053
14323,4,cavalry_standard,613,563.0976670003063
14324,3,general,278,293.37800865019983
14327,3,general,502,464.1065324057049
14329,3,artillery_foot,533,617.1843733849729
14330,1,artillery_foot,667,655.3429024710563
14331,3,artillery_foot,1017,999.3869182818001
14332,1,artillery_foot,1044,1067.5782905423837
14333,2,artillery_foot,334,329.3180154502233
14334,3,artillery_foot,760,788.7937675111559
14335,4,artillery_foot,433,406.8313028703725
14336,3,artillery_foot,430,457.68345397728734
14337,0,artillery_foot,780,787.5345567312222
14338,2,artillery_horse,496,503.3877992896205
14339,0,artillery_horse,889,896.8509151779416
14340,1,artillery_horse,1561,1600.8260259049168
14342,4,general,530,472.772299491709
14343,3,general,782,801.3629081240684
14344,4,general,338,364.9257966984758
14345,0,general,799,800.5343403902416
14346,0,general,828,888.8643899033866
14347,0,general,499,500.0603216165315
14348,2,general,645,644.7126314465745
14349,1,general,365,366.25337352389334
14350,2,general,503,616.0185885125082
14352,2,general,645,644.7126314465745
14353,2,general,1137,1136.1827084368795
14354,4,general,1592,1645.9431077717559
14355,2,infantry_skirmishers,162,170.03286055071896
14356,3,infantry_skirmishers,281,283.99620849003696
14357,2,infantry_skirmishers,278,268.2789300019523
14358,0,cavalry_light,964,960.3679127284279
14359,4,general,994,999.4769968446943
14360,3,general,797,764.9142292113064
14362,2,general,579,545.3263353271993
14363,1,general,420,506.85304692822154
14366,4,infantry_light,625,614.8930968181817
14367,4,infantry_light,659,714.1395916328293
14368,1,infantry_light,939,975.5694757974236
14369,4,infantry_line,491,574.3684566089897
14370,0,infantry_line,843,821.1380041240475
14371,4,cavalry_light,642,630.7325994068489
14372,1,general,383,513.9413176247418
14373,3,general,341,326.2877404113341
14374,1,general,479,459.76295117380135
14375,1,general,294,278.0658249655495
14376,0,general,215,197.73309882406878
14377,4,general,474,486.3947306819057
14378,4,general,820,888.5483729479186
14379,0,general,888,930.0991492928565
14380,3,general,685,651.4496628414747
14381,4,general,1112,1128.0198199848974
14382,0,infantry_grenadiers,455,485.88197933901586
14383,4,infantry_grenadiers,377,466.97565534474484
14385,3,infantry_line,455,452.7856958498081
14387,4,infantry_line,526,516.7346334885533
14388,1,infantry_line,320,313.83055754197693
14389,0,infantry_line,948,1002.6920368761798
14390,3,infantry_line,993,1000.4641319061352
14391,4,infantry_line,804,796.4489939549094
14392,0,cavalry_light,526,548.7276710998732
14393,2,general,332,315.8484553463547
14394,2,general,363,387.73845326042067
14396,0,infantry_line,436,433.1230171639969
14397,1,infantry_line,732,714.0318841090541
14400,4,general,382,361.167126635483
14401,0,general,262,252.2680913724922
14402,0,general,876,780.1504608118975
14403,1,general,338,343.78163708548084
14405,2,general,1353,1211.1979108860521
14406,4,infantry_grenadiers,447,449.5836929298261
14408,0,infantry_light,493,480.93028530694244
14409,4,infantry_light,674,660.8018242418585
14410,0,infantry_light,1193,1107.1790000000994
14411,3,infantry_line,307,310.0437199067527
14412,4,infantry_line,365,372.9274097604745
14413,4,artillery_horse,100,157.75572129169097
14414,3,cavalry_light,556,599.4835205372235
14415,0,general,426,453.7333729822254
14416,2,general,546,529.6771446830047
14417,3,general,448,498.3588067832394
14418,2,general,650,643.6514079254838
14419,1,general,546,700.8273948744699
14420,3,general,479,459.2578022521808
14421,0,general,908,886.6598932956217
14423,2,general,1026,960.0871566870807
14424,3,infantry_grenadiers,536,638.544532028073
14425,1,infantry_grenadiers,1051,1084.845387510963
14426,4,infantry_light,485,491.1755127901515
14428,1,infantry_line,663,653.7622686136166
14430,3,infantry_line,419,515.3565850875233
14431,4,infantry_line,812,790.3040708754512
14432,0,infantry_line,850,765.2167149354382
14433,1,infantry_line,937,910.1950586600522
14434,1,infantry_skirmishers,223,249.01025134008768
14437,2,cavalry_light,592,621.3516600690066
14438,1,general,1132,1073.9438938418361
14439,4,general,446,450.855190053513
14440,4,general,177,239.22478337885417
14441,4,general,354,358.4912845623383
14443,2,infantry_line,408,405.5981364446103
14444,2,general,206,234.7435389811658
14445,4,general,78,75.52541305912945
14446,1,infantry_line,249,292.3771805841713
14447,2,infantry_line,261,318.50757844211853
14448,1,infantry_line,185,182.9738866132062
14449,4,artillery_foot,562,644.8195701147504
14452,0,general,437,475.06180170092784
14453,1,general,1051,1096.8793297938169
14454,4,general,568,542.4576895063994
14455,3,general,867,853.877925484433
14456,3,general,496,581.9353204566735
14457,1,infantry_grenadiers,1075,1127.5239743295417
14458,3,infantry_light,479,549.571092496029
14459,4,infantry_line,377,376.55723605853535
14460,2,infantry_line,688,666.9416200964582
14462,4,cavalry_light,1258,1179.0972114757342
14463,4,cavalry_light,1750,1614.8928699059793
14464,3,cavalry_standard,631,671.8591669228524
14465,4,general,694,693.7826217688994
14466,2,general,1652,1574.3095102327131
14467,2,general,1114,1065.7471385828778
14468,0,general,1304,1232.6929282351784
14470,1,general,744,744.3131745267391
14471,3,infantry_grenadiers,1320,1317.9885583186604
14472,0,infantry_line,627,621.1754739460712
14473,4,infantry_line,866,884.5437300712696
14474,2,infantry_line,1056,1088.4937562462762
14475,4,cavalry_light,1692,1599.6318399434713
14476,3,cavalry_light,774,816.4196591599899
14477,3,cavalry_standard,1388,1364.5579484283542
14478,4,general,1512,1433.9059938383475
14479,0,general,574,511.38413631379984
14480,0,general,667,696.3562721098151
14481,3,infantry_line,611,582.2141283424057
14483,2,general,408,394.08148667876424
14485,4,infantry_line,285,295.3769483423591
14486,2,infantry_line,361,364.00268864016994
14487,2,artillery_foot,614,589.2364391774327
14488,0,artillery_foot,614,664.7313312590034
14489,3,cavalry_light,968,1000.5741273075712
14490,2,cavalry_standard,1054,1088.5229861234109
14491,4,cavalry_standard,945,1073.070348637275
14493,4,general,800,765.7320884888511
14494,1,general,751,857.236688384528
14495,3,general,918,948.7487533049938
14496,0,general,823,805.6458882138666
14497,0,general,775,826.8038039371617
14499,1,general,537,562.6536593433652
14500,4,general,883,858.626123477513
14501,2,general,372,381.14827010700856
14502,3,infantry_grenadiers,736,811.2518780082679
14503,2,infantry_grenadiers,936,896.1149380562414
14506,1,infantry_line,672,673.9381911756814
14507,3,infantry_line,663,698.9071958148149
14508,0,infantry_line,483,500.54552948860317
14509,2,cavalry_light,874,786.1140034194697
14510,0,cavalry_light,727,778.145752548116
14512,2,general,342,357.1302112712551
14513,4,general,753,664.4119352333232
14514,3,general,300,319.98040970357977
14516,1,infantry_light,328,342.36869514983266
14517,4,general,564,583.2001375532099
14518,0,infantry_light,386,390.72857577553856
14520,2,infantry_skirmishers,547,504.5091007921764
14521,0,artillery_foot,473,418.7801870592139
14522,3,cavalry_standard,1104,945.9804369733722
14523,1,general,190,213.50425693392404
14524,2,general,1047,885.8356892424835
14526,3,general,842,845.184917148473
14528,0,general,645,647.8446041522293
14530,3,infantry_grenadiers,611,705.9776169714545
14531,1,infantry_line,339,329.2146366996287
14532,0,infantry_line,291,329.56288123898116
14533,2,infantry_line,1103,1094.47501271243
14534,1,infantry_line,765,777.5420900500527
14536,0,artillery_foot,309,356.58139728211904
14537,4,artillery_foot,558,535.4054790926087
14538,3,cavalry_standard,1181,1223.8792393764622
14539,3,general,245,252.39820220362478
14540,0,general,1121,1150.8220331467937
14541,4,general,279,320.59516062792585
14542,4,general,377,394.8551169297071
14543,0,general,580,584.1296834962556
14546,4,infantry_light,624,654.1323233258569
14547,1,infantry_line,355,373.60262287696395
14548,4,artillery_horse,631,627.7791342229293
14549,4,cavalry_light,763,777.0390346211199
14550,4,general,613,616.4439807325223
14551,0,general,609,615.6932557276282
14552,0,general,706,709.1085176760128
14553,2,infantry_line,828,839.3519019650082
14554,3,cavalry_light,527,546.5463483983527
14555,3,cavalry_light,404,425.96368009194197
14557,1,artillery_horse,1685,1705.5866414415564
14558,2,cavalry_light,1306,1155.2089215675728
14559,1,cavalry_light,468,488.50350732356515
14560,4,general,338,329.3177672626758
14561,2,general,1154,1018.7334341516769
14562,2,general,1464,1459.4893192238808
14563,2,cavalry_heavy,2153,2078.4459672571015
14564,1,cavalry_heavy,1755,1779.7727324631057
14565,0,general,1950,1951.694134791872
14566,4,general,1511,1517.2811112044667
14567,4,cavalry_standard,1607,1612.4714905633984
14568,4,cavalry_standard,1069,909.7404790835368
14569,2,cavalry_heavy,2461,2329.4998476331534
14570,0,general,2237,2220.6159592543877
14572,4,cavalry_standard,898,836.5775705441208
14573,3,general,1217,1218.934314955763
14576,4,artillery_foot,1322,1283.3061395066513
14578,3,artillery_foot,935,902.3179123901407
14579,1,artillery_horse,947,917.1846223316005
14580,0,general,469,468.94521640029325
14581,0,general,469,468.94521640029325
14582,2,general,1316,1273.3520589117297
14583,4,general,1,1.0
14585,2,general,701,700.3554242164595
14587,2,infantry_skirmishers,345,341.9476959843595
14588,2,infantry_skirmishers,318,313.7752857516632
14589,1,infantry_skirmishers,331,323.1555793377338
14590,1,cavalry_heavy,1616,1533.9682174036648
14591,4,cavalry_heavy,1378,1455.2256905390911
14593,4,general,218,210.17899671371123
14594,3,general,628,551.5866251168399
14596,0,general,560,481.90215384957514
14597,0,general,173,132.63781290373038
14598,2,general,501,465.5284497751296
14600,4,general,589,603.8619673818017
14603,2,general,880,829.9631600340854
14604,2,general,640,637.5187832926102
14605,1,general,821,751.5167802283611
14606,3,general,501,476.5730213947774
14607,1,general,716,793.4409647509963
14608,0,general,954,912.0429102078414
14609,0,general,600,618.9240300077292
14610,2,general,1766,1755.6768206205882
14611,3,infantry_grenadiers,416,482.02867616505216
14614,0,infantry_grenadiers,706,755.3502800281495
14615,3,infantry_grenadiers,883,953.0174095595746
14616,2,infantry_light,281,275.4894963927139
14617,4,infantry_light,513,476.3446913331231
14618,0,infantry_light,647,631.8976499406452
14619,3,infantry_light,471,468.248267638258
14620,4,infantry_light,560,587.9000577704878
14621,3,infantry_light,761,790.3847404443904
14622,0,infantry_line,272,273.1195483274455
14623,1,infantry_line,485,469.8520445464739
14624,3,infantry_line,468,450.33646747086095
14625,1,infantry_line,561,589.1998078392412
14627,4,cavalry_heavy,1020,1059.024280016153
14628,0,cavalry_heavy,1098,1139.4905592803657
14629,2,general,166,176.83152899227787
14630,3,general,830,842.9921007384789
14631,3,general,599,593.4313342759574
14632,1,general,379,372.69305555761105
14633,2,general,213,220.45623593047657
14634,1,general,189,198.50602402209972
14635,4,general,1012,1075.5199355496636
14636,1,general,329,355.27238868244245
14637,0,general,103,124.56196813988046
14638,2,general,292,303.72787133706316
14639,2,general,285,289.14781342117055
14640,3,general,673,691.903547972885
14641,2,general,544,561.1159180351196
14642,0,general,869,780.5390172079186
14643,0,general,359,357.4621793770529
14646,0,general,339,326.8252418362237
14647,2,general,375,376.5142140811075
14648,4,general,634,615.2837814672318
14649,0,general,814,713.4245359552974
14650,4,general,477,473.6650488836077
14651,3,general,625,619.1682783274935
14653,3,infantry_grenadiers,587,581.4821692555223
14654,2,infantry_grenadiers,625,590.4282217882493
14655,4,infantry_grenadiers,511,501.51676697237093
14657,0,infantry_grenadiers,732,729.1235435487358
14659,3,infantry_light,757,774.3319201583785
14660,4,infantry_light,570,559.1475707145395
14661,1,infantry_line,289,292.8721964867965
14662,1,infantry_line,260,268.9300829150538
14663,4,infantry_line,200,205.49514412505565
14664,1,infantry_line,327,334.63872863552683
14666,0,infantry_line,360,361.8085684006777
14667,1,infantry_line,202,214.34050299909964
14668,4,infantry_line,654,668.3678498462
14670,0,infantry_line,528,536.3526466169939
14671,3,infantry_line,514,485.76895904421167
14672,0,infantry_line,431,431.5989639858753
14673,3,infantry_line,351,348.5818741329182
14674,3,infantry_line,447,443.05077383058335
14675,1,artillery_horse,278,278.94466939635583
14676,0,cavalry_heavy,384,600.1742599512006
14678,0,general,278,300.5038747553184
14679,3,general,226,475.8496639358983
14680,1,general,373,370.0239876643894
14681,0,general,238,235.67830623388068
14682,4,infantry_line,241,247.70450307874202
14683,2,infantry_line,431,428.60162772390044
14684,4,cavalry_heavy,1661,1747.0038016218177
14685,3,cavalry_heavy,1130,1088.6588021709233
14686,3,cavalry_heavy,1937,1862.9252220922547
14687,3,general,440,416.53876468229714
14688,0,general,1905,1880.1095874076425
14690,4,general,933,946.6644148810187
14692,0,general,359,339.65203515057874
14693,1,general,1728,1661.4122067784176
14694,4,general,101,111.80367029751733
14696,0,general,735,705.074420818822
14697,1,general,280,292.330392823354
14698,1,general,215,245.0640155058482
14700,1,general,1267,1142.845236295285
14701,4,general,267,296.5857201953528
14703,3,infantry_grenadiers,777,776.7209811586855
14704,3,infantry_light,430,430.1301733802602
14705,2,infantry_light,207,208.418736298636
14706,1,infantry_light,405,405.53841923002204
14707,1,infantry_light,514,552.4318949943896
14709,1,infantry_light,287,306.9364824865352
14710,2,infantry_line,678,605.1477108253637
14711,4,infantry_line,339,346.2237996373292
14712,0,cavalry_heavy,1199,1186.7373229959273
14713,4,cavalry_heavy,1328,1397.8481208978342
14714,3,cavalry_light,862,925.1777609549519
14716,4,general,614,590.9869709169637
14718,4,general,181,197.5937946467373
14720,3,general,176,192.4670158946853
14721,3,general,176,184.19599229339929
14722,0,general,101,124.53066984915466
14724,4,general,995,1010.1969955918403
14727,1,general,393,426.2559093288254
14728,1,general,354,377.827450043719
14729,3,general,638,615.308178244312
14730,0,general,520,535.9657752498991
14732,1,general,368,356.7653204286051
14733,3,general,401,402.90476791019483
14734,3,general,254,232.62920645635654
14735,4,general,370,377.41854692503017
14736,0,general,432,451.6858528166494
14737,1,infantry_grenadiers,330,360.6172657363358
14738,3,infantry_grenadiers,425,446.41562085893867
14739,2,infantry_grenadiers,710,700.3965962471034
14740,1,infantry_grenadiers,536,515.9662884099455
14741,0,infantry_grenadiers,400,421.67650438622195
14742,4,infantry_light,411,403.98214781406165
14743,1,infantry_line,249,258.03724516730466
14744,3,infantry_line,237,246.85945292745777
14745,2,infantry_line,274,276.178336445058
14746,1,infantry_line,196,216.13781833193121
14747,0,infantry_line,329,327.85472203258996
14748,4,infantry_line,450,465.9780638828757
14749,2,infantry_line,356,329.88250893261693
14750,0,infantry_line,416,409.96722523479696
14751,2,infantry_line,575,569.1528357697888
14752,1,infantry_line,536,551.8033793716579
14753,3,infantry_line,460,469.0917777911782
14754,4,infantry_line,433,443.54188828284714
14755,0,artillery_foot,501,489.7853339517735
14756,1,cavalry_heavy,1244,1194.1087387811788
14758,2,general,343,330.2888542202037
14759,0,general,93,107.16695236757481
14760,1,general,324,291.44071838306957
14761,0,general,542,607.0468363035862
14763,3,general,1164,1109.8323021690396
14764,1,general,425,404.3208728329454
14766,3,infantry_grenadiers,425,470.344056352158
14767,2,infantry_grenadiers,659,681.3841189669962
14768,3,infantry_light,256,253.92432379393765
14769,1,infantry_light,437,410.99453342910994
14770,1,infantry_line,119,171.50950347321398
14771,1,infantry_line,122,128.34671835444644
14772,2,infantry_line,314,289.4402170218778
14773,3,infantry_line,321,323.0116301788234
14775,1,infantry_line,220,218.8640994335384
14776,0,infantry_line,655,623.8096492233896
14777,4,infantry_line,473,465.3208886692983
14778,2,infantry_line,404,385.45763030943834
14779,3,cavalry_light,357,383.24289848197816
14780,0,cavalry_light,577,528.3783364775517
14781,3,cavalry_standard,626,638.8207260412958
14782,4,cavalry_standard,434,462.11087111375434
14783,2,cavalry_standard,710,680.029548147226
14784,3,general,300,333.1494008527575
14786,2,general,462,435.7251240349147
14787,2,general,545,530.3584541262844
14788,4,general,306,340.56753880291035
14789,4,general,568,579.8202219673832
14793,1,infantry_light,544,587.8960222985377
14794,2,infantry_line,558,536.8742398866633
14795,3,infantry_line,478,468.0087628965248
14796,1,cavalry_light,570,539.4472067481771
14797,3,cavalry_light,284,313.5946160943542
14798,4,cavalry_light,267,300.47430081698695
14799,2,cavalry_light,332,350.2831896090562
14800,3,cavalry_light,331,345.7361048597166
14802,3,cavalry_light,486,507.119209715477
14803,4,cavalry_light,383,412.37976607284367
14804,2,cavalry_standard,854,862.4947795851749
14805,0,cavalry_standard,416,438.39845981334406
14806,1,general,244,270.5710572400501
14807,3,general,521,539.8678982534573
14808,1,general,228,255.88832332684302
14809,2,general,450,440.6552367412463
14811,0,general,267,286.0414479747479
14812,0,general,724,722.7832557153579
14813,2,general,258,289.1536770969346
14814,4,general,260,306.0026381868066
14815,2,general,366,381.34954460466105
14817,4,general,622,622.0925539690924
14818,3,general,411,386.4594468559567
14819,1,general,571,536.5303741801638
14820,1,general,327,362.55770239156453
14821,0,general,533,489.04188861673794
14822,1,general,275,314.29596375122
14824,2,infantry_light,226,240.96792555300405
14825,0,infantry_light,202,212.56490976614498
14826,3,infantry_line,408,402.4205675242845
14827,1,infantry_line,582,562.7668270977641
14828,1,infantry_line,350,342.2710181121314
14829,4,infantry_line,434,457.4372974353638
14830,4,cavalry_light,740,740.27344279152
14831,2,cavalry_standard,876,889.0494852699646
14832,1,cavalry_standard,727,704.1997064783288
14833,0,general,723,719.3459918416726
14834,3,general,34,55.662634399448685
14835,4,general,49,63.96554356768318
14838,1,infantry_line,104,113.17835185562642
14839,3,infantry_line,77,92.20824274846127
14840,4,general,81,103.39245617473472
14841,0,general,18,64.33164898451781
14842,2,infantry_line,102,152.36476190408538
14843,4,infantry_line,125,161.78170077290952
14844,2,cavalry_light,256,274.20181009188104
14845,1,general,156,195.07039855928224
14846,4,artillery_foot,134,166.1250915969091
14847,4,cavalry_standard,601,558.5199271922561
14848,0,cavalry_standard,627,608.6369993647033
14849,2,general,636,563.5966380063445
14850,1,general,514,499.6590142517714
14851,2,cavalry_light,500,475.7562046167445
14852,1,cavalry_light,703,677.5254651671559
14853,4,cavalry_light,498,511.55506365635733
14854,2,cavalry_light,836,821.6077710822426
14855,2,cavalry_standard,391,393.7420691622689
14856,4,cavalry_standard,813,835.8392677105262
14857,4,general,705,714.7594074184545
14860,3,general,687,704.8449776075421
14861,0,general,340,330.41801969711116
14863,3,general,376,372.7191338030865
14864,1,general,532,498.8443615595367
14865,1,general,1046,980.6037435394771
14866,1,infantry_grenadiers,752,745.0627422245997
14867,1,infantry_light,429,433.2072010883158
14870,3,cavalry_light,225,254.9301223504841
14871,2,cavalry_light,348,352.92463121328717
14872,3,cavalry_standard,889,881.0015968465777
14873,0,cavalry_standard,567,553.4996725113704
14874,1,general,813,776.1434843779282
14875,4,general,93,147.18513286567122
14877,3,general,458,440.5887303833153
14878,0,general,593,620.227540067673
14879,2,infantry_grenadiers,571,546.8864712676923
14880,3,cavalry_standard,736,751.3921304254127
14882,1,general,285,304.80610444811174
14883,4,general,670,684.2321424429854
14884,1,cavalry_standard,830,822.8510628297239
14886,0,general,301,339.1794856869783
14887,2,general,701,714.8145070471558
14889,1,cavalry_standard,361,384.7675356071316
14891,3,general,665,616.3149922718852
14892,3,cavalry_standard,535,525.8566750088767
14893,0,cavalry_standard,632,612.229143384617
14894,4,general,567,557.7942222800128
14895,0,general,388,388.08365922624586
14896,0,cavalry_standard,690,670.9254887701028
14897,2,cavalry_standard,937,959.1304788015675
14900,2,cavalry_standard,342,336.6997896631231
14901,4,cavalry_standard,341,337.03145248567205
14903,2,general,372,348.8198841014283
14905,0,cavalry_light,759,739.6385822831414
14906,3,general,1406,1507.5763110072828
14907,2,general,628,642.3375233885902
14908,3,general,787,776.1727646394367
14909,3,artillery_horse,810,831.2779319452081
14910,2,artillery_horse,444,446.6141402196985
14911,3,cavalry_light,342,362.29380997009304
14912,4,cavalry_light,263,291.5136499821094
14913,2,general,256,284.9622170148814
14914,3,general,219,247.8890494565063
14916,4,artillery_foot,934,941.8922376309492
14917,1,artillery_foot,914,916.3300144354648
14918,1,artillery_foot,300,309.2825981804354
14919,4,artillery_foot,301,311.25875394817405
14921,2,artillery_foot,542,516.0779236595063
14922,0,artillery_foot,537,529.7169350517913
14923,2,artillery_foot,776,709.6188714357213
14924,3,artillery_foot,554,543.4798303407441
14925,3,artillery_foot,51,88.34208831914988
14927,0,artillery_foot,383,355.3697142951521
14928,2,artillery_foot,611,602.0954597488548
14929,3,artillery_foot,453,495.88772553279733
14930,3,artillery_foot,579,572.1107864850667
14931,0,artillery_foot,847,853.2335103269841
14933,2,artillery_foot,864,856.9507957452515
14934,1,artillery_foot,280,288.1108093837302
14935,4,artillery_horse,843,829.9163234804407
14937,4,artillery_horse,923,930.5124035066343
14938,2,artillery_horse,1409,1410.4701447073126
14939,3,artillery_horse,837,842.6049359546314
14940,1,artillery_horse,807,797.8916332395381
14941,2,artillery_horse,428,425.60944315202823
14942,3,artillery_horse,784,801.3763622762174
14944,1,general,1649,1546.5483536175484
14945,4,general,739,743.8589444894285
14946,2,general,761,779.1783121706858
14947,2,general,399,414.77117165974875
14948,0,general,216,216.57122792091644
14949,4,general,83,121.22982728495452
14950,0,general,679,697.008811252802
14951,0,general,707,708.2882379111368
14952,3,general,1253,1296.3892890237937
14953,4,general,1,1.0
14955,0,general,950,983.3233281788657
14956,2,general,570,571.1034266885845
14957,4,general,570,570.7790723274294
14958,2,general,783,823.7992655079281
14959,3,general,335,351.51793082837486
14960,1,general,853,853.0911422074242
14961,2,general,570,571.1034266885845
14962,2,general,1006,1006.4605631763388
14967,2,infantry_skirmishers,149,169.24845318063728
14968,2,infantry_skirmishers,135,156.8876428758316
14969,2,infantry_skirmishers,135,156.8876428758316
14970,2,infantry_skirmishers,135,156.8876428758316
14972,3,infantry_skirmishers,217,228.04087466155113
14973,4,cavalry_heavy,1123,1391.732231399529
14974,4,cavalry_heavy,821,1036.0641947985398
14975,4,cavalry_light,282,288.1574531090845
14976,0,cavalry_light,701,599.7808721695787
14977,4,cavalry_light,824,780.3253255562721
14979,2,cavalry_standard,838,685.2642688882515
14980,3,cavalry_standard,696,641.8678054140165
14981,3,general,962,1224.17595039579
14982,0,general,639,558.9344657687493
14983,3,general,794,840.6809542045553
14984,3,general,493,468.882078487646
14985,4,general,161,178.99800096844973
14986,4,general,671,714.7627734132407
14987,0,general,283,254.6801661951356
14988,2,general,324,348.8689658038608
14989,0,general,699,675.1326337486684
14990,1,general,661,563.0879479475373
14991,3,general,635,570.1605040151853
14993,4,general,724,693.8659420927468
14994,3,general,970,910.7221274863632
14995,3,general,708,668.0151880044634
14996,3,general,1050,976.326959616636
14997,0,general,504,517.3432265833267
14998,0,general,563,551.916398814894
14999,2,general,367,346.6817602296286
15000,3,general,818,734.7181911786639
15001,1,infantry_grenadiers,926,955.5165679523069
15002,0,infantry_light,313,343.0332998326737
15003,3,infantry_light,402,405.44735631574287
15004,1,infantry_light,484,474.9003354371132
15005,2,infantry_light,690,712.2765098986897
15006,2,infantry_light,833,834.1628378830379
15008,0,infantry_line,337,319.07660524159684
15009,3,infantry_line,787,771.4844304971014
15010,2,infantry_line,622,622.5647852411407
15011,0,infantry_skirmishers,216,236.07643138090694
15012,0,infantry_skirmishers,206,214.22319635319116
15014,3,cavalry_light,458,490.88037320705126
15016,3,cavalry_light,841,868.8754294385584
15017,1,general,1312,1383.9323454963871
15018,1,general,1299,1168.108151541886
15019,0,general,37,60.44531817799108
15020,2,general,211,224.5009378868896
15021,3,general,81,103.40928238015343
15022,3,general,63,87.25529032625379
15023,3,general,958,1013.6059557697639
15026,4,general,21,37.96107573319651
15030,2,infantry_light,154,151.56540151129218
15031,3,infantry_light,148,165.30696104842502
15032,0,infantry_light,469,469.370534800239
15033,4,infantry_light,433,419.65274424141626
15035,4,infantry_line,185,199.74302878811096
15036,0,infantry_line,120,144.1369331140234
15037,4,infantry_line,256,320.0146332984331
15040,3,cavalry_light,677,676.0904978016572
15041,4,cavalry_light,342,355.4718248851445
15042,0,cavalry_light,937,914.9604079844191
15043,0,cavalry_standard,1183,1212.1706859363621
15044,4,general,205,211.71926803251847
15045,3,general,188,251.2830691683695
15046,4,general,310,357.24552366392425
15047,4,general,56,68.15389436141898
15050,3,general,754,753.417171090783
15051,4,general,562,553.9283737237535
15052,0,general,255,335.5238585914881
15053,3,general,78,99.47229582241474
15054,3,infantry_grenadiers,281,304.6071221952396
15056,1,infantry_grenadiers,371,437.1127628981388
15057,1,infantry_light,271,274.7772082803972
15058,0,infantry_line,157,162.85439298558506
15059,3,infantry_line,186,195.0950072672337
15060,4,infantry_skirmishers,159,160.08359911625118
15061,1,general,32,25.979906325792356
15064,2,general,23,21.468863757747442
15065,1,infantry_line,166,160.39087084083585
15066,1,infantry_line,124,114.58809513714952
15068,1,artillery_foot,195,215.78564301533856
15069,0,artillery_foot,303,337.7567976958377
15070,0,general,84,102.3032863421891
15071,2,general,393,417.6048215813187
15072,4,cavalry_heavy,1491,1517.9974492949539
15073,0,cavalry_standard,1120,1152.5362397021106
15074,0,general,408,401.0279462053253
15076,1,general,364,348.0001561813165
15077,4,general,69,86.68915764016046
15078,4,general,274,273.978386647709
15079,2,general,1317,1330.5023254069426
15080,1,general,285,309.0496109607623
15081,3,general,391,479.7027813376703
15082,2,general,330,350.3727632639596
15083,4,general,975,967.5428821659697
15084,0,general,1260,1299.3695583698302
15085,4,general,712,692.657188717105
15086,3,general,497,513.6868554351381
15087,0,general,405,431.6631121739399
15088,4,general,407,421.6908010592706
15089,1,general,243,258.09785927721117
15091,4,infantry_grenadiers,409,458.26128641714473
15093,2,infantry_grenadiers,379,376.6659065523209
15094,0,infantry_grenadiers,412,448.57757874802735
15095,1,infantry_light,301,317.62165740387326
15096,2,infantry_light,361,350.1272557818792
15097,3,infantry_light,322,346.19813974000647
15099,4,infantry_line,144,143.39565693588395
15100,3,infantry_line,185,200.50088026124547
15101,2,infantry_line,470,495.98660817943056
15103,0,infantry_line,525,536.3461819366422
15104,2,general,189,204.77977465249495
15105,4,general,165,178.37326938750286
15106,1,general,230,235.64959572713997
15107,3,general,209,225.9492608890411
15109,1,general,374,339.3154054336255
15110,4,general,417,387.47620077323256
15111,2,general,297,282.80566768068593
15112,2,general,208,190.96872540896123
15113,3,general,628,621.2614193369518
15114,0,general,125,140.5543685744582
15115,4,general,734,706.5141461164039
15116,4,general,438,458.74959617680133
15118,0,general,623,603.3778230227095
15123,1,general,429,425.7997753526012
15124,0,general,362,365.907351747476
15125,0,general,183,178.40252819439726
15127,4,infantry_grenadiers,283,292.6559084211654
15128,4,infantry_grenadiers,596,585.6858040515365
15129,4,infantry_grenadiers,534,490.14895745955187
15130,4,infantry_grenadiers,676,664.2812068851698
15131,4,infantry_light,478,481.42491730189505
15132,2,infantry_line,355,347.1937094071174
15133,0,infantry_line,223,241.52267789483292
15134,0,infantry_line,307,287.1959046769271
15135,4,infantry_line,326,300.27204838365634
15136,0,infantry_line,207,224.73498916566803
15137,2,infantry_line,227,246.51367510769802
15138,2,infantry_line,295,308.73390662058614
15139,3,infantry_line,490,493.7773919764794
15140,1,infantry_line,288,275.1504409804134
15141,2,infantry_line,451,458.80294218506356
15142,2,infantry_line,512,526.0251666102102
15143,4,infantry_line,413,417.2835878008862
15145,1,artillery_foot,1211,1177.354446275895
15146,4,cavalry_light,517,534.3228070576491
15147,0,cavalry_light,368,372.78322103924955
15148,2,general,66,74.71812762024601
15149,3,general,304,303.6614590010295
15151,2,general,1713,1612.2618544193895
15152,1,general,272,286.8202665272272
15153,0,general,73,70.33242349817395
15154,1,general,79,104.47095687048619
15157,4,general,164,127.96471444017446
15158,4,general,491,440.09415112071855
15159,1,general,322,387.1863924659552
15160,0,general,247,222.33372661471068
15161,3,general,893,859.264322204869
15162,3,general,1196,1140.7660689827253
15163,3,infantry_grenadiers,357,358.23584475552934
15164,3,infantry_grenadiers,948,901.4061770345124
15166,4,infantry_light,210,217.56124154052821
15167,1,infantry_line,268,222.23925298621353
15168,2,infantry_line,142,132.33286582678164
15171,2,infantry_line,739,755.3420695602108
15172,1,infantry_line,318,303.391308194717
15173,3,infantry_line,254,232.7021480028169
15174,3,infantry_line,392,474.62404424465774
15175,4,infantry_skirmishers,156,163.83279387742982
15176,2,general,69,70.88489054325338
15177,1,general,150,154.13274632040174
15179,0,general,268,333.84635592779966
15180,3,general,196,270.94946815191184
15181,1,infantry_grenadiers,339,395.14075111265043
15182,0,infantry_grenadiers,268,338.4853997276046
15183,2,infantry_line,167,168.9692667733439
15184,0,infantry_line,251,255.8881710017514
15186,3,artillery_foot,333,325.8715518571523
15187,4,general,433,437.84181826968165
15188,0,artillery_foot,794,774.7254522755079
15189,2,cavalry_heavy,2404,2326.7810199332266
15191,4,cavalry_light,893,883.4765594806427
15192,2,cavalry_standard,1339,1331.7763420963418
15193,4,general,413,435.6383650630597
15194,2,general,70,89.47959510305064
15196,1,general,715,710.0838957252454
15198,3,general,185,177.84444915523883
15199,3,general,323,315.3921555201434
15200,0,general,1126,1140.6566296230012
15202,2,general,278,266.97259013818734
15203,1,general,2164,2145.3263049655243
15205,1,general,406,387.38340025308605
15206,3,general,336,338.2653848318018
15208,3,general,216,200.15480468789406
15210,2,general,976,893.1813634452839
15211,2,infantry_grenadiers,392,391.8858872562168
15212,2,infantry_grenadiers,823,824.1240742035774
15213,4,infantry_light,453,447.2513931699956
15214,1,infantry_light,388,423.38054961666904
15215,3,infantry_light,441,443.8660364950765
15216,2,infantry_light,489,470.98186759456564
15218,4,infantry_line,279,280.86296290024296
15221,2,infantry_line,132,177.06191540132494
15222,2,infantry_line,205,183.57534418374766
15225,0,cavalry_lancers,1103,1130.8965349874957
15228,3,cavalry_light,482,458.1802898081383
15229,3,general,650,651.3105581943823
15230,3,general,104,131.22669044447127
15231,1,general,348,325.9877136116189
15232,1,general,1481,1465.9111284161552
15233,4,general,68,92.96790039754494
15234,3,general,673,683.9501605813404
15235,3,general,57,62.273409711032826
15236,4,general,225,221.5859003310339
15237,3,general,310,303.94252829110417
15238,3,general,184,175.77186346521538
15239,4,general,176,165.55352522190702
15241,4,general,65,86.61117228742577
15242,0,general,297,272.8027464623233
15245,1,general,225,206.0222384695053
15246,2,infantry_grenadiers,415,407.45804546465587
15248,2,infantry_light,163,162.8680796704236
15249,4,infantry_line,287,274.9093209404217
15251,0,infantry_line,290,273.3813519176357
15252,1,infantry_line,271,261.18257630757364
15253,1,infantry_line,168,186.59207119214378
15254,4,infantry_line,232,231.5689041677667
15255,3,infantry_line,576,571.9023466462387
15256,4,infantry_line,330,308.8851640266187
15257,0,cavalry_heavy,673,837.2360656903144
15258,4,cavalry_light,317,316.61629224169235
15259,2,cavalry_standard,824,764.1165504283799
15262,1,general,496,688.398437968668
15263,3,general,679,617.1353776350687
15264,0,general,323,309.67873064486645
15266,3,infantry_line,498,471.1568350700338
15267,4,cavalry_heavy,1324,1334.3789689796708
15268,0,cavalry_heavy,2151,2114.437875992976
15269,0,cavalry_heavy,1409,1448.5011634964465
15270,1,cavalry_heavy,1221,1261.618418540584
15271,3,general,1185,1229.5310083336503
15273,0,general,2040,2014.5963858113123
15274,0,general,1373,1426.090574453763
15275,0,cavalry_heavy,1542,1514.4609301304038
15277,2,cavalry_heavy,1436,1409.5176570928559
15278,2,cavalry_heavy,1624,1620.947967812191
15279,3,general,1107,1108.8369887357908
15280,4,general,1729,1742.5091963966722
15281,0,general,1269,1270.5150753553542
15283,2,general,1456,1424.9973408701844
15284,0,infantry_light,301,301.36708708581017
15285,2,infantry_light,288,286.9575925254906
15286,4,general,168,195.47305517638995
15287,4,general,76,107.09876085423905
15288,1,infantry_line,131,165.1359173171997
15289,3,infantry_line,116,155.81833097619455
15290,4,general,48,60.99089226640329
15292,2,infantry_line,112,139.20024554562497
15294,2,infantry_light,525,517.181823975954
15295,1,cavalry_light,510,514.9802592603675
15297,1,general,189,170.35306661131045
15298,0,general,234,215.3554301661284
15299,3,general,590,524.3058028411206
15301,3,infantry_light,537,503.0739331140693
15302,1,infantry_light,285,323.04579093974684
15303,1,infantry_line,199,196.2173569270853
15304,4,infantry_line,249,239.8323847670514
15307,4,cavalry_light,468,498.9450284130237
15308,4,cavalry_standard,1085,1086.5845942580722
15310,0,general,288,285.4617213557009
15312,4,general,214,212.48841143178203
15313,0,infantry_light,339,349.3115473137481
15314,4,general,124,125.89977414531957
15315,3,infantry_line,225,223.57224389041664
15316,3,infantry_line,174,168.2027983698048
15317,1,general,169,175.58536844120124
15318,4,infantry_line,124,156.9678805863002
15319,1,infantry_line,110,139.92095179431533
15320,3,cavalry_light,365,365.8126401967416
15321,3,cavalry_light,384,381.7509694545766
15322,4,general,398,402.77995755685873
15323,1,general,238,245.40928350154175
15325,3,cavalry_heavy,1697,1628.9092584074497
15327,0,general,1796,1741.5423454895697
15329,3,artillery_foot,183,200.34421389346977
15330,3,artillery_foot,467,498.38478888754815
15331,2,artillery_foot,486,477.64711285790884
15332,3,artillery_foot,1628,1626.536121278956
15333,4,artillery_foot,881,884.9768060820159
15334,2,artillery_foot,1249,1223.7924095381118
15335,0,artillery_foot,794,774.7254522755079
15336,2,artillery_foot,1197,1162.3708545019222
15337,2,artillery_foot,1127,1131.125354934467
15339,4,artillery_foot,1268,1301.330700832411
15340,2,artillery_foot,274,262.8094057549597
15341,0,artillery_horse,757,737.7370667870651
15342,2,artillery_horse,83,129.52088582517908
15344,4,artillery_horse,623,628.0925601259422
15345,1,artillery_horse,614,606.8374754228698
15346,2,artillery_horse,606,608.1568775586993
15347,3,artillery_horse,515,517.7658194754306
15348,2,artillery_horse,497,494.06631619664574
15349,1,artillery_horse,950,925.6095575463355
15350,2,artillery_horse,626,683.4191243554206
15351,3,general,1071,1099.5787095286787
15352,2,general,741,740.5454932402603
15353,4,general,407,404.1531631372812
15354,3,general,336,367.7775833884599
15355,0,general,281,281.367129840176
15356,0,general,281,281.367129840176
15357,0,general,748,724.7735474010354
15358,3,general,159,159.57681283303165
15359,0,general,920,920.2008526884515
15361,2,general,1141,1107.4898151880923
15362,4,general,870,884.8111724011139
15363,0,general,27,73.79187695349583
15364,1,general,1109,1106.616675828109
15366,2,general,1308,1305.069798838225
15367,2,general,117,120.14435003085585
15369,2,infantry_grenadiers,265,236.0293106834532
15370,3,infantry_grenadiers,258,251.77449495484055
15371,0,infantry_grenadiers,290,252.9488368084134
15373,4,infantry_skirmishers,82,108.70645880582973
15374,4,infantry_skirmishers,337,338.2114338665809
15375,4,infantry_skirmishers,339,344.6164808801742
15376,1,infantry_skirmishers,304,277.40929341637474
15377,0,infantry_skirmishers,187,212.07213375274188
15378,0,infantry_skirmishers,188,219.47459979675892
15379,3,infantry_skirmishers,176,223.95341802263044
15380,4,artillery_foot,601,539.4458634230701
15382,0,general,315,287.69752806944547
15383,1,general,119,122.2025476704091
15384,1,general,241,250.69934559599716
15386,3,general,130,150.35929422908436
15387,3,general,128,135.53460511605448
15390,0,general,383,446.2327657170229
15391,0,general,169,150.04121852419235
15394,3,general,501,506.203476505297
15395,4,general,410,411.74297241925194
15396,4,general,537,574.2646355240889
15397,3,general,444,416.6350765602391
15398,1,general,485,514.0330919263932
15400,3,general,406,397.95552529703946
15402,4,general,792,785.0694864113858
15403,1,general,754,769.571471238481
15405,3,general,302,399.59470309863207
15406,0,general,880,830.7129234646491
15407,3,general,250,252.26851689829874
15408,3,general,647,631.7794191716021
15409,4,infantry_grenadiers,471,488.87598280290797
15410,4,infantry_grenadiers,617,635.3999697718735
15411,0,infantry_grenadiers,801,776.3153282725204
15413,4,infantry_light,392,395.63570022269954
15414,3,infantry_light,426,408.7950024978054
15415,1,infantry_light,189,220.79889349257695
15416,3,infantry_light,572,563.2870363972946
15417,3,infantry_light,294,355.6604002226043
15418,1,infantry_light,344,352.26202767399855
15419,4,infantry_light,496,495.50979038682675
15420,4,infantry_light,554,622.8096656507391
15421,0,infantry_line,163,169.20181829541332
15422,1,infantry_line,229,236.63928833464314
15423,2,infantry_line,334,340.3076327586045
15424,4,infantry_line,182,188.87026600714015
15425,1,infantry_line,328,325.8237878626995
15427,2,infantry_line,397,402.9484193905564
15428,2,infantry_line,313,398.83765931965866
15430,3,infantry_line,465,466.0998799744898
15431,3,infantry_line,366,352.1091993803161
15432,4,infantry_line,319,316.07990835568734
15433,2,infantry_line,739,725.4867430937095
15434,4,infantry_skirmishers,288,262.9313773086203
15436,1,general,119,128.10793366066832
15437,3,general,617,611.2868271931851
15438,1,general,205,218.22048670638463
15439,0,general,72,81.52909090315374
15441,1,general,191,187.51322537265645
15442,3,general,168,170.04325194527314
15443,1,general,158,164.43066234175782
15444,0,general,108,117.03597163923364
15445,4,general,208,209.42734890961762
15447,0,general,320,405.9800529387712
15448,4,general,132,128.94884301162085
15449,3,general,437,458.4269159670972
15450,2,general,288,297.8778426927728
15451,0,general,415,412.47700177329295
15452,1,general,589,579.9971346131712
15455,1,infantry_grenadiers,580,551.0187824524372
15456,0,infantry_light,467,376.5124798565266
15457,0,infantry_light,275,281.2949589973888
15458,4,infantry_light,570,562.2377412526891
15459,4,infantry_line,249,256.5893269533681
15460,3,infantry_line,224,230.87520514044107
15462,0,infantry_line,222,226.41469940281635
15463,4,infantry_line,206,221.2367735680463
15464,4,infantry_line,287,326.1213025889292
15465,3,infantry_line,429,444.0764219026224
15467,1,infantry_line,401,408.03321334203036
15468,4,infantry_line,396,402.7579700394174
15469,1,infantry_line,237,234.83268026530314
15470,0,infantry_skirmishers,184,186.30931061338038
15471,1,infantry_skirmishers,262,264.64247163341867
15473,4,general,251,241.61084186485897
15474,3,general,190,195.05636717842793
15475,3,general,501,518.1168275744208
15476,0,general,220,223.9227369507499
15477,0,general,554,571.6133988756228
15478,2,general,651,661.8746332312041
15481,0,infantry_light,364,360.36778671172686
15482,3,infantry_line,296,299.9512130770496
15483,3,infantry_line,477,499.29012924592234
15484,0,infantry_skirmishers,223,190.8992938799091
15485,0,infantry_skirmishers,332,357.16692659003166
15486,0,artillery_foot,732,729.3801677922984
15487,2,artillery_horse,842,861.8029528091492
15488,0,cavalry_light,280,307.59458623896626
15489,4,cavalry_standard,988,988.7288913082311
15490,1,general,985,934.2735565150431
15491,4,general,141,184.31972518957207
15493,2,general,247,243.81880539292055
15494,4,general,122,145.62241607451188
15496,3,general,394,370.7871254338461
15497,2,general,140,150.46473245350626
15498,4,general,101,97.10299068881388
15500,0,general,261,253.750179889435
15501,0,general,113,124.353131736143
15502,1,general,207,207.47426033136446
15503,2,general,338,316.78601888824414
15504,1,general,98,114.69071135160904
15506,3,general,264,254.7472996194824
15508,0,general,218,198.4551612175921
15509,2,general,342,369.55147283816746
15511,4,general,244,226.67892466060601
15512,0,general,153,161.5201736919933
15513,3,general,154,157.10903197004097
15514,0,general,283,273.33785580467145
15515,1,general,245,253.50957774492036
15516,0,general,259,273.9317941662534
15518,3,general,274,272.2745391194677
15519,4,general,232,230.57271566565637
15522,2,general,206,203.55685363061633
15523,3,general,274,272.2745391194677
15525,3,infantry_grenadiers,576,530.7516255459236
15527,0,infantry_light,172,183.41151965078384
15528,2,infantry_light,449,442.02038892230064
15529,3,infantry_light,315,318.5742717118022
15530,0,infantry_light,348,347.19265641128493
15531,4,infantry_line,315,309.4094737765767
15532,0,infantry_line,203,202.7114643914664
15534,0,infantry_line,182,218.12920454121908
15535,1,infantry_line,362,361.1599980394499
15536,4,infantry_line,173,212.15484735440032
15538,3,infantry_line,369,369.3482731029608
15539,4,infantry_line,247,242.49704005609976
15540,3,infantry_line,459,565.4637725659269
15541,2,infantry_line,318,312.82202537207945
15542,4,infantry_line,314,299.62383511096004
15544,0,infantry_line,269,265.34503554260573
15545,1,infantry_line,306,286.4286062450149
15546,3,infantry_line,409,447.5285263063353
15547,4,infantry_line,330,340.25321634739475
15548,1,infantry_skirmishers,309,293.06054370675855
15549,3,infantry_skirmishers,292,267.96410493116423
15550,3,infantry_skirmishers,178,140.31821521463817
15551,4,infantry_skirmishers,201,172.20934482649784
15552,3,artillery_foot,196,194.7498087043299
15553,4,artillery_foot,381,422.06162289135307
15554,4,artillery_horse,635,638.465459650951
15556,2,general,202,203.6865233570469
15557,3,general,136,144.3679554784174
15558,0,general,404,385.14441968383346
15559,0,general,300,290.68635096904745
15560,3,general,493,491.08505978392736
15561,0,general,355,337.6230845377177
15563,0,general,199,241.789169189696
15565,4,general,67,88.10024973799058
15566,4,general,226,216.764411746521
15568,3,general,58,64.97020455422468
15569,2,general,127,122.18652849179789
15572,2,general,391,404.86804253808043
15573,1,general,465,489.585536168614
15574,4,general,411,443.8318224506171
15575,2,general,439,446.4649607589042
15576,4,general,184,214.03748236259142
15577,2,infantry_grenadiers,337,370.62342427354804
15578,0,infantry_grenadiers,342,349.4776301281187
15579,2,infantry_light,408,405.93675728224025
15580,2,infantry_light,212,237.6528964895677
15582,1,infantry_light,528,574.3845654247249
15584,2,infantry_line,243,247.42536859943473
15585,4,infantry_line,225,227.49647126966204
15586,2,infantry_line,206,208.34928799983544
15587,3,infantry_line,187,200.65189936951091
15588,1,infantry_line,286,288.3625101078478
15589,3,infantry_line,128,163.71946357245523
15590,1,infantry_line,162,166.79706703507821
15591,3,infantry_line,165,167.67730925201226
15592,1,infantry_line,119,103.46047004260754
15593,1,infantry_line,499,516.4129084170696
15594,1,artillery_horse,366,372.88969043269896
15596,0,cavalry_light,420,431.8430261594745
15597,4,general,291,299.3442468305895
15598,3,general,65,62.13160238447395
15599,2,general,474,480.53171379682476
15601,1,general,133,118.48409406703827
15602,0,infantry_grenadiers,298,318.5509239356276
15603,2,infantry_line,139,132.82014847628096
15604,0,infantry_line,357,351.52558060658055
15606,1,artillery_foot,285,289.6942763787922
15607,1,cavalry_standard,690,664.3718575752611
15608,3,general,575,538.2857014796042
15609,2,general,154,157.6631047857712
15610,2,general,154,157.6631047857712
15611,4,general,449,467.429664158788
15612,1,infantry_grenadiers,222,226.50603212336173
15614,4,infantry_line,220,225.56086294463122
15615,2,infantry_skirmishers,186,216.09610157795512
15616,3,cavalry_light,559,562.7449638467237
15617,4,cavalry_standard,584,593.2391475608752
15618,0,cavalry_standard,703,757.665040145558
15619,3,general,245,244.98747772830598
15620,2,general,545,588.9559909869527
15621,3,general,240,229.75001611259637
15622,1,general,236,228.15571046730926
15623,1,general,474,463.70650402868995
15624,4,general,415,390.5316180460691
15625,4,general,191,216.1634096358361
15626,0,general,402,442.54018298866225
15627,0,general,112,129.1624014068645
15628,4,general,584,583.3509804514686
15629,4,general,464,501.10444453652826
15630,3,general,675,661.1123782430726
15631,3,general,359,364.7418766740045
15632,1,general,620,622.2984684814471
15634,3,general,205,209.44141712596698
15635,2,general,880,880.3920368701888
15636,3,general,168,171.19523227240387
15637,1,general,240,236.5185851267509
15639,0,general,561,569.8754832125271
15640,2,general,328,308.7713409305406
15641,4,general,80,106.33842399835056
15642,2,infantry_grenadiers,479,450.5219116194664
15643,2,infantry_grenadiers,823,827.3891159822646
15644,0,infantry_light,344,347.42925557892835
15647,3,infantry_line,300,297.2806263463504
15648,1,infantry_line,187,200.55066893580323
15649,3,infantry_line,189,212.2313676772213
15651,0,infantry_line,534,539.5735503122103
15652,1,infantry_line,374,362.2920577666489
15653,2,infantry_line,355,326.20711189081317
15654,2,infantry_line,353,342.6563431910421
15656,4,infantry_line,545,545.1337451779781
15658,1,artillery_foot,632,547.141263712535
15660,1,cavalry_light,758,695.8762986129622
15661,1,cavalry_light,588,508.83681684860437
15662,2,cavalry_light,380,397.1404504273049
15663,3,cavalry_light,707,680.3647274126956
15666,4,cavalry_standard,384,370.82168833581267
15667,0,cavalry_standard,782,808.1564625058743
15668,2,general,688,643.4606536190812
15669,1,general,175,185.57036003506704
15670,2,general,250,267.08764877267805
15671,0,general,216,214.84816492749394
15673,0,general,380,353.0942136965095
15674,0,general,343,387.4291191853805
15675,4,general,591,582.9047602662089
15677,2,general,310,301.0933807751863
15678,2,general,135,136.8210515924149
15679,3,general,217,261.0358755109273
15680,4,general,180,222.47203442773855
15681,1,infantry_grenadiers,372,374.7606257519075
15682,0,infantry_line,319,323.849366549529
15683,3,infantry_line,163,160.32373568826702
15684,1,infantry_line,227,228.59794473266453
15685,2,infantry_line,293,329.7192887585487
15686,2,cavalry_standard,928,955.2960423693361
15687,0,cavalry_standard,643,593.2824004900593
15688,1,general,412,403.59133059408305
15690,2,general,753,767.2565308767063
15691,0,infantry_line,392,387.19804388848485
15692,2,cavalry_standard,357,361.21864747149925
15693,4,cavalry_standard,357,357.98230616215665
15694,2,general,389,369.1079905891761
15696,3,general,251,223.39554813168158
15698,0,cavalry_light,263,270.7686968725564
15699,2,general,68,81.49452375872677
15700,2,general,86,122.18346498434305
15701,2,general,147,145.61056388567857
15702,1,general,133,148.98255995498226
15703,0,general,152,153.71464354011488
15704,0,general,228,220.0958408363985
15705,0,infantry_light,205,217.08144728599478
15706,2,infantry_light,194,234.61921443909935
15707,4,infantry_light,148,163.24327373539748
15708,2,infantry_line,251,252.65221917308833
15709,1,infantry_line,109,124.00020430232168
15710,1,infantry_line,234,231.0620580485722
15712,2,cavalry_heavy,1165,1147.0413320276227
15713,4,cavalry_lancers,847,746.1117207459419
15714,4,cavalry_lancers,1019,939.7894829362
15715,3,cavalry_light,836,752.0314519500627
15716,1,cavalry_light,805,753.7461747055239
15717,1,cavalry_light,1158,1189.0641188078412
15720,0,general,621,583.626292904814
15722,1,general,1157,1168.3969273561122
15723,4,general,966,945.6472816747133
15724,0,general,116,128.89073832867172
15725,4,general,682,642.285766773409
15727,0,general,944,940.7530130601025
15728,4,general,255,246.22435681487107
15729,4,general,391,390.6141423803737
15733,0,infantry_line,203,218.37674905446048
15734,1,infantry_line,155,151.2939166972123
15736,3,infantry_line,249,262.29032805139076
15737,2,infantry_militia,94,111.84284877132612
15738,3,infantry_militia,120,140.80041878411166
15739,2,infantry_militia,116,164.90432416662833
15740,0,cavalry_standard,328,340.5257760906285
15741,1,general,97,129.419772542545
15742,2,general,121,156.5590846813855
15746,3,infantry_line,229,265.233023220072
15748,2,infantry_line,400,318.35064666432567
15750,1,general,209,221.15550923830187
15752,1,infantry_line,276,283.1267581055458
15753,3,infantry_line,157,152.8183530058803
15754,1,artillery_horse,507,490.67843521205333
15755,3,cavalry_light,392,379.9028054385352
15757,2,cavalry_light,292,314.74394571507685
15758,3,cavalry_standard,688,677.079410493246
15761,0,general,100,107.3535281753109
15762,0,general,470,495.54421425442035
15763,2,general,148,159.21369041818076
15764,0,general,267,267.49442707593875
15765,4,general,578,551.0129096650621
15767,0,general,737,662.470833689842
15768,4,infantry_light,214,225.83743941726763
15769,0,infantry_line,140,139.84226218939483
15770,0,cavalry_standard,503,469.90830081089626
15771,1,cavalry_standard,439,409.5678333633025
15772,4,general,313,275.17265549308405
15773,2,general,456,399.6812572741105
15774,0,cavalry_standard,906,905.2263309732477
15775,1,cavalry_standard,811,749.5890930150941
15776,4,general,688,614.0124598839989
15778,1,cavalry_standard,880,875.8881553041666
15779,2,cavalry_standard,603,608.5984172885535
15780,0,cavalry_standard,695,733.055371819915
15781,3,cavalry_standard,810,796.3926653889043
15782,0,general,649,628.9690013170461
15783,4,general,626,649.6459179661646
15785,0,general,875,856.8097821629932
15786,2,general,212,229.04265913729097
15787,3,general,228,259.9776284652328
15788,1,infantry_line,223,237.34719940519184
15789,3,infantry_line,248,263.8570091233588
15792,4,cavalry_standard,768,719.3743348669485
15793,2,cavalry_standard,870,898.892647469778
15794,2,cavalry_standard,934,953.7910698600655
15795,4,cavalry_standard,573,524.459771087196
15796,1,general,764,664.5654218716534
15797,4,general,865,850.533639988657
15798,1,general,993,909.1107144703252
15799,0,general,435,383.80697185970683
15800,1,general,26,49.515105715697786
15801,0,general,378,356.81196767075863
15802,0,infantry_line,130,131.38220201743715
15803,0,infantry_line,234,220.12630930708292
15804,1,infantry_line,87,94.26096587432696
15805,4,infantry_line,107,121.49936289623115
15806,4,artillery_foot,1136,1176.859578874903
15807,2,artillery_foot,356,345.2285231850948
15809,2,artillery_foot,917,955.1906786868655
15811,4,artillery_foot,505,527.821875654382
15812,0,artillery_foot,502,510.72000734088215
15814,2,artillery_foot,678,646.4224628700371
15815,4,artillery_foot,1413,1383.7560364846136
15816,3,artillery_foot,325,319.7955541615793
15818,4,artillery_foot,483,507.65452891397456
15819,3,artillery_foot,319,313.6210649076478
15820,1,artillery_foot,606,618.7333552935452
15823,3,artillery_foot,467,453.332328458137
15824,0,artillery_foot,449,451.0259158215129
15825,0,artillery_foot,289,294.84121581211343
15826,4,artillery_horse,576,575.5648886188084
15827,4,artillery_horse,915,910.651131883498
15828,1,artillery_horse,486,471.77430919485033
15830,3,general,323,305.03936668424893
15831,4,general,1569,1694.1089498706542
15832,2,general,424,422.38476920184615
15833,3,general,336,319.3758640274286
15834,3,general,1453,1369.4093899478787
15835,0,general,281,281.367129840176
15836,0,general,583,538.7671616091113
15837,0,general,281,281.367129840176
15838,3,general,159,159.57681283303165
15839,2,general,420,420.21325452987577
15840,2,general,466,469.8403077280601
15841,2,general,741,740.5454932402603
15842,3,general,159,159.57681283303165
15843,3,general,159,159.57681283303165
15844,1,general,574,574.0622044587823
15845,1,general,574,574.0622044587823
15846,3,general,159,159.57681283303165
15849,4,infantry_skirmishers,233,225.18427067412014
15851,3,infantry_skirmishers,185,193.76797174853868
15852,4,infantry_skirmishers,302,283.1152656356875
15855,0,general,393,385.947734558434
15857,0,general,638,688.0105250860934
15858,1,general,806,692.5886175137771
15860,3,general,911,806.3818098332184
15862,1,general,1239,1167.8842239709966
15863,4,general,622,556.2267379743068
15864,1,general,802,827.3658274510202
15865,0,general,831,760.3960636756209
15866,2,general,359,300.75874343169033
15867,4,general,415,358.5106249316294
15868,3,infantry_grenadiers,711,744.8765060053125
15871,1,infantry_light,1018,979.9344532921435
15872,4,infantry_light,736,707.4513947202059
15873,3,infantry_line,282,282.1314714203748
15874,2,infantry_line,522,531.5721905409896
15877,2,general,437,456.16231398139064
15879,0,general,247,271.1893059635939
15880,3,general,109,104.65205179947918
15881,0,general,184,228.82094480261947
15882,1,general,314,314.3489260986589
15883,1,general,495,516.3591399917087
15884,3,general,488,470.342862261353
15885,4,infantry_light,424,437.3765849532114
15887,1,infantry_line,308,289.457318191326
15888,3,infantry_line,223,225.74153984851205
15890,4,infantry_line,355,351.19605367196095
15891,1,infantry_line,478,468.63354852647336
15892,0,infantry_line,613,622.1927643980375
15893,0,infantry_line,546,541.2765035563872
15895,2,general,118,118.21624189616853
15896,2,general,385,362.6564858170298
15897,2,general,589,612.9461075242152
15898,0,general,1066,949.4931031282141
15899,0,general,871,844.0276471199969
15900,0,general,412,409.10775307994265
15903,0,infantry_light,911,864.5135840131969
15904,2,infantry_line,496,488.5428644386866
15905,4,infantry_line,512,511.3984088406783
15906,4,infantry_line,190,180.77606135063849
15907,1,infantry_line,769,750.3775336264789
15909,0,infantry_line,390,371.67546484293024
15910,0,artillery_foot,448,474.90148373551807
15911,2,artillery_foot,1071,1045.5791826538573
15912,3,artillery_horse,732,720.6478015222059
15913,2,general,151,137.5757691759962
15914,2,general,317,309.31506298570673
15915,0,infantry_line,366,354.09088250948764
15916,0,infantry_line,258,252.72444053408083
15917,3,artillery_foot,287,351.8581778090104
15918,2,cavalry_light,1165,1335.6163753691487
15919,4,cavalry_light,1011,1076.3248289280675
15920,0,general,955,1087.105577009999
15921,2,general,257,265.7842198182748
15922,3,general,330,325.70857757334795
15923,4,general,477,474.913962351726
15924,3,general,722,700.5115761337521
15925,2,general,86,103.93975660518396
15926,1,general,188,230.95592667267306
15927,3,general,652,621.4891950347874
15928,3,general,827,814.597804683015
15930,0,general,212,294.6332591491746
15931,4,infantry_light,625,640.6586403763259
15933,1,infantry_line,688,695.8801147619023
15934,3,infantry_line,384,390.5161439583735
15935,0,infantry_line,181,175.12411506350253
15936,3,infantry_line,166,167.26570887206694
15937,3,infantry_line,372,397.3683787407814
15938,1,infantry_line,291,331.6893562106449
15939,2,infantry_line,326,417.10335258448964
15940,1,artillery_foot,897,887.6968734105845
15941,0,general,438,452.03604229441567
15942,3,general,432,428.7847225612637
15943,2,general,404,415.0211364073946
15945,2,general,597,619.2971988743636
15946,3,general,463,410.55019610691147
15947,3,general,399,395.3727872280025
15948,4,infantry_light,552,569.5274782903499
15950,3,infantry_line,295,304.10932080269123
15951,1,infantry_line,453,477.88240439980717
15952,4,infantry_line,773,826.0230264583404
15953,3,infantry_line,502,511.62405141644496
15954,2,infantry_line,564,541.9932322475315
15955,4,infantry_line,459,452.74133465923
15956,2,general,250,263.72398852808806
15957,2,general,435,467.9655628590493
15959,4,general,321,323.0250373031902
15960,3,general,355,468.8440557834738
15961,3,general,960,959.4030799787398
15962,4,general,587,543.6461473258721
15963,4,infantry_grenadiers,669,832.5183872842273
15964,3,infantry_light,369,443.95235844972314
15965,1,infantry_light,618,585.0355123277277
15966,4,infantry_line,397,427.3631071481251
15967,3,infantry_line,363,391.48104192717017
15968,0,infantry_line,423,455.82927146557495
15969,4,infantry_line,869,916.6868497415826
15970,4,infantry_skirmishers,306,336.21279935092355
15971,2,artillery_foot,317,355.8095600433907
15972,1,artillery_horse,901,945.7771826354366
15973,2,general,744,741.1606010656453
15975,3,artillery_foot,528,516.411032913644
15976,4,general,446,414.64485036374043
15977,4,general,344,374.3128872164617
15979,3,general,283,294.2305707836722
15980,0,general,314,384.22052397439643
15982,1,infantry_light,398,420.21777732412005
15984,2,infantry_line,653,665.8574268894381
15986,0,infantry_line,385,451.93346273805406
15988,1,general,336,367.151720244105
15989,0,general,174,165.93187241998405
15990,0,general,1146,1107.6250051195966
15991,0,general,736,730.1379701600902
15992,2,general,1045,985.9496847083338
15993,2,infantry_grenadiers,875,816.5521981967313
15995,3,infantry_line,392,423.699457945481
15996,0,infantry_line,1018,988.0077519796539
15997,4,infantry_line,849,862.3131423305364
15998,4,general,583,613.7347006877122
16000,4,infantry_line,550,565.6996994601824
16001,2,infantry_skirmishers,227,227.84685925848123
16003,0,infantry_light,484,504.35539280629587
16007,1,general,232,330.7748066849438
16008,3,general,2138,2160.7606700282527
16010,0,infantry_line,201,298.3996476449651
16011,4,infantry_line,270,323.6199927518667
16012,0,cavalry_heavy,2533,2497.3421946992526
16013,0,general,2720,2771.794083219443
16014,0,infantry_light,533,558.5332954720683
16015,0,infantry_light,241,240.06902843203503
16016,3,infantry_line,361,388.07555496387357
16017,3,cavalry_heavy,2290,2323.8226673327745
16018,3,cavalry_lancers,855,788.3413383220103
16021,1,general,401,381.84656610239415
16022,2,infantry_line,517,507.09152789538444
16023,1,infantry_line,530,502.74570638921864
16024,0,infantry_line,637,622.7585201725908
16025,0,infantry_line,499,472.8105711036088
16026,0,general,492,481.0604438348347
16027,4,infantry_line,446,442.7620579759485
16028,3,infantry_line,548,538.3693374517363
16029,2,infantry_line,541,535.9204779566335
16030,0,cavalry_lancers,988,1071.3113786273768
16032,2,cavalry_light,485,539.8124212737567
16033,0,general,559,652.077268574682
16034,1,general,316,363.4247846737899
16035,0,cavalry_lancers,1164,1188.5467364978804
16036,3,cavalry_light,1094,1019.807870867297
16038,3,cavalry_light,916,872.8856740782165
16039,1,general,864,854.9336541313872
16040,0,general,273,282.7070598522063
16041,2,general,1105,1105.2617144724
16042,4,general,1035,1021.8687146153882
16043,1,general,740,697.1834190906517
16044,4,infantry_light,473,483.8167165529982
16045,3,infantry_light,578,594.1202517771867
16046,4,infantry_light,433,416.71818794055366
16047,2,infantry_line,329,342.0185609958865
16048,3,infantry_line,300,329.058407485035
16049,1,infantry_line,432,429.35208076995394
16050,4,infantry_line,417,403.55648942310364
16051,0,artillery_horse,694,693.3470780722278
16052,3,cavalry_light,1265,1216.808457503537
16053,4,cavalry_light,1513,1552.853017134359
16054,3,general,1066,1002.5622497669731
16055,3,general,1621,1601.4706623625907
16056,4,general,440,451.14890087256936
16057,1,general,280,316.54069905273326
16058,4,general,677,667.0284894587446
16061,3,infantry_line,411,425.9493020500198
16062,4,infantry_line,271,284.9887707328225
16064,2,general,264,269.6135135513405
16065,0,general,262,286.8690407063274
16066,2,infantry_light,431,447.75105043036206
16067,3,infantry_light,460,479.95411969310004
16068,2,infantry_line,316,340.15548865572475
16070,0,infantry_line,368,388.5248874438036
16071,4,infantry_line,526,522.3408694836129
16072,3,infantry_skirmishers,236,244.14004595473688
16073,1,cavalry_standard,1023,1039.8941649494777
16074,2,cavalry_standard,1140,1097.400842414481
16076,1,cavalry_standard,699,730.6102252865933
16078,4,general,463,463.8718638903825
16081,2,general,315,380.6112250487462
16082,3,artillery_foot,918,987.968556005621
16083,2,artillery_foot,521,534.5059765387707
16085,1,artillery_foot,444,389.7307983626704
16086,3,artillery_horse,690,689.4287658278948
16087,2,artillery_horse,1233,1313.0227961177397
16088,2,infantry_grenadiers,419,312.3297034194874
16089,1,infantry_skirmishers,184,224.15722778303763
16090,2,artillery_foot,898,775.507085971336
16091,3,artillery_foot,566,578.0917632224199
16092,1,artillery_foot,1901,1885.7688040354112
16093,0,artillery_foot,1971,1964.9455191022498
16094,3,artillery_foot,1133,1172.7443175523142
16095,4,artillery_foot,525,507.20427985814274
16097,2,artillery_horse,1647,1594.9724008782305
16098,1,general,469,468.82693396876533
16099,1,general,1407,1233.8705489787383
16100,1,general,266,266.14254739867033
16101,4,general,1846,1777.2647246257445
16102,1,general,469,468.82693396876533
16103,2,general,1,1.0
16104,0,general,792,779.9721805542549
16105,0,infantry_grenadiers,344,267.09409603761424
16106,1,infantry_grenadiers,507,575.4987123375893
16108,2,infantry_skirmishers,331,302.6460734384611
16109,1,infantry_skirmishers,242,243.3350111561125
16110,1,cavalry_lancers,319,324.16467055170074
16111,1,cavalry_light,803,879.1810038697913
16113,4,general,382,370.6929736932506
16114,0,general,229,227.23642172816767
16115,0,general,102,99.93761635023802
16116,4,general,317,398.24140479850166
16117,2,general,149,151.59261350519887
16118,4,general,639,702.1247043609887
16120,4,general,169,204.16247036675054
16121,1,general,320,300.11667998739813
16123,0,general,443,419.9166018051953
16124,1,general,197,202.12964706930924
16125,0,general,275,251.81926372208864
16126,1,general,895,878.018252031252
16128,1,general,292,294.4019592996235
16129,0,general,348,307.6278502480484
16130,4,general,439,442.8138477928981
16131,4,general,547,567.2363220520697
16132,4,infantry_grenadiers,338,384.9842838877174
16133,2,infantry_grenadiers,349,409.5351860046154
16135,2,infantry_grenadiers,283,301.8279096139067
16136,0,infantry_light,304,313.17252490629886
16137,2,infantry_light,490,483.4729538746911
16138,4,infantry_light,264,262.6192486565105
16139,2,infantry_light,357,356.1731508911069
16140,1,infantry_light,555,561.1693045554484
16141,0,infantry_line,293,268.6436368560987
16142,4,infantry_line,258,250.0850763477403
16144,1,infantry_line,137,122.74057984842456
16145,4,infantry_line,661,682.0973934239936
16146,4,infantry_line,340,315.1924605438177
16147,4,cavalry_light,379,380.9916492003792
16149,3,general,236,224.26425748168913
16150,3,general,560,562.7248331565983
16152,1,general,287,290.7973586689477
16153,0,general,71,73.4421879515902
16154,3,general,135,134.82547004348203
16155,3,general,282,289.33863131576817
16156,3,general,103,106.2397848124691
16157,1,general,341,324.5681673306471
16158,4,general,380,361.07777748981925
16159,2,general,261,256.33742365950764
16160,4,general,203,206.67851712197444
16161,1,general,150,158.9397634899205
16162,0,general,661,670.3634289456523
16163,1,general,527,512.6469915760495
16164,2,general,331,349.0705002555695
16165,1,general,457,471.3217661852518
16168,2,infantry_light,266,271.85822104764605
16169,1,infantry_line,365,356.759533885131
16170,3,infantry_line,327,316.7484343161167
16171,2,infantry_line,176,172.0332674328017
16172,3,infantry_line,236,231.6706887553339
16173,1,infantry_line,207,196.50461757923614
16174,3,infantry_line,391,392.72540506142343
16175,4,infantry_line,120,121.9817173726322
16177,4,artillery_foot,163,171.23642150802206
16178,0,cavalry_lancers,520,469.9961912930236
16180,2,cavalry_light,402,387.690796710811
16181,2,cavalry_light,543,556.7337669169558
16182,2,cavalry_light,382,373.81554935294884
16184,0,general,584,504.5037620575077
16185,2,general,204,243.9570397674037
16186,1,general,300,324.5865365352037
16187,4,general,237,256.48816732075517
16188,3,general,247,240.51170988428635
16190,3,infantry_line,138,142.74195833273362
16192,4,infantry_line,374,364.42068502401975
16193,3,infantry_line,306,321.06351247578795
16194,1,infantry_line,352,340.26216072494657
16195,2,artillery_foot,333,357.96026461339824
16197,1,general,555,545.7587914624792
16199,2,general,1092,1077.2740099494852
16200,0,general,120,114.82982563552494
16201,1,general,188,220.22520206242993
16202,3,general,248,237.46075014943125
16203,1,general,496,473.8145198090407
16204,4,general,106,113.41489485862229
16205,0,general,759,788.5646973093815
16206,2,general,431,399.04349032404934
16207,1,general,512,515.1476337148479
16208,1,general,398,403.8497699286536
16209,4,general,336,345.8226575909858
16210,4,general,588,613.0528189578569
16211,2,general,366,372.5533310978282
16212,4,general,393,374.72631143796036
16213,4,infantry_grenadiers,209,247.04642760449477
16214,2,infantry_grenadiers,584,554.9264886999741
16215,2,infantry_grenadiers,816,834.7210551642984
16216,1,infantry_light,415,414.970050107534
16217,1,infantry_light,175,181.99738474309834
16218,1,infantry_light,512,519.8102744354927
16219,4,infantry_light,550,523.961418014452
16220,2,infantry_light,451,445.7534577320728
16222,4,infantry_line,348,336.3349429526158
16223,1,infantry_line,444,449.0053711930869
16224,1,infantry_line,363,362.0320635188166
16225,0,infantry_skirmishers,129,133.41855873341729
16227,3,cavalry_heavy,1471,1459.8467239151403
16228,3,general,176,172.4907583465897
16229,4,general,183,182.63332854249188
16230,4,general,1395,1393.209089202798
16231,3,general,200,193.41694845808166
16232,3,general,86,84.9569835205351
16233,0,general,368,338.96748562054404
16234,3,general,378,376.0099114106337
16235,4,general,616,597.088464122174
16236,2,general,135,116.16922650484095
16238,4,general,699,620.5092127962383
16239,0,general,338,346.15608365356866
16240,0,general,265,282.3167462376766
16241,3,general,695,680.8343705230836
16242,2,general,413,424.6893923295994
16244,3,infantry_light,250,242.10140250892223
16245,4,infantry_light,834,841.5253117835229
16246,0,infantry_light,603,559.4042703812586
16247,1,infantry_line,297,288.79651059246663
16248,1,infantry_line,423,405.9522295429778
16251,1,infantry_line,425,429.9470054439825
16252,3,infantry_line,334,351.3250929829744
16253,2,infantry_line,402,412.52057500247736
16254,1,infantry_line,178,134.04838765701075
16255,1,artillery_foot,303,340.28744047357026
16256,3,cavalry_heavy,1237,1232.8049094869173
16260,1,general,260,264.55176471707534
16261,3,general,194,188.96266570804315
16262,2,general,129,135.4185011305066
16263,1,general,204,233.20062223679807
16264,2,general,76,79.38784960247145
16265,1,general,159,165.0686662877542
16267,4,general,1009,881.5529295957145
16268,4,general,394,365.6527593905252
16269,4,general,315,292.3895954146281
16270,3,general,441,493.8534862399805
16271,0,general,566,620.8077579708299
16272,3,general,409,423.5517291025306
16273,0,general,269,270.50159080644033
16275,1,infantry_grenadiers,881,866.4825602474399
16276,2,infantry_grenadiers,559,604.4301019601826
16277,2,infantry_grenadiers,472,480.9856630426511
16278,4,infantry_line,177,173.455730744246
16279,4,infantry_line,195,198.607135643775
16280,4,infantry_line,262,258.9127858315263
16281,3,infantry_line,194,177.2884346429294
16282,2,infantry_line,374,363.1135406577937
16283,3,artillery_foot,205,278.8028177106479
16284,2,cavalry_heavy,1149,1141.8298284472996
16285,1,general,128,181.924401760855
16286,3,general,955,948.6088270999869
16287,2,cavalry_heavy,1179,1173.480392968052
16288,4,general,979,988.3018153819964
16289,3,cavalry_heavy,1462,1403.2928769412183
16290,0,cavalry_lancers,286,265.8539106177095
16292,1,general,1463,1389.2644018599585
16293,3,artillery_horse,1918,1402.9709573382427
16294,1,cavalry_light,679,656.0244698673182
16296,3,general,279,279.4114439259429
16297,3,general,557,534.6312312970529
16298,0,general,302,299.28227891796587
16299,4,general,564,530.6449078653058
16300,3,general,166,153.88331955499723
16301,2,general,266,246.0314926764019
16302,1,general,181,184.3630208492813
16303,4,general,121,134.97432604607386
16304,2,general,181,166.90369153110126
16305,1,general,376,402.97532322421637
16306,4,general,489,479.3711802400955
16307,2,general,197,232.00380370451708
16309,4,infantry_grenadiers,271,293.00245341884465
16310,0,infantry_light,294,305.806664163004
16311,2,infantry_light,603,582.9851738487511
16312,4,infantry_line,245,247.39445122893366
16313,4,infantry_line,274,251.62593264140443
16314,2,infantry_line,288,317.2244914718545
16315,1,infantry_line,289,265.7640658500609
16316,4,infantry_line,226,234.48189039507466
16317,1,cavalry_heavy,887,977.4566005120113
16318,0,cavalry_lancers,957,994.5139641210637
16319,0,cavalry_light,459,454.91221762765394
16320,3,cavalry_light,258,268.3269727545474
16321,4,general,49,60.80888242676593
16322,0,general,151,145.54020865510006
16323,4,general,214,202.8174416064381
16324,1,general,205,229.6992950656116
16325,3,general,893,951.7775599292535
16326,4,general,456,466.76058772219267
16328,1,general,634,802.0669354958362
16329,0,general,243,238.64316034413218
16330,0,general,96,93.04971078220115
16331,0,general,81,86.21340322734886
16332,1,general,245,266.0064436914749
16334,1,general,531,525.4942900232086
16335,4,general,695,675.7434889955947
16336,1,general,56,56.09875536763229
16337,1,general,469,473.8656388447132
16339,0,infantry_light,294,297.6719562496098
16340,0,infantry_light,183,188.66572889781494
16341,4,infantry_light,176,172.22007466540578
16342,3,infantry_light,165,154.69469404909603
16344,4,infantry_line,151,157.79757328660267
16345,4,infantry_line,579,579.1179960461021
16346,1,infantry_line,586,593.502480740123
16347,2,infantry_line,314,335.44589301624495
16348,2,artillery_foot,403,415.9801297490682
16349,1,cavalry_lancers,457,457.57713656926535
16350,4,cavalry_lancers,320,333.1529998125078
16351,2,cavalry_light,810,811.0509491210797
16353,2,cavalry_light,407,420.3080751413853
16354,3,cavalry_light,450,440.1864839561773
16355,2,general,284,301.4566323486297
16357,2,general,184,174.21198409506468
16358,0,general,14,48.1457356640157
16361,0,general,76,86.82213858619653
16362,3,general,327,322.03274487790685
16363,2,general,80,88.56090910235432
16364,3,general,119,135.19361824490323
16365,2,general,415,438.19022953897286
16366,1,general,688,691.4605742209588
16367,0,general,185,217.3329477049619
16368,2,general,489,469.755165486339
16371,0,general,437,405.56074450295336
16372,3,infantry_grenadiers,330,320.91125234922816
16373,3,infantry_light,195,199.94513666816468
16374,4,infantry_light,543,547.8600854183063
16375,0,infantry_light,544,544.9778231445152
16376,2,infantry_light,476,474.6551224781666
16378,2,infantry_line,279,279.5534745774793
16379,0,infantry_line,150,154.92837251149257
16380,2,infantry_line,182,182.71282636288075
16381,3,infantry_line,96,118.85497856123064
16383,0,infantry_skirmishers,230,222.3541575157753
16384,0,artillery_foot,531,596.1677692807204
16386,0,artillery_horse,584,570.6186238122509
16387,1,general,763,772.554639967626
16389,4,cavalry_heavy,1122,1137.8327172753352
16390,1,general,115,125.95585583139763
16392,0,general,1122,1137.2476044443324
16393,1,general,514,510.262909098631
16394,3,general,518,468.04049436183215
16395,0,general,662,662.3312562066064
16396,4,general,506,498.8642169694719
16397,2,general,616,537.5677966314018
16398,4,general,820,840.4434258272761
16399,4,infantry_grenadiers,768,769.4579769541368
16400,3,infantry_grenadiers,447,435.96614444884506
16401,3,infantry_light,220,227.3551183704153
16403,1,infantry_line,619,614.6102350621424
16406,1,general,1033,1041.5400402280652
16407,0,general,271,263.4481801149128
16408,2,general,360,420.15458167794884
16409,1,general,615,593.6475194359946
16413,2,general,476,482.49570130555196
16414,3,general,434,428.28387738300484
16415,3,infantry_grenadiers,593,572.1259141568848
16416,4,infantry_light,494,504.81404684155285
16417,3,infantry_line,568,564.207690862135
16418,0,infantry_line,368,417.907729805992
16419,0,infantry_line,358,360.48904110902885
16421,4,cavalry_heavy,1156,1162.4017972323177
16422,3,cavalry_heavy,880,940.1424674217628
16423,0,cavalry_lancers,542,487.4539769371667
16424,0,cavalry_lancers,267,243.58394849649065
16425,3,cavalry_light,440,434.7816835750532
16427,2,cavalry_standard,1102,917.3409534900412
16428,1,general,735,814.0486332119516
16429,0,general,915,825.1068950028423
16430,3,general,119,170.39779231837028
16431,2,general,907,733.8572524827496
16432,4,general,302,307.5704256332357
16433,3,general,1307,1346.09536567699
16434,4,general,529,516.4989803769877
16435,1,general,683,660.7488004493416
16436,2,general,470,473.40540096053667
16437,0,infantry_line,581,588.1193833864305
16438,2,cavalry_heavy,1549,1483.358395431322
16439,1,cavalry_light,613,591.5742824798691
16440,1,cavalry_light,320,311.9748982537001
16441,1,general,553,527.304290472771
16442,3,general,1313,1254.1165038355255
16444,0,general,399,353.44015722035977
16445,0,infantry_line,383,356.8471109182085
16446,1,artillery_foot,560,500.51932177962595
16447,3,artillery_horse,1518,1646.7742846397666
16448,4,cavalry_heavy,1132,1133.5395342171103
16449,1,general,1363,1423.4267843282364
16450,0,general,1059,1058.4934480865675
16451,3,cavalry_heavy,1223,1212.6455052851238
16452,2,cavalry_lancers,245,235.06711315185805
16454,3,general,1144,1121.866494918163
16457,4,cavalry_light,358,358.4246682610088
16458,2,general,292,305.46047965265734
16459,3,general,177,216.4982672223661
16460,3,general,243,262.03754685268655
16461,2,general,124,161.18708034277998
16462,3,general,596,596.2234136322099
16464,2,infantry_line,195,228.82785864678993
16465,1,infantry_line,524,537.9106668616707
16466,2,infantry_line,453,452.5358344368869
16467,1,cavalry_light,365,374.21197627509395
16468,0,cavalry_light,413,391.7343662692551
16471,4,general,257,274.77259753572685
16473,4,general,223,245.19110539039883
16474,3,general,205,229.10467912125478
16475,2,general,357,369.1805524033812
16476,4,general,666,699.6339745222856
16477,3,general,923,864.1731437917189
16478,2,general,673,654.4781232084035
16479,0,general,231,239.59568239439153
16480,2,infantry_grenadiers,588,590.0525647707011
16481,3,infantry_line,339,340.23981334253574
16482,4,infantry_line,624,631.3546448095
16483,3,cavalry_light,812,867.3425840130228
16484,1,cavalry_light,359,356.3424658040037
16485,3,cavalry_light,557,562.8022088490367
16486,4,cavalry_light,340,346.2245968430521
16487,2,cavalry_light,696,712.5209961831738
16488,0,general,816,897.4124044190495
16489,2,general,388,385.8913965133064
16490,3,general,262,266.5023509356387
16491,3,general,688,745.1561096921823
16492,0,general,637,648.8544445020173
16493,0,general,452,464.71398179240083
16494,0,general,380,390.50867156912614
16495,1,general,460,473.4046394166214
16496,1,infantry_line,446,452.7408873414428
16497,1,cavalry_standard,879,848.2915677486586
16498,4,cavalry_standard,539,532.8092349628562
16500,1,general,284,272.47629475160005
16502,4,infantry_line,342,329.752585328214
16503,0,infantry_line,226,235.4954636804339
16504,1,infantry_skirmishers,116,129.53114902729394
16505,4,cavalry_standard,539,538.410617839088
16507,1,general,550,526.2617481951229
16508,0,general,449,452.28335694765235
16509,3,artillery_horse,974,987.8391145462118
16510,4,artillery_horse,325,324.47766806750377
16511,0,cavalry_lancers,369,373.77293810964585
16512,0,cavalry_lancers,558,505.19598424841377
16513,3,cavalry_lancers,541,492.48976304652314
16514,2,cavalry_light,436,447.1769990831637
16515,3,cavalry_light,411,418.5600175972867
16516,1,general,493,478.7156740007298
16517,3,general,285,296.25381280603307
16518,3,general,534,500.4331032035733
16519,0,general,229,255.93042285751733
16520,1,general,391,394.0571583182606
16521,4,cavalry_heavy,2274,2422.0590725539714
16523,3,cavalry_lancers,642,629.0760995611182
16524,1,cavalry_lancers,314,317.9543573283198
16525,4,cavalry_lancers,661,685.4719076718134
16526,4,cavalry_lancers,706,719.6411232959026
16527,0,cavalry_light,337,331.6803027847551
16528,3,cavalry_light,688,683.668070871559
16529,1,cavalry_light,696,693.6363023697512
16531,3,cavalry_light,344,355.2560222983622
16532,2,cavalry_standard,1478,1421.4572886082224
16533,0,general,356,342.3893135745949
16534,2,general,416,429.29509693713544
16537,1,general,241,249.04466927367042
16538,0,general,693,686.6630269611761
16539,0,general,267,260.2848671689492
16540,0,general,198,203.29155979080713
16541,0,general,488,492.34509240966963
16544,2,general,751,771.2664832905499
16545,4,general,1394,1343.5622266523746
16546,3,infantry_line,131,129.2897851136191
16547,3,infantry_line,225,223.17959065045366
16548,1,artillery_horse,1206,1208.8296342596195
16549,1,cavalry_lancers,434,384.1112709586203
16550,3,cavalry_light,595,573.4283840270729
16551,3,cavalry_light,753,772.5238076478008
16552,4,cavalry_light,278,276.52910781171687
16553,0,cavalry_light,649,655.4508765453289
16554,1,cavalry_light,344,343.7035103935364
16555,1,cavalry_light,357,343.4517728631101
16556,1,cavalry_light,1324,1417.4601862671896
16557,0,cavalry_light,716,701.2286453519976
16558,2,general,536,527.0123646509609
16559,4,general,1232,1209.3385963104652
16561,4,general,470,575.0214762035471
16562,4,general,310,296.6789410270446
16564,0,general,593,604.7136407475328
16565,3,cavalry_lancers,1027,1057.4218749699344
16566,4,general,844,830.7300615821182
16568,4,infantry_light,282,281.67977770246216
16569,0,cavalry_heavy,1062,1015.1064425601772
16570,1,cavalry_lancers,999,1033.0409436804168
16571,3,general,996,1071.4852502010308
16572,1,artillery_foot,1491,1378.789475388264
16573,2,artillery_foot,1428,1497.185154483544
16574,4,artillery_foot,810,822.48773751497
16575,0,artillery_foot,672,681.5429180341436
16576,3,cavalry_heavy,848,854.5492339407208
16577,2,cavalry_heavy,1224,1209.045511944124
16579,4,general,1069,1059.5765472417406
16580,4,general,1706,1562.096425098961
16581,2,general,1661,1552.0488993519737
16582,2,general,1506,1527.0703107871761
16583,1,general,713,738.3192309243055
16586,0,artillery_horse,973,932.2920790149849
16588,1,cavalry_heavy,794,827.0853711792593
16589,3,general,1377,1374.1779070902166
16590,3,general,630,651.1127855454428
16592,3,general,902,937.64696716108
16593,3,artillery_foot,714,704.4122944632348
16594,3,artillery_foot,720,727.8296780827477
16596,1,artillery_horse,415,423.63415361708945
16597,1,general,569,568.0441382445055
16598,4,artillery_horse,788,807.3059484547044
16600,3,general,433,505.3735487775326
16601,2,general,144,178.6879887854262
16602,3,infantry_grenadiers,263,271.1044686082243
16603,1,infantry_skirmishers,189,198.05636546478186
16604,0,artillery_foot,296,231.91563044548607
16605,4,artillery_foot,610,567.1412034473251
16606,4,artillery_foot,307,278.3115226310515
16608,0,artillery_foot,522,545.2107849342893
16609,0,artillery_foot,614,642.8961109655387
16610,4,artillery_foot,743,630.6019188537008
16612,3,artillery_foot,607,610.3296949330195
16613,0,artillery_foot,710,744.673743732628
16616,1,artillery_foot,383,321.4673935155278
16617,3,artillery_foot,233,239.2380315725439
16618,2,artillery_horse,733,766.3105230161729
16619,0,artillery_horse,1103,1133.9669889938318
16621,4,artillery_horse,649,597.7176939676273
16622,1,artillery_horse,1126,1118.9762593132891
16623,3,artillery_horse,974,987.8391145462118
16624,4,artillery_horse,912,936.5919311799556
16625,2,general,631,657.048851908007
16626,1,general,255,255.72378216478114
16627,2,general,55,55.044909144016835
16628,3,general,548,594.4312892636277
16629,2,general,513,525.405786214351
16630,3,general,348,299.30997193132094
16631,1,general,2221,1859.812971315821
16632,2,general,55,55.044909144016835
16635,3,general,145,145.06982984821062
16636,2,general,1,1.0
16638,2,general,895,892.7025931419245
16639,0,general,674,674.3199372373284
16641,1,general,522,521.8747313261657
16642,0,general,674,674.3199372373284
16643,2,general,534,625.1576863832181
16644,1,general,255,255.72378216478114
16645,0,infantry_grenadiers,166,143.96806096515445
16646,1,infantry_grenadiers,499,560.3921632846859
16647,1,infantry_skirmishers,208,222.1920735908283
16649,3,infantry_skirmishers,196,204.22437956049055
16650,3,infantry_skirmishers,197,204.6846256535171
16651,1,cavalry_light,597,586.4762697032314
16653,2,general,205,178.32661860827506
16654,2,general,239,232.64599351232727
16655,2,general,648,629.9285887611129
16656,1,general,73,52.28957895508378
16657,4,general,344,345.453189737202
16659,3,general,578,561.4299950776375
16660,3,general,879,952.8349942284432
16661,2,general,688,640.4757315926024
16662,1,general,382,396.3853444046389
16663,1,general,192,183.79050779518133
16664,0,infantry_grenadiers,807,849.9700607258775
16665,1,infantry_light,299,309.4371424915371
16666,2,infantry_light,291,290.9819006293209
16667,2,infantry_light,607,598.6555928620877
16669,2,infantry_line,303,289.1929129194466
16670,3,infantry_line,177,161.57957852870524
16671,3,infantry_line,329,337.90568662281277
16672,4,infantry_line,307,289.75907160429927
16673,0,general,237,233.67868949700315
16674,4,general,374,355.5248368771654
16675,1,general,428,412.97123485431473
16676,4,general,204,201.0839618224802
16678,1,general,732,756.9946214280866
16679,2,general,535,513.75881561937
16680,0,general,804,813.4534925202568
16681,1,general,343,308.24488537918813
16682,4,infantry_light,290,288.57806197934246
16683,3,infantry_light,537,559.3578979902945
16684,1,infantry_line,219,209.83819147763774
16685,2,infantry_line,480,475.07390366081086
16686,3,infantry_line,123,115.81666139788616
16687,3,infantry_line,457,427.87287703789156
16689,1,infantry_line,845,893.6293222653782
16690,0,infantry_skirmishers,249,259.41506019281036
16692,4,cavalry_standard,662,662.5441890175118
16693,0,general,521,506.6182320542506
16694,2,artillery_foot,671,666.8432509093041
16695,1,general,533,487.7850249672781
16696,1,general,476,470.032193981164
16697,2,general,148,149.81689528791065
16698,0,general,112,121.20704515505173
16699,0,general,409,403.56382940721903
16700,4,general,284,249.27117707925498
16704,3,infantry_line,178,179.2983089676308
16705,2,infantry_line,247,261.0438931855742
16706,1,infantry_line,211,229.07528329431685
16707,4,infantry_line,433,391.63415159895914
16708,4,infantry_line,395,369.64339117052504
16709,3,infantry_line,509,520.7709697548772
16710,1,general,343,355.6372601624286
16711,3,general,477,472.2319040484437
16712,0,general,85,82.40444898152236
16713,2,general,427,393.9478745011364
16714,0,general,681,710.3390851689593
16716,0,general,695,730.3030042567104
16717,2,general,415,417.6042577433638
16719,1,infantry_grenadiers,659,654.441894362047
16720,3,infantry_light,587,608.1223337904147
16721,4,infantry_light,490,449.1230464082121
16722,2,infantry_line,189,188.66549000537265
16723,3,infantry_line,282,290.93003166779596
16725,1,infantry_line,469,482.1820876476763
16728,2,artillery_foot,364,363.67682199835207
16729,3,general,403,405.3844728193811
16730,2,general,125,133.31132290554123
16731,2,general,170,174.1616982513695
16733,3,general,223,261.7434515848592
16734,0,general,964,1003.7261326219768
16735,4,general,735,747.7098858067812
16736,4,infantry_grenadiers,784,795.8847430617693
16738,0,infantry_line,233,246.3953206366252
16739,3,infantry_line,310,337.5420235329541
16740,1,artillery_horse,651,654.7839197338836
16741,4,cavalry_lancers,1645,1650.6810914540395
16742,1,cavalry_light,1281,1345.44048607814
16743,4,cavalry_light,1323,1412.5296456467988
16744,4,cavalry_light,860,873.7950559624741
16745,4,general,459,463.43052040399624
16746,1,general,741,751.8822625579506
16747,4,general,266,174.6879569062046
16748,4,general,476,442.33533788923614
16749,0,general,287,355.8940854676699
16751,2,general,1573,1604.4092148484633
16752,2,general,438,386.49787956215687
16754,2,infantry_grenadiers,443,298.02498598139255
16755,4,infantry_light,312,416.3457401292579
16756,4,infantry_light,408,405.45538757166764
16757,0,infantry_line,401,370.4828483339874
16758,2,infantry_line,434,381.2222501212833
16759,4,infantry_skirmishers,121,162.72978232947102
16760,4,general,383,372.51755592555173
16761,3,general,120,133.77679037887427
16762,1,general,329,314.11254058215724
16763,1,general,427,417.05862328019975
16764,1,general,593,591.2651435194209
16765,0,general,408,388.0666886705941
16766,0,infantry_grenadiers,719,720.7605748924288
16767,3,infantry_light,524,507.7814438136329
16768,0,infantry_line,439,430.0040193794718
16769,0,infantry_line,305,323.39317572877934
16770,1,infantry_line,195,191.80317182495725
16771,3,infantry_line,327,344.5207086569783
16772,4,artillery_horse,817,789.8060581666375
16773,1,cavalry_heavy,1848,1773.9426029450653
16774,4,cavalry_light,782,790.013332862165
16775,3,general,1846,1834.2984797251265
16777,0,general,796,799.4051217775993
16778,0,artillery_foot,860,739.368999319567
16779,4,artillery_foot,483,496.9194165372572
16780,4,general,209,190.1572971491576
16781,4,general,756,672.3907509976268
16783,1,infantry_line,224,251.54200662216218
16784,4,infantry_line,309,305.8722777540675
16785,0,infantry_line,182,204.6065242819297
16786,4,cavalry_light,607,605.1099440270217
16787,1,cavalry_light,1143,1254.3071256225278
16789,0,general,289,247.95235726792293
16790,4,general,1051,1162.6787646199077
16792,3,general,1075,1151.3781758562218
16793,2,general,918,890.9663801044126
16794,1,general,265,211.15615186226006
16795,1,infantry_line,348,308.4563714181592
16796,2,infantry_line,511,404.2212430979449
16798,3,infantry_skirmishers,324,306.7457205984229
16801,3,cavalry_standard,909,909.7384850224017
16802,2,general,102,111.1053076230451
16803,2,general,98,105.25956944617113
16805,4,general,177,199.51995120687474
16806,4,general,1059,1036.190456849793
16807,0,general,1160,1236.9416242469235
16810,4,infantry_line,196,208.25358222511048
16811,0,infantry_line,159,228.09805887618828
16812,2,infantry_line,194,211.46754531030194
16813,0,infantry_line,139,173.45398687191613
16814,2,infantry_line,254,236.18870422735287
16815,0,infantry_skirmishers,130,168.64625615934526
16816,1,general,168,161.2815254945774
16817,0,general,138,118.7326209095173
16819,1,infantry_line,269,277.69524644597544
16820,2,artillery_foot,241,282.693331737335
16823,0,cavalry_light,653,621.9602899002855
16825,0,general,179,182.07046339503276
16826,4,general,544,522.0683967386091
16827,4,general,493,590.4792721267561
16828,0,general,215,221.6768622507148
16829,4,general,299,295.8602505393795
16830,3,general,274,262.6464314013492
16831,2,general,653,756.8191078834087
16832,3,general,349,332.53914059333187
16833,0,general,567,570.9190984549193
16834,4,infantry_light,283,292.0247423788145
16835,2,infantry_line,374,374.37607753374965
16836,3,infantry_line,269,296.6997160594216
16837,4,infantry_line,290,296.85515620704405
16838,1,infantry_line,622,633.6010241332461
16839,1,infantry_line,410,397.4381776138694
16840,0,artillery_foot,187,240.9190252878375
16841,1,cavalry_heavy,1580,1535.1531746361902
16842,0,cavalry_light,949,1079.0526041018124
16843,0,general,812,943.8591041024531
16844,3,general,124,143.38605082618588
16845,3,general,109,129.69188691673838
16846,1,general,628,548.9341912750513
16847,4,general,1412,1374.125993053052
16848,2,general,447,439.47454054919376
16850,3,infantry_line,194,208.8795877170825
16851,0,infantry_line,179,194.19879941725299
16853,1,infantry_line,418,400.90840504975745
16854,1,infantry_skirmishers,488,394.3543835984741
16855,2,general,449,431.736727800196
16856,0,general,378,365.599248971307
16857,0,general,325,300.9138509753033
16858,4,general,457,434.504902257342
16859,3,infantry_light,487,490.46851901804
16860,1,infantry_light,387,369.47397838739147
16862,4,general,195,173.1115069276828
16863,3,infantry_line,298,292.42063749723076
16865,1,general,142,142.61715781748217
16866,0,general,40,57.45969900556588
16867,3,general,201,213.0303390907511
16869,1,infantry_line,208,206.03858742668868
16870,1,cavalry_light,409,403.20361518127004
16871,4,artillery_foot,860,879.6627282958425
16872,4,artillery_foot,413,435.7834024381953
16874,0,artillery_horse,1134,1231.3793321912292
16875,2,general,87,86.49914294059788
16878,2,general,1,1.0
16879,2,infantry_skirmishers,159,190.1192240326822
16880,0,infantry_skirmishers,219,201.21083716631767
16881,4,infantry_skirmishers,181,174.15528625403545
16882,3,cavalry_light,869,898.3550190611455
16883,1,cavalry_light,986,1044.6031805822774
16885,0,cavalry_standard,644,735.9329585208973
16886,3,general,96,100.49258312522288
16888,4,general,807,849.3699881493093
16889,0,general,509,571.1670585779929
16890,3,general,903,945.0968395649647
16892,1,general,76,111.10872122774931
16893,3,general,111,158.0304840948297
16895,0,general,750,754.8659536504441
16896,3,general,207,288.6462735516406
16897,2,general,970,994.2321982688915
16898,3,general,1215,1163.3757023231226
16899,3,general,1000,988.5710462247844
16900,3,general,399,408.28054436526907
16901,2,general,600,595.745964546589
16903,0,general,554,491.52904523198146
16904,3,infantry_grenadiers,1139,1177.6865148575093
16905,1,infantry_grenadiers,1023,1032.2339616567467
16907,3,infantry_line,164,159.84327070594432
16908,2,infantry_line,174,210.69529349481084
16909,2,infantry_line,150,180.39578468327971
16910,4,infantry_line,259,254.6264978066099
16911,2,infantry_line,147,167.30157799480747
16912,0,infantry_line,499,461.5448243020265
16914,1,infantry_line,508,522.1171162517134
16916,0,cavalry_heavy,1024,1040.3662492598312
16917,0,cavalry_heavy,1507,1507.5890542173584
16919,3,general,76,97.8330633595732
16920,1,general,1072,1148.4121799295872
16922,4,general,212,212.08625411341447
16924,0,general,1499,1519.6907921537536
16925,3,general,1561,1274.974059564578
16926,4,general,191,260.2239370771988
16927,4,general,859,797.7027650213404
16928,3,general,527,524.8656764461537
16932,2,general,1110,1012.7783833429299
16933,4,general,271,315.78930421601035
16934,4,general,847,850.8170232079784
16936,4,infantry_light,396,393.5635713493817
16938,2,infantry_light,732,710.1655076442632
16939,3,infantry_line,316,310.6094640326904
16940,0,infantry_line,140,157.7767022112486
16942,1,infantry_line,117,116.44756556953612
16943,0,infantry_line,543,551.9210148479608
16944,2,infantry_line,225,249.5049050658906
16946,2,infantry_line,287,311.8816326585724
16947,4,infantry_line,501,515.7604557344338
16948,1,cavalry_heavy,1790,1820.3862763656443
16949,2,cavalry_heavy,1396,1382.4892885536608
16952,4,cavalry_lancers,446,483.86641778943124
16955,0,general,196,182.53385939291394
16956,0,general,472,480.4576041352549
16958,0,general,1720,1621.6809786924307
16961,3,general,465,475.57079646765044
16962,2,general,1386,1408.6438038899803
16963,0,general,320,317.6919905960936
16964,2,general,213,214.41411137444194
16965,1,general,220,207.66364384899578
16966,3,general,92,120.90546298989534
16968,1,general,318,313.47298348157403
16969,4,general,317,339.7072003119654
16971,1,infantry_light,326,324.6157144258493
16972,0,infantry_light,304,314.33825041722787
16973,3,infantry_light,325,323.6350378283412
16974,3,infantry_light,345,347.8284910196941
16977,2,infantry_line,136,134.84511359827744
16978,2,infantry_line,424,415.94882314006014
16980,4,infantry_line,185,184.75315225310513
16981,4,cavalry_heavy,1003,1033.3161239700996
16982,1,cavalry_heavy,1396,1370.5659930524782
16984,2,cavalry_light,412,405.474005720308
16985,4,cavalry_light,2014,1851.405323261818
16986,0,general,180,172.71347636682142
16987,4,general,613,605.8465033054284
16988,1,general,1901,1805.8782574147954
16989,2,general,177,178.3589606209657
16992,3,general,285,284.8053691029485
16993,0,general,193,180.78489724971345
16994,1,general,1239,1209.0838824242055
16995,2,general,287,279.4479947327444
16996,2,general,220,220.31790008063587
16998,2,general,132,138.05642714433338
16999,2,general,97,150.08082616201756
17000,4,general,214,274.39566054058054
17001,4,general,235,280.22200731812586
17002,4,infantry_line,393,347.5770702430816
17003,4,infantry_line,435,414.6802499200296
17004,1,infantry_line,278,276.9584969497746
17005,1,infantry_line,273,275.6035775055341
17006,4,infantry_line,294,283.43899436939563
17007,2,infantry_line,283,277.6442684222907
17010,4,infantry_line,203,251.40424424349166
17011,1,infantry_line,232,271.8687975632309
17013,3,cavalry_standard,1478,1422.791457869683
17014,4,general,1473,1400.251934490706
17016,3,cavalry_lancers,1201,1223.072462033513
17017,1,cavalry_lancers,995,982.2162357790346
17018,3,general,1055,1088.8186078881408
17020,1,general,97,117.5940806059571
17022,1,general,363,360.03295498107104
17023,2,general,374,327.90660132025783
17024,4,general,367,382.8889954892768
17025,2,general,876,876.1882286608583
17027,4,general,46,68.77049755026692
17029,1,infantry_light,285,334.2992732656713
17030,2,infantry_light,296,344.87508240314656
17031,2,infantry_light,815,848.7783524923195
17032,2,infantry_line,150,161.9598074966133
17033,1,infantry_line,346,314.93688440485477
17034,0,infantry_line,171,184.8957143135085
17035,4,infantry_line,293,280.3628718524742
17036,0,infantry_line,480,494.6202748154942
17037,2,cavalry_heavy,1712,1693.3770202625954
17038,1,cavalry_heavy,886,925.4307347288988
17039,2,cavalry_standard,1129,1153.2564532397653
17041,2,general,795,798.4730819777769
17043,2,general,720,736.2174925403813
17046,3,general,96,108.49837925680788
17047,3,general,1470,1448.7916184390579
17049,2,general,583,585.7962051864371
17050,1,general,395,404.36817821218796
17051,2,general,305,303.10270973234435
17052,2,general,266,319.31865458637867
17053,2,general,255,261.9230417652409
17054,1,general,984,973.2490141998699
17055,1,general,864,848.619324647384
17057,0,infantry_grenadiers,999,971.4614026976949
17059,1,infantry_line,168,163.7739899485428
17062,3,infantry_line,411,408.5446790447937
17063,3,infantry_line,458,470.1152771073458
17064,0,infantry_line,335,383.6492811170437
17065,1,infantry_line,493,500.9249068808348
17067,0,infantry_line,359,366.6186826050855
17068,3,infantry_line,291,290.3551860258172
17070,0,cavalry_heavy,844,1009.1942429614485
17071,4,cavalry_standard,549,543.101217669128
17072,3,cavalry_standard,1106,1099.70715022592
17073,1,general,918,898.4751242512307
17074,1,general,448,441.3624021003379
17075,4,general,760,956.7210859245016
17076,0,general,503,501.9954658889349
17077,3,general,556,570.3478608878015
17078,4,general,867,987.694060223622
17080,2,infantry_light,560,582.8979644469134
17081,0,artillery_horse,550,552.7526866461725
17082,3,cavalry_heavy,1110,1088.9387425774091
17084,1,cavalry_standard,1015,1003.2275429405228
17085,2,cavalry_standard,701,706.0385888729325
17087,0,general,227,209.55205319419744
17089,0,general,96,103.66142774549542
17090,2,general,63,78.51476717443133
17091,2,general,880,870.6959804123319
17092,0,general,323,313.93928682657395
17093,1,general,1039,1013.1732731434198
17094,1,infantry_line,285,271.916604932691
17095,3,infantry_line,286,272.1591618498173
17096,3,infantry_line,201,208.54158588737005
17097,1,infantry_line,140,141.67666376945178
17099,3,cavalry_heavy,1249,1250.3741979112438
17100,3,cavalry_light,409,405.1568055017999
17101,4,cavalry_light,381,373.6527381783066
17103,2,cavalry_standard,801,790.7929459786889
17104,4,cavalry_standard,811,748.6826822154214
17105,4,general,650,590.124997901815
17106,2,general,940,966.135459334253
17108,1,general,912,873.9816945881115
17109,2,general,341,347.46347071798164
17111,1,general,800,789.3815353451871
17113,3,general,195,264.34426734350615
17114,4,general,296,291.69298579093834
17115,1,infantry_light,291,289.50680150069934
17116,2,infantry_line,435,421.84028091863183
17117,4,infantry_line,403,390.93396191705205
17119,4,cavalry_light,314,320.1749478989826
17120,3,general,271,301.08382107779227
17121,4,cavalry_light,591,594.8273386833656
17122,2,cavalry_light,412,405.474005720308
17123,0,cavalry_light,478,462.39490446187256
17125,3,cavalry_light,1072,1103.5923534588633
17126,0,cavalry_light,537,509.3367643332148
17127,3,general,440,445.66151356340043
17128,0,general,521,459.35548753081366
17131,1,general,433,426.6648687131339
17132,0,general,468,484.00563547637296
17134,0,general,581,587.0005108044129
17135,0,general,692,705.1545604369667
17136,0,infantry_light,514,523.9915296342898
17137,0,infantry_line,640,656.3490396575357
17138,1,cavalry_lancers,725,654.9236608289423
17139,2,cavalry_lancers,314,336.3133809101464
17140,2,cavalry_lancers,376,387.4482088640143
17141,3,cavalry_lancers,941,904.2902776346564
17142,0,cavalry_standard,532,561.2347905320178
17143,2,cavalry_standard,899,844.5364354039052
17145,0,general,250,258.68911819567495
17146,0,general,272,277.3543542200533
17147,2,general,434,464.2159018033718
17148,1,general,612,552.4879963715488
17151,1,general,239,235.4744791661963
17152,2,infantry_light,227,240.31794606678505
17153,3,infantry_line,305,300.7510226873544
17154,1,artillery_foot,811,779.2738202103465
17156,2,general,652,636.5728340168039
17157,2,general,228,232.27900948264374
17158,0,artillery_foot,805,784.3705141813743
17159,4,artillery_foot,771,754.9113912332157
17160,1,artillery_foot,363,390.75574303604157
17161,3,artillery_foot,670,706.3256740744959
17162,1,artillery_foot,946,903.4690074954232
17163,1,artillery_foot,600,601.2448000928568
17164,1,artillery_foot,393,388.85545997386606
17165,1,artillery_foot,530,561.1129338253305
17166,3,artillery_foot,1137,1163.2701595822662
17167,4,artillery_foot,736,743.5352292152838
17169,0,artillery_foot,1199,1171.9855624947959
17170,1,artillery_foot,407,406.57944416229543
17171,1,artillery_foot,326,339.2084287974029
17172,1,artillery_foot,716,726.3573910653549
17175,2,artillery_foot,496,525.3078071029933
17176,2,artillery_foot,1030,1094.3756334062607
17177,1,artillery_horse,1196,1154.7550952792255
17178,0,artillery_horse,512,497.55988725818685
17179,4,artillery_horse,1120,1084.6000600646341
17181,2,artillery_horse,1050,1071.3196926604144
17182,1,artillery_horse,102,145.29729939006998
17183,2,artillery_horse,519,526.7002685474054
17184,3,artillery_horse,526,532.3302428768425
17185,1,artillery_horse,1076,1092.1107041849302
17187,1,general,378,367.4405623640445
17188,3,general,498,514.2359566286777
17189,3,general,364,391.64243229749627
17190,0,general,312,312.6301442668621
17191,0,general,855,787.5047222111324
17192,3,general,1347,1351.298477949739
17193,0,general,312,312.6301442668621
17195,4,general,646,638.9985411636044
17198,0,general,623,620.1105296136384
17199,3,general,177,177.30756981447954
17200,0,general,312,312.6301442668621
17201,0,general,2542,2284.4410304455773
17202,1,general,737,731.610835898383
17203,4,general,1041,1038.1353835799687
17205,4,general,467,467.3429044114727
17206,1,general,1232,1229.574084253454
17207,1,general,467,467.0774232741304
17208,3,general,177,177.30756981447954
17210,1,general,220,281.81776855246954
17211,1,general,230,299.18884335774413
17213,1,general,668,690.1507064627106
17214,3,general,177,177.30756981447954
17215,4,infantry_grenadiers,340,312.2577830912393
17216,3,infantry_grenadiers,349,410.7033457430486
17217,1,infantry_grenadiers,360,297.48540494763694
17218,0,infantry_grenadiers,655,617.5151094032464
17219,4,infantry_grenadiers,339,362.68739190580555
17220,1,infantry_skirmishers,211,202.69008611678623
17221,2,infantry_skirmishers,216,207.8435099542174
17222,0,infantry_skirmishers,231,240.11292901388342
17223,0,infantry_skirmishers,231,240.11292901388342
17225,4,general,710,573.2031381729431
17226,1,general,172,168.62114670496172
17228,3,general,376,345.3761028464911
17230,3,general,158,176.3352770312774
17232,1,general,305,294.9159071611765
17233,0,general,581,530.5026565452681
17234,3,general,330,319.0368719182003
17235,4,general,93,97.884447356092
17237,2,general,194,184.84424127589756
17239,1,general,427,417.67082210888833
17240,0,general,530,512.6869130180047
17241,2,general,501,571.9206097117667
17242,2,general,152,205.00902801948865
17243,2,general,684,701.2556667893298
17244,2,general,241,329.0660786309765
17245,4,general,868,886.0625865286089
17246,1,infantry_grenadiers,309,386.71454625723027
17247,4,infantry_grenadiers,629,695.5591322552167
17248,4,infantry_irregulars,217,201.75316877597666
17249,2,infantry_light,749,636.0651414637906
17250,0,infantry_light,431,438.09894443510103
17251,3,infantry_light,617,605.4362090546813
17252,4,infantry_light,374,376.4784060796535
17253,3,infantry_light,818,871.79247786138
17254,4,infantry_light,815,812.6164474990927
17255,4,infantry_line,373,364.6899593371323
17256,4,infantry_line,430,428.7104720236195
17257,2,infantry_line,406,401.8408338325702
17258,0,infantry_line,234,271.4928987805862
17259,0,infantry_line,231,238.57899009761357
17260,2,infantry_line,386,385.62377985417123
17261,0,infantry_line,310,296.52637228318247
17262,3,infantry_line,300,296.10241451921144
17263,2,infantry_line,273,271.62252015174397
17266,1,infantry_line,356,439.116031440616
17267,2,infantry_skirmishers,241,285.36482683826057
17268,1,cavalry_lancers,988,967.5205720671456
17270,2,general,264,266.01968926130587
17271,2,general,463,496.23874424580356
17272,3,general,820,805.3101244743865
17273,0,general,695,795.249872348432
17276,4,general,283,289.3230910479995
17277,3,general,342,310.71702787443405
17278,3,general,537,512.8625659604711
17279,1,general,296,386.60530709682456
17280,1,general,1308,1358.7157440011533
17281,0,general,420,436.3613049789925
17282,2,general,404,388.00376097377864
17283,4,infantry_grenadiers,364,356.63284561046254
17284,0,infantry_light,504,492.4473284526864
17285,1,infantry_light,463,460.84009865561836
17286,2,infantry_light,496,503.1770679849834
17287,2,infantry_light,653,648.9801840969882
17288,3,infantry_line,260,260.024170879998
17289,1,infantry_line,444,415.6426496706574
17290,2,infantry_line,216,224.77170191970924
17291,0,infantry_line,251,289.0578637145179
17292,4,infantry_line,282,285.51541943546744
17293,2,infantry_line,1116,1155.803611576107
17294,3,infantry_line,308,370.9705450819863
17295,0,infantry_line,527,547.3686508830867
17298,3,artillery_foot,451,422.26760527239486
17299,0,artillery_foot,926,912.1608875811323
17300,3,artillery_horse,543,545.570109256183
17302,0,general,340,317.5837970432452
17304,1,general,285,272.24511000509654
17305,1,general,99,141.02454686528733
17306,3,general,389,365.20015803683873
17307,2,general,243,282.4489763030004
17308,3,infantry_light,440,436.4384449995384
17310,1,infantry_light,318,352.00134796522786
17311,3,infantry_line,384,380.48009183712503
17313,2,infantry_line,210,249.54821143207798
17315,3,cavalry_light,489,455.69406131106336
17316,1,cavalry_light,801,773.4513885834094
17318,1,cavalry_standard,752,764.7437918242055
17320,0,general,358,326.57016898112204
17321,2,general,388,367.5805630684457
17323,2,general,293,291.0208110927703
17324,3,general,166,172.52554107689784
17325,2,general,682,655.5654777588976
17326,3,general,405,405.89211227304986
17327,1,general,619,602.708118563145
17329,0,infantry_light,399,394.38859756312485
17330,1,infantry_line,344,341.9017772648024
17332,4,infantry_line,434,416.3758196711527
17333,2,infantry_line,574,579.1806748394455
17336,3,artillery_horse,1973,1957.4596518644773
17338,0,cavalry_light,431,431.8278361898238
17339,1,cavalry_light,1112,1163.170695386009
17340,1,general,430,420.8956430463719
17341,3,general,289,293.0170821111258
17343,4,general,106,124.46265865888564
17344,4,general,1031,1067.2055821968086
17345,3,general,150,165.446487840831
17346,4,general,120,130.41342542082097
17348,1,general,803,723.4318652164836
17349,3,infantry_grenadiers,480,530.8632500347743
17350,0,infantry_line,248,271.7070279318756
17351,3,infantry_line,212,234.37341983037564
17352,0,infantry_line,579,571.2737420514837
17354,1,infantry_line,850,792.3411539041265
17355,0,infantry_line,187,201.20981837137387
17356,4,infantry_line,500,495.66331184858734
17358,0,general,72,78.09010564158294
17359,3,general,114,112.24687376957752
17360,2,infantry_line,215,217.3969606662592
17361,4,infantry_line,173,183.06854753778416
17362,3,general,182,187.76658094377206
17363,2,general,87,85.57256184319053
17364,3,infantry_line,183,189.66010258198037
17365,1,infantry_line,248,249.81576629349038
17366,2,general,304,285.5125738193725
17367,4,general,79,118.48135844809649
17368,4,general,342,323.68035620342306
17369,2,general,534,509.4071198374558
17370,3,general,156,178.85821099272545
17371,3,general,302,285.02113512648475
17372,4,general,399,416.52661722996504
17373,3,general,496,458.7952082882306
17374,1,general,277,266.297351554746
17375,4,general,441,394.6965365011889
17376,3,general,330,369.5993527619919
17377,2,general,623,612.846159611765
17379,4,general,532,544.8845489656851
17380,1,general,520,500.4697771177529
17381,3,general,604,609.4684199971712
17382,1,general,381,415.0756985822077
17383,1,general,376,406.51311440579
17384,2,general,570,569.0126758261607
17385,1,general,385,456.91705898434293
17386,1,infantry_grenadiers,369,449.7225901705811
17387,1,infantry_grenadiers,431,504.4667099285118
17389,3,infantry_grenadiers,496,519.2914870986339
17390,1,infantry_light,600,589.5626617496633
17391,3,infantry_light,582,571.1325376020673
17394,2,infantry_line,171,225.2641309872805
17395,1,infantry_line,479,461.58303163461153
17396,1,infantry_line,397,391.33637228808215
17397,2,infantry_line,222,229.27365881642814
17398,3,infantry_line,404,395.8167610411001
17399,2,infantry_line,338,343.4527040829465
17400,3,infantry_line,306,323.5460394190974
17402,2,infantry_line,325,328.69318491361855
17404,1,infantry_line,675,615.8207066618111
17405,0,infantry_line,715,728.792162022515
17406,1,infantry_line,672,674.5607685975166
17407,1,infantry_line,594,617.1360150284552
17408,4,infantry_line,482,480.7705653131711
17409,3,infantry_line,372,382.0286519121165
17410,1,infantry_skirmishers,250,267.1399413590611
17411,2,infantry_skirmishers,377,359.5940960394229
17412,4,artillery_foot,346,361.9105746217419
17413,3,artillery_foot,822,724.3570816814276
17414,0,general,273,266.07177425390216
17415,4,general,463,459.8155786887128
17416,1,general,263,256.6456025056187
17419,3,general,836,814.5721121293884
17421,1,general,203,232.92232032505814
17422,0,general,437,513.3578067135713
17423,3,general,854,867.5745264006961
17424,1,infantry_grenadiers,378,425.841242584098
17425,4,infantry_light,422,441.7497847198202
17426,3,infantry_light,311,322.37287690753544
17427,4,infantry_line,317,316.2369415581897
17429,4,infantry_line,330,332.3348007052914
17430,3,infantry_line,307,312.0006754099844
17431,2,infantry_line,177,182.3487200462205
17432,4,infantry_line,971,1010.4708011210524
17433,1,infantry_line,952,932.8576132581364
17434,3,infantry_line,234,230.6730017425341
17435,4,infantry_line,289,286.5149186590859
17436,4,infantry_skirmishers,218,235.96789925899674
17437,1,artillery_foot,375,363.95959052231393
17438,0,general,595,565.7471116779055
17439,2,general,491,487.7925380326873
17440,0,general,617,572.0855611585902
17441,2,general,778,750.7808194839806
17442,4,general,399,363.28007979296507
17443,2,infantry_grenadiers,673,773.0562605639143
17444,2,infantry_light,731,705.048878520502
17445,2,infantry_light,904,902.6328812853885
17446,3,infantry_line,445,451.88898262136655
17447,1,infantry_line,508,473.5975756827026
17449,2,general,748,712.0314015567486
17450,0,general,365,349.15293997876955
17451,0,general,313,312.1591880865966
17453,3,general,676,651.4721857594338
17455,1,infantry_line,492,481.6909981559715
17457,3,infantry_line,365,378.91736829600774
17458,2,infantry_line,664,659.3668922702839
17459,4,infantry_line,780,773.8242354079263
17460,2,general,198,249.1373669024593
17461,3,infantry_light,291,292.14568235529816
17462,2,infantry_line,308,357.7464593686781
17463,4,infantry_line,270,229.10738478665957
17465,2,general,226,219.51904165825545
17467,1,infantry_line,277,344.9773386011895
17468,3,cavalry_light,656,640.1052301910871
17469,1,cavalry_light,643,628.9248212515663
17470,3,general,498,517.0295837746304
17473,2,cavalry_standard,420,379.20641113412586
17475,2,general,205,209.91059606516131
17476,0,general,714,657.7808442559599
17477,0,general,381,366.78119919781324
17479,3,general,152,209.5428736657535
17480,2,general,152,175.50431714148658
17481,3,general,667,612.0251124380296
17482,3,general,328,348.68936462038903
17483,3,general,608,615.47163179711
17484,2,general,349,359.858695279513
17485,1,infantry_line,579,554.6635672842029
17486,3,infantry_line,213,246.32205457735327
17487,2,infantry_line,174,199.52969181811994
17488,1,infantry_line,266,272.3394528190065
17492,4,infantry_line,415,415.4317449552732
17494,4,infantry_line,440,459.9606537053997
17497,2,cavalry_lancers,717,766.7066581533159
17498,3,cavalry_light,584,553.0844944364615
17499,4,general,228,310.30851758413274
17500,3,general,148,202.69663287972188
17501,1,general,1,1.0
17502,1,general,58,56.59930158743103
17503,2,general,200,192.59643824220822
17504,2,general,570,609.8040510133142
17506,2,general,7,1.0
17507,3,general,616,610.5538749483325
17508,3,general,177,176.3281280657164
17509,4,general,8,1.0
17510,0,general,718,664.5926289069344
17511,0,general,100,100.29389521951367
17512,0,general,337,308.8392761009849
17513,4,general,711,725.1266088622167
17514,0,general,775,800.6984731332806
17515,2,general,241,243.17857201466683
17517,0,general,562,546.1811954137551
17518,3,general,378,419.052935722387
17519,0,infantry_grenadiers,377,388.5503961087562
17520,3,infantry_light,380,408.05150797552335
17521,2,infantry_light,250,313.3033879895886
17522,3,infantry_light,211,207.29026500656963
17525,4,infantry_light,612,635.0385439460523
17526,2,infantry_line,269,262.6278933716879
17527,3,infantry_line,343,358.8870999963781
17528,2,infantry_line,166,155.40561976921396
17529,2,infantry_line,114,99.3086685550609
17531,2,infantry_line,121,118.25136201936549
17532,4,infantry_line,104,98.48611242624257
17534,2,infantry_line,281,284.69196670858673
17536,3,infantry_line,458,424.1891643102448
17537,4,infantry_line,614,613.9894957774509
17538,1,infantry_line,716,718.859480749445
17539,0,infantry_line,360,358.2655928527025
17541,2,infantry_skirmishers,203,250.91705930129862
17542,1,infantry_skirmishers,78,143.5414984269912
17543,2,infantry_skirmishers,250,277.7275680200581
17544,2,artillery_horse,644,641.9212009194541
17547,1,cavalry_light,1070,1123.6751555348023
17548,2,cavalry_light,840,849.1066395137782
17552,2,general,167,192.15046226116687
17554,4,general,1420,1354.969686076169
17555,3,general,128,128.7537454086898
17556,0,general,112,115.62988948278641
17557,2,general,138,163.8070244425682
17558,4,general,678,667.3329051134425
17559,4,general,187,203.77601025726898
17560,4,general,190,212.29336854113808
17561,1,general,223,316.44706376995555
17562,0,general,872,855.3658748520093
17563,3,infantry_grenadiers,335,423.37593650967784
17564,2,infantry_irregulars,135,122.90545060431839
17567,4,infantry_line,267,282.3752646556374
17569,2,general,158,174.71525852441832
17570,4,general,430,444.8187035294021
17571,0,general,299,285.9279907587306
17572,1,general,184,190.895106380518
17573,2,general,134,131.15438304090546
17574,1,infantry_grenadiers,425,450.0914699475072
17575,4,infantry_irregulars,146,152.52264403985785
17576,4,infantry_line,221,234.0010517011488
17577,0,infantry_line,254,250.3776994799058
17578,3,infantry_line,240,236.9399115355596
17579,1,infantry_line,300,291.3682701455726
17580,2,infantry_skirmishers,340,339.98884031385813
17581,2,general,255,248.94966594168437
17583,1,general,361,364.0650800600516
17584,1,infantry_light,240,236.51859416326377
17586,3,infantry_line,418,424.24757080495885
17587,2,infantry_skirmishers,289,258.02129258722346
17588,4,cavalry_standard,392,378.5981568210981
17589,1,general,265,256.92263194356417
17590,4,artillery_foot,473,559.7030327699209
17591,3,general,143,186.90736662581713
17592,4,general,1135,1093.693193277903
17593,2,general,173,189.83068500557974
17594,1,general,299,300.14464293139383
17595,3,general,276,269.1930614425072
17598,4,general,369,380.22020093113395
17599,4,general,71,80.01836937880985
17600,2,general,539,547.0730648793161
17602,4,infantry_light,371,387.24690146175476
17603,2,infantry_light,820,835.8071072438458
17604,2,infantry_line,478,493.80997022081317
17605,3,infantry_line,184,197.30881092502554
17607,1,infantry_line,162,170.27597319280918
17608,4,infantry_line,192,210.8774641989456
17609,0,infantry_line,381,381.5498765488822
17610,4,infantry_line,219,253.55416889994478
17611,2,infantry_line,453,456.5111624027269
17612,3,cavalry_light,412,414.96579458207214
17613,0,cavalry_light,464,463.8121569503957
17614,1,cavalry_light,270,251.33196229603834
17615,1,cavalry_light,271,253.35846407428375
17616,1,cavalry_light,352,339.76911193536824
17617,2,cavalry_light,379,324.7836266382368
17618,3,cavalry_standard,906,942.6863481014768
17619,1,cavalry_standard,1204,1185.7591911670818
17620,0,cavalry_standard,1027,925.188976090798
17621,0,cavalry_standard,716,708.4158950443739
17622,0,cavalry_standard,584,555.4287319449713
17623,0,cavalry_standard,548,539.0367759772919
17624,2,cavalry_standard,614,598.5613188638981
17625,3,cavalry_standard,283,336.467695180792
17626,4,general,125,131.54951504871826
17627,2,general,844,760.4564229790124
17628,1,general,510,496.9280828425243
17629,0,general,1277,1211.6342497617388
17630,1,general,309,330.56705786113383
17631,0,general,338,332.88251221902567
17632,0,general,120,135.4730310414213
17634,2,general,225,245.1556535449707
17636,1,general,676,668.0496807733117
17638,4,general,267,283.9051633430426
17639,3,general,377,373.284049379979
17641,3,general,1015,989.1616852330652
17642,4,general,994,885.6984990918576
17643,2,general,920,904.6450741017491
17644,1,general,559,483.8683373263131
17645,0,infantry_grenadiers,1042,920.9041313341486
17646,0,infantry_light,361,361.94595079667727
17647,0,infantry_line,218,241.79295310584263
17648,4,infantry_line,246,269.85157887301165
17649,0,infantry_line,472,481.4226081584058
17650,2,infantry_line,1038,967.4587733321132
17651,2,infantry_line,907,908.2622712493904
17652,0,infantry_line,729,737.6789273346362
17653,0,infantry_skirmishers,257,265.4704570769381
17654,0,artillery_horse,649,647.680688632307
17655,2,cavalry_light,389,394.83132517270036
17656,0,cavalry_light,924,1020.3025772456351
17658,4,cavalry_light,430,431.87926000528375
17659,3,cavalry_standard,911,957.968094188859
17660,2,cavalry_standard,675,717.6373736528859
17662,0,general,517,554.4971443717128
17663,3,general,295,296.7848976513287
17664,1,general,256,264.71496351165274
17665,4,general,987,1071.194846156557
17666,4,general,708,755.2210212679948
17667,0,general,462,432.166646601332
17669,4,general,523,505.39665533796517
17670,3,general,256,261.0265965110584
17671,4,general,898,934.8819553029164
17676,4,infantry_light,353,384.51848309659533
17677,0,infantry_light,774,727.8637740222107
17678,2,infantry_light,1020,962.6040899929343
17679,2,artillery_foot,900,842.0075314676387
17680,1,cavalry_standard,1101,1042.8541514784108
17681,4,cavalry_standard,519,506.35888737090835
17682,0,cavalry_standard,628,589.5420180779975
17684,3,general,420,423.21010961013667
17685,3,general,642,596.342775953666
17686,0,general,911,853.8030824071895
17688,1,artillery_horse,1360,1333.9532620002467
17689,1,cavalry_heavy,1845,1742.8000033893286
17690,1,cavalry_light,869,855.5308988122546
17692,4,general,1756,1761.8993740658334
17694,4,general,703,698.1989610581012
17695,0,artillery_horse,1275,1282.9787160428307
17697,0,cavalry_lancers,1293,1245.067324259321
17698,2,cavalry_light,1138,1265.9169751073243
17699,2,cavalry_light,930,956.8945250896317
17701,2,cavalry_standard,1118,1137.2757397755074
17702,4,cavalry_standard,1249,1270.4901972500604
17703,1,cavalry_standard,933,850.5403106312232
17704,3,cavalry_standard,670,732.8692752401646
17705,2,cavalry_standard,1252,1330.0595093792658
17706,2,cavalry_standard,979,1008.7546755596851
17707,3,general,1051,1071.0839286715475
17708,4,general,1131,1106.7575345482082
17712,3,general,1416,1457.8708879276285
17713,3,general,1147,1137.7835656814416
17715,4,general,1216,1163.6738476455496
17716,1,artillery_horse,1360,1333.9532620002467
17717,2,artillery_horse,169,246.3110951535166
17718,2,cavalry_light,421,408.80261487110107
17719,4,cavalry_standard,534,516.4391206035
17720,3,cavalry_standard,1160,1116.7491859158697
17721,3,general,485,469.82994749782296
17722,4,general,1013,938.1818254338765
17724,0,cavalry_standard,728,712.9254899880847
17725,4,cavalry_standard,1043,1070.642115433076
17726,1,general,579,567.1122857713268
17727,3,general,893,891.9856763533699
17728,0,general,1066,1076.0125469980949
17729,1,artillery_horse,1360,1333.9532620002467
17730,1,artillery_foot,375,363.95959052231393
17731,0,general,291,293.61824589799687
17732,3,general,178,176.1159397282748
17733,2,infantry_light,401,412.7643288956642
17734,2,infantry_line,285,285.42067284856546
17735,0,general,104,122.65940319522804
17736,0,general,143,139.99728692745865
17739,4,infantry_line,245,245.3655706346018
17740,2,infantry_line,177,182.3487200462205
17741,1,general,796,697.7725655461779
17742,2,general,406,371.39512213034135
17743,0,general,731,578.0264906651269
17744,0,infantry_light,933,804.3342679412909
17745,1,infantry_line,683,539.3571220371616
17746,1,infantry_line,478,426.5380818257898
17747,2,cavalry_light,567,583.0606309892847
17748,3,cavalry_light,338,336.9708202039172
17750,1,cavalry_standard,655,676.2692864123914
17752,3,general,389,430.5830231124012
17753,0,general,518,544.1747762218057
17754,4,general,205,215.87629944098023
17756,4,artillery_foot,356,369.3014093170365
17758,2,artillery_foot,967,990.0994462077479
17759,3,artillery_foot,428,392.1168391488905
17762,4,artillery_foot,418,398.46719303102356
17763,4,artillery_foot,634,699.9534867497619
17764,4,artillery_foot,634,699.9534867497619
17765,4,artillery_foot,634,699.9534867497619
17766,4,artillery_foot,634,699.9534867497619
17767,4,artillery_foot,634,699.9534867497619
17769,0,artillery_foot,558,573.1510134812302
17770,0,artillery_foot,558,573.1510134812302
17771,3,general,199,199.47101604128954
17773,0,general,351,351.70891230021994
17774,2,general,556,549.8436225972765
17775,0,general,351,351.70891230021994
17776,3,general,76,75.66611389152463
17777,3,general,199,199.47101604128954
17778,2,general,927,925.6818665503254
17779,3,general,199,199.47101604128954
17780,1,general,700,700.8118323279182
17781,1,general,198,218.89473266058914
17782,2,general,556,549.8436225972765
17783,1,general,718,717.5777555734778
17784,4,general,569,590.6083176789862
17785,2,infantry_grenadiers,365,329.72439166768464
17786,3,infantry_grenadiers,372,297.5085910154795
17787,3,infantry_grenadiers,372,297.5085910154795
17788,0,infantry_grenadiers,367,246.59583811145626
17789,4,infantry_grenadiers,370,319.9300939254695
17790,0,infantry_grenadiers,357,320.6843481326834
17791,0,infantry_skirmishers,209,222.28879018416166
17792,2,infantry_skirmishers,206,211.31287325257406
17794,0,infantry_skirmishers,209,222.28879018416166
17795,1,general,487,393.3922934819953
17796,2,general,650,785.8666309773804
17797,2,general,367,335.3060241910886
17798,4,general,252,259.85245235053225
17799,4,general,481,494.69612440024497
17800,1,general,157,156.5880171541263
17801,0,general,1751,1569.3744966136321
17802,3,general,294,320.8429232199194
17803,3,infantry_grenadiers,1272,1402.8023886504527
17805,2,infantry_light,448,383.1204365923518
17806,2,infantry_light,266,268.90959244486135
17807,4,infantry_light,169,197.43390102257
17808,0,infantry_light,161,151.93243784994385
17809,2,infantry_light,152,141.84706641268141
17811,0,infantry_light,268,267.50558029437315
17812,2,infantry_line,163,166.78374562102832
17813,2,infantry_line,367,390.9353148543967
17814,1,infantry_line,423,407.59201272553264
17815,3,infantry_line,233,231.24783973609775
17816,2,infantry_skirmishers,231,224.71275914458218
17817,1,general,262,259.957994929598
17818,4,general,108,93.06106693060468
17819,2,general,162,160.4747986489372
17820,2,general,386,413.2688613946612
17821,4,general,306,415.4471766920407
17823,0,general,425,426.68746290553736
17824,2,general,379,378.24703643706596
17825,3,general,768,708.204440730046
17826,0,general,379,421.06989571732544
17829,4,infantry_light,255,270.35690368326436
17830,2,infantry_light,200,194.93925812897018
17831,2,infantry_light,824,785.9549715495998
17832,3,infantry_light,456,520.4752764125337
17833,2,infantry_line,206,200.17491787413024
17834,3,infantry_line,339,344.6478626487124
17836,0,infantry_line,446,490.61177919711855
17837,3,infantry_line,283,371.9150094043813
17838,0,infantry_line,492,491.3731440286332
17839,0,general,132,140.2847657437828
17840,4,general,113,119.67022706463395
17841,3,general,253,236.72217667607094
17842,2,general,295,285.3243298608525
17843,0,general,344,320.02355555068885
17844,0,general,115,160.98067159793743
17845,4,general,390,361.3172912245433
17846,4,infantry_line,158,161.58313514460446
17847,1,infantry_line,181,187.29594715842194
17848,2,infantry_line,315,303.16229315292435
17849,4,infantry_line,308,271.89764383378457
17850,1,infantry_line,452,427.8018826997371
17851,4,infantry_line,190,227.36435197784033
17852,4,general,24,41.49032851626847
17853,2,infantry_line,247,234.06907742853141
17855,1,general,112,126.87989071935878
17856,3,general,7,18.414503568599287
17857,4,infantry_line,122,116.22663323081994
17859,4,general,258,257.6908810387897
17860,4,infantry_line,329,326.98602803693166
17861,3,infantry_line,230,255.57972319353357
17862,1,general,197,202.9670426080394
17863,3,general,285,283.1371227656885
17864,2,general,142,192.4384062518655
17866,2,general,284,276.8373293336371
17867,4,general,615,564.8964301572477
17868,1,general,271,271.8954124197501
17869,4,general,685,630.6779090328379
17870,3,general,286,249.02322823442367
17871,0,general,444,417.1497471540589
17872,3,general,221,188.7423235792901
17873,2,general,970,990.6997650165009
17875,1,general,152,160.7942683319133
17876,2,infantry_grenadiers,734,728.3689649267517
17877,1,infantry_light,538,538.7636897737194
17878,3,infantry_light,230,242.8686341247916
17879,4,infantry_light,223,234.45936815746333
17880,1,infantry_light,285,259.17776012404875
17882,3,infantry_line,242,250.04225407213983
17883,0,infantry_line,165,204.724333356479
17885,0,infantry_line,279,276.43524787704365
17886,0,infantry_line,211,206.04667665622614
17887,2,infantry_line,418,399.869425621266
17888,0,infantry_line,338,346.04879525545994
17889,2,general,118,134.50699347568903
17890,0,general,119,105.95151446757737
17891,4,general,275,268.7906879634764
17893,0,general,109,148.98933900021353
17894,0,general,150,140.9945203593687
17895,3,general,204,224.97387722336023
17896,1,infantry_light,294,317.18186334489945
17897,3,infantry_light,275,298.8419443277932
17899,0,infantry_light,222,221.81620791700536
17900,2,infantry_light,191,183.36290490994273
17901,2,infantry_light,213,206.78773754931484
17903,3,infantry_line,212,263.6105504334884
17905,3,infantry_line,160,170.3316200492752
17906,4,infantry_line,137,135.70673254353616
17908,0,infantry_line,125,127.94909208919508
17909,2,infantry_line,151,164.4352673005983
17910,2,infantry_skirmishers,505,465.1338781228851
17911,1,general,114,125.72525298806539
17913,2,general,169,166.04531694615127
17915,4,general,287,345.75603892599605
17916,4,general,424,405.48816619810987
17917,4,general,158,180.11008792256104
17920,0,infantry_light,682,640.6039631009237
17921,2,infantry_line,189,196.65770369601572
17923,0,infantry_line,221,239.2865189022915
17924,4,infantry_line,357,339.67696368684244
17927,1,general,82,79.5205039390842
17929,3,infantry_line,168,200.53124898697536
17930,4,infantry_line,153,159.02071745307808
17931,1,infantry_line,145,157.77243903720367
17932,0,infantry_line,234,227.33691443220846
17933,2,infantry_line,184,191.95151124387021
17934,2,general,332,331.34752356514923
17935,2,general,223,211.40973534170178
17936,1,infantry_line,302,297.9934323012352
17937,4,infantry_line,270,270.5902943797805
17938,1,general,284,250.08070980763645
17939,4,general,439,360.607651362698
17940,3,infantry_line,413,365.6564896496009
17941,1,infantry_line,341,324.45690728603034
17942,2,cavalry_heavy,2663,2585.2647189096806
17944,4,cavalry_light,878,825.9828944286651
17947,3,general,1258,1364.050281105914
17948,3,general,815,765.3238646964699
17949,2,general,730,807.412369563559
17950,0,general,103,134.15713904900716
17951,0,general,2417,2385.8178788356404
17952,3,general,33,28.12554504194523
17953,4,general,224,219.46073250614873
17954,0,general,483,466.7509239815416
17955,2,general,168,210.18692153171074
17956,2,general,379,330.53236546186525
17957,1,infantry_light,333,360.38778514733445
17960,4,infantry_light,341,364.57142909156147
17962,0,infantry_line,228,233.6896482176585
17963,1,infantry_line,167,170.8177276474685
17965,1,infantry_line,234,235.60805912723956
17966,3,infantry_line,222,231.73816689894898
17967,3,infantry_line,229,236.09185263362232
17968,4,infantry_line,406,379.96054925389063
17969,2,infantry_militia,124,134.9814954700566
17970,4,infantry_militia,245,249.03894574216537
17971,2,infantry_skirmishers,315,300.91122650131746
17972,1,cavalry_lancers,569,575.3282011970116
17974,3,general,217,209.93718817299077
17975,1,general,421,432.8282248425236
17978,1,general,199,186.0168484394956
17979,0,infantry_line,418,410.81176016782376
17981,4,infantry_line,221,230.70530491656797
17984,0,infantry_line,168,178.07059640992034
17985,1,infantry_militia,62,86.54796208610256
17988,4,cavalry_heavy,1412,1444.6494502367825
17989,1,cavalry_standard,554,568.8655227908472
17990,1,general,1544,1582.2547168428703
17991,4,infantry_line,547,452.49430993016233
17992,2,infantry_line,205,209.0806761780568
17994,3,infantry_militia,165,169.57719003862252
17995,2,infantry_militia,242,243.2622718288669
17996,1,cavalry_heavy,1724,1720.8713573576088
17997,0,cavalry_lancers,1162,1186.43109335031
17999,1,cavalry_standard,623,634.3456026716506
18000,4,cavalry_standard,404,424.70153891928487
18001,1,cavalry_standard,805,812.2220399643035
18002,1,cavalry_standard,853,870.5094532056439
18003,4,cavalry_standard,1132,1103.2191507467073
18004,1,cavalry_standard,609,627.9069563778506
18006,2,general,769,764.7304663622956
18007,3,general,1100,1148.3132181174462
18009,3,general,180,123.89633844285835
18010,1,general,338,326.17461656072385
18011,2,general,1069,1057.3409457958294
18012,2,general,470,460.4779914909693
18013,3,general,993,949.1826355035835
18014,2,general,604,629.3666094374095
18015,0,general,693,663.2946141359648
18016,4,general,889,849.1997253524966
18017,4,general,1703,1725.837188921552
18018,4,general,693,717.4143330237524
18020,2,general,289,265.7545533803509
18021,0,infantry_light,258,254.98264487888846
18022,1,infantry_light,382,397.33829122781384
18023,2,infantry_line,346,333.3557941202605
18026,3,infantry_militia,145,163.2880406539652
18027,3,infantry_militia,132,149.56326025990327
18028,3,infantry_militia,196,195.07827118077657
18029,2,cavalry_lancers,927,940.0960695891687
18030,1,cavalry_lancers,1087,1120.7780185809918
18032,0,cavalry_standard,1056,1012.9007087426453
18034,0,cavalry_standard,811,789.3761497056411
18035,4,cavalry_standard,596,566.2875634335458
18036,1,cavalry_standard,439,485.4391275379765
18038,3,general,913,871.702797178757
18040,4,general,368,389.480255287747
18041,4,general,331,362.8242430541164
18043,2,general,926,958.8042037863363
18046,2,general,938,944.0420336668913
18047,1,infantry_light,259,244.33870462592907
18048,1,infantry_light,241,249.7375087352399
18049,0,infantry_light,279,272.8392240892692
18050,4,infantry_line,190,201.63629515195828
18052,3,infantry_line,117,130.7019897129382
18053,2,cavalry_standard,982,961.5915923472404
18054,3,cavalry_standard,862,897.1170264075203
18057,4,cavalry_standard,769,788.753394137225
18058,4,general,603,611.1066892925451
18059,4,general,799,773.8865414364614
18061,1,general,468,480.2746185896693
18063,2,general,681,702.1290514032272
18064,0,infantry_line,203,211.34331695698359
18065,1,cavalry_standard,849,872.7061761189376
18066,4,cavalry_standard,505,522.6603174756821
18067,0,general,365,376.01369217919586
18068,3,general,696,726.7171377113657
18070,1,cavalry_light,755,800.7158704149958
18071,0,general,729,756.2338353890958
18072,0,general,687,721.1015852393874
18073,4,cavalry_light,327,365.6127512685745
18074,1,cavalry_light,775,802.0238536696199
18075,2,general,223,285.103066286109
18076,2,general,789,818.353922881884
18077,0,cavalry_light,920,846.9517176662337
18078,0,cavalry_light,807,769.1505879702747
18079,4,general,790,734.2372445093541
18080,0,cavalry_heavy,1117,1159.3150598299799
18081,1,cavalry_heavy,755,905.6366677472923
18082,4,cavalry_standard,754,766.7847069298998
18083,1,general,923,936.9344727892327
18084,1,general,798,825.4905929497404
18085,4,general,572,512.482544100438
18087,2,infantry_light,311,325.7955577496778
18088,3,infantry_light,363,382.1995411272021
18089,3,cavalry_lancers,668,617.5579030423125
18090,3,cavalry_light,281,306.5622657485489
18092,0,cavalry_light,366,385.84162041080054
18093,1,general,482,526.9559856651065
18094,2,general,519,489.003912537617
18095,1,general,248,266.69031281798823
18096,2,general,220,209.93832862829774
18097,4,general,163,174.99919888116852
18098,3,infantry_line,224,230.58485731572875
18100,1,infantry_line,241,253.28763493991633
18101,0,infantry_skirmishers,379,264.06877164541316
18102,4,cavalry_heavy,1567,1560.8550008602879
18103,0,cavalry_light,801,803.4707870755877
18104,2,cavalry_light,1047,1063.5753242150429
18105,0,cavalry_light,447,500.2287093025958
18106,4,general,902,912.4191237857907
18107,2,general,1585,1595.9224072521554
18108,1,general,491,583.0085167196789
18110,2,cavalry_lancers,505,483.04911303297325
18111,2,cavalry_light,861,807.4757001490435
18112,2,cavalry_light,304,321.3492211174264
18113,2,cavalry_standard,538,552.5516414960687
18114,1,general,498,529.0785707649823
18115,4,general,688,707.9557229941062
18116,0,general,798,758.5490663622169
18117,4,cavalry_light,697,661.7734564703721
18118,4,general,547,513.7116452058124
18121,2,artillery_foot,739,726.1161684444206
18122,3,artillery_foot,545,556.1893866219165
18124,1,artillery_foot,279,303.823971755627
18125,2,artillery_foot,642,651.4115286667726
18127,4,artillery_foot,471,496.3123290821666
18129,0,artillery_foot,351,356.57762464381955
18130,1,artillery_foot,279,303.823971755627
18131,1,artillery_foot,523,547.2493513004165
18132,4,artillery_foot,989,889.3230234134218
18135,0,artillery_horse,1262,1285.4584888656098
18137,0,artillery_horse,1255,1280.424065184846
18138,3,artillery_horse,2627,2350.3380773288745
18139,1,general,199,199.60691054900275
18140,4,general,1014,874.4551078002901
18141,1,general,351,351.62020047657404
18142,1,general,651,627.5462034675475
18143,1,general,351,351.62020047657404
18144,0,general,1182,1214.7791501722486
18146,1,general,1634,1630.5641398281903
18147,1,general,199,199.60691054900275
18148,1,general,199,199.60691054900275
18149,2,general,76,75.68675007302313
18150,1,general,199,199.60691054900275
18151,4,infantry_grenadiers,353,308.55134604759763
18152,4,infantry_grenadiers,353,308.55134604759763
18155,3,infantry_line,84,98.24406304672247
18156,4,infantry_skirmishers,238,246.08987835516103
18157,4,infantry_skirmishers,388,353.8940820446093
18158,0,artillery_horse,404,413.42545865962705
18159,4,cavalry_light,1026,1031.851215404166
18160,0,cavalry_light,692,656.2634695491121
18161,3,cavalry_light,639,587.6558892036279
18162,0,general,638,619.6781515941053
18163,2,general,102,103.32412839687825
18164,4,general,257,227.91951539944
18165,0,general,886,903.882078498452
18166,4,general,584,528.1292358929301
18168,0,general,705,645.7409115573732
18169,2,general,673,654.1456238538057
18170,4,general,220,211.468763748211
18171,2,general,1174,1066.2160370915287
18172,1,infantry_light,646,623.8653578662056
18173,1,infantry_light,255,240.92029675820388
18176,0,infantry_light,289,276.77912263116207
18177,3,infantry_skirmishers,178,133.5920529464481
18178,3,artillery_horse,790,807.5451594678527
18179,2,cavalry_light,1176,1247.4049110066308
18180,4,cavalry_light,860,834.3922193899054
18181,3,general,981,1024.3495064085344
18182,0,general,961,984.0327689361309
18184,1,general,1095,1162.7640055659424
18185,4,infantry_grenadiers,954,930.7657337798605
18187,3,general,1069,987.9632598064078
18188,3,general,616,647.0955055134956
18189,3,infantry_grenadiers,850,811.2013479534303
18190,4,infantry_grenadiers,604,581.1704532585641
18191,0,general,556,565.2420555676633
18192,3,general,469,472.1302869714561
18193,0,general,1023,1096.976839307125
18194,1,general,479,479.4369011504727
18196,4,infantry_grenadiers,948,977.441885082868
18198,3,infantry_line,475,447.30200815109123
18200,0,general,231,239.93664135099777
18201,4,general,144,165.04445228722548
18202,1,general,357,359.10852503325634
18204,4,general,138,131.80816940304896
18206,0,general,753,740.2893989716337
18207,2,general,424,426.6213535742113
18209,4,general,102,103.44583007322959
18211,0,general,571,561.9096051648195
18212,1,general,635,668.2068976418412
18213,0,infantry_light,244,237.47463220081426
18215,0,infantry_light,295,301.81200075055153
18216,3,infantry_light,336,351.77238237741153
18217,0,infantry_line,196,197.1397133621092
18218,3,infantry_line,302,268.7510033260899
18219,1,infantry_line,673,664.7596628231823
18220,4,infantry_line,355,354.9126143859838
18221,0,infantry_line,396,387.54029352974874
18222,4,infantry_line,207,218.67223882150148
18223,2,infantry_line,590,606.6635894548813
18224,1,infantry_skirmishers,195,198.1091647504225
18226,0,cavalry_light,657,655.2631981164849
18227,2,general,96,105.34646929278135
18229,2,general,173,168.9383356789324
18230,0,general,134,128.50767519210194
18231,0,general,618,613.5115982929191
18232,2,general,810,827.5119739854387
18233,0,general,419,441.3157336858443
18234,2,infantry_line,240,227.88817949720084
18236,4,infantry_line,412,416.8589947694701
18238,3,general,133,115.46152696492173
18239,2,general,827,800.8423986605544
18240,1,general,170,152.08044722913107
18241,1,general,38,42.59541719554329
18242,3,general,734,686.0641112055753
18243,0,general,872,843.9509798701328
18244,1,general,662,663.6312356288144
18245,1,infantry_light,573,571.7595376355896
18246,1,infantry_line,144,134.7777892015582
18251,1,general,281,302.4988584394991
18252,1,general,836,823.9986647367048
18253,4,general,235,242.42839746937796
18254,3,general,494,484.2363444935416
18256,1,general,284,297.59490978429113
18257,4,general,136,153.01891682951015
18258,4,general,100,81.9295396922618
18260,4,general,1304,1241.4334918949899
18262,1,infantry_light,157,133.57142950452908
18263,4,infantry_light,168,142.81027106848217
18264,0,infantry_light,212,185.21301716570065
18265,0,infantry_line,605,582.0572313283853
18266,1,infantry_line,756,748.3696612285809
18268,4,infantry_line,897,893.9550899619808
18269,4,infantry_line,278,275.3658273090077
18270,3,infantry_skirmishers,247,238.89330354130632
18271,2,general,155,168.4081177652065
18272,3,general,114,125.03385358513425
18273,3,infantry_line,217,222.95791273366223
18274,3,general,383,395.2389238174586
18275,3,infantry_line,486,497.96340467556587
18277,0,infantry_line,216,215.44685465364776
18278,2,general,558,574.663655439956
18279,4,general,617,639.5179744191367
18280,4,infantry_line,522,535.9446425801356
18281,1,cavalry_light,634,614.0224478127036
18282,4,cavalry_light,505,520.7534972256824
18283,0,general,411,436.57261884286237
18287,0,general,375,400.7713865350905
18288,0,general,228,256.09817208377893
18289,1,general,489,474.924878505858
18290,0,general,281,293.6090477900194
18291,0,general,472,473.6815367132954
18292,3,infantry_line,202,204.13563874035756
18293,3,infantry_line,250,273.31092760601564
18295,2,infantry_line,243,249.9888692768343
18297,2,cavalry_lancers,669,708.0603797847205
18298,2,cavalry_lancers,632,676.2914488509828
18299,4,cavalry_light,927,886.3962066747889
18300,0,cavalry_light,809,804.6250405275459
18301,0,general,611,645.6116023743208
18302,4,general,966,940.3976995573737
18303,1,general,74,85.60135857624829
18304,2,general,95,98.17893305112206
18305,1,general,831,853.1890568741283
18306,3,general,1,1.0
18308,0,general,483,525.8034381041998
18309,4,infantry_line,161,156.8633005414462
18310,2,infantry_line,176,177.33133341336386
18311,4,infantry_line,108,90.92826169103293
18312,0,cavalry_lancers,669,654.6796899743301
18313,2,cavalry_lancers,761,793.7097802342654
18314,1,general,521,525.7561104388778
18315,1,cavalry_lancers,782,730.1001495249617
18316,2,cavalry_lancers,601,654.5590738510971
18317,4,general,668,634.1665242675134
18318,0,cavalry_lancers,724,721.2304191268537
18319,2,general,720,794.5732861103404
18320,4,general,270,274.4006316891763
18321,3,general,603,621.2963251101645
18322,4,general,619,617.2797252717264
18323,1,general,335,340.995046348038
18324,4,general,543,551.3232383911836
18325,4,general,747,738.0117096320149
18327,1,infantry_grenadiers,326,326.10562289130615
18328,0,infantry_grenadiers,714,764.1642564142771
18330,0,infantry_grenadiers,663,674.190389178379
18331,0,infantry_grenadiers,511,562.7835968858868
18332,1,infantry_grenadiers,700,686.5112376852065
18333,2,general,319,354.11666991392553
18334,2,general,605,570.857761908672
18335,0,general,169,227.33167413400565
18336,1,general,208,218.54158771576607
18337,2,general,461,442.68867881502166
18338,2,general,233,238.72671580386177
18339,3,infantry_grenadiers,576,553.864935384039
18341,0,infantry_grenadiers,384,425.4947480919704
18342,0,infantry_grenadiers,319,332.55814115810125
18344,3,general,77,83.24398908403579
18345,2,general,77,77.15093674227593
18346,2,general,200,196.18024355319534
18348,1,infantry_line,151,136.6389949164688
18349,2,general,50,47.63293041219033
18351,4,general,239,227.38321025759865
18352,0,infantry_line,156,143.59817840924006
18354,4,cavalry_light,680,656.3179543474336
18355,2,general,51,45.432646826797765
18356,2,general,537,531.9251379242769
18358,4,general,192,204.9820531885839
18359,3,general,108,115.75791560534533
18362,2,infantry_line,217,214.30402234431364
18363,3,infantry_line,364,411.37381997253766
18364,1,artillery_foot,715,624.2574799481013
18365,0,artillery_foot,529,499.2323804214991
18367,4,artillery_foot,425,420.30949163244173
18368,0,artillery_foot,104,202.200335267537
18369,0,artillery_foot,418,479.64089707987114
18370,0,artillery_foot,266,257.2027795616118
18371,2,artillery_foot,549,492.18141871198344
18372,2,artillery_foot,603,584.9814653538194
18373,1,artillery_foot,680,677.2170864951597
18374,3,artillery_foot,222,233.58218670900953
18375,1,general,1232,1229.574084253454
18376,4,general,659,693.1690583672394
18377,3,general,629,553.4645656778905
18378,4,general,1,1.0
18379,3,general,177,177.30756981447954
18380,3,general,177,177.30756981447954
18381,3,general,177,177.30756981447954
18382,1,infantry_grenadiers,293,346.61826058414135
18383,1,infantry_grenadiers,293,346.61826058414135
18384,2,cavalry_light,812,793.4196508993467
18386,0,general,1129,1172.039419007236
18387,4,general,247,235.10424269009536
18388,2,general,709,689.2892948029622
18389,3,general,1885,1874.358041735354
18390,2,general,610,592.2404885523149
18392,4,general,1010,1040.0179349966456
18393,4,infantry_grenadiers,1634,1636.6118681883027
18394,3,infantry_light,735,733.9795797500254
18395,4,infantry_light,733,724.8835027980031
18397,3,infantry_skirmishers,472,464.8189447312276
18399,0,general,131,134.4051384315407
18400,2,general,284,287.56708944520255
18401,0,general,243,299.6934676805209
18402,4,general,476,475.1110939433686
18403,3,general,394,402.3183943933508
18404,4,infantry_line,509,538.0905542714412
18405,0,infantry_militia,420,398.8383774422208
18407,4,infantry_militia,360,409.5436739289788
18408,3,infantry_militia,298,367.7641356634317
18409,2,infantry_militia,231,244.9586014432204
18410,0,general,291,274.37119565685697
18411,4,general,185,196.7758109022992
18412,1,infantry_militia,242,262.0937307633114
18413,2,infantry_militia,382,365.56797271290185
18415,1,cavalry_heavy,723,704.4405007161805
18416,4,general,2706,2993.72250253249
18417,1,general,556,592.0125421339757
18418,2,cavalry_light,531,510.9266872107422
18419,4,cavalry_light,626,583.8780087972932
18420,0,cavalry_light,659,709.3442689205269
18422,0,general,508,542.6389047512745
18424,1,general,34,11.15743846390427
18425,3,general,206,190.6015510622722
18426,1,general,73,64.19632538020551
18427,2,general,125,123.21063365710413
18428,1,infantry_militia,142,180.93516423593846
18429,0,infantry_militia,127,127.7092962890964
18431,3,general,120,134.3618291603449
18432,2,general,189,162.54604324638723
18433,3,general,41,26.28196126355718
18434,3,general,84,81.23429865085873
18436,4,infantry_militia,268,288.5011034791779
18437,3,infantry_militia,136,147.2450269376951
18438,1,general,187,170.9674993443473
18439,1,general,242,232.26881132963584
18441,3,general,671,583.1089542760698
18442,2,infantry_militia,377,347.7425415179282
18444,2,infantry_militia,636,612.1193390515402
18445,3,cavalry_light,976,911.5007432699081
18446,1,general,862,849.7738327627054
18447,0,artillery_foot,550,549.7443380840447
18448,4,general,1,1.0
18449,4,general,462,460.61008513204183
18450,0,cavalry_lancers,811,841.7931877249628
18451,2,cavalry_lancers,747,741.2535394279956
18452,2,cavalry_light,736,723.6930391580574
18453,3,cavalry_light,1708,1678.4847424224117
18454,2,cavalry_light,1225,1225.4565215137784
18455,1,general,506,552.0156582928006
18456,1,general,651,681.4179606252445
18457,3,general,606,588.8104199872579
18458,4,general,239,208.9575938120616
18459,3,general,452,447.8773960620775
18461,1,general,717,747.6765393383636
18463,3,general,523,517.2992695507035
18465,3,general,412,368.4488844560753
18466,1,general,1084,1078.3364070287914
18467,1,general,408,404.7618682570491
18468,0,general,536,550.7991933760351
18469,2,general,731,734.036032109204
18470,1,general,361,343.863356536125
18472,3,infantry_grenadiers,502,478.1209972012229
18473,4,infantry_grenadiers,476,469.0630583019414
18474,2,infantry_grenadiers,553,522.7824174587951
18475,1,infantry_light,772,820.0962728884167
18476,1,infantry_light,474,525.790005673116
18477,0,infantry_light,352,338.12639891675457
18478,2,infantry_line,535,565.7094170170648
18479,4,infantry_line,493,482.50343317733274
18480,3,infantry_line,638,678.2970612263344
18482,0,cavalry_light,1034,1068.2280416801839
18483,4,cavalry_light,524,527.170123208855
18484,0,general,239,254.71651325595292
18485,2,general,907,925.5729099109592
18486,2,general,395,378.5694159107912
18487,1,general,70,55.675864165499036
18488,4,general,289,265.07459414314735
18489,4,general,192,186.38369680715687
18490,4,general,106,91.47670958161522
18492,1,general,375,418.01324726538246
18493,1,general,1114,1162.0762863953057
18495,0,infantry_grenadiers,1035,1002.3093030500985
18496,1,infantry_line,176,161.0825650890115
18497,4,infantry_line,391,389.38818637902295
18498,3,infantry_line,297,311.11317731529465
18499,1,infantry_line,556,588.8998483106092
18500,2,infantry_line,445,488.16247811381896
18501,1,cavalry_heavy,1911,1940.524079632513
18502,3,cavalry_standard,736,710.1860945278928
18504,3,general,625,592.919230757321
18505,1,general,583,568.713555021544
18506,4,general,1728,1709.070991389475
18507,1,general,1953,2000.3240256979125
18508,3,infantry_light,347,340.5747206389603
18509,3,artillery_horse,1015,1038.2723478872397
18510,1,cavalry_lancers,635,717.5819824686854
18511,1,cavalry_light,1430,1453.6470560785654
18512,4,cavalry_light,640,647.1848219745455
18513,1,cavalry_standard,1463,1481.1673632188304
18514,2,general,119,125.78671376241451
18515,1,general,427,428.8390445349181
18516,4,general,160,125.51583781958014
18517,4,general,211,182.56115709239526
18519,1,general,156,177.52954891191825
18520,4,general,603,615.1945307155843
18522,2,general,328,303.89027166892123
18523,4,general,160,169.20181001528152
18525,1,general,386,394.61746461738454
18526,3,general,500,511.7162382346014
18527,3,general,546,540.4537042225583
18529,1,infantry_grenadiers,385,395.25046986885593
18530,0,infantry_grenadiers,608,557.8818864181055
18532,2,infantry_light,276,243.09809669447753
18533,1,infantry_light,359,362.22809873340043
18534,2,infantry_light,458,436.73619614583146
18535,0,infantry_light,495,468.27275801782145
18536,4,infantry_line,225,238.82037995533926
18541,4,infantry_skirmishers,127,147.08138432643452
18543,1,infantry_skirmishers,265,243.86719937284897
18544,3,cavalry_lancers,999,958.0921159009033
18546,1,cavalry_lancers,603,615.7970372868608
18547,0,general,250,249.91861542539573
18548,3,general,216,228.20986570179463
18550,2,general,357,343.39111177951304
18552,2,general,472,443.90073357501274
18553,4,general,329,316.1591011378433
18554,4,general,602,564.3176095708861
18555,1,general,442,412.2870052800057
18556,1,infantry_line,466,463.06398228730126
18557,4,infantry_line,163,142.36104905891995
18558,3,infantry_line,310,308.08474591181823
18559,0,infantry_line,324,343.48693489536726
18560,4,infantry_line,550,528.4143624697449
18561,0,infantry_skirmishers,200,207.9567537399487
18562,3,general,133,136.63873950082439
18563,3,general,155,164.08344566985204
18564,3,infantry_line,201,202.00896962160596
18565,4,infantry_line,255,274.6708432650389
18566,1,cavalry_lancers,1024,1023.3808792825204
18567,3,cavalry_light,1230,1073.826606719842
18568,2,general,391,375.7317247788211
18570,4,general,550,519.2939855833247
18572,2,general,431,400.8288479893065
18573,2,general,980,975.3795971705514
18574,4,general,900,885.5864422822328
18578,2,general,669,665.4157340164109
18579,0,general,301,285.79498955143583
18580,4,general,416,433.7539786984243
18581,0,general,794,841.207689921646
18582,1,general,354,360.6018184231417
18583,2,infantry_grenadiers,539,529.3965856884033
18584,2,infantry_grenadiers,418,405.3763116559426
18585,2,infantry_grenadiers,624,648.6454403817274
18586,2,infantry_grenadiers,399,416.5412350367403
18587,4,infantry_light,704,720.3852138700806
18588,2,infantry_line,422,419.7971256974028
18589,1,infantry_line,497,492.36434071991863
18590,0,infantry_line,290,304.9579599109631
18591,3,infantry_line,384,388.3134016816846
18592,0,artillery_foot,360,355.0531401813661
18593,2,general,209,224.8731742663623
18594,0,general,63,44.4966475583478
18595,0,general,506,519.5350812498307
18596,4,general,616,648.3236614280441
18597,0,general,762,768.2005077485958
18599,1,general,357,412.47333309398493
18600,2,general,569,556.5653834073065
18601,2,general,610,585.2222099255335
18602,3,general,508,510.9990468056971
18603,3,general,543,533.2717922480774
18604,1,infantry_grenadiers,608,598.7474835422852
18605,4,infantry_grenadiers,483,536.3307240442213
18607,0,infantry_grenadiers,672,636.6184062696817
18608,4,infantry_line,166,151.12330059398718
18609,3,infantry_line,254,297.6621141883088
18610,0,infantry_line,671,678.8404037537006
18612,4,infantry_line,491,478.0847448215477
18613,1,general,77,61.23491230398574
18614,2,general,111,85.23890461712256
18615,0,infantry_irregulars,548,663.5350534028534
18616,0,infantry_line,181,170.35071157161843
18618,4,infantry_militia,201,231.98298691215783
18620,1,cavalry_light,858,887.7239076822755
18621,0,general,212,195.9879408710353
18622,2,general,651,602.087520443016
18623,0,general,736,753.5469839322324
18626,0,general,186,175.86175814857526
18627,2,general,546,572.8640598592375
18628,2,general,390,400.87052961662084
18629,3,general,446,462.63838098081413
18630,4,general,391,380.7188043456194
18631,2,infantry_line,318,313.0989710085662
18632,1,infantry_line,292,291.8360883914837
18633,0,infantry_line,498,510.2952265353546
18635,4,cavalry_heavy,1739,1794.2916005325844
18639,0,general,171,161.59213184971108
18640,1,general,396,430.22942381221236
18642,1,general,365,371.1149364822691
18643,2,general,2329,2384.051470325224
18646,3,general,571,589.2461309055984
18647,1,general,639,665.1857815328196
18648,4,general,498,515.5006633599968
18649,1,infantry_light,431,484.3543904172385
18651,3,infantry_light,242,214.53140209669698
18652,3,infantry_light,343,347.8156029318648
18654,3,infantry_line,251,260.41596671812914
18655,2,infantry_line,279,275.91593283182095
18656,3,infantry_line,680,718.8712937907106
18657,0,infantry_militia,61,91.33479311353359
18658,3,artillery_foot,350,359.58002767276867
18659,0,cavalry_standard,821,839.5823533453461
18660,0,cavalry_standard,1598,1499.2183731995299
18662,2,general,712,737.5141461156161
18663,3,general,1369,1316.1707105904882
18664,1,infantry_grenadiers,420,485.2502450318646
18665,3,cavalry_heavy,1874,1875.141010535962
18667,2,general,1808,1814.535544654207
18668,3,general,1917,1963.4380147622342
18669,1,general,791,797.825126972188
18670,0,cavalry_heavy,2650,2547.856858372228
18671,3,cavalry_heavy,1763,1707.7591377996341
18672,1,cavalry_heavy,2046,2057.709724859039
18673,3,cavalry_light,833,843.4599091127568
18675,0,general,782,799.7305251723685
18676,4,general,1589,1538.8712921421206
18677,4,general,2324,2255.344043914148
18678,1,general,2541,2461.2053993988798
18683,4,cavalry_heavy,1805,1782.059821060844
18684,0,general,1744,1745.2416135863928
18685,0,general,1738,1757.3455298883016
18686,0,artillery_foot,249,296.4426403074715
18687,3,cavalry_heavy,1748,1745.7632040481062
18688,0,cavalry_heavy,1976,1971.1468026741159
18689,2,general,1511,1512.2704045925436
18690,0,general,207,175.30253893156615
18691,2,general,455,396.6136898886525
18692,1,general,492,492.27525487770805
18693,1,general,167,202.36150243213874
18694,2,general,178,157.21972669440606
18695,3,general,1717,1694.6993496852508
18696,3,general,1577,1569.3376668068508
18697,2,general,321,289.3210460774868
18698,4,general,573,515.8427445371184
18699,0,infantry_grenadiers,458,443.5779905254957
18700,1,infantry_light,363,338.7908350901308
18701,2,infantry_line,310,289.8805674687629
18702,1,infantry_line,282,267.37630966562364
18703,4,infantry_line,641,605.8112974923175
18704,3,infantry_line,389,360.286207777813
18705,4,general,109,90.55479883007034
18706,0,general,265,243.16169403710686
18707,2,general,690,627.0763778168214
18708,3,general,188,189.40264489625798
18709,1,general,540,543.8657585042554
18710,3,infantry_grenadiers,649,607.3196018774931
18712,1,infantry_line,255,247.85505080949838
18713,1,infantry_line,219,208.98118789224756
18714,1,infantry_line,528,513.6865599650926
18716,3,artillery_horse,89,132.05232568826492
18717,0,cavalry_light,808,786.0395576634612
18718,2,general,656,598.949785979937
18719,0,cavalry_heavy,861,1387.8493230377544
18720,1,general,661,1294.4088202775595
18721,1,artillery_foot,327,327.85664387917507
18723,2,general,85,62.5070617335505
18724,0,general,447,402.42849118023815
18725,2,infantry_grenadiers,512,457.811505240101
18726,1,infantry_line,192,171.2773920568182
18727,1,infantry_line,167,145.94307440730523
18728,2,artillery_foot,40,84.9893987414822
18729,4,general,162,127.84235853849988
18730,1,general,183,161.92273089484283
18731,4,infantry_line,265,247.434978568367
18732,0,infantry_line,206,185.73882066866852
18734,1,infantry_skirmishers,236,231.44329258859287
18736,0,artillery_foot,705,685.0907346326034
18737,3,artillery_foot,467,411.4259664765303
18738,4,artillery_foot,480,464.9741359227877
18739,4,artillery_foot,600,696.2794161800501
18740,1,artillery_foot,268,302.3993589181439
18741,2,artillery_foot,776,687.8801764538061
18742,0,artillery_foot,61,111.27765473624312
18743,0,artillery_foot,406,441.72128062408063
18744,0,artillery_foot,567,567.8266706588884
18745,2,artillery_horse,1057,1066.8349332649245
18746,2,artillery_horse,684,692.2149209605499
18747,4,general,1,1.0
18749,2,general,444,381.04049128042186
18750,4,general,1,1.0
18752,0,general,1195,1123.6648911548687
18753,4,general,1,1.0
18754,1,infantry_grenadiers,420,485.2502450318646
18755,1,infantry_grenadiers,420,485.2502450318646
18757,1,general,828,820.5164699938663
18758,1,general,1244,1228.6190269772555
18759,3,infantry_grenadiers,952,941.749286663415
18760,0,infantry_grenadiers,608,590.4459722367853
18762,3,infantry_grenadiers,861,834.5684527341076
18763,1,general,860,769.3907715927046
18765,4,infantry_light,851,764.6032785076874
18766,0,infantry_line,567,560.8134490607832
18767,0,cavalry_lancers,823,706.9952961871778
18768,0,cavalry_lancers,823,753.8137018322177
18769,2,cavalry_light,723,716.4667086381651
18770,0,general,571,630.183558173542
18771,0,artillery_foot,755,789.768823993948
18772,1,general,845,910.60687291821
18773,2,general,638,666.8528108032701
18774,2,general,669,664.2010884845926
18775,3,infantry_grenadiers,682,720.5992542913799
18776,3,infantry_grenadiers,692,710.5495483723004
18777,1,infantry_line,778,753.6266133535182
18778,4,general,482,513.0766877022014
18779,2,general,847,841.4848789906517
18780,1,general,223,242.01356122739932
18781,2,infantry_grenadiers,703,713.7440430454964
18782,4,infantry_grenadiers,528,567.2323398346176
18783,0,infantry_line,327,350.7305113008547
18784,3,artillery_foot,484,526.4920249948511
18785,4,general,1691,1604.742662984279
18787,2,general,1808,1645.1656249044515
18788,3,infantry_grenadiers,1594,1574.8466701921413
18789,1,infantry_line,1828,1753.2255640237834
18791,2,general,350,352.61396149525274
18792,3,general,1616,1530.1594997390548
18793,1,general,1508,1496.45004071662
18794,0,general,2189,2156.1109724552193
18795,0,general,1486,1489.727366518106
18796,1,infantry_line,1644,1668.602550634716
18797,3,infantry_line,1630,1616.2206617897407
18799,0,general,148,141.63018028052267
18800,3,general,570,572.1052565665395
18801,3,general,884,925.8964480877911
18802,4,general,946,981.7746632007836
18804,0,infantry_line,415,412.6607825481739
18807,2,infantry_line,681,690.0073069474553
18808,2,general,357,364.3158599202524
18810,2,general,558,545.1641187353677
18811,4,general,778,787.9097379922601
18813,1,general,307,295.87661774424805
18815,1,infantry_line,604,590.329594768838
18816,1,infantry_line,416,399.8656212700006
18817,0,infantry_line,422,487.18470217218584
18820,1,general,288,284.2856714862195
18821,3,general,236,231.60162498033543
18822,2,infantry_line,335,342.0163193925923
18823,2,infantry_line,288,290.62949442489594
18824,3,general,311,332.4785414832639
18825,4,general,300,320.26620880785157
18826,1,general,247,268.8294438010885
18827,3,general,469,485.4591229976324
18828,1,infantry_line,351,369.7938010094617
18829,2,infantry_line,411,446.7359706815951
18830,3,general,690,720.8658868284151
18831,4,general,622,652.6092409666221
18833,2,infantry_line,733,777.7676258621724
18834,2,infantry_line,232,198.3452987721036
18835,2,general,296,323.7082129702196
18836,1,general,354,381.6463309914404
18838,1,general,119,121.30969703041643
18841,3,general,461,487.37094425442933
18843,1,general,342,332.229218087586
18844,2,infantry_line,498,543.982176734116
18845,4,infantry_line,452,440.3785331828029
18847,2,general,318,347.55627864441175
18849,1,infantry_line,373,388.1398783637302
18850,1,infantry_line,320,313.85962651393845
18852,2,infantry_grenadiers,942,925.7209376718463
18854,3,infantry_skirmishers,243,251.90786792033984
18855,1,artillery_horse,722,708.5193794815376
18856,2,cavalry_light,641,610.7770111544514
18857,0,cavalry_light,657,719.1478941177296
18859,0,cavalry_light,1330,1411.2981359537955
18861,2,general,500,522.1362492760704
18862,0,general,1359,1496.966558335049
18863,3,general,502,475.30924888276525
18864,0,general,702,710.5834174109435
18865,4,general,1,1.0
18866,4,general,1,1.0
18867,3,cavalry_heavy,1363,1438.568299226564
18868,1,cavalry_heavy,1817,1680.5221904561183
18870,3,general,992,945.2497003963092
18871,1,general,574,504.7559626950416
18872,1,infantry_irregulars,568,482.07466973589595
18873,2,infantry_line,1002,1042.0721056417622
18874,4,artillery_foot,1018,960.7896330573267
18876,3,general,1049,1116.33218347651
18877,3,infantry_grenadiers,1175,1224.5960283065783
18878,1,artillery_foot,1306,1067.0344513784876
18879,4,general,56,59.720857145714646
18880,3,infantry_militia,82,114.24631512988289
18881,3,infantry_militia,147,120.72424994279378
18882,3,infantry_skirmishers,268,494.6347873729261
18883,2,artillery_foot,256,270.8631219550774
18884,3,cavalry_light,1288,1197.0874563247012
18885,2,cavalry_light,1034,1033.9826059929367
18886,4,general,1074,1092.735458952619
18887,2,general,925,934.5149099118431
18888,3,general,473,441.01776971845356
18889,2,general,76,138.04016641476105
18890,0,infantry_line,398,413.42715637998276
18891,3,infantry_line,164,216.94390865611436
18892,4,infantry_skirmishers,272,292.90149692132303
18893,3,cavalry_light,1123,1076.9872691993767
18894,0,cavalry_missile,486,352.6563770079387
18895,2,general,357,390.5505989756383
18898,4,general,1190,1278.4011151590917
18899,2,cavalry_light,1366,1239.8228838685015
18900,3,general,1167,1080.8830899258448
18901,2,cavalry_light,1124,1166.7175014176921
18902,0,cavalry_light,1096,1141.339505656255
18903,4,cavalry_light,808,887.8862028475368
18905,0,general,907,960.9243207703838
18906,1,infantry_irregulars,269,214.13142882529024
18907,0,infantry_skirmishers,238,268.87621610083744
18908,4,cavalry_lancers,354,404.38755791655444
18909,2,cavalry_lancers,1156,1191.1380235371664
18910,2,cavalry_light,529,551.0745009512617
18911,0,general,232,262.0033580813488
18913,0,general,1093,1171.6431378205762
18914,4,infantry_line,286,263.3210875766649
18915,2,cavalry_light,218,329.29749671989003
18917,3,artillery_foot,688,493.84379013367925
18918,4,general,295,277.959604542259
18921,3,infantry_skirmishers,171,197.16254099653335
18922,1,cavalry_standard,439,657.0993143128899
18923,0,general,254,5.762490606780148
18924,2,infantry_irregulars,192,139.85693544636442
18925,1,general,95,106.99016953459416
18926,4,infantry_militia,176,179.31525112980137
18927,1,general,1,1.0
18929,1,general,526,525.462101183397
18930,0,cavalry_heavy,2040,1968.2794032689044
18931,1,cavalry_heavy,2068,2015.3569267388928
18932,3,cavalry_heavy,1286,1271.2103735510807
18933,3,general,1949,1914.5414853532707
18934,4,general,527,527.4639480687272
18935,3,general,176,166.5776909248309
18937,0,general,585,558.9378353554355
18938,1,general,1381,1319.3117241638943
18940,1,general,1064,1064.5848271711984
18941,4,general,1337,1324.3011680063273
18942,1,general,1077,1092.4933137491712
18943,1,infantry_line,672,659.9740778411458
18944,0,infantry_line,1464,1454.0936118404538
18945,2,infantry_line,1512,1462.054644264852
18946,2,infantry_line,610,639.5691168885614
18947,4,infantry_line,245,224.54033639917466
18948,1,infantry_line,977,967.5114941843541
18949,2,infantry_line,1472,1351.3375968120506
18950,0,artillery_foot,1521,1505.9477397782734
18951,0,cavalry_lancers,607,605.5035991563858
18952,3,cavalry_lancers,674,712.750576836852
18953,0,general,471,464.78602309591935
18954,4,general,535,552.6191190508679
18955,4,general,1396,1410.1165138695442
18957,2,general,694,654.6166731532562
18958,3,general,582,556.2200815060907
18959,2,general,1123,1078.369894199492
18961,2,general,591,617.7242131746724
18962,4,general,365,364.5319725756073
18963,2,infantry_grenadiers,1078,873.3640066682968
18965,4,infantry_line,538,548.0316153267968
18966,0,infantry_line,734,708.3599044659971
18967,0,infantry_line,386,390.47130652938694
18968,4,infantry_line,531,517.6321696392575
18970,0,infantry_line,424,427.92436746229856
18971,0,infantry_line,940,931.4076073707711
18972,3,infantry_militia,201,232.98524590702436
18973,0,artillery_foot,655,665.1731642817211
18974,3,artillery_foot,1524,1831.6960577073705
18975,1,cavalry_heavy,1306,1263.537086166969
18976,2,general,1520,1685.5084469159156
18977,1,general,1103,1065.3055737233149
18978,3,general,334,313.3716606851202
18979,3,general,384,347.24597288352396
18981,2,infantry_light,341,358.753359164536
18982,1,infantry_light,1115,1002.7134192179071
18983,4,infantry_line,442,410.4049588979351
18984,3,infantry_line,387,372.23696555747387
18985,4,general,933,907.2655933162438
18986,0,general,228,219.2769431784123
18987,3,infantry_line,333,325.35019906939027
18988,4,infantry_line,827,820.5994405449326
18989,4,general,150,178.7553324267024
18990,3,general,315,303.662445615166
18992,1,general,203,183.29630689923803
18993,0,infantry_line,419,412.3590721248144
18995,0,infantry_line,264,283.3763509119467
18996,1,infantry_line,365,335.5419986063402
18997,3,cavalry_lancers,731,753.2963975609731
18998,2,cavalry_lancers,742,683.2920686178422
18999,4,cavalry_light,621,614.7175798873177
19000,4,general,594,651.3208986904116
19001,1,general,279,295.3100937728744
19002,0,general,704,666.5134905388709
19003,4,general,130,136.84096977020323
19004,3,general,461,472.51044999140674
19005,4,general,767,762.8363636366242
19006,3,general,773,794.1099551255007
19007,0,general,681,691.982776166171
19008,4,general,537,530.8322884749714
19009,0,general,312,304.55971786438033
19010,2,general,1333,1296.9484369837476
19011,2,general,579,673.7704508649039
19012,3,general,665,649.7077765538145
19013,3,general,330,319.3688018813487
19014,0,general,940,924.1076155739539
19015,1,infantry_grenadiers,298,189.88870769755886
19016,3,infantry_grenadiers,455,492.5965912723971
19017,3,infantry_line,786,776.5519935269197
19019,0,infantry_line,622,633.3590111756231
19020,0,infantry_line,522,522.8223885394341
19021,4,infantry_line,713,723.7587601993682
19022,3,infantry_line,978,993.8135693675114
19024,3,infantry_line,1368,1389.0842349773973
19025,0,infantry_line,372,365.8459896411244
19026,2,infantry_line,835,829.7546982731122
19027,0,infantry_militia,193,232.1959162194098
19028,3,infantry_militia,211,244.062313819019
19029,4,infantry_skirmishers,269,255.84664139446966
19031,0,artillery_foot,924,871.354897778033
19032,0,cavalry_lancers,361,384.1373228051778
19033,4,cavalry_light,621,614.7175798873177
19034,2,cavalry_light,556,583.5719615575592
19035,3,cavalry_light,765,799.2957119024952
19036,3,general,628,606.1165169980637
19037,4,general,262,278.1218392830541
19038,0,general,431,427.0425631128724
19039,2,general,370,375.340291624104
19041,0,general,772,683.6521892478133
19042,2,general,265,274.756043730609
19043,0,general,442,388.9095246299232
19044,2,general,728,720.9254387802329
19046,0,infantry_line,366,370.731208478684
19047,2,infantry_line,361,329.5488248173749
19048,3,infantry_line,361,360.678613076632
19049,0,infantry_line,616,630.032513339526
19050,2,infantry_line,566,578.283003685943
19051,0,infantry_militia,466,484.2645489382793
19052,2,infantry_militia,67,95.75106232817798
19053,4,infantry_skirmishers,301,322.83217718189917
19054,2,cavalry_heavy,1381,1431.0279386705565
19056,3,cavalry_light,765,799.2957119024952
19057,4,general,689,720.7807059193414
19058,2,infantry_grenadiers,887,860.0745449258617
19059,2,infantry_line,152,159.84521315501294
19060,1,infantry_line,808,824.9836827900567
19061,4,general,259,251.68552828699555
19062,0,infantry_line,329,309.7400995583171
19063,1,infantry_grenadiers,793,831.4735923583652
19064,1,artillery_horse,868,845.3151734334597
19066,0,cavalry_light,645,692.4622332945758
19067,0,cavalry_light,550,531.1555663790648
19070,1,general,363,342.58343034635584
19073,1,infantry_line,411,374.9961528238792
19074,3,infantry_line,407,420.38377715250846
19075,2,infantry_line,335,341.27131102332413
19076,3,infantry_line,476,459.1746222431701
19077,4,infantry_militia,209,202.92898523975276
19079,0,artillery_foot,332,338.2609963077112
19080,2,cavalry_heavy,1381,1431.0279386705565
19081,4,cavalry_lancers,786,765.9369541566848
19083,3,cavalry_light,1137,1163.4098466987023
19086,0,cavalry_light,443,448.6771497968449
19087,4,cavalry_light,461,441.9943902157125
19088,1,general,673,664.2474166138645
19090,4,general,375,421.49081795824696
19091,2,general,590,636.8327674935055
19092,3,general,940,963.6549697335568
19093,2,infantry_line,249,240.64936951595635
19094,2,infantry_line,152,159.84521315501294
19095,0,infantry_skirmishers,292,286.20993682051085
19096,1,cavalry_light,449,434.5825583679056
19097,0,cavalry_light,610,571.0309720143001
19098,4,general,462,432.4212993063253
19099,4,general,315,327.90549032279785
19100,3,artillery_foot,2543,2783.23920179454
19101,4,cavalry_lancers,894,869.3069854305932
19102,2,cavalry_light,500,544.058669079459
19103,2,cavalry_light,664,560.651643738368
19104,3,cavalry_light,732,764.0606496267093
19105,3,general,360,415.91551043443775
19106,1,general,578,503.7275129934556
19107,1,general,776,775.6164629625943
19108,3,general,1051,1077.5212119069222
19109,0,infantry_line,290,325.97192235442014
19110,4,infantry_line,869,903.324373029308
19111,0,infantry_militia,94,83.62380356742986
19114,0,infantry_grenadiers,272,299.2771855205999
19116,0,general,417,430.1176770313511
19117,0,infantry_grenadiers,732,725.9063238234619
19118,1,infantry_line,534,532.9763212755356
19119,1,artillery_foot,1013,1041.5872299832322
19120,2,general,694,639.2213205939405
19122,3,infantry_irregulars,582,555.0091623708362
19123,2,infantry_militia,291,264.155316527022
19124,3,infantry_militia,263,270.63651518934773
19125,1,infantry_irregulars,356,311.01695151236635
19126,3,infantry_line,132,172.68438102193488
19128,1,cavalry_light,449,434.5825583679056
19129,2,artillery_foot,457,446.98660091341617
19131,3,artillery_foot,518,521.8422891813526
19132,3,artillery_foot,496,533.6073877766714
19134,4,general,351,351.5808696675262
19135,3,general,199,199.47101604128954
19136,4,general,351,351.5808696675262
19137,4,general,351,351.5808696675262
19138,2,general,526,525.2665681623447
19139,3,infantry_grenadiers,382,368.6704588360073
19140,2,artillery_horse,1031,1042.261819599651
19141,3,artillery_horse,539,537.7734250562934
19142,3,general,463,426.3470945040744
19143,4,general,229,228.4555113880024
19144,0,general,352,334.56908739326474
19145,0,general,442,393.25322906460855
19147,0,general,523,453.07800146469185
19148,3,general,975,960.6812510048421
19149,0,infantry_light,292,285.7644349340986
19150,3,infantry_light,438,464.34046769812005
19151,0,infantry_light,479,463.1355665260404
19152,4,infantry_light,401,351.68209080247266
19154,1,infantry_line,1098,1110.129901643812
19155,3,infantry_line,958,920.2278340091683
19156,1,infantry_skirmishers,231,235.20047480847484
19157,2,artillery_foot,350,345.16283983381624
19159,3,cavalry_lancers,774,735.3555733352014
19160,4,cavalry_light,1150,1048.2041567697456
19162,0,general,1151,1143.3919900469768
19163,0,general,316,312.9716080766834
19165,3,general,789,813.2944310580709
19166,4,general,780,756.2755763006862
19167,0,infantry_light,719,703.6163433121994
19168,2,infantry_line,413,419.68417884918125
19170,2,artillery_foot,1199,1315.142584972242
19171,1,artillery_foot,75,128.70294489928438
19172,4,artillery_horse,115,174.06166738475338
19173,4,cavalry_lancers,584,548.7869205538675
19174,3,cavalry_light,500,508.94331573967355
19175,3,cavalry_light,901,926.1681333687629
19177,2,general,341,374.28747432576097
19179,0,general,816,864.0889277115739
19180,4,infantry_line,345,351.35075029300276
19181,0,infantry_line,273,296.4446668592685
19182,0,artillery_horse,405,413.42545865962705
19183,2,general,271,282.9939436200675
19185,4,cavalry_light,652,622.0857652893242
19186,4,cavalry_light,1103,1028.8393377968594
19188,0,general,1297,1292.4130499828593
19189,0,general,988,1154.1591189409842
19190,0,general,581,603.9896230817059
19191,1,cavalry_heavy,2534,2415.4030562748667
19192,2,cavalry_heavy,2344,2383.898587748071
19193,2,cavalry_heavy,662,866.2223718034699
19194,3,cavalry_standard,937,954.931789654028
19195,4,cavalry_standard,1045,998.3902383175604
19196,4,general,407,407.26451448198907
19197,4,general,2288,2255.5999333543095
19198,3,general,765,768.8625866122783
19199,3,general,2110,2106.3384784221653
19201,0,infantry_line,454,458.5835644793719
19202,2,artillery_horse,1379,1344.8473613551419
19203,0,artillery_horse,1047,1067.6740936441672
19205,2,general,1371,1382.15653503403
19206,3,general,332,322.2570261943641
19207,2,general,854,842.2352805053142
19208,4,infantry_grenadiers,855,862.690141539011
19209,1,infantry_line,388,383.34174962760665
19210,0,infantry_line,345,346.22616499683676
19211,4,infantry_line,338,355.7448253636932
19212,0,infantry_line,764,760.588473673108
19213,1,cavalry_lancers,735,769.7326349113666
19214,2,cavalry_lancers,465,478.8094503303625
19215,4,cavalry_lancers,471,470.3283738469226
19216,3,cavalry_lancers,528,516.2818339895922
19217,0,general,417,432.9906085434991
19219,3,infantry_light,316,313.99249791460545
19222,0,infantry_line,703,697.2389349979543
19223,2,general,378,364.5499997144034
19224,1,general,965,969.3870799358832
19225,0,infantry_grenadiers,908,898.1930849859978
19226,4,infantry_line,431,409.5220421328128
19227,1,cavalry_lancers,445,447.06115754899383
19228,2,general,206,227.35966630507534
19231,3,infantry_line,266,283.49874470779764
19232,2,general,265,271.7210882626455
19233,3,general,248,260.61597489179013
19234,3,infantry_line,348,363.9253001139126
19236,0,general,329,317.116676490561
19237,1,general,236,255.74197154074963
19238,3,infantry_line,434,418.91465675746565
19239,2,infantry_line,295,305.7019135655254
19240,4,artillery_foot,928,967.5973648494388
19241,4,general,828,863.6199348049397
19242,1,cavalry_standard,939,939.6389939998966
19244,0,general,767,779.3461821545286
19246,3,infantry_line,376,385.0462693231287
19247,3,infantry_line,681,669.3571386726479
19248,1,general,782,777.0557229851017
19249,4,general,297,310.6685799161618
19250,1,infantry_grenadiers,813,818.4030715583078
19251,3,infantry_line,386,405.2389685188211
19252,0,general,269,253.21114723911157
19254,4,infantry_grenadiers,768,742.7066493444664
19255,0,infantry_line,173,160.42954314569513
19256,0,infantry_line,259,251.64355896491622
19257,4,infantry_line,379,374.111581624423
19259,0,general,173,179.39305734604
19261,0,infantry_irregulars,166,196.78477441256308
19262,3,infantry_line,212,230.6083504056202
19263,1,infantry_line,312,307.71185519225315
19264,1,infantry_line,200,203.81291962751203
19265,3,infantry_line,360,345.1945222783109
19266,0,infantry_line,362,352.0770772220817
19267,3,infantry_line,503,504.53597136588667
19268,3,infantry_line,277,280.804152031693
19269,0,cavalry_heavy,1956,1964.4237054505381
19272,0,cavalry_standard,482,509.80933062160375
19273,3,cavalry_standard,828,827.9638193659831
19274,3,general,559,609.2926804851688
19275,1,cavalry_lancers,445,462.8216690027249
19276,4,cavalry_lancers,978,961.9880108154235
19277,1,general,806,811.5019654681498
19278,0,artillery_foot,1735,1649.1044400548458
19279,4,general,1,1.0
19282,3,general,177,177.30756981447954
19283,3,general,177,177.30756981447954
19284,0,general,1022,1022.4453918760568
19285,2,general,823,822.8283258225111
19286,2,cavalry_lancers,372,388.7473288346051
19287,0,cavalry_light,553,532.7131012081405
19288,2,cavalry_standard,566,580.4483645746213
19289,0,cavalry_standard,680,692.0796462259667
19290,4,cavalry_standard,994,967.7235514133822
19291,4,general,418,394.36878540717777
19292,1,general,318,361.9889998700338
19294,3,general,932,897.9842626248894
19295,4,general,431,438.44485599810747
19296,1,general,673,618.5379962989481
19297,3,general,733,740.8015268851509
19298,4,general,378,368.54075783880364
19299,0,infantry_grenadiers,670,698.2041700281745
19302,3,infantry_line,368,345.52624990128146
19303,4,general,217,237.67742479535005
19305,4,general,189,174.09543168985704
19307,1,general,595,539.7191419915346
19308,0,general,301,281.48254685996045
19309,4,general,386,394.1677308569796
19311,0,general,405,389.04728990039706
19312,3,general,358,328.83426239055586
19315,0,infantry_light,311,316.7849453695614
19317,2,infantry_light,525,527.3948165735235
19318,2,infantry_line,297,281.0706443332479
19319,1,infantry_line,190,225.7986539046341
19320,1,infantry_line,512,497.6527588422143
19321,2,infantry_line,437,450.94324452425025
19322,1,infantry_line,317,335.3392572729182
19323,3,infantry_line,499,491.1741634333541
19325,3,general,462,399.0740974676782
19326,1,general,184,290.9178932010723
19327,2,general,159,170.18217812099277
19328,3,general,166,176.4678484519352
19329,2,general,343,344.17447062229445
19330,2,general,626,597.4377767361092
19331,0,general,754,781.1973297608383
19333,0,general,1000,986.9212768530435
19334,3,general,1003,1008.4647443568749
19336,3,general,697,686.7961692056657
19337,2,infantry_grenadiers,833,828.9985970116094
19338,4,infantry_grenadiers,1147,1161.8693872691397
19339,4,infantry_grenadiers,948,972.2708365139614
19340,0,infantry_grenadiers,879,893.4492910366885
19341,1,infantry_grenadiers,1238,1309.7869003533417
19343,2,infantry_grenadiers,678,643.3880037844383
19344,2,infantry_grenadiers,765,747.8188298581376
19345,2,infantry_light,472,455.64758617596914
19346,3,infantry_line,241,250.29030736468192
19347,2,infantry_line,270,282.46119304306535
19348,3,infantry_line,223,211.14793773222908
19349,2,infantry_line,558,518.8830432027478
19351,2,infantry_line,264,245.82715671824445
19352,3,infantry_line,591,575.1051504904104
19353,4,infantry_line,574,592.8241545913522
19354,1,cavalry_lancers,663,615.0659336203896
19357,1,general,631,648.8262880169895
19358,0,general,589,620.5810550241953
19359,4,general,542,546.7450902399866
19360,4,general,651,685.5746095703302
19361,3,general,842,851.2786702017947
19362,1,infantry_line,362,362.56646590141725
19364,4,cavalry_heavy,1705,1681.721616860008
19365,4,cavalry_heavy,1310,1336.9101058040956
19366,4,general,1156,1179.3367039162167
19368,3,cavalry_light,456,433.2472144487882
19370,0,general,470,459.4490240845875
19371,4,general,402,394.46542453302584
19372,4,general,265,274.8755323941114
19373,4,infantry_light,352,371.45119943228593
19374,3,general,207,183.67700196606881
19376,1,general,448,390.2961380746583
19377,3,general,355,342.4586731216296
19378,4,general,365,361.6731289231299
19379,2,general,500,480.3520756236664
19381,4,general,793,721.7035306332853
19382,4,general,441,458.8257348227958
19383,3,general,1023,888.0929286979041
19384,2,general,493,524.2104842627836
19385,3,general,469,451.05904098362066
19386,2,general,323,303.574113360742
19387,0,infantry_grenadiers,434,447.8075956048819
19388,4,infantry_grenadiers,543,539.1568380008179
19389,2,infantry_grenadiers,582,546.8765199982114
19390,3,infantry_light,490,460.48932423226654
19391,1,infantry_light,417,396.81117323107554
19392,2,infantry_line,197,197.69809964262865
19395,4,infantry_line,285,267.72362389433283
19397,3,infantry_line,902,815.1235883046535
19399,2,general,946,855.2914054951001
19400,1,general,399,401.0878306105696
19402,2,general,492,496.9610083608505
19403,2,general,412,402.5290059400877
19405,3,infantry_grenadiers,525,507.8974641800295
19406,2,infantry_grenadiers,829,798.2735943529989
19407,0,infantry_grenadiers,815,824.4134882901858
19408,4,infantry_grenadiers,770,765.5031149717588
19410,1,infantry_grenadiers,1148,1133.591725705051
19411,1,infantry_line,454,453.8408975436544
19412,0,infantry_line,299,321.0990216028814
19413,4,cavalry_light,594,591.0759234224294
19414,3,general,397,419.5775810990254
19415,1,general,673,580.4019254150709
19416,4,general,461,480.9806214503162
19418,4,general,96,140.5807306361915
19419,4,infantry_light,371,385.13969229592095
19420,1,infantry_light,588,548.6621507478152
19421,0,infantry_line,193,179.8710936224657
19422,4,general,650,645.253457916763
19423,1,general,736,745.2982264780774
19424,1,infantry_grenadiers,780,782.8746640539945
19425,2,infantry_grenadiers,887,887.0706542889072
19426,2,infantry_grenadiers,884,851.9536022541862
19430,1,general,117,140.54529438128588
19432,4,general,124,139.91662581482515
19433,2,general,888,898.5104442979791
19434,2,general,615,630.9081740409976
19435,1,general,1024,1010.6753016080628
19436,3,general,704,717.9914833115002
19438,4,general,675,674.1248117470034
19439,0,general,300,287.49910183957707
19440,3,infantry_grenadiers,802,798.4293088811642
19441,0,infantry_grenadiers,614,658.0096766810456
19442,4,infantry_grenadiers,950,954.6230028287456
19443,1,infantry_grenadiers,1014,1020.7989297251597
19444,1,infantry_grenadiers,824,837.0378220863396
19446,0,infantry_grenadiers,1058,1055.305199093044
19448,0,infantry_grenadiers,769,785.0119876770063
19450,4,infantry_line,192,202.03534256557006
19452,3,infantry_line,411,374.65617758279285
19453,0,cavalry_heavy,1736,1757.7795306780208
19454,3,general,1655,1662.8820296565614
19455,2,general,187,220.19003223674318
19458,4,general,368,354.2463244906229
19460,3,general,939,973.3425189857059
19461,0,infantry_grenadiers,629,636.4385608458236
19462,2,infantry_grenadiers,892,865.3126806604307
19463,2,infantry_grenadiers,697,703.0263455930072
19466,4,infantry_line,212,280.3192350656044
19467,0,infantry_line,226,235.9491021301689
19469,3,infantry_line,576,547.5970975361025
19470,4,general,180,192.43414892119904
19471,0,general,128,135.37351247613543
19472,4,general,670,652.8336882304677
19473,4,general,322,315.26960354630324
19475,4,general,482,476.27777628922667
19477,0,infantry_grenadiers,493,513.3798881884574
19478,4,infantry_grenadiers,574,599.56008978263
19480,4,infantry_line,175,193.54227164946178
19481,3,infantry_line,279,290.9966138286171
19483,2,infantry_line,441,422.9807866751488
19484,4,infantry_skirmishers,302,319.99407709638086
19486,4,cavalry_light,787,810.472789676527
19488,0,general,646,695.5496873142874
19489,1,general,284,244.82362573761463
19491,0,infantry_light,398,370.6632526235922
19492,2,cavalry_light,988,997.7093395733128
19494,0,cavalry_heavy,1469,1515.2271292778048
19495,4,cavalry_lancers,410,443.67023512155583
19496,0,cavalry_light,1105,1125.983742560275
19497,4,general,264,248.43171593227288
19498,3,general,362,398.1735405740584
19499,1,general,195,192.44892924245238
19500,0,general,1033,1074.3119559065665
19502,4,general,459,452.2195517493545
19503,3,infantry_grenadiers,566,554.1593024090865
19504,2,infantry_line,366,357.6391823861837
19505,1,infantry_line,260,248.41823572323415
19507,1,cavalry_light,394,358.9834645191477
19511,2,general,819,797.3779078353417
19513,1,general,151,96.50749748599704
19514,1,general,232,234.3746403211601
19516,4,infantry_grenadiers,730,709.2267388973793
19517,1,infantry_grenadiers,900,900.583070384648
19518,0,infantry_grenadiers,681,687.7572103643065
19519,3,infantry_grenadiers,633,592.974017752955
19521,2,infantry_line,292,303.79441936475183
19522,3,infantry_militia,163,230.70728750892516
19524,3,general,318,294.59931085445595
19525,2,general,122,136.49147309615606
19527,0,general,240,268.06489447813226
19528,0,general,872,824.914474429425
19529,2,general,267,255.48600167506754
19531,3,infantry_line,368,349.8561102644905
19532,3,infantry_line,151,182.5419930999196
19533,2,infantry_line,240,257.20391587007305
19534,2,cavalry_light,600,526.782292499436
19535,3,general,316,304.9435100536649
19536,3,general,429,392.76401083290784
19537,3,general,429,392.76401083290784
19538,0,general,109,171.55750134393998
19540,4,infantry_line,208,193.29001688618837
19541,3,cavalry_light,771,787.5771621973033
19543,2,general,765,821.1555765014543
19545,1,general,699,635.1130846817682
19548,0,general,123,217.75014420328785
19549,1,infantry_line,215,229.12686617267894
19551,1,general,166,179.62639990337516
19553,4,infantry_line,269,278.4553133431622
19554,0,infantry_line,267,280.7312583521518
19556,2,general,385,359.9755266139273
19557,2,infantry_line,357,342.4379127413293
19561,0,infantry_line,248,256.88983450409006
19562,2,infantry_line,270,273.91063714167746
19563,0,cavalry_heavy,1570,1536.6518982890002
19564,0,cavalry_heavy,1541,1557.8451434746842
19567,4,cavalry_heavy,1554,1570.595859805795
19568,3,general,1378,1420.4811664247188
19569,2,general,179,259.3762123106704
19570,3,general,154,226.23191126609066
19571,4,general,535,519.0786451883995
19572,0,infantry_grenadiers,650,635.8794909460757
19573,2,infantry_line,254,248.60929587682418
19574,0,infantry_line,250,250.16427853179445
19576,1,artillery_foot,656,650.369593937283
19578,4,artillery_foot,525,609.2444891575437
19579,3,artillery_foot,241,286.815254681307
19580,1,artillery_foot,236,264.5994390533759
19581,2,artillery_foot,470,449.7594615386202
19582,2,artillery_foot,678,601.8951543970803
19584,1,artillery_foot,325,305.42782794884977
19585,4,artillery_foot,518,516.8607362895876
19586,3,artillery_foot,771,767.2199971833973
19587,2,artillery_horse,925,933.4805666068089
19588,1,artillery_horse,846,843.5519904537375
19589,3,artillery_horse,903,911.4886160182783
19590,4,artillery_horse,1042,1027.7442639972805
19591,1,artillery_horse,565,554.5075126740243
19593,2,general,340,320.11614362843346
19594,2,general,549,480.9739539821808
19595,2,general,526,525.2665681623447
19596,4,general,1,1.0
19597,3,general,199,199.47101604128954
19599,4,general,740,695.9345695688145
19600,4,general,1,1.0
19602,4,general,1,1.0
19604,1,infantry_grenadiers,359,404.1879958780726
19605,1,infantry_grenadiers,359,404.1879958780723
19606,1,infantry_grenadiers,359,404.1879958780726
19607,4,cavalry_light,1063,983.0938553771633
19608,1,general,169,188.67838946349175
19609,0,general,1058,1072.955355376898
19610,1,general,470,461.79389370320706
19611,3,general,830,826.7203791165107
19612,3,general,315,310.806389125247
19613,2,general,347,326.67089896392076
19614,0,general,173,178.09110822259237
19615,1,general,259,281.58402334221614
19616,0,general,168,186.99044661212093
19617,0,general,183,195.95335061881497
19618,3,general,867,860.245509008561
19620,2,infantry_grenadiers,873,854.2924513029714
19621,2,infantry_light,303,280.1925577933977
19622,0,infantry_light,370,396.53775826344537
19623,4,infantry_light,205,202.24027808062255
19624,4,infantry_light,247,255.35024696274334
19625,2,infantry_line,579,562.4717159261544
19626,0,infantry_line,365,361.1914700519643
19627,4,infantry_line,279,295.9594014721232
19628,0,infantry_line,266,290.2851506605308
19629,3,infantry_line,1220,1254.109837772536
19630,2,cavalry_heavy,2251,2300.63188024668
19632,4,general,243,237.9100830929678
19633,0,general,318,320.6947272578534
19634,1,general,497,483.1327731438797
19635,0,general,2021,2074.251604900996
19636,3,general,701,678.9642975770854
19638,1,general,640,673.6904182359749
19639,4,infantry_grenadiers,685,709.0623764193139
19640,2,infantry_light,434,418.375634662141
19641,0,infantry_light,476,449.04327297109165
19642,4,infantry_line,340,341.10681430288736
19643,1,infantry_line,417,424.98383498379
19644,4,infantry_line,624,614.9566145407472
19646,3,artillery_horse,2117,2082.1938278593307
19647,1,general,427,406.370372632965
19648,2,general,415,376.19137679517075
19649,1,general,2141,2122.0661240261184
19650,4,general,386,375.89321824275595
19651,4,general,717,711.0144854260194
19652,3,general,480,453.4507318557466
19653,4,general,583,552.2181481133989
19654,0,general,440,450.8668458941629
19655,4,general,586,598.7030518504448
19656,0,general,708,705.8479501208787
19657,1,general,540,536.9924772755944
19658,4,infantry_grenadiers,825,817.4379495687054
19659,1,infantry_light,499,492.53751370249256
19660,0,infantry_light,600,614.5457764057795
19661,2,infantry_light,568,571.4743913479886
19662,0,infantry_line,530,505.79849269300246
19664,4,infantry_line,527,509.2154579947314
19665,3,cavalry_light,577,563.2060177429513
19667,3,general,466,465.51685722664826
19668,0,general,210,243.71787996202664
19669,0,general,307,331.48453954305967
19671,1,cavalry_lancers,318,328.4988401987551
19672,4,general,824,823.2026461665245
19673,0,infantry_light,754,776.527069839611
19674,4,artillery_horse,820,764.1963351848958
19675,0,cavalry_heavy,1867,1844.960419114787
19676,4,cavalry_lancers,471,452.3401569548931
19677,3,cavalry_lancers,528,487.2355345220853
19680,4,general,598,551.6988082254069
19681,0,general,835,917.0184863887455
19682,3,general,1766,1746.2956200707586
19684,3,general,617,620.5041246994148
19685,3,infantry_grenadiers,759,754.2296166580855
19686,3,infantry_line,384,392.4231925146314
19687,2,infantry_line,649,619.2497023996825
19688,1,infantry_line,726,734.4461169110903
19689,0,artillery_horse,1066,1065.861940711377
19691,1,cavalry_light,616,630.6523510410316
19692,0,general,399,378.6667113371564
19693,4,general,869,804.9565673924666
19695,1,general,464,490.56685250655715
19696,3,general,318,326.36127883049585
19697,2,general,456,443.61331800339326
19698,3,general,1274,1322.2306589538891
19700,4,general,312,310.2529658590638
19701,0,general,271,261.0076173235975
19702,1,general,886,868.4014863861889
19705,4,infantry_line,414,408.7936646625754
19706,4,infantry_line,452,420.6392359075154
19707,2,infantry_line,317,337.58515640595
19708,2,infantry_line,378,374.880588422567
19709,3,infantry_line,377,364.5629359220425
19710,4,infantry_line,373,362.2657743875673
19711,4,infantry_militia,229,216.6221981434639
19713,1,general,254,272.4032268676206
19714,4,infantry_line,310,319.9564675207419
19716,4,general,619,576.7860425469454
19717,1,general,366,368.3032241780801
19718,1,infantry_line,466,469.28630455154774
19719,3,infantry_line,727,700.2813433968424
19720,2,artillery_horse,148,215.19474414316443
19721,2,cavalry_heavy,1277,1315.5007726700062
19723,2,cavalry_standard,558,595.0576323486785
19724,0,cavalry_standard,523,556.9851121371235
19725,0,cavalry_standard,456,482.3262500942172
19726,4,cavalry_standard,1047,1053.502550413398
19727,0,cavalry_standard,685,719.9125996534224
19728,3,cavalry_standard,934,942.6580882478951
19729,2,general,642,656.0739654669195
19730,0,general,423,445.03042993916813
19731,3,general,270,289.2806123113008
19733,3,general,938,943.8778309583954
19734,1,general,863,853.2095549922967
19735,0,general,840,865.3643366001621
19736,1,general,425,463.03452677938253
19737,3,general,230,247.29860512539955
19738,0,general,1123,1140.083726908533
19739,2,general,272,281.0989748882176
19740,1,infantry_line,293,302.3374532855613
19741,4,infantry_line,365,383.2137817970175
19742,2,infantry_line,320,341.06498775100977
19743,2,cavalry_lancers,355,362.5894127378634
19744,3,cavalry_standard,1063,1043.9867207895816
19745,0,general,253,260.6536044383796
19746,3,general,440,438.97396021088485
19747,0,general,877,866.9403942346734
19748,2,general,220,240.13440621984142
19749,0,general,1780,1591.5695886161418
19751,3,infantry_line,491,495.84540644296123
19755,3,infantry_line,356,352.64843468405
19756,2,general,248,255.98908453278918
19757,0,general,228,203.509675641606
19758,0,general,214,193.9687614415085
19759,2,general,165,153.1076202808893
19760,3,general,362,349.4638735167805
19761,4,general,200,201.9772443175646
19762,0,general,555,538.8983134714945
19763,1,general,454,433.68944296899133
19764,3,general,399,392.2828407684033
19765,1,infantry_light,270,250.2881740062276
19766,0,infantry_light,332,312.9854748890172
19767,2,infantry_light,305,302.0749069031015
19768,3,infantry_light,386,369.50225891698045
19769,3,infantry_line,303,319.1847584161963
19770,2,infantry_line,410,408.223476310236
19773,2,general,239,227.3271663769983
19774,3,general,965,974.6702372167775
19775,4,general,1217,1212.2103283132453
19776,1,infantry_line,296,300.22861156418304
19777,3,infantry_line,173,170.1205068483181
19779,3,infantry_line,982,1054.9469315510084
19780,0,general,251,181.53583907062085
19781,1,general,100,107.9348567658125
19782,2,general,686,684.4371752974741
19783,1,infantry_grenadiers,804,800.4513629641901
19784,2,infantry_line,207,198.80906618521334
19786,3,cavalry_heavy,1166,1145.9480965852251
19787,3,cavalry_heavy,1670,1665.062697737769
19788,1,cavalry_heavy,1321,1315.7687139251784
19789,2,cavalry_heavy,2453,2478.851592588603
19790,0,cavalry_standard,555,592.314956865779
19791,2,cavalry_standard,776,772.1831331375353
19793,2,general,967,978.5687244082802
19794,1,general,455,502.49370448265205
19795,3,general,2211,2205.7606546947895
19796,1,general,1096,1109.4639697040084
19797,0,general,1576,1579.7156304158575
19798,1,cavalry_standard,599,613.5859474331514
19799,4,general,456,453.87082048176154
19800,4,cavalry_standard,957,968.374384473875
19801,2,cavalry_standard,657,654.9951643405558
19802,0,general,825,801.4054592309731
19803,2,general,512,495.12474278322765
19804,3,artillery_horse,578,578.7330988675154
19805,2,cavalry_light,559,581.1729081618449
19806,4,cavalry_light,1103,1028.8393377968594
19807,4,general,1016,945.5639590972625
19808,0,general,459,483.2124923114526
19810,4,artillery_foot,508,534.3058135576941
19811,2,artillery_foot,450,366.7144665593594
19813,0,artillery_foot,547,590.1901825964035
19814,4,artillery_foot,518,554.464250004126
19815,3,artillery_foot,1917,1948.2941792920376
19816,0,artillery_foot,2237,2231.320879708211
19817,1,artillery_foot,1041,1025.2980095708979
19818,2,artillery_foot,1115,1009.4800122806065
19819,4,artillery_horse,323,339.19787424675496
19821,4,artillery_horse,821,768.6962781027034
19822,1,artillery_horse,1674,1667.4111130763933
19823,1,artillery_horse,1077,1078.2494080900115
19825,2,general,2424,2477.936702560553
19826,0,general,312,312.6301442668621
19827,3,general,177,177.30756981447954
19830,0,general,924,865.0062182318885
19831,4,general,834,852.052369710875
19833,3,general,827,813.2233186940688
19834,3,general,177,177.30756981447954
19836,4,general,204,215.60423434848485
19837,1,general,408,452.9016525216859
19838,2,general,823,822.8283258225111
19839,0,general,2496,2517.602577116217
19840,0,general,569,570.2143709935292
19841,0,infantry_skirmishers,136,156.63467124058883
19842,0,infantry_skirmishers,136,156.63467124058883
19843,0,infantry_skirmishers,136,156.63467124058883
19844,0,artillery_foot,330,355.75993287208047
19845,0,artillery_foot,414,421.3844693138885
19846,0,artillery_horse,303,311.9435720585457
19847,1,artillery_horse,1351,1377.7449729670668
19848,0,cavalry_light,475,501.55793535825575
19849,0,cavalry_light,430,416.2048367965389
19850,2,cavalry_light,443,426.8239742615205
19851,2,general,334,348.9336748893752
19852,0,general,350,355.93326948626344
19854,3,general,296,280.1041123329854
19857,0,general,256,241.55136675860612
19858,1,general,273,276.4435310516285
19859,4,general,297,339.6198115136829
19860,2,general,97,97.97962750953675
19862,3,general,208,234.23083297492406
19863,0,general,300,331.5678233291695
19864,1,general,230,262.24407172680503
19865,0,general,381,389.01309692479936
19866,1,general,492,510.6480483707254
19867,3,general,59,74.84197237450094
19868,4,general,433,382.45188874108885
19870,4,general,1094,1244.9227748105322
19871,0,general,513,514.8343091903706
19872,4,general,123,121.02465298759356
19873,2,general,750,673.1414577317473
19874,4,general,630,664.752427133658
19875,3,general,453,452.01659479837775
19876,4,general,539,580.9955898292711
19877,0,infantry_grenadiers,242,249.78612557450725
19878,0,infantry_grenadiers,866,922.1397555339346
19880,2,infantry_light,407,445.15527824314677
19881,4,infantry_light,458,421.28511819822506
19882,3,infantry_light,314,306.38675108781604
19883,3,infantry_light,359,383.11708792675654
19885,3,infantry_light,334,363.86775687317066
19886,4,infantry_light,370,338.00292717410116
19887,3,infantry_light,304,331.5570513791322
19888,3,infantry_light,362,351.0387991090514
19889,0,infantry_light,515,557.1478446645644
19890,0,infantry_light,688,605.8047826299236
19891,1,infantry_light,571,559.7077308343024
19892,0,infantry_line,171,174.36571522612948
19893,0,infantry_line,199,204.15523536966606
19894,1,infantry_line,629,643.8352648753447
19895,3,infantry_line,230,221.40295932630667
19896,0,infantry_skirmishers,127,134.81129853915277
19897,4,infantry_skirmishers,196,193.2936999743473
19898,4,infantry_skirmishers,134,139.0962587868305
19899,1,infantry_skirmishers,196,196.00350335992127
19900,1,artillery_foot,266,241.36346524036497
19902,1,artillery_foot,208,227.1824165566579
19903,1,artillery_horse,906,934.6729145623559
19904,0,artillery_horse,925,934.2195938176479
19905,3,cavalry_light,746,742.2755600655547
19906,3,cavalry_light,471,450.03687730366397
19907,3,cavalry_light,929,872.813756418917
19909,0,cavalry_standard,524,511.4222037677327
19910,3,cavalry_standard,950,940.8359578125215
19911,4,cavalry_standard,455,481.7998819856242
19912,4,general,172,174.34543008352196
19913,0,general,771,779.5693214921181
19914,3,general,51,72.09809610096003
19915,0,general,65,84.6137555791552
19916,0,general,612,655.3675773240407
19917,4,general,928,937.0228646664759
19918,0,general,150,120.97568333461129
19919,1,general,366,354.8877511650136
19920,2,general,327,344.5189444227607
19921,0,general,96,108.71211429443036
19924,4,general,74,88.58539727396234
19925,0,general,558,535.0821522471572
19926,4,general,1176,1339.0558056883058
19927,3,general,337,337.2937616470708
19928,2,general,945,729.3650707131758
19929,2,general,1251,1002.6477604344109
19930,3,general,116,122.08112991516002
19932,3,infantry_line,277,282.04945648091257
19933,3,infantry_line,171,186.41569700400973
19935,0,infantry_line,144,172.24787967915776
19936,0,infantry_line,1075,835.6361757820291
19937,3,infantry_line,1159,965.3518902888494
19938,2,infantry_line,324,328.5198146885833
19939,0,infantry_line,219,222.84793572258127
19940,4,infantry_skirmishers,102,112.01100982441042
19941,3,artillery_foot,266,244.26581278672487
19942,3,artillery_horse,443,443.57285622179654
19943,4,cavalry_heavy,1299,1313.1603789517612
19944,0,cavalry_heavy,1661,1636.877423430936
19945,0,cavalry_standard,1032,1040.3811488273773
19946,2,general,1472,1477.4880433842604
19947,4,general,891,879.4502032455009
19948,0,general,109,123.98217274418442
19949,1,general,1085,1104.3401555158707
19951,0,infantry_skirmishers,98,110.42076665185152
19953,0,general,601,570.268479611711
19954,0,general,231,269.15962493772895
19956,0,artillery_foot,460,433.3320059748425
19957,3,artillery_foot,527,539.0320403532876
19958,3,general,364,332.71368204822005
19959,4,general,142,158.07176669547923
19961,4,general,40,53.4898021204352
19964,0,general,732,750.5395901503931
19965,2,general,626,633.379240260681
19967,4,infantry_grenadiers,873,845.6428026018341
19968,2,infantry_grenadiers,1076,1143.4475600786427
19969,4,infantry_grenadiers,438,482.7158417320042
19970,1,infantry_grenadiers,588,576.2717686797519
19973,3,infantry_line,375,380.5417231941802
19974,2,infantry_line,219,225.56075778091008
19975,0,infantry_line,238,247.18007506221423
19976,2,infantry_line,251,250.07688709913458
19978,1,artillery_foot,322,318.2314708389502
19979,2,artillery_foot,345,384.4572797213991
19980,0,artillery_foot,473,487.76145645282196
19981,3,general,198,216.10033081348206
19982,0,general,239,209.37187909056124
19983,4,general,505,532.4492803231658
19984,3,general,112,119.10808321686919
19985,2,general,205,199.15265259368246
19987,0,general,191,195.91964024427492
19988,2,general,187,194.7682019674416
19989,1,general,158,165.14601833235773
19990,1,general,137,129.4450728778704
19991,1,general,572,585.8136265674909
19993,3,general,247,244.5600683603268
19995,2,general,679,666.0238249250615
19997,1,general,956,890.1623907990394
19999,2,general,597,589.4808168783267
20000,2,infantry_grenadiers,627,642.7363758537438
20003,1,infantry_grenadiers,727,705.4201800930748
20004,4,infantry_grenadiers,803,773.8618473407688
20006,0,infantry_grenadiers,1005,1085.1519487990545
20007,2,infantry_line,262,281.852130959905
20008,3,infantry_line,265,272.08788786792746
20010,1,infantry_line,212,210.1317980545304
20013,2,infantry_line,198,182.0591236010717
20014,0,infantry_line,214,232.7501438526624
20015,4,infantry_line,219,221.7860379599892
20016,2,infantry_line,264,264.185492650043
20017,0,infantry_line,257,259.9306927317518
20018,1,artillery_foot,531,484.9376619179548
20019,2,artillery_foot,623,584.9659629604416
20020,3,artillery_foot,753,802.316709965242
20021,2,cavalry_light,354,348.24193858560886
20022,3,cavalry_standard,1120,1102.4694241851653
20023,0,general,972,937.1734980702248
20026,4,general,440,395.85742714636626
20027,1,general,154,158.3760767438013
20028,1,general,662,693.6949022914048
20029,4,general,229,210.18079512809555
20030,2,general,351,309.1830948805044
20031,4,general,284,291.32162961631184
20032,0,general,81,100.58037731652357
20033,3,general,147,157.6955548392683
20035,2,general,503,498.36740536250227
20036,4,general,262,275.6046164682544
20037,3,general,807,746.9402413770582
20038,4,general,190,199.15541851897672
20040,4,general,766,777.8684713217976
20041,3,infantry_grenadiers,839,784.9544398934374
20043,3,infantry_grenadiers,903,856.729997013314
20044,4,infantry_light,385,389.0424458834598
20046,2,infantry_line,236,225.83852324922162
20047,0,infantry_line,175,183.25660941137437
20048,1,infantry_line,188,203.1681551955541
20051,0,infantry_line,322,316.2949833628637
20052,4,infantry_line,225,217.15091190819567
20053,2,infantry_line,251,260.4159940420724
20054,0,infantry_skirmishers,126,128.38444957513826
20057,1,cavalry_heavy,982,955.5890809929622
20059,0,cavalry_heavy,1800,1695.631731725661
20060,0,cavalry_heavy,855,872.6145190388822
20061,2,cavalry_heavy,890,976.1156462117926
20062,3,cavalry_standard,408,412.75348282141283
20063,2,cavalry_standard,773,772.9328795468612
20065,2,general,1429,1366.261529239157
20066,4,general,810,804.0455700703179
20067,1,general,1796,1750.780133777768
20069,0,general,688,710.7765500872234
20070,2,general,282,284.17585331620893
20071,4,general,392,394.1497165487617
20072,2,cavalry_light,559,541.2228751663196
20073,3,general,416,409.04187195327694
20074,0,general,156,157.52219153822378
20075,3,infantry_light,262,257.7585823061795
20077,0,artillery_foot,521,468.54589419592224
20078,3,artillery_foot,467,488.2170755092276
20079,4,general,361,307.6228615381638
20080,4,general,247,264.6073801484815
20081,4,general,287,313.82349117430886
20082,0,general,205,175.73315134555153
20084,2,general,702,637.6336162984437
20085,0,general,428,362.72355586654606
20086,2,general,519,481.5571202515158
20087,2,general,559,551.9569730390677
20088,0,general,675,700.6089839265751
20089,0,general,714,748.301687128031
20090,4,general,636,640.8425924357376
20091,3,general,640,626.4307021986184
20093,2,general,477,447.37941724995534
20095,0,general,675,700.6089839265751
20096,1,general,985,1017.2043344414358
20097,2,infantry_grenadiers,835,886.9998881048688
20098,3,infantry_grenadiers,614,587.5105616921787
20099,3,infantry_grenadiers,809,804.1221637974227
20100,1,infantry_grenadiers,538,495.49396967216455
20101,2,infantry_grenadiers,933,945.766070500828
20102,3,infantry_grenadiers,758,719.9816403613466
20103,4,infantry_light,626,616.1704648910568
20104,1,infantry_light,391,426.36357678361736
20105,3,infantry_light,346,309.03328688932544
20106,3,infantry_light,689,664.4970193545446
20107,4,infantry_line,349,367.5631853174687
20108,4,infantry_line,299,296.76449827114806
20109,1,infantry_line,312,289.39630387345045
20110,0,infantry_line,406,368.47435870226366
20111,2,infantry_line,509,530.8791653607353
20112,3,artillery_foot,492,444.7307436049128
20113,1,artillery_foot,408,407.1668417482927
20115,4,cavalry_heavy,2198,2218.148575733094
20116,1,cavalry_heavy,972,948.1595964065801
20117,0,cavalry_light,389,402.4038432824208
20119,0,general,912,896.7443020367559
20120,0,general,2180,2211.1234068994722
20121,1,general,463,479.8411146002055
20122,3,general,342,326.114757736019
20123,2,general,242,239.78131592252143
20124,2,general,311,306.9399718002742
20125,1,general,845,818.1239029215436
20126,4,general,1224,1248.509389226761
20127,3,general,526,498.45448584769434
20128,1,general,641,653.9857892602881
20129,3,general,656,686.2727672268798
20130,1,infantry_grenadiers,498,489.81025818906187
20131,1,infantry_grenadiers,457,440.8860527248669
20132,3,infantry_grenadiers,793,798.3204530700997
20133,2,infantry_grenadiers,632,609.6852306162805
20134,2,infantry_grenadiers,583,564.6682561720147
20135,2,infantry_grenadiers,742,746.7011561612564
20136,3,infantry_line,311,309.44138467992514
20137,4,infantry_line,414,425.73499057050867
20139,4,artillery_horse,516,508.1662109276699
20140,1,artillery_horse,83,125.54366806249959
20141,0,artillery_horse,547,565.1243718439542
20142,1,cavalry_heavy,983,968.8137768023707
20145,1,cavalry_standard,485,509.91304083661316
20146,3,cavalry_standard,727,689.4525472584957
20147,3,general,352,370.9149713173729
20150,0,general,573,554.4016946825524
20151,2,general,1,16.322922983023915
20153,3,general,510,540.0332053263278
20155,2,general,214,216.3381541015624
20156,2,general,258,259.32870780972013
20157,2,general,309,297.0865267171679
20158,4,general,462,474.1881503734816
20159,1,general,366,383.98655561381435
20160,2,general,1097,1228.772742203433
20161,3,infantry_grenadiers,1158,1265.1664505028116
20162,2,infantry_line,319,324.75331207176663
20163,3,infantry_line,323,318.01703282754534
20164,0,infantry_line,449,434.1229118549567
20165,2,infantry_line,437,444.61266543328304
20166,1,infantry_skirmishers,132,134.35885558301993
20167,2,artillery_foot,341,333.4110007928871
20168,4,artillery_foot,475,496.309210507378
20169,3,general,144,149.55978835584318
20170,2,general,291,274.02162722807515
20171,4,general,129,128.752279823054
20172,4,general,186,183.95882566270282
20173,4,general,129,128.752279823054
20175,4,infantry_grenadiers,685,654.3757813614874
20176,4,infantry_line,252,256.3840196794443
20178,3,infantry_line,396,391.99886687051935
20179,3,infantry_line,239,247.48705777450843
20180,3,infantry_skirmishers,123,134.71171166521313
20181,1,artillery_horse,464,476.02232273440717
20182,3,cavalry_standard,1007,1003.5130346052874
20183,3,cavalry_standard,1036,1023.2909373284399
20186,4,general,849,854.197996323451
20188,3,cavalry_heavy,871,873.3356971690453
20189,2,general,704,709.5833655888426
20191,4,artillery_horse,132,185.64006628253674
20195,3,general,159,159.57681283303165
20197,4,general,1,1.0
20198,1,general,1721,1634.7771503090235
20199,1,general,1936,1926.0480649912497
20200,2,general,327,313.06699912205755
20201,0,infantry_grenadiers,1865,1538.5453789010867
20204,0,infantry_line,616,625.8433531432812
20207,0,general,465,489.05721388593815
20208,1,general,1308,1217.572683435274
20209,0,infantry_grenadiers,984,873.1062522370395
20210,2,infantry_light,571,584.0654264315881
20212,4,infantry_line,424,409.9904269567069
20213,3,infantry_line,401,372.57064296814184
20214,1,infantry_line,1328,1308.2378067688642
20215,3,infantry_skirmishers,310,305.28394389440746
20216,4,cavalry_light,505,397.10350987941473
20217,3,general,358,344.50064681583734
20218,4,infantry_light,276,275.1410294798813
20219,0,infantry_line,484,480.68131983143553
20220,2,infantry_line,431,429.09484888401255
20221,0,infantry_line,644,664.8336794291336
20222,3,infantry_line,658,667.954195357275
20223,3,infantry_skirmishers,224,195.31720854261224
20224,3,infantry_skirmishers,260,222.547929984373
20225,4,general,341,454.01005606833974
20226,0,general,751,781.0601245620746
20228,3,infantry_grenadiers,543,551.8483215041805
20229,4,infantry_light,331,280.60843792751285
20230,1,infantry_line,366,482.42672093017853
20231,1,infantry_line,1007,1002.8976499145128
20232,3,infantry_line,317,298.86351595305854
20233,0,infantry_line,543,546.0705359660462
20236,1,infantry_line,464,457.51559419810553
20237,2,infantry_skirmishers,218,226.97590063364586
20238,4,artillery_foot,567,602.2935759944057
20239,3,artillery_foot,633,627.360485161717
20240,2,infantry_light,749,713.0444290044362
20241,3,cavalry_heavy,1891,1885.0071969626358
20242,1,cavalry_heavy,1593,1612.829874970797
20244,1,cavalry_light,790,795.2958582552612
20245,2,cavalry_standard,872,893.4888300874293
20247,4,general,1706,1690.017029203011
20249,1,general,930,1024.1007559002462
20252,0,infantry_light,1248,1547.715558052843
20254,2,cavalry_light,782,762.2489672147051
20255,1,general,686,670.0844209756623
20256,4,infantry_light,672,620.0541890551757
20257,2,artillery_foot,2022,1953.0597149887096
20258,0,cavalry_light,480,490.18470116866314
20259,2,cavalry_standard,677,693.0846488015644
20260,4,general,575,597.9121498171612
20261,0,cavalry_light,1573,1698.0054582456428
20262,4,artillery_foot,1003,925.1072654845483
20263,0,artillery_foot,369,408.17036163366777
20264,4,artillery_foot,90,142.0352573078722
20265,3,artillery_horse,700,692.0159935268698
20266,1,general,820,820.0888635125461
20268,0,general,401,401.95304262882286
20270,2,general,34,104.52277003330167
20271,3,infantry_grenadiers,401,433.47776534415135
20272,4,cavalry_lancers,654,669.2792500437125
20273,2,cavalry_light,1009,1105.2218137834755
20274,0,cavalry_light,844,803.9976076157344
20275,3,cavalry_light,701,635.1368008907115
20277,1,cavalry_light,810,790.5131393729313
20278,3,general,131,123.73871799857243
20280,2,general,665,641.6896818285607
20281,3,general,647,632.6064696725084
20282,4,general,579,568.4633011895792
20283,1,general,548,556.1271146433126
20284,2,general,141,155.4769975701667
20285,0,general,828,873.2336493529326
20286,0,general,248,235.23382384429777
20287,3,general,752,727.1245963279138
20289,1,general,880,914.2082325154854
20290,4,general,427,392.0366495039727
20291,0,general,327,305.70632114962797
20293,3,general,432,456.8183084551956
20294,2,general,341,375.36565465577576
20295,2,general,340,270.1986941882471
20296,0,general,436,454.3747043910693
20297,3,general,776,712.4407377869306
20299,3,general,194,221.63367468613262
20300,3,general,162,194.85204351720358
20301,4,general,411,408.64110230166216
20302,0,general,509,460.3989185060707
20303,2,general,913,858.294801790174
20304,1,general,880,914.2082325154854
20305,1,general,645,570.4025993605478
20307,0,general,174,221.50300915173585
20308,1,general,795,797.768026229733
20309,4,general,724,701.2099697201041
20310,1,general,687,707.1503335967963
20311,3,general,883,883.5569045476652
20312,4,general,656,667.8530606943467
20313,1,general,862,860.4096104228507
20315,2,infantry_grenadiers,692,659.6784921652734
20316,2,infantry_grenadiers,536,551.6165080181794
20317,0,infantry_grenadiers,697,689.6405202322557
20318,0,infantry_grenadiers,526,534.442764839239
20319,1,infantry_grenadiers,544,553.4894800486109
20320,3,infantry_grenadiers,388,432.69394140354365
20321,0,infantry_grenadiers,829,814.0497271402544
20322,0,infantry_grenadiers,847,812.2143175197558
20323,0,infantry_grenadiers,809,798.5804663065386
20324,4,infantry_grenadiers,717,718.8334486989971
20326,0,infantry_grenadiers,929,913.9742589821924
20327,1,infantry_irregulars,516,538.1533617862868
20328,3,infantry_irregulars,382,392.93635130838067
20329,0,infantry_irregulars,241,260.3274613732267
20330,2,infantry_irregulars,300,328.9923504407973
20332,3,infantry_light,252,311.5625046071435
20333,4,infantry_light,250,308.18285747552807
20335,3,infantry_light,355,319.7303816475708
20336,2,infantry_light,389,349.99563590894184
20337,4,infantry_light,812,862.7185501009667
20338,1,infantry_militia,245,224.2637280487424
20339,2,infantry_militia,326,299.46138696484724
20340,4,infantry_militia,228,208.5604002816832
20341,3,infantry_skirmishers,176,219.22207191025805
20342,4,infantry_skirmishers,170,161.44672836478145
20343,3,infantry_skirmishers,171,167.03133498420453
20344,3,infantry_skirmishers,186,174.72839157470113
20345,3,infantry_skirmishers,186,174.72839157470113
20346,2,infantry_skirmishers,114,135.47308453790532
20347,3,cavalry_lancers,695,633.1581191820902
20348,2,cavalry_lancers,461,484.70948404414264
20349,4,cavalry_light,440,431.77568533456713
20352,2,cavalry_light,1095,1173.9291328753861
20353,4,cavalry_light,947,984.2936931383867
20355,2,general,958,1030.6225682583492
20357,3,general,582,533.9913240718912
20358,1,general,1165,1176.5860764379986
20360,0,general,391,373.699322184615
20361,0,general,627,579.3299229142451
20362,0,general,396,372.2664890870487
20363,2,general,431,439.9552679279816
20364,4,general,315,355.7330590936614
20365,3,general,119,151.51767139403228
20366,1,general,399,376.73185135474205
20367,4,general,357,329.0477677436278
20368,1,general,547,546.0926529975525
20369,3,general,1287,1321.4407757158883
20371,0,general,91,82.22345881205797
20373,0,general,903,932.5526881610799
20375,2,infantry_irregulars,190,177.56050311611924
20376,2,infantry_irregulars,426,471.34225501175666
20377,3,infantry_light,209,240.89813325319307
20379,2,infantry_light,447,431.3312899631946
20380,4,infantry_light,523,518.4340918211633
20382,0,infantry_light,360,369.61001920222884
20383,3,infantry_light,510,465.3757685194773
20385,3,infantry_skirmishers,176,219.22207191025805
20386,4,infantry_skirmishers,170,161.44672836478145
20387,1,infantry_skirmishers,169,160.13736347777407
20388,2,infantry_skirmishers,297,321.3549360044856
20389,2,cavalry_heavy,1547,1569.1685550885484
20390,4,cavalry_heavy,1414,1424.9974710859944
20393,4,general,1249,1250.9813151278372
20395,3,cavalry_heavy,1402,1420.4620525675684
20396,0,general,467,423.28229566390297
20397,2,general,1237,1269.4795576572137
20398,2,general,161,153.7201081933198
20399,4,general,205,222.34524174307208
20401,3,general,96,105.39295553754043
20402,3,general,1372,1391.5631923269848
20403,0,general,52,99.64059419368152
20404,3,general,167,179.58178908029686
20405,3,general,432,425.1683727538656
20407,4,general,651,641.6269149656633
20408,1,general,560,568.536205305433
20409,2,general,620,616.8096631890279
20410,2,general,671,604.2760473689202
20411,1,infantry_line,136,187.70597331959686
20412,2,infantry_line,257,248.1679297167097
20413,0,infantry_line,231,251.5753647534081
20414,0,infantry_line,177,190.73024126916513
20415,2,infantry_line,230,229.75062146657683
20416,0,infantry_line,507,481.58372379196004
20417,4,infantry_line,190,197.39239480936692
20418,2,infantry_line,727,728.6425864484739
20419,4,infantry_line,533,524.547089019723
20420,0,infantry_line,665,674.0404320031853
20421,4,infantry_line,494,498.9557870872948
20422,2,infantry_line,537,510.912266465074
20423,1,cavalry_standard,685,682.3416307679664
20426,1,general,539,535.9467073214718
20427,2,general,118,129.49055378546257
20428,1,general,130,141.0352898251387
20429,1,general,131,165.2118711253001
20430,0,general,280,277.395077141862
20431,2,general,289,273.3153920214002
20432,3,general,781,728.2547972042419
20433,1,general,343,341.04365367490306
20434,1,general,534,529.5357870003293
20435,3,general,371,354.60361343832363
20437,1,general,1055,1048.9097450602715
20439,0,infantry_line,203,262.52659326462896
20441,2,infantry_line,337,327.3738799640414
20442,0,infantry_line,225,237.79267785310378
20443,3,infantry_line,223,225.78549264396221
20444,2,infantry_line,408,381.51821030307065
20445,1,infantry_line,419,399.3706580999428
20446,4,infantry_line,880,880.429389290685
20447,3,infantry_line,681,701.4005132288231
20448,3,infantry_line,638,622.055766844393
20449,4,infantry_line,493,491.2235261020817
20450,3,infantry_line,532,543.6653348014265
20451,1,general,337,320.56431515808293
20452,4,general,223,214.1402685065593
20453,0,general,75,120.43169330780557
20454,0,general,208,214.00806043477493
20455,1,general,117,127.37346007046642
20456,0,general,140,158.6424351437828
20457,0,general,520,496.21300271635386
20458,3,general,397,372.56688642749566
20459,1,general,176,165.6456868110864
20460,2,general,287,286.93958297415287
20461,3,general,168,179.15588956579802
20462,3,general,124,135.05063951381413
20464,2,general,931,947.9639954499223
20465,1,general,577,554.811571714538
20466,4,general,828,821.39681116296
20467,3,general,768,767.5724407252582
20468,0,general,589,539.6896985851208
20469,1,general,914,931.3608931465983
20470,3,general,719,743.1488072183979
20471,1,infantry_grenadiers,630,582.3576991160544
20472,3,infantry_grenadiers,814,807.0207856447754
20473,3,infantry_grenadiers,867,867.4860635120319
20474,4,infantry_grenadiers,877,861.2420604715628
20475,1,infantry_grenadiers,680,687.0133123450505
20476,3,infantry_line,215,228.08181188443777
20477,4,infantry_line,259,256.6441076891773
20479,1,infantry_line,164,208.93703364968465
20480,3,infantry_line,313,311.9743334705444
20481,3,infantry_line,267,273.79773346831195
20482,2,infantry_line,186,179.59264234598555
20483,4,infantry_line,266,272.1794025562283
20484,1,infantry_line,362,347.0559435362156
20485,4,infantry_line,314,316.3402534204575
20487,1,infantry_line,618,604.912267148911
20488,2,infantry_line,433,408.1144016364516
20489,4,infantry_line,665,700.5210612465717
20490,0,infantry_line,682,641.2385796981105
20491,3,general,380,419.0238703879786
20492,3,general,297,244.77764379848296
20493,1,general,147,161.81056741986527
20494,2,general,147,150.70764732635084
20495,1,general,96,87.85843543043322
20496,3,general,224,191.3435725227796
20497,3,general,270,293.3857097132574
20498,0,general,115,136.02467473771847
20499,1,general,79,89.10157470943989
20501,0,general,314,368.5992885076293
20502,3,infantry_irregulars,373,389.6957893887133
20503,3,infantry_irregulars,419,471.7771295152673
20504,2,infantry_line,213,228.68777767157147
20505,0,infantry_line,158,185.43991901454743
20506,3,infantry_line,198,211.35074029434892
20510,3,infantry_militia,239,228.1869734867446
20511,4,infantry_militia,185,175.93427151130808
20512,3,infantry_skirmishers,176,219.22207191025805
20513,0,infantry_skirmishers,128,123.44633601244189
20515,4,cavalry_heavy,1230,1261.1982134782272
20516,0,general,1027,1077.2984968113487
20517,4,general,1419,1457.4664765881596
20518,1,cavalry_standard,857,787.6988247041778
20519,2,cavalry_standard,1081,1044.6528504813648
20520,2,general,943,904.6093668833695
20524,1,artillery_foot,832,839.3234636382753
20528,0,artillery_foot,377,431.6768073718842
20529,0,artillery_foot,377,431.6768073718842
20530,0,artillery_foot,377,431.6768073718842
20531,0,artillery_foot,377,431.6768073718842
20532,0,artillery_foot,377,431.6768073718842
20533,0,artillery_foot,377,431.6768073718842
20534,2,artillery_foot,496,442.9632768407853
20535,2,artillery_foot,496,442.9632768407853
20536,2,artillery_foot,755,681.9590195540975
20537,2,artillery_foot,496,442.9632768407853
20538,2,artillery_foot,496,442.9632768407853
20540,2,artillery_foot,496,442.9632768407853
20541,3,artillery_foot,399,397.8021981733157
20542,3,artillery_foot,399,397.8021981733157
20543,3,artillery_foot,399,397.8021981733157
20544,3,artillery_foot,399,397.8021981733157
20545,3,artillery_foot,399,397.8021981733157
20546,3,artillery_foot,399,397.8021981733157
20547,4,artillery_horse,870,857.0013950020804
20548,4,artillery_horse,870,857.0013950020804
20549,4,artillery_horse,870,857.0013950020804
20550,4,artillery_horse,870,857.0013950020804
20551,4,artillery_horse,870,857.0013950020804
20552,4,artillery_horse,870,857.0013950020804
20553,4,artillery_horse,870,857.0013950020804
20554,1,general,406,372.77801614535707
20555,2,general,359,318.25935692944097
20556,1,general,406,372.77801614535707
20557,4,general,243,261.32730382054274
20558,0,general,741,741.7519309610611
20559,4,general,1,1.0
20560,0,general,281,281.367129840176
20561,3,general,159,159.57681283303165
20562,1,general,406,372.77801614535707
20565,3,general,420,420.67640791052844
20566,4,general,1063,1115.13031729911
20567,4,general,1,1.0
20568,1,infantry_grenadiers,254,303.8415160340962
20569,1,infantry_grenadiers,280,303.8415160340962
20570,1,infantry_grenadiers,280,303.8415160340962
20571,1,infantry_grenadiers,280,303.8415160340962
20572,1,infantry_grenadiers,280,303.8415160340962
20573,1,infantry_grenadiers,280,303.8415160340962
20574,1,cavalry_heavy,1400,1482.7397010175105
20575,0,cavalry_heavy,1685,1521.339327608148
20576,0,cavalry_light,1000,916.0253500597507
20577,0,general,1513,1383.9667273675411
20578,3,general,1448,1380.5952418124716
20579,0,general,1191,1198.7963054965944
20580,0,general,1251,1247.452409631186
20581,4,general,825,858.5379847773711
20585,4,general,994,1030.859548524627
20587,3,infantry_line,486,491.98638852807557
20589,1,infantry_skirmishers,227,251.99270329186814
20590,1,general,919,910.9649813022971
20591,3,general,552,562.9865103173182
20592,3,general,710,701.7120429598428
20593,0,infantry_light,840,820.9530564075736
20594,1,infantry_light,622,635.7847119312283
20595,1,infantry_skirmishers,334,350.3094268303783
20596,0,cavalry_light,1990,1846.7902024091693
20597,4,general,1723,1740.170477118027
20598,0,general,1014,1001.9244030319697
20599,4,general,885,871.6666242540989
20601,2,infantry_light,909,891.2168982697924
20605,4,infantry_light,716,723.1533358448158
20606,3,infantry_light,650,675.403702256722
20607,3,infantry_skirmishers,292,330.84536085419205
20608,1,general,514,551.9224083162685
20609,4,general,950,1009.2548841381886
20610,0,general,615,664.816081516092
20611,1,general,877,900.308892490012
20612,3,general,260,286.78169429757804
20613,2,general,482,508.12124308101056
20614,2,general,303,356.46759947635684
20615,1,general,279,252.55451148448205
20618,1,infantry_line,402,365.0413295039272
20619,1,infantry_line,611,604.6447174481444
20622,3,infantry_line,744,769.7377191746056
20623,3,cavalry_light,919,948.7143276462876
20624,2,general,1193,1338.581077194732
20626,2,general,988,1067.3112770445364
20628,2,general,718,749.74715806741
20630,1,infantry_line,1124,1183.5509925626343
20631,3,infantry_line,645,644.1687592438743
20632,4,general,422,450.7677151166518
20633,2,general,417,452.31929775602896
20634,4,general,643,696.7626261796365
20635,4,general,601,662.940494906476
20636,2,general,920,839.0944611390639
20638,0,general,382,406.33300674524503
20639,1,general,444,462.9436901654524
20640,3,infantry_light,771,738.9766047261617
20641,4,infantry_line,540,561.5098687821687
20642,0,infantry_line,497,517.7019831117103
20644,0,infantry_line,973,897.7305297819695
20645,3,infantry_line,494,510.0671013569305
20647,4,general,254,291.67231796004444
20648,4,general,311,351.09159481912025
20649,2,general,357,411.2141728843505
20650,3,general,448,449.63714974865763
20651,3,infantry_line,369,404.796252443691
20652,0,infantry_line,419,453.4043263080434
20653,2,infantry_line,575,566.3060795514609
20654,2,general,246,324.093636625063
20655,2,general,925,920.4072672439038
20657,3,general,417,409.87702837226965
20658,0,general,1021,1001.1340400829569
20659,2,general,258,263.16587365575435
20660,2,general,666,688.0997480980078
20662,1,general,383,378.7891501129161
20663,2,general,600,622.7816191382691
20664,2,infantry_light,1065,1053.0433061813417
20666,2,infantry_line,683,660.4815930434365
20668,4,infantry_line,791,786.4604933812052
20669,1,infantry_line,488,460.23835801666957
20670,3,infantry_line,376,354.5609359841299
20671,0,general,1212,1149.742676597316
20672,0,general,770,840.032717702758
20673,1,general,963,908.3110114600022
20674,0,infantry_line,545,543.0166032831991
20675,1,infantry_line,1095,1045.3330009873182
20676,4,general,1894,1563.510218006528
20677,3,general,2164,1790.7091822543841
20679,1,infantry_skirmishers,210,252.43397864025434
20680,4,artillery_foot,632,613.2222407244998
20681,4,artillery_foot,632,613.2222407244998
20682,0,artillery_foot,498,477.87634470314225
20683,4,artillery_foot,532,488.5693408777033
20684,0,artillery_foot,489,489.45867997544536
20685,1,artillery_foot,771,777.8718236126773
20686,2,artillery_foot,718,771.8241781167542
20687,2,artillery_horse,996,1003.7995507575201
20688,4,general,694,694.4588359037932
20689,4,general,534,485.4363765466114
20690,2,general,248,265.8587489511204
20691,1,general,415,394.11255127838
20692,0,general,469,468.94521640029325
20693,4,general,1,1.0
20695,3,general,637,664.958003471689
20696,3,general,543,544.8696458941009
20697,1,infantry_line,339,363.3146440668302
20698,4,infantry_line,337,338.31934023112103
20699,0,general,446,415.88949089888126
20701,3,general,416,406.1699009433866
20703,2,general,886,828.3950347565651
20704,4,general,240,228.7989936044837
20705,1,general,290,252.98185965215293
20706,1,infantry_light,533,523.8993272144288
20707,3,infantry_light,425,447.2081001989868
20708,1,infantry_line,413,382.1940785709924
20709,4,infantry_line,338,299.55445965636426
20711,3,cavalry_light,910,937.7744958514114
20714,4,general,947,1019.8100911009834
20715,0,general,1029,1003.7636417400573
20716,0,cavalry_light,1053,975.9511810280338
20717,4,general,909,947.705551929214
20720,4,general,570,566.808529987942
20721,3,general,758,720.5817610865159
20722,4,general,633,622.7666887393989
20723,0,infantry_light,632,573.5694462319605
20725,3,infantry_line,678,653.6334970527884
20726,4,general,101,137.31557842174814
20727,3,general,128,125.47439321721237
20728,3,general,53,54.94570654260092
20729,4,general,271,274.01001549182456
20730,1,general,1413,1362.024135656521
20731,1,infantry_line,379,336.9746741097127
20732,4,infantry_line,944,921.5219720773975
20733,2,infantry_militia,183,208.43447624274552
20734,1,infantry_militia,111,111.29782998072301
20736,2,general,163,143.61609123846145
20738,4,general,30,47.27187581731978
20739,3,infantry_militia,93,114.8466774949663
20740,1,infantry_militia,101,115.2844065837964
20742,3,general,656,585.877268047591
20743,0,general,722,764.4962492958881
20746,2,general,721,775.7825740251754
20747,4,general,656,691.2456760302973
20748,0,general,463,448.0425733249
20749,1,general,323,325.97755642762894
20751,3,general,829,778.7119941360701
20752,2,infantry_light,463,491.59431174472695
20753,2,infantry_light,527,520.4664135597299
20754,3,infantry_light,482,523.5883128148796
20755,0,infantry_militia,647,605.5706992479018
20756,4,infantry_skirmishers,841,825.951509969371
20757,4,infantry_skirmishers,454,442.15547401840684
20759,4,infantry_skirmishers,815,753.8419590232351
20760,0,infantry_skirmishers,767,804.1442234788597
20761,2,infantry_skirmishers,535,514.5245937194226
20762,0,infantry_skirmishers,828,833.7618225657124
20763,4,general,1552,1990.1022559631106
20764,3,general,766,1015.5208889415417
20765,4,general,244,268.4299021051774
20767,3,general,187,199.01252280497945
20768,2,general,1069,1039.7110459966166
20769,3,general,769,752.215436080848
20770,0,infantry_line,276,295.5207983736406
20771,3,infantry_line,881,868.8533814158372
20772,1,infantry_militia,1117,1185.5369282133356
20773,1,infantry_skirmishers,608,614.0732536362966
20777,3,general,786,722.4047637909907
20779,1,general,854,877.9487873858844
20780,2,general,346,323.78340649348286
20781,0,general,405,341.5122215703242
20782,4,general,450,411.27006983941635
20783,2,general,712,671.7187376925239
20784,0,general,298,296.0362360334784
20785,1,general,517,466.97702119063587
20786,1,general,993,923.8558013329631
20787,4,general,1240,1194.7333181361516
20788,3,infantry_grenadiers,411,371.4999243714608
20792,1,infantry_militia,461,421.3026703616065
20793,3,infantry_skirmishers,485,423.21464296381504
20794,2,infantry_skirmishers,403,375.8228546124576
20795,3,infantry_skirmishers,1018,1156.969209642094
20796,4,infantry_skirmishers,386,366.61202296048856
20797,2,infantry_skirmishers,781,651.3126610405162
20798,4,cavalry_standard,854,834.1118484870982
20800,1,general,695,682.6190897033499
20802,3,general,1115,1046.4290220894882
20803,2,general,210,229.54013954773416
20804,3,general,55,59.42455743442741
20806,2,general,21,76.96361061428222
20807,2,general,121,124.14064776922193
20808,1,general,116,125.50526605307564
20809,1,general,86,105.59514389513267
20810,4,general,150,188.9579527699151
20811,1,infantry_line,226,261.2650361854585
20813,3,infantry_militia,145,168.2620086804869
20814,2,infantry_skirmishers,135,169.6424470760198
20815,0,infantry_skirmishers,181,183.53795545956075
20816,1,infantry_skirmishers,235,206.0862813968319
20817,1,infantry_skirmishers,85,126.82474349248483
20818,1,general,298,332.72679196927606
20819,0,general,54,46.89057593440535
20820,1,general,83,70.0542509669806
20821,2,general,261,275.91120691771187
20823,2,infantry_militia,130,141.43029391007798
20824,0,infantry_militia,174,217.81660613803382
20826,2,cavalry_light,990,893.201647596333
20827,0,general,231,191.28048852182158
20828,0,general,861,789.882141514048
20830,1,general,815,766.6635546316643
20831,1,infantry_skirmishers,358,230.68310541170104
20832,0,infantry_skirmishers,93,143.51568229609083
20833,1,general,449,354.77887473550953
20835,4,general,287,304.8941950464011
20836,1,general,334,230.74171701230756
20837,3,general,415,372.16513541142524
20838,3,general,28,1.0
20840,1,general,546,455.18510476073016
20843,4,infantry_light,540,470.8589482717396
20844,1,infantry_militia,294,295.8451165435578
20845,2,infantry_militia,349,334.5659589623523
20847,0,infantry_skirmishers,370,338.2528851503596
20850,1,artillery_foot,685,682.9075609241582
20851,0,artillery_foot,470,539.5960092148553
20852,3,artillery_foot,726,759.6533884020012
20853,2,artillery_foot,618,553.7040960509815
20854,2,artillery_foot,618,553.7040960509815
20855,4,artillery_horse,1087,1071.2517437526005
20856,2,artillery_horse,561,558.5622776633127
20857,1,general,589,582.1781545791571
20858,4,general,1,1.0
20859,4,general,1,1.0
20860,2,general,73,69.42773735848178
20861,2,general,185,246.8690200413143
20863,3,general,76,70.39047243709203
20864,2,general,185,246.8690200413143
20865,4,general,160,151.2358009582349
20866,2,general,399,388.6983022934232
20869,2,general,349,339.8889341713258
20871,0,general,377,352.47882465685973
20873,1,general,240,221.8402414985921
20876,3,general,198,180.00674276847684
20877,1,general,391,369.5784157979738
20879,1,general,434,433.69362725937646
20880,3,infantry_grenadiers,194,409.6088734480375
20881,0,infantry_grenadiers,288,276.3964092784373
20882,0,infantry_light,449,437.94504045584495
20884,1,infantry_light,271,351.0080707449247
20887,0,infantry_light,406,402.0442713058693
20888,3,infantry_light,495,467.8296234892616
20890,0,infantry_line,191,209.38892321842525
20892,0,infantry_line,339,307.98280084429945
20893,3,infantry_line,377,354.0128094859108
20894,1,infantry_line,360,356.3172752728049
20895,3,infantry_line,306,279.0873138824014
20896,3,infantry_militia,127,133.46013060227875
20898,2,infantry_militia,109,129.545427272734
20900,3,infantry_militia,80,89.10670392054188
20901,1,infantry_militia,146,149.99921366877814
20902,2,general,88,78.85952465329552
20903,2,general,120,195.88926570020328
20904,3,general,199,178.24956060885347
20905,1,general,352,367.82944915980124
20906,0,general,244,255.26547511103587
20907,1,general,206,203.74266436110253
20908,1,infantry_line,210,207.45644906252394
20909,0,infantry_line,315,301.91335376328414
20911,0,infantry_militia,128,141.5158089553519
20912,3,infantry_militia,146,147.54363863304107
20913,0,infantry_militia,157,175.5301698869994
20915,1,general,119,283.8922104458089
20916,4,general,243,222.21722587322654
20917,0,general,112,112.9456815727737
20918,0,general,524,421.74971887831873
20919,1,general,291,386.7419886550081
20920,3,general,76,71.46131356717828
20921,1,general,119,128.20107771096477
20922,1,general,205,232.99223790876184
20923,2,general,394,431.0375247378931
20924,0,general,221,194.03308757046784
20925,0,general,351,431.71579582006115
20926,4,general,438,353.7901618929384
20927,4,general,340,329.43853899058195
20928,0,general,196,177.7236483632069
20929,3,general,211,209.96700741056048
20930,1,general,236,216.00675898382957
20931,3,infantry_grenadiers,191,420.2706806955449
20932,3,infantry_grenadiers,365,519.814990615797
20933,1,infantry_grenadiers,447,451.6318449868666
20934,4,infantry_grenadiers,221,215.97536806288716
20935,1,infantry_grenadiers,230,238.667034802317
20936,0,infantry_irregulars,300,251.01122560441468
20938,0,infantry_line,188,168.06015541259907
20939,3,infantry_line,255,285.1745740699609
20940,2,infantry_line,179,169.54686090013266
20943,0,infantry_line,335,344.43525464406497
20944,0,infantry_line,391,337.88430909280527
20945,1,infantry_line,305,270.4040439960874
20947,0,infantry_line,447,431.28083326710913
20949,3,infantry_militia,104,102.47988860165087
20950,1,infantry_militia,127,133.67845471073397
20951,3,infantry_skirmishers,341,287.69105356785195
20952,2,general,288,291.9226499435879
20953,2,general,154,165.62568150916042
20954,1,general,195,206.81834707310531
20955,2,general,275,287.3994608008701
20956,3,general,167,144.4642829423059
20957,3,general,215,213.7798204481499
20958,4,general,344,281.63938384618575
20959,4,general,179,188.82913244451862
20961,0,general,657,648.925421490583
20963,3,general,801,822.4693382231003
20964,4,general,776,766.2512784928974
20965,3,general,332,333.03900937384884
20966,3,general,495,386.27572283263083
20968,2,general,1008,1012.2456344022505
20969,2,general,591,553.789606846882
20970,4,infantry_grenadiers,405,353.83981273478753
20971,1,infantry_irregulars,566,454.83650579182284
20972,3,infantry_light,386,399.750889030466
20973,3,infantry_light,363,395.47125795375524
20974,4,infantry_light,363,359.66565602520234
20977,4,infantry_line,257,263.7236902737195
20978,2,infantry_line,322,313.4181198238536
20979,0,infantry_line,243,243.14249885117033
20980,4,infantry_line,258,259.58210600243933
20982,3,infantry_line,925,951.2970640785558
20984,4,infantry_line,504,488.5290210634823
20985,1,infantry_line,241,206.92681693563694
20986,1,infantry_line,441,434.447957231389
20987,0,infantry_line,713,710.5352632598348
20988,1,infantry_militia,320,269.41400838130386
20989,4,infantry_militia,133,137.08848365072112
20990,0,infantry_militia,82,94.21490067790556
20991,2,infantry_militia,155,163.2830197483018
20992,0,infantry_militia,111,117.86441324770382
20994,3,infantry_militia,235,209.77553125802882
20995,1,general,111,117.45684493735502
20996,3,general,598,584.408056070832
20997,3,general,343,267.5999790683477
20998,3,general,60,53.56943955452053
20999,1,general,150,152.78535584745916
21000,3,general,187,173.5298209879249
21001,0,general,121,117.37086716518554
21003,0,general,208,215.83864741642665
21004,3,general,114,125.25538955182708
21005,4,general,392,395.3956652583762
21006,0,general,1176,1194.569861643736
21008,2,general,939,977.737291763743
21009,4,general,800,795.5094098754723
21010,0,general,476,421.01135002270865
21011,2,general,460,434.4498039341865
21012,2,infantry_grenadiers,290,267.82385070941837
21013,2,infantry_grenadiers,398,372.4054042427809
21014,0,infantry_light,258,248.6808533229034
21015,2,infantry_light,271,273.6867688649448
21016,0,infantry_light,510,473.08136357748316
21019,0,infantry_line,184,168.17485670701092
21020,0,infantry_line,236,248.0653378379358
21021,2,infantry_line,231,230.1126869462909
21022,3,infantry_line,375,392.5959224757603
21023,0,infantry_line,858,852.5460368319426
21024,1,infantry_line,367,358.16701806983815
21025,4,infantry_line,652,674.5329780304573
21027,2,infantry_line,438,427.4067480131595
21028,2,infantry_line,1063,1104.3488294336216
21029,0,infantry_militia,176,191.3417445605724
21030,0,infantry_militia,213,214.05475991094335
21031,1,infantry_militia,150,162.974734277747
21032,2,infantry_militia,97,118.91812762628876
21033,3,infantry_militia,302,278.42805414875187
21034,0,infantry_militia,170,184.52425240664076
21035,4,infantry_militia,122,131.0105398128537
21036,1,infantry_militia,116,110.2529267638153
21037,2,infantry_militia,370,349.1515531733196
21038,4,infantry_militia,88,90.6971573161395
21040,4,general,239,236.41633427157632
21041,1,general,121,129.9941999171743
21042,3,general,237,209.01253524839893
21043,2,general,397,401.32631033691695
21044,0,general,217,207.82454835370666
21045,1,general,220,220.58217462781096
21047,3,general,250,260.54339164820374
21048,3,general,396,247.73362906762787
21049,3,general,207,212.98914770419293
21050,3,general,264,243.0700267010765
21051,0,general,590,595.4312085191773
21052,3,general,161,147.98741725573313
21053,1,general,731,675.7787408293439
21054,0,general,475,430.92100292997424
21055,4,infantry_grenadiers,474,416.2973691767983
21056,3,infantry_irregulars,510,348.5323397572571
21057,4,infantry_irregulars,179,222.87973935901553
21058,3,infantry_light,326,331.9042049838371
21059,1,infantry_light,371,383.08787739998087
21060,0,infantry_light,781,690.1020591980683
21063,4,infantry_line,309,311.3859742623102
21064,2,infantry_line,266,246.90683376734347
21065,4,infantry_line,508,507.9406338854526
21066,1,infantry_militia,91,93.56579526257329
21067,4,infantry_militia,104,110.83247926181143
21068,0,infantry_militia,154,187.4968606665973
21069,3,infantry_militia,136,146.83283055915496
21070,4,infantry_militia,221,221.4977822483325
21071,1,infantry_militia,88,105.08373325303647
21072,4,infantry_militia,187,191.9881536878507
21073,1,cavalry_heavy,1019,1003.2635513588717
21074,3,general,71,121.30601371358973
21075,4,general,884,871.2045308009792
21076,1,infantry_line,139,191.4114594971865
21077,2,infantry_militia,331,329.20117748862657
21078,1,infantry_militia,175,169.2400676714512
21079,2,infantry_militia,80,100.84970674628782
21080,2,infantry_militia,267,251.96241607309656
21084,2,general,388,355.94213255475904
21087,3,cavalry_heavy,1130,1117.6106131466238
21089,4,cavalry_heavy,1115,1103.2957027480827
21090,0,cavalry_heavy,512,542.5711571240421
21091,4,cavalry_heavy,936,893.8092138514404
21092,4,cavalry_heavy,1180,1083.6696608669636
21093,0,cavalry_heavy,648,666.6338407498694
21094,1,cavalry_standard,778,716.5458042804463
21095,2,general,721,700.1293959563682
21096,2,general,499,526.1645434452087
21098,3,general,759,725.582174781937
21099,3,general,720,705.8217211500079
21100,4,general,368,413.2107782712954
21101,1,general,511,532.7127749171698
21104,0,cavalry_light,284,291.02329337432
21105,4,cavalry_light,357,349.06563008819296
21106,2,cavalry_light,309,320.43697436614485
21107,4,cavalry_standard,379,352.79199735653634
21108,1,cavalry_standard,451,415.1609800822813
21109,4,cavalry_standard,498,533.485637138993
21110,0,general,159,184.57926003167353
21112,0,general,268,277.55647204786925
21113,2,general,169,211.29204218925173
21114,2,general,255,273.6989856012965
21115,3,general,407,434.93990163700903
21117,2,cavalry_light,275,277.12210464777854
21118,3,cavalry_light,282,275.08416424223276
21119,2,cavalry_light,366,372.31949438694033
21122,2,general,248,264.832918543466
21123,2,general,388,355.94213255475904
21125,2,general,152,181.2666209742589
21126,0,artillery_foot,632,556.8741373739911
21127,3,artillery_foot,857,766.9429171263595
21128,2,artillery_foot,450,485.3672553352727
21129,0,artillery_foot,244,250.30179918326309
21130,4,artillery_foot,247,251.67703675411556
21131,0,artillery_foot,244,250.30179918326309
21132,1,artillery_foot,507,492.91668414506734
21133,1,artillery_foot,451,488.86628308955494
21134,0,artillery_foot,661,718.7239092452767
21135,2,artillery_foot,393,465.98271260085835
21136,1,artillery_foot,451,488.86628308955494
21137,4,artillery_foot,303,333.59808062675927
21138,0,artillery_foot,310,333.97367545007324
21140,0,artillery_horse,768,766.3594441284027
21141,3,artillery_horse,815,781.8514755627448
21143,4,general,1,1.0
21144,3,general,180,200.72029927108514
21145,4,general,817,832.6900647894937
21146,3,general,681,705.5531121189736
21147,3,general,177,177.30756981447954
21148,0,general,312,312.6301442668621
21150,3,general,177,177.30756981447954
21152,1,general,988,1051.5767826157187
21153,1,general,775,740.7193685203302
21154,4,infantry_grenadiers,272,263.4898718304406
21155,3,infantry_grenadiers,315,298.8826348005405
21156,4,infantry_grenadiers,275,205.2776176952323
21161,0,general,332,325.6987545228279
21162,0,general,322,382.7489225428127
21163,2,general,226,258.6882716581806
21164,1,general,276,277.72581698849206
21166,2,general,751,733.8885951614026
21167,1,general,391,400.64257789869606
21168,0,general,519,497.3898491230636
21169,2,general,1028,999.2139149898192
21170,1,general,1014,999.2713641993428
21172,2,general,186,204.4060568695426
21173,4,general,559,554.8625266063433
21174,0,general,417,435.65318528970965
21175,0,general,582,572.5286797655583
21177,2,infantry_grenadiers,432,415.900612245277
21179,3,infantry_light,381,370.1928203138922
21180,1,infantry_light,314,319.32260954483297
21184,2,infantry_light,790,801.1692911472757
21185,2,infantry_line,1133,1127.4438998743742
21186,0,infantry_line,1082,1076.668930133
21188,0,infantry_line,373,375.4274707955536
21189,2,infantry_line,243,254.25784112669362
21190,0,infantry_line,293,300.012112019207
21192,2,cavalry_light,431,437.5620472538425
21193,4,cavalry_light,308,317.45931588019795
21194,3,cavalry_light,258,279.202204630042
21195,0,general,128,156.54044846198173
21197,2,general,241,243.15750511062035
21198,0,general,580,608.6941879261734
21199,0,general,393,390.1775332620137
21200,3,general,200,205.1910317853908
21201,4,general,361,345.60010959821767
21203,0,infantry_line,387,381.13121428216795
21204,1,infantry_line,336,334.84956570023746
21205,4,infantry_line,294,298.2125461524926
21206,2,general,302,305.8287750196613
21207,4,general,250,231.20565499721172
21208,0,general,306,296.19099971069295
21209,4,general,168,174.9193242038313
21210,3,general,420,403.51343416500606
21211,0,general,210,196.3608304045202
21212,3,infantry_light,272,266.3034472532213
21213,1,infantry_light,502,517.0147299861691
21214,3,infantry_line,304,293.7194699004972
21215,2,infantry_line,400,401.2925096664313
21216,1,infantry_line,401,386.6806808251349
21217,0,infantry_line,360,350.687918533974
21218,2,infantry_skirmishers,216,229.97187748564662
21220,1,general,183,194.95693255440693
21221,2,general,251,231.592719205389
21222,4,general,604,595.8057506534456
21223,3,infantry_grenadiers,245,277.7208159725306
21224,0,infantry_line,267,264.38891340117203
21225,3,infantry_line,277,285.7707322701339
21226,1,infantry_line,558,552.5871284117433
21227,0,infantry_line,348,323.0017766206001
21228,2,artillery_foot,518,506.62538246021893
21229,0,general,383,379.6558566853358
21230,0,general,141,143.15827052047908
21231,1,general,241,236.18448771378908
21232,3,general,100,102.16872083982591
21233,1,infantry_line,195,197.52809419331308
21234,2,infantry_line,197,193.3397185437453
21236,3,general,118,121.76121335977732
21237,1,general,128,151.74650065308816
21238,4,general,178,193.6957371322726
21239,1,general,860,870.4980237257779
21240,0,general,443,461.129736140186
21243,4,general,998,1001.8092715943619
21244,2,infantry_light,175,194.97146603314116
21245,3,infantry_line,175,198.32407048633434
21246,4,infantry_line,174,195.0507491126752
21247,3,infantry_line,499,523.8512387298156
21248,1,infantry_line,724,752.9502415765833
21249,2,infantry_line,409,415.8244821312551
21250,4,infantry_militia,204,201.80604353086107
21252,3,cavalry_light,297,247.0821399978596
21254,1,general,216,208.84423005779945
21255,3,general,269,263.4591965926436
21257,2,general,177,187.2807070416564
21258,0,general,61,40.12934987456454
21259,4,general,242,243.04729492672658
21260,0,general,286,292.395249179844
21261,4,general,203,204.2414751136551
21262,3,general,645,622.7810719575224
21263,3,infantry_grenadiers,231,220.91985303633777
21264,4,infantry_light,244,241.48759162238153
21265,4,infantry_light,207,209.54932587036248
21266,1,infantry_line,253,248.05856711772287
21267,3,infantry_line,248,257.03477410949836
21268,4,infantry_line,310,299.83203425940627
21269,3,infantry_line,561,560.4643461405454
21273,1,infantry_militia,149,142.77823597863662
21274,1,infantry_militia,174,159.994317373637
21275,3,infantry_skirmishers,191,192.65811850882855
21276,3,infantry_skirmishers,163,186.77847487251148
21278,0,artillery_foot,817,794.7231603684033
21280,2,general,191,201.03852943759895
21281,4,general,348,323.3136794422229
21282,1,general,147,172.25315803355224
21283,2,infantry_line,238,252.94219667005012
21284,3,infantry_line,240,260.75845697654216
21285,3,general,72,127.6991179683808
21286,2,general,142,163.9953375946497
21287,1,general,100,112.01799623172917
21288,1,infantry_line,114,173.73792485487874
21290,4,infantry_line,167,176.9022274679514
21291,0,general,536,540.5159874975878
21292,2,general,557,557.135762873107
21293,1,infantry_light,611,613.0931731537548
21294,1,infantry_light,517,511.90725420869364
21296,1,general,168,184.8213800231552
21297,2,general,514,500.9065343872193
21298,1,general,350,361.5846927823683
21299,4,general,724,710.850799587208
21300,0,infantry_line,207,233.05124191874015
21301,1,infantry_line,99,122.27651179292978
21302,0,infantry_line,429,420.969202575897
21303,2,infantry_line,446,459.281482019863
21304,0,infantry_line,658,646.4935214275139
21305,4,infantry_militia,165,156.13876279645405
21306,0,infantry_militia,89,97.72477971060482
21307,0,infantry_militia,125,141.04406329511284
21308,4,infantry_militia,135,145.61967360367854
21310,4,cavalry_standard,727,654.0077772534888
21311,3,general,286,320.29042542039593
21313,4,general,367,362.463976576644
21314,2,general,59,60.34935434790029
21315,1,general,226,264.3054698285135
21316,3,general,673,653.9109212166996
21317,1,general,870,885.7987772100507
21318,1,general,227,206.45117071999982
21320,3,general,581,527.9974827801598
21322,3,infantry_grenadiers,466,481.56236817718946
21323,2,infantry_line,329,302.473376199786
21324,3,infantry_line,581,585.570491495339
21325,3,infantry_line,663,676.7414268587128
21326,2,infantry_militia,138,146.28244872388373
21327,1,infantry_skirmishers,342,347.25801854601553
21329,3,cavalry_standard,317,319.212811720202
21330,4,general,39,39.97027657839673
21333,4,infantry_militia,161,176.3031134461191
21334,2,infantry_militia,79,95.09669829253234
21335,1,infantry_militia,95,121.66116123276993
21336,1,cavalry_light,477,439.45001125913814
21337,1,cavalry_light,425,465.2379138289322
21338,0,general,29,21.544518430480707
21339,1,general,308,358.150628487467
21340,2,general,352,339.75500211603776
21341,4,infantry_militia,88,53.41944773436354
21344,4,infantry_skirmishers,472,309.7984812778101
21347,0,general,64,125.53312535737717
21348,4,general,198,194.02232017993595
21349,2,general,322,324.260941479279
21350,4,infantry_light,205,240.79720615624151
21351,0,infantry_line,97,129.68015971513788
21352,2,infantry_line,94,133.81828918060387
21353,3,infantry_line,260,252.3443216381199
21354,2,infantry_line,389,391.9383337269611
21355,4,infantry_militia,108,109.48573948537376
21356,2,infantry_militia,93,87.70374680244836
21357,0,infantry_militia,118,124.31582126037827
21358,2,general,441,463.1514302813092
21361,1,infantry_line,545,560.0101863800834
21363,4,artillery_foot,342,352.6034301628746
21364,0,general,192,169.35398082487646
21365,1,general,941,1019.2711465716859
21366,4,general,686,692.6038098457652
21367,3,general,466,444.7223848856947
21368,0,general,270,265.21521558682133
21369,4,general,1336,1163.914755361712
21370,2,infantry_light,796,803.1019643022468
21371,4,infantry_light,969,1011.2972848219639
21372,0,infantry_light,506,492.803854422741
21373,4,infantry_line,335,324.5572449653641
21375,0,infantry_militia,51,62.04802178125657
21377,3,general,208,208.66358771980012
21379,4,general,309,300.29419928350785
21380,1,general,261,244.7778555982009
21381,0,infantry_grenadiers,196,195.59969091126672
21382,0,infantry_line,271,260.26337158114956
21384,1,infantry_line,367,352.76889678637986
21385,1,infantry_line,323,297.87740182722297
21388,0,cavalry_heavy,1718,1725.0810360609757
21389,2,cavalry_heavy,941,950.4229144418284
21390,1,cavalry_heavy,1311,1284.196322157665
21391,0,cavalry_heavy,1363,1065.40429961831
21392,1,cavalry_lancers,401,358.47957028603776
21394,4,cavalry_light,318,361.88432374313
21395,1,cavalry_standard,359,324.420232119271
21396,0,general,363,323.6203735119551
21397,1,general,770,780.3039104167758
21399,2,general,1315,1316.2374942096862
21400,1,general,277,266.7002094357804
21401,0,general,1277,1017.8103551712416
21402,3,general,224,278.3332311242634
21403,2,general,278,326.2703134393632
21404,2,general,1698,1717.1191964540506
21405,1,cavalry_heavy,984,978.9241590815658
21406,0,cavalry_light,998,981.7896920029718
21407,2,cavalry_light,1073,1070.595097030155
21408,3,cavalry_light,190,206.83921571056476
21409,2,cavalry_light,268,289.70084834128727
21410,3,cavalry_light,553,526.690581552907
21411,2,cavalry_standard,416,422.5517351628777
21413,4,general,80,104.91920628109372
21414,0,general,859,866.4926885666043
21415,1,general,866,858.1968996133938
21416,0,general,1002,1027.0496107552242
21417,4,general,298,298.0470067121513
21418,4,cavalry_heavy,846,793.5506521366437
21419,0,cavalry_heavy,965,973.4424843219391
21420,2,cavalry_heavy,1632,1749.1575897129965
21421,4,cavalry_light,410,409.9688312995649
21422,1,cavalry_light,294,313.421041866035
21423,0,cavalry_light,985,955.2955230165054
21424,2,cavalry_standard,419,433.51049531306046
21425,0,general,853,833.2134069241354
21427,1,general,796,813.8085131933426
21428,2,artillery_horse,592,602.2797304545122
21430,2,general,207,211.82075771143198
21432,4,infantry_militia,62,68.41470651401929
21433,1,artillery_foot,33,71.54764208289754
21434,0,general,705,682.5473962974312
21435,2,general,986,912.9379062842427
21437,1,general,180,186.23167959302862
21438,0,infantry_militia,132,160.05226175586984
21439,2,infantry_skirmishers,160,181.1541550910619
21440,3,cavalry_light,231,230.74109697360805
21441,1,general,154,221.42961024728947
21443,2,artillery_foot,255,263.06918703428175
21444,1,artillery_foot,285,260.12085125995037
21446,2,artillery_foot,867,735.6684406603059
21447,4,artillery_foot,356,342.58459109131167
21448,0,artillery_foot,244,246.07184699523484
21449,1,artillery_foot,476,466.7465693124827
21450,4,artillery_foot,312,319.5622222199214
21451,0,artillery_horse,348,356.4111568906743
21452,1,general,341,338.4303451516494
21453,1,general,1746,1106.616675828109
21454,2,general,163,182.33158651005795
21457,0,general,230,237.46207929528845
21459,0,general,146,166.568298395664
21460,3,general,250,225.66987097071444
21461,1,infantry_grenadiers,244,229.66192779538835
21462,2,infantry_grenadiers,235,240.45173947592014
21463,3,infantry_grenadiers,283,268.99437132048655
21464,4,infantry_skirmishers,216,200.35068395627636
21466,1,cavalry_light,543,541.1626561075367
21467,3,cavalry_standard,664,682.6549692084963
21468,4,general,399,595.4128940328792
21469,2,general,441,420.9519770786402
21470,4,general,684,663.8029245590992
21472,3,infantry_line,725,727.6525797774449
21473,0,infantry_line,612,615.4213246275469
21474,1,infantry_militia,373,375.1334752421363
21475,1,infantry_militia,350,333.1472273541585
21476,2,general,591,598.9037231409379
21478,4,infantry_light,922,961.9581633090521
21479,4,infantry_light,829,875.9189537013764
21480,1,infantry_line,539,554.0392481817892
21481,2,infantry_militia,201,216.065660732405
21482,3,infantry_militia,179,173.1639271225821
21483,0,infantry_militia,324,288.1694794818191
21484,0,infantry_militia,242,205.92157871893906
21485,3,infantry_skirmishers,249,246.10913563444666
21486,0,cavalry_light,326,332.47144602663036
21487,3,general,183,147.52388056433108
21488,2,infantry_light,252,251.48579003534903
21489,4,infantry_light,262,287.9689714801888
21490,2,infantry_line,868,895.9729492369343
21491,1,infantry_militia,183,182.62425834213286
21495,1,cavalry_missile,880,1157.899451691391
21496,0,general,618,663.3101219331079
21497,3,general,975,983.3268770283861
21498,0,general,1098,1075.205039382041
21500,2,infantry_line,873,886.0691427807421
21502,4,infantry_militia,321,297.36595628762893
21503,3,infantry_militia,223,175.3860365506241
21504,1,general,602,525.1061126669911
21505,2,general,1018,922.4242349516301
21506,1,infantry_grenadiers,1360,1348.6679000024765
21507,0,infantry_line,644,612.5499952111595
21508,3,infantry_line,868,884.194655832501
21509,2,infantry_line,840,824.7392993465505
21511,1,infantry_line,406,378.2848857500281
21512,0,infantry_grenadiers,672,680.6657841620197
21513,4,infantry_line,498,475.5466325392638
21514,1,infantry_line,474,471.32932480683263
21515,0,infantry_line,526,516.7888734541484
21516,3,infantry_skirmishers,300,274.5183570437425
21518,3,infantry_skirmishers,716,730.9532840624807
21519,0,general,225,197.0983637024401
21521,2,infantry_skirmishers,167,177.71676886181044
21522,3,infantry_skirmishers,263,233.4867855979655
21523,2,infantry_skirmishers,483,612.2357051216361
21525,2,infantry_line,538,544.9787195786141
21527,0,infantry_militia,389,367.0186520126108
21528,2,artillery_foot,453,388.70201455458204
21529,1,general,440,345.75563840687715
21531,2,general,458,432.0701906161245
21532,3,general,616,580.7666260251634
21534,2,infantry_line,376,373.3395265231515
21535,2,infantry_line,495,492.1274201972428
21536,3,infantry_line,740,753.4987603712725
21537,4,infantry_line,564,564.1074647936116
21538,3,infantry_line,633,606.0462459441544
21539,2,infantry_militia,302,342.7793381892592
21541,1,infantry_line,496,478.7820002323537
21542,3,infantry_line,460,449.38381733589716
21543,4,cavalry_light,317,276.73785707859497
21544,2,general,646,708.9883558464472
21545,2,general,442,395.69216801927195
21546,2,general,351,312.09940714152884
21547,2,infantry_militia,422,445.9975077139059
21548,3,infantry_militia,371,373.52127221192086
21549,4,infantry_skirmishers,584,533.7852185914542
21550,0,artillery_foot,607,649.7319133952038
21551,4,cavalry_heavy,1345,1321.3536550429885
21552,1,cavalry_light,1563,1451.9937014396758
21553,0,infantry_line,1007,938.2236290584415
21554,2,infantry_militia,82,140.8935731387671
21555,2,infantry_skirmishers,281,287.3570272073689
21557,1,general,276,213.1497708485473
21558,0,general,383,363.60508050556945
21559,1,infantry_light,397,372.1366100201392
21560,3,general,367,371.37685446210344
21561,1,infantry_light,443,429.43404991065967
21562,4,infantry_militia,117,116.1607543739438
21563,3,cavalry_missile,472,549.7018171038773
21565,0,infantry_skirmishers,683,651.3649956737368
21566,3,infantry_skirmishers,1011,1364.6169991230117
21567,0,general,370,691.7178902223984
21568,1,infantry_skirmishers,364,587.4254798880753
21569,4,infantry_skirmishers,398,316.9043342880814
21571,4,infantry_skirmishers,662,557.1691096228757
21572,1,artillery_fixed,496,608.4694464873854
21573,4,artillery_fixed,1387,1605.2104371140904
21574,3,artillery_foot,705,665.7164284138529
21579,3,general,228,227.9668754757595
21580,1,general,820,820.0888635125461
21581,3,general,551,499.5633617777425
21582,2,general,601,600.304649328394
21584,2,general,326,332.3700267890313
21585,3,general,309,298.4314833000447
21586,3,general,228,228.41404048321883
21587,2,general,345,353.7942477766048
21588,1,general,374,371.30259137691814
21589,2,general,236,225.9012574642524
21591,2,general,532,522.4682477812127
21592,2,general,196,204.96346398147384
21594,1,general,458,463.61178555859465
21596,4,general,264,265.3600962742755
21597,1,general,664,678.6308654042831
21598,3,general,792,743.6343941157114
21600,3,general,762,716.7800420446416
21601,2,general,498,495.1353366840459
21602,3,general,343,337.2901154257663
21603,1,general,294,287.5093668810603
21604,1,general,877,923.592882829783
21605,2,general,348,327.34255919298084
21607,1,infantry_grenadiers,504,523.2942808245923
21608,1,infantry_grenadiers,659,692.8298801966778
21609,1,infantry_line,487,489.02075439503164
21610,2,infantry_line,288,295.4604979552878
21611,2,infantry_line,336,333.91621004854466
21612,1,infantry_line,317,310.3964247041908
21613,2,infantry_line,477,479.6334254344506
21614,4,infantry_line,381,373.92905073347947
21615,2,infantry_line,377,394.7718522720686
21616,3,infantry_line,253,267.5667353328643
21618,2,infantry_line,369,360.4730494960637
21619,1,infantry_line,848,832.5601370187557
21620,4,infantry_line,706,686.7909653076246
21621,2,infantry_line,368,362.42958261008624
21623,1,infantry_line,716,747.6436706986599
21626,4,general,426,384.51387040811073
21627,0,general,221,207.14747519277236
21628,3,general,266,267.19080659594704
21629,0,general,362,367.21047612687073
21630,2,general,252,264.2417561402017
21631,2,general,198,200.94744659011945
21632,1,general,178,178.00395925095506
21633,4,general,164,173.50898047579273
21634,4,general,377,370.69374441661466
21635,3,general,181,186.93882699426075
21636,2,general,321,304.16784540603294
21637,0,general,407,376.59101506602644
21638,4,general,297,282.9838539980964
21640,3,general,246,235.40004580856328
21642,3,general,592,582.5955804208368
21644,4,general,500,481.08230961627993
21645,2,general,318,315.0429745411417
21646,2,general,805,783.695875794949
21647,2,infantry_grenadiers,720,703.6843186135576
21648,1,infantry_grenadiers,1036,1055.1672893444015
21649,4,infantry_line,237,237.92066005547517
21651,3,infantry_line,238,246.6118434997533
21652,0,infantry_line,265,271.35273820634546
21654,0,infantry_line,348,352.4468698986522
21655,0,infantry_line,477,451.7659179177949
21656,0,infantry_line,285,281.15860121855167
21657,0,infantry_line,235,254.57720925804423
21658,4,infantry_line,375,373.59211215773007
21659,0,infantry_line,376,367.5241078329129
21660,2,infantry_line,480,481.61042909949174
21661,4,infantry_line,300,301.04325392313643
21662,0,infantry_line,260,271.67299796126844
21663,2,infantry_line,701,702.7122902348489
21664,1,infantry_line,429,414.8019568754081
21665,2,infantry_line,422,403.8972384571821
21668,2,general,543,502.52618990030834
21669,2,general,237,220.70715396558336
21670,1,general,335,308.51381252126714
21671,2,general,341,319.9661224279028
21672,4,general,383,382.4783293135413
21673,0,general,196,185.98768999601964
21674,0,general,214,223.83251327273595
21675,1,general,492,443.05725632716155
21676,1,general,228,214.1220527352715
21677,3,general,297,291.5998170445612
21678,3,general,237,198.76127617345844
21679,2,general,402,377.89842417369925
21680,1,general,404,359.68791167348917
21682,0,general,569,551.5073791346139
21683,4,infantry_grenadiers,549,510.85700198468385
21685,1,infantry_light,386,398.12008374251604
21686,3,infantry_light,450,434.80539597961376
21687,1,infantry_light,330,327.47781855310285
21688,0,infantry_light,362,389.37500756582386
21689,2,infantry_light,298,284.1787608016492
21691,2,infantry_light,322,321.51900739374014
21692,3,infantry_light,376,383.0519214682855
21693,0,infantry_light,322,337.55418979551035
21694,0,infantry_light,598,580.6464979521767
21696,0,infantry_light,355,366.383155217249
21697,1,infantry_light,338,329.91004300405797
21698,4,infantry_light,458,434.78701283752474
21699,1,infantry_light,629,628.9065786874025
21700,2,general,319,317.755975906394
21702,1,infantry_grenadiers,331,316.67495105026285
21704,0,infantry_grenadiers,287,276.4489405016626
21705,2,cavalry_light,1193,1152.9092941837216
21706,0,cavalry_standard,546,568.3392836245501
21707,1,cavalry_standard,1035,1018.5941272116098
21708,1,general,1022,959.9019712581414
21709,1,general,408,426.50614481163774
21710,3,general,1104,1063.0768574496572
21711,2,cavalry_lancers,455,453.34927150552153
21712,3,cavalry_lancers,564,576.5906889055157
21713,4,general,320,329.3743832329547
21714,0,general,470,455.2456935914839
21715,3,general,353,344.2848923242644
21717,0,general,354,358.4862319317425
21718,4,general,308,305.8090588008443
21719,3,general,202,191.9486862040942
21720,1,general,467,450.55773944466256
21721,0,general,572,526.2309661732954
21722,2,general,146,163.1791982851045
21723,3,general,297,311.3287221491637
21724,2,general,349,321.88898299548197
21727,1,general,237,239.2400078009941
21728,3,general,152,157.94319731336753
21729,4,general,253,252.90902075331232
21731,2,general,264,264.2031846521171
21732,0,general,578,551.6470126213579
21733,1,general,310,307.5634983534409
21734,3,general,399,368.7767718752147
21735,0,infantry_light,541,532.8075983108885
21736,2,infantry_line,409,388.7629112299794
21737,4,infantry_line,469,458.5681451017139
21738,3,infantry_line,299,290.9291453422266
21739,4,infantry_line,459,460.66685747681396
21740,4,infantry_line,310,303.35897060006016
21741,4,infantry_line,308,312.54066292859983
21742,4,infantry_line,371,374.53643327324335
21743,2,infantry_line,208,218.92490008395473
21744,1,infantry_line,283,253.51508437493823
21746,4,infantry_line,391,386.43335371853794
21747,3,infantry_line,240,249.48300762899768
21748,3,infantry_line,328,316.7183632113142
21750,4,infantry_line,500,487.18992219202903
21752,4,infantry_line,398,384.36076186017345
21753,4,infantry_line,455,433.0009149890383
21754,2,infantry_line,372,374.79045972075136
21755,2,general,190,196.07151412524303
21756,0,general,266,252.07413246784165
21757,0,general,591,561.4090310412297
21758,0,general,264,258.1741375128261
21759,1,general,274,261.5543944926606
21760,1,general,440,402.6687093308773
21761,1,general,187,195.8579704278447
21762,3,general,402,410.12774700962706
21763,1,general,347,315.2738706379162
21765,0,general,610,590.9141558207137
21766,2,general,203,206.09689443399753
21767,0,general,409,406.81220464547187
21768,0,general,133,108.5405374859771
21769,0,general,283,282.0352106040009
21770,3,general,341,320.1139606509143
21771,2,infantry_grenadiers,311,356.62138804946886
21773,1,infantry_line,380,381.5903496323039
21774,3,infantry_line,393,398.14512169184474
21775,1,infantry_line,284,296.0872978434125
21776,1,infantry_line,325,319.85896660284925
21777,0,infantry_line,275,260.57939879436543
21779,2,infantry_line,284,298.01026771949114
21780,3,infantry_line,331,303.7181581409876
21781,2,infantry_line,302,303.5295933090504
21782,4,infantry_line,317,322.7653849547846
21783,2,infantry_line,205,210.35943530662595
21784,4,infantry_line,506,506.5640131858814
21785,3,infantry_line,247,257.2062886592348
21786,0,infantry_line,306,316.9802719304618
21787,0,infantry_line,517,516.3159032032684
21788,3,infantry_line,238,203.31765342444325
21789,4,infantry_line,447,423.81521855064966
21792,4,general,529,456.18178468751256
21793,0,general,354,346.692991299832
21794,0,general,566,543.1854109990556
21795,3,general,302,320.91703448710695
21797,2,general,439,428.0545570360253
21798,4,general,456,425.85926749440756
21799,3,general,365,327.5601842633816
21800,2,general,377,331.58217114530385
21802,2,general,354,351.21468600799403
21803,2,general,251,260.23109893858185
21804,4,general,503,505.684638337195
21805,3,general,618,624.8706349448602
21807,4,infantry_grenadiers,265,270.65237660799994
21808,1,infantry_grenadiers,246,253.74784172234794
21810,4,infantry_grenadiers,324,325.415520144373
21812,4,infantry_light,468,452.2787555320484
21813,4,infantry_light,355,333.9458702758788
21814,4,infantry_light,468,464.97262203434303
21816,3,infantry_light,358,379.8106875290088
21818,4,infantry_light,341,328.5993458533107
21819,1,infantry_light,501,459.70873566540615
21820,4,infantry_light,554,544.0056906560104
21821,0,infantry_light,314,306.0943497681931
21822,0,infantry_light,470,472.05211047998125
21823,3,infantry_light,523,542.8572014698354
21824,3,infantry_light,324,308.3714813808845
21825,0,infantry_light,563,595.6982630387399
21826,2,infantry_light,323,318.846697875665
21828,3,general,502,503.0505714902845
21829,3,general,137,148.31016206825836
21830,1,infantry_grenadiers,247,247.44584905136662
21832,3,cavalry_standard,482,505.18573107831935
21833,2,cavalry_standard,523,539.2842734161532
21835,1,general,435,439.52029752611617
21836,0,cavalry_lancers,391,388.5029934219568
21838,3,cavalry_heavy,1991,2073.0823261289856
21839,4,cavalry_standard,825,834.3613855861544
21840,2,cavalry_standard,548,566.7980791105961
21841,4,general,219,224.78768274601626
21842,1,general,440,410.58364989930135
21843,2,general,179,182.0867066729038
21844,3,general,1964,2050.747792792311
21845,3,general,447,458.8238341586459
21846,4,general,1856,1910.7397583496
21847,2,general,255,254.36534160451333
21849,3,general,256,265.73824364245
21850,4,general,650,685.5851784896557
21851,0,general,274,260.37444028053466
21852,1,general,686,760.4761003509487
21853,4,infantry_grenadiers,547,569.2588940534733
21854,0,infantry_grenadiers,813,892.5815689073779
21855,4,infantry_light,359,368.4666109996706
21856,0,infantry_light,368,363.11687180965646
21857,1,infantry_line,368,361.2268359911891
21859,3,infantry_line,276,279.0794811898076
21861,2,infantry_militia,311,283.09684105990124
21862,2,infantry_militia,324,284.21496095735876
21864,1,cavalry_heavy,1291,1288.565155110169
21866,3,cavalry_heavy,1253,1263.4777668507531
21867,3,cavalry_light,671,658.8483579511849
21868,4,general,1179,1181.5484683411055
21869,4,general,672,688.6612900522787
21870,2,general,244,243.13917763645625
21873,1,general,64,68.39102421659915
21874,4,general,1213,1236.8038892439445
21875,1,general,677,670.0869926202035
21877,3,general,378,352.2120965805337
21879,1,infantry_grenadiers,646,628.1928993944349
21880,4,infantry_line,171,167.38684851422227
21881,0,infantry_line,150,155.46997537283508
21882,3,infantry_line,306,303.2434928525233
21883,4,infantry_line,434,419.47759795425515
21884,3,infantry_line,310,298.92049771451303
21885,1,cavalry_lancers,717,710.9722709722398
21886,2,cavalry_lancers,548,540.9873646844794
21887,1,cavalry_lancers,376,382.7416651951147
21888,0,cavalry_lancers,496,477.36516498504585
21889,4,general,627,604.7786285581899
21890,0,general,76,86.99616850699083
21891,1,general,237,266.40759184314214
21892,1,general,503,503.9309867877814
21894,1,general,739,695.5740208279833
21895,3,general,268,237.38732966658065
21896,2,general,343,348.91324739673837
21898,1,infantry_grenadiers,605,571.8696851453113
21899,2,infantry_grenadiers,587,527.28591722188
21900,2,infantry_light,328,307.9015508981885
21901,4,infantry_light,443,429.7118297256831
21903,4,infantry_light,352,357.7352338389002
21904,4,infantry_line,169,166.1503711844343
21905,1,infantry_line,131,152.88735903118985
21908,1,infantry_line,141,136.45563467018815
21910,2,cavalry_light,410,432.3167510646179
21911,4,cavalry_standard,789,771.8547605622924
21912,1,general,626,600.5343958619519
21913,3,general,422,445.4866944661833
21916,2,infantry_line,169,161.16214788201728
21917,4,cavalry_lancers,421,423.8351317519337
21918,0,cavalry_lancers,503,474.0537406016254
21919,2,cavalry_lancers,408,411.3473928776793
21920,3,general,313,330.7906575633899
21922,3,general,285,277.6843908402849
21924,4,infantry_grenadiers,281,265.35413512863676
21925,4,infantry_grenadiers,287,271.50197306568657
21926,2,infantry_grenadiers,316,306.99448124189445
21928,3,infantry_line,397,371.7252090535789
21930,1,infantry_line,274,275.3758345668363
21932,3,cavalry_standard,759,740.3669575777667
21933,0,cavalry_standard,1012,1015.9662020642577
21934,1,cavalry_standard,504,523.7441754439645
21935,1,cavalry_standard,811,811.0464522443247
21936,1,cavalry_standard,730,719.4453454697341
21937,4,cavalry_standard,619,614.1118613525173
21938,3,general,600,580.9669400316501
21939,2,general,689,626.0453825793537
21940,2,general,456,467.2182071993011
21941,1,general,301,272.2381436746863
21942,4,general,646,650.0463542079356
21944,1,general,667,644.8892994555747
21945,3,general,409,398.11679282798286
21946,1,general,205,202.82857629028382
21947,0,infantry_grenadiers,292,292.6331496633994
21948,0,infantry_grenadiers,331,333.09465604960087
21949,2,infantry_grenadiers,275,282.2076963805335
21950,0,infantry_line,188,205.38396145389663
21951,1,infantry_line,433,405.1239503245778
21952,4,infantry_line,374,381.0522167676775
21953,3,infantry_line,255,243.00877092925325
21955,3,cavalry_lancers,400,397.22985984608283
21956,3,cavalry_lancers,468,458.0970016089334
21957,0,cavalry_lancers,554,530.3980265411514
21958,3,cavalry_standard,505,531.5980104090746
21960,3,cavalry_standard,473,503.4909505835587
21961,4,cavalry_standard,721,708.0379539795216
21962,4,general,462,449.5512479398351
21963,1,general,340,359.65107588061863
21964,4,general,402,372.4383700277601
21965,2,general,661,650.3201323759401
21966,0,general,474,478.1118547128891
21967,1,general,261,279.8780515368801
21970,2,general,407,420.0438225888298
21971,1,general,229,220.33783787019598
21972,3,infantry_light,459,452.0826446874882
21973,0,infantry_light,337,338.96026753081014
21974,1,infantry_line,237,218.34377667863197
21975,2,infantry_militia,377,396.0391295444029
21976,1,infantry_militia,203,189.18383710505466
21977,1,cavalry_lancers,495,509.3341171265367
21978,2,cavalry_light,368,406.54259924948224
21979,4,cavalry_light,403,436.06677641497987
21980,3,cavalry_light,683,672.0405137940651
21981,3,cavalry_light,982,970.0060068476464
21983,1,general,978,975.5117982955906
21984,4,general,354,391.4088191098538
21985,4,general,305,344.10967482971455
21986,2,general,842,828.6943359309487
21988,2,general,683,680.909857139962
21989,3,cavalry_heavy,1033,1012.3179692529576
21990,1,cavalry_standard,431,437.1881893659094
21992,2,cavalry_standard,498,522.0161029291652
21994,2,general,738,735.1379559029888
21995,3,cavalry_lancers,336,359.9509667858979
21996,1,cavalry_light,363,405.02626696008036
21997,0,cavalry_standard,707,702.5927601717059
21998,3,general,314,357.9262665031866
21999,1,general,706,709.676123813252
22000,4,general,209,248.49889990188262
22001,3,cavalry_lancers,396,396.050382010038
22003,1,general,287,311.64458614492867
22004,2,cavalry_standard,771,753.1892664087309
22005,4,cavalry_standard,777,789.0988567606668
22007,3,general,617,623.2300932733481
22008,2,general,173,165.9121663406358
22009,2,general,705,683.5515957376152
22010,2,general,487,481.89757210042535
22011,4,general,504,482.63167034456654
22012,0,general,531,514.0665242116244
22015,2,infantry_line,418,420.6207086554718
22016,1,infantry_line,475,459.6369932794058
22017,3,infantry_line,365,367.0450436606474
22020,1,cavalry_lancers,905,949.2138154918046
22021,1,cavalry_standard,684,655.6744950767237
22022,3,cavalry_standard,930,912.3303565628245
22026,0,general,1136,1171.9870048402606
22027,0,general,840,872.3001178184652
22028,0,general,964,910.6841939622919
22029,3,general,395,427.73259282222017
22030,4,general,795,775.7536685115901
22031,2,general,1211,1267.3558336828046
22032,2,general,840,814.1961189430596
22033,3,general,227,213.82018032756866
22034,2,general,469,492.76086614468426
22037,3,infantry_line,338,316.71302575683586
22038,3,cavalry_lancers,588,583.311685381206
22039,4,cavalry_lancers,923,1016.212615646567
22041,3,cavalry_lancers,583,578.2293913947207
22043,4,cavalry_light,826,788.5336351655133
22044,1,cavalry_light,370,414.7131938254273
22046,3,general,139,388.8944213359371
22047,1,general,472,456.50872236863916
22048,3,general,1320,1335.348487077384
22049,1,general,584,601.8827824402888
22051,2,general,198,207.7706649373977
22052,2,general,911,970.5772023673997
22053,4,general,334,376.33348813685456
22055,0,infantry_light,449,462.0457397507069
22056,0,infantry_light,583,603.1195532885783
22057,4,infantry_line,264,264.1283505084188
22058,1,cavalry_standard,522,543.2009166606881
22059,3,cavalry_standard,678,656.9205104138235
22060,1,general,619,609.2638560630995
22061,0,general,422,437.2855473645869
22062,1,cavalry_light,402,442.8461231874702
22063,0,cavalry_standard,546,574.2979800001357
22064,2,general,446,466.5119285746399
22065,2,general,271,311.1253326692522
22066,3,cavalry_lancers,632,645.6958049439995
22067,3,cavalry_lancers,584,595.5219549747928
22068,1,cavalry_light,784,796.5367248731637
22070,3,general,246,249.43694428612145
22071,3,infantry_line,235,250.72014791291687
22072,4,cavalry_heavy,1149,1149.1268326653185
22074,3,cavalry_heavy,1482,1533.2961702895984
22075,3,cavalry_heavy,1086,1092.3996719428949
22077,3,cavalry_lancers,523,497.24934893189965
22078,2,cavalry_lancers,538,528.3365469757459
22079,2,cavalry_missile,461,443.2101477812428
22080,3,cavalry_standard,478,485.55461577783643
22081,2,cavalry_standard,600,587.9856692823436
22082,0,general,1490,1526.6075268688737
22083,2,general,895,906.4941101768213
22085,0,general,1388,1443.5266086521235
22086,1,general,347,342.11319006958183
22087,2,general,1147,1175.6999156360207
22090,1,general,547,515.4708373532882
22092,2,cavalry_lancers,614,603.2626536796411
22093,2,cavalry_lancers,377,387.20099378126747
22095,2,cavalry_light,768,728.0714278476194
22096,3,cavalry_light,798,806.5778819295817
22098,3,cavalry_standard,586,605.938786116436
22099,1,cavalry_standard,829,806.204249105016
22101,1,cavalry_standard,721,705.2878097123913
22102,2,general,132,130.04201792694977
22103,2,general,644,612.1467968744021
22104,0,general,881,867.7047203426371
22105,1,general,476,487.34519194288976
22106,0,general,446,453.4788848546051
22107,4,general,763,733.9311786293944
22108,4,general,413,439.9633341714651
22109,1,general,701,681.9711066835746
22110,2,general,659,640.5470837151336
22112,2,general,257,262.1944018538468
22113,0,infantry_light,237,241.7154196722797
22114,0,infantry_light,364,369.9018762517953
22117,4,cavalry_lancers,630,591.1066705591882
22118,2,cavalry_lancers,588,605.5596334869904
22119,4,cavalry_lancers,579,601.3913988350666
22120,4,cavalry_lancers,630,591.1066705591882
22122,0,cavalry_lancers,406,397.1186048124076
22124,4,general,516,528.7907596814703
22125,0,general,520,498.99055111041844
22126,1,cavalry_lancers,360,390.08129203909965
22127,0,general,309,317.66058231256306
22128,1,cavalry_lancers,605,623.6277580843571
22129,3,cavalry_lancers,609,577.3033360033425
22130,3,general,448,474.8892981744918
22132,1,artillery_foot,849,907.2969414940035
22133,1,artillery_foot,578,596.858521463178
22134,2,artillery_foot,662,667.2448134542083
22136,4,artillery_foot,581,563.6390595841706
22137,0,artillery_foot,612,568.505077609196
22138,4,artillery_foot,386,369.080270635904
22139,2,artillery_foot,737,722.8154501093978
22140,1,artillery_foot,619,582.5375904944495
22141,3,artillery_foot,936,960.0132862201026
22142,1,artillery_foot,849,907.2969414940035
22144,3,artillery_foot,667,684.0688353639637
22145,3,artillery_foot,976,1000.76016583123
22146,4,artillery_foot,1821,1781.4275089072082
22147,4,artillery_foot,1465,1414.325271267249
22148,3,artillery_foot,395,397.2345569049907
22149,0,artillery_foot,410,403.0062629213486
22150,3,artillery_foot,936,960.0132862201026
22151,2,artillery_foot,349,329.2426799973041
22152,4,artillery_foot,381,375.702955249998
22153,1,artillery_foot,477,454.1321370472767
22154,3,artillery_foot,395,397.2345569049907
22155,2,artillery_foot,1078,1088.3702400135833
22156,3,artillery_foot,398,387.1707773211854
22157,1,artillery_foot,849,907.2969414940035
22160,3,artillery_foot,765,790.3548983632103
22161,4,artillery_foot,1142,1115.8442182016993
22162,4,artillery_foot,981,1001.6461094817254
22163,0,artillery_foot,901,870.2099195360678
22164,0,artillery_horse,1480,1480.9945233060264
22165,1,artillery_horse,1679,1703.2085406872302
22166,1,artillery_horse,1554,1552.8990677055624
22167,3,artillery_horse,1058,1081.844296746559
22169,0,artillery_horse,535,533.1080158871794
22170,3,artillery_horse,543,546.0323143854508
22171,2,artillery_horse,771,721.2707172932753
22172,3,artillery_horse,1549,1633.7188125509635
22174,2,artillery_horse,1061,1066.7638514502726
22176,0,artillery_horse,784,473.818748154233
22177,0,artillery_horse,1185,1187.3645110677621
22178,4,general,747,762.5737563842611
22179,1,general,281,281.29616038125926
22180,4,general,439,438.6033832753957
22181,2,general,60,60.54940005841851
22182,0,general,571,538.2291242772116
22184,3,general,985,1041.4308733386067
22185,1,general,1291,1301.7552777124486
22186,1,general,281,281.29616038125926
22187,2,general,60,60.54940005841851
22188,2,general,362,356.72098652756046
22189,4,general,655,628.8753805117734
22190,1,general,881,900.7396221532916
22191,1,general,474,428.8779664109066
22192,1,general,990,977.7287632540178
22193,4,general,752,720.9162116694321
22194,1,general,159,159.68552843920222
22195,3,general,562,506.6564845332884
22196,2,general,60,60.54940005841851
22197,3,general,521,528.3833194058495
22199,4,general,1619,1751.1300405391214
22200,2,general,1,1.0
22201,0,general,741,741.7519309610611
22202,4,general,839,814.9176476627327
22203,0,general,741,741.7519309610611
22204,1,general,574,574.0622044587823
22205,4,general,2594,2749.005801629589
22206,1,general,281,281.29616038125926
22207,2,general,1,1.0
22208,1,general,574,574.0622044587823
22209,4,general,1073,1070.6223796940621
22210,1,general,574,574.0622044587823
22211,3,general,549,578.3921926795014
22212,4,general,1600,1760.6807528483969
22213,4,general,747,762.5737563842611
22214,3,infantry_grenadiers,284,239.93509900506677
22215,2,infantry_grenadiers,237,267.6040724776566
22216,3,infantry_grenadiers,238,237.2831083776163
22218,2,infantry_grenadiers,288,309.94491929689895
22219,0,infantry_grenadiers,297,323.24513616546494
22220,4,infantry_grenadiers,478,447.9354775991712
22221,3,infantry_skirmishers,212,229.4697956865572
22223,0,infantry_skirmishers,249,233.34203570301833
22224,1,infantry_skirmishers,170,160.52616742574375
22226,4,infantry_skirmishers,180,186.99602235485793
22227,1,infantry_skirmishers,195,193.45486498046847
22228,4,infantry_skirmishers,184,196.9329263413524
22229,4,infantry_skirmishers,184,196.9329263413524
22231,4,general,1681,1613.9173537125273
22232,3,general,1466,1440.0050685645633
22233,1,infantry_skirmishers,1515,2577.92967157113
22234,3,cavalry_lancers,933,918.9281692092544
22235,3,general,1017,1075.6746631732215
22236,2,general,421,453.65106635292585
22237,4,general,1267,1042.527485833746
22238,3,infantry_skirmishers,570,434.6702878618353
22239,1,general,660,735.8069267948864
22240,0,infantry_skirmishers,767,836.0351985736266
22241,3,cavalry_lancers,797,749.1677252487423
22242,1,cavalry_lancers,582,580.2910329856018
22243,4,cavalry_lancers,738,711.5239587353345
22246,2,general,206,156.6888028356659
22247,4,general,745,735.6456408157965
22248,4,general,1238,1299.1557299352849
22249,4,cavalry_lancers,659,677.9297073957824
22250,1,cavalry_lancers,691,667.7817129164829
22252,3,cavalry_lancers,678,686.9158116254833
22253,1,cavalry_lancers,377,369.9481623090856
22254,0,general,361,357.76510125731926
22255,4,general,737,763.4812871174396
22256,3,general,310,345.5615051518499
22259,0,cavalry_lancers,736,759.7749297907418
22260,0,cavalry_lancers,660,646.8439238511168
22261,2,cavalry_lancers,824,808.1048719555602
22262,0,cavalry_lancers,519,474.0256653130923
22263,4,general,633,540.9114705704877
22265,3,cavalry_lancers,649,643.0905214907576
22266,3,cavalry_lancers,580,579.5521019985533
22267,0,cavalry_lancers,622,567.3246163887815
22268,1,cavalry_lancers,714,737.8277960948304
22269,3,general,494,521.2577745874926
22270,4,cavalry_lancers,629,615.3106014146776
22271,3,cavalry_lancers,765,768.0451170788613
22272,4,cavalry_lancers,806,842.9639572159144
22273,0,cavalry_lancers,689,740.152989280106
22274,2,general,670,672.8384101860039
22275,2,general,763,819.6062530647289
22276,2,infantry_irregulars,811,779.1425057341064
22277,1,cavalry_lancers,899,916.7950036361757
22279,4,cavalry_lancers,608,621.2238504038284
22280,4,cavalry_lancers,674,704.4884430590246
22281,0,general,697,706.772758017925
22282,0,general,442,458.1803622317515
22283,4,general,771,779.4082495299997
22284,3,infantry_irregulars,608,505.939429542283
22286,3,cavalry_lancers,654,682.1988772378381
22287,2,cavalry_lancers,716,772.8257076726358
22288,1,cavalry_lancers,774,844.1100264489205
22289,3,general,768,870.1986046185887
22292,4,cavalry_lancers,741,764.4433173935918
22294,0,cavalry_lancers,669,667.2920670310739
22295,1,cavalry_lancers,613,618.1196300798711
22296,0,general,547,593.5830641025483
22297,4,infantry_irregulars,670,635.1930028297534
22298,4,artillery_foot,493,422.51758309587956
22299,0,cavalry_missile,665,473.0291310646827
22300,4,cavalry_lancers,803,797.6898414302959
22301,0,general,686,670.9667683657365
22302,0,cavalry_lancers,511,413.38390734709844
22303,1,general,460,300.8583737600718
22304,0,cavalry_lancers,525,547.3096534553553
22305,3,general,405,480.50724290654676
22306,3,cavalry_lancers,772,589.6428097476646
22307,2,cavalry_lancers,366,317.5127166754832
22308,2,cavalry_lancers,620,552.5063455484215
22309,4,general,480,417.96522298512565
22311,4,general,379,392.4697146953426
22312,2,general,896,730.4795267559404
22313,0,infantry_skirmishers,369,399.66967589869375
22314,1,cavalry_light,1111,1362.938393111587
22316,2,artillery_horse,724,598.399373003148
22317,2,artillery_horse,116,121.08745569614365
22320,4,artillery_foot,808,725.910372045045
22321,4,artillery_foot,439,501.79199072142535
22323,0,artillery_foot,618,618.2885333001915
22324,0,general,392,418.9304493818952
22326,4,general,196,198.5318482700745
22328,3,general,235,229.29715714959175
22329,4,general,363,368.0406261068258
22330,4,general,1225,1216.5034894947175
22331,2,general,652,626.0779507100139
22332,1,general,425,430.5251764077097
22334,0,general,1365,1376.8422207381307
22335,3,general,649,559.2219909059664
22336,4,general,441,389.28309356116654
22337,3,general,421,376.0547880247076
22338,3,infantry_light,1088,1122.7100463485078
22340,0,infantry_line,361,380.72538298654115
22343,0,infantry_line,484,467.6669155315592
22344,0,infantry_line,540,489.3894874477062
22345,1,infantry_line,1146,1204.6618858212196
22347,3,infantry_militia,197,158.23892668072287
22348,0,infantry_militia,138,85.37450067867786
22349,1,infantry_militia,343,339.94306522916406
22351,4,infantry_skirmishers,247,250.0212793322449
22352,1,infantry_skirmishers,276,303.88239569293705
22353,4,infantry_skirmishers,325,324.0572949798757
22354,2,cavalry_light,1712,1639.0090572693216
22355,0,general,1607,1575.287227814126
22356,2,artillery_foot,449,503.36970931223965
22357,4,artillery_foot,480,526.5338430481319
22358,2,artillery_foot,901,811.5633275941846
22360,2,general,186,190.17696095297163
22361,1,general,199,190.15335570925237
22362,0,general,208,200.03217976919095
22363,1,general,92,88.55562301521013
22365,4,general,409,388.7137645244612
22366,1,general,903,983.5629241268141
22367,3,general,604,626.1183368185048
22368,1,general,313,300.7060204383875
22369,1,general,712,686.8016707497435
22370,2,general,213,211.59002705966554
22371,4,general,357,323.7172127838516
22372,2,infantry_light,422,409.25776667948327
22373,4,infantry_line,286,282.3919029022371
22375,4,infantry_line,556,556.6012733150162
22376,3,infantry_line,418,356.77699257062153
22378,0,infantry_line,517,496.6318728345509
22379,1,infantry_line,805,890.2689582794059
22380,4,infantry_militia,286,289.23334799078333
22381,0,infantry_militia,194,191.04302363696956
22382,0,infantry_militia,189,166.71444847321632
22384,1,infantry_militia,300,321.190166714854
22385,4,infantry_skirmishers,309,247.57159842508707
22386,0,infantry_skirmishers,250,246.47698273244754
22387,4,artillery_foot,893,799.6905611040164
22388,0,artillery_foot,429,496.74302289670857
22389,0,artillery_foot,614,615.7028299936551
22390,3,general,35,7.796966879240955
22391,1,general,119,111.84171379618718
22392,2,general,121,142.47596433759065
22394,1,general,329,308.0900360313961
22395,1,general,142,131.3564188066721
22397,2,general,132,163.47223059772722
22398,0,general,456,449.0000056477968
22401,4,general,369,348.3189947743952
22402,2,infantry_light,651,630.3705042763978
22403,3,infantry_line,215,256.62650814810985
22405,0,infantry_line,401,390.4383144319265
22406,0,infantry_line,609,587.6633944539451
22407,1,infantry_line,426,406.9966885354937
22408,2,infantry_militia,171,195.38170761644835
22412,3,infantry_militia,211,210.42286792868904
22413,3,infantry_militia,186,198.76965926641623
22415,0,infantry_skirmishers,545,454.2044614919707
22416,2,infantry_skirmishers,288,310.91614155988356
22418,0,artillery_foot,429,496.74302289670857
22419,2,artillery_foot,442,498.50325872826477
22420,3,general,134,132.45741895213405
22421,4,general,205,185.0318758614857
22424,3,general,240,248.27165055589356
22425,4,general,284,295.5446855053606
22427,3,general,710,686.5658825381183
22428,0,general,509,499.05143917367235
22429,1,general,285,303.2913141468175
22430,3,infantry_light,325,336.86914857082314
22431,4,infantry_light,654,647.1718622678168
22432,2,infantry_line,301,295.0890216688179
22434,1,infantry_line,312,297.516787281634
22435,2,infantry_line,328,349.0710767597335
22436,2,infantry_line,432,396.5966049806978
22437,2,infantry_line,629,607.0106957750364
22438,0,infantry_militia,201,194.2933067584174
22439,0,infantry_militia,213,207.22295065521806
22440,0,infantry_militia,191,192.8140141239056
22441,2,infantry_militia,77,90.7158481189196
22442,1,infantry_militia,135,151.61659666482524
22443,3,infantry_militia,234,235.6366723261815
22444,2,infantry_skirmishers,211,216.09446862276846
22447,0,cavalry_lancers,1250,1227.3746400447383
22448,0,cavalry_lancers,801,801.4267156354247
22450,1,cavalry_lancers,437,470.2024777800656
22451,2,cavalry_lancers,808,705.7780005940403
22453,3,cavalry_light,740,763.3101833112053
22454,1,cavalry_light,1373,1356.2326323660773
22456,4,cavalry_standard,1592,1614.67891918068
22457,2,cavalry_standard,1213,1201.033618134381
22458,3,cavalry_standard,794,759.8570600775319
22459,3,cavalry_standard,928,962.0705897465679
22460,0,general,1610,1587.2680483344395
22461,3,general,754,724.9731424134876
22462,4,general,773,817.5741932132353
22463,1,general,697,725.6859591990598
22464,0,general,693,698.7729691316279
22466,1,general,735,713.7279793388936
22467,1,general,1017,1037.9694688656596
22468,0,general,419,448.07238360181145
22469,2,general,804,832.4070349658978
22471,2,general,653,566.446151982176
22472,0,general,759,794.6919230047869
22473,2,general,1407,1430.6509063261847
22474,2,general,1205,1214.524179097622
22475,2,artillery_horse,1075,1082.5141760937784
22476,2,artillery_horse,600,593.697940477811
22477,1,cavalry_lancers,479,500.69077165813434
22478,2,cavalry_lancers,496,479.23944477661456
22479,0,cavalry_lancers,440,483.01976826870543
22481,4,cavalry_lancers,571,610.0533659223616
22482,2,cavalry_lancers,490,494.14625569502834
22483,2,cavalry_lancers,690,698.4375010596632
22484,1,cavalry_light,836,877.1612974663365
22485,2,cavalry_light,941,966.7685814165571
22486,0,cavalry_light,1466,1486.4734685055598
22487,2,cavalry_light,721,748.0700778908778
22488,2,cavalry_light,630,612.3565819728291
22490,2,cavalry_standard,904,870.7952375967353
22491,0,general,642,676.1434189686099
22492,3,general,790,852.442894216021
22493,3,general,502,468.3974922898692
22494,4,general,604,596.7459762880854
22495,3,general,773,801.6448738246557
22496,0,general,403,412.54846808726217
22497,4,general,443,469.3952230071819
22498,2,general,406,402.9220870492761
22500,0,general,849,838.1309585641801
22501,2,general,299,321.23461541272826
22502,2,general,359,374.9017111942007
22503,3,general,677,682.705952004654
22504,4,general,1304,1308.1898471127497
22506,1,cavalry_lancers,440,473.44500507311704
22507,3,cavalry_lancers,471,476.97074603305117
22508,3,cavalry_lancers,434,507.1168778699496
22509,3,general,322,337.9449409751878
22510,2,cavalry_lancers,476,452.58607224562206
22512,3,cavalry_lancers,477,474.2591464550412
22513,3,cavalry_lancers,455,443.3042504428285
22516,0,general,324,332.86532949199375
22517,3,general,334,316.65337340074996
22518,3,general,388,361.2516396276233
22519,3,general,393,392.2858503010955
22520,3,artillery_foot,591,590.0630666215615
22521,3,artillery_foot,591,590.0630666215615
22522,2,artillery_foot,598,599.8828123642147
22523,3,artillery_foot,591,590.0630666215615
22525,3,artillery_foot,591,590.0630666215615
22526,3,artillery_foot,529,485.78408876968007
22527,0,artillery_foot,831,755.4519089355226
22528,2,artillery_foot,457,508.3512618104469
22530,0,artillery_foot,527,541.943233258812
22533,4,artillery_foot,584,656.0945203473996
22535,0,artillery_horse,1017,1028.7152887162654
22536,4,artillery_horse,1166,1147.17467607667
22537,2,artillery_horse,1075,1082.5141760937784
22538,2,general,601,600.304649328394
22539,4,general,1311,1303.813196442805
22540,3,general,600,590.158079796151
22541,3,general,228,227.9668754757595
22542,0,general,401,401.95304262882286
22544,3,general,228,227.9668754757595
22545,1,general,380,393.6811273149698
22546,3,general,600,590.158079796151
22548,4,infantry_grenadiers,383,329.4587724299467
22549,0,infantry_grenadiers,508,517.0549400166573
22550,0,infantry_grenadiers,508,517.0549400166573
22551,0,infantry_grenadiers,508,517.0549400166573
22552,2,artillery_foot,681,684.5188423530691
22553,3,cavalry_heavy,1869,1869.4840888094313
22554,0,cavalry_heavy,1961,1966.0895724126826
22555,1,cavalry_heavy,1132,1319.2445322577637
22556,0,general,286,262.2338565969177
22557,1,general,348,398.58558887969
22558,2,general,1879,1919.9126027190184
22559,4,general,221,194.29940284090844
22560,1,general,917,1108.0267643150826
22561,3,general,532,535.2712680830715
22562,1,general,1754,1767.684744737921
22563,2,general,662,619.420989115789
22564,4,general,960,966.7607412416893
22565,0,general,1377,1227.2242659151912
22566,3,general,490,491.2954321867106
22569,0,general,1576,1342.5920734816154
22570,0,general,811,833.0011691797664
22571,3,infantry_light,971,989.1456616723549
22573,0,infantry_line,1431,1390.0956186050155
22575,2,infantry_line,548,551.0034739773685
22576,3,infantry_line,751,753.2863190432946
22577,0,infantry_skirmishers,287,268.75209948683124
22578,3,infantry_skirmishers,295,305.5316753012221
22579,3,artillery_horse,856,1006.0319169352479
22581,0,general,491,506.8641758906376
22582,4,general,228,241.69962621559256
22583,0,general,255,290.426874607743
22584,1,general,189,180.0803555282842
22585,2,general,221,209.48760103613313
22586,3,general,359,349.92252938611915
22587,4,general,1343,1378.629760301671
22588,2,general,1176,1139.6675344727016
22589,1,general,677,656.2500350820869
22591,4,infantry_line,607,615.3005056529101
22592,2,infantry_line,1231,1254.4995172605213
22595,0,infantry_line,306,300.46912495627754
22596,3,infantry_line,651,682.5099212931613
22597,4,infantry_line,366,399.5798692678814
22598,3,infantry_line,366,340.1849519334468
22599,4,infantry_line,325,301.8970543861936
22600,1,infantry_line,300,282.518371058614
22604,3,artillery_foot,360,365.3867127703245
22605,4,artillery_foot,481,484.8525991087379
22606,2,artillery_horse,104,164.39342849664024
22607,3,general,336,344.36857165173126
22608,2,general,20,93.96331850611418
22609,3,general,456,467.3072085339838
22610,4,general,219,228.79614039020652
22611,4,general,678,634.4602962969327
22612,0,infantry_line,280,353.02405316185155
22613,1,infantry_militia,176,180.930169807882
22615,0,infantry_militia,223,223.2506612044118
22616,1,infantry_militia,481,464.3049183808793
22617,1,infantry_skirmishers,249,261.93010963639153
22618,4,infantry_line,308,406.3547059848911
22619,3,infantry_militia,105,119.04131555843668
22620,1,infantry_militia,139,149.30025675514278
22621,3,infantry_militia,165,185.49655749451188
22622,1,infantry_militia,141,160.12028268728037
22623,4,artillery_foot,650,657.7365170297709
22624,3,cavalry_heavy,1154,1087.731170084737
22625,2,cavalry_heavy,1410,1442.7098686477173
22627,3,general,956,899.336492593747
22628,2,general,651,660.9076891189791
22629,3,general,881,845.0694943019571
22630,1,general,1485,1416.3887936082742
22631,2,general,381,368.39246307423247
22634,2,general,416,414.52638982445205
22637,4,general,409,405.4573337463293
22638,0,infantry_light,688,685.1514078671354
22639,2,infantry_line,327,316.3224305449054
22640,4,infantry_line,528,520.0646104644107
22641,3,infantry_line,502,486.32423433659784
22642,2,infantry_line,668,694.2899597628995
22643,1,infantry_line,401,384.3384666680428
22644,4,infantry_line,427,417.25875120727375
22645,2,artillery_foot,602,573.4852083986933
22646,0,general,127,137.38129321924504
22648,1,general,441,440.0223256162262
22649,3,general,268,247.47057444029346
22650,2,general,187,185.83338920179
22651,3,general,388,359.73329123728917
22653,2,general,185,182.66095095299104
22655,3,general,215,218.02246366921068
22657,0,general,640,679.8400982265425
22658,2,general,247,239.39897918346048
22660,0,infantry_line,422,416.20274818365255
22661,4,infantry_line,318,302.6961845301259
22662,2,infantry_line,253,239.6563049959437
22663,2,infantry_line,285,277.029643579325
22664,1,infantry_line,412,411.15851361998284
22665,3,infantry_line,339,315.016485298143
22666,4,infantry_line,605,634.3468735273352
22667,3,infantry_militia,362,363.14938500179557
22669,2,infantry_militia,274,278.19967586372513
22670,4,infantry_militia,300,318.36887987002916
22671,0,infantry_skirmishers,220,203.3558083495934
22672,4,artillery_foot,725,728.731430857777
22673,3,general,586,599.6306581974927
22674,4,general,470,443.41430913130586
22675,1,general,965,811.9181580589159
22677,2,infantry_light,533,500.37796160086657
22679,2,infantry_line,274,305.2840094486068
22680,4,infantry_line,472,471.75797148846004
22681,2,infantry_militia,55,63.06763597977664
22682,2,infantry_militia,59,90.45565008060366
22683,4,infantry_militia,57,70.51315821272313
22684,2,infantry_skirmishers,222,224.69066616763288
22688,3,infantry_line,473,494.4969771706465
22689,4,infantry_line,377,390.8295242790002
22690,0,cavalry_light,609,614.281319348038
22691,2,general,355,395.4612282577796
22692,0,general,471,483.2593491768396
22695,0,general,582,621.7580705668508
22696,1,infantry_light,294,317.9783466790886
22697,2,infantry_light,594,608.3443647095536
22698,1,infantry_line,646,681.7664909168767
22700,1,infantry_skirmishers,210,207.90584838844157
22702,2,infantry_skirmishers,251,236.1003180068987
22703,2,artillery_foot,384,374.9071631275417
22704,4,general,261,245.0914911693979
22705,3,general,292,297.0550487752189
22706,2,general,254,264.8993573623744
22707,0,general,222,237.26178438666426
22708,0,general,69,82.57248178595077
22709,4,infantry_light,328,345.24065937799173
22710,3,infantry_line,359,355.33568949946596
22712,0,infantry_militia,57,80.78510349339358
22713,3,infantry_militia,79,121.48501814795797
22717,4,cavalry_light,380,351.7301266905384
22718,1,cavalry_light,584,613.1581912196597
22719,2,cavalry_light,849,909.7890980395849
22721,2,general,186,247.14035899665788
22722,3,general,716,778.4386304894798
22723,3,general,422,390.1096433537182
22724,3,general,314,319.75134936527235
22725,1,general,568,611.3980027502746
22726,3,general,123,117.49495415616549
22728,0,general,277,286.6062689209553
22729,0,general,747,704.7022964052762
22730,0,general,510,523.9902521977923
22731,1,general,377,381.62579951118283
22732,1,infantry_light,324,338.4316444341098
22733,3,infantry_light,434,401.9163345829716
22735,3,infantry_line,492,491.55933181043173
22736,1,infantry_line,385,379.1477489835247
22737,0,infantry_militia,96,103.95665914462008
22738,0,infantry_militia,114,111.91316234278592
22739,3,infantry_militia,68,61.811097031465245
22741,3,infantry_militia,196,186.95445153873757
22743,2,infantry_skirmishers,254,229.3904082723099
22744,2,infantry_skirmishers,552,471.22949543569666
22745,1,artillery_foot,448,440.842608968145
22746,1,cavalry_light,521,551.1116260281801
22748,1,cavalry_light,1014,1005.4441069069802
22750,3,general,217,242.49678217480525
22752,0,general,289,351.26071738486337
22753,4,general,375,373.6283971497455
22754,0,general,208,216.15449634777355
22759,0,general,939,941.4794302507904
22760,2,general,203,213.52276522544923
22761,0,general,274,276.34371828112216
22762,4,general,149,127.27446012785853
22763,2,general,431,423.90885675757204
22764,0,general,353,355.64183422314323
22766,0,general,834,842.3543810311114
22767,0,general,467,464.2886588691805
22768,3,general,608,598.3870449216798
22770,0,general,329,305.79538768248693
22771,4,infantry_grenadiers,473,457.5762847787238
22772,3,infantry_light,330,325.5567638752255
22773,1,infantry_light,309,310.55148300220606
22774,1,infantry_light,319,316.4913850590987
22775,1,infantry_light,488,490.2087356430008
22776,1,infantry_light,188,264.5828845412367
22777,2,infantry_light,379,373.1804641757033
22778,1,infantry_line,263,277.53593872419134
22779,1,infantry_line,310,311.18834025970733
22780,1,infantry_line,585,564.9640042298462
22781,4,infantry_line,899,938.8893165516478
22784,1,infantry_line,314,287.3390102661531
22785,3,infantry_skirmishers,293,300.02864317045413
22786,3,infantry_skirmishers,212,213.65830403900623
22787,3,artillery_horse,493,506.9570588109397
22788,4,cavalry_lancers,316,322.1017436491211
22789,2,cavalry_light,591,641.9425582653154
22791,2,general,536,600.1964013611629
22794,3,cavalry_light,580,622.0830358478889
22795,3,cavalry_light,974,991.9398950438622
22796,1,general,294,305.34678819954263
22797,3,general,838,854.913695812611
22798,3,general,935,962.6782218804628
22799,0,general,470,500.5208356782483
22801,3,general,113,115.1218399323709
22802,4,general,438,444.2098858873996
22804,1,general,266,241.20258685689168
22805,0,infantry_light,414,426.95343772393744
22806,2,infantry_line,320,330.39549639523136
22807,4,infantry_line,227,241.32624312416775
22808,0,infantry_line,548,549.1318955722523
22809,1,infantry_line,372,343.29573240817854
22810,0,infantry_militia,217,215.421688752637
22811,1,infantry_militia,160,169.91592131406
22812,4,infantry_militia,85,98.0051092461813
22813,2,infantry_militia,183,179.06452646405435
22814,4,artillery_foot,365,392.44304199642636
22815,1,cavalry_light,935,995.0975783555288
22817,4,cavalry_light,926,938.1073380510478
22818,1,general,162,174.36891077452074
22819,1,general,792,856.4109140697103
22820,0,general,418,472.4545357780298
22821,1,general,243,241.01516047206934
22822,4,general,992,1008.8443650172443
22824,1,general,441,427.7826263341194
22826,2,general,213,214.34492499218885
22827,4,infantry_grenadiers,707,563.8415612770654
22828,3,infantry_light,713,691.4674055236545
22829,1,infantry_line,226,231.10682592702676
22830,3,infantry_line,323,306.6595593594205
22831,1,infantry_line,353,341.1441828511053
22832,4,infantry_militia,74,103.20160713179426
22833,3,infantry_militia,123,124.72244750837054
22834,4,artillery_horse,667,541.9193726177785
22835,1,cavalry_light,1037,1045.8583051622047
22836,0,cavalry_light,885,793.6166671236485
22837,4,cavalry_light,418,411.9498935738613
22839,1,general,716,644.7195813660951
22840,1,general,286,293.40882487345556
22841,1,general,897,904.3220407446761
22842,1,cavalry_heavy,1143,1147.1342480056398
22843,1,cavalry_heavy,1359,1460.1737668686217
22844,0,cavalry_heavy,817,707.6103547658837
22845,3,general,657,552.9333233930499
22847,3,general,950,937.8671017231136
22848,2,cavalry_light,557,508.7870487302366
22849,2,cavalry_light,276,283.2807173988288
22850,3,general,419,379.4623312038478
22851,2,general,148,180.90838632102725
22852,3,cavalry_light,714,651.2395767192065
22854,0,artillery_horse,657,536.7243792396877
22855,1,general,545,433.1687543554956
22856,0,cavalry_light,910,968.3267320492322
22858,2,general,743,803.5189350871877
22860,0,artillery_horse,1138,1128.7685907511284
22861,3,artillery_horse,617,559.0226996052994
22862,0,general,1022,1022.4453918760568
22863,1,general,1240,1230.9160085180886
22864,0,general,638,638.6788744723211
22866,2,general,467,466.9036161443062
22867,0,general,312,312.6301442668621
22870,0,general,1241,1142.5714688013545
22871,4,general,233,266.63952107031974
22875,0,general,570,540.1814709452224
22878,3,general,405,541.6054945627095
22879,1,infantry_grenadiers,927,931.7371477467069
22881,0,infantry_line,1287,1229.3282516229176
22882,1,infantry_line,413,538.0789484738928
22883,2,infantry_line,256,276.86428938940924
22886,3,infantry_line,485,617.1975572631637
22887,3,infantry_line,306,304.53272808556056
22888,3,infantry_skirmishers,393,384.08634874853806
22889,0,general,398,372.768918413651
22890,3,general,489,476.73068404390557
22893,4,general,971,963.9019618531869
22894,0,general,845,729.9658157019428
22895,0,general,614,710.2080935423619
22896,1,general,397,416.35849530251807
22897,0,general,918,935.3512746144902
22898,1,general,80,102.00939231434056
22899,1,infantry_line,186,207.82119502664656
22903,1,infantry_line,454,468.4814284896038
22904,0,infantry_line,783,772.9379306855907
22906,4,infantry_line,886,807.5036033598343
22907,2,infantry_line,838,857.1998840836966
22908,0,infantry_skirmishers,185,203.70003203099074
22909,0,infantry_skirmishers,225,215.94222981834017
22910,1,infantry_skirmishers,349,315.37759691229417
22911,3,cavalry_light,776,762.5332417734237
22913,1,general,278,265.66303045603985
22916,0,general,200,229.58073566277864
22917,4,general,240,238.09812634528157
22918,0,general,721,659.2572924336506
22919,3,general,951,891.2888750721568
22920,2,general,489,465.0871474895276
22921,2,general,323,304.269381761901
22922,1,infantry_light,680,665.7517109746486
22924,4,infantry_line,320,301.67676304785687
22925,0,infantry_line,347,342.74552331652114
22926,2,infantry_line,548,537.9805527398967
22927,1,infantry_line,868,837.6858085796539
22928,4,infantry_skirmishers,226,203.93021053967328
22930,3,artillery_foot,458,453.0822422626676
22931,1,general,323,329.20420086080156
22933,1,general,180,201.94519151117396
22934,0,general,485,491.23466412674816
22935,4,general,376,456.9260122280256
22936,0,infantry_line,472,473.5508665086053
22937,1,infantry_line,347,324.44128878034354
22938,3,infantry_line,383,442.38026492400024
22939,2,infantry_line,290,313.53046930821444
22940,4,infantry_skirmishers,216,218.81331319411447
22941,3,artillery_foot,879,847.9726320182965
22942,4,general,712,673.7135878283907
22943,2,general,638,626.7910029571909
22944,3,general,520,560.9829762211101
22945,0,general,735,717.5572003186924
22946,0,general,931,983.1377973199013
22948,2,general,638,626.7910029571909
22950,1,infantry_line,559,577.8166322601168
22951,1,infantry_line,639,677.1093385431395
22953,2,infantry_line,818,874.7111960839098
22954,1,infantry_skirmishers,292,311.9365195318506
22955,4,general,410,421.56700254409776
22957,1,general,494,499.05392015225215
22958,3,general,381,373.7607448285764
22959,4,general,418,427.0326409886821
22960,4,general,400,408.1010713055934
22961,1,general,250,261.5839191970827
22962,0,general,262,256.86547153754725
22963,0,general,152,84.68679303317248
22964,3,general,139,183.8378417134923
22965,1,infantry_line,492,482.73088030246385
22966,0,infantry_line,436,432.49467661144257
22968,1,infantry_line,257,188.7028276438021
22969,0,infantry_line,528,535.5692492028435
22971,2,infantry_line,371,380.354239038914
22973,2,infantry_line,279,272.31587139092176
22974,2,infantry_line,239,259.18409718228946
22975,1,artillery_foot,283,310.35444590619954
22976,0,general,165,181.33707460991133
22977,1,general,123,151.26145631147727
22978,3,general,224,235.77505960325567
22980,4,general,161,203.87271957872662
22981,3,general,631,589.5391133886416
22982,3,general,194,243.8421310608834
22983,2,infantry_light,686,655.7350499114126
22984,4,infantry_line,150,169.82507157487356
22986,1,infantry_line,357,364.68178032414113
22987,0,infantry_line,272,311.251183837773
22988,4,general,416,377.32593633789213
22989,0,general,735,710.1219831075538
22990,1,general,328,320.6755276929526
22991,4,general,326,297.58514318559224
22993,1,general,172,207.431623631015
22995,3,infantry_line,629,628.2837007367006
22996,1,infantry_line,281,317.63483976846555
22998,3,infantry_line,439,427.7590003125663
22999,3,infantry_skirmishers,224,263.9072897632297
23000,0,general,69,71.32202876529325
23001,1,general,459,442.86363053510377
23002,4,general,555,581.469175237173
23003,1,general,209,238.45964273691686
23004,0,general,130,111.9721866565728
23006,1,general,268,266.63352760747955
23007,2,infantry_line,258,247.09635563627484
23009,4,infantry_line,411,421.6194085910425
23010,2,infantry_line,320,350.1776591944145
23011,3,infantry_line,235,221.31125382591296
23012,1,infantry_line,531,553.3549228532858
23013,0,infantry_line,517,512.7729159722732
23014,0,infantry_line,375,373.74141045866475
23016,3,artillery_foot,368,391.1003090528625
23017,1,general,241,247.6678515174346
23018,4,general,169,191.10308646884596
23020,3,general,211,278.64973401970065
23021,2,general,325,321.2810607803623
23022,2,infantry_light,584,549.3184551457023
23023,0,infantry_line,433,425.36052339693794
23024,4,infantry_line,238,285.2060693989594
23025,2,artillery_foot,548,558.8258462760745
23026,0,general,404,412.6123873483528
23027,1,general,722,620.8378907099026
23029,4,general,455,443.7528944882126
23030,2,general,172,171.04992131909844
23031,2,general,676,570.8557715652836
23032,0,infantry_light,591,602.8698099274029
23033,0,infantry_light,566,610.977970682016
23034,0,infantry_line,713,628.6160942962329
23035,3,infantry_line,245,236.59319007100822
23036,1,infantry_line,560,550.6556464467259
23037,2,infantry_skirmishers,178,203.51338122197856
23038,1,general,462,442.65527267236587
23039,4,general,249,227.63572433518283
23040,4,general,202,210.5874768325908
23041,2,general,323,317.2295715291193
23042,0,infantry_light,280,279.9455725848223
23043,4,infantry_line,436,417.4946931001742
23044,0,infantry_line,393,380.14332826276427
23045,2,infantry_line,333,338.52447944232676
23046,0,infantry_skirmishers,160,169.3776139344199
23047,3,general,475,467.1716362174674
23048,4,general,560,492.8582266100602
23049,3,infantry_line,563,581.5598376684993
23050,0,infantry_line,452,424.2086293076947
23051,4,artillery_foot,366,368.09052931105083
23052,0,artillery_foot,862,883.02573374267
23053,1,general,344,356.73194472859757
23054,0,general,304,305.63953899862855
23055,1,general,101,164.83749853923126
23058,1,infantry_light,412,407.56455616968344
23060,0,infantry_light,736,775.9372962128767
23062,3,cavalry_heavy,1701,1709.1658035916619
23063,4,cavalry_heavy,1513,1525.0023905574137
23064,3,cavalry_light,1191,1194.834326271026
23065,3,general,1505,1563.993744283949
23066,1,general,1282,1303.7268361496726
23067,3,general,1602,1605.9885791290228
23068,2,general,176,177.03922782502286
23070,2,general,1110,1099.3462552268886
23072,1,general,266,269.2785788287152
23073,1,infantry_light,338,338.56599512514885
23074,2,infantry_line,247,246.49498383569863
23075,0,infantry_line,261,266.5335479014212
23076,0,cavalry_light,433,361.6697888079298
23077,3,cavalry_standard,444,465.57310965635685
23079,4,cavalry_standard,323,267.6773016915402
23080,4,general,224,249.52267640167884
23082,2,general,457,483.3001314130879
23083,2,general,510,468.19427338473565
23084,1,general,180,188.81291373777412
23085,2,general,154,145.21102536143263
23086,1,general,205,206.79724752067517
23087,2,infantry_light,321,318.88346722832176
23089,4,infantry_line,261,248.9560720137565
23090,4,general,324,338.14171013159273
23091,2,general,496,580.7853565898658
23092,0,general,779,745.1454661026933
23093,0,general,543,584.3958928735258
23095,1,infantry_light,486,523.8257686090171
23096,2,infantry_skirmishers,453,458.32892266781914
23097,4,general,1056,955.087920601371
23098,1,general,643,614.1224703644032
23100,1,infantry_light,962,981.1391780442299
23101,3,infantry_light,624,656.8943400540521
23102,4,infantry_skirmishers,419,492.1576593425115
23103,0,cavalry_heavy,1412,1419.873588964705
23104,4,cavalry_light,1109,1120.250975607102
23105,0,general,964,967.0391996941285
23106,1,general,1190,1181.7898903237276
23107,1,cavalry_light,1109,1143.4263425054035
23108,1,cavalry_light,1189,1217.6980462517508
23111,2,artillery_horse,627,669.1997005050133
23113,3,general,532,563.0422181721608
23114,1,cavalry_light,482,514.4868822642762
23115,2,cavalry_standard,545,597.4666223055169
23116,4,general,355,367.7427844627242
23118,4,artillery_foot,366,368.09052931105083
23119,2,general,478,487.56943654487947
23120,1,general,1161,1229.574084253454
23121,0,general,294,295.16929497412866
23122,3,general,167,167.34371747130345
23123,4,infantry_line,302,305.92231746972965
23124,1,artillery_foot,155,195.48995285745931
23125,4,general,600,689.2666711705176
23126,1,general,328,326.21937172284686
23128,3,general,398,269.06996197516435
23129,1,general,759,863.1400637916338
23130,1,general,684,642.979367487699
23131,3,general,489,463.368346924546
23132,2,general,361,377.6169211182415
23133,0,general,369,372.7829020758714
23134,1,general,251,239.39121226920173
23136,3,general,69,104.99412652658538
23137,1,general,300,268.69212151623844
23138,4,general,407,387.7564213329252
23139,0,general,741,977.613536766582
23140,4,general,363,478.92125475790937
23141,4,general,818,798.301256014747
23142,2,general,504,534.0175649656826
23143,1,general,378,370.1074978820279
23144,3,general,1539,1406.2949132035596
23146,3,general,395,343.23357068299146
23147,4,general,521,507.19014447975616
23148,3,infantry_grenadiers,455,683.7544745630728
23149,1,infantry_grenadiers,425,624.0449404834361
23151,2,infantry_light,414,470.57457330792005
23152,4,infantry_light,359,383.102526321123
23153,4,infantry_light,786,727.0680852887903
23154,4,infantry_light,431,436.77061032039956
23155,3,infantry_light,532,529.323566680535
23156,2,infantry_light,549,545.9649139593901
23157,2,infantry_light,1226,1216.5885872567894
23158,0,infantry_line,285,303.98598724834403
23159,2,infantry_line,725,706.2438693131669
23160,4,infantry_line,376,392.1780427108105
23162,2,infantry_line,407,388.26789009440284
23163,1,infantry_line,586,531.7197572813898
23164,3,infantry_line,483,498.9784639987779
23165,3,infantry_line,505,467.4529691962859
23166,4,infantry_line,632,631.1358505141937
23167,2,infantry_line,477,487.6200001699626
23168,2,infantry_militia,482,378.88812688274623
23169,1,infantry_skirmishers,749,1034.5589051507432
23170,3,infantry_skirmishers,788,1042.4171181533331
23173,2,general,152,127.78189613011153
23175,0,general,207,128.41298490441315
23176,3,general,695,567.3644435914948
23179,2,general,220,158.09260651167097
23181,2,general,342,340.74546854967525
23182,1,general,1178,1367.548947035881
23184,4,general,593,586.3268953651574
23187,3,infantry_light,442,452.11067780963054
23188,2,infantry_light,365,378.4539185251272
23189,2,infantry_light,244,243.653445187961
23191,3,infantry_line,267,199.242233964325
23195,2,infantry_line,666,672.2905138990565
23196,4,infantry_line,644,655.7152146217146
23198,4,infantry_militia,216,201.6420128335628
23199,4,infantry_militia,193,180.98265141522137
23201,2,cavalry_heavy,989,975.5640546250863
23202,0,cavalry_heavy,934,846.9452832526283
23203,1,cavalry_light,713,718.979752702699
23204,4,cavalry_standard,659,651.4885277738681
23205,1,cavalry_standard,946,983.5937691601921
23206,2,general,849,829.5951387399864
23210,1,general,618,629.5923754091261
23212,2,general,304,277.022963421239
23213,1,general,229,214.61357000934987
23215,3,general,248,212.60645537293067
23216,2,general,1104,1034.134625058231
23217,0,general,763,751.3741703447597
23218,3,infantry_light,413,407.07236821574315
23219,1,infantry_line,287,282.70823568112746
23220,1,infantry_line,692,681.4490333105391
23221,1,infantry_line,350,330.37476275962473
23222,0,infantry_line,559,539.7347982045552
23223,1,infantry_line,1007,969.0727544269184
23224,4,infantry_militia,192,157.38668645071934
23227,1,general,267,220.53990441564537
23228,3,general,728,673.144473830572
23230,2,general,364,335.9591359770784
23231,2,general,485,445.44162993102594
23232,4,general,165,122.03706021174386
23233,1,general,329,346.2093849276364
23235,4,general,642,547.590413215447
23238,0,general,299,267.3890180143344
23239,4,general,254,234.60512006214998
23242,1,general,632,660.8608391115232
23244,1,infantry_grenadiers,1026,1026.0922515284321
23245,0,infantry_grenadiers,364,395.9799840353295
23247,0,infantry_light,313,299.7412944160682
23249,4,infantry_light,936,994.855279327096
23250,1,infantry_light,589,639.3166853468091
23251,0,infantry_line,430,369.66601995932183
23252,2,infantry_line,306,318.2313957810706
23253,1,infantry_line,377,368.6328700666378
23254,4,infantry_line,323,289.04392370231386
23255,3,infantry_line,536,491.0999243721908
23256,0,infantry_line,485,443.00583658285154
23257,3,infantry_line,406,376.0863935594169
23258,2,infantry_line,773,746.3667787852567
23260,2,infantry_line,737,768.7748619797554
23261,1,infantry_militia,254,208.7884205735212
23263,1,infantry_skirmishers,238,210.31612257539615
23264,3,cavalry_lancers,684,504.6811956453097
23267,4,general,879,800.0912370495051
23268,1,general,613,480.4956517011545
23269,4,general,284,250.8427821050921
23270,2,general,792,698.9720676284431
23271,2,general,412,352.7269431414391
23272,3,general,163,199.36694296563107
23273,1,general,135,168.9358398627743
23275,4,general,243,220.79914295402972
23276,1,general,108,169.59798667854704
23277,3,general,513,538.2280722782298
23278,2,general,1481,1434.183285522093
23280,1,general,1756,1772.412192230792
23281,4,general,1414,1456.045790975677
23282,0,general,1350,1436.1928488628268
23284,3,infantry_light,319,291.196049783249
23285,0,infantry_line,184,256.3531077431663
23286,2,infantry_line,316,280.8236019009214
23287,3,infantry_line,192,288.7550191926941
23288,3,infantry_line,392,362.7310502212047
23289,2,infantry_line,153,137.29232468771448
23290,4,infantry_line,517,482.9251596421627
23291,4,infantry_line,312,332.0879773260993
23292,4,infantry_line,1496,1627.355800660008
23294,3,infantry_line,1453,1517.0168345727723
23295,0,infantry_militia,110,120.68086279397772
23297,2,infantry_skirmishers,516,405.1599073918292
23298,1,cavalry_light,306,303.0663312202294
23299,1,cavalry_light,410,431.90342537586815
23300,3,general,317,337.68642262576657
23301,2,cavalry_heavy,960,1062.5890140108352
23302,4,cavalry_light,693,638.2145588276022
23303,1,cavalry_light,1028,1061.4845698742108
23304,0,cavalry_light,892,874.9931461476332
23305,0,general,797,859.4790454001638
23306,0,general,190,131.96290310470175
23308,4,general,110,84.08031974766178
23309,4,general,851,885.3881269281391
23311,2,general,791,749.1121417647955
23313,2,general,300,347.4044228757749
23314,2,general,964,990.2603574344022
23315,4,general,652,641.7198608593949
23316,3,general,531,542.516270135921
23317,4,general,514,534.7712886454848
23318,1,general,483,422.7168201247433
23319,2,infantry_irregulars,787,841.1085292273383
23320,3,infantry_light,965,843.9422403694196
23321,2,infantry_light,636,517.7190803701844
23323,0,infantry_line,245,188.1749729158298
23325,0,infantry_line,451,394.22525443221025
23327,0,infantry_militia,158,166.8613985414329
23328,1,infantry_militia,201,206.35717697778747
23329,1,infantry_militia,353,419.8128253346231
23330,4,infantry_skirmishers,801,663.1980082974839
23331,4,cavalry_heavy,852,900.6478015841873
23333,2,cavalry_light,448,475.4776585685783
23334,4,cavalry_light,1263,1209.8954637466454
23336,2,cavalry_light,825,783.1335693722053
23337,0,cavalry_light,478,526.6613737795054
23338,2,cavalry_standard,1377,1326.7463802417506
23339,0,cavalry_standard,638,666.057712859316
23340,3,general,680,572.2859146994292
23341,2,general,498,500.91993541495503
23342,0,general,864,872.115523416556
23343,0,general,362,404.20088155451833
23344,0,general,692,724.8060287010089
23345,2,general,1296,1250.3088224580858
23346,4,general,1197,1254.5690352332517
23347,1,general,1162,1216.9962170828917
23348,2,general,465,370.1860811516921
23349,3,general,1325,1311.087986617062
23350,2,infantry_grenadiers,583,494.7907837713839
23351,2,infantry_light,788,632.2122454025988
23352,0,general,608,515.2799554080606
23353,1,general,495,477.7993668666092
23354,2,infantry_light,700,560.010493001146
23356,2,cavalry_light,833,794.1679516178734
23357,1,general,871,889.7349476490106
23360,2,general,57,23.703372504002573
23361,2,general,452,397.107487466689
23362,4,general,194,201.34387355681957
23363,1,general,370,347.70631672380017
23364,4,general,321,284.45551198341735
23365,0,general,997,1062.377112100948
23367,0,general,231,189.95518827186
23368,0,general,114,96.43404872102684
23369,3,general,95,63.87396518288341
23370,2,general,306,310.2421625546724
23371,0,general,1768,1899.3773188040948
23372,4,general,112,98.22024900513061
23373,3,general,995,1000.7643483970957
23375,1,general,728,695.1614098648905
23376,0,general,795,823.6840683622984
23377,2,general,433,434.318299375936
23378,2,general,278,264.06423397886226
23379,3,infantry_irregulars,1579,1446.726762802353
23380,1,infantry_light,487,486.90153821814323
23381,4,infantry_light,953,895.2652303765101
23382,1,infantry_light,493,464.66005482884526
23383,1,infantry_line,187,185.52822487563276
23384,3,infantry_line,209,208.58243121442663
23385,2,infantry_line,298,307.95685714684066
23386,0,infantry_line,269,274.6994411273044
23388,3,infantry_line,150,136.33124978706076
23389,0,infantry_line,715,745.6902018303604
23390,1,infantry_line,538,549.2109715119774
23391,3,infantry_line,881,917.4962835716492
23392,3,infantry_line,387,380.6008202468316
23393,0,infantry_line,789,782.3638265359587
23394,4,infantry_militia,152,124.625462433124
23395,3,infantry_militia,211,202.00093452951324
23396,4,infantry_militia,267,247.12945381475262
23398,0,cavalry_light,900,824.4958355054363
23399,0,cavalry_light,525,592.257556689111
23400,4,cavalry_light,993,1173.6007851184554
23401,0,cavalry_light,1138,1081.64052710679
23402,4,general,129,137.74405280944904
23403,1,general,840,1058.315549585395
23404,0,general,982,1084.9365455618072
23405,4,general,164,122.53357656995364
23406,4,general,435,507.63958261314787
23408,0,general,946,915.4160929756275
23409,4,general,913,900.3405256067047
23410,1,general,645,642.7848981291714
23411,1,general,1236,1160.653274292755
23414,4,infantry_line,212,246.40618698236574
23415,0,infantry_line,943,960.6077974292353
23416,4,infantry_line,831,860.3147468797322
23418,2,general,331,315.41007050334565
23421,2,general,70,77.13307866915679
23422,1,general,217,239.68992791944305
23423,3,general,486,494.0486113797019
23424,3,infantry_light,747,756.2794185622373
23426,0,infantry_line,289,360.63938328650784
23427,0,infantry_line,699,668.5011186722732
23428,1,infantry_line,172,196.29937637329562
23429,3,infantry_line,232,228.90209824456667
23430,2,infantry_line,535,571.1705066985602
23432,3,cavalry_lancers,597,551.7179599443052
23433,2,general,186,178.58945942558074
23434,2,general,226,215.62770086169013
23435,2,general,405,364.27339379555724
23436,4,general,399,380.688635602454
23437,4,general,468,465.09300699497425
23438,4,infantry_light,445,428.5111149309686
23439,4,infantry_line,355,360.12244002477775
23441,0,infantry_line,316,330.2617794994006
23443,3,infantry_skirmishers,233,227.0955306774633
23444,0,infantry_skirmishers,245,295.7235489609897
23445,3,artillery_foot,242,250.43204726024555
23446,4,cavalry_heavy,784,890.0042666748117
23447,0,cavalry_heavy,867,969.6747477296498
23448,0,cavalry_heavy,1874,1881.2266844493017
23449,3,cavalry_heavy,1349,1290.3222002417056
23450,3,cavalry_heavy,1349,1290.3222002417056
23451,4,cavalry_light,267,285.45972131286845
23452,1,cavalry_light,859,848.3238471467673
23453,4,cavalry_light,710,775.3509596312826
23455,3,cavalry_standard,719,747.2968209115494
23456,2,cavalry_standard,588,548.5229584166611
23457,1,cavalry_standard,536,512.342375504098
23458,0,cavalry_standard,685,678.9431854202645
23459,0,general,799,818.7181326951793
23460,1,general,1614,1614.306033943212
23461,2,general,757,834.3644930079358
23462,1,general,507,533.4561822766753
23463,2,general,821,711.7069319084487
23464,4,general,522,524.3398080270605
23465,1,general,415,376.43677219504787
23466,4,general,317,393.6922249350829
23467,3,general,173,203.68269384588416
23468,3,general,361,351.54298901702754
23469,1,general,899,1100.9776056858577
23471,1,general,583,589.1580031848823
23472,3,general,169,191.42639169386717
23474,3,general,683,733.954363293952
23475,0,general,575,621.2449403632257
23476,1,general,1223,1225.8321925735045
23477,4,general,1598,1679.4282047228749
23478,2,general,1003,805.6204979917871
23480,3,infantry_light,569,596.0413778308493
23481,2,infantry_light,1492,1608.5566960576139
23482,4,infantry_light,1288,1279.7140066593972
23483,2,infantry_line,354,327.344557200509
23484,2,infantry_line,491,502.0963286564056
23485,4,infantry_line,433,478.0733836850969
23487,0,infantry_line,854,708.9390430782288
23489,2,cavalry_heavy,1323,1308.0495791278554
23490,4,cavalry_light,395,433.31769978575005
23491,1,general,1169,1148.579968820608
23492,2,general,244,296.4783734703148
23493,0,cavalry_lancers,911,930.7554354366656
23494,3,cavalry_light,877,830.444853039737
23495,0,cavalry_light,816,784.8831599236701
23497,4,general,630,671.0761672839772
23498,2,general,435,329.6992641748332
23499,0,general,117,100.1426110206036
23500,3,general,294,211.19375017535572
23501,3,general,834,836.3394520930137
23502,3,general,315,330.14556115087856
23503,1,general,514,448.7877847583791
23504,0,general,799,812.1974554983743
23505,4,general,1041,1073.2849378573192
23506,3,general,944,892.7842680729034
23507,2,general,494,468.8643348406007
23508,3,infantry_irregulars,396,402.0822531552463
23510,3,infantry_light,852,834.1685487801856
23512,3,infantry_line,356,278.5929982159106
23513,2,infantry_militia,202,209.33125076773916
23514,2,infantry_skirmishers,500,389.16486692055344
23515,2,cavalry_light,721,553.1894305760892
23516,1,general,587,487.1376573116365
23517,1,general,511,686.919584127382
23518,3,general,599,806.3839698955185
23522,1,infantry_irregulars,842,1104.8451003965072
23523,4,artillery_foot,797,719.6670943418101
23524,3,artillery_foot,379,417.6163662456923
23525,3,artillery_foot,379,417.6163662456923
23527,3,artillery_foot,379,417.6163662456923
23530,0,artillery_foot,717,770.7757643428143
23532,3,artillery_foot,756,728.6906679234406
23533,3,artillery_foot,599,611.7599357168892
23539,3,general,228,227.9668754757595
23541,1,general,654,658.0792404059728
23542,3,general,228,227.9668754757595
23543,2,general,601,600.304649328394
23544,0,general,488,481.69401356070455
23545,3,general,228,227.9668754757595
23546,4,general,1,1.0
23547,4,general,816,719.3973146428447
23548,4,general,1,1.0
23549,1,infantry_grenadiers,534,592.7914571832375
23550,4,infantry_grenadiers,437,389.85967463095085
23551,4,infantry_grenadiers,437,389.85967463095085
23552,3,artillery_horse,1433,1430.403122388436
23553,4,cavalry_light,1685,1592.969872284032
23554,1,cavalry_light,962,1020.8522340019533
23555,1,cavalry_light,1308,1308.2226957197763
23556,1,general,1164,1158.4594532734102
23557,2,general,613,602.5739951076115
23560,4,general,597,585.2383814649246
23561,1,general,741,696.4043234853876
23562,4,general,788,764.5282088144315
23563,2,general,1456,1406.8118048841886
23565,3,general,1050,1117.2727334143754
23566,2,general,610,642.9245083438199
23567,3,general,1628,1595.7247575392412
23569,1,infantry_irregulars,797,801.3281040194629
23570,1,infantry_irregulars,357,296.39662589020537
23571,1,infantry_light,554,586.0263009650885
23572,1,infantry_light,492,511.11774465166013
23573,0,infantry_light,827,800.7767070733302
23574,3,infantry_light,481,560.0225610685584
23575,2,infantry_light,761,749.120979588955
23577,0,infantry_skirmishers,262,288.82358685776313
23580,0,artillery_horse,704,704.08081478642
23581,0,cavalry_lancers,775,815.7641911836668
23583,1,general,676,685.4500909418604
23584,2,general,189,136.51937660739603
23585,2,general,867,820.3219289406695
23586,0,general,974,1039.7760009877277
23587,2,general,529,509.1209818885045
23588,2,general,739,661.2535286630153
23589,0,general,1627,1469.1465809048361
23591,4,infantry_light,599,642.3900455195873
23592,0,infantry_light,1336,1235.135954439967
23593,4,infantry_line,295,254.13707609211437
23594,3,infantry_line,738,711.8998301711111
23595,2,infantry_line,911,899.8898076303954
23597,1,artillery_horse,726,724.4300940685988
23598,1,cavalry_light,1792,1762.9814474327864
23599,0,cavalry_light,1260,1246.4306364806675
23600,1,general,1325,1327.4593222835204
23601,2,general,1610,1593.759047265878
23602,1,general,1835,1862.1628059623065
23603,2,artillery_foot,824,738.2721280679754
23604,4,cavalry_standard,1779,1721.2271442986782
23605,4,general,1717,1669.8924434700295
23606,0,general,283,269.6350484628283
23607,1,general,364,388.26948783843994
23608,4,general,1948,1906.175073207176
23610,2,general,1623,1549.969063766437
23611,1,general,613,645.7183202369885
23612,2,general,1028,960.4690802685163
23614,2,general,1072,1018.2365927554686
23615,4,infantry_light,402,396.0615574675706
23616,1,infantry_light,738,791.470217793743
23617,1,infantry_line,365,432.80271994090515
23618,4,infantry_line,1095,1072.7101823376695
23620,1,infantry_line,1422,1428.7865077958274
23621,1,infantry_skirmishers,182,195.03435597374911
23622,3,general,545,501.63063383830576
23623,4,general,254,304.09993270245593
23624,0,general,610,564.4735688601654
23625,4,general,505,554.3361550077515
23626,3,general,468,463.47218108271323
23627,3,general,1003,1130.3259508225656
23629,0,general,1423,1322.1416416561794
23632,2,general,921,1033.0711451128132
23634,3,infantry_line,447,513.6326139210997
23636,2,infantry_line,624,623.5981202354808
23638,1,infantry_line,1307,1308.9832777004517
23639,1,infantry_line,1133,1077.0303970791194
23640,3,infantry_line,1015,1188.9559036925816
23641,4,infantry_line,1321,1332.3435618192716
23642,4,infantry_skirmishers,189,190.56775551867037
23643,4,infantry_skirmishers,189,190.56775551867037
23644,4,infantry_skirmishers,189,190.56775551867037
23645,1,general,889,792.1829044130325
23646,0,general,1321,1400.4551693286512
23647,0,general,1038,1098.1353131820813
23648,3,infantry_line,711,749.1098537821484
23649,4,infantry_line,1131,1271.6333010922276
23650,0,cavalry_light,2219,2254.9421050099945
23651,4,cavalry_standard,1029,1009.9690345971431
23652,2,general,227,239.68620155603352
23653,4,general,548,517.2308672208009
23654,0,general,998,901.4301607246184
23655,1,general,1008,996.9691366406063
23657,2,general,339,418.66564895513994
23658,2,infantry_light,789,753.5974298212484
23659,0,infantry_line,313,347.18471068525866
23661,2,general,842,808.7995322879392
23662,2,general,546,483.1942947811475
23664,0,general,753,741.0901208802244
23667,2,infantry_light,578,646.1368788015375
23668,0,infantry_light,661,607.6999988374292
23670,2,infantry_skirmishers,300,297.00571699931675
23671,1,infantry_skirmishers,182,195.03435597374911
23672,3,general,322,337.8237455059787
23677,4,infantry_line,695,675.0405551170196
23678,1,artillery_foot,400,433.99600584305125
23679,2,general,75,56.656509652743566
23680,0,general,27,56.48283764505712
23681,4,general,88,77.48440934704989
23682,1,general,114,92.94771026926357
23683,1,infantry_line,194,184.74353988669867
23685,4,infantry_militia,130,124.92260944163067
23687,3,artillery_foot,455,403.03735036443726
23688,2,general,434,378.8370282642983
23689,0,cavalry_light,762,811.4945052086408
23691,0,general,1106,998.3915941680063
23692,4,general,657,710.2894367666062
23694,4,general,914,900.5273436792851
23695,0,general,1540,1420.0594804932007
23697,4,general,1473,1484.616168363322
23698,2,general,1615,1504.4366361260086
23699,0,infantry_grenadiers,1215,1130.4218110406593
23702,2,infantry_grenadiers,1398,1289.6863418245316
23703,2,cavalry_heavy,1614,1542.5311765762858
23704,4,general,1514,1531.344552253295
23705,4,general,268,344.4128718220854
23706,0,general,448,458.66706034424976
23707,4,general,147,187.33469883920117
23709,2,infantry_line,349,405.1131079008785
23710,0,infantry_line,234,298.6456564755718
23711,3,infantry_line,1120,1102.1478384832192
23712,4,infantry_skirmishers,189,190.56775551867037
23713,4,general,147,187.33469883920117
23714,4,general,147,187.33469883920117
23716,0,general,1089,1094.530802986354
23717,0,infantry_line,234,298.6456564755718
23719,3,infantry_line,749,737.4131102918033
23720,0,cavalry_lancers,646,688.8049693479492
23721,0,cavalry_light,801,858.5423822247105
23722,3,cavalry_light,1658,1638.809415378715
23723,1,general,658,683.8926289939311
23724,2,general,1421,1420.0825900809418
23727,0,artillery_foot,1645,1742.7252613414169
23728,2,artillery_foot,801,766.327867840113
23729,2,artillery_foot,801,766.327867840113
23730,2,artillery_foot,824,738.2721280679754
23731,2,artillery_foot,824,738.2721280679754
23732,2,artillery_foot,824,738.2721280679754
23733,3,artillery_horse,1445,1441.253847296913
23734,0,general,469,468.94521640029325
23735,3,general,266,265.9613547217194
23736,1,general,958,956.770340764637
23737,1,general,923,961.5021000372142
23738,0,general,469,468.94521640029325
23739,3,general,1536,1525.360942792484
23740,4,general,448,475.10868387878287
23741,2,infantry_grenadiers,523,533.2763784990165
23742,2,infantry_grenadiers,523,533.2763784990165
23743,2,infantry_grenadiers,523,533.2763784990165
23744,2,cavalry_heavy,1462,1481.2154422024464
23745,2,general,326,313.8803561327797
23747,2,general,816,823.3783881557971
23748,3,infantry_grenadiers,564,580.7251000063642
23749,1,infantry_line,377,371.7271519685778
23750,3,infantry_line,682,703.4732429126698
23752,0,artillery_foot,715,762.5324516109605
23753,3,artillery_horse,418,407.4346051686232
23754,3,general,188,200.64710887475968
23755,4,general,791,779.848514399464
23756,3,infantry_line,278,296.0546103076944
23757,3,infantry_line,842,848.2182303507569
23759,3,cavalry_heavy,1023,1007.5956877397776
23760,1,cavalry_lancers,585,550.5063516339649
23761,3,general,1078,1055.1075347763137
23762,0,general,841,853.1782026304663
23763,0,infantry_grenadiers,786,788.774343493536
23764,1,cavalry_lancers,577,530.932979271248
23765,2,general,607,546.0228121228481
23766,4,infantry_grenadiers,429,333.08448974640874
23767,0,artillery_fixed,1392,2374.672973822312
23768,1,cavalry_light,413,447.40948937308553
23769,0,cavalry_light,489,505.6325483981007
23770,2,general,438,449.4380327020599
23773,2,infantry_skirmishers,199,233.50235972066105
23774,4,artillery_foot,486,469.74984632739194
23776,3,general,556,512.8547538342332
23777,4,infantry_irregulars,585,379.45697113133355
23779,3,infantry_militia,211,210.46909835750964
23780,4,artillery_foot,330,328.0208780497358
23781,0,cavalry_heavy,938,893.771952202902
23782,4,cavalry_light,350,364.1824634932522
23783,2,general,181,190.37855200523072
23784,0,general,802,768.6894899707723
23787,1,infantry_line,253,241.90955055534795
23788,2,artillery_horse,401,388.7740696124101
23789,4,cavalry_lancers,318,429.1021926130986
23790,3,cavalry_light,836,824.2382764764884
23791,3,general,190,310.94691996865765
23792,4,general,176,95.94162079744196
23793,1,general,102,127.5783264878875
23794,0,general,85,38.419312773425354
23795,1,general,248,219.89199367002857
23796,4,general,40,29.13276188725456
23797,1,infantry_light,362,327.43582799096805
23799,0,infantry_line,180,220.44433125966924
23800,1,infantry_militia,102,92.56874037656307
23801,3,infantry_militia,139,116.80713526234176
23802,0,cavalry_lancers,183,236.70905233801466
23804,3,general,185,197.099682665795
23805,2,infantry_line,287,289.95645357577905
23806,0,cavalry_lancers,295,312.25949755741624
23807,3,general,187,175.8783522076343
23809,4,infantry_militia,276,243.1604210694131
23810,1,infantry_militia,146,144.4931543312781
23811,1,infantry_militia,116,133.5046442233814
23812,0,cavalry_lancers,316,424.3649875447088
23814,1,general,152,151.54132866467407
23815,3,infantry_irregulars,465,537.3597999870562
23817,4,infantry_skirmishers,579,366.0962549369132
23818,1,artillery_foot,1028,990.2086184547944
23819,1,cavalry_lancers,540,517.8312108991399
23820,2,cavalry_light,668,661.7017899166409
23821,4,general,384,303.97403426628046
23822,1,general,548,572.9172474288608
23823,0,infantry_skirmishers,529,446.66108816521756
23824,0,infantry_irregulars,455,528.3450782795865
23828,0,artillery_foot,824,860.3843605702756
23829,2,cavalry_lancers,305,420.90056975987005
23830,4,cavalry_missile,512,483.95431883458417
23832,2,infantry_line,124,175.86209746985088
23833,2,infantry_line,241,274.2506338069326
23834,2,infantry_militia,182,210.97474213451306
23835,2,infantry_skirmishers,224,246.18580488127225
23836,4,cavalry_heavy,1785,1908.0450874941396
23838,3,cavalry_lancers,592,575.644255295888
23839,3,general,680,656.1133854263911
23840,4,general,753,869.942583293853
23841,1,cavalry_missile,611,711.2188789256061
23842,4,infantry_skirmishers,484,347.4875516419891
23843,0,cavalry_light,694,577.7050182124591
23846,1,artillery_foot,1573,1472.6689742414503
23847,1,artillery_foot,368,335.1358769519191
23848,0,general,67,67.2643418821531
23849,4,general,312,312.5163285933565
23852,0,cavalry_light,659,622.3447457415091
23853,4,cavalry_missile,538,564.5238267340253
23854,0,general,502,458.4273829539231
23855,0,general,565,529.5417949892765
23856,0,infantry_light,622,610.7819138223228
23857,1,cavalry_lancers,1407,1367.2693675865203
23858,4,general,1249,1208.0892918644934
23859,4,infantry_skirmishers,361,337.17346385646357
23860,0,general,678,723.8537308588003
23861,1,general,1525,1509.804601412032
23862,2,general,506,527.673818823079
23863,1,general,1251,1207.9086124885978
23865,2,infantry_line,614,673.3646617609037
23866,2,cavalry_heavy,1047,994.8479378715424
23868,3,general,197,280.9424300503971
23869,2,general,374,342.4736193355561
23872,3,general,475,519.8484339993107
23873,1,infantry_irregulars,489,367.97926972416633
23874,3,infantry_light,483,504.8508987500983
23875,1,infantry_line,210,308.99865988298245
23876,4,infantry_line,423,436.77890029359224
23877,3,cavalry_heavy,3060,3213.1188937618267
23878,2,general,154,188.3779817591288
23879,1,general,2686,2713.8218962412343
23881,0,cavalry_lancers,675,640.2368710554977
23882,3,general,529,520.1606211395763
23883,2,general,194,124.21535526258768
23884,4,infantry_militia,149,231.9403991962562
23885,0,infantry_militia,109,172.80242849237487
23886,4,cavalry_lancers,530,575.1134403670993
23887,2,cavalry_light,720,719.1143966312259
23888,4,general,814,728.6362746057134
23889,0,general,570,562.9920367799331
23890,4,general,1086,954.274524146824
23891,1,infantry_line,741,635.2457262891872
23892,3,general,285,335.0958942349939
23895,3,general,1381,1587.1259552022875
23897,4,infantry_line,1794,1648.433061892353
23898,3,artillery_foot,60,91.13203932348821
23899,4,artillery_foot,618,522.407530412664
23901,4,artillery_horse,391,424.1125737399186
23902,3,artillery_horse,86,128.25698188871033
23903,0,general,87,86.48272527705403
23904,0,general,87,86.48272527705403
23905,3,general,195,196.16037887076038
23906,4,general,401,401.80670819145854
23907,3,general,29,87.49833332043343
23908,1,infantry_skirmishers,362,396.41913616384346
23909,2,cavalry_light,724,759.5943169344098
23910,1,cavalry_light,468,470.76055005690733
23911,0,cavalry_light,692,838.9062890926089
23912,4,general,192,202.35982908510698
23913,1,general,665,676.4363049653073
23915,1,general,327,313.8587255289758
23916,2,general,640,623.0499660142154
23918,2,general,321,315.9624819914084
23919,4,general,435,427.4677113571317
23920,2,infantry_light,177,178.08761960571692
23921,2,infantry_light,378,383.8351976907459
23923,0,infantry_light,412,424.535520914597
23924,0,infantry_line,709,718.3513250822076
23925,2,infantry_line,464,442.0228604057849
23928,1,infantry_skirmishers,162,163.05717890026614
23929,0,cavalry_light,756,745.669211031267
23930,3,cavalry_standard,805,804.0011945882211
23931,4,general,650,629.0165237877634
23932,4,general,635,629.1385828988967
23933,0,general,75,63.66793762557202
23935,2,general,153,128.5187724077564
23936,1,general,420,388.96516754474806
23937,4,general,345,352.2326439414495
23938,0,general,579,589.1449895533902
23940,1,infantry_light,195,198.9156963260466
23941,0,infantry_light,357,363.0740729063455
23942,2,infantry_line,226,200.1507365914926
23943,4,infantry_line,145,166.01776149429114
23944,2,infantry_line,178,170.47411701791225
23945,4,infantry_line,544,498.8908877732671
23946,1,infantry_line,633,654.809790837092
23947,1,infantry_line,485,498.8276174558757
23949,3,infantry_skirmishers,143,138.68433358599958
23950,2,cavalry_light,890,1023.6291561932331
23951,2,cavalry_light,632,654.4147869469177
23952,0,cavalry_light,425,411.67681520282144
23953,0,general,821,939.6961523228055
23954,1,general,525,535.0644816140755
23956,3,general,124,131.08951641281297
23957,3,general,91,84.56617396017563
23958,4,general,93,99.15072711242227
23959,1,general,124,137.32186750602966
23960,0,general,474,463.83594697084476
23961,0,general,391,379.4899122269759
23962,0,infantry_line,168,161.78739133698514
23963,0,infantry_line,222,244.09095989500622
23966,2,infantry_line,417,430.12885035897233
23968,3,general,90,82.39178394668156
23969,4,general,130,129.8957486496308
23971,1,infantry_line,190,190.9917155192049
23972,4,cavalry_light,848,841.1595843931673
23973,0,cavalry_light,502,494.429048573463
23974,1,general,780,743.1884291985143
23975,4,general,331,321.99380925636075
23976,3,general,364,356.27842029817293
23977,1,general,433,419.26963474070817
23978,1,infantry_light,223,239.2038668784573
23979,3,infantry_light,537,561.1132390321834
23980,4,artillery_horse,1083,1072.523372759892
23982,2,cavalry_light,838,819.886922144475
23983,1,cavalry_light,772,752.0726298872586
23984,4,cavalry_light,622,571.035249863272
23985,0,cavalry_standard,579,594.3148921860654
23986,1,cavalry_standard,708,700.6560043324974
23987,3,general,599,569.1335416972183
23988,4,general,721,696.8460041295176
23990,2,general,1073,1076.2728891338083
23991,3,general,111,125.34320055080255
23992,0,general,540,548.0520823114961
23994,4,general,1686,1735.5930756605749
23995,1,general,676,651.0206573909638
23996,4,general,519,474.1569192314352
23998,2,infantry_light,182,184.11359142187422
23999,3,infantry_line,232,207.62542636270223
24000,1,general,318,327.16224199206107
24001,1,general,306,290.0719148004273
24002,2,general,407,401.1655619372139
24003,3,general,19,4.046782244497905
24004,3,general,305,278.88367010585296
24006,2,general,859,706.7270809218622
24007,2,infantry_light,409,419.7092518645066
24009,4,infantry_light,685,640.2289651934383
24010,2,infantry_line,378,385.9507710060577
24011,0,infantry_line,273,269.5856565073821
24012,0,infantry_line,413,392.35684315557216
24013,4,infantry_militia,113,102.31051935432167
24014,2,infantry_skirmishers,276,260.3299857815904
24015,3,infantry_skirmishers,143,138.68433358599958
24016,3,artillery_horse,892,872.7250177869095
24017,3,cavalry_light,821,777.6006267845938
24018,4,cavalry_light,400,384.8493976737911
24020,3,general,103,105.29089197149003
24021,0,general,698,649.9648601111392
24022,3,general,495,444.77502165934607
24023,3,general,214,202.1689047263947
24024,3,general,887,846.9185355677894
24025,2,general,416,426.23746868221593
24026,1,general,462,450.26797364988965
24027,2,infantry_line,318,314.47618803723935
24029,1,infantry_line,398,384.3724127791906
24030,4,infantry_line,521,513.9325884187823
24032,0,artillery_foot,607,599.5404328224638
24033,0,general,178,184.22258319663695
24034,0,general,182,176.9445180475212
24035,4,general,517,508.87643625941286
24036,3,general,161,128.32747422602407
24037,3,general,452,445.4256311498899
24038,2,infantry_line,239,246.50251054836605
24039,3,infantry_line,264,236.4750154196982
24040,0,infantry_line,279,286.54478271666727
24041,1,infantry_line,425,418.84323179047664
24042,4,general,88,82.73002815229138
24043,2,general,120,125.71764893423236
24044,4,general,31,43.73466977549579
24045,4,general,39,58.182244395503844
24046,4,infantry_line,219,233.09899549498917
24047,4,infantry_line,120,145.76749181389258
24048,3,infantry_line,157,147.30348485195475
24049,4,infantry_line,128,160.86876736902744
24053,2,cavalry_light,741,650.3476342454092
24054,2,general,415,415.11052123492664
24055,1,general,16,1.0
24056,3,general,87,72.53296426282824
24057,3,general,211,215.76224108957516
24058,2,general,636,798.5944137077707
24059,4,general,588,496.80786940070556
24060,4,general,583,577.5790916660598
24061,1,general,330,325.63231003349335
24062,1,infantry_light,309,323.7720917659351
24063,0,infantry_light,354,393.6127944821819
24064,2,infantry_light,446,477.8626484854419
24065,1,infantry_light,504,504.05282921220055
24066,4,infantry_line,193,180.66632589658676
24067,1,infantry_line,345,315.8018844314455
24068,4,infantry_militia,111,98.20618447807067
24069,1,infantry_skirmishers,162,163.05717890026614
24071,3,cavalry_light,842,1007.9289244513557
24072,1,general,200,194.4999253969851
24074,1,general,695,696.4907344970557
24075,0,general,763,917.2077883909866
24076,4,general,244,227.65139697605895
24077,4,general,505,522.5361439013238
24078,1,general,178,157.37754419967303
24079,0,general,376,353.74336104076747
24082,4,infantry_light,493,483.97547169063336
24083,0,infantry_line,188,164.06234774722103
24085,3,infantry_line,253,222.44904717337172
24086,2,infantry_line,322,291.66407937210505
24087,3,infantry_line,485,489.76891554884713
24090,1,general,129,126.14327980748004
24091,1,general,481,465.1110320791818
24092,1,general,735,724.5217016026496
24093,4,general,85,76.6285688237965
24094,1,infantry_line,188,181.56004090453504
24095,2,infantry_line,228,233.31077796924072
24096,3,general,104,102.83263697430593
24097,1,general,485,476.4959883706954
24098,0,infantry_line,203,213.33680509080594
24099,2,infantry_line,457,445.9678973760388
24100,4,cavalry_heavy,1891,1854.2812764632458
24101,4,cavalry_heavy,1930,1882.661857769489
24102,3,cavalry_heavy,1259,1292.3840518443308
24105,2,general,1056,1091.7653952371274
24106,4,general,702,666.9338963620656
24107,3,general,1693,1692.1509440740265
24108,0,general,1924,1933.4917228878323
24109,0,general,731,734.130652302002
24110,2,general,802,793.7341981174195
24111,1,general,879,897.6675388511215
24112,0,infantry_grenadiers,629,628.1220413345566
24114,4,infantry_grenadiers,924,909.5560806029159
24115,2,infantry_grenadiers,720,745.4702384020811
24116,2,cavalry_heavy,1546,1556.042121180112
24117,1,cavalry_heavy,1734,1745.5602268294033
24118,4,cavalry_heavy,1430,1388.3256550772844
24119,3,cavalry_heavy,1303,1328.0367918886436
24120,4,cavalry_lancers,560,560.1637980772874
24121,1,cavalry_light,709,858.8717463964961
24123,2,general,312,293.0151413214683
24124,3,general,1148,1167.2208420979466
24125,1,general,1824,1833.702456955683
24126,0,general,463,435.1392706919775
24127,4,general,522,502.28719894988
24128,2,general,766,961.3712816779968
24129,0,general,1209,1193.3639691486396
24130,4,general,619,604.1252432717531
24131,1,general,349,403.8513070522785
24132,3,general,641,784.7088717200612
24133,4,general,953,936.8983953615015
24134,2,general,929,920.8688108855433
24135,0,infantry_grenadiers,649,659.4730709126587
24136,0,infantry_grenadiers,499,482.61554534652214
24137,4,infantry_grenadiers,991,974.582142665959
24138,2,infantry_grenadiers,759,770.3167690449362
24139,2,infantry_light,281,332.53813613441423
24140,3,infantry_light,419,433.44992336987366
24141,4,cavalry_light,717,739.3912048223314
24142,3,cavalry_light,314,290.49891574611996
24143,4,cavalry_standard,617,628.3449050996222
24144,0,general,120,49.97182320150096
24145,4,general,516,523.3001948673669
24146,3,general,590,612.8555188714963
24147,0,general,723,688.9287150804724
24148,0,general,229,219.16880096835646
24150,4,general,838,833.7427959590445
24152,0,general,329,325.96495132526104
24153,0,infantry_grenadiers,649,659.4730709126587
24154,4,infantry_grenadiers,991,974.582142665959
24155,2,infantry_grenadiers,759,770.3167690449362
24156,0,infantry_irregulars,171,120.71228041420446
24157,2,infantry_line,584,594.008865700362
24160,4,general,814,847.9325155676161
24161,2,general,648,629.7690907849446
24162,0,general,865,872.9801068205467
24164,1,infantry_grenadiers,772,736.7150907349101
24165,2,infantry_grenadiers,989,1002.5429688073383
24166,3,general,493,500.1703536758666
24168,2,infantry_line,564,582.1078441949882
24169,1,infantry_line,355,342.28621303702255
24171,0,general,132,116.5602173185007
24172,2,infantry_light,268,267.7407253487193
24173,4,infantry_line,196,180.72127141466896
24174,1,infantry_skirmishers,349,291.82871245222987
24176,0,infantry_line,134,117.88122146042228
24177,1,infantry_line,185,185.73825143382112
24178,2,general,134,143.8236022618328
24180,0,infantry_line,232,257.2383831787133
24181,4,cavalry_light,480,525.6199578361504
24182,1,general,365,437.47465002684334
24183,2,artillery_foot,1234,1327.7050527177396
24184,2,artillery_foot,1234,1327.7050527177396
24186,1,artillery_foot,618,561.5532262682602
24187,1,artillery_foot,618,561.5532262682602
24189,2,artillery_foot,496,540.8870561492123
24190,2,artillery_foot,496,540.8870561492123
24191,1,artillery_horse,1086,1078.713767082579
24192,1,artillery_horse,1086,1078.713767082579
24193,3,general,527,486.27214981478846
24194,4,general,1132,1142.0148855116722
24195,1,general,351,351.62020047657404
24197,2,general,563,614.8247791875505
24199,1,general,199,199.60691054900275
24200,2,infantry_grenadiers,389,439.0443099880925
24201,2,infantry_grenadiers,389,439.0443099880925
24205,4,cavalry_light,1913,1856.1231096976726
24206,0,cavalry_light,1663,1652.3757014791493
24210,0,general,1664,1695.3943584849858
24211,4,general,702,691.765688315961
24213,1,general,1160,1139.5311121399093
24214,1,general,950,931.1011906903561
24215,2,infantry_grenadiers,744,692.6941270847102
24216,3,infantry_grenadiers,989,969.100482586585
24219,2,infantry_grenadiers,774,779.1729827381545
24220,0,infantry_line,240,246.45653651492097
24221,2,infantry_line,511,539.4923401388921
24222,0,infantry_militia,270,294.82233703177667
24224,4,infantry_militia,305,294.1307841916697
24225,2,infantry_skirmishers,238,251.4797675489857
24227,4,cavalry_lancers,407,411.3802608159428
24228,1,cavalry_light,460,516.7431224555489
24229,2,general,208,166.7965150319232
24230,0,general,432,508.44872286929717
24231,2,general,79,64.46805446286936
24232,0,general,525,558.8060408248368
24233,1,general,484,531.2620741690769
24234,1,infantry_line,157,122.39914590558439
24235,3,infantry_line,639,664.9719063397769
24236,0,infantry_line,465,489.682197417932
24237,4,infantry_line,405,429.783587483107
24238,2,infantry_militia,185,160.13208770484994
24239,2,infantry_militia,333,304.2389562671432
24240,1,infantry_skirmishers,218,198.2252574390393
24241,2,infantry_skirmishers,238,251.4797675489857
24243,1,cavalry_light,1364,1360.1266631489689
24244,2,general,228,239.87724183631641
24246,4,general,231,269.9868275870587
24248,3,infantry_grenadiers,603,582.4228505505364
24249,0,infantry_line,286,293.1053625339125
24251,2,infantry_line,300,332.16095740494785
24252,0,infantry_militia,265,279.03007933021473
24253,1,infantry_skirmishers,220,216.78944410827717
24256,3,general,455,429.5500438313955
24257,3,general,131,103.62985766408194
24258,4,general,211,209.62670989497872
24259,3,infantry_line,372,368.0077163748515
24260,4,infantry_line,217,209.74277649602908
24261,4,infantry_militia,182,157.7916494736775
24262,3,infantry_skirmishers,223,211.78392402891382
24263,1,cavalry_light,909,851.6436253241923
24264,0,cavalry_standard,1378,1404.8722828583695
24265,3,cavalry_standard,1289,1247.521242301991
24266,4,cavalry_standard,701,721.4149464161521
24270,3,general,792,732.7997576921292
24271,2,general,404,359.6768094419892
24272,1,general,596,619.8618275724515
24274,1,general,1297,1248.652374826047
24275,3,general,978,939.2319949241956
24277,2,infantry_militia,322,320.1207155635813
24279,1,infantry_skirmishers,242,233.50532270190843
24280,4,cavalry_lancers,828,777.9707693782138
24281,4,cavalry_light,409,464.803643933724
24283,0,general,876,902.7189174029048
24284,4,general,359,392.7472783275328
24285,4,infantry_line,269,278.8629634733851
24288,1,infantry_militia,251,245.5514347233875
24289,2,cavalry_lancers,703,682.2458134983779
24290,2,cavalry_lancers,393,418.5469605395679
24292,3,general,547,554.1975971970942
24293,3,artillery_horse,918,899.0080631591459
24294,4,cavalry_standard,1510,1386.234970104183
24295,4,cavalry_standard,819,803.1029111324196
24297,4,general,1432,1393.0757503698942
24298,4,infantry_line,228,236.1487756190312
24299,0,infantry_skirmishers,487,470.9212163022565
24301,3,cavalry_lancers,455,448.0851695463065
24302,3,cavalry_lancers,364,394.9001667702626
24304,4,cavalry_lancers,426,423.68826021069304
24307,1,cavalry_light,1087,1070.7444912757326
24308,0,general,412,429.2585127859062
24309,4,general,735,735.4787717173258
24311,3,artillery_horse,918,899.0080631591459
24313,1,cavalry_light,680,644.1721545440707
24314,1,general,701,680.43653712376
24316,2,cavalry_lancers,736,711.6813010515556
24318,2,general,294,270.22206566028336
24319,1,general,126,113.558857266973
24322,3,general,260,274.95831581945515
24323,2,infantry_light,373,346.1774351987708
24324,4,infantry_line,226,214.597265552692
24325,3,infantry_line,359,294.05768737569866
24326,0,infantry_line,261,271.1450035059643
24330,1,cavalry_lancers,430,443.7847672779587
24331,0,general,223,223.21541536076376
24332,0,general,138,144.3590742328731
24334,4,general,372,384.75006344986093
24336,2,infantry_line,203,196.864296862718
24339,1,infantry_militia,193,174.7382593334112
24340,4,infantry_skirmishers,332,307.4780272287877
24341,1,general,736,676.8640182880462
24343,1,infantry_grenadiers,776,718.499287291929
24344,1,infantry_line,427,444.20229691314313
24345,4,cavalry_heavy,1418,1344.9302728262912
24346,2,cavalry_lancers,1122,1076.37949246204
24347,3,cavalry_light,584,586.5691014105548
24348,4,general,1409,1403.7751268674426
24349,3,general,127,157.24928780176455
24350,1,general,154,213.95109240846142
24351,4,general,183,174.82748890662725
24352,2,infantry_line,134,186.8549302368813
24354,3,infantry_line,293,290.7179290256944
24355,1,infantry_line,161,206.0603012536099
24356,0,general,37,38.833259959126295
24357,1,infantry_militia,120,141.9559894710137
24358,2,infantry_militia,141,163.08691318505808
24359,1,infantry_militia,138,154.14275498213968
24360,4,infantry_militia,94,121.79727186206019
24362,3,cavalry_light,746,723.8100950413559
24363,0,general,634,642.2279344218879
24364,3,general,197,187.07447093835515
24365,2,general,303,328.56430411382684
24366,0,general,284,286.3646228589472
24367,3,general,554,472.84266017244113
24368,2,general,872,799.9635047395096
24370,4,infantry_line,216,179.59475252000763
24371,0,infantry_line,396,391.8820023064093
24372,1,infantry_line,984,927.093197547159
24373,0,infantry_line,610,561.4120079593949
24377,1,general,363,353.9303674818593
24378,0,general,747,734.2000396446732
24379,0,general,304,360.17125088629507
24380,0,general,204,221.64658111259422
24381,4,infantry_line,341,326.2721225941856
24383,2,infantry_line,189,183.43275594831832
24386,3,infantry_militia,265,267.6203001367102
24387,0,infantry_skirmishers,258,244.5697424673446
24388,1,general,290,300.41674637862775
24389,2,general,345,344.3335364942522
24390,4,infantry_line,201,191.1634880798713
24393,1,infantry_skirmishers,322,280.99291844260506
24394,1,general,197,190.78994388092906
24395,4,infantry_line,304,296.5158506184461
24397,0,infantry_line,507,505.06382262637504
24400,2,cavalry_heavy,768,842.4498081176101
24401,1,cavalry_heavy,1017,1023.6646089576137
24402,1,cavalry_heavy,749,806.7278917873307
24403,1,general,780,851.4858456679739
24404,3,general,879,878.6363761263696
24405,3,cavalry_light,948,922.267278453632
24406,3,cavalry_light,415,457.172814769613
24408,3,artillery_horse,918,899.0080631591459
24409,1,artillery_foot,671,644.6859690816411
24410,0,artillery_foot,1020,914.8648162957883
24411,2,artillery_foot,452,515.2868139341828
24412,3,artillery_foot,223,279.12682834330076
24415,2,artillery_foot,656,732.3578097756274
24416,1,general,742,726.3046852512088
24417,3,general,1040,974.5930013154618
24418,3,artillery_horse,918,899.0080631591459
24421,0,artillery_foot,768,691.1954637167139
24422,3,artillery_foot,664,624.2686579099335
24423,3,artillery_foot,664,624.2686579099335
24427,1,artillery_foot,781,867.3384796430926
24428,1,artillery_horse,580,572.9359297671481
24429,3,artillery_horse,918,899.0080631591459
24430,4,artillery_horse,952,941.5922456054462
24432,1,general,358,351.62020047657404
24436,3,artillery_foot,719,716.0286183446152
24437,2,general,229,242.12462230651107
24438,4,general,394,414.12060289443707
24439,4,general,235,227.84589664602706
24440,0,general,283,278.12918107782684
24441,0,general,245,233.7455413499348
24442,0,general,382,365.18015960571455
24443,1,general,279,281.07082387441574
24445,2,general,870,917.991032272861
24446,2,general,474,464.3445385669135
24447,2,general,375,368.655130071676
24448,4,general,410,411.57484176439783
24449,3,infantry_light,506,542.4260608376725
24450,0,infantry_light,366,324.20312066855786
24451,2,infantry_light,373,359.24375979032106
24452,1,infantry_light,387,403.6728857864173
24453,1,infantry_light,484,483.80164576689344
24454,1,infantry_light,412,407.0888683277149
24455,2,infantry_line,332,348.92046364375625
24456,4,infantry_line,296,295.5778309888374
24458,0,infantry_line,280,279.97132878641
24460,3,infantry_line,340,348.2830795338779
24463,2,infantry_line,350,345.6039089545752
24464,4,infantry_line,407,395.3583826333579
24465,3,infantry_line,335,326.8841221938712
24466,3,infantry_line,792,864.8583901123393
24468,0,infantry_skirmishers,322,281.5183141263885
24469,3,artillery_foot,459,462.0812042417562
24470,1,general,388,375.0582653976855
24471,4,general,539,546.5621757771668
24472,1,general,363,335.49525287299497
24473,3,general,247,236.32735953951186
24475,1,general,273,275.0085068014671
24476,1,general,367,392.8338888738836
24477,3,general,597,600.0569199390123
24478,0,infantry_light,489,469.05716754608477
24479,1,infantry_light,383,384.88904273639747
24480,1,infantry_light,488,436.25446947811173
24481,1,infantry_light,515,522.8539505299633
24483,1,infantry_line,386,373.6039807184202
24488,0,infantry_line,310,313.9094779936026
24489,2,infantry_line,381,389.8377668033584
24490,2,infantry_line,382,404.13584942452616
24491,1,artillery_foot,885,870.4096490199879
24493,0,general,497,503.21469774245764
24494,3,general,130,127.46341605112202
24495,2,general,513,494.36250076499806
24497,4,infantry_grenadiers,565,550.4831462154677
24499,3,infantry_light,295,297.32942617991984
24500,4,infantry_line,263,268.5482133482143
24501,1,infantry_line,357,353.9520901285602
24502,1,infantry_line,236,232.72085840899632
24504,3,infantry_line,198,201.43538790565995
24505,4,infantry_line,465,467.94617742136126
24506,3,general,181,184.52680036955823
24507,2,general,342,333.94999788502304
24509,4,general,567,534.1749790142417
24510,3,general,372,331.6740530092449
24511,0,general,488,466.73893857419813
24512,1,infantry_light,472,439.26115569488667
24513,3,infantry_light,450,457.0887013531101
24514,3,infantry_light,460,482.52885611826986
24515,1,infantry_light,626,607.4786241908123
24516,0,infantry_line,252,251.22376881144612
24517,3,infantry_line,235,242.16519749901124
24518,4,infantry_line,326,280.6282231321561
24519,3,infantry_line,430,386.69889135656393
24520,3,infantry_skirmishers,322,285.44929753336135
24521,1,artillery_horse,1964,1985.639760103865
24522,2,cavalry_lancers,454,408.14788718248724
24523,4,cavalry_light,922,908.8093735218827
24524,4,cavalry_light,515,556.1668706821677
24525,1,cavalry_light,564,555.8159338191082
24526,4,cavalry_light,1137,1113.7866429821288
24527,0,general,1063,1088.0423763615813
24528,0,general,952,974.1665858149312
24529,3,general,330,292.77757827288946
24530,0,general,424,421.32228502854434
24531,2,general,420,450.68948443699475
24532,0,artillery_foot,586,591.0147406631122
24533,3,general,354,314.18598533687367
24534,4,general,114,111.0898265183772
24535,4,general,305,315.06139794383785
24536,3,general,248,269.51001494716155
24537,2,general,357,332.7001460803276
24538,3,general,400,410.1677966731406
24539,3,general,154,153.0222802705554
24541,2,general,173,150.40453842463955
24543,2,general,1033,933.2212830345466
24544,0,general,728,730.5839450040936
24545,2,general,725,719.3425951137046
24546,0,general,165,149.9545544007936
24547,1,general,749,710.6352421843621
24548,3,infantry_light,414,404.18254678867396
24549,2,infantry_light,276,294.6151520054038
24550,3,infantry_light,226,222.99232008962997
24551,0,infantry_light,466,470.23821246195996
24552,2,infantry_light,680,702.4927161993834
24553,4,infantry_line,260,285.98768246323556
24555,2,infantry_line,247,242.42261101649268
24556,3,infantry_line,280,258.55323591588683
24557,0,infantry_line,239,262.9920252492563
24559,1,infantry_line,361,385.3572669861888
24560,0,infantry_line,221,223.5774798668231
24561,1,infantry_line,636,633.3510381688977
24563,4,infantry_line,648,648.2331933614007
24565,0,infantry_line,520,516.1758811711715
24567,0,general,378,356.8550246098331
24568,4,general,298,283.3538707885567
24569,1,general,299,317.7241735399303
24570,1,general,157,188.41475916784407
24572,3,general,921,862.0553140762072
24573,4,general,246,235.85408637319438
24574,2,general,621,629.6001283373872
24577,0,infantry_grenadiers,611,594.598128858583
24578,3,infantry_light,371,360.53574437582773
24579,4,infantry_light,545,557.7902570796251
24580,4,infantry_line,355,352.2164008325669
24581,1,infantry_line,274,260.77509069073176
24582,3,infantry_line,252,293.0859809875844
24583,1,infantry_line,348,384.06361623419065
24585,0,infantry_line,237,229.66713086399542
24588,3,artillery_foot,1626,1586.9896776904895
24589,1,artillery_foot,1210,1215.9545798832085
24590,1,artillery_foot,1023,1105.1643572788857
24591,2,artillery_foot,890,868.7595249753792
24592,0,general,1117,1217.8745472370977
24593,1,general,1674,1637.9961617149365
24594,3,infantry_grenadiers,827,818.3985741507761
24596,0,artillery_horse,1726,1725.8321429109938
24597,0,artillery_horse,1726,1725.8321429109938
24598,1,cavalry_standard,885,843.1343145994337
24599,4,cavalry_standard,909,953.032817430237
24600,2,cavalry_standard,1016,1068.1612224526718
24601,1,cavalry_standard,610,596.0885384646319
24603,3,cavalry_standard,603,615.8503472131736
24604,0,cavalry_standard,730,722.3174282875411
24605,4,general,569,571.3756059340684
24606,2,general,734,768.2538796656237
24607,0,general,251,253.05185523004815
24608,1,general,1091,1071.9847270555586
24609,2,general,507,495.15913366137096
24610,2,general,448,427.63041175781314
24612,4,general,495,493.4852863354649
24613,0,general,1011,1020.8752009245288
24614,0,general,470,485.1281160858127
24615,0,general,357,343.6270285050133
24616,4,general,448,479.15730815885837
24617,2,infantry_grenadiers,364,371.29057237292017
24619,0,infantry_grenadiers,512,488.2712718327826
24620,4,infantry_grenadiers,408,415.10442320466854
24621,0,infantry_grenadiers,426,415.4887988939704
24622,3,infantry_grenadiers,468,489.68676875239413
24623,0,artillery_horse,1726,1725.8321429109938
24626,2,cavalry_light,719,695.981893599942
24627,4,cavalry_light,811,779.0484272918442
24628,3,cavalry_light,699,669.9890576628335
24629,2,cavalry_light,725,690.1198487833759
24630,3,general,615,558.227789550623
24632,0,general,431,420.3308294185442
24633,1,general,738,709.4857126483885
24635,0,general,343,308.8412683697359
24636,3,general,662,624.6827963523968
24637,1,general,505,474.98376875807554
24638,1,general,611,569.4813633132533
24639,1,general,434,407.9844398541111
24640,0,general,719,718.0690878338304
24641,4,general,498,557.0361347489015
24643,0,infantry_grenadiers,388,378.1228655087827
24644,4,infantry_grenadiers,616,604.5415500530353
24645,1,infantry_grenadiers,396,371.59542438523084
24647,0,infantry_grenadiers,501,516.0027933753503
24648,4,infantry_grenadiers,670,755.2196149701044
24649,0,cavalry_lancers,428,446.2671560556951
24650,0,cavalry_lancers,521,527.0208575152938
24653,2,cavalry_lancers,810,794.7037086260007
24654,3,cavalry_lancers,714,700.7156031611675
24655,4,cavalry_lancers,365,349.93270782197754
24656,1,cavalry_light,1245,1240.258192749326
24657,0,cavalry_light,510,522.0919146791294
24658,0,cavalry_light,1506,1527.486831185637
24659,4,general,549,545.099315675709
24661,0,general,430,418.7889276446636
24662,1,general,467,463.04306131458884
24663,3,general,883,910.9667892488119
24664,4,general,1091,1092.9747898549836
24665,2,general,1513,1507.5812361716567
24666,0,infantry_light,346,308.96382045117383
24667,2,cavalry_light,359,362.05141515040526
24668,4,general,323,337.47203895015934
24669,1,artillery_foot,959,879.8811680926226
24670,4,artillery_horse,1804,1780.2724373456242
24671,3,cavalry_lancers,518,523.6453635984419
24673,2,general,302,274.07419092540357
24674,4,general,535,539.2479824062322
24675,4,general,121,109.12149788558777
24676,1,general,563,548.8944464064285
24678,0,general,106,95.13985414809422
24679,1,general,494,502.91062539595
24680,2,general,979,972.2169162391539
24682,0,general,926,907.3751284341853
24683,3,infantry_grenadiers,1110,1117.0252402643569
24684,4,infantry_grenadiers,962,958.1382537303306
24685,3,infantry_light,363,352.3459516631684
24687,4,infantry_line,224,212.85199907669394
24688,0,infantry_line,202,203.44558376372092
24689,0,infantry_line,208,200.2337641207481
24691,3,infantry_skirmishers,300,327.1447980206388
24693,2,cavalry_lancers,755,724.2180120939936
24696,0,cavalry_lancers,522,519.025505203192
24697,3,cavalry_lancers,451,471.49714647208947
24698,1,general,448,466.3227523338717
24699,0,general,135,122.95537917287103
24700,0,general,637,622.2687305343011
24701,1,general,201,194.63110701855746
24702,2,general,349,361.92466877684546
24703,1,general,215,193.26691075472775
24705,1,general,738,731.8386709312953
24706,1,infantry_light,269,262.4353646015591
24707,1,infantry_light,334,324.8906913119403
24708,2,infantry_line,214,187.16809212596849
24709,4,infantry_line,323,300.3261326892312
24710,4,infantry_line,226,209.5952802469705
24711,2,infantry_line,797,802.0256565387393
24712,3,infantry_line,253,235.47595242334674
24713,4,artillery_horse,1329,1346.408679450445
24714,0,cavalry_heavy,1801,1790.294796946333
24715,4,cavalry_lancers,408,423.51588736598643
24716,4,cavalry_lancers,670,638.90006012767
24717,3,cavalry_light,1694,1765.7161280932335
24720,3,general,362,345.7588253330086
24721,2,general,1704,1706.9469044483803
24722,4,general,371,288.9048079141074
24723,3,general,558,547.7574972592388
24724,4,general,193,194.7705217691722
24725,2,general,454,406.890479624514
24727,0,infantry_light,443,415.01342919332467
24730,0,infantry_line,246,236.2713692671872
24731,3,infantry_line,363,339.3498304195433
24733,2,cavalry_lancers,603,633.4979284309921
24735,2,general,426,405.093162279146
24736,0,artillery_horse,1726,1725.8321429109938
24737,2,cavalry_lancers,807,781.3174644428749
24738,2,cavalry_lancers,451,471.8796800335764
24739,2,cavalry_lancers,700,703.5056589422039
24740,4,cavalry_lancers,575,551.7386024702087
24741,1,cavalry_lancers,562,547.0477987781791
24742,1,general,405,442.1343814550195
24743,1,general,508,521.7299231674241
24744,1,general,466,475.3899782222469
24746,1,general,703,730.0498170842073
24747,2,cavalry_heavy,2174,2149.1090577693267
24748,1,cavalry_heavy,2105,2097.1032697456567
24751,0,general,943,998.3122294787407
24752,3,general,1112,1146.7478776474047
24753,0,general,2091,2098.904434308429
24754,1,general,1954,1912.1802835426845
24755,1,general,172,163.85300940705235
24756,3,general,219,210.95115133664325
24757,2,general,203,203.92891803041076
24758,2,infantry_light,244,234.25439775372817
24761,4,infantry_line,227,221.9310322927109
24764,3,cavalry_heavy,1076,1136.9863075132182
24765,3,cavalry_heavy,675,810.317368464682
24766,0,cavalry_heavy,1213,1265.645608289305
24768,4,general,386,391.64633822408854
24769,3,general,933,985.6255570886962
24770,4,general,1209,1252.1109798115162
24771,2,general,1013,1074.341139647161
24772,3,general,653,807.5318307396005
24774,4,general,507,469.8542850724643
24776,3,infantry_light,772,807.4725364978108
24777,3,infantry_line,262,292.10052814941395
24778,2,infantry_line,344,384.95450740363503
24779,0,infantry_line,553,532.640942453069
24784,0,general,1050,1046.9232908815866
24785,1,general,1346,1328.0697415719308
24788,1,general,344,347.1632952514293
24789,4,general,698,596.6776146246656
24790,1,general,222,209.05427685266255
24791,3,infantry_light,328,326.2702353742489
24792,3,infantry_light,275,267.56729127272996
24793,1,infantry_line,354,338.0190421564926
24794,2,infantry_line,329,359.43706967914636
24795,1,infantry_line,299,273.6904431177532
24796,4,artillery_horse,1357,1342.7713638130467
24797,3,cavalry_lancers,858,949.3415956167416
24798,2,cavalry_lancers,800,817.6684824272736
24800,1,cavalry_standard,1123,1048.794826880539
24801,2,general,934,895.1026604224469
24802,1,general,797,898.295753145356
24803,4,general,1071,1093.2705122110578
24805,3,general,856,965.1165822640334
24806,0,artillery_horse,1726,1725.8321429109938
24807,4,cavalry_lancers,655,613.2140690068046
24808,1,cavalry_lancers,565,590.6884189833455
24810,2,cavalry_lancers,558,549.9320202038158
24812,0,cavalry_standard,601,551.6086116858544
24814,0,cavalry_standard,425,436.9015802817834
24815,1,cavalry_standard,906,918.5455369076034
24816,2,cavalry_standard,462,466.6789719041596
24817,4,general,962,983.5587019011635
24819,3,general,614,543.4101629771669
24822,4,general,664,675.9291508597463
24823,0,artillery_horse,549,528.0041362636708
24824,2,cavalry_lancers,1213,1062.3393712490206
24827,0,cavalry_lancers,738,741.0641183636112
24828,2,cavalry_light,271,292.27430038519134
24829,0,cavalry_light,334,356.17347287823435
24830,0,cavalry_light,466,435.6872904587939
24831,1,cavalry_light,414,449.4844530727274
24832,1,cavalry_light,662,632.1776423383293
24834,2,general,605,600.4598265803481
24835,1,general,327,359.2454995193925
24836,3,general,597,612.5216053921837
24837,2,general,628,615.931600418039
24838,1,general,289,326.71618852819654
24839,4,general,1065,1055.2454688547562
24840,4,general,302,305.5248360188527
24841,0,artillery_horse,549,528.0041362636708
24842,0,cavalry_lancers,428,446.2671560556951
24843,0,cavalry_lancers,428,446.2671560556951
24844,0,cavalry_lancers,428,446.2671560556951
24845,3,general,333,351.5979743251099
24846,4,general,439,461.26301956909447
24847,3,general,528,562.0968072926115
24848,2,cavalry_lancers,451,471.8796800335764
24849,3,cavalry_lancers,389,418.31643387379813
24850,4,cavalry_lancers,407,431.4444809375043
24851,1,cavalry_lancers,368,402.81843457821816
24852,1,general,256,295.2303479783265
24853,1,general,231,281.0532933738471
24854,4,general,318,338.224763722328
24855,1,artillery_foot,725,727.0241241782461
24856,3,artillery_foot,534,571.1287629622132
24857,4,artillery_foot,1591,1515.047581390924
24858,1,artillery_foot,1023,1105.1643572788857
24859,3,artillery_foot,1129,1145.7582063758648
24860,1,artillery_foot,1023,1105.1643572788857
24861,1,artillery_foot,1023,1105.1643572788857
24862,1,artillery_foot,1023,1105.1643572788857
24863,2,artillery_foot,890,868.7595249753792
24864,4,artillery_foot,674,688.8406595602944
24865,2,artillery_foot,886,878.522328919744
24867,1,artillery_horse,1201,1207.1729307739276
24868,1,general,182,177.42836493244684
24869,4,general,182,177.23854841931583
24870,4,general,913,943.3081012257435
24871,3,general,695,697.9156041882864
24872,2,general,69,67.27711117602054
24873,1,general,656,637.8468938430912
24874,2,general,1013,1008.9020968151184
24876,3,cavalry_heavy,2526,2612.8105596051896
24877,4,cavalry_lancers,648,666.8113586489408
24879,1,cavalry_light,519,558.5445716077004
24880,2,cavalry_light,1321,1245.087473807366
24882,0,general,2205,2266.0895665722524
24883,3,general,649,615.2368740752048
24884,4,artillery_horse,665,672.2130550303054
24885,0,artillery_horse,118,181.6566956732203
24886,1,cavalry_standard,765,776.2304202748106
24887,1,general,614,598.9865856141711
24888,3,cavalry_lancers,641,677.4072935445116
24889,1,cavalry_lancers,862,853.4692603035403
24893,0,cavalry_standard,1499,1471.822667078864
24894,3,general,897,819.8183833649645
24895,1,general,1415,1355.433543307586
24896,4,general,1000,1035.7847094214737
24897,2,general,1482,1830.4488701298033
24898,0,artillery_foot,1347,1315.542278038607
24899,2,cavalry_light,717,707.6714961705137
24900,0,cavalry_light,828,785.602838222313
24901,0,cavalry_standard,1161,1115.2670570786918
24902,2,general,1368,1356.3397605273728
24903,2,general,1179,1168.9021066281555
24904,3,general,656,605.9677276682203
24905,0,general,612,579.6282282485273
24906,4,general,964,1077.553152400675
24908,1,artillery_foot,448,444.7034786298763
24909,4,cavalry_lancers,672,688.7247658807057
24910,0,cavalry_lancers,560,524.0935501318419
24911,4,general,708,750.0476740169456
24912,1,general,382,360.0576784219434
24913,3,general,299,290.0317776841508
24914,4,infantry_line,362,366.5657524531548
24915,2,infantry_line,486,477.8827217284396
24916,2,general,1179,1162.5133848989562
24918,1,artillery_foot,1116,1109.943309207602
24919,4,artillery_foot,1084,1016.9263553956243
24920,3,general,360,345.67363694163373
24922,2,general,305,317.92997952191297
24924,2,general,997,946.0424702014463
24925,0,general,918,875.928091711015
24926,3,infantry_light,418,433.4824828985402
24927,0,infantry_line,823,813.330601349671
24929,0,infantry_line,428,417.13417593266735
24930,4,infantry_line,493,486.06434835320846
24931,4,infantry_skirmishers,272,285.48646654364615
24932,1,general,835,742.2215351563012
24933,1,general,431,399.2568121728145
24934,0,general,912,796.9946752920823
24935,2,infantry_light,685,689.679096223003
24938,1,infantry_line,543,520.8184524485288
24939,3,general,400,336.40673997100305
24941,2,artillery_foot,879,871.6073167671613
24942,0,general,713,694.44507490422
24943,3,general,422,387.7942523272595
24944,0,general,635,577.200272902838
24945,3,general,619,567.2860937913151
24948,1,general,1222,1416.1783829329113
24950,3,infantry_line,555,553.2072203570928
24951,4,infantry_line,524,514.4393772554054
24953,0,infantry_line,571,537.841630396514
24954,3,infantry_line,475,477.390774346699
24955,2,general,295,316.9668130219994
24956,4,general,519,504.88214577251125
24957,1,general,282,281.4772018753162
24958,0,general,324,318.5261537585801
24960,0,infantry_line,451,465.4942640866954
24961,3,infantry_line,336,375.7581863048057
24962,4,infantry_line,382,397.9214431560518
24963,3,general,248,251.85991306405694
24964,0,general,290,287.16874294661426
24966,1,infantry_light,402,430.4948050434272
24967,4,infantry_light,268,273.14858883918623
24969,4,infantry_skirmishers,272,285.48646654364615
24970,2,infantry_skirmishers,400,356.2971504331279
24971,3,general,228,227.9668754757595
24973,4,general,401,401.80670819145854
24974,4,cavalry_heavy,1388,1399.0446323070832
24976,0,cavalry_standard,901,937.8184824838773
24977,4,general,920,980.7566123132467
24978,1,general,398,364.9853596473878
24981,3,general,329,444.82918990580396
24982,4,general,236,245.79804551204714
24983,3,general,1305,1290.059471416316
24984,3,general,419,373.85367519506354
24985,1,general,1417,1402.9873594405567
24986,1,general,1065,1084.1380582529318
24987,1,general,568,552.9763017711101
24988,1,infantry_grenadiers,1456,1440.5992211409011
24989,3,infantry_light,523,530.4722259480911
24990,0,infantry_light,542,498.9849504903266
24991,0,infantry_light,301,333.4798602557541
24992,3,infantry_line,440,410.8928759752703
24993,1,infantry_line,964,988.06396524249
24994,0,infantry_line,617,600.63744446472
24995,0,infantry_skirmishers,309,328.98525056694984
24996,1,artillery_horse,1156,1161.591085001425
24997,3,cavalry_heavy,1383,1361.0406809797325
24998,4,cavalry_lancers,525,658.6871224358598
24999,1,cavalry_light,871,807.1113641996582
25000,4,general,205,217.90185095751633
25001,2,general,197,219.77001332955527
25002,0,general,369,423.92453319901074
25005,0,general,1113,1152.826677626025
25006,1,general,590,579.8763111202499
25007,1,general,468,461.98653513806283
25008,2,general,419,458.6931434168796
25009,2,general,627,610.9684070808282
25011,4,general,383,453.769917163873
25014,0,infantry_line,401,383.5814797602018
25016,1,infantry_line,311,358.22207079086246
25017,1,infantry_line,498,597.4145498334212
25018,4,infantry_line,344,339.00175405325234
25019,4,artillery_foot,370,335.22327946742166
25020,2,cavalry_lancers,401,570.7330437662363
25021,2,cavalry_light,501,511.21188717222844
25022,3,general,246,280.7285297747838
25023,2,general,288,464.2709883470874
25024,0,general,535,555.4846309505983
25026,0,general,78,75.58416063326287
25027,0,general,86,84.05608761107221
25028,4,general,189,175.54706324428935
25032,0,infantry_line,159,154.43423859006867
25033,2,infantry_line,158,133.06293017186826
25034,4,infantry_line,522,548.9429795482347
25035,1,cavalry_heavy,1023,1090.26440668128
25036,1,cavalry_standard,716,703.4452474280093
25037,1,general,567,516.8177238089445
25038,3,general,530,500.39637338145405
25039,4,general,829,880.8331441870544
25040,4,general,285,296.2803975425787
25041,4,general,794,834.2985633528588
25042,3,general,874,915.1160615073055
25043,4,infantry_grenadiers,745,771.7215543531931
25044,3,infantry_line,380,419.54186992747555
25046,4,artillery_foot,483,552.7024886697861
25049,1,cavalry_light,823,832.6433431723663
25050,4,cavalry_light,544,576.573369465151
25052,4,general,147,132.29801200778599
25053,2,general,404,421.8354526091352
25054,1,general,337,347.5997954345822
25055,4,general,516,540.4593836882162
25056,2,general,671,643.7877088539126
25057,3,general,373,383.88771832811426
25058,3,general,333,400.56411069954146
25059,0,general,477,453.8277015419129
25061,0,general,199,212.3880879658957
25062,2,general,686,617.1275379670612
25063,1,infantry_light,593,598.8160177138958
25065,1,infantry_line,211,218.92978234991728
25066,2,infantry_line,797,748.567382838601
25067,2,infantry_line,224,218.9991263767273
25069,0,cavalry_lancers,1485,1292.5652544404718
25070,0,cavalry_lancers,1333,1224.0910920464537
25071,4,cavalry_lancers,1103,1170.3652069557245
25073,3,cavalry_light,1306,1274.6449823131225
25075,0,general,637,604.1113457904896
25076,2,general,29,4.208295049609305
25077,1,general,1062,1059.5027511693836
25078,1,general,1140,1094.9046266348696
25079,2,general,1337,1280.525572019362
25080,0,general,1381,1266.002529213465
25081,2,general,187,203.01541196635105
25082,4,general,103,94.9998296403987
25083,1,general,485,515.9314154879871
25084,3,general,1639,1691.5036316072033
25085,1,infantry_line,282,341.36940773912704
25086,1,infantry_line,422,486.4202312269961
25087,3,infantry_line,136,124.77575795530588
25089,2,cavalry_heavy,1092,1096.2873502077446
25090,1,general,909,859.7709219148201
25091,3,artillery_foot,339,362.1427568234114
25092,0,artillery_horse,728,732.5558939221003
25093,1,cavalry_standard,697,671.02190394107
25094,2,cavalry_standard,712,687.6425359432791
25095,2,general,577,558.7763292517677
25097,2,general,603,559.8258426150065
25098,3,general,465,436.43181687127975
25099,1,general,724,662.527216938969
25100,4,infantry_grenadiers,405,324.2854986073147
25101,0,infantry_light,570,572.2649443938935
25102,0,infantry_line,205,234.0810791955034
25104,4,cavalry_lancers,481,619.5286632616197
25105,1,cavalry_lancers,361,413.95909329242676
25106,4,cavalry_light,643,683.4841111628011
25108,2,general,219,265.9863657334545
25111,1,general,705,728.5620797709578
25113,2,general,152,139.95505388277743
25114,4,general,202,173.855248317443
25115,1,infantry_line,216,214.98270971145052
25116,1,infantry_line,255,275.7152276689654
25118,3,artillery_foot,987,1000.6653189729898
25119,3,general,59,33.752527594623004
25120,1,general,559,552.4266338079859
25121,1,general,281,272.6919581325247
25122,2,infantry_line,160,151.13151929705197
25123,3,infantry_line,460,452.8463206705079
25126,1,cavalry_standard,721,768.9170510760009
25127,2,cavalry_standard,848,857.97052512969
25128,3,general,223,227.12502692897235
25129,3,general,298,283.9796933878299
25130,1,general,684,703.8114262369601
25132,2,general,741,734.2497134161073
25133,1,infantry_grenadiers,687,687.2223550347743
25136,0,cavalry_heavy,1514,1533.8627484084761
25137,2,cavalry_heavy,2247,2328.340488398213
25139,0,cavalry_heavy,1835,1812.7766103667525
25140,0,cavalry_light,747,720.7019273303098
25141,1,cavalry_standard,705,638.4311996273293
25143,2,general,294,285.5532054607138
25144,1,general,614,599.1827730598169
25148,3,general,521,487.856866305756
25149,4,artillery_foot,996,1023.1321408094909
25150,3,general,215,234.68392921904012
25151,4,general,207,232.59129678647378
25152,0,general,365,377.2748786455132
25154,4,infantry_line,278,311.9036014762333
25155,2,infantry_line,426,443.768627071109
25156,0,cavalry_light,541,534.8023566377001
25158,1,artillery_foot,730,663.8285254633523
25159,4,artillery_foot,926,833.2090545825075
25161,1,artillery_foot,464,448.5880998225897
25163,2,general,731,691.7423722758441
25164,2,general,731,650.4837818649113
25165,2,general,329,285.26783198731073
25166,1,general,1043,1019.6832428853687
25167,4,general,1,1.0
25168,1,general,820,820.0888635125461
25170,1,infantry_skirmishers,160,197.03509744588814
25171,2,cavalry_light,733,702.6202902285193
25172,0,general,306,261.7368950726044
25173,4,general,401,382.0668530385063
25175,3,general,570,553.7324258274139
25176,4,general,179,182.05711377325778
25177,2,general,246,234.64389410636392
25178,3,general,276,291.6773031857268
25179,3,infantry_line,368,363.485921598857
25180,3,infantry_line,238,221.69860958605298
25181,3,infantry_line,375,311.01976252413334
25183,0,infantry_line,308,316.0876397432952
25185,1,infantry_line,383,401.8096763339464
25186,4,infantry_militia,310,331.6375477512822
25187,4,artillery_foot,385,474.13808588021936
25188,4,cavalry_light,399,371.67579433179907
25189,0,cavalry_light,521,546.6267087233315
25190,1,cavalry_standard,860,900.5556852160172
25191,4,general,207,198.40970047675503
25194,3,general,61,102.28534958316548
25196,4,infantry_grenadiers,1239,1387.4357915075896
25197,4,infantry_line,173,198.6520275340586
25198,1,infantry_line,164,182.72279433673734
25199,2,infantry_line,310,311.93466802858507
25200,4,infantry_line,386,380.5810102934842
25201,0,infantry_line,269,275.3666323075851
25202,2,infantry_line,256,311.7007908468743
25204,3,artillery_foot,311,270.66284327964576
25205,0,general,343,354.515803813267
25207,3,infantry_grenadiers,359,380.8278059641132
25209,3,infantry_line,338,335.0863539396229
25210,0,infantry_line,210,253.25589634060478
25211,1,infantry_line,635,643.4694269189072
25212,1,infantry_skirmishers,334,314.9918980948455
25213,2,general,1362,1382.8871041067487
25215,1,infantry_grenadiers,581,645.9385068432707
25217,3,infantry_grenadiers,1406,1391.0284874365545
25218,2,general,427,613.3709939995235
25220,3,general,936,981.0518064153787
25222,2,general,415,452.6206669144236
25224,2,infantry_line,473,460.58978693379
25225,0,infantry_line,462,553.4918725418258
25227,0,infantry_line,851,877.318292785751
25228,1,infantry_militia,498,484.7261367785954
25229,0,infantry_militia,236,306.16766050891687
25230,0,infantry_militia,261,312.2007408318866
25231,2,infantry_militia,233,296.9581307199248
25232,0,infantry_militia,520,572.0148369949608
25233,2,infantry_militia,261,293.40857124234014
25234,3,infantry_militia,447,439.4605900116326
25235,4,infantry_skirmishers,420,521.5037060527587
25237,3,cavalry_light,378,395.98998653427776
25238,1,general,1662,1643.9089822275673
25239,3,general,304,318.7604906116019
25240,3,general,549,518.4848377740515
25241,2,general,543,484.6790991640743
25242,1,general,634,575.304259936859
25243,1,general,145,170.0413598317828
25244,1,infantry_light,181,132.78687484033128
25245,0,infantry_light,493,446.24826844333717
25248,4,infantry_militia,614,667.5177482681486
25249,3,infantry_militia,562,503.0299548065525
25250,2,infantry_militia,227,285.16633265738545
25251,3,infantry_militia,615,526.1320061727333
25252,0,infantry_skirmishers,177,296.2054450084751
25253,2,cavalry_light,461,478.0270248255742
25254,2,cavalry_light,459,464.11971644744176
25255,1,cavalry_standard,485,445.89571119692766
25256,0,general,1364,1250.4789285591532
25258,0,general,134,186.3320787855519
25259,4,infantry_line,226,234.44562726945762
25261,2,infantry_line,1130,1056.7860365722763
25262,2,artillery_horse,184,283.3828720285763
25263,0,cavalry_light,423,441.01101700986663
25264,4,cavalry_light,727,704.6144520737797
25266,2,general,596,609.3758715942525
25267,0,infantry_light,428,377.8947083920754
25268,4,artillery_foot,377,342.1721131704412
25271,2,artillery_foot,292,257.8008431380826
25273,0,cavalry_standard,496,494.1401529693146
25274,1,general,318,345.08168552604735
25275,2,general,311,348.54670343819237
25276,0,infantry_militia,482,439.32179653379825
25278,1,infantry_skirmishers,345,324.53836542969424
25279,0,cavalry_standard,732,658.9601767598052
25280,0,cavalry_standard,430,441.09825461068505
25282,3,infantry_skirmishers,327,344.76807829404436
25284,2,infantry_light,261,262.2926387250602
25285,0,infantry_militia,212,245.9377597199528
25287,3,cavalry_light,900,821.827607887128
25288,3,cavalry_standard,923,836.2857835707476
25289,4,cavalry_light,322,296.11493682425487
25290,4,infantry_militia,376,403.7998791184136
25292,4,infantry_militia,109,126.29463426433179
25293,0,infantry_militia,126,158.35357449938456
25294,0,infantry_militia,194,249.54393608514744
25296,1,general,462,458.13896263382503
25297,0,general,1257,1249.902090705547
25299,4,infantry_grenadiers,1409,1388.789812234025
25300,0,artillery_foot,633,613.6660617062204
25301,2,artillery_foot,446,430.1836768304175
25302,3,general,228,227.9668754757595
25303,4,general,323,294.545565829161
25304,1,general,820,820.0888635125461
25307,3,general,228,227.9668754757595
25308,0,general,401,401.95304262882286
25309,4,infantry_grenadiers,332,266.33467720214395
25310,4,infantry_grenadiers,525,512.9675144646807
25312,4,infantry_skirmishers,721,510.7870908022576
25313,4,general,258,302.76459072174623
25315,0,general,1093,1040.2382257137547
25316,2,general,555,567.0445134677311
25318,0,general,1062,1029.8184724804971
25319,1,general,503,416.3605221218662
25320,3,general,574,487.0197123652991
25321,0,infantry_grenadiers,670,748.325714280245
25322,4,infantry_grenadiers,1146,1077.4616136675336
25323,0,infantry_light,573,648.2236128901789
25324,0,infantry_light,1206,1213.5847528387374
25325,1,infantry_light,946,892.4035956701281
25326,2,infantry_line,283,357.3759947792032
25327,4,infantry_line,631,557.5230060710682
25328,2,infantry_skirmishers,303,306.6510375349907
25329,4,artillery_foot,485,576.3173131465472
25330,0,general,233,209.5060056509255
25331,1,general,404,453.35728134847267
25332,2,general,640,678.6598463055092
25333,1,general,1067,1089.9190359256274
25334,3,general,841,809.967663596184
25336,0,general,562,535.5445774189193
25337,0,infantry_grenadiers,802,832.397376992445
25338,0,infantry_grenadiers,367,395.1395842704248
25340,1,infantry_line,349,354.2080135340521
25341,4,infantry_line,723,758.0677341723112
25342,4,infantry_line,683,694.2425862445283
25343,1,infantry_line,963,990.7716571392705
25344,1,artillery_foot,530,486.082348838503
25345,1,artillery_foot,680,683.7262366524947
25346,0,general,394,298.91307942413584
25347,0,infantry_grenadiers,808,770.2082455734884
25348,1,cavalry_heavy,2498,2460.1666665366442
25349,4,cavalry_lancers,1601,1679.9909307419616
25350,1,general,2654,2696.728779445781
25351,4,general,87,64.97937024735344
25352,1,general,676,685.774485937774
25353,0,general,247,243.37638236550225
25354,0,general,1439,1410.916534158459
25355,4,general,445,539.6879262614677
25357,4,general,520,513.7152481424655
25358,4,infantry_grenadiers,870,862.2743410426275
25359,3,infantry_light,630,577.8815033682395
25360,2,infantry_light,344,404.1885367958553
25361,3,infantry_line,206,196.46214525778194
25362,3,infantry_line,585,569.7621870574142
25363,0,artillery_horse,1547,1552.982665211862
25364,1,cavalry_light,1250,1100.5705143327775
25365,0,cavalry_light,703,684.6732848333389
25366,3,general,87,170.91245224095377
25367,0,general,228,221.0104803464025
25368,3,general,49,101.52341200414456
25369,3,general,19,38.19677487755446
25370,0,general,599,547.6565761619471
25372,1,general,170,202.65421689774925
25373,1,general,186,175.16205867281835
25374,3,general,129,243.08054662099715
25376,0,general,1175,1023.8891514280809
25377,3,infantry_grenadiers,470,608.6578787852851
25378,4,infantry_line,305,306.23134979402056
25379,3,infantry_line,241,273.1115826186041
25380,4,infantry_line,184,295.9173157112216
25381,0,infantry_line,132,167.4346149397182
25385,3,cavalry_light,661,678.7245569100934
25386,1,cavalry_light,854,875.0840478850638
25387,1,cavalry_light,372,338.5405577937626
25388,0,general,191,168.51444789767743
25389,4,general,523,492.731615610417
25390,2,general,828,821.7458541899955
25391,1,cavalry_light,607,624.2923058604711
25394,0,general,720,590.8068492964255
25395,2,artillery_horse,1437,1459.0270191565132
25396,2,general,1256,1223.0894337585923
25398,1,general,958,956.770340764637
25399,3,general,266,265.9613547217194
25400,3,cavalry_lancers,1062,926.068234455257
25401,3,general,644,619.3970744455034
25402,2,general,325,318.5353719303836
25403,2,general,919,830.9137677174275
25404,3,general,144,152.87319966388182
25406,1,general,241,204.73981063589738
25408,3,infantry_line,287,288.2663773652491
25409,0,infantry_line,318,320.1949222329907
25410,3,infantry_line,189,197.71553587853958
25412,1,infantry_line,336,341.0455433766926
25413,0,infantry_line,756,741.3790337463653
25416,4,cavalry_lancers,910,918.9728509925764
25418,2,general,114,114.01167801585892
25419,2,general,476,527.7244290761837
25421,2,infantry_light,626,768.1647226226371
25423,0,infantry_line,360,357.65876624901483
25424,2,infantry_line,326,344.0491386003732
25425,3,cavalry_lancers,1250,1176.183205152147
25426,1,cavalry_lancers,727,815.5545021653151
25428,1,cavalry_lancers,1239,1473.043859164174
25429,1,general,1092,1298.682761906722
25430,4,artillery_horse,584,577.5925730691655
25431,1,general,460,401.20081406208516
25432,4,general,447,412.1998653239337
25433,2,general,227,218.06017615717178
25434,0,general,487,461.4340679853881
25435,4,general,295,359.3480625817704
25440,4,infantry_line,457,429.1627762319349
25441,4,infantry_line,551,541.2697193440691
25442,1,cavalry_light,524,512.6474617973844
25443,2,cavalry_light,1246,1250.9557048655868
25445,3,general,129,174.50900149825586
25446,4,general,559,543.896372303941
25447,0,general,163,157.3580265038347
25448,4,general,248,251.24534910813674
25449,2,general,1089,1075.888625823397
25450,2,general,291,437.1380259211107
25451,2,infantry_light,366,529.567411165921
25452,0,infantry_line,327,311.14860109726663
25454,4,infantry_line,292,286.7966728812884
25455,1,infantry_line,268,273.0908094311089
25456,0,infantry_line,351,314.3528898729065
25457,0,infantry_line,166,185.4033288136742
25459,3,cavalry_standard,452,528.5956769069157
25460,3,cavalry_standard,582,698.4730252107345
25461,1,general,421,484.10409879051605
25462,3,general,405,475.31549504671614
25463,2,general,786,795.3493687296208
25464,2,infantry_grenadiers,699,707.8150577397566
25465,2,infantry_line,504,524.7344526000795
25466,4,infantry_line,293,286.8484019605881
25467,3,cavalry_standard,709,783.28179384958
25469,3,general,315,356.26645604882253
25470,4,infantry_grenadiers,386,425.76840145965934
25471,2,general,306,301.51790554983904
25473,1,general,634,651.5374465579696
25474,2,general,116,129.1849879912112
25475,4,infantry_line,461,458.7684446608897
25476,3,infantry_line,237,258.28572339407214
25477,4,infantry_line,304,303.94497062744074
25478,3,infantry_line,198,209.8961684279753
25479,0,cavalry_lancers,939,873.3753546068704
25481,2,cavalry_lancers,725,651.8389934292076
25482,4,general,398,334.6470206107626
25483,2,general,95,88.94081167601429
25484,1,general,76,118.06744359221892
25485,3,general,781,761.5097939543255
25486,1,general,175,181.3033978320507
25487,4,general,539,493.42160590118823
25488,1,general,589,492.39861013566764
25489,0,infantry_light,285,314.673602853856
25490,4,infantry_line,503,458.4303231822966
25491,2,infantry_line,127,144.1828748361716
25492,1,infantry_line,202,208.04130909071225
25493,3,infantry_line,415,401.4550787813018
25495,2,cavalry_light,752,783.3947650614743
25496,1,general,591,601.0513964941144
25498,3,infantry_grenadiers,510,567.8840035988766
25500,3,cavalry_standard,362,459.9987674162979
25501,1,cavalry_standard,433,496.8007260027763
25502,0,cavalry_standard,1129,1073.6323855822313
25503,4,general,985,959.9728268549154
25504,1,general,277,272.8384923716419
25505,1,general,378,425.1087607877712
25506,3,general,233,308.03898349551173
25508,1,infantry_line,415,419.90095093786783
25509,3,infantry_line,336,342.0487627490089
25510,0,cavalry_standard,970,878.6362264720641
25511,2,cavalry_standard,1043,1008.1783287810333
25513,1,general,980,940.380004830753
25514,4,infantry_irregulars,497,556.0008920698674
25516,3,cavalry_standard,618,635.6155460969954
25517,3,general,334,356.05053320473667
25518,1,infantry_grenadiers,436,473.79352293035896
25519,1,cavalry_light,599,648.2536022282633
25520,3,general,488,533.6908646040675
25521,4,general,218,211.39285265168598
25522,2,general,135,136.51520748171862
25524,1,general,281,294.704754441561
25525,1,general,187,169.59584997745478
25526,4,general,320,305.10359588537295
25528,2,infantry_light,258,315.53845252161915
25529,0,infantry_light,192,202.01556941383194
25530,1,infantry_line,266,290.4758567009231
25532,3,infantry_line,384,384.9441078799974
25533,1,infantry_line,351,365.614299482407
25534,0,cavalry_standard,444,469.270957585318
25537,1,general,681,661.6049357027171
25538,1,general,478,470.52961717013005
25539,1,general,527,503.55572184063755
25540,0,infantry_grenadiers,728,705.1184810347959
25541,2,infantry_light,507,629.0474782104968
25542,1,infantry_line,422,406.5945746477734
25543,1,infantry_line,240,252.06231474793128
25544,0,infantry_line,455,459.80338151038035
25545,4,cavalry_lancers,733,749.887614378744
25546,2,cavalry_lancers,852,826.9997960124533
25547,1,cavalry_light,421,430.1735502176689
25548,0,cavalry_heavy,1781,1736.2414599717863
25549,3,general,472,502.4834065787396
25550,1,general,382,359.5848315705879
25551,4,general,1527,1487.2889317054558
25552,0,general,283,309.5139730254406
25553,4,infantry_grenadiers,481,486.7301961351401
25555,4,infantry_light,301,336.16705903797225
25556,1,cavalry_lancers,749,837.4761404432793
25557,3,cavalry_lancers,716,754.7038204444125
25558,1,cavalry_lancers,1001,1091.307252380452
25560,4,general,833,781.5504506325664
25561,4,infantry_grenadiers,958,925.9393906920575
25562,4,artillery_horse,50,83.80906175234044
25563,2,artillery_foot,800,792.9857468306437
25564,3,artillery_foot,745,748.9562274445035
25565,0,artillery_foot,374,383.04584966724957
25566,3,artillery_foot,401,428.09572427808115
25567,1,artillery_foot,424,408.42669832332217
25568,4,artillery_foot,457,521.2740765249387
25569,1,artillery_foot,887,851.3035284360074
25570,0,artillery_horse,177,157.45382491717785
25571,4,artillery_horse,1785,1810.4732229427877
25572,3,general,199,199.47101604128954
25573,0,general,1798,1836.278806186417
25574,1,general,428,456.81298169087233
25575,0,general,1150,1150.2510658605643
25576,0,general,351,351.70891230021994
25578,2,infantry_skirmishers,277,275.80461512552745
25579,3,infantry_skirmishers,319,280.76487253955776
25580,3,infantry_skirmishers,347,344.58050119057503
25581,2,artillery_foot,323,287.39352573961605
25582,4,artillery_foot,159,199.1988531621569
25583,1,artillery_foot,208,238.20061831875216
25584,2,artillery_foot,207,221.64814918336162
25586,2,artillery_horse,882,830.3519828635273
25589,2,cavalry_heavy,1168,1289.4672005303632
25590,4,cavalry_heavy,800,749.2497332963643
25591,4,cavalry_heavy,705,695.5982237730801
25592,1,cavalry_lancers,305,328.19721210799764
25593,4,cavalry_light,349,355.432304302212
25595,3,cavalry_standard,929,930.5633427923121
25596,4,cavalry_standard,924,832.1233044968027
25597,3,cavalry_standard,1684,2066.384370206622
25601,1,general,661,680.9211165826033
25602,4,general,1,1.0
25604,4,general,1,1.0
25606,4,general,865,785.1570298112919
25607,3,general,199,199.47101604128954
25608,4,general,229,198.46925569201017
25609,4,general,1,1.0
25611,4,general,893,955.3900178390463
25614,2,infantry_grenadiers,552,551.1328001010703
25615,2,infantry_grenadiers,869,899.4403238556473
25616,4,infantry_grenadiers,790,746.6102797612524
25617,3,infantry_grenadiers,790,753.8602456985858
25618,1,infantry_grenadiers,862,843.6171049600804
25619,1,infantry_grenadiers,759,790.6133860965607
25620,1,infantry_grenadiers,1067,1149.2274763491723
25621,2,infantry_grenadiers,325,348.44156517466024
25622,4,infantry_light,219,241.19401021759174
25623,1,infantry_light,184,193.44087092814985
25624,2,infantry_light,220,210.06865777251167
25625,1,infantry_light,307,377.68034369060297
25626,1,infantry_light,392,430.46138826272767
25627,1,infantry_light,410,452.5014981574289
25628,0,infantry_light,215,194.2424235226123
25629,1,infantry_light,641,730.1856920130017
25631,3,infantry_line,271,258.42757242352366
25632,1,infantry_line,269,275.779940329121
25633,4,infantry_line,413,395.37922050979864
25634,2,infantry_line,200,241.88769138664483
25635,4,infantry_line,208,198.4232281719038
25636,0,infantry_line,133,172.6953999726459
25637,2,infantry_line,324,337.00372384698716
25638,2,infantry_line,225,268.77131829899133
25640,2,infantry_line,297,315.9103100146512
25641,0,infantry_line,346,336.9643554974108
25642,3,infantry_line,161,210.77574391861998
25643,0,infantry_line,372,362.7353163740751
25644,2,infantry_line,220,258.0879496064927
25645,0,infantry_line,290,250.91122263184337
25646,2,infantry_line,490,469.03310884544146
25647,4,infantry_line,134,184.87974440873444
25648,2,infantry_line,275,236.51941191403424
25649,0,infantry_line,239,242.29391571347594
25650,0,infantry_line,129,172.6896147938015
25651,0,infantry_line,258,301.61510302603926
25652,2,infantry_line,401,354.11456251476324
25653,3,infantry_line,650,648.7118632940403
25654,0,infantry_line,414,368.0717049604184
25655,0,infantry_line,523,448.9661953662012
25656,2,infantry_line,340,319.87367696760424
25657,2,infantry_line,589,593.1828974284518
25660,4,infantry_line,535,564.4156910067531
25661,0,infantry_militia,393,252.1326217550894
25662,3,infantry_militia,104,147.27344291453042
25663,3,infantry_militia,109,67.62367409425556
25665,4,infantry_skirmishers,709,401.6947081555613
