row_id,fold,unit_class,base_mp_cost,pred
33,4,artillery_foot,435,412.8848076228998
34,1,artillery_foot,94,162.04902291095496
35,2,artillery_horse,747,741.253088578298
36,4,cavalry_light,1352,1378.6973008789132
37,1,cavalry_light,1452,1451.2745607996758
38,2,cavalry_light,935,915.7921139746869
39,0,cavalry_light,701,711.0251513868427
41,4,general,1,1.0
42,0,general,807,814.1047619617691
44,0,general,351,351.3542589390022
46,3,general,199,199.61320272514456
47,1,general,718,712.4835642587598
49,3,general,1353,1419.8466344268927
50,1,general,1446,1229.148188796314
51,3,general,1308,1418.9999567302937
52,1,general,544,508.9983043688547
53,0,infantry_light,968,937.8733011077284
54,4,infantry_light,668,622.0384638929513
56,1,infantry_light,914,841.6527494773558
58,0,infantry_line,424,418.3022275652095
60,2,infantry_line,688,693.023398419142
61,0,infantry_line,1723,1464.5721332064647
62,1,infantry_line,427,410.0237225679862
63,1,infantry_line,544,529.0413057872614
64,2,infantry_line,496,489.5495949315326
65,1,infantry_line,785,784.9055039385013
66,4,infantry_line,528,499.7175512632637
67,2,infantry_line,605,602.0033564029997
68,2,infantry_line,519,515.0154174326319
69,4,infantry_line,781,800.968998976192
71,2,infantry_line,659,671.6837305635818
72,4,infantry_line,718,719.7300799566726
73,3,infantry_line,360,344.957018989974
74,4,infantry_line,971,1007.5603347894005
75,1,infantry_line,832,839.6126015375046
79,3,infantry_line,537,529.16002457361
80,3,infantry_line,640,646.9732402002523
81,3,infantry_line,1008,1020.8895022903407
82,1,infantry_line,592,572.2393792835414
83,2,infantry_skirmishers,538,538.5936558074012
84,3,infantry_skirmishers,235,237.95778727546065
86,1,artillery_foot,237,332.46634483008245
87,4,artillery_foot,284,363.7204575086389
89,2,artillery_horse,311,604.2927508826488
90,3,cavalry_heavy,1615,1676.8214471298068
91,3,cavalry_heavy,1249,1521.0916475452377
92,0,cavalry_heavy,1478,1483.0393290751256
95,3,cavalry_lancers,516,509.82482802024407
96,2,cavalry_light,890,984.0542832083165
98,0,cavalry_light,590,636.0111816145148
99,4,cavalry_light,797,815.3287826493029
100,4,cavalry_light,756,781.7511255031511
102,0,cavalry_standard,674,679.6163821206748
104,2,general,486,489.0477648616018
106,4,general,1,1.0
107,1,general,1647,1674.3713243472905
108,4,general,1,1.0
109,3,general,228,227.598546974375
110,4,general,639,606.7864867662886
113,0,general,401,400.74858370614515
114,1,general,158,209.54596384976895
116,0,general,46,8.656916658013024
118,3,general,327,331.633829218934
119,3,general,827,875.4244805415842
120,2,general,429,513.267305258346
121,2,infantry_grenadiers,748,744.6050232787247
122,3,infantry_grenadiers,512,543.4292225035477
123,2,infantry_grenadiers,558,584.7461052934877
124,1,infantry_grenadiers,263,244.80433391935637
125,0,infantry_grenadiers,629,760.1575790160114
126,1,infantry_grenadiers,496,596.4803211683952
127,1,infantry_grenadiers,588,631.4313562797059
128,3,infantry_grenadiers,758,890.0311778195655
129,3,infantry_grenadiers,777,827.7141912271078
130,4,infantry_light,273,324.9534869352082
131,0,infantry_light,257,313.9191119602081
132,2,infantry_light,162,222.4844063670382
133,3,infantry_light,269,306.33918321382737
134,2,infantry_light,205,228.73986931786771
135,2,infantry_line,317,324.22926652018293
136,0,infantry_line,268,285.73567067136065
137,3,infantry_line,162,214.6999073429272
138,0,infantry_line,237,249.5989052274343
139,1,infantry_line,276,269.8979210645692
140,0,infantry_line,200,177.08190120193504
141,3,infantry_line,216,223.55425480030678
142,3,infantry_line,281,279.19982615557495
144,3,infantry_line,816,835.1742870907318
145,3,infantry_line,568,582.320522818299
146,0,infantry_line,445,462.0956836998199
148,4,infantry_line,497,629.92446153329
149,2,infantry_line,398,398.7795083448538
151,4,infantry_line,543,559.1721680848532
152,1,infantry_line,440,458.3290297928133
153,3,infantry_militia,318,264.52640045098445
154,1,infantry_militia,405,417.5503925101857
155,1,infantry_militia,121,113.85436492008411
156,0,infantry_militia,238,332.192474190737
157,3,infantry_militia,89,131.91160332358837
158,4,infantry_militia,235,220.52518956967936
159,2,infantry_skirmishers,238,262.0838796328717
161,2,infantry_skirmishers,138,191.54068375182166
162,3,infantry_skirmishers,543,578.0521704995841
163,0,artillery_foot,477,445.75315612544284
166,0,artillery_horse,637,629.0802758410191
167,3,artillery_horse,583,609.4125082804647
168,4,cavalry_heavy,687,715.7412472944618
169,2,cavalry_heavy,830,840.3208440441673
170,2,cavalry_heavy,1056,1035.9555921724245
171,2,cavalry_heavy,688,705.3783529483628
172,3,cavalry_heavy,1264,1331.7511157469978
174,4,cavalry_heavy,1060,1072.813051563741
175,3,cavalry_heavy,1222,1286.4153625783686
176,2,cavalry_heavy,1469,1438.4764261837863
177,4,cavalry_heavy,1240,1244.7891044199764
178,2,cavalry_heavy,1074,943.3315916822216
179,1,cavalry_heavy,990,877.025801385561
180,4,cavalry_heavy,1166,1170.2338796949512
181,4,cavalry_lancers,710,679.9158278938764
182,4,cavalry_light,228,218.15454899923674
183,2,cavalry_light,345,370.2282673339376
184,3,cavalry_light,498,482.7370311670551
185,1,cavalry_light,453,377.6759794742146
186,0,cavalry_light,316,333.2325639083943
187,1,cavalry_light,351,358.00950187630224
188,2,cavalry_light,776,668.103066526037
189,1,cavalry_light,633,569.0586908467004
190,4,cavalry_light,254,248.58183128989717
191,0,cavalry_light,348,354.8785930105474
192,4,cavalry_light,270,265.52530300014826
193,3,cavalry_light,310,318.9504415982287
195,4,cavalry_light,326,320.26696787927784
196,0,cavalry_light,534,529.2219283272705
197,3,cavalry_light,914,910.9440896918436
200,2,cavalry_light,318,319.45621716158945
201,3,cavalry_standard,970,952.4055356798598
202,4,cavalry_standard,1031,1044.2779400250356
203,4,cavalry_standard,459,443.9055842354364
204,1,cavalry_standard,604,622.0066837638133
205,2,cavalry_standard,782,738.8672770162082
206,2,cavalry_standard,565,537.6202892349113
208,3,cavalry_standard,490,491.6091896863714
209,2,general,823,821.4109867973602
210,4,general,1,1.0
211,1,general,638,638.1371359629302
212,3,general,534,558.6950349352059
214,3,general,177,177.887820307081
215,2,general,467,466.3991575747804
219,0,general,312,313.1764149936547
220,2,general,1453,1446.6492880044123
221,1,general,554,559.8056871903572
222,0,general,925,892.4981332094812
223,3,infantry_grenadiers,404,504.25853266904454
224,3,infantry_grenadiers,504,516.5562135793784
227,4,infantry_grenadiers,244,202.8828340849562
229,4,infantry_light,458,447.3501419779081
230,2,infantry_light,341,345.970237419366
231,0,infantry_light,347,356.504131123509
232,1,infantry_light,739,773.20935909485
233,4,infantry_light,586,580.8696059041574
234,4,infantry_light,672,648.1704770158019
235,4,infantry_light,968,921.5413898351873
236,1,infantry_line,132,165.7380292275219
237,2,infantry_line,490,483.14824320267724
238,4,infantry_line,390,399.7488131073369
240,1,infantry_line,432,436.04280587506867
241,2,infantry_line,458,447.9302760578297
242,0,infantry_line,339,338.1342332649578
243,2,infantry_line,236,242.02661810951412
246,2,infantry_line,299,297.7878810195486
247,4,infantry_line,382,384.362112216398
248,0,infantry_line,239,237.0036300595688
249,3,infantry_line,200,202.72266915126016
250,0,infantry_line,1013,934.0961439550388
251,0,infantry_line,199,201.44060506495887
255,3,infantry_line,679,636.6530019400902
256,1,infantry_line,332,336.0966684687717
257,4,infantry_line,298,297.21907409275934
259,2,infantry_line,205,270.96377851576426
262,4,infantry_line,730,772.7541260982981
264,1,infantry_line,500,515.3071985126259
265,3,infantry_line,562,568.0635599354845
266,0,infantry_line,723,759.149289296793
267,1,infantry_line,659,664.0550639530816
269,2,infantry_line,778,784.883282523789
271,0,infantry_line,597,581.723064912058
272,3,infantry_line,226,234.2021944155867
273,3,infantry_skirmishers,334,318.5841962955507
13392,1,artillery_foot,300,269.5557293630813
13393,1,artillery_foot,318,261.89228729771196
13394,0,artillery_foot,300,265.11764140231605
13395,1,artillery_foot,516,462.9819271140921
13397,4,artillery_horse,441,370.80698107281137
13399,1,cavalry_heavy,1735,1583.5979243707638
13400,2,cavalry_heavy,827,825.6907859201868
13401,2,cavalry_heavy,1370,1303.651031752894
13402,3,cavalry_heavy,865,866.8503224081127
13403,1,cavalry_heavy,1327,1246.067269442516
13404,2,cavalry_heavy,1863,1757.1702853420527
13405,1,cavalry_heavy,874,825.6407741057617
13406,3,cavalry_heavy,730,714.4546944304577
13408,2,cavalry_lancers,737,602.2297019368966
13409,0,cavalry_light,405,372.63638043089964
13410,0,cavalry_light,358,361.12297377600026
13411,4,cavalry_light,1564,1500.6970534936977
13412,3,cavalry_light,1115,980.7118421064689
13414,1,cavalry_light,1452,1466.8466762398334
13415,0,cavalry_light,663,651.4477183881352
13416,4,cavalry_light,679,675.7906160498587
13417,0,cavalry_light,704,691.7140952671255
13418,1,cavalry_light,1062,906.8476413308894
13419,2,cavalry_light,851,837.0917536736393
13420,0,cavalry_light,918,919.0870216236161
13422,0,cavalry_light,490,472.0932212456457
13423,0,cavalry_light,680,649.2918111828664
13424,0,cavalry_light,560,527.366008807223
13425,3,cavalry_light,784,775.188866886628
13428,2,cavalry_light,426,431.6909188521485
13429,0,cavalry_standard,641,587.8993641570827
13430,2,cavalry_standard,1011,1053.7643417167178
13431,1,cavalry_standard,1251,1283.3816459528236
13432,3,cavalry_standard,958,799.2441363082226
13433,0,cavalry_standard,558,524.738880874696
13434,3,cavalry_standard,844,898.5328920016186
13436,4,cavalry_standard,478,464.143457573944
13437,0,cavalry_standard,621,555.9954926863846
13439,4,general,537,499.8627183134587
13440,1,general,727,640.6294690654444
13441,4,general,1,1.0
13443,0,general,1668,1644.8323229442913
13444,3,general,1091,925.7135789763682
13445,4,general,1,1.0
13446,0,general,1368,1424.401379752408
13447,3,general,202,179.68753979964274
13448,2,general,480,468.2309724293605
13449,0,general,278,276.6020139658623
13450,1,general,611,552.305480090271
13451,4,general,1,1.0
13452,1,general,1174,1200.688844377337
13453,3,general,183,240.15894444251109
13454,3,general,383,352.746468977801
13455,3,general,202,179.68753979964274
13456,1,general,352,355.7029448271381
13457,3,general,202,179.68753979964274
13462,0,general,133,156.73319458121983
13463,4,general,1,1.0
13465,1,general,1371,1439.3937636983924
13466,2,general,1340,1361.2384083188417
13467,4,infantry_grenadiers,878,897.9520507100017
13468,1,infantry_grenadiers,777,720.683509508022
13469,0,infantry_grenadiers,933,866.1651818978062
13471,3,infantry_grenadiers,1131,1108.7411157451443
13472,4,infantry_grenadiers,820,809.652420726742
13473,0,infantry_grenadiers,409,298.75910094620156
13474,0,infantry_grenadiers,908,897.1543708904993
13475,2,infantry_grenadiers,1281,1272.9052785427054
13477,0,infantry_grenadiers,1279,1247.1965255528237
13478,0,infantry_irregulars,319,262.0717668448318
13480,0,infantry_irregulars,504,468.0044753158186
13481,0,infantry_irregulars,343,311.2582465222596
13482,2,infantry_irregulars,489,499.2530271423498
13483,2,infantry_irregulars,603,617.8354020134492
13484,4,infantry_irregulars,327,221.66852216749476
13485,0,infantry_irregulars,128,177.99525334726607
13486,4,infantry_irregulars,730,586.7377232051872
13487,0,infantry_irregulars,403,493.93732409663556
13488,1,infantry_irregulars,513,567.111947475269
13489,4,infantry_irregulars,296,249.62264751516972
13490,3,infantry_irregulars,457,499.2255674774537
13491,3,infantry_light,374,349.6730022904573
13494,1,infantry_light,266,350.00657692826303
13495,0,infantry_light,243,307.8917516552604
13496,4,infantry_light,283,338.7220693309219
13497,3,infantry_light,221,276.6558884103263
13498,4,infantry_light,484,439.10086138468444
13499,3,infantry_light,390,372.85503146897264
13500,4,infantry_light,526,482.32722581872196
13502,0,infantry_line,513,411.7650486776455
13503,2,infantry_line,268,331.5398640781444
13504,4,infantry_line,297,282.9865465326586
13505,0,infantry_line,481,426.6846255705228
13506,1,infantry_line,220,250.04874506047233
13507,4,infantry_line,206,280.8650806565695
13508,2,infantry_line,218,297.09921570805375
13509,1,infantry_line,311,293.41944262133165
13510,4,infantry_line,596,517.5197115518444
13511,4,infantry_line,250,242.39105111014177
13512,0,infantry_line,202,176.37136918748763
13513,1,infantry_line,374,367.65104150937765
13514,0,infantry_line,246,273.66349097168523
13516,1,infantry_line,368,351.009391500646
13518,2,infantry_line,202,213.0428419209295
13519,2,infantry_line,271,281.66402575290107
13520,0,infantry_line,155,190.23786281169143
13521,0,infantry_line,230,248.17952956583284
13522,2,infantry_line,173,240.11875616775978
13523,1,infantry_line,174,199.26897385627143
13524,4,infantry_line,182,207.4899243900027
13525,0,infantry_line,269,260.8040446980777
13526,2,infantry_line,261,233.0541531340505
13527,2,infantry_line,312,396.77901754914376
13528,2,infantry_line,233,308.35169777832715
13529,4,infantry_line,476,438.62200764990865
13530,1,infantry_line,325,322.43727851564455
13531,3,infantry_line,550,509.4756510645444
13533,0,infantry_line,332,335.30891824373805
13534,4,infantry_line,392,431.2685332962895
13535,4,infantry_line,695,652.1978137698782
13536,0,infantry_line,765,698.764667131652
13537,0,infantry_line,958,842.9720098186882
13538,3,infantry_line,578,570.739908309503
13539,4,infantry_line,313,289.9719306911192
13543,1,infantry_militia,244,92.0456655082724
13544,3,infantry_skirmishers,256,232.10506340343622
13545,0,infantry_skirmishers,177,170.63046999469847
13546,1,infantry_skirmishers,692,589.1681507713838
13547,1,infantry_skirmishers,306,258.2228634443194
13548,1,infantry_skirmishers,236,193.08230136001933
13551,3,general,444,247.79628798941002
13552,3,general,292,294.87711941573826
13553,2,general,890,807.0889631445826
13554,0,general,388,390.53111384806573
13557,1,general,365,384.6570074205019
13558,3,general,453,504.8049196608594
13560,0,general,1015,896.0995858780217
13561,3,infantry_light,505,510.65449345267206
13562,4,infantry_light,947,973.2979300269923
13563,1,infantry_line,187,212.97120152286934
13564,4,infantry_line,345,353.745099315215
13565,3,infantry_line,363,369.6048854897002
13566,4,infantry_line,339,365.6812885766198
13567,3,infantry_skirmishers,452,282.4744495939392
13568,2,general,252,256.6535301044661
13569,4,general,179,179.55362386212636
13571,3,general,332,348.2077614914954
13572,0,general,456,485.84402357529564
13573,2,general,187,221.00575874446895
13575,3,general,854,842.3280693838005
13576,0,infantry_light,303,326.6276444161808
13577,2,infantry_line,242,230.55249872761468
13578,0,infantry_line,375,372.6391237325613
13581,3,infantry_line,442,458.73466943372165
13582,1,general,273,275.1839039784845
13583,4,general,149,147.71231096583716
13584,4,general,416,416.41645234181516
13585,2,infantry_grenadiers,482,480.2923649991148
13586,0,infantry_line,334,329.7393819344827
13587,0,infantry_line,249,246.74415387604387
13590,1,general,275,260.04781361588925
13591,3,general,524,534.0026007203749
13592,1,general,618,653.2659766878697
13593,0,general,684,693.5684717703458
13594,0,general,419,414.76339277433397
13595,4,general,1025,1068.9466514935189
13596,2,general,710,778.0622042089472
13597,4,general,403,464.19646277368025
13599,3,infantry_grenadiers,626,668.2671609848536
13600,4,infantry_light,280,282.67580449009876
13602,4,infantry_light,410,403.32170193948394
13603,1,infantry_line,121,100.56947101473585
13604,3,infantry_line,582,611.5043868557403
13605,1,infantry_line,494,504.3947311941211
13606,1,infantry_line,398,443.973108471485
13607,3,general,301,295.2948003802147
13610,3,general,429,426.70971664156133
13612,2,general,57,66.58045897307433
13613,1,general,194,192.45793923163296
13614,4,general,237,222.9684187504182
13615,4,infantry_light,450,427.5080686472787
13617,2,infantry_line,297,289.3799472980825
13618,0,infantry_line,205,225.55662465049176
13623,1,general,101,133.18655032049656
13624,1,infantry_line,286,298.9453513895979
13626,4,cavalry_heavy,905,934.0315117633878
13627,0,cavalry_heavy,1351,1315.8428132953609
13629,4,general,723,759.4613190054432
13631,3,general,74,98.92814106936744
13632,4,general,1127,1129.8934646720063
13633,4,general,266,267.1080392909707
13634,2,general,287,297.42756829635687
13635,1,general,632,642.4873551872679
13636,3,infantry_light,359,364.9191885276673
13637,4,infantry_line,370,373.18304800592466
13639,2,infantry_line,259,251.1389203282844
13640,4,infantry_line,153,165.31281430128814
13641,1,infantry_line,694,694.6957492362466
13642,0,cavalry_light,402,409.15779201455734
13643,3,cavalry_light,541,502.72568912513424
13644,2,cavalry_light,784,818.8437772411645
13648,4,general,306,335.44838127480693
13649,2,general,562,518.1451674817247
13651,1,general,521,526.1565036661499
13653,2,general,432,429.95999679829856
13654,3,general,514,550.3580687601634
13655,3,infantry_line,283,284.8762278257996
13660,4,general,468,388.9351584026061
13662,2,general,200,206.02054894357076
13664,3,general,540,526.2458284699226
13665,0,general,793,838.8036232981121
13666,4,general,456,464.54336681685777
13667,2,infantry_light,577,596.987594880218
13668,2,infantry_line,305,305.69852521430477
13669,2,infantry_line,456,366.0788336446095
13671,2,general,273,284.43615511773305
13673,2,general,216,208.71039057791796
13675,0,general,255,276.5534091761897
13676,3,general,61,48.54673994815499
13677,2,infantry_light,444,441.1715672557993
13678,4,infantry_light,324,310.0868905739618
13679,4,infantry_line,165,153.5715967640708
13680,1,infantry_line,328,340.06793172679966
13681,3,infantry_line,339,349.784953840494
13682,3,infantry_line,199,200.62902055488465
13684,4,general,473,460.05078756173293
13685,2,general,594,611.0680450995904
13686,3,general,627,663.0374506228195
13687,0,general,855,780.7731521356704
13688,3,infantry_grenadiers,293,341.1868974647046
13689,4,infantry_grenadiers,725,775.4886850509401
13690,3,infantry_light,799,819.4535217248101
13692,1,infantry_line,186,183.5758271244522
13693,2,infantry_line,586,610.5915375890413
13694,1,cavalry_heavy,1408,1349.991702057026
13696,3,general,1556,1521.0085081644224
13697,4,general,1067,949.3799943580576
13698,4,artillery_foot,97,155.47400499713507
13699,3,general,46,112.70634128668576
13700,4,cavalry_light,319,340.73346444466904
13701,4,cavalry_light,370,378.94394435235205
13702,1,general,245,252.444206711714
13704,1,general,181,216.69116394022024
13706,1,infantry_light,488,484.32138271690076
13707,1,infantry_line,116,143.07119153672684
13708,0,cavalry_light,768,787.2688604708877
13710,0,general,432,317.4859006437999
13711,4,general,440,457.7010106332948
13712,0,general,513,516.0572738179957
13713,4,infantry_line,376,316.4283588980602
13714,1,infantry_line,477,489.1259746385383
13715,3,general,569,528.4030730615979
13716,0,infantry_line,665,612.1682465956104
13717,3,general,427,409.0399391558688
13718,2,infantry_line,286,278.48172903279493
13719,1,general,582,617.0417296646133
13722,1,cavalry_heavy,599,623.8168005120392
13725,1,cavalry_light,896,909.8528948211163
13726,1,cavalry_light,543,504.38240831373923
13728,1,general,836,847.2632239024558
13729,0,artillery_foot,421,474.32647349987985
13730,0,artillery_foot,454,512.4107007645681
13732,0,artillery_foot,332,395.4033718779046
13733,1,artillery_foot,412,500.27391375836714
13734,2,artillery_foot,689,578.8459245658981
13735,4,artillery_foot,325,361.5754712274974
13737,3,artillery_horse,606,621.0508749005079
13738,2,general,789,797.6503334473271
13741,0,general,978,983.6618576430214
13742,2,general,789,797.6503334473271
13743,0,general,299,301.904043359097
13744,2,general,1391,1404.802596392257
13745,3,infantry_grenadiers,265,176.75998426279506
13746,2,infantry_line,253,200.2777846571267
13747,0,infantry_skirmishers,217,223.84819774543558
13748,1,general,453,411.4890441275259
13749,0,general,341,335.975198119585
13751,0,general,203,234.589657055943
13752,4,general,950,844.9473401007094
13753,2,general,640,637.67441143925
13754,0,general,576,712.2498202538882
13755,3,general,453,438.4013794821762
13756,3,infantry_grenadiers,515,638.6642128080758
13757,3,infantry_light,315,310.8886793938218
13758,2,infantry_light,760,775.2139118736627
13759,0,infantry_light,691,606.9265021989464
13760,1,infantry_line,365,379.43110281402215
13761,4,infantry_line,1072,1023.8115455164241
13762,4,infantry_line,279,335.81195554695523
13763,3,infantry_line,316,315.9531698094442
13764,0,infantry_line,567,541.4780742169589
13765,0,cavalry_light,263,293.9661911100896
13769,3,general,121,178.95137477685097
13771,2,general,724,633.1122190372736
13772,0,general,734,738.52274016344
13773,4,general,489,477.3372801015741
13774,2,infantry_grenadiers,316,382.49941673016673
13775,1,infantry_line,294,297.9727332543099
13777,0,infantry_line,784,793.3358844623374
13778,0,infantry_line,460,446.5598042299056
13779,2,infantry_line,832,862.4545143707213
13780,0,infantry_line,556,495.4428722172696
13781,1,cavalry_heavy,747,740.1048059659488
13782,3,cavalry_heavy,1123,1108.7117226112161
13783,2,cavalry_light,450,459.9343595088404
13784,4,cavalry_light,738,788.8460578994564
13786,1,cavalry_light,609,588.8431023915609
13787,2,general,1052,1059.008253016601
13788,3,general,507,485.054974657231
13789,2,general,585,637.4731874833055
13790,3,general,352,361.9253420335458
13791,2,general,698,697.7024946154125
13792,2,general,401,445.0689246140977
13793,4,cavalry_heavy,1230,1236.323929540417
13794,1,general,1025,1034.1841479152429
13795,2,general,629,595.3895186514331
13796,3,general,407,383.4244617644897
13797,2,general,244,258.0556860011655
13799,1,general,156,174.77701624629353
13800,0,general,311,305.26820994943216
13801,4,general,362,360.84939602568363
13802,0,general,727,695.96177615068
13803,0,general,441,415.67043762574855
13804,3,general,1010,977.032910982383
13806,4,infantry_grenadiers,549,508.0311366573708
13808,2,infantry_light,348,348.51001035263766
13809,3,infantry_line,295,308.16753468296616
13810,0,infantry_line,344,353.5290734343778
13811,3,infantry_line,248,268.62937738020315
13812,4,infantry_line,569,502.9888277582828
13813,4,infantry_line,654,617.0258492456913
13814,0,infantry_line,1048,1001.7630487549771
13815,3,cavalry_heavy,1514,1489.582735046032
13816,4,cavalry_light,332,338.24572218153037
13817,1,cavalry_light,735,666.4025575204765
13818,1,cavalry_light,333,345.93308700211423
13820,2,general,212,235.69014700331178
13822,3,general,758,779.8767291068967
13824,4,general,680,608.6263201360163
13825,2,general,691,645.1704809777297
13826,2,general,241,244.83087830599942
13828,2,infantry_line,332,343.42675532773717
13829,3,infantry_line,571,555.6711052228402
13830,2,infantry_line,723,690.9616651569696
13831,2,cavalry_light,277,314.6404124252916
13832,1,cavalry_light,484,482.47522563607185
13834,3,general,307,355.4033098483719
13838,0,general,560,513.2487891794585
13840,1,general,570,511.2909700381934
13841,0,general,266,292.57772213574106
13842,0,general,713,670.8913938591974
13843,4,general,409,363.9142943970014
13844,3,infantry_line,218,233.8938200253929
13847,2,infantry_line,258,253.33514168094675
13849,0,infantry_line,437,421.33935320429845
13850,4,infantry_line,587,549.3201575478749
13852,4,cavalry_light,740,843.082306839835
13853,2,cavalry_light,339,370.63359898303975
13854,0,cavalry_standard,1062,1038.4316958972936
13855,2,general,656,773.9416642426663
13856,3,general,920,898.8041217503899
13859,2,cavalry_heavy,1357,1380.9103212824466
13860,4,cavalry_light,450,458.35839144489773
13861,1,cavalry_standard,512,537.0727544125957
13862,3,general,1198,1211.99914017417
13863,3,general,356,356.5335400107755
13864,1,general,378,402.77931745205944
13865,3,general,497,476.0186113949286
13866,0,general,282,246.3989084575582
13867,4,infantry_line,388,385.0765785885664
13868,1,infantry_line,329,337.0811858837493
13871,2,cavalry_heavy,1402,1350.257446152082
13873,2,cavalry_heavy,1471,1383.7398976370976
13874,4,cavalry_heavy,1199,1232.4557537424157
13875,0,cavalry_light,516,514.978478019873
13877,1,general,1225,1222.3651869980472
13878,2,general,1294,1232.137214038474
13881,1,general,1093,1066.8114452157515
13882,4,infantry_line,694,636.4751281961834
13883,0,cavalry_heavy,1463,1436.6169218600699
13884,4,cavalry_heavy,1282,1307.6274862401217
13887,1,general,1074,1122.0525123899588
13888,3,general,1141,1125.3806273433154
13889,3,general,1462,1479.9836060642506
13890,2,general,1292,1308.6427702817575
13891,1,cavalry_light,330,352.89922112968094
13892,1,cavalry_standard,689,766.6596978203296
13893,0,general,318,377.3630300113357
13894,0,general,679,720.2231904758905
13896,2,infantry_line,329,343.6093373674302
13897,2,general,227,234.10661722857458
13898,4,general,188,186.0022879309073
13899,4,infantry_line,251,265.5558310250671
13900,4,infantry_line,322,327.9636905855748
13901,1,infantry_line,214,204.96173650884307
13902,2,cavalry_light,476,561.2642469394492
13903,1,general,520,605.6443246034422
13905,3,general,307,270.3482261678654
13906,3,general,343,326.5420170224615
13909,4,general,262,246.55365650374475
13910,3,infantry_line,355,354.8856964666761
13911,4,artillery_foot,826,840.6079006424706
13913,2,artillery_foot,486,468.20944529030214
13914,3,artillery_foot,326,309.36695750050274
13915,2,artillery_foot,69,113.10816159576004
13917,1,artillery_foot,734,654.0066506047392
13918,4,artillery_foot,77,120.0615453751898
13919,2,artillery_foot,407,359.0336071749214
13921,2,artillery_horse,624,617.754401284854
13922,0,general,312,312.2548231173207
13924,0,general,863,839.3347472746309
13925,1,general,638,633.3314845696028
13926,3,general,177,177.385076496828
13927,4,general,1023,1026.6563663050922
13928,0,infantry_line,201,201.46119559813022
13930,4,infantry_skirmishers,189,185.3598174113548
13931,0,infantry_skirmishers,239,252.14221183529102
13932,0,infantry_skirmishers,195,213.47136354949066
13933,1,artillery_horse,1111,1059.6928700961016
13934,4,cavalry_light,1015,878.1239468692903
13936,4,general,848,895.5666803423219
13937,4,artillery_foot,537,517.0009664163788
13938,0,general,405,477.74374018281145
13939,0,general,747,803.5639485866341
13941,0,infantry_light,466,541.3580484987016
13943,3,cavalry_light,616,478.3367941749276
13944,1,general,399,342.10957207158515
13947,1,general,431,404.2418987950776
13948,4,infantry_light,844,836.7736968701264
13950,4,general,772,820.9387794601591
13951,4,infantry_grenadiers,547,668.4533836307515
13952,3,infantry_line,702,715.6754798270699
13953,0,general,1197,956.8834995400596
13954,1,infantry_militia,737,935.4324422022395
13956,4,infantry_militia,492,436.79126222253717
13957,4,infantry_skirmishers,329,327.81454800655195
13958,4,general,299,286.5482295994416
13959,0,general,557,301.63814932333474
13960,1,infantry_militia,405,510.17793067962555
13961,0,infantry_skirmishers,576,321.52025660654215
13963,0,general,563,560.6968235148598
13964,4,general,459,487.3048732538522
13969,4,infantry_line,442,474.32936649202935
13970,0,general,223,208.7130797835793
13972,0,general,561,631.0393720990288
13974,4,infantry_line,538,593.445686453838
13975,1,general,237,233.24799810909047
13977,2,general,614,542.5904046152713
13979,0,infantry_line,349,374.1986491466022
13980,0,infantry_line,432,417.79319900619925
13981,0,general,144,115.15625142263447
13983,4,general,395,374.3264466400036
13984,2,infantry_line,248,244.20064985450122
13985,4,infantry_line,456,456.6804458108834
13986,3,cavalry_light,373,501.8494017713648
13989,0,general,1036,1062.0486145418495
13990,0,infantry_skirmishers,270,260.2536358121315
13991,1,artillery_horse,848,830.8652204379588
13992,1,cavalry_light,598,654.7755337492837
13993,0,cavalry_light,629,674.9152768471046
13994,4,general,503,505.29509316680895
13995,2,general,606,618.263986231708
13997,3,general,382,350.4090456587546
13998,3,general,479,456.86058920222536
13999,4,general,393,363.4983586510053
14000,2,infantry_line,563,453.78164528126393
14001,0,infantry_line,451,447.2006649471919
14002,3,general,158,136.7094658966548
14003,4,general,279,265.20070500266183
14004,1,general,395,402.745814689487
14005,0,infantry_line,260,273.9077178699061
14006,2,infantry_line,391,405.44531320918696
14007,2,artillery_foot,394,368.03954160318375
14008,0,general,162,158.12246149782877
14010,1,cavalry_standard,635,631.3466862440259
14011,3,general,436,452.1022439914363
14012,1,general,673,686.4730300723245
14013,4,general,218,207.79617526277556
14014,2,general,494,450.1548948930658
14015,2,infantry_grenadiers,628,673.2009711450137
14018,1,infantry_line,285,285.49475109024496
14020,0,general,125,139.01291609211466
14021,4,general,76,58.30824040514969
14023,0,infantry_line,172,189.1650591530865
14024,3,infantry_line,173,195.89785296568238
14025,4,artillery_foot,423,558.21301767077
14026,4,artillery_horse,86,133.36217421997782
14027,2,general,348,402.6973257617451
14028,3,cavalry_light,386,506.62845833408323
14029,0,general,335,451.5136936904453
14030,3,general,118,109.4055679007374
14031,4,general,411,446.09206140309857
14032,0,general,666,719.9671521474819
14033,0,infantry_grenadiers,777,870.4998770055774
14034,2,infantry_light,379,458.3717359302044
14035,0,infantry_line,226,250.4505379164277
14036,3,general,74,59.5647388436347
14037,0,general,177,202.40631463616054
14038,1,general,223,233.04896953340386
14040,0,infantry_grenadiers,675,769.7181680558339
14041,4,infantry_light,281,324.3288053580723
14042,2,infantry_line,190,212.38307536680801
14043,1,infantry_line,184,198.30142065627396
14045,1,cavalry_heavy,994,990.6349109736517
14046,3,general,790,777.818026242449
14047,2,general,1225,1187.0721931364387
14048,1,general,1283,1243.3173175784377
14049,2,general,601,598.6359639205845
14050,1,artillery_foot,412,410.03394271510507
14052,1,cavalry_light,611,648.1317834483958
14053,2,general,787,815.8280716834686
14054,4,general,1049,1028.5174387846648
14055,1,general,729,738.1872650039168
14056,2,general,254,214.6968294438552
14057,4,general,287,324.4634282079452
14058,0,general,556,561.390940532651
14059,1,general,788,797.8846406482805
14060,1,infantry_grenadiers,1110,1051.2078041819864
14061,3,infantry_grenadiers,628,594.9450643583216
14062,1,infantry_grenadiers,233,247.171798755923
14063,1,infantry_grenadiers,314,269.03581389407617
14064,2,infantry_grenadiers,700,712.9773744332664
14065,0,infantry_grenadiers,683,691.9837031781793
14066,3,infantry_line,347,335.5702257532185
14067,0,infantry_line,328,403.29050340113025
14068,1,general,348,336.3815469438342
14069,1,general,499,477.6361638269362
14070,3,general,371,390.0899263473223
14071,2,general,647,652.8052915929522
14075,0,general,520,498.87429320948166
14076,1,general,1338,1441.2220068743654
14077,4,general,966,1196.4441836698247
14078,2,general,324,311.78514887203795
14079,2,infantry_grenadiers,933,1021.7828959044923
14081,1,infantry_light,370,403.5162232181197
14082,0,infantry_light,417,427.84768743273867
14083,2,infantry_line,658,645.4701690142541
14084,4,infantry_line,843,1072.6232958239807
14086,1,infantry_line,625,611.2477050285493
14087,0,infantry_line,557,589.4470948624867
14088,2,infantry_line,386,386.47273052363335
14089,2,general,487,434.57098856436744
14090,4,general,1064,1060.9284677557926
14091,2,general,984,949.7161003785391
14092,2,general,831,772.2686805917701
14093,2,general,337,325.0058905043546
14094,4,general,570,557.526223828443
14095,0,general,1069,1062.7473250559553
14096,2,general,647,672.8097127498936
14098,2,infantry_grenadiers,698,740.2123928017579
14099,1,infantry_light,583,572.7680490185164
14103,0,infantry_line,618,634.1623438233092
14104,3,cavalry_light,1360,1398.7335348213123
14105,0,general,1533,1528.342300379084
14106,3,general,375,331.96435503656033
14109,1,general,452,456.7463359475586
14111,3,general,836,746.0681016297515
14112,3,general,627,571.3486487209833
14113,3,infantry_light,525,533.4056496368316
14114,1,infantry_light,837,808.8607792528209
14115,3,infantry_line,409,405.93026027524627
14116,3,infantry_line,416,426.21404073548547
14117,0,infantry_line,636,630.2945959195189
14118,0,infantry_line,400,405.48132085620637
14119,0,general,335,271.1909060568367
14120,3,infantry_militia,376,334.43773644756965
14121,1,cavalry_light,319,293.65672980927565
14122,0,cavalry_standard,696,685.429042443855
14123,1,general,588,560.9747199224915
14124,4,infantry_irregulars,287,213.1550587670454
14125,0,infantry_skirmishers,403,424.44097960171655
14127,1,cavalry_standard,534,1053.005029571835
14128,2,general,394,514.0157665738715
14129,0,general,1022,1025.3964005746875
14130,2,general,1,31.100069868368678
14131,4,infantry_militia,100,192.50681978468614
14133,1,cavalry_light,319,293.65672980927565
14134,2,cavalry_standard,1381,1508.090971783459
14136,4,cavalry_standard,528,511.68561422784694
14137,2,cavalry_standard,1089,1146.835239739406
14138,0,general,1014,995.756933809075
14139,3,general,1390,1388.8333762720845
14140,4,general,495,542.4685187685202
14141,4,general,595,562.0501560774684
14142,4,infantry_irregulars,271,295.3119837232954
14143,0,artillery_foot,346,363.94116532358476
14144,3,artillery_foot,804,788.139996548911
14145,2,artillery_foot,796,766.2555555502887
14146,0,artillery_foot,316,348.451871832385
14147,1,artillery_foot,1379,1462.953613200072
14148,3,artillery_foot,1457,1430.5744004166102
14150,2,general,1729,1636.8278377046129
14151,4,general,1284,1230.5616283135719
14153,0,general,1076,1104.1547918357255
14155,2,general,1529,1586.7721758358218
14156,4,general,778,910.7000915453347
14157,4,infantry_grenadiers,322,243.29783114751154
14158,1,infantry_skirmishers,230,253.3937984014781
14159,1,infantry_skirmishers,230,253.3937984014781
14160,1,infantry_skirmishers,210,209.81029273712147
14161,0,cavalry_heavy,1203,1165.5120274964179
14162,2,cavalry_heavy,1118,1138.6686013421197
14163,1,cavalry_light,423,421.83458428731797
14164,2,cavalry_light,352,360.9575069211511
14165,3,cavalry_light,554,560.006642436806
14166,0,cavalry_light,641,590.2688606908644
14167,3,general,321,326.56546419010436
14168,4,general,994,969.1669462453837
14169,3,general,127,168.87114666402115
14171,0,general,523,489.33244390346397
14173,3,general,441,450.267806146128
14174,2,general,981,991.1243385130333
14175,0,general,1189,1121.0132890953837
14176,4,infantry_grenadiers,382,442.66093353422184
14177,1,infantry_grenadiers,1029,1072.9512085166607
14178,3,infantry_light,243,276.318801748679
14179,1,infantry_line,409,409.99275767722065
14180,1,cavalry_heavy,1149,1174.6094067595895
14181,2,cavalry_heavy,1464,1493.1733988747983
14182,2,cavalry_light,364,379.36196021681644
14183,0,cavalry_light,336,351.3655110489966
14184,4,cavalry_light,878,843.5612252327595
14185,1,general,1073,1101.419621347321
14186,4,general,209,240.94404034183356
14187,4,general,799,790.1721632952616
14189,0,general,1463,1473.985728295562
14190,3,general,298,291.61028944796925
14191,3,general,702,690.2751859736628
14194,3,infantry_light,822,854.7094607067603
14195,2,infantry_line,246,257.67214884548224
14196,1,infantry_line,442,411.15981390574854
14198,1,cavalry_heavy,1469,1431.9122792874339
14199,2,general,1242,1249.4782565275825
14201,4,general,553,573.1845983348303
14203,2,general,1565,1664.7794828386789
14204,0,infantry_grenadiers,429,498.6660504259659
14205,0,infantry_grenadiers,604,617.8667263064999
14206,2,infantry_line,565,584.3379583194629
14207,0,cavalry_heavy,752,718.5412572668034
14208,1,general,639,643.541724262357
14209,3,cavalry_heavy,1789,1756.7902785683862
14211,0,cavalry_heavy,2239,2273.5080981668716
14212,1,general,1870,1811.213948408764
14213,0,general,928,988.781863776227
14219,0,cavalry_standard,406,404.86234393233633
14221,1,general,885,934.7733691206502
14222,2,general,820,771.0791384499087
14223,2,general,1040,1032.7823084312236
14224,4,general,1233,1110.5960747584988
14225,4,general,399,396.6852903486524
14226,3,general,1262,1251.672037999138
14228,1,general,786,688.1380862212063
14229,1,general,345,348.92913038220627
14230,1,infantry_light,570,576.7879836071783
14231,1,infantry_light,404,403.6199535973841
14232,2,artillery_horse,569,587.4080237681299
14233,2,cavalry_standard,701,724.0129597905158
14234,2,general,577,602.5350491914811
14235,2,general,46,77.18332107022025
14236,4,general,644,655.0054944326388
14238,1,general,546,551.6116256447991
14239,0,general,604,619.4518862929004
14240,4,infantry_line,125,136.41293188914076
14241,0,infantry_line,466,487.57445505472924
14242,1,infantry_line,461,470.8937757235443
14243,3,infantry_line,504,531.4363732921237
14244,1,general,332,334.59888631845683
14245,0,general,414,415.0147129507571
14246,4,general,321,371.7072570777588
14248,0,general,409,476.41641548947104
14249,1,general,361,357.573781596671
14251,4,infantry_grenadiers,380,425.9261505357042
14252,4,infantry_line,186,187.5509280765243
14253,0,infantry_line,385,391.51131941582554
14255,3,infantry_line,327,366.49373697145035
14256,3,cavalry_light,346,363.4781299150046
14257,4,cavalry_light,558,545.8984600521998
14258,0,general,296,319.07136736781774
14259,3,general,414,383.9410389116282
14260,2,general,555,550.9687245545219
14261,4,general,508,451.39407501706586
14262,4,infantry_light,392,379.3932732971972
14263,0,infantry_light,489,453.9322276304373
14264,3,general,228,257.3709904028277
14265,2,general,232,230.04897170519453
14266,0,general,230,232.9984870797848
14267,0,general,269,327.32049659084896
14268,4,general,553,570.0895868953169
14269,3,infantry_grenadiers,343,360.6216023299223
14270,1,infantry_grenadiers,743,752.259814686172
14271,1,infantry_line,291,280.95308929215304
14272,4,infantry_line,290,283.07165396683206
14273,0,infantry_line,338,389.11041550295107
14274,3,infantry_line,602,645.9058473460566
14275,0,general,374,356.3839038864485
14276,0,general,220,276.92847033203054
14277,2,general,797,776.2306385245097
14279,3,general,584,599.1771943983813
14280,3,general,363,379.84544252367164
14281,2,infantry_grenadiers,623,598.7774217984041
14282,1,infantry_line,358,339.55365519474014
14284,4,infantry_line,661,685.8152805610468
14285,2,infantry_line,423,441.18728224883057
14286,2,general,415,385.7580864921453
14287,4,general,274,318.6298850255607
14288,4,infantry_light,463,453.97622006370705
14289,0,infantry_light,134,140.61536290633666
14290,1,infantry_light,350,389.5849350308115
14292,3,cavalry_standard,515,516.0024915297765
14293,1,general,390,417.90337782629
14295,1,general,429,448.1892204372344
14296,0,general,249,265.7767426769081
14298,0,cavalry_standard,442,419.7260113945714
14300,3,general,410,373.49766391657863
14301,3,general,358,334.90043972491355
14302,2,general,309,291.392425652209
14303,2,general,285,276.00695927311915
14304,1,general,359,408.7613984069128
14310,4,general,387,367.9741617875578
14311,4,cavalry_standard,618,625.4679473745458
14313,2,cavalry_standard,389,405.4217765241144
14314,1,general,328,344.54299589264025
14315,3,general,466,475.3892661920621
14316,1,general,341,364.33524432819286
14317,0,general,1696,1331.754119899292
14318,3,general,1164,1000.8087039743743
14319,0,infantry_grenadiers,1123,942.0189100591671
14320,1,infantry_grenadiers,1064,1040.2698060256523
14321,3,cavalry_standard,809,813.4694285031081
14322,3,cavalry_standard,373,368.9633482595908
14323,4,cavalry_standard,613,558.4661868707843
14324,3,general,278,281.34081611495947
14327,3,general,502,446.84228470185445
14329,3,artillery_foot,533,598.2694208745503
14330,1,artillery_foot,667,647.9203470917676
14331,3,artillery_foot,1017,990.6356784367515
14332,1,artillery_foot,1044,1018.3611553869199
14333,2,artillery_foot,334,322.1173660265099
14334,3,artillery_foot,760,782.2828038282532
14335,4,artillery_foot,433,400.86903621227816
14336,3,artillery_foot,430,451.33887003236003
14337,0,artillery_foot,780,775.0919989230202
14338,2,artillery_horse,496,489.46172401740705
14339,0,artillery_horse,889,902.6200848220515
14340,1,artillery_horse,1561,1563.1780640957536
14342,4,general,530,473.9437426821456
14343,3,general,782,801.0123312861537
14344,4,general,338,356.69715034725465
14345,0,general,799,803.9602162295574
14346,0,general,828,866.8998022409005
14347,0,general,499,502.95047321590727
14348,2,general,645,649.5598160349987
14349,1,general,365,368.3593833715543
14350,2,general,503,594.7110808078097
14352,2,general,645,649.5598160349987
14353,2,general,1137,1143.989136360463
14354,4,general,1592,1664.4425076146217
14355,2,infantry_skirmishers,162,172.31570814250148
14356,3,infantry_skirmishers,281,283.85743096237024
14357,2,infantry_skirmishers,278,269.88460095752504
14358,0,cavalry_light,964,966.9461724577068
14359,4,general,994,997.5605476429587
14360,3,general,797,769.6615401844002
14362,2,general,579,543.4693158979685
14363,1,general,420,504.53121459109013
14366,4,infantry_light,625,647.6454454253166
14367,4,infantry_light,659,746.6362419782184
14368,1,infantry_light,939,997.505271593704
14369,4,infantry_line,491,572.2371099330786
14370,0,infantry_line,843,823.1843650555182
14371,4,cavalry_light,642,637.329890697502
14372,1,general,383,484.98043873275714
14373,3,general,341,323.14568246759393
14374,1,general,479,455.5691477686157
14375,1,general,294,273.4947748900053
14376,0,general,215,190.92380807312608
14377,4,general,474,480.5438050781396
14378,4,general,820,884.6974002712717
14379,0,general,888,940.4876513424058
14380,3,general,685,659.0743207434871
14381,4,general,1112,1115.6209144322572
14382,0,infantry_grenadiers,455,492.2288774909143
14383,4,infantry_grenadiers,377,468.0019368624087
14385,3,infantry_line,455,451.5408101390921
14387,4,infantry_line,526,516.6591121237925
14388,1,infantry_line,320,313.30072626081375
14389,0,infantry_line,948,1010.7457085479086
14390,3,infantry_line,993,1001.4765194208301
14391,4,infantry_line,804,794.998808194287
14392,0,cavalry_light,526,549.3937243151868
14393,2,general,332,305.3201496000364
14394,2,general,363,370.939562837573
14396,0,infantry_line,436,431.7760802941492
14397,1,infantry_line,732,715.508726593964
14400,4,general,382,367.11022762907226
14401,0,general,262,247.9992558050608
14402,0,general,876,798.6921493893484
14403,1,general,338,329.0574466334496
14405,2,general,1353,1221.8828555861626
14406,4,infantry_grenadiers,447,455.3073392424024
14408,0,infantry_light,493,494.12138912988854
14409,4,infantry_light,674,686.7602389152357
14410,0,infantry_light,1193,1133.1345176734576
14411,3,infantry_line,307,309.9298025204321
14412,4,infantry_line,365,373.1996536332807
14413,4,artillery_horse,100,155.24190160922552
14414,3,cavalry_light,556,591.2411719594868
14415,0,general,426,472.8286855305098
14416,2,general,546,513.661869769565
14417,3,general,448,483.99913708819463
14418,2,general,650,650.8831729571391
14419,1,general,546,661.2243412339224
14420,3,general,479,455.0801017161801
14421,0,general,908,887.2336524208301
14423,2,general,1026,962.4459018800706
14424,3,infantry_grenadiers,536,626.6003243391187
14425,1,infantry_grenadiers,1051,1050.1006037117309
14426,4,infantry_light,485,527.8880503897159
14428,1,infantry_line,663,647.136600126896
14430,3,infantry_line,419,524.2780248642035
14431,4,infantry_line,812,787.4930025825585
14432,0,infantry_line,850,765.6632633561543
14433,1,infantry_line,937,906.2533768210092
14434,1,infantry_skirmishers,223,249.32094550185002
14437,2,cavalry_light,592,617.3936332251934
14438,1,general,1132,1028.8447883274396
14439,4,general,446,441.76616094360145
14440,4,general,177,233.91583454422798
14441,4,general,354,355.1534565473165
14443,2,infantry_line,408,418.36097432041237
14444,2,general,206,232.14253754291767
14445,4,general,78,64.7621215021097
14446,1,infantry_line,249,298.4066612305303
14447,2,infantry_line,261,328.6117225308827
14448,1,infantry_line,185,185.70102226255784
14449,4,artillery_foot,562,661.0957614976517
14452,0,general,437,472.94476685827277
14453,1,general,1051,1045.9048646103865
14454,4,general,568,528.8456510306979
14455,3,general,867,858.3324572943347
14456,3,general,496,583.9833729561799
14457,1,infantry_grenadiers,1075,1092.6683870039785
14458,3,infantry_light,479,557.2241398274808
14459,4,infantry_line,377,373.03150630038493
14460,2,infantry_line,688,664.7850775070516
14462,4,cavalry_light,1258,1190.1426948101555
14463,4,cavalry_light,1750,1632.358376397942
14464,3,cavalry_standard,631,712.2570381425827
14465,4,general,694,684.0049387984681
14466,2,general,1652,1560.7061682558726
14467,2,general,1114,1041.5797322059816
14468,0,general,1304,1216.0947506205935
14470,1,general,744,739.3794795523304
14471,3,infantry_grenadiers,1320,1301.1584154790617
14472,0,infantry_line,627,620.3631211569746
14473,4,infantry_line,866,878.0912153952934
14474,2,infantry_line,1056,1087.9401136523104
14475,4,cavalry_light,1692,1628.0342926527976
14476,3,cavalry_light,774,801.0846098639889
14477,3,cavalry_standard,1388,1457.501523811417
14478,4,general,1512,1441.7599021574315
14479,0,general,574,510.324954431015
14480,0,general,667,677.012934321019
14481,3,infantry_line,611,582.6251983813561
14483,2,general,408,385.89399601861896
14485,4,infantry_line,285,296.43786723508595
14486,2,infantry_line,361,366.6950163113494
14487,2,artillery_foot,614,574.9804141105936
14488,0,artillery_foot,614,650.052608141718
14489,3,cavalry_light,968,968.5681704502849
14490,2,cavalry_standard,1054,1156.4580270762094
14491,4,cavalry_standard,945,1147.9155996867198
14493,4,general,800,750.8477613182401
14494,1,general,751,914.356703442739
14495,3,general,918,1003.5121029864665
14496,0,general,823,801.8852314077403
14497,0,general,775,841.7575134561481
14499,1,general,537,563.5652025634805
14500,4,general,883,853.5507856272108
14501,2,general,372,380.0433495679016
14502,3,infantry_grenadiers,736,794.7887165956226
14503,2,infantry_grenadiers,936,902.9894726588042
14506,1,infantry_line,672,674.160660458415
14507,3,infantry_line,663,703.010556245639
14508,0,infantry_line,483,504.56029166070397
14509,2,cavalry_light,874,787.6404636872319
14510,0,cavalry_light,727,762.3715504052964
14512,2,general,342,359.8004600470182
14513,4,general,753,657.9784444386204
14514,3,general,300,330.2722477945324
14516,1,infantry_light,328,359.9723422871372
14517,4,general,564,594.8524931730506
14518,0,infantry_light,386,402.9999212925741
14520,2,infantry_skirmishers,547,498.9569696914689
14521,0,artillery_foot,473,409.2905594817952
14522,3,cavalry_standard,1104,1003.9729266044098
14523,1,general,190,212.73399126751974
14524,2,general,1047,939.9016623466209
14526,3,general,842,871.0079746521205
14528,0,general,645,658.1426300640128
14530,3,infantry_grenadiers,611,690.1055187836863
14531,1,infantry_line,339,330.10561062116864
14532,0,infantry_line,291,334.1570475925269
14533,2,infantry_line,1103,1128.8859102720755
14534,1,infantry_line,765,785.5734716410082
14536,0,artillery_foot,309,349.3172856756506
14537,4,artillery_foot,558,540.0377088226472
14538,3,cavalry_standard,1181,1305.5580936202482
14539,3,general,245,252.06846990898057
14540,0,general,1121,1186.200634842376
14541,4,general,279,330.938677785848
14542,4,general,377,403.75180726214217
14543,0,general,580,604.2368243721188
14546,4,infantry_light,624,700.4158332516212
14547,1,infantry_line,355,373.2685503311777
14548,4,artillery_horse,631,627.4036045555629
14549,4,cavalry_light,763,778.6512252194053
14550,4,general,613,604.5197061658839
14551,0,general,609,608.1628084930675
14552,0,general,706,707.0901216738407
14553,2,infantry_line,828,844.2779903836162
14554,3,cavalry_light,527,547.8792180562316
14555,3,cavalry_light,404,425.25825199042896
14557,1,artillery_horse,1685,1699.3859662223492
14558,2,cavalry_light,1306,1141.298350703495
14559,1,cavalry_light,468,484.6499829949697
14560,4,general,338,321.50975728912476
14561,2,general,1154,985.0857525710366
14562,2,general,1464,1444.0486839510459
14563,2,cavalry_heavy,2153,2104.7953229994305
14564,1,cavalry_heavy,1755,1799.7387702424305
14565,0,general,1950,1941.188475850802
14566,4,general,1511,1517.2734533842593
14567,4,cavalry_standard,1607,1694.3610421172903
14568,4,cavalry_standard,1069,971.3977668131287
14569,2,cavalry_heavy,2461,2359.129358089751
14570,0,general,2237,2205.320098141619
14572,4,cavalry_standard,898,894.3338089500795
14573,3,general,1217,1309.523747450234
14576,4,artillery_foot,1322,1288.4670270008849
14578,3,artillery_foot,935,911.4839946791143
14579,1,artillery_horse,947,913.5128735265425
14580,0,general,469,468.55480080408694
14581,0,general,469,468.55480080408694
14582,2,general,1316,1249.618254852818
14583,4,general,1,1.0
14585,2,general,701,699.9950434361573
14587,2,infantry_skirmishers,345,346.55272525272073
14588,2,infantry_skirmishers,318,317.34725666260624
14589,1,infantry_skirmishers,331,320.71717664401393
14590,1,cavalry_heavy,1616,1541.4808193929339
14591,4,cavalry_heavy,1378,1440.3300014882066
14593,4,general,218,206.42722775401882
14594,3,general,628,542.0091726640859
14596,0,general,560,479.6069151759785
14597,0,general,173,127.52908645265519
14598,2,general,501,472.33653527918034
14600,4,general,589,599.0403106989324
14603,2,general,880,857.7941463217128
14604,2,general,640,634.523540760263
14605,1,general,821,764.850666245062
14606,3,general,501,475.46020337998243
14607,1,general,716,807.3832712959972
14608,0,general,954,912.1836925908099
14609,0,general,600,626.1573622787679
14610,2,general,1766,1742.286486342115
14611,3,infantry_grenadiers,416,484.9449104336548
14614,0,infantry_grenadiers,706,769.6168388933764
14615,3,infantry_grenadiers,883,942.7391343764627
14616,2,infantry_light,281,273.7475531134322
14617,4,infantry_light,513,475.78598304435866
14618,0,infantry_light,647,626.5195193565881
14619,3,infantry_light,471,472.20435961559355
14620,4,infantry_light,560,589.8750505137332
14621,3,infantry_light,761,803.7665090944425
14622,0,infantry_line,272,274.31109736866847
14623,1,infantry_line,485,473.5216553305584
14624,3,infantry_line,468,460.3189461092444
14625,1,infantry_line,561,588.5404497262846
14627,4,cavalry_heavy,1020,1070.5179084007434
14628,0,cavalry_heavy,1098,1162.5252781012787
14629,2,general,166,172.30562956890407
14630,3,general,830,867.0208483786547
14631,3,general,599,591.4958474365443
14632,1,general,379,368.4323814411906
14633,2,general,213,214.63644376408217
14634,1,general,189,192.34124437183826
14635,4,general,1012,1081.8553242817234
14636,1,general,329,351.6623384043138
14637,0,general,103,121.38580813912064
14638,2,general,292,298.95719043001367
14639,2,general,285,286.7343043902958
14640,3,general,673,680.699758028292
14641,2,general,544,564.8005879077176
14642,0,general,869,794.1936437816458
14643,0,general,359,361.7357302819442
14646,0,general,339,329.5752626731556
14647,2,general,375,377.2103630070254
14648,4,general,634,610.4890002007339
14649,0,general,814,707.556945045596
14650,4,general,477,478.2654463619188
14651,3,general,625,631.9384788761799
14653,3,infantry_grenadiers,587,579.4289362804809
14654,2,infantry_grenadiers,625,594.5322399410165
14655,4,infantry_grenadiers,511,505.0488757023238
14657,0,infantry_grenadiers,732,731.4407786518016
14659,3,infantry_light,757,775.2435728355102
14660,4,infantry_light,570,564.8844432940754
14661,1,infantry_line,289,293.15571753443163
14662,1,infantry_line,260,269.7116327524179
14663,4,infantry_line,200,207.36543284280572
14664,1,infantry_line,327,335.08939619089324
14666,0,infantry_line,360,364.1313961157521
14667,1,infantry_line,202,215.14582492106777
14668,4,infantry_line,654,679.5454108703765
14670,0,infantry_line,528,539.7409779118084
14671,3,infantry_line,514,499.5172382662063
14672,0,infantry_line,431,436.53964197475767
14673,3,infantry_line,351,352.39890277243387
14674,3,infantry_line,447,449.0794600753616
14675,1,artillery_horse,278,281.80103421750795
14676,0,cavalry_heavy,384,625.6989467560878
14678,0,general,278,301.9345258300331
14679,3,general,226,503.24374250913036
14680,1,general,373,369.10065989808294
14681,0,general,238,235.07478267312837
14682,4,infantry_line,241,249.36803094963167
14683,2,infantry_line,431,432.35512938290105
14684,4,cavalry_heavy,1661,1739.0814255984396
14685,3,cavalry_heavy,1130,1133.7335943725368
14686,3,cavalry_heavy,1937,1876.2579540648112
14687,3,general,440,413.8197533720073
14688,0,general,1905,1869.3382975116108
14690,4,general,933,951.2134492440262
14692,0,general,359,336.42340165392824
14693,1,general,1728,1710.1502521226696
14694,4,general,101,110.40663217765149
14696,0,general,735,682.2267208293553
14697,1,general,280,291.3318411414485
14698,1,general,215,240.7548159344204
14700,1,general,1267,1165.3749542658952
14701,4,general,267,295.1807982567515
14703,3,infantry_grenadiers,777,782.0203988549285
14704,3,infantry_light,430,432.18029816479026
14705,2,infantry_light,207,207.55405119292067
14706,1,infantry_light,405,409.3153719531906
14707,1,infantry_light,514,560.1454047204536
14709,1,infantry_light,287,307.4494864985475
14710,2,infantry_line,678,614.3223347157978
14711,4,infantry_line,339,348.8523807542896
14712,0,cavalry_heavy,1199,1203.7412504280715
14713,4,cavalry_heavy,1328,1404.7370087507943
14714,3,cavalry_light,862,902.0626874320827
14716,4,general,614,573.5981971694373
14718,4,general,181,196.96353328201826
14720,3,general,176,190.13928667104892
14721,3,general,176,181.4414292265686
14722,0,general,101,123.1508237778978
14724,4,general,995,1018.1612304423143
14727,1,general,393,412.845559332199
14728,1,general,354,376.9697608692052
14729,3,general,638,632.0986606158518
14730,0,general,520,543.8762193146187
14732,1,general,368,356.07224180800074
14733,3,general,401,408.20177002474213
14734,3,general,254,239.16612566340004
14735,4,general,370,380.0788267785324
14736,0,general,432,453.4649665534725
14737,1,infantry_grenadiers,330,363.45206772528564
14738,3,infantry_grenadiers,425,452.9313259514684
14739,2,infantry_grenadiers,710,716.5106159503442
14740,1,infantry_grenadiers,536,519.8409348820084
14741,0,infantry_grenadiers,400,421.54093021382226
14742,4,infantry_light,411,406.3921782771289
14743,1,infantry_line,249,257.6787886637616
14744,3,infantry_line,237,248.4493430928186
14745,2,infantry_line,274,276.9053323541989
14746,1,infantry_line,196,217.89282025121267
14747,0,infantry_line,329,328.7945865951038
14748,4,infantry_line,450,469.13025790968675
14749,2,infantry_line,356,337.0051737354574
14750,0,infantry_line,416,411.52713631274236
14751,2,infantry_line,575,576.0380669126386
14752,1,infantry_line,536,555.0882257169615
14753,3,infantry_line,460,473.10503043439945
14754,4,infantry_line,433,446.22137077174534
14755,0,artillery_foot,501,499.1087286852469
14756,1,cavalry_heavy,1244,1216.8547598492119
14758,2,general,343,327.9957766499884
14759,0,general,93,107.17477746545175
14760,1,general,324,287.4600539417561
14761,0,general,542,598.5409690691546
14763,3,general,1164,1144.0431639246685
14764,1,general,425,406.9732662505828
14766,3,infantry_grenadiers,425,461.5353583486579
14767,2,infantry_grenadiers,659,699.7335692060535
14768,3,infantry_light,256,253.74251192549397
14769,1,infantry_light,437,412.03830936360777
14770,1,infantry_line,119,175.62918233102914
14771,1,infantry_line,122,130.64538744415606
14772,2,infantry_line,314,291.69630506523276
14773,3,infantry_line,321,323.8504571234259
14775,1,infantry_line,220,222.76014618020895
14776,0,infantry_line,655,633.7798564593611
14777,4,infantry_line,473,468.9570317806185
14778,2,infantry_line,404,390.19593736825595
14779,3,cavalry_light,357,372.4051423687057
14780,0,cavalry_light,577,526.6285541235833
14781,3,cavalry_standard,626,643.9465445231289
14782,4,cavalry_standard,434,466.8462043105151
14783,2,cavalry_standard,710,685.6914510389821
14784,3,general,300,316.4794488121545
14786,2,general,462,427.51661106820217
14787,2,general,545,529.0374370059782
14788,4,general,306,344.8277469382151
14789,4,general,568,582.4043770493121
14793,1,infantry_light,544,594.6771222664798
14794,2,infantry_line,558,540.9844276034721
14795,3,infantry_line,478,479.3132623677222
14796,1,cavalry_light,570,529.7026425598293
14797,3,cavalry_light,284,305.58710165638024
14798,4,cavalry_light,267,294.8078825755098
14799,2,cavalry_light,332,350.4557903614113
14800,3,cavalry_light,331,337.7183496277923
14802,3,cavalry_light,486,500.74552655805456
14803,4,cavalry_light,383,406.57686516209685
14804,2,cavalry_standard,854,866.3404861749441
14805,0,cavalry_standard,416,443.76684703948877
14806,1,general,244,264.046527281693
14807,3,general,521,525.1889828824935
14808,1,general,228,248.18112669957148
14809,2,general,450,426.12409721123134
14811,0,general,267,291.50049384479706
14812,0,general,724,721.063837056945
14813,2,general,258,281.63961113459175
14814,4,general,260,295.23656541815365
14815,2,general,366,381.2253160827785
14817,4,general,622,620.0780837893609
14818,3,general,411,394.3920428500842
14819,1,general,571,534.6024676989932
14820,1,general,327,360.0076698667353
14821,0,general,533,497.25550926982237
14822,1,general,275,309.5457362698905
14824,2,infantry_light,226,251.21509736966638
14825,0,infantry_light,202,217.77243759308826
14826,3,infantry_line,408,407.28345071473683
14827,1,infantry_line,582,562.8278101646772
14828,1,infantry_line,350,344.58084552188694
14829,4,infantry_line,434,458.22095248943714
14830,4,cavalry_light,740,731.9587874137198
14831,2,cavalry_standard,876,883.94131512874
14832,1,cavalry_standard,727,703.7490834001036
14833,0,general,723,722.4151308546964
14834,3,general,34,53.420614591605215
14835,4,general,49,67.22668082396265
14838,1,infantry_line,104,116.63841428831313
14839,3,infantry_line,77,95.33452522247553
14840,4,general,81,107.45822562047486
14841,0,general,18,65.84248801613812
14842,2,infantry_line,102,157.53452169436733
14843,4,infantry_line,125,167.43786588157656
14844,2,cavalry_light,256,273.19534953529967
14845,1,general,156,188.3504141227051
14846,4,artillery_foot,134,168.3387850590175
14847,4,cavalry_standard,601,568.2027519439729
14848,0,cavalry_standard,627,609.8014814918149
14849,2,general,636,568.3332379801387
14850,1,general,514,501.14165317579307
14851,2,cavalry_light,500,473.5827036799792
14852,1,cavalry_light,703,683.4455462567131
14853,4,cavalry_light,498,503.6013949771642
14854,2,cavalry_light,836,828.2544466866732
14855,2,cavalry_standard,391,400.22405797588254
14856,4,cavalry_standard,813,833.5679257142393
14857,4,general,705,703.0479145473876
14860,3,general,687,701.6619751035558
14861,0,general,340,336.27831486052577
14863,3,general,376,374.53082245759623
14864,1,general,532,490.01111473779594
14865,1,general,1046,972.8913432299271
14866,1,infantry_grenadiers,752,766.2869300611007
14867,1,infantry_light,429,439.0568919036024
14870,3,cavalry_light,225,250.6204061288527
14871,2,cavalry_light,348,352.99130937566514
14872,3,cavalry_standard,889,884.6236001619667
14873,0,cavalry_standard,567,559.4425340851044
14874,1,general,813,784.0233212933935
14875,4,general,93,140.1505518103346
14877,3,general,458,437.9658779140966
14878,0,general,593,613.63730400168
14879,2,infantry_grenadiers,571,559.4847593115189
14880,3,cavalry_standard,736,758.3180632972133
14882,1,general,285,305.28417985381475
14883,4,general,670,690.5186344736649
14884,1,cavalry_standard,830,826.4779342449245
14886,0,general,301,341.37780781016215
14887,2,general,701,701.0382729922617
14889,1,cavalry_standard,361,390.4507560129961
14891,3,general,665,610.264708688269
14892,3,cavalry_standard,535,530.7116088260484
14893,0,cavalry_standard,632,614.8948227573802
14894,4,general,567,565.2825990305863
14895,0,general,388,389.35305766224695
14896,0,cavalry_standard,690,671.0637687779347
14897,2,cavalry_standard,937,961.5678303410203
14900,2,cavalry_standard,342,344.1463985769803
14901,4,cavalry_standard,341,346.37482866085395
14903,2,general,372,352.71316526914154
14905,0,cavalry_light,759,752.1424931675194
14906,3,general,1406,1445.0571079262359
14907,2,general,628,633.7771490344929
14908,3,general,787,766.7911486741338
14909,3,artillery_horse,810,836.442220468582
14910,2,artillery_horse,444,445.6339575378092
14911,3,cavalry_light,342,350.97969757230476
14912,4,cavalry_light,263,284.87093368133316
14913,2,general,256,278.66461939939336
14914,3,general,219,233.48976184762554
14916,4,artillery_foot,934,942.1432502030536
14917,1,artillery_foot,914,920.4513834358748
14918,1,artillery_foot,300,306.5469879182546
14919,4,artillery_foot,301,313.3591223159368
14921,2,artillery_foot,542,517.2807648938528
14922,0,artillery_foot,537,536.2122872577986
14923,2,artillery_foot,776,712.3244951631052
14924,3,artillery_foot,554,547.206982348955
14925,3,artillery_foot,51,84.81446613764385
14927,0,artillery_foot,383,360.6274747745419
14928,2,artillery_foot,611,605.492012420054
14929,3,artillery_foot,453,492.9571648195493
14930,3,artillery_foot,579,574.3487856924548
14931,0,artillery_foot,847,852.3658189318855
14933,2,artillery_foot,864,862.3594657898631
14934,1,artillery_foot,280,288.2253277405576
14935,4,artillery_horse,843,839.6102116580321
14937,4,artillery_horse,923,935.0747138079349
14938,2,artillery_horse,1409,1424.184207876426
14939,3,artillery_horse,837,852.8807696548998
14940,1,artillery_horse,807,805.2055335291938
14941,2,artillery_horse,428,426.36009585633434
14942,3,artillery_horse,784,805.0989369374561
14944,1,general,1649,1576.3340815125803
14945,4,general,739,752.3526994058524
14946,2,general,761,772.7794475324449
14947,2,general,399,408.6921656062613
14948,0,general,216,218.96597360372314
14949,4,general,83,131.12254133736653
14950,0,general,679,692.9811738176335
14951,0,general,707,713.4335597468605
14952,3,general,1253,1277.2703204385552
14953,4,general,1,1.0
14955,0,general,950,982.7004398925526
14956,2,general,570,584.3605226528869
14957,4,general,570,574.9870827627835
14958,2,general,783,812.5405055098083
14959,3,general,335,351.1011071245181
14960,1,general,853,858.0768179639965
14961,2,general,570,584.3605226528869
14962,2,general,1006,1029.1617078677255
14967,2,infantry_skirmishers,149,168.17895790824664
14968,2,infantry_skirmishers,135,157.6744487976508
14969,2,infantry_skirmishers,135,157.6744487976508
14970,2,infantry_skirmishers,135,157.6744487976508
14972,3,infantry_skirmishers,217,223.78748734132537
14973,4,cavalry_heavy,1123,1415.657604432456
14974,4,cavalry_heavy,821,1067.810173345886
14975,4,cavalry_light,282,291.8726033436494
14976,0,cavalry_light,701,595.4791474741431
14977,4,cavalry_light,824,803.7817422665078
14979,2,cavalry_standard,838,704.1106744014116
14980,3,cavalry_standard,696,642.2853433793546
14981,3,general,962,1208.7472684730708
14982,0,general,639,551.8194257289825
14983,3,general,794,835.5976224217262
14984,3,general,493,463.28642047787463
14985,4,general,161,174.43081540209025
14986,4,general,671,732.818639502906
14987,0,general,283,254.34799446250912
14988,2,general,324,350.16444910783525
14989,0,general,699,678.9389473980032
14990,1,general,661,590.5801818797917
14991,3,general,635,569.1198871209974
14993,4,general,724,701.9714111397356
14994,3,general,970,956.8565469824808
14995,3,general,708,664.4504737008155
14996,3,general,1050,1017.8749429123171
14997,0,general,504,526.0485441837095
14998,0,general,563,563.2642926312441
14999,2,general,367,337.72883486349593
15000,3,general,818,727.2274447846305
15001,1,infantry_grenadiers,926,964.3012750066064
15002,0,infantry_light,313,350.34775506527103
15003,3,infantry_light,402,407.6479433168163
15004,1,infantry_light,484,474.8391762092388
15005,2,infantry_light,690,698.2295014894005
15006,2,infantry_light,833,821.7281719011095
15008,0,infantry_line,337,319.22321275289056
15009,3,infantry_line,787,781.9069961133818
15010,2,infantry_line,622,628.9488122457694
15011,0,infantry_skirmishers,216,236.00190290415716
15012,0,infantry_skirmishers,206,212.18609401362474
15014,3,cavalry_light,458,493.5377071797923
15016,3,cavalry_light,841,872.732524330255
15017,1,general,1312,1368.9127992995552
15018,1,general,1299,1161.7306976852815
15019,0,general,37,62.4170161867237
15020,2,general,211,230.8807990559201
15021,3,general,81,104.37639985967455
15022,3,general,63,86.49703959270279
15023,3,general,958,1010.9500995022947
15026,4,general,21,32.920801121519524
15030,2,infantry_light,154,151.930205725781
15031,3,infantry_light,148,166.7962708752931
15032,0,infantry_light,469,467.50323726966593
15033,4,infantry_light,433,422.2694538970379
15035,4,infantry_line,185,204.7498044241346
15036,0,infantry_line,120,147.8515342018032
15037,4,infantry_line,256,327.1782042341022
15040,3,cavalry_light,677,674.8517179072627
15041,4,cavalry_light,342,359.7775662738934
15042,0,cavalry_light,937,925.5901248510976
15043,0,cavalry_standard,1183,1181.7926335861641
15044,4,general,205,206.49293392962224
15045,3,general,188,252.89212341375463
15046,4,general,310,352.90796066014866
15047,4,general,56,63.90031289954959
15050,3,general,754,752.6306625660861
15051,4,general,562,555.9598760153206
15052,0,general,255,343.895648002395
15053,3,general,78,101.32036858083667
15054,3,infantry_grenadiers,281,309.0165191732662
15056,1,infantry_grenadiers,371,450.48663206970474
15057,1,infantry_light,271,277.0148384399899
15058,0,infantry_line,157,164.98497622793712
15059,3,infantry_line,186,199.71980537384138
15060,4,infantry_skirmishers,159,156.04279180702318
15061,1,general,32,27.080675669677916
15064,2,general,23,25.201250821321864
15065,1,infantry_line,166,164.48784927738996
15066,1,infantry_line,124,118.45884321531807
15068,1,artillery_foot,195,218.30120791424412
15069,0,artillery_foot,303,345.92750510197675
15070,0,general,84,106.05977352536006
15071,2,general,393,419.57488973176874
15072,4,cavalry_heavy,1491,1554.2219764147117
15073,0,cavalry_standard,1120,1130.1955459453252
15074,0,general,408,403.408482743091
15076,1,general,364,341.6926308363755
15077,4,general,69,82.70951378526793
15078,4,general,274,270.0390376308633
15079,2,general,1317,1340.9483824503195
15080,1,general,285,301.2318677849501
15081,3,general,391,492.61817267842946
15082,2,general,330,348.4331458617058
15083,4,general,975,963.2365633708932
15084,0,general,1260,1317.540714052057
15085,4,general,712,696.5396136689885
15086,3,general,497,527.9310442416468
15087,0,general,405,442.7048013855875
15088,4,general,407,421.1681643967971
15089,1,general,243,250.92691139421865
15091,4,infantry_grenadiers,409,459.6787491763376
15093,2,infantry_grenadiers,379,376.14888459011377
15094,0,infantry_grenadiers,412,447.7584448173358
15095,1,infantry_light,301,311.78314488894733
15096,2,infantry_light,361,341.59017858548634
15097,3,infantry_light,322,350.6056878298374
15099,4,infantry_line,144,146.8539036489331
15100,3,infantry_line,185,203.51835609385572
15101,2,infantry_line,470,502.6268026731887
15103,0,infantry_line,525,544.8630677425139
15104,2,general,189,205.1910903863669
15105,4,general,165,176.31347932201012
15106,1,general,230,235.43051254999108
15107,3,general,209,228.1646036691092
15109,1,general,374,339.4511183467464
15110,4,general,417,383.2585963834837
15111,2,general,297,278.7292885378863
15112,2,general,208,189.36457957713242
15113,3,general,628,644.3445554558746
15114,0,general,125,142.10347158307013
15115,4,general,734,690.5248489598113
15116,4,general,438,455.5955584545403
15118,0,general,623,603.8973796355062
15123,1,general,429,427.614157844555
15124,0,general,362,362.23368828693094
15125,0,general,183,184.48224770877118
15127,4,infantry_grenadiers,283,300.21171338009793
15128,4,infantry_grenadiers,596,596.6834698778853
15129,4,infantry_grenadiers,534,495.7712064127881
15130,4,infantry_grenadiers,676,669.2938904730897
15131,4,infantry_light,478,485.0044906308448
15132,2,infantry_line,355,343.2435193130369
15133,0,infantry_line,223,245.39599940554075
15134,0,infantry_line,307,289.4267493658736
15135,4,infantry_line,326,299.2002350386639
15136,0,infantry_line,207,229.43992119422592
15137,2,infantry_line,227,248.46465189391597
15138,2,infantry_line,295,310.0427793513512
15139,3,infantry_line,490,496.5443132695228
15140,1,infantry_line,288,282.640534371286
15141,2,infantry_line,451,453.6208715785344
15142,2,infantry_line,512,522.5163950236373
15143,4,infantry_line,413,417.9012292934936
15145,1,artillery_foot,1211,1169.624960030669
15146,4,cavalry_light,517,546.6535216522572
15147,0,cavalry_light,368,370.9904590530222
15148,2,general,66,77.53307136689526
15149,3,general,304,308.1909327758238
15151,2,general,1713,1637.6434769211862
15152,1,general,272,278.14078663433855
15153,0,general,73,71.23145429454377
15154,1,general,79,97.71548932144565
15157,4,general,164,121.94295201777652
15158,4,general,491,441.82882992219123
15159,1,general,322,391.56470091188237
15160,0,general,247,226.38912827227486
15161,3,general,893,890.2603911614783
15162,3,general,1196,1151.0139042154685
15163,3,infantry_grenadiers,357,365.6692691037792
15164,3,infantry_grenadiers,948,922.1166201893673
15166,4,infantry_light,210,220.0823673777832
15167,1,infantry_line,268,223.63193168634822
15168,2,infantry_line,142,135.41552279163307
15171,2,infantry_line,739,744.5551075749346
15172,1,infantry_line,318,308.453642600169
15173,3,infantry_line,254,235.3439934413844
15174,3,infantry_line,392,484.49952541665726
15175,4,infantry_skirmishers,156,159.0439734765618
15176,2,general,69,73.34352198957741
15177,1,general,150,154.7990009761088
15179,0,general,268,335.02486284695345
15180,3,general,196,269.26609820429394
15181,1,infantry_grenadiers,339,404.7010751329348
15182,0,infantry_grenadiers,268,346.3353631915101
15183,2,infantry_line,167,172.0623802634935
15184,0,infantry_line,251,259.3524375506777
15186,3,artillery_foot,333,339.31127690916077
15187,4,general,433,433.5120184226068
15188,0,artillery_foot,794,774.8070270627818
15189,2,cavalry_heavy,2404,2315.2448842589138
15191,4,cavalry_light,893,911.0258517306363
15192,2,cavalry_standard,1339,1338.6666475596849
15193,4,general,413,437.2290252128827
15194,2,general,70,92.00619733709279
15196,1,general,715,714.7639522979937
15198,3,general,185,176.78405413566173
15199,3,general,323,320.6088331147
15200,0,general,1126,1111.8223793633913
15202,2,general,278,263.8803090389544
15203,1,general,2164,2144.767152963243
15205,1,general,406,384.72711791472864
15206,3,general,336,340.7687860090522
15208,3,general,216,203.59117155405318
15210,2,general,976,884.0537643709378
15211,2,infantry_grenadiers,392,394.2124248877191
15212,2,infantry_grenadiers,823,836.5520350853573
15213,4,infantry_light,453,451.4949373438569
15214,1,infantry_light,388,430.0470455186821
15215,3,infantry_light,441,443.4296653541802
15216,2,infantry_light,489,464.2855106151422
15218,4,infantry_line,279,282.62789151130505
15221,2,infantry_line,132,180.11187051083766
15222,2,infantry_line,205,184.11468494325516
15225,0,cavalry_lancers,1103,1114.9770850673306
15228,3,cavalry_light,482,454.2270964761049
15229,3,general,650,664.175032737667
15230,3,general,104,131.40386220532574
15231,1,general,348,316.15606462742124
15232,1,general,1481,1460.242958192735
15233,4,general,68,90.00783538785689
15234,3,general,673,679.3762785357817
15235,3,general,57,60.76537109615772
15236,4,general,225,218.76041687354757
15237,3,general,310,306.1722660291067
15238,3,general,184,174.97664214099012
15239,4,general,176,160.4162963780815
15241,4,general,65,83.31206355242784
15242,0,general,297,273.01808802604063
15245,1,general,225,206.60755773624282
15246,2,infantry_grenadiers,415,407.7485286953918
15248,2,infantry_light,163,164.93033666151044
15249,4,infantry_line,287,275.2042136560383
15251,0,infantry_line,290,273.47810127792434
15252,1,infantry_line,271,263.25481119541365
15253,1,infantry_line,168,191.01105037289682
15254,4,infantry_line,232,233.2816779308529
15255,3,infantry_line,576,577.3888377256882
15256,4,infantry_line,330,309.47774874854446
15257,0,cavalry_heavy,673,861.1998107853152
15258,4,cavalry_light,317,319.50091656390896
15259,2,cavalry_standard,824,774.1727274902098
15262,1,general,496,680.6183717113269
15263,3,general,679,620.2749565936401
15264,0,general,323,311.01671312486883
15266,3,infantry_line,498,470.509525951715
15267,4,cavalry_heavy,1324,1352.5262383982115
15268,0,cavalry_heavy,2151,2043.5226191504992
15269,0,cavalry_heavy,1409,1456.1748546220404
15270,1,cavalry_heavy,1221,1269.2480842616217
15271,3,general,1185,1240.329210550299
15273,0,general,2040,1922.5836892014474
15274,0,general,1373,1438.8374293347563
15275,0,cavalry_heavy,1542,1506.3191985524322
15277,2,cavalry_heavy,1436,1411.7368608190147
15278,2,cavalry_heavy,1624,1595.4456894735406
15279,3,general,1107,1117.4031756119837
15280,4,general,1729,1700.133843002901
15281,0,general,1269,1278.8224795257936
15283,2,general,1456,1414.3369915304509
15284,0,infantry_light,301,303.96753272947444
15285,2,infantry_light,288,283.3126360698418
15286,4,general,168,193.57454835295036
15287,4,general,76,101.45888492595188
15288,1,infantry_line,131,168.6410378502661
15289,3,infantry_line,116,159.65924025818012
15290,4,general,48,56.03150253603613
15292,2,infantry_line,112,140.3307041574025
15294,2,infantry_light,525,507.2828282589787
15295,1,cavalry_light,510,508.69497029402174
15297,1,general,189,169.04833176603702
15298,0,general,234,219.7176995289386
15299,3,general,590,513.8488311472364
15301,3,infantry_light,537,502.2185300606972
15302,1,infantry_light,285,320.3288321600572
15303,1,infantry_line,199,197.81531548494584
15304,4,infantry_line,249,240.8307936394439
15307,4,cavalry_light,468,506.1759018725954
15308,4,cavalry_standard,1085,1083.7015278948008
15310,0,general,288,280.31989705341715
15312,4,general,214,209.54510867441252
15313,0,infantry_light,339,348.8646106315566
15314,4,general,124,120.58995188129165
15315,3,infantry_line,225,225.45916542606247
15316,3,infantry_line,174,171.55842395507415
15317,1,general,169,181.50551320877386
15318,4,infantry_line,124,159.16588745428072
15319,1,infantry_line,110,143.41247989346545
15320,3,cavalry_light,365,363.0254032937161
15321,3,cavalry_light,384,378.90881629981413
15322,4,general,398,400.60224811984983
15323,1,general,238,237.45625402337686
15325,3,cavalry_heavy,1697,1637.5614684454724
15327,0,general,1796,1719.3565517217069
15329,3,artillery_foot,183,197.58961716842228
15330,3,artillery_foot,467,488.0491816661439
15331,2,artillery_foot,486,494.15919694476503
15332,3,artillery_foot,1628,1602.5458809287936
15333,4,artillery_foot,881,882.0643089824405
15334,2,artillery_foot,1249,1232.1253552314884
15335,0,artillery_foot,794,774.8070270627818
15336,2,artillery_foot,1197,1168.162432384266
15337,2,artillery_foot,1127,1140.0978726917797
15339,4,artillery_foot,1268,1298.8231916338295
15340,2,artillery_foot,274,267.3141844023651
15341,0,artillery_horse,757,721.9618989762333
15342,2,artillery_horse,83,126.18641697358024
15344,4,artillery_horse,623,630.0836378054908
15345,1,artillery_horse,614,612.9249364021176
15346,2,artillery_horse,606,606.207489929808
15347,3,artillery_horse,515,516.698307535704
15348,2,artillery_horse,497,492.95926983395844
15349,1,artillery_horse,950,933.1571958682568
15350,2,artillery_horse,626,676.9591977558214
15351,3,general,1071,1094.853660948217
15352,2,general,741,740.7745214295488
15353,4,general,407,397.7270446670123
15354,3,general,336,355.5826917126195
15355,0,general,281,282.1390937113096
15356,0,general,281,282.1390937113096
15357,0,general,748,708.9204050304489
15358,3,general,159,160.25785769870916
15359,0,general,920,919.2638228553978
15361,2,general,1141,1111.7550888375315
15362,4,general,870,882.5726195545013
15363,0,general,27,72.76926147868693
15364,1,general,1109,1105.1020548880065
15366,2,general,1308,1304.634283230298
15367,2,general,117,125.40298753469573
15369,2,infantry_grenadiers,265,243.09932362160154
15370,3,infantry_grenadiers,258,257.9060813830822
15371,0,infantry_grenadiers,290,254.05186466710978
15373,4,infantry_skirmishers,82,104.57321785162617
15374,4,infantry_skirmishers,337,336.343145157765
15375,4,infantry_skirmishers,339,337.9041072785644
15376,1,infantry_skirmishers,304,276.5909142605198
15377,0,infantry_skirmishers,187,213.04382297415322
15378,0,infantry_skirmishers,188,218.55877671370072
15379,3,infantry_skirmishers,176,215.44685799310972
15380,4,artillery_foot,601,542.7251135958387
15382,0,general,315,289.2597916788057
15383,1,general,119,118.60002335241148
15384,1,general,241,245.46704730092037
15386,3,general,130,146.38672197029024
15387,3,general,128,130.05569060851838
15390,0,general,383,451.9475386597863
15391,0,general,169,153.08479679624958
15394,3,general,501,511.54216021927857
15395,4,general,410,407.5780964227266
15396,4,general,537,570.9693928978686
15397,3,general,444,414.2475822222419
15398,1,general,485,516.8901104257616
15400,3,general,406,397.20533861878675
15402,4,general,792,783.4938441430024
15403,1,general,754,771.0991841614948
15405,3,general,302,402.3129567979205
15406,0,general,880,839.6272806089293
15407,3,general,250,247.2267359383911
15408,3,general,647,637.8879312215023
15409,4,infantry_grenadiers,471,486.74227778731637
15410,4,infantry_grenadiers,617,628.2695107340528
15411,0,infantry_grenadiers,801,795.2860131619661
15413,4,infantry_light,392,395.1916339279085
15414,3,infantry_light,426,409.1308308329656
15415,1,infantry_light,189,220.08194165947577
15416,3,infantry_light,572,567.7047760411848
15417,3,infantry_light,294,358.90874361707324
15418,1,infantry_light,344,352.51610313568574
15419,4,infantry_light,496,497.63522937961017
15420,4,infantry_light,554,626.8873435375875
15421,0,infantry_line,163,168.29005040636653
15422,1,infantry_line,229,235.7669540601228
15423,2,infantry_line,334,334.0474969198665
15424,4,infantry_line,182,187.03774855485656
15425,1,infantry_line,328,324.8107225908939
15427,2,infantry_line,397,396.1620566333859
15428,2,infantry_line,313,397.61970051119954
15430,3,infantry_line,465,464.2422575068332
15431,3,infantry_line,366,349.19310386274753
15432,4,infantry_line,319,313.2194240447056
15433,2,infantry_line,739,714.8901150815051
15434,4,infantry_skirmishers,288,265.2078122362788
15436,1,general,119,123.39330304072355
15437,3,general,617,623.187971682062
15438,1,general,205,212.81105902955787
15439,0,general,72,78.35861212544732
15441,1,general,191,183.57339736665935
15442,3,general,168,164.29212041483424
15443,1,general,158,159.3903802127722
15444,0,general,108,113.2886760968248
15445,4,general,208,205.3502461431648
15447,0,general,320,411.3808311388391
15448,4,general,132,126.7238495855906
15449,3,general,437,455.65781787390506
15450,2,general,288,293.25548344768714
15451,0,general,415,410.64302863046606
15452,1,general,589,587.5578669019711
15455,1,infantry_grenadiers,580,550.1774130353981
15456,0,infantry_light,467,381.82022222589916
15457,0,infantry_light,275,279.74754054270977
15458,4,infantry_light,570,577.6025068774576
15459,4,infantry_line,249,253.68504110054013
15460,3,infantry_line,224,228.14249661293695
15462,0,infantry_line,222,223.18485310467565
15463,4,infantry_line,206,220.02260154954496
15464,4,infantry_line,287,322.4024835130253
15465,3,infantry_line,429,438.8405310056091
15467,1,infantry_line,401,406.44429236565827
15468,4,infantry_line,396,398.50533585963433
15469,1,infantry_line,237,234.8250310760202
15470,0,infantry_skirmishers,184,188.6644641426076
15471,1,infantry_skirmishers,262,269.5999658095828
15473,4,general,251,243.62560740962738
15474,3,general,190,188.20425722148178
15475,3,general,501,518.358669635224
15476,0,general,220,231.191824301846
15477,0,general,554,569.2583530377652
15478,2,general,651,656.6586240528321
15481,0,infantry_light,364,364.08683133765464
15482,3,infantry_line,296,295.3696371303514
15483,3,infantry_line,477,494.4159481487888
15484,0,infantry_skirmishers,223,187.36362919484688
15485,0,infantry_skirmishers,332,361.5576785857469
15486,0,artillery_foot,732,755.023447873675
15487,2,artillery_horse,842,874.0465126088179
15488,0,cavalry_light,280,304.3869241467269
15489,4,cavalry_standard,988,1004.2186688486122
15490,1,general,985,942.7092434198939
15491,4,general,141,179.29970518295153
15493,2,general,247,237.91822225013027
15494,4,general,122,147.53953029675776
15496,3,general,394,368.4392742813663
15497,2,general,140,151.99048330052312
15498,4,general,101,96.634740823495
15500,0,general,261,247.39524662336737
15501,0,general,113,122.43272211730105
15502,1,general,207,200.6930931863983
15503,2,general,338,312.90614894347704
15504,1,general,98,115.54212522692613
15506,3,general,264,250.7154184482846
15508,0,general,218,194.4872249114665
15509,2,general,342,367.0255499134069
15511,4,general,244,224.57234666175623
15512,0,general,153,159.45770602505138
15513,3,general,154,154.00112694443817
15514,0,general,283,269.5984831599174
15515,1,general,245,250.5044240023772
15516,0,general,259,268.81645507490197
15518,3,general,274,270.6836341148596
15519,4,general,232,228.99949522973566
15522,2,general,206,200.46248311040137
15523,3,general,274,270.6836341148596
15525,3,infantry_grenadiers,576,526.031987543784
15527,0,infantry_light,172,186.16156514878816
15528,2,infantry_light,449,438.9278325382984
15529,3,infantry_light,315,322.3769654773573
15530,0,infantry_light,348,346.4044910453281
15531,4,infantry_line,315,304.9300790500009
15532,0,infantry_line,203,201.0492824458285
15534,0,infantry_line,182,219.98629118961725
15535,1,infantry_line,362,358.23327900673127
15536,4,infantry_line,173,214.4001508497442
15538,3,infantry_line,369,365.96641571515676
15539,4,infantry_line,247,240.46147851126642
15540,3,infantry_line,459,564.5124747986284
15541,2,infantry_line,318,308.9247177223231
15542,4,infantry_line,314,297.45569909895653
15544,0,infantry_line,269,266.24845129711275
15545,1,infantry_line,306,287.44243866871045
15546,3,infantry_line,409,444.7365582664662
15547,4,infantry_line,330,336.29854952254686
15548,1,infantry_skirmishers,309,296.20494437254524
15549,3,infantry_skirmishers,292,271.35634846791515
15550,3,infantry_skirmishers,178,142.97774669978077
15551,4,infantry_skirmishers,201,171.53152853937806
15552,3,artillery_foot,196,199.12042688166596
15553,4,artillery_foot,381,424.6042070015751
15554,4,artillery_horse,635,637.6522769829071
15556,2,general,202,198.5684503612743
15557,3,general,136,138.56726195017055
15558,0,general,404,391.73477895737125
15559,0,general,300,291.2037433821575
15560,3,general,493,491.2463912902004
15561,0,general,355,336.8311031659437
15563,0,general,199,233.38633224111044
15565,4,general,67,88.19901234582245
15566,4,general,226,215.5035781580384
15568,3,general,58,60.94393733410557
15569,2,general,127,119.64150835601797
15572,2,general,391,399.90896700605134
15573,1,general,465,495.91420768691916
15574,4,general,411,443.7661109351577
15575,2,general,439,442.66043555439114
15576,4,general,184,213.93464007867323
15577,2,infantry_grenadiers,337,368.75414869735073
15578,0,infantry_grenadiers,342,358.7437365624189
15579,2,infantry_light,408,407.44867107103903
15580,2,infantry_light,212,237.53124822977603
15582,1,infantry_light,528,579.4601789687653
15584,2,infantry_line,243,243.61103011703858
15585,4,infantry_line,225,224.5699220686796
15586,2,infantry_line,206,204.43752703159697
15587,3,infantry_line,187,199.49437788108176
15588,1,infantry_line,286,287.5298695297334
15589,3,infantry_line,128,164.51236666756492
15590,1,infantry_line,162,167.236153069286
15591,3,infantry_line,165,168.77649991113023
15592,1,infantry_line,119,104.8711636652629
15593,1,infantry_line,499,515.0109549197122
15594,1,artillery_horse,366,370.26320757123307
15596,0,cavalry_light,420,420.45894722584416
15597,4,general,291,290.42688995594756
15598,3,general,65,58.69106216379775
15599,2,general,474,472.0020276815011
15601,1,general,133,116.641202686732
15602,0,infantry_grenadiers,298,328.7505738077631
15603,2,infantry_line,139,131.66650746778421
15604,0,infantry_line,357,350.8680621174649
15606,1,artillery_foot,285,299.08278527177276
15607,1,cavalry_standard,690,677.5819464199734
15608,3,general,575,551.3750507886731
15609,2,general,154,155.79501368691157
15610,2,general,154,155.79501368691157
15611,4,general,449,450.0334670232817
15612,1,infantry_grenadiers,222,225.90817507245748
15614,4,infantry_line,220,224.38761353070856
15615,2,infantry_skirmishers,186,204.089308641439
15616,3,cavalry_light,559,565.7447671239363
15617,4,cavalry_standard,584,612.8305864588217
15618,0,cavalry_standard,703,778.0054893862874
15619,3,general,245,239.36882224325913
15620,2,general,545,608.7813218401658
15621,3,general,240,230.289998468762
15622,1,general,236,223.61836745468014
15623,1,general,474,478.77684300227037
15624,4,general,415,391.591059678935
15625,4,general,191,216.4483796118605
15626,0,general,402,433.05440418538984
15627,0,general,112,125.3872212901384
15628,4,general,584,578.403368952647
15629,4,general,464,499.3933578246881
15630,3,general,675,656.9027932176231
15631,3,general,359,365.2920746628443
15632,1,general,620,617.6777878465014
15634,3,general,205,206.17970452712527
15635,2,general,880,882.7566627273485
15636,3,general,168,167.6837170158961
15637,1,general,240,231.03331252012953
15639,0,general,561,565.2911612225232
15640,2,general,328,309.8240939282806
15641,4,general,80,105.20535059628797
15642,2,infantry_grenadiers,479,442.9051786368008
15643,2,infantry_grenadiers,823,816.8028711181695
15644,0,infantry_light,344,353.4483769837157
15647,3,infantry_line,300,293.0688328809982
15648,1,infantry_line,187,200.0772341126081
15649,3,infantry_line,189,212.26196567441386
15651,0,infantry_line,534,534.0805118192211
15652,1,infantry_line,374,365.2901218125572
15653,2,infantry_line,355,325.3403891332644
15654,2,infantry_line,353,335.7099941516331
15656,4,infantry_line,545,538.5427021724969
15658,1,artillery_foot,632,555.975407889984
15660,1,cavalry_light,758,690.9598226840734
15661,1,cavalry_light,588,501.1585589792828
15662,2,cavalry_light,380,389.5633915026404
15663,3,cavalry_light,707,688.2450439871202
15666,4,cavalry_standard,384,387.60286915137476
15667,0,cavalry_standard,782,831.9388766057051
15668,2,general,688,624.2663456339949
15669,1,general,175,185.5400570417807
15670,2,general,250,259.01330609782116
15671,0,general,216,208.432738815045
15673,0,general,380,374.1890767850305
15674,0,general,343,372.88481425620546
15675,4,general,591,576.3447574027434
15677,2,general,310,300.5189719143619
15678,2,general,135,134.1110925374175
15679,3,general,217,257.0786184979158
15680,4,general,180,219.90621931434805
15681,1,infantry_grenadiers,372,374.5096633404436
15682,0,infantry_line,319,318.31061376010047
15683,3,infantry_line,163,158.77848419256173
15684,1,infantry_line,227,227.63604871195736
15685,2,infantry_line,293,326.0190595085611
15686,2,cavalry_standard,928,975.2447752962396
15687,0,cavalry_standard,643,614.871224960569
15688,1,general,412,400.23551350400066
15690,2,general,753,785.1705570429511
15691,0,infantry_line,392,385.5515932215587
15692,2,cavalry_standard,357,379.3956686096822
15693,4,cavalry_standard,357,373.57983335451286
15694,2,general,389,391.0612225052088
15696,3,general,251,228.149867576943
15698,0,cavalry_light,263,270.4614089163548
15699,2,general,68,83.24014168977158
15700,2,general,86,122.73046051346202
15701,2,general,147,144.2741409552913
15702,1,general,133,142.8327919082669
15703,0,general,152,152.54327267519778
15704,0,general,228,217.54500843652477
15705,0,infantry_light,205,216.96776497981887
15706,2,infantry_light,194,235.66702430704572
15707,4,infantry_light,148,164.6098553913244
15708,2,infantry_line,251,250.5515052971786
15709,1,infantry_line,109,125.64632742964969
15710,1,infantry_line,234,233.61739696096973
15712,2,cavalry_heavy,1165,1131.6229854712167
15713,4,cavalry_lancers,847,736.4411672287067
15714,4,cavalry_lancers,1019,943.9930888872033
15715,3,cavalry_light,836,742.2925088240111
15716,1,cavalry_light,805,758.2764817348191
15717,1,cavalry_light,1158,1198.0641392722534
15720,0,general,621,559.5263039892418
15722,1,general,1157,1166.2789405023193
15723,4,general,966,953.3472771499975
15724,0,general,116,125.63518379583934
15725,4,general,682,639.4021574911815
15727,0,general,944,895.1056006046764
15728,4,general,255,244.38751932891512
15729,4,general,391,378.0054761274637
15733,0,infantry_line,203,215.35608347023535
15734,1,infantry_line,155,150.68278475705955
15736,3,infantry_line,249,259.90923230793345
15737,2,infantry_militia,94,113.20257126061199
15738,3,infantry_militia,120,144.2322104591091
15739,2,infantry_militia,116,166.10959411398687
15740,0,cavalry_standard,328,358.05475538271327
15741,1,general,97,124.89282954134885
15742,2,general,121,154.07471491246727
15746,3,infantry_line,229,264.38051469834716
15748,2,infantry_line,400,312.1548121721284
15750,1,general,209,217.264578869894
15752,1,infantry_line,276,282.40401509333805
15753,3,infantry_line,157,152.05503357980538
15754,1,artillery_horse,507,484.5133507227397
15755,3,cavalry_light,392,384.512840717113
15757,2,cavalry_light,292,312.00490327807876
15758,3,cavalry_standard,688,693.7243503511356
15761,0,general,100,104.9828044187763
15762,0,general,470,486.492361574446
15763,2,general,148,161.07376550975124
15764,0,general,267,259.3401534879667
15765,4,general,578,569.3724359525999
15767,0,general,737,683.9779942894058
15768,4,infantry_light,214,231.78718810835846
15769,0,infantry_line,140,139.11630432503205
15770,0,cavalry_standard,503,487.73457184889617
15771,1,cavalry_standard,439,419.88677812345446
15772,4,general,313,287.40622128604986
15773,2,general,456,419.0985766010881
15774,0,cavalry_standard,906,928.282940089022
15775,1,cavalry_standard,811,756.8046179589628
15776,4,general,688,631.1700656824355
15778,1,cavalry_standard,880,888.7859778882816
15779,2,cavalry_standard,603,630.9319268847089
15780,0,cavalry_standard,695,756.5911556022994
15781,3,cavalry_standard,810,816.9369185915335
15782,0,general,649,643.8440954829023
15783,4,general,626,670.8253161051191
15785,0,general,875,875.0658575500399
15786,2,general,212,231.94112240499553
15787,3,general,228,258.69201493780037
15788,1,infantry_line,223,238.16574836014098
15789,3,infantry_line,248,264.73727494812147
15792,4,cavalry_standard,768,734.6571309076328
15793,2,cavalry_standard,870,926.4634886926468
15794,2,cavalry_standard,934,974.4791973755739
15795,4,cavalry_standard,573,539.9157157141063
15796,1,general,764,674.084402439333
15797,4,general,865,865.3484221242106
15798,1,general,993,927.1732954287166
15799,0,general,435,400.96877058006237
15800,1,general,26,47.18992664616424
15801,0,general,378,372.08239026420694
15802,0,infantry_line,130,131.2577687262302
15803,0,infantry_line,234,220.01849616633103
15804,1,infantry_line,87,95.36114314852354
15805,4,infantry_line,107,122.37231167072923
15806,4,artillery_foot,1136,1185.9151749883188
15807,2,artillery_foot,356,345.9701162323527
15809,2,artillery_foot,917,962.2943312804023
15811,4,artillery_foot,505,532.5276287817062
15812,0,artillery_foot,502,521.4635227966661
15814,2,artillery_foot,678,653.1387798395266
15815,4,artillery_foot,1413,1384.4549327799734
15816,3,artillery_foot,325,322.92667781422426
15818,4,artillery_foot,483,511.7639393881259
15819,3,artillery_foot,319,316.7391548434485
15820,1,artillery_foot,606,625.7916718505695
15823,3,artillery_foot,467,460.25843702538873
15824,0,artillery_foot,449,458.15800196229924
15825,0,artillery_foot,289,297.6036062736856
15826,4,artillery_horse,576,572.2492617064335
15827,4,artillery_horse,915,900.4278023814741
15828,1,artillery_horse,486,466.84841751061236
15830,3,general,323,303.43982794990563
15831,4,general,1569,1751.4006832366795
15832,2,general,424,427.13664923952354
15833,3,general,336,322.6093305070887
15834,3,general,1453,1374.7794462012127
15835,0,general,281,281.1321976446636
15836,0,general,583,543.4790741589957
15837,0,general,281,281.1321976446636
15838,3,general,159,159.8321125656208
15839,2,general,420,419.608574381993
15840,2,general,466,474.2177105212636
15841,2,general,741,739.0045362517262
15842,3,general,159,159.8321125656208
15843,3,general,159,159.8321125656208
15844,1,general,574,571.71101607618
15845,1,general,574,571.71101607618
15846,3,general,159,159.8321125656208
15849,4,infantry_skirmishers,233,223.01520979601304
15851,3,infantry_skirmishers,185,198.09925298916053
15852,4,infantry_skirmishers,302,280.4426983732198
15855,0,general,393,404.0270452936806
15857,0,general,638,688.2676974813113
15858,1,general,806,715.0397235544764
15860,3,general,911,813.6921465415244
15862,1,general,1239,1202.7359288598236
15863,4,general,622,558.431064671076
15864,1,general,802,820.084495108587
15865,0,general,831,772.1166803827524
15866,2,general,359,296.17499202986085
15867,4,general,415,355.03889004187147
15868,3,infantry_grenadiers,711,760.0185749842977
15871,1,infantry_light,1018,1010.7491084993675
15872,4,infantry_light,736,712.5124210703555
15873,3,infantry_line,282,284.1366621705351
15874,2,infantry_line,522,532.6316268778097
15877,2,general,437,471.6956844070264
15879,0,general,247,269.21261326973394
15880,3,general,109,99.56930047670457
15881,0,general,184,227.28809638230413
15882,1,general,314,303.0250481030985
15883,1,general,495,515.1717148734751
15884,3,general,488,468.92303205409735
15885,4,infantry_light,424,455.44381290744207
15887,1,infantry_line,308,288.7448008419417
15888,3,infantry_line,223,225.87701241669927
15890,4,infantry_line,355,347.1295395676743
15891,1,infantry_line,478,475.97012807244533
15892,0,infantry_line,613,611.9282127504704
15893,0,infantry_line,546,535.2765014141195
15895,2,general,118,117.44065661268041
15896,2,general,385,350.64742222183315
15897,2,general,589,603.3835526551983
15898,0,general,1066,994.224614501355
15899,0,general,871,829.1684877853711
15900,0,general,412,411.89219584449586
15903,0,infantry_light,911,901.5766734260121
15904,2,infantry_line,496,478.0196246638372
15905,4,infantry_line,512,499.6443666106519
15906,4,infantry_line,190,179.96080596896806
15907,1,infantry_line,769,743.2275129030604
15909,0,infantry_line,390,373.65243495384914
15910,0,artillery_foot,448,475.92463742190927
15911,2,artillery_foot,1071,1053.2892312814242
15912,3,artillery_horse,732,730.2385806585876
15913,2,general,151,132.59359392470256
15914,2,general,317,319.53725881912544
15915,0,infantry_line,366,348.1437738010595
15916,0,infantry_line,258,250.46066602135625
15917,3,artillery_foot,287,360.74305442182475
15918,2,cavalry_light,1165,1363.0206521136677
15919,4,cavalry_light,1011,1073.576879618182
15920,0,general,955,1133.8855216445604
15921,2,general,257,265.51415659166685
15922,3,general,330,321.93084151977337
15923,4,general,477,488.0926502396045
15924,3,general,722,692.3464455827991
15925,2,general,86,105.36306520967507
15926,1,general,188,236.56742733686974
15927,3,general,652,631.1007452364875
15928,3,general,827,832.7709749179509
15930,0,general,212,295.32691199187207
15931,4,infantry_light,625,647.0244599656997
15933,1,infantry_line,688,696.4159359725237
15934,3,infantry_line,384,389.9365211544341
15935,0,infantry_line,181,175.4143410048071
15936,3,infantry_line,166,170.52304159589187
15937,3,infantry_line,372,400.03275666683146
15938,1,infantry_line,291,336.1330102703038
15939,2,infantry_line,326,421.4011886966346
15940,1,artillery_foot,897,885.3598791857861
15941,0,general,438,472.0457290802807
15942,3,general,432,433.66465121856277
15943,2,general,404,415.9913917799079
15945,2,general,597,629.2721749897996
15946,3,general,463,408.10128962205215
15947,3,general,399,394.60832705964305
15948,4,infantry_light,552,584.5069851983955
15950,3,infantry_line,295,303.81680645332125
15951,1,infantry_line,453,479.35415677946855
15952,4,infantry_line,773,825.113237799386
15953,3,infantry_line,502,515.9011342087039
15954,2,infantry_line,564,538.9295078918078
15955,4,infantry_line,459,454.38896971527726
15956,2,general,250,263.19075172630244
15957,2,general,435,471.8474687783307
15959,4,general,321,321.25390288236497
15960,3,general,355,467.1837636890584
15961,3,general,960,985.7186801585283
15962,4,general,587,557.7033140265547
15963,4,infantry_grenadiers,669,881.1203916097247
15964,3,infantry_light,369,453.5739816332361
15965,1,infantry_light,618,621.7867686278878
15966,4,infantry_line,397,432.31851976790324
15967,3,infantry_line,363,393.75416565407505
15968,0,infantry_line,423,452.07893427398693
15969,4,infantry_line,869,916.113936912822
15970,4,infantry_skirmishers,306,333.8643522032227
15971,2,artillery_foot,317,366.5963069844337
15972,1,artillery_horse,901,967.4724291243901
15973,2,general,744,761.4134113920778
15975,3,artillery_foot,528,521.041805496796
15976,4,general,446,406.33956282146676
15977,4,general,344,369.25395348634765
15979,3,general,283,288.9329957175506
15980,0,general,314,384.68005482510085
15982,1,infantry_light,398,432.04367657831176
15984,2,infantry_line,653,649.6489243111434
15986,0,infantry_line,385,449.39154962073286
15988,1,general,336,360.76752232258247
15989,0,general,174,163.90789868362398
15990,0,general,1146,1094.51711212964
15991,0,general,736,717.5955516490944
15992,2,general,1045,957.6913869789412
15993,2,infantry_grenadiers,875,793.4205608808982
15995,3,infantry_line,392,425.7577332272763
15996,0,infantry_line,1018,970.9142270251709
15997,4,infantry_line,849,850.739897398677
15998,4,general,583,604.7641174057889
16000,4,infantry_line,550,557.7192581543914
16001,2,infantry_skirmishers,227,245.78879229170255
16003,0,infantry_light,484,524.3769104852493
16007,1,general,232,320.8903427832944
16008,3,general,2138,2129.242439132954
16010,0,infantry_line,201,294.7117499308188
16011,4,infantry_line,270,321.8712482688677
16012,0,cavalry_heavy,2533,2443.593469912212
16013,0,general,2720,2644.2587286406433
16014,0,infantry_light,533,567.9509872402763
16015,0,infantry_light,241,247.207269078492
16016,3,infantry_line,361,384.22480988115825
16017,3,cavalry_heavy,2290,2298.2817147598703
16018,3,cavalry_lancers,855,773.7217919098799
16021,1,general,401,371.78099627353777
16022,2,infantry_line,517,495.8721226738618
16023,1,infantry_line,530,501.7661216918587
16024,0,infantry_line,637,612.4885807987223
16025,0,infantry_line,499,467.5308093599274
16026,0,general,492,474.84952489250554
16027,4,infantry_line,446,438.4870689314231
16028,3,infantry_line,548,533.9575068681896
16029,2,infantry_line,541,523.910833289282
16030,0,cavalry_lancers,988,916.3038067074891
16032,2,cavalry_light,485,541.6809974521274
16033,0,general,559,664.010236725644
16034,1,general,316,365.7957195340821
16035,0,cavalry_lancers,1164,1048.9441443372782
16036,3,cavalry_light,1094,1022.5083763662144
16038,3,cavalry_light,916,894.0813100912139
16039,1,general,864,877.4888866968915
16040,0,general,273,278.341161164271
16041,2,general,1105,1071.8904564792024
16042,4,general,1035,1047.425326630264
16043,1,general,740,714.3702404836667
16044,4,infantry_light,473,489.81270486207444
16045,3,infantry_light,578,613.3547668083444
16046,4,infantry_light,433,427.4609816691559
16047,2,infantry_line,329,339.12054266071044
16048,3,infantry_line,300,330.72767549956063
16049,1,infantry_line,432,430.6688739598799
16050,4,infantry_line,417,404.62734756902915
16051,0,artillery_horse,694,709.2783515128183
16052,3,cavalry_light,1265,1257.8134354135802
16053,4,cavalry_light,1513,1569.4583530691618
16054,3,general,1066,1039.5818034984554
16055,3,general,1621,1635.489969127884
16056,4,general,440,446.77859570647615
16057,1,general,280,306.3767776640742
16058,4,general,677,661.6573869538104
16061,3,infantry_line,411,423.13984537147235
16062,4,infantry_line,271,284.28757065526105
16064,2,general,264,267.75320027312944
16065,0,general,262,285.150742006057
16066,2,infantry_light,431,464.67550149987704
16067,3,infantry_light,460,491.8428325699813
16068,2,infantry_line,316,338.113682000839
16070,0,infantry_line,368,386.9069915242396
16071,4,infantry_line,526,520.2827145878215
16072,3,infantry_skirmishers,236,255.99472668001889
16073,1,cavalry_standard,1023,993.6172836403333
16074,2,cavalry_standard,1140,1072.4802908756574
16076,1,cavalry_standard,699,703.1525137049067
16078,4,general,463,461.11637814298115
16081,2,general,315,383.36636249093726
16082,3,artillery_foot,918,984.986901297776
16083,2,artillery_foot,521,534.6766690595799
16085,1,artillery_foot,444,394.33771879728823
16086,3,artillery_horse,690,693.7920014349941
16087,2,artillery_horse,1233,1357.2263862754965
16088,2,infantry_grenadiers,419,301.56827799689205
16089,1,infantry_skirmishers,184,224.0066037806094
16090,2,artillery_foot,898,799.0122412618983
16091,3,artillery_foot,566,586.2534638132257
16092,1,artillery_foot,1901,1867.4324655188534
16093,0,artillery_foot,1971,1944.898693936807
16094,3,artillery_foot,1133,1181.1406834286065
16095,4,artillery_foot,525,503.53320510574054
16097,2,artillery_horse,1647,1631.5635422638954
16098,1,general,469,465.87878581536336
16099,1,general,1407,1248.6880499566137
16100,1,general,266,265.02237729483187
16101,4,general,1846,1792.8657885298376
16102,1,general,469,465.87878581536336
16103,2,general,1,1.0
16104,0,general,792,798.2025842158673
16105,0,infantry_grenadiers,344,271.1377309016938
16106,1,infantry_grenadiers,507,578.6225280364575
16108,2,infantry_skirmishers,331,303.5299234519657
16109,1,infantry_skirmishers,242,240.23173527822908
16110,1,cavalry_lancers,319,335.78446223391626
16111,1,cavalry_light,803,885.2806813396058
16113,4,general,382,360.5728306021299
16114,0,general,229,227.79824381650891
16115,0,general,102,100.15716064541479
16116,4,general,317,388.23347490432104
16117,2,general,149,148.69670322917472
16118,4,general,639,704.5395676383417
16120,4,general,169,195.74441276321707
16121,1,general,320,293.4016344928381
16123,0,general,443,414.7141732688435
16124,1,general,197,203.05484217313852
16125,0,general,275,246.00172620984387
16126,1,general,895,870.0892112871891
16128,1,general,292,287.58446187572423
16129,0,general,348,314.3034379548319
16130,4,general,439,430.76883324958703
16131,4,general,547,560.427202550562
16132,4,infantry_grenadiers,338,383.6797389963417
16133,2,infantry_grenadiers,349,400.69412232604657
16135,2,infantry_grenadiers,283,302.36671939483864
16136,0,infantry_light,304,319.36793037749777
16137,2,infantry_light,490,482.1885049801679
16138,4,infantry_light,264,265.21148986359844
16139,2,infantry_light,357,359.28652517795734
16140,1,infantry_light,555,557.4758090269771
16141,0,infantry_line,293,266.2058444038402
16142,4,infantry_line,258,252.27486190651882
16144,1,infantry_line,137,125.83105601812129
16145,4,infantry_line,661,676.3666035651528
16146,4,infantry_line,340,318.41257647854076
16147,4,cavalry_light,379,379.06840434237654
16149,3,general,236,220.86747078440214
16150,3,general,560,549.286368425153
16152,1,general,287,287.89184340681163
16153,0,general,71,72.58191821672251
16154,3,general,135,130.97594524985186
16155,3,general,282,283.5488749753295
16156,3,general,103,101.92509818659798
16157,1,general,341,319.25440955245364
16158,4,general,380,356.5025038148901
16159,2,general,261,250.71762477036788
16160,4,general,203,199.5356527288014
16161,1,general,150,147.55417614655164
16162,0,general,661,668.5292703869326
16163,1,general,527,506.6051917222073
16164,2,general,331,344.74437250817823
16165,1,general,457,468.3037684390808
16168,2,infantry_light,266,272.11157864862133
16169,1,infantry_line,365,353.08993934151385
16170,3,infantry_line,327,314.2802925388263
16171,2,infantry_line,176,172.16564028968475
16172,3,infantry_line,236,229.94932754846207
16173,1,infantry_line,207,198.96067329322145
16174,3,infantry_line,391,386.8126026679092
16175,4,infantry_line,120,122.98532765031769
16177,4,artillery_foot,163,185.49491293890088
16178,0,cavalry_lancers,520,469.8728783185305
16180,2,cavalry_light,402,384.61275959375394
16181,2,cavalry_light,543,553.1457362657438
16182,2,cavalry_light,382,375.8188842459926
16184,0,general,584,495.4371878209363
16185,2,general,204,241.53554628981266
16186,1,general,300,324.71032188672234
16187,4,general,237,256.3432396676634
16188,3,general,247,236.46649217982605
16190,3,infantry_line,138,141.8406952461909
16192,4,infantry_line,374,361.6499930548549
16193,3,infantry_line,306,319.54816547032794
16194,1,infantry_line,352,339.67340262459504
16195,2,artillery_foot,333,393.0346139092256
16197,1,general,555,530.1066932368058
16199,2,general,1092,1072.6999976872796
16200,0,general,120,112.97117409239843
16201,1,general,188,217.05513221443363
16202,3,general,248,233.0168120463706
16203,1,general,496,470.8825463075386
16204,4,general,106,104.2116164308875
16205,0,general,759,785.2111674181335
16206,2,general,431,394.75002556320453
16207,1,general,512,516.956965679475
16208,1,general,398,399.7720017436133
16209,4,general,336,343.1904699772315
16210,4,general,588,604.1705520249872
16211,2,general,366,371.4755847917009
16212,4,general,393,368.2879203558685
16213,4,infantry_grenadiers,209,246.75043015051182
16214,2,infantry_grenadiers,584,563.791740014196
16215,2,infantry_grenadiers,816,841.0794512520902
16216,1,infantry_light,415,411.6604194474797
16217,1,infantry_light,175,176.28372963643804
16218,1,infantry_light,512,516.5214657433062
16219,4,infantry_light,550,526.4745025781727
16220,2,infantry_light,451,447.11939720193044
16222,4,infantry_line,348,334.43994220214506
16223,1,infantry_line,444,449.2314916911777
16224,1,infantry_line,363,361.8632675407947
16225,0,infantry_skirmishers,129,131.032802070467
16227,3,cavalry_heavy,1471,1441.667211723453
16228,3,general,176,168.76717670909437
16229,4,general,183,176.41451737826887
16230,4,general,1395,1371.5557554599125
16231,3,general,200,188.60938600622376
16232,3,general,86,81.66798695079271
16233,0,general,368,336.05682189659666
16234,3,general,378,372.17687010529824
16235,4,general,616,593.221790716164
16236,2,general,135,114.13805406727367
16238,4,general,699,614.0413357210186
16239,0,general,338,344.4998508473624
16240,0,general,265,282.2557157849999
16241,3,general,695,683.7856921320214
16242,2,general,413,424.6187709727095
16244,3,infantry_light,250,244.3470664604781
16245,4,infantry_light,834,817.0844037426955
16246,0,infantry_light,603,561.9618050861358
16247,1,infantry_line,297,288.32824899929227
16248,1,infantry_line,423,402.105042354627
16251,1,infantry_line,425,428.9074333332137
16252,3,infantry_line,334,350.4498758919917
16253,2,infantry_line,402,412.8744713564226
16254,1,infantry_line,178,135.86904183099938
16255,1,artillery_foot,303,374.55706670771025
16256,3,cavalry_heavy,1237,1241.5798999805322
16260,1,general,260,258.82980851377977
16261,3,general,194,186.7618770533112
16262,2,general,129,133.41019738631041
16263,1,general,204,240.9419001652194
16264,2,general,76,76.04034499358876
16265,1,general,159,160.98625450229684
16267,4,general,1009,888.3266326263541
16268,4,general,394,361.12864425633006
16269,4,general,315,287.69183412230336
16270,3,general,441,492.9426627626083
16271,0,general,566,618.587348605934
16272,3,general,409,422.0752465928291
16273,0,general,269,260.5898144535925
16275,1,infantry_grenadiers,881,869.6989404409103
16276,2,infantry_grenadiers,559,606.2704723240518
16277,2,infantry_grenadiers,472,475.43361466865645
16278,4,infantry_line,177,172.6912269400136
16279,4,infantry_line,195,200.02676713193645
16280,4,infantry_line,262,257.6536389119032
16281,3,infantry_line,194,176.24282666488716
16282,2,infantry_line,374,363.0332685969784
16283,3,artillery_foot,205,299.7102195271461
16284,2,cavalry_heavy,1149,1148.082945699466
16285,1,general,128,206.81064186138767
16286,3,general,955,958.3250336589746
16287,2,cavalry_heavy,1179,1185.2917947576047
16288,4,general,979,994.9540020644006
16289,3,cavalry_heavy,1462,1391.9800250514488
16290,0,cavalry_lancers,286,263.1775481819357
16292,1,general,1463,1379.002245219133
16293,3,artillery_horse,1918,1375.117124864919
16294,1,cavalry_light,679,641.2996559235039
16296,3,general,279,274.2527928759781
16297,3,general,557,521.3187166391577
16298,0,general,302,295.9433891207228
16299,4,general,564,523.8666102609096
16300,3,general,166,150.26521116661075
16301,2,general,266,243.13003734981277
16302,1,general,181,181.0879678238998
16303,4,general,121,135.15266731151306
16304,2,general,181,165.1194724719668
16305,1,general,376,406.0058139030558
16306,4,general,489,472.44423491017096
16307,2,general,197,218.15120125535427
16309,4,infantry_grenadiers,271,289.8753804442745
16310,0,infantry_light,294,307.3644833043426
16311,2,infantry_light,603,588.8925440783402
16312,4,infantry_line,245,246.71536316476795
16313,4,infantry_line,274,251.51206462494864
16314,2,infantry_line,288,325.04619584521254
16315,1,infantry_line,289,265.3641322072014
16316,4,infantry_line,226,237.31855087263662
16317,1,cavalry_heavy,887,979.8511267043748
16318,0,cavalry_lancers,957,969.5032656143967
16319,0,cavalry_light,459,463.6961186000405
16320,3,cavalry_light,258,269.6027709246249
16321,4,general,49,60.2807980055841
16322,0,general,151,139.30450053061367
16323,4,general,214,202.71923879006738
16324,1,general,205,223.98088974459193
16325,3,general,893,894.4808483438003
16326,4,general,456,467.33381006155025
16328,1,general,634,801.0195186979125
16329,0,general,243,237.90214642290712
16330,0,general,96,90.96424619143751
16331,0,general,81,79.15644928185456
16332,1,general,245,266.6634048047269
16334,1,general,531,522.3509134205782
16335,4,general,695,672.7773581727404
16336,1,general,56,49.104015352575445
16337,1,general,469,469.41936980683073
16339,0,infantry_light,294,302.7430828818073
16340,0,infantry_light,183,184.91315022960507
16341,4,infantry_light,176,171.79485780841415
16342,3,infantry_light,165,152.57739467255027
16344,4,infantry_line,151,160.02793681186745
16345,4,infantry_line,579,577.5959904635213
16346,1,infantry_line,586,590.9350494926208
16347,2,infantry_line,314,342.2228826467556
16348,2,artillery_foot,403,455.49266000944436
16349,1,cavalry_lancers,457,473.5136567995258
16350,4,cavalry_lancers,320,340.88672722632714
16351,2,cavalry_light,810,801.3502476225458
16353,2,cavalry_light,407,420.15730850763254
16354,3,cavalry_light,450,430.9571423026949
16355,2,general,284,296.08501116165473
16357,2,general,184,165.09901184637545
16358,0,general,14,47.74881859298769
16361,0,general,76,85.0094870016633
16362,3,general,327,316.9523198869733
16363,2,general,80,86.47211026188772
16364,3,general,119,132.01113199012178
16365,2,general,415,433.10065511203896
16366,1,general,688,674.2909078424756
16367,0,general,185,227.63500109502405
16368,2,general,489,468.1514549608743
16371,0,general,437,405.20531666726436
16372,3,infantry_grenadiers,330,321.38090010658465
16373,3,infantry_light,195,195.7137738532375
16374,4,infantry_light,543,544.1631094645645
16375,0,infantry_light,544,544.8896139397488
16376,2,infantry_light,476,479.4244846584232
16378,2,infantry_line,279,279.3078852023255
16379,0,infantry_line,150,155.78990492768477
16380,2,infantry_line,182,183.85078083591145
16381,3,infantry_line,96,120.75453614230099
16383,0,infantry_skirmishers,230,223.9723990713735
16384,0,artillery_foot,531,641.363696539454
16386,0,artillery_horse,584,575.8769265319846
16387,1,general,763,771.220750947706
16389,4,cavalry_heavy,1122,1144.9686039897442
16390,1,general,115,122.16372679669719
16392,0,general,1122,1122.5449856751761
16393,1,general,514,503.10365802828437
16394,3,general,518,466.30225447317565
16395,0,general,662,662.3158259716273
16396,4,general,506,494.1783572728473
16397,2,general,616,539.7990992456844
16398,4,general,820,829.3924595077137
16399,4,infantry_grenadiers,768,773.1495735322175
16400,3,infantry_grenadiers,447,432.4580669214102
16401,3,infantry_light,220,229.4379922656386
16403,1,infantry_line,619,612.7907316029404
16406,1,general,1033,1048.4844361716907
16407,0,general,271,260.8009248340119
16408,2,general,360,425.4054417176647
16409,1,general,615,591.8230813891893
16413,2,general,476,477.80497455524204
16414,3,general,434,424.3505023918132
16415,3,infantry_grenadiers,593,569.3522412083739
16416,4,infantry_light,494,502.55406703475484
16417,3,infantry_line,568,559.7184953421114
16418,0,infantry_line,368,420.7815251711538
16419,0,infantry_line,358,362.0119792587063
16421,4,cavalry_heavy,1156,1174.9300154445841
16422,3,cavalry_heavy,880,937.9236069586856
16423,0,cavalry_lancers,542,485.817254765004
16424,0,cavalry_lancers,267,249.20006195255465
16425,3,cavalry_light,440,438.14136338657903
16427,2,cavalry_standard,1102,963.2936611337828
16428,1,general,735,797.9029158260727
16429,0,general,915,824.5011155350148
16430,3,general,119,171.12341235409434
16431,2,general,907,771.1154348041301
16432,4,general,302,305.3420577484067
16433,3,general,1307,1344.7937106014167
16434,4,general,529,517.4448051555034
16435,1,general,683,658.3264164681266
16436,2,general,470,472.21933470477614
16437,0,infantry_line,581,589.1751518925131
16438,2,cavalry_heavy,1549,1466.2365969356986
16439,1,cavalry_light,613,590.0163369338721
16440,1,cavalry_light,320,311.87248286734985
16441,1,general,553,527.1160752538519
16442,3,general,1313,1231.589936116704
16444,0,general,399,359.32374152411325
16445,0,infantry_line,383,361.12688266898857
16446,1,artillery_foot,560,531.8303562609018
16447,3,artillery_horse,1518,1655.5574782290437
16448,4,cavalry_heavy,1132,1144.1882181250778
16449,1,general,1363,1435.2347720615737
16450,0,general,1059,1068.2353356155338
16451,3,cavalry_heavy,1223,1202.147058623805
16452,2,cavalry_lancers,245,238.75015162612425
16454,3,general,1144,1106.580453121767
16457,4,cavalry_light,358,357.14110975162725
16458,2,general,292,298.4416731345723
16459,3,general,177,213.93719281961614
16460,3,general,243,256.97752394110415
16461,2,general,124,160.66599181378245
16462,3,general,596,601.7324906866533
16464,2,infantry_line,195,230.2858769764815
16465,1,infantry_line,524,538.1367570516145
16466,2,infantry_line,453,452.79757809434597
16467,1,cavalry_light,365,366.53831462399125
16468,0,cavalry_light,413,401.84085062788876
16471,4,general,257,267.9624979110955
16473,4,general,223,239.4365087192447
16474,3,general,205,225.12757532172748
16475,2,general,357,362.12670799540604
16476,4,general,666,683.6331623204824
16477,3,general,923,872.6326414369067
16478,2,general,673,658.3957755385414
16479,0,general,231,238.2888504131032
16480,2,infantry_grenadiers,588,580.8337331020501
16481,3,infantry_line,339,338.3384572240566
16482,4,infantry_line,624,628.4519195823035
16483,3,cavalry_light,812,862.8355160369795
16484,1,cavalry_light,359,351.5207017415627
16485,3,cavalry_light,557,555.5223982947729
16486,4,cavalry_light,340,342.3826730575893
16487,2,cavalry_light,696,712.1195333153084
16488,0,general,816,899.9766507616522
16489,2,general,388,378.069739227728
16490,3,general,262,259.54856262806425
16491,3,general,688,737.6304182387456
16492,0,general,637,646.5426833261943
16493,0,general,452,458.02027375851776
16494,0,general,380,387.6941723659446
16495,1,general,460,471.62671484178014
16496,1,infantry_line,446,451.9175646863132
16497,1,cavalry_standard,879,840.1799044961485
16498,4,cavalry_standard,539,541.1654233264928
16500,1,general,284,267.59447514866486
16502,4,infantry_line,342,327.13084677639256
16503,0,infantry_line,226,237.28451632671033
16504,1,infantry_skirmishers,116,128.07487497744776
16505,4,cavalry_standard,539,548.3047544078426
16507,1,general,550,526.7186110320522
16508,0,general,449,455.7975503900823
16509,3,artillery_horse,974,973.2949077718114
16510,4,artillery_horse,325,318.88393198599135
16511,0,cavalry_lancers,369,375.3761794394423
16512,0,cavalry_lancers,558,503.94838110096134
16513,3,cavalry_lancers,541,497.1998457743908
16514,2,cavalry_light,436,444.42407986110624
16515,3,cavalry_light,411,413.3614267875369
16516,1,general,493,479.27482920866277
16517,3,general,285,288.86986149868926
16518,3,general,534,496.00320323876645
16519,0,general,229,253.34476852345028
16520,1,general,391,385.4603487344507
16521,4,cavalry_heavy,2274,2347.994997530874
16523,3,cavalry_lancers,642,632.2626989731579
16524,1,cavalry_lancers,314,333.49018291149616
16525,4,cavalry_lancers,661,695.9147496254055
16526,4,cavalry_lancers,706,723.5875838172454
16527,0,cavalry_light,337,334.58295730774785
16528,3,cavalry_light,688,665.0089103402194
16529,1,cavalry_light,696,693.831400383605
16531,3,cavalry_light,344,353.872887906626
16532,2,cavalry_standard,1478,1432.626396742916
16533,0,general,356,335.7470229394966
16534,2,general,416,422.69738130415277
16537,1,general,241,245.33058870155818
16538,0,general,693,671.859850730211
16539,0,general,267,257.1506771663927
16540,0,general,198,200.464094988049
16541,0,general,488,487.61372057998045
16544,2,general,751,771.4598075202399
16545,4,general,1394,1359.4874716027207
16546,3,infantry_line,131,127.98280064375449
16547,3,infantry_line,225,221.60675108156283
16548,1,artillery_horse,1206,1204.5273571094701
16549,1,cavalry_lancers,434,389.8931648090417
16550,3,cavalry_light,595,565.0438310108815
16551,3,cavalry_light,753,756.8569084192642
16552,4,cavalry_light,278,272.31766221087855
16553,0,cavalry_light,649,650.3930397341409
16554,1,cavalry_light,344,343.8687736576269
16555,1,cavalry_light,357,341.25456281552727
16556,1,cavalry_light,1324,1401.237060922835
16557,0,cavalry_light,716,715.1809023842212
16558,2,general,536,520.1439134519886
16559,4,general,1232,1215.2008138735973
16561,4,general,470,560.3805590564602
16562,4,general,310,293.79622517887026
16564,0,general,593,594.7317256627063
16565,3,cavalry_lancers,1027,1024.7146350388823
16566,4,general,844,826.8542621086049
16568,4,infantry_light,282,281.7518552266579
16569,0,cavalry_heavy,1062,1019.7806778520808
16570,1,cavalry_lancers,999,1026.7399260318896
16571,3,general,996,1007.5875627311697
16572,1,artillery_foot,1491,1447.1318432348708
16573,2,artillery_foot,1428,1563.8437864605733
16574,4,artillery_foot,810,877.6209853584872
16575,0,artillery_foot,672,727.3447099473112
16576,3,cavalry_heavy,848,859.0610987590677
16577,2,cavalry_heavy,1224,1219.3212178576316
16579,4,general,1069,1069.768957384193
16580,4,general,1706,1642.4604223507556
16581,2,general,1661,1552.5957659423284
16582,2,general,1506,1596.6579387899787
16583,1,general,713,741.3836041270547
16586,0,artillery_horse,973,933.2423766273263
16588,1,cavalry_heavy,794,871.153313558666
16589,3,general,1377,1344.6659409306135
16590,3,general,630,681.9692759656917
16592,3,general,902,948.7604706223644
16593,3,artillery_foot,714,762.431487819941
16594,3,artillery_foot,720,784.5447792358166
16596,1,artillery_horse,415,427.1562135930237
16597,1,general,569,602.4791703908784
16598,4,artillery_horse,788,800.556176395729
16600,3,general,433,530.4210226600945
16601,2,general,144,182.3159754359562
16602,3,infantry_grenadiers,263,274.45656062332773
16603,1,infantry_skirmishers,189,194.76020659396428
16604,0,artillery_foot,296,250.05423511762237
16605,4,artillery_foot,610,603.6448321137524
16606,4,artillery_foot,307,296.9716574725986
16608,0,artillery_foot,522,584.9515038411315
16609,0,artillery_foot,614,691.3819318289586
16610,4,artillery_foot,743,687.4883289018767
16612,3,artillery_foot,607,662.2034903769828
16613,0,artillery_foot,710,797.9242517580687
16616,1,artillery_foot,383,354.7684457572358
16617,3,artillery_foot,233,268.3278659403475
16618,2,artillery_horse,733,762.0854147375254
16619,0,artillery_horse,1103,1133.486727360169
16621,4,artillery_horse,649,592.7485965274922
16622,1,artillery_horse,1126,1107.4986143962599
16623,3,artillery_horse,974,973.2949077718114
16624,4,artillery_horse,912,928.1498822049232
16625,2,general,631,697.8069679663665
16626,1,general,255,255.99477318058845
16627,2,general,55,55.166679083137254
16628,3,general,548,638.1266012620094
16629,2,general,513,559.6569338891818
16630,3,general,348,325.3328145934956
16631,1,general,2221,1916.6040972343333
16632,2,general,55,55.166679083137254
16635,3,general,145,145.31781123506536
16636,2,general,1,1.0
16638,2,general,895,948.8724566266336
16639,0,general,674,670.8825528327653
16641,1,general,522,521.0537028421379
16642,0,general,674,670.8825528327653
16643,2,general,534,638.4922825051533
16644,1,general,255,255.99477318058845
16645,0,infantry_grenadiers,166,146.1856730613304
16646,1,infantry_grenadiers,499,559.6933017913752
16647,1,infantry_skirmishers,208,218.48413356918184
16649,3,infantry_skirmishers,196,201.99532693560494
16650,3,infantry_skirmishers,197,202.94556742989195
16651,1,cavalry_light,597,573.5559580026329
16653,2,general,205,181.41316278718602
16654,2,general,239,226.205663794134
16655,2,general,648,619.5791594905417
16656,1,general,73,52.261112339041404
16657,4,general,344,348.3956045509584
16659,3,general,578,573.043770645227
16660,3,general,879,940.7796293644165
16661,2,general,688,650.5551956448668
16662,1,general,382,400.0308549522909
16663,1,general,192,178.71015651396021
16664,0,infantry_grenadiers,807,855.9174853918805
16665,1,infantry_light,299,308.15160012762135
16666,2,infantry_light,291,298.9900482033319
16667,2,infantry_light,607,622.1939385459153
16669,2,infantry_line,303,289.69917317967753
16670,3,infantry_line,177,164.56906522704844
16671,3,infantry_line,329,343.8832844447704
16672,4,infantry_line,307,296.1276069290505
16673,0,general,237,230.7840219996163
16674,4,general,374,355.8289465928456
16675,1,general,428,419.69273070016965
16676,4,general,204,199.92555293667488
16678,1,general,732,779.0595947154859
16679,2,general,535,525.0187263691356
16680,0,general,804,826.3753395511462
16681,1,general,343,313.36527881177835
16682,4,infantry_light,290,294.03156967289874
16683,3,infantry_light,537,577.5080044083046
16684,1,infantry_line,219,215.78195210000655
16685,2,infantry_line,480,486.1253832648798
16686,3,infantry_line,123,120.06767301724548
16687,3,infantry_line,457,431.49989924223917
16689,1,infantry_line,845,917.0023790921435
16690,0,infantry_skirmishers,249,260.79752011345454
16692,4,cavalry_standard,662,660.1451083332721
16693,0,general,521,501.8379163510986
16694,2,artillery_foot,671,653.1654346594364
16695,1,general,533,485.36810617615134
16696,1,general,476,460.28071910127386
16697,2,general,148,151.67070065827215
16698,0,general,112,124.23762994550806
16699,0,general,409,413.29670083195793
16700,4,general,284,253.45724069670212
16704,3,infantry_line,178,181.66526530814554
16705,2,infantry_line,247,270.77745118725284
16706,1,infantry_line,211,238.48062411004145
16707,4,infantry_line,433,396.04899160588906
16708,4,infantry_line,395,378.7932030794605
16709,3,infantry_line,509,536.962670058139
16710,1,general,343,371.28312496232894
16711,3,general,477,483.10712828899875
16712,0,general,85,81.45622916742865
16713,2,general,427,395.4339044672025
16714,0,general,681,697.2535484954194
16716,0,general,695,715.3935708503965
16717,2,general,415,422.54903549139885
16719,1,infantry_grenadiers,659,651.9644970764127
16720,3,infantry_light,587,623.9616754195803
16721,4,infantry_light,490,461.70392128962226
16722,2,infantry_line,189,193.01616544484983
16723,3,infantry_line,282,297.8824845728827
16725,1,infantry_line,469,501.76686079122106
16728,2,artillery_foot,364,352.67039505358207
16729,3,general,403,418.84523966546965
16730,2,general,125,133.0812916644827
16731,2,general,170,166.84656247051896
16733,3,general,223,261.3107090350688
16734,0,general,964,1018.924396901672
16735,4,general,735,757.9308161466942
16736,4,infantry_grenadiers,784,818.564858843747
16738,0,infantry_line,233,254.20769714003816
16739,3,infantry_line,310,346.0509522339329
16740,1,artillery_horse,651,653.4206818517545
16741,4,cavalry_lancers,1645,1579.3077163847004
16742,1,cavalry_light,1281,1268.9578768575677
16743,4,cavalry_light,1323,1426.7320099532183
16744,4,cavalry_light,860,882.7713838086888
16745,4,general,459,471.1879984053607
16746,1,general,741,732.3341412915627
16747,4,general,266,180.6517606853522
16748,4,general,476,452.5448799945749
16749,0,general,287,351.186015728851
16751,2,general,1573,1568.404325172344
16752,2,general,438,391.0119428572751
16754,2,infantry_grenadiers,443,295.6871939144735
16755,4,infantry_light,312,424.6779011067818
16756,4,infantry_light,408,420.077559509824
16757,0,infantry_line,401,381.1514997760853
16758,2,infantry_line,434,390.48276678705497
16759,4,infantry_skirmishers,121,167.35304553346813
16760,4,general,383,374.6288994270228
16761,3,general,120,132.05027296720445
16762,1,general,329,321.38005579149325
16763,1,general,427,433.1736704685589
16764,1,general,593,580.947826068501
16765,0,general,408,392.9980056401735
16766,0,infantry_grenadiers,719,725.043133172985
16767,3,infantry_light,524,525.7885417463287
16768,0,infantry_line,439,437.75631326797645
16769,0,infantry_line,305,331.6224387520697
16770,1,infantry_line,195,197.8348371451161
16771,3,infantry_line,327,352.6168598921647
16772,4,artillery_horse,817,785.4740127888097
16773,1,cavalry_heavy,1848,1779.405001458694
16774,4,cavalry_light,782,796.0643329003997
16775,3,general,1846,1839.7654132523505
16777,0,general,796,809.2050022693516
16778,0,artillery_foot,860,730.8629052063515
16779,4,artillery_foot,483,504.12685991118923
16780,4,general,209,188.72939123434793
16781,4,general,756,675.719884878237
16783,1,infantry_line,224,256.9272189843003
16784,4,infantry_line,309,309.42964471889496
16785,0,infantry_line,182,208.3132731972443
16786,4,cavalry_light,607,606.335764616603
16787,1,cavalry_light,1143,1233.630053995798
16789,0,general,289,248.10821661453076
16790,4,general,1051,1148.8337117498213
16792,3,general,1075,1156.6209498290389
16793,2,general,918,875.7000759232986
16794,1,general,265,217.48906390412492
16795,1,infantry_line,348,317.6644218985521
16796,2,infantry_line,511,413.60499323943924
16798,3,infantry_skirmishers,324,305.23932618789746
16801,3,cavalry_standard,909,912.260447412936
16802,2,general,102,113.64636187076528
16803,2,general,98,105.32361328264393
16805,4,general,177,203.43601562233545
16806,4,general,1059,1044.8946003674937
16807,0,general,1160,1216.927784833795
16810,4,infantry_line,196,215.6262968842853
16811,0,infantry_line,159,234.1280217935374
16812,2,infantry_line,194,219.87893760151272
16813,0,infantry_line,139,179.9758838884625
16814,2,infantry_line,254,239.92623107286386
16815,0,infantry_skirmishers,130,168.9053366027323
16816,1,general,168,164.8183746690787
16817,0,general,138,117.96942226040802
16819,1,infantry_line,269,284.7243399289144
16820,2,artillery_foot,241,284.87160176803457
16823,0,cavalry_light,653,610.8328419888
16825,0,general,179,184.13346624200545
16826,4,general,544,513.716512060435
16827,4,general,493,578.8169533627586
16828,0,general,215,224.10268359061172
16829,4,general,299,299.9668012907447
16830,3,general,274,269.1505788366047
16831,2,general,653,734.9421659612216
16832,3,general,349,339.6173674149594
16833,0,general,567,579.8415125719587
16834,4,infantry_light,283,302.1544320272986
16835,2,infantry_line,374,388.2328183944246
16836,3,infantry_line,269,304.63286599692384
16837,4,infantry_line,290,303.1803318205258
16838,1,infantry_line,622,657.5236531890222
16839,1,infantry_line,410,409.5683464051689
16840,0,artillery_foot,187,238.53493180162502
16841,1,cavalry_heavy,1580,1547.6149540869283
16842,0,cavalry_light,949,1076.5411844606954
16843,0,general,812,931.2529707362785
16844,3,general,124,144.43224566284465
16845,3,general,109,129.85480274600093
16846,1,general,628,559.2786467409148
16847,4,general,1412,1404.925780936046
16848,2,general,447,450.7630236001821
16850,3,infantry_line,194,214.5421130090525
16851,0,infantry_line,179,199.81734715575044
16853,1,infantry_line,418,416.55543682433836
16854,1,infantry_skirmishers,488,394.26616049278476
16855,2,general,449,425.6981320952311
16856,0,general,378,362.50113368647135
16857,0,general,325,293.08852662174814
16858,4,general,457,432.37443867576826
16859,3,infantry_light,487,500.2107235065165
16860,1,infantry_light,387,365.3385502968534
16862,4,general,195,174.02301408321426
16863,3,infantry_line,298,299.11788444078013
16865,1,general,142,145.92674363057097
16866,0,general,40,57.7951660346596
16867,3,general,201,211.22876755269294
16869,1,infantry_line,208,214.16941404826972
16870,1,cavalry_light,409,384.23335124158757
16871,4,artillery_foot,860,871.3390021458655
16872,4,artillery_foot,413,432.87009927331826
16874,0,artillery_horse,1134,1259.7073135610124
16875,2,general,87,86.448537504948
16878,2,general,1,1.0
16879,2,infantry_skirmishers,159,192.86148250738668
16880,0,infantry_skirmishers,219,208.14173650007297
16881,4,infantry_skirmishers,181,177.64650848432174
16882,3,cavalry_light,869,906.62295881924
16883,1,cavalry_light,986,1059.17294003117
16885,0,cavalry_standard,644,734.4545544724608
16886,3,general,96,98.38788556647324
16888,4,general,807,855.1503932639458
16889,0,general,509,569.2250102904891
16890,3,general,903,946.6384807913396
16892,1,general,76,109.28270421328403
16893,3,general,111,156.99063760745872
16895,0,general,750,753.8626602901275
16896,3,general,207,295.2103812912921
16897,2,general,970,989.5118903748612
16898,3,general,1215,1174.9326245725285
16899,3,general,1000,995.9898172064939
16900,3,general,399,414.0288406067286
16901,2,general,600,604.3574751424466
16903,0,general,554,495.0539083676658
16904,3,infantry_grenadiers,1139,1170.575724693177
16905,1,infantry_grenadiers,1023,1029.292682111433
16907,3,infantry_line,164,162.40920561100532
16908,2,infantry_line,174,213.6475007222043
16909,2,infantry_line,150,182.79994329615513
16910,4,infantry_line,259,256.9372752484205
16911,2,infantry_line,147,169.6312370486328
16912,0,infantry_line,499,463.65053203922946
16914,1,infantry_line,508,524.8378527758092
16916,0,cavalry_heavy,1024,1080.8455985843436
16917,0,cavalry_heavy,1507,1566.3080312154848
16919,3,general,76,94.57422434459616
16920,1,general,1072,1171.6554076555597
16922,4,general,212,214.21419630395687
16924,0,general,1499,1564.8972215981082
16925,3,general,1561,1240.8467089153285
16926,4,general,191,263.8429115041735
16927,4,general,859,790.2615205393023
16928,3,general,527,541.6574925427834
16932,2,general,1110,1004.8841298374646
16933,4,general,271,318.76039533901195
16934,4,general,847,875.6224654431736
16936,4,infantry_light,396,384.8196144189094
16938,2,infantry_light,732,699.8977302207701
16939,3,infantry_line,316,313.23516061027885
16940,0,infantry_line,140,160.410512696188
16942,1,infantry_line,117,118.5357595343339
16943,0,infantry_line,543,555.5173253207968
16944,2,infantry_line,225,254.78858120919452
16946,2,infantry_line,287,312.6338294660482
16947,4,infantry_line,501,519.7570158174499
16948,1,cavalry_heavy,1790,1840.1415312361487
16949,2,cavalry_heavy,1396,1407.9694885981435
16952,4,cavalry_lancers,446,478.3078292925469
16955,0,general,196,184.01802433867257
16956,0,general,472,488.03944796162693
16958,0,general,1720,1658.4339153504297
16961,3,general,465,461.6137033017226
16962,2,general,1386,1429.1846778685851
16963,0,general,320,310.7534741666547
16964,2,general,213,211.50873126306453
16965,1,general,220,198.8372431118526
16966,3,general,92,118.1045170849882
16968,1,general,318,314.9070684260216
16969,4,general,317,344.00946602277133
16971,1,infantry_light,326,325.4616322681498
16972,0,infantry_light,304,308.4436765341443
16973,3,infantry_light,325,312.12610110846055
16974,3,infantry_light,345,336.5014921555345
16977,2,infantry_line,136,137.1980106592558
16978,2,infantry_line,424,417.3069617977074
16980,4,infantry_line,185,186.1528645905312
16981,4,cavalry_heavy,1003,1059.9579851919168
16982,1,cavalry_heavy,1396,1388.1557051913228
16984,2,cavalry_light,412,406.9116437254015
16985,4,cavalry_light,2014,1870.0052565008164
16986,0,general,180,172.62452879145326
16987,4,general,613,610.2585855622366
16988,1,general,1901,1823.4601866188086
16989,2,general,177,177.32567534880116
16992,3,general,285,283.6468545942356
16993,0,general,193,181.60595452129314
16994,1,general,1239,1226.1803392732209
16995,2,general,287,279.78204303634055
16996,2,general,220,220.7801434986131
16998,2,general,132,139.4917845992063
16999,2,general,97,153.05882540059923
17000,4,general,214,276.89753254111076
17001,4,general,235,284.90615775858953
17002,4,infantry_line,393,353.13858355690587
17003,4,infantry_line,435,417.7267496575411
17004,1,infantry_line,278,279.12292626558724
17005,1,infantry_line,273,277.5191629815216
17006,4,infantry_line,294,286.25299304299926
17007,2,infantry_line,283,277.80698316642173
17010,4,infantry_line,203,252.65674220402312
17011,1,infantry_line,232,274.7824369062038
17013,3,cavalry_standard,1478,1418.2600051210102
17014,4,general,1473,1381.219641363013
17016,3,cavalry_lancers,1201,1196.8248024932007
17017,1,cavalry_lancers,995,1008.1678431933021
17018,3,general,1055,1042.7314883089684
17020,1,general,97,116.65444677564976
17022,1,general,363,348.462982604998
17023,2,general,374,330.9996264473734
17024,4,general,367,388.1334342992128
17025,2,general,876,856.5549802793602
17027,4,general,46,69.62416786703193
17029,1,infantry_light,285,325.3375627653989
17030,2,infantry_light,296,338.285076175304
17031,2,infantry_light,815,836.4687235831738
17032,2,infantry_line,150,165.20274906634478
17033,1,infantry_line,346,317.96490187611704
17034,0,infantry_line,171,187.32432448653375
17035,4,infantry_line,293,281.8038074849366
17036,0,infantry_line,480,499.10763211529667
17037,2,cavalry_heavy,1712,1707.8932116763517
17038,1,cavalry_heavy,886,959.3584901811304
17039,2,cavalry_standard,1129,1144.1251377828082
17041,2,general,795,795.8405872952528
17043,2,general,720,761.6805012263785
17046,3,general,96,105.15326094535307
17047,3,general,1470,1458.6943524060978
17049,2,general,583,595.2024583646953
17050,1,general,395,405.27587097885146
17051,2,general,305,306.8382648306075
17052,2,general,266,321.4933843384528
17053,2,general,255,263.3091335410869
17054,1,general,984,939.297595006657
17055,1,general,864,834.8009917215641
17057,0,infantry_grenadiers,999,959.114632335513
17059,1,infantry_line,168,165.91794501979865
17062,3,infantry_line,411,412.982673672649
17063,3,infantry_line,458,476.5618046226162
17064,0,infantry_line,335,384.4956399264686
17065,1,infantry_line,493,505.6086853878374
17067,0,infantry_line,359,369.3875252501731
17068,3,infantry_line,291,293.9942777706292
17070,0,cavalry_heavy,844,1045.698192140447
17071,4,cavalry_standard,549,545.4996961204635
17072,3,cavalry_standard,1106,1098.4779766179522
17073,1,general,918,894.7836189611457
17074,1,general,448,442.88422071299453
17075,4,general,760,989.12527140927
17076,0,general,503,495.63708119261895
17077,3,general,556,548.6200735656571
17078,4,general,867,1008.0869980052779
17080,2,infantry_light,560,582.7483609952369
17081,0,artillery_horse,550,553.9740471164774
17082,3,cavalry_heavy,1110,1121.4294893315298
17084,1,cavalry_standard,1015,997.1075379781142
17085,2,cavalry_standard,701,710.9872647820116
17087,0,general,227,208.87787937453695
17089,0,general,96,105.02278960006021
17090,2,general,63,80.620597038715
17091,2,general,880,858.554294780912
17092,0,general,323,318.9284916169405
17093,1,general,1039,1034.2593944591101
17094,1,infantry_line,285,274.2382676021532
17095,3,infantry_line,286,275.22535661313884
17096,3,infantry_line,201,212.53690401598618
17097,1,infantry_line,140,142.8739421070436
17099,3,cavalry_heavy,1249,1287.4755164553683
17100,3,cavalry_light,409,408.91182858749033
17101,4,cavalry_light,381,373.74841467874404
17103,2,cavalry_standard,801,792.3447037644014
17104,4,cavalry_standard,811,751.0608644322643
17105,4,general,650,595.3335493874473
17106,2,general,940,985.4328275051341
17108,1,general,912,868.9103889623849
17109,2,general,341,345.0022300920564
17111,1,general,800,785.7516946379966
17113,3,general,195,269.6373335278149
17114,4,general,296,295.80145914492823
17115,1,infantry_light,291,283.62941250845637
17116,2,infantry_line,435,419.3019727457759
17117,4,infantry_line,403,394.70224851884046
17119,4,cavalry_light,314,319.99138851243583
17120,3,general,271,298.81651901636747
17121,4,cavalry_light,591,592.3484072032005
17122,2,cavalry_light,412,406.9116437254015
17123,0,cavalry_light,478,461.48334270456064
17125,3,cavalry_light,1072,1117.8231943447286
17126,0,cavalry_light,537,505.93400030279776
17127,3,general,440,439.2861929015902
17128,0,general,521,468.429891897166
17131,1,general,433,426.10682951659703
17132,0,general,468,479.30157011532526
17134,0,general,581,591.9889196403153
17135,0,general,692,712.5061499602813
17136,0,infantry_light,514,514.9723162749762
17137,0,infantry_line,640,660.3175392473909
17138,1,cavalry_lancers,725,673.6442881568265
17139,2,cavalry_lancers,314,343.17397954690364
17140,2,cavalry_lancers,376,398.6505091846408
17141,3,cavalry_lancers,941,929.2773259486871
17142,0,cavalry_standard,532,562.9104948181808
17143,2,cavalry_standard,899,844.13641377159
17145,0,general,250,255.69554833522676
17146,0,general,272,279.0524479550488
17147,2,general,434,463.61513535237265
17148,1,general,612,564.2247464012356
17151,1,general,239,237.79176489485351
17152,2,infantry_light,227,239.12627745697813
17153,3,infantry_line,305,304.6442873596913
17154,1,artillery_foot,811,764.7855621385838
17156,2,general,652,625.406131772193
17157,2,general,228,226.3008712178883
17158,0,artillery_foot,805,782.8899339766855
17159,4,artillery_foot,771,743.0972800988073
17160,1,artillery_foot,363,386.21348379463177
17161,3,artillery_foot,670,700.910820790541
17162,1,artillery_foot,946,892.0720344503304
17163,1,artillery_foot,600,596.7540058668276
17164,1,artillery_foot,393,382.9567381865948
17165,1,artillery_foot,530,557.7604827955438
17166,3,artillery_foot,1137,1145.4846022453312
17167,4,artillery_foot,736,732.0142099474022
17169,0,artillery_foot,1199,1171.2985164852569
17170,1,artillery_foot,407,401.10240808386044
17171,1,artillery_foot,326,330.9252276848133
17172,1,artillery_foot,716,719.4372287026655
17175,2,artillery_foot,496,516.7777785251299
17176,2,artillery_foot,1030,1076.0812567228868
17177,1,artillery_horse,1196,1175.09520159221
17178,0,artillery_horse,512,501.00357003610503
17179,4,artillery_horse,1120,1097.7338968833778
17181,2,artillery_horse,1050,1074.544606029365
17182,1,artillery_horse,102,144.62339344806435
17183,2,artillery_horse,519,527.8879604634855
17184,3,artillery_horse,526,533.8371757387127
17185,1,artillery_horse,1076,1100.3133069825733
17187,1,general,378,375.19923215830795
17188,3,general,498,513.3672869056641
17189,3,general,364,382.22442943967906
17190,0,general,312,312.79494428828673
17191,0,general,855,790.3112593648791
17192,3,general,1347,1309.9301146359642
17193,0,general,312,312.79494428828673
17195,4,general,646,628.7912657281208
17198,0,general,623,617.7018234049818
17199,3,general,177,177.67874651415383
17200,0,general,312,312.79494428828673
17201,0,general,2542,2325.924436009635
17202,1,general,737,724.1160847910187
17203,4,general,1041,1045.9512698420203
17205,4,general,467,466.7683249013412
17206,1,general,1232,1220.1482463016944
17207,1,general,467,465.1561451766838
17208,3,general,177,177.67874651415383
17210,1,general,220,275.24993698268884
17211,1,general,230,291.53879467555646
17213,1,general,668,663.6197586576463
17214,3,general,177,177.67874651415383
17215,4,infantry_grenadiers,340,317.057103995964
17216,3,infantry_grenadiers,349,406.3034103410638
17217,1,infantry_grenadiers,360,294.3000403924361
17218,0,infantry_grenadiers,655,615.3929258694008
17219,4,infantry_grenadiers,339,368.98137731315865
17220,1,infantry_skirmishers,211,200.03176898584155
17221,2,infantry_skirmishers,216,207.85817932548406
17222,0,infantry_skirmishers,231,241.5778487831825
17223,0,infantry_skirmishers,231,241.5778487831825
17225,4,general,710,565.0433036191791
17226,1,general,172,166.4472147531668
17228,3,general,376,351.2554908820623
17230,3,general,158,175.62943041431677
17232,1,general,305,288.85853681969553
17233,0,general,581,525.3666467455596
17234,3,general,330,315.2879867357111
17235,4,general,93,91.25239565734333
17237,2,general,194,183.357857611017
17239,1,general,427,411.62718438642
17240,0,general,530,517.8441846983281
17241,2,general,501,564.7731183060478
17242,2,general,152,207.71416587672954
17243,2,general,684,691.1387248503175
17244,2,general,241,332.49498248925033
17245,4,general,868,905.2869248567297
17246,1,infantry_grenadiers,309,384.41079706894254
17247,4,infantry_grenadiers,629,702.6461260387202
17248,4,infantry_irregulars,217,196.0061262220148
17249,2,infantry_light,749,626.6360234341425
17250,0,infantry_light,431,443.98563015009717
17251,3,infantry_light,617,604.0233019022709
17252,4,infantry_light,374,378.49857664102757
17253,3,infantry_light,818,872.7130993095469
17254,4,infantry_light,815,833.6136583974568
17255,4,infantry_line,373,360.20063886057005
17256,4,infantry_line,430,423.77501772185053
17257,2,infantry_line,406,397.0222580643455
17258,0,infantry_line,234,270.59844071209534
17259,0,infantry_line,231,238.19620354364102
17260,2,infantry_line,386,381.88132137066606
17261,0,infantry_line,310,296.86235606503374
17262,3,infantry_line,300,292.56848272007767
17263,2,infantry_line,273,269.0926875485703
17266,1,infantry_line,356,440.95880006487
17267,2,infantry_skirmishers,241,278.77512402891097
17268,1,cavalry_lancers,988,939.2756664439393
17270,2,general,264,267.72705876624536
17271,2,general,463,500.8045281380181
17272,3,general,820,770.599719212378
17273,0,general,695,812.7970857322266
17276,4,general,283,290.0388126922114
17277,3,general,342,305.3826389880221
17278,3,general,537,515.6288891882562
17279,1,general,296,383.36383896114785
17280,1,general,1308,1341.1460686308662
17281,0,general,420,432.12296146155705
17282,2,general,404,375.89685885562295
17283,4,infantry_grenadiers,364,358.14063979736113
17284,0,infantry_light,504,497.14992322274054
17285,1,infantry_light,463,458.1070861483497
17286,2,infantry_light,496,496.0665458539757
17287,2,infantry_light,653,638.9584552227805
17288,3,infantry_line,260,257.7967457042015
17289,1,infantry_line,444,410.45372142018675
17290,2,infantry_line,216,224.4975842851667
17291,0,infantry_line,251,287.47454720858417
17292,4,infantry_line,282,283.2942715026487
17293,2,infantry_line,1116,1137.47234534701
17294,3,infantry_line,308,370.66146994877596
17295,0,infantry_line,527,545.0300382039419
17298,3,artillery_foot,451,423.9762679742558
17299,0,artillery_foot,926,943.6053732058822
17300,3,artillery_horse,543,546.6926455520643
17302,0,general,340,318.64922509745367
17304,1,general,285,268.75229118203526
17305,1,general,99,139.8737922653032
17306,3,general,389,364.5420220337842
17307,2,general,243,277.4364008157873
17308,3,infantry_light,440,435.6577090771335
17310,1,infantry_light,318,348.75942940221177
17311,3,infantry_line,384,377.29029639548173
17313,2,infantry_line,210,249.35870278500877
17315,3,cavalry_light,489,461.26939789629705
17316,1,cavalry_light,801,778.3591230881101
17318,1,cavalry_standard,752,777.3485217877309
17320,0,general,358,325.3325418348536
17321,2,general,388,367.26879897300324
17323,2,general,293,291.75816748850895
17324,3,general,166,170.1392810973189
17325,2,general,682,659.8834736432507
17326,3,general,405,401.7740640119755
17327,1,general,619,596.8803962194918
17329,0,infantry_light,399,394.8314549745367
17330,1,infantry_line,344,340.5750136185345
17332,4,infantry_line,434,412.5629401167949
17333,2,infantry_line,574,575.5704597053837
17336,3,artillery_horse,1973,1955.3443229502761
17338,0,cavalry_light,431,430.791880339834
17339,1,cavalry_light,1112,1167.554223518593
17340,1,general,430,423.07069017276393
17341,3,general,289,294.0733151835698
17343,4,general,106,125.45898127430479
17344,4,general,1031,1086.1244400101157
17345,3,general,150,165.1753152192243
17346,4,general,120,131.18781772612064
17348,1,general,803,731.4566989600303
17349,3,infantry_grenadiers,480,508.9256723994264
17350,0,infantry_line,248,272.57701804364484
17351,3,infantry_line,212,235.38094848341038
17352,0,infantry_line,579,572.423608663108
17354,1,infantry_line,850,797.5739786643121
17355,0,infantry_line,187,202.86447878815912
17356,4,infantry_line,500,493.8780882396292
17358,0,general,72,76.76002582981492
17359,3,general,114,113.26573461234776
17360,2,infantry_line,215,218.99018137861117
17361,4,infantry_line,173,182.25238851767642
17362,3,general,182,190.19922495506745
17363,2,general,87,88.70247062368867
17364,3,infantry_line,183,189.34465578786666
17365,1,infantry_line,248,250.13413844196052
17366,2,general,304,284.7933080083983
17367,4,general,79,122.90437187188732
17368,4,general,342,321.9099026622147
17369,2,general,534,497.95096928424624
17370,3,general,156,175.88714262012743
17371,3,general,302,282.9656126727326
17372,4,general,399,417.9008500523986
17373,3,general,496,467.31852148996427
17374,1,general,277,265.3641859387572
17375,4,general,441,394.0792282473043
17376,3,general,330,356.9491393727442
17377,2,general,623,613.6973510552912
17379,4,general,532,542.8304768425775
17380,1,general,520,495.16323710970283
17381,3,general,604,609.2528481760382
17382,1,general,381,398.3053837031809
17383,1,general,376,403.0313332581762
17384,2,general,570,573.2590988960217
17385,1,general,385,445.78637734831347
17386,1,infantry_grenadiers,369,452.166039604893
17387,1,infantry_grenadiers,431,495.8555587328692
17389,3,infantry_grenadiers,496,490.3053341925898
17390,1,infantry_light,600,593.5059061049703
17391,3,infantry_light,582,578.5780646441693
17394,2,infantry_line,171,228.39842495347625
17395,1,infantry_line,479,458.94419341055055
17396,1,infantry_line,397,386.2907191878875
17397,2,infantry_line,222,228.9751732537825
17398,3,infantry_line,404,391.184959085202
17399,2,infantry_line,338,339.5524143499105
17400,3,infantry_line,306,323.7756793400653
17402,2,infantry_line,325,326.85054097659344
17404,1,infantry_line,675,615.7971428424039
17405,0,infantry_line,715,728.0880353389889
17406,1,infantry_line,672,669.707307545067
17407,1,infantry_line,594,612.0698590015344
17408,4,infantry_line,482,475.8571039533629
17409,3,infantry_line,372,380.8314152054384
17410,1,infantry_skirmishers,250,265.4574932130165
17411,2,infantry_skirmishers,377,351.122195387702
17412,4,artillery_foot,346,351.0112293667606
17413,3,artillery_foot,822,731.5389673985392
17414,0,general,273,265.95719080202855
17415,4,general,463,457.43169858656165
17416,1,general,263,259.39997361526054
17419,3,general,836,823.0859515420843
17421,1,general,203,227.73772715599534
17422,0,general,437,494.4703648522568
17423,3,general,854,866.2786352678926
17424,1,infantry_grenadiers,378,422.3748063601015
17425,4,infantry_light,422,442.591649182027
17426,3,infantry_light,311,325.72377332845747
17427,4,infantry_line,317,313.1054288001004
17429,4,infantry_line,330,331.6415430105735
17430,3,infantry_line,307,309.1351800508785
17431,2,infantry_line,177,183.14104522269596
17432,4,infantry_line,971,994.6744984440663
17433,1,infantry_line,952,934.8791644790492
17434,3,infantry_line,234,229.6267884940635
17435,4,infantry_line,289,284.2720125461011
17436,4,infantry_skirmishers,218,231.91719155606768
17437,1,artillery_foot,375,374.1253479335582
17438,0,general,595,584.0979993643465
17439,2,general,491,490.1789721871682
17440,0,general,617,568.686135266272
17441,2,general,778,744.4538306462787
17442,4,general,399,359.5798595451344
17443,2,infantry_grenadiers,673,773.2248762545047
17444,2,infantry_light,731,688.9415442734811
17445,2,infantry_light,904,896.7553334408398
17446,3,infantry_line,445,449.4202371793585
17447,1,infantry_line,508,470.78671341932346
17449,2,general,748,715.2691486919155
17450,0,general,365,344.6748486878668
17451,0,general,313,309.00107198068144
17453,3,general,676,654.6408488298332
17455,1,infantry_line,492,476.8129041008924
17457,3,infantry_line,365,375.83303454672716
17458,2,infantry_line,664,654.2112738811169
17459,4,infantry_line,780,765.9018800825536
17460,2,general,198,252.2087313798912
17461,3,infantry_light,291,295.9656323978117
17462,2,infantry_line,308,358.22751587463165
17463,4,infantry_line,270,232.17346442183936
17465,2,general,226,224.63894260489226
17467,1,infantry_line,277,342.56634331733005
17468,3,cavalry_light,656,627.8828487911655
17469,1,cavalry_light,643,634.0145109161568
17470,3,general,498,524.5069475339001
17473,2,cavalry_standard,420,388.649731595262
17475,2,general,205,211.47765025151466
17476,0,general,714,663.9435106848372
17477,0,general,381,374.0851139506545
17479,3,general,152,222.53889134519804
17480,2,general,152,179.5009828436088
17481,3,general,667,618.8699897734762
17482,3,general,328,348.6119837332391
17483,3,general,608,615.6866457697829
17484,2,general,349,361.8005669096052
17485,1,infantry_line,579,551.677949037596
17486,3,infantry_line,213,247.1022780550042
17487,2,infantry_line,174,202.11589098496523
17488,1,infantry_line,266,271.3301002442999
17492,4,infantry_line,415,412.99766084617164
17494,4,infantry_line,440,456.3890140354409
17497,2,cavalry_lancers,717,750.1981434321145
17498,3,cavalry_light,584,565.3886915506197
17499,4,general,228,313.5997161778912
17500,3,general,148,200.55677476154128
17501,1,general,1,1.0
17502,1,general,58,57.95607543289361
17503,2,general,200,193.3913673141083
17504,2,general,570,594.5306255724736
17506,2,general,7,5.1890113119998205
17507,3,general,616,619.2271560126609
17508,3,general,177,174.8372374559
17509,4,general,8,1.0
17510,0,general,718,669.9626670992466
17511,0,general,100,101.79809365528114
17512,0,general,337,310.4621709365042
17513,4,general,711,723.3223085913337
17514,0,general,775,806.5442388518534
17515,2,general,241,247.5187746858181
17517,0,general,562,543.4225687912642
17518,3,general,378,418.6484991998666
17519,0,infantry_grenadiers,377,408.0898778448141
17520,3,infantry_light,380,410.14596945155336
17521,2,infantry_light,250,307.78767709486107
17522,3,infantry_light,211,212.8874200271406
17525,4,infantry_light,612,634.1561744856161
17526,2,infantry_line,269,259.5792029679072
17527,3,infantry_line,343,356.61815255159877
17528,2,infantry_line,166,157.47997744805372
17529,2,infantry_line,114,101.88091888523363
17531,2,infantry_line,121,120.82638336561577
17532,4,infantry_line,104,99.62364489583692
17534,2,infantry_line,281,282.0991892560049
17536,3,infantry_line,458,423.1547313227277
17537,4,infantry_line,614,605.8429841142859
17538,1,infantry_line,716,720.391941546066
17539,0,infantry_line,360,361.3807289086076
17541,2,infantry_skirmishers,203,280.02786019796184
17542,1,infantry_skirmishers,78,140.537101388812
17543,2,infantry_skirmishers,250,276.7881995325648
17544,2,artillery_horse,644,641.6067825197881
17547,1,cavalry_light,1070,1136.7445566816966
17548,2,cavalry_light,840,852.0174429478571
17552,2,general,167,193.96822633345724
17554,4,general,1420,1293.9780876470438
17555,3,general,128,132.77443083001492
17556,0,general,112,117.7302714479852
17557,2,general,138,168.55131738020808
17558,4,general,678,676.0205929332062
17559,4,general,187,206.57276717739296
17560,4,general,190,214.1305926376234
17561,1,general,223,305.82157122019663
17562,0,general,872,860.0334518378654
17563,3,infantry_grenadiers,335,407.01882725493454
17564,2,infantry_irregulars,135,126.27943475062416
17567,4,infantry_line,267,282.38576287731036
17569,2,general,158,177.2217546776004
17570,4,general,430,439.13073498479645
17571,0,general,299,287.1089364901313
17572,1,general,184,186.83936351949043
17573,2,general,134,131.46521023683633
17574,1,infantry_grenadiers,425,440.95029839042706
17575,4,infantry_irregulars,146,150.69389564997036
17576,4,infantry_line,221,233.01676465370767
17577,0,infantry_line,254,249.09022311305776
17578,3,infantry_line,240,234.2430009704804
17579,1,infantry_line,300,290.80774925529363
17580,2,infantry_skirmishers,340,331.1728268198465
17581,2,general,255,244.76312058030518
17583,1,general,361,362.8948089515192
17584,1,infantry_light,240,231.72878213148945
17586,3,infantry_line,418,423.0791877162487
17587,2,infantry_skirmishers,289,277.57105282879144
17588,4,cavalry_standard,392,385.4302964741273
17589,1,general,265,267.6024231731149
17590,4,artillery_foot,473,545.8996847257758
17591,3,general,143,189.58098388823333
17592,4,general,1135,1082.056919246837
17593,2,general,173,196.53216928419693
17594,1,general,299,306.86719070508633
17595,3,general,276,272.12134908870905
17598,4,general,369,376.8153769036706
17599,4,general,71,83.4450463031836
17600,2,general,539,553.349077496862
17602,4,infantry_light,371,386.5392708219622
17603,2,infantry_light,820,830.6287611555595
17604,2,infantry_line,478,487.3248721254769
17605,3,infantry_line,184,198.61688942210168
17607,1,infantry_line,162,170.51572178227266
17608,4,infantry_line,192,210.17835594007403
17609,0,infantry_line,381,384.7505219350652
17610,4,infantry_line,219,253.40183686409742
17611,2,infantry_line,453,455.2854752352486
17612,3,cavalry_light,412,410.9487465583309
17613,0,cavalry_light,464,462.23513749138635
17614,1,cavalry_light,270,254.69884182820437
17615,1,cavalry_light,271,256.1276632354194
17616,1,cavalry_light,352,345.2324986849696
17617,2,cavalry_light,379,332.44778008815894
17618,3,cavalry_standard,906,948.3223349568963
17619,1,cavalry_standard,1204,1181.5673650128026
17620,0,cavalry_standard,1027,931.8778620178382
17621,0,cavalry_standard,716,714.2982902338324
17622,0,cavalry_standard,584,567.7892946854382
17623,0,cavalry_standard,548,548.7902371420638
17624,2,cavalry_standard,614,603.116191465661
17625,3,cavalry_standard,283,338.60297782597195
17626,4,general,125,135.06406191198482
17627,2,general,844,760.9394014454034
17628,1,general,510,506.9909363880979
17629,0,general,1277,1215.255189597367
17630,1,general,309,335.20742258365203
17631,0,general,338,328.81707722036725
17632,0,general,120,140.68711617914215
17634,2,general,225,246.84217914908322
17636,1,general,676,674.5861725021058
17638,4,general,267,282.49254351543885
17639,3,general,377,376.3038381612113
17641,3,general,1015,1001.0778580534396
17642,4,general,994,891.8420391774163
17643,2,general,920,892.5421397950961
17644,1,general,559,489.2945113772297
17645,0,infantry_grenadiers,1042,954.4384495434392
17646,0,infantry_light,361,362.16983316352844
17647,0,infantry_line,218,241.32075771146802
17648,4,infantry_line,246,268.47630786370513
17649,0,infantry_line,472,483.4153146200218
17650,2,infantry_line,1038,963.2950132995775
17651,2,infantry_line,907,902.6982094589222
17652,0,infantry_line,729,741.2391354916032
17653,0,infantry_skirmishers,257,264.3224053292247
17654,0,artillery_horse,649,647.4639192238528
17655,2,cavalry_light,389,398.34535592943797
17656,0,cavalry_light,924,1030.7391116395397
17658,4,cavalry_light,430,432.0083487846251
17659,3,cavalry_standard,911,955.9234176457531
17660,2,cavalry_standard,675,724.0766367391121
17662,0,general,517,561.3486248996475
17663,3,general,295,297.34064222170105
17664,1,general,256,268.32225113770045
17665,4,general,987,1101.1670323799153
17666,4,general,708,776.7477842582801
17667,0,general,462,435.9876136204571
17669,4,general,523,505.6215001707675
17670,3,general,256,258.2394049500559
17671,4,general,898,941.116698589039
17676,4,infantry_light,353,383.2002460598798
17677,0,infantry_light,774,734.565690962217
17678,2,infantry_light,1020,954.1416440303519
17679,2,artillery_foot,900,853.9735400079649
17680,1,cavalry_standard,1101,1050.653784109198
17681,4,cavalry_standard,519,514.7521064871652
17682,0,cavalry_standard,628,602.3584920356967
17684,3,general,420,427.2723873897706
17685,3,general,642,598.0834688058007
17686,0,general,911,858.2723602470604
17688,1,artillery_horse,1360,1313.6271223307283
17689,1,cavalry_heavy,1845,1728.9546615408724
17690,1,cavalry_light,869,862.940013691008
17692,4,general,1756,1720.87289799853
17694,4,general,703,699.4235232850212
17695,0,artillery_horse,1275,1282.018088301479
17697,0,cavalry_lancers,1293,1249.857116811516
17698,2,cavalry_light,1138,1273.1877496890493
17699,2,cavalry_light,930,965.203191767642
17701,2,cavalry_standard,1118,1132.9092340016407
17702,4,cavalry_standard,1249,1273.787830609119
17703,1,cavalry_standard,933,854.487655956798
17704,3,cavalry_standard,670,738.7689937887118
17705,2,cavalry_standard,1252,1324.9739748784311
17706,2,cavalry_standard,979,1012.4080076210765
17707,3,general,1051,1080.0262320817951
17708,4,general,1131,1114.7353602849328
17712,3,general,1416,1448.94059311612
17713,3,general,1147,1134.6330930675629
17715,4,general,1216,1169.9762673745693
17716,1,artillery_horse,1360,1313.6271223307283
17717,2,artillery_horse,169,242.89242937082292
17718,2,cavalry_light,421,417.0529693223489
17719,4,cavalry_standard,534,531.1341724073998
17720,3,cavalry_standard,1160,1115.0296564102946
17721,3,general,485,472.3785999988935
17722,4,general,1013,947.1455675471287
17724,0,cavalry_standard,728,722.7838817873712
17725,4,cavalry_standard,1043,1078.4232376559783
17726,1,general,579,569.9684983222442
17727,3,general,893,915.625288315792
17728,0,general,1066,1083.7876676408002
17729,1,artillery_horse,1360,1313.6271223307283
17730,1,artillery_foot,375,374.1253479335582
17731,0,general,291,292.6554616425548
17732,3,general,178,175.66655390712222
17733,2,infantry_light,401,406.52903664736
17734,2,infantry_line,285,283.6238266604712
17735,0,general,104,120.56799977018547
17736,0,general,143,139.0842005341566
17739,4,infantry_line,245,244.59391918080158
17740,2,infantry_line,177,183.14104522269596
17741,1,general,796,701.1733223849717
17742,2,general,406,380.3866326726034
17743,0,general,731,588.486143945767
17744,0,infantry_light,933,804.8130328976381
17745,1,infantry_line,683,546.9650689535368
17746,1,infantry_line,478,434.8072228140891
17747,2,cavalry_light,567,587.7261571619324
17748,3,cavalry_light,338,340.63964519732923
17750,1,cavalry_standard,655,700.4852109631622
17752,3,general,389,436.5301845380053
17753,0,general,518,554.5161043271768
17754,4,general,205,221.01512936088824
17756,4,artillery_foot,356,358.4840919209485
17758,2,artillery_foot,967,1001.4492743993109
17759,3,artillery_foot,428,394.0029530871474
17762,4,artillery_foot,418,389.59136314117535
17763,4,artillery_foot,634,684.653283848928
17764,4,artillery_foot,634,684.653283848928
17765,4,artillery_foot,634,684.653283848928
17766,4,artillery_foot,634,684.653283848928
17767,4,artillery_foot,634,684.653283848928
17769,0,artillery_foot,558,579.7958238344115
17770,0,artillery_foot,558,579.7958238344115
17771,3,general,199,199.8409446653107
17773,0,general,351,351.65036371060876
17774,2,general,556,559.072037876015
17775,0,general,351,351.65036371060876
17776,3,general,76,76.02650318739964
17777,3,general,199,199.8409446653107
17778,2,general,927,923.9074440627401
17779,3,general,199,199.8409446653107
17780,1,general,700,708.4671655434358
17781,1,general,198,223.2109753676708
17782,2,general,556,559.072037876015
17783,1,general,718,714.9754755838619
17784,4,general,569,578.6254634679564
17785,2,infantry_grenadiers,365,334.3010500852298
17786,3,infantry_grenadiers,372,298.225379382233
17787,3,infantry_grenadiers,372,298.225379382233
17788,0,infantry_grenadiers,367,261.75834405739835
17789,4,infantry_grenadiers,370,328.16668766621837
17790,0,infantry_grenadiers,357,338.9893797264129
17791,0,infantry_skirmishers,209,216.90591208780089
17792,2,infantry_skirmishers,206,210.03205103150955
17794,0,infantry_skirmishers,209,216.90591208780089
17795,1,general,487,396.5919359702856
17796,2,general,650,832.0914065563716
17797,2,general,367,351.8809786108322
17798,4,general,252,266.51002963478936
17799,4,general,481,504.5815645072817
17800,1,general,157,158.98252899003694
17801,0,general,1751,1552.526479753031
17802,3,general,294,325.1482719769446
17803,3,infantry_grenadiers,1272,1412.6643894838692
17805,2,infantry_light,448,406.6316718668088
17806,2,infantry_light,266,284.8979970272211
17807,4,infantry_light,169,203.71677426195697
17808,0,infantry_light,161,158.6922538387784
17809,2,infantry_light,152,148.82639220080128
17811,0,infantry_light,268,286.54909167013267
17812,2,infantry_line,163,169.84759224456653
17813,2,infantry_line,367,398.0912318397865
17814,1,infantry_line,423,417.1272113429291
17815,3,infantry_line,233,236.58129627755002
17816,2,infantry_skirmishers,231,227.60718915929624
17817,1,general,262,258.16521670241036
17818,4,general,108,93.03568953211837
17819,2,general,162,166.88510962638918
17820,2,general,386,435.2259817615351
17821,4,general,306,422.4166817575102
17823,0,general,425,431.59355221633405
17824,2,general,379,374.65843923270404
17825,3,general,768,727.0295218950666
17826,0,general,379,426.8774320524831
17829,4,infantry_light,255,280.0214026508961
17830,2,infantry_light,200,207.60878323776845
17831,2,infantry_light,824,842.6330485465722
17832,3,infantry_light,456,535.8546626186152
17833,2,infantry_line,206,205.1960057136699
17834,3,infantry_line,339,352.3379743331754
17836,0,infantry_line,446,502.6409671474396
17837,3,infantry_line,283,379.9671771424288
17838,0,infantry_line,492,503.3769480805408
17839,0,general,132,139.56186315646343
17840,4,general,113,118.63121097415835
17841,3,general,253,237.09797956210386
17842,2,general,295,281.55809588430196
17843,0,general,344,322.4610223210621
17844,0,general,115,159.4914612395122
17845,4,general,390,365.3115911684453
17846,4,infantry_line,158,165.81999377783137
17847,1,infantry_line,181,192.0103215807109
17848,2,infantry_line,315,307.6830382126169
17849,4,infantry_line,308,278.8546683153302
17850,1,infantry_line,452,436.4571128785581
17851,4,infantry_line,190,232.8046385107192
17852,4,general,24,37.896044509327474
17853,2,infantry_line,247,239.14059170348625
17855,1,general,112,134.03054510807726
17856,3,general,7,14.853203778223218
17857,4,infantry_line,122,120.20673021012016
17859,4,general,258,263.62494090351254
17860,4,infantry_line,329,338.1578420539568
17861,3,infantry_line,230,260.89015945621264
17862,1,general,197,198.88180958097564
17863,3,general,285,281.93762777450263
17864,2,general,142,189.6277178653585
17866,2,general,284,285.67027586498614
17867,4,general,615,575.5689091393695
17868,1,general,271,277.44436618323226
17869,4,general,685,650.0985519880993
17870,3,general,286,241.62322157001861
17871,0,general,444,420.84221249600535
17872,3,general,221,184.41646749615992
17873,2,general,970,1048.2250063086922
17875,1,general,152,159.7866521672217
17876,2,infantry_grenadiers,734,764.2554795281806
17877,1,infantry_light,538,558.5450754752788
17878,3,infantry_light,230,249.41800043211276
17879,4,infantry_light,223,240.46231718034875
17880,1,infantry_light,285,266.6366847393482
17882,3,infantry_line,242,254.8393639020734
17883,0,infantry_line,165,210.18244722923725
17885,0,infantry_line,279,283.81898743372045
17886,0,infantry_line,211,210.37669443257568
17887,2,infantry_line,418,404.9996561223735
17888,0,infantry_line,338,357.3890840400657
17889,2,general,118,130.12855163216662
17890,0,general,119,101.73088850322206
17891,4,general,275,269.0214384335345
17893,0,general,109,148.47093858994248
17894,0,general,150,139.33437562315223
17895,3,general,204,228.3242010983755
17896,1,infantry_light,294,325.7020738771978
17897,3,infantry_light,275,309.95391091909744
17899,0,infantry_light,222,228.061269611634
17900,2,infantry_light,191,193.37137140919293
17901,2,infantry_light,213,218.84533635992742
17903,3,infantry_line,212,269.1665660435718
17905,3,infantry_line,160,173.20558720613025
17906,4,infantry_line,137,138.8895340564071
17908,0,infantry_line,125,132.42813432872046
17909,2,infantry_line,151,168.82072413386004
17910,2,infantry_skirmishers,505,466.88001040096094
17911,1,general,114,124.0951343872842
17913,2,general,169,171.29096119533227
17915,4,general,287,354.05240837138973
17916,4,general,424,410.1112921295443
17917,4,general,158,180.59217794961774
17920,0,infantry_light,682,688.8906883849357
17921,2,infantry_line,189,199.65892373898924
17923,0,infantry_line,221,243.81718152350675
17924,4,infantry_line,357,346.6259220638007
17927,1,general,82,78.99106913979789
17929,3,infantry_line,168,206.2616915929136
17930,4,infantry_line,153,163.4412177054144
17931,1,infantry_line,145,160.9530790276701
17932,0,infantry_line,234,232.81319067873548
17933,2,infantry_line,184,195.88459033095583
17934,2,general,332,337.53491241678654
17935,2,general,223,210.21229566175114
17936,1,infantry_line,302,302.62586110591985
17937,4,infantry_line,270,278.79971230992095
17938,1,general,284,246.28437833163747
17939,4,general,439,361.5790412963743
17940,3,infantry_line,413,367.2186964997582
17941,1,infantry_line,341,324.8562051889988
17942,2,cavalry_heavy,2663,2622.401762023446
17944,4,cavalry_light,878,798.1275251730356
17947,3,general,1258,1320.6225965793783
17948,3,general,815,730.784208390979
17949,2,general,730,774.347052560421
17950,0,general,103,131.05852972193023
17951,0,general,2417,2386.7514900241613
17952,3,general,33,22.111554645484347
17953,4,general,224,222.4355446361287
17954,0,general,483,477.25586710527085
17955,2,general,168,222.39332951524813
17956,2,general,379,306.7302084165118
17957,1,infantry_light,333,382.23709006374116
17960,4,infantry_light,341,378.3151915878565
17962,0,infantry_line,228,240.77885764301396
17963,1,infantry_line,167,175.3194231010358
17965,1,infantry_line,234,241.99761422205987
17966,3,infantry_line,222,235.95871313254747
17967,3,infantry_line,229,239.56475549268157
17968,4,infantry_line,406,388.03204569806246
17969,2,infantry_militia,124,133.8999044673803
17970,4,infantry_militia,245,240.68479967370763
17971,2,infantry_skirmishers,315,302.60762933823344
17972,1,cavalry_lancers,569,566.0777215199982
17974,3,general,217,208.60456566319846
17975,1,general,421,418.42916193269843
17978,1,general,199,166.13532478014494
17979,0,infantry_line,418,421.77650806760977
17981,4,infantry_line,221,235.9719294406748
17984,0,infantry_line,168,183.2072905881999
17985,1,infantry_militia,62,89.91139183263196
17988,4,cavalry_heavy,1412,1502.2516690161435
17989,1,cavalry_standard,554,564.3986719569633
17990,1,general,1544,1643.0488933312213
17991,4,infantry_line,547,459.6819919948059
17992,2,infantry_line,205,218.99061491478608
17994,3,infantry_militia,165,164.34129222808104
17995,2,infantry_militia,242,240.32640683518127
17996,1,cavalry_heavy,1724,1775.1221984518752
17997,0,cavalry_lancers,1162,1170.7825505833973
17999,1,cavalry_standard,623,644.0314701517779
18000,4,cavalry_standard,404,434.27942527961443
18001,1,cavalry_standard,805,829.8460633627867
18002,1,cavalry_standard,853,862.3925908822282
18003,4,cavalry_standard,1132,1095.0409716008267
18004,1,cavalry_standard,609,623.7844669538506
18006,2,general,769,726.431752762465
18007,3,general,1100,1110.655117634218
18009,3,general,180,103.81477741886766
18010,1,general,338,339.8480699620378
18011,2,general,1069,1047.457010539371
18012,2,general,470,449.6540823414277
18013,3,general,993,949.6230608745344
18014,2,general,604,627.2300172803983
18015,0,general,693,656.2183485819868
18016,4,general,889,843.3578421449613
18017,4,general,1703,1759.2437429437011
18018,4,general,693,723.4629920928644
18020,2,general,289,260.4293889330479
18021,0,infantry_light,258,269.34113530226904
18022,1,infantry_light,382,417.0512884403709
18023,2,infantry_line,346,336.4937183375134
18026,3,infantry_militia,145,164.6771658341063
18027,3,infantry_militia,132,152.540650426166
18028,3,infantry_militia,196,189.2612270640104
18029,2,cavalry_lancers,927,952.8517863136033
18030,1,cavalry_lancers,1087,1107.0300509263634
18032,0,cavalry_standard,1056,1013.592819738757
18034,0,cavalry_standard,811,787.8189971774746
18035,4,cavalry_standard,596,572.6401847712411
18036,1,cavalry_standard,439,485.8434332335913
18038,3,general,913,862.8545529646057
18040,4,general,368,385.0630809084215
18041,4,general,331,363.2800242807071
18043,2,general,926,967.0793816402235
18046,2,general,938,942.9047824661021
18047,1,infantry_light,259,247.68002379105022
18048,1,infantry_light,241,256.77025574478387
18049,0,infantry_light,279,293.62718614784086
18050,4,infantry_line,190,208.109296564866
18052,3,infantry_line,117,133.94604918927672
18053,2,cavalry_standard,982,949.6407902884307
18054,3,cavalry_standard,862,894.2330988618272
18057,4,cavalry_standard,769,789.3443663784781
18058,4,general,603,608.7250704024307
18059,4,general,799,757.148537796612
18061,1,general,468,481.11592247230726
18063,2,general,681,692.530775324296
18064,0,infantry_line,203,218.22505891517332
18065,1,cavalry_standard,849,877.8990592502599
18066,4,cavalry_standard,505,525.9226844296372
18067,0,general,365,375.96482860433736
18068,3,general,696,719.7753098249044
18070,1,cavalry_light,755,774.1383312378047
18071,0,general,729,742.78292367325
18072,0,general,687,701.0784431162227
18073,4,cavalry_light,327,355.1635299745818
18074,1,cavalry_light,775,772.2718091581298
18075,2,general,223,266.1561339781278
18076,2,general,789,784.4758178897532
18077,0,cavalry_light,920,816.3495377918262
18078,0,cavalry_light,807,741.3597558923888
18079,4,general,790,695.5968190290192
18080,0,cavalry_heavy,1117,1173.8616904003625
18081,1,cavalry_heavy,755,951.09075126355
18082,4,cavalry_standard,754,760.3969470607591
18083,1,general,923,964.7976808857474
18084,1,general,798,810.9575195399535
18085,4,general,572,521.9220464601385
18087,2,infantry_light,311,349.9630358951482
18088,3,infantry_light,363,390.8019771191294
18089,3,cavalry_lancers,668,633.6899030840951
18090,3,cavalry_light,281,306.92184194545854
18092,0,cavalry_light,366,385.09584595050626
18093,1,general,482,506.8671158233865
18094,2,general,519,482.6643183616014
18095,1,general,248,252.67546529040737
18096,2,general,220,207.2862706300147
18097,4,general,163,164.5682827665885
18098,3,infantry_line,224,236.0976388320716
18100,1,infantry_line,241,261.11882553787103
18101,0,infantry_skirmishers,379,271.07961854677944
18102,4,cavalry_heavy,1567,1622.1442730693323
18103,0,cavalry_light,801,789.3564918011278
18104,2,cavalry_light,1047,1040.4012587402915
18105,0,cavalry_light,447,490.12908780893486
18106,4,general,902,892.4687442692973
18107,2,general,1585,1629.3031142981865
18108,1,general,491,556.5298488690672
18110,2,cavalry_lancers,505,477.1041958228193
18111,2,cavalry_light,861,780.994299196986
18112,2,cavalry_light,304,315.754871795544
18113,2,cavalry_standard,538,554.8666873713868
18114,1,general,498,520.3011382919456
18115,4,general,688,702.0950531670211
18116,0,general,798,716.3967558989904
18117,4,cavalry_light,697,664.9410457989025
18118,4,general,547,508.2292613748897
18121,2,artillery_foot,739,853.6963171657371
18122,3,artillery_foot,545,639.7496780866845
18124,1,artillery_foot,279,339.9839785681421
18125,2,artillery_foot,642,767.793697641115
18127,4,artillery_foot,471,591.5972452603976
18129,0,artillery_foot,351,410.0928795903901
18130,1,artillery_foot,279,339.9839785681421
18131,1,artillery_foot,523,623.4057058842701
18132,4,artillery_foot,989,1073.604775224753
18135,0,artillery_horse,1262,1284.294244337709
18137,0,artillery_horse,1255,1280.340874427808
18138,3,artillery_horse,2627,2311.9253423887453
18139,1,general,199,198.85075916069638
18140,4,general,1014,1071.5020340954238
18141,1,general,351,349.5567098214806
18142,1,general,651,717.4626663728578
18143,1,general,351,349.5567098214806
18144,0,general,1182,1211.699883523858
18146,1,general,1634,1611.8397794893863
18147,1,general,199,198.85075916069638
18148,1,general,199,198.85075916069638
18149,2,general,76,75.85302490962745
18150,1,general,199,198.85075916069638
18151,4,infantry_grenadiers,353,326.5406674832548
18152,4,infantry_grenadiers,353,326.5406674832548
18155,3,infantry_line,84,102.03089889022674
18156,4,infantry_skirmishers,238,250.42592483234526
18157,4,infantry_skirmishers,388,353.49508348458943
18158,0,artillery_horse,404,412.1795387611696
18159,4,cavalry_light,1026,1063.632471565649
18160,0,cavalry_light,692,673.9480492474055
18161,3,cavalry_light,639,574.9276622789183
18162,0,general,638,633.4553116723647
18163,2,general,102,99.78774565781946
18164,4,general,257,225.90722194022908
18165,0,general,886,914.4913451355249
18166,4,general,584,535.4118538303035
18168,0,general,705,667.4727362139653
18169,2,general,673,674.713394773245
18170,4,general,220,210.97113320649945
18171,2,general,1174,1077.9931641506748
18172,1,infantry_light,646,629.8381762239827
18173,1,infantry_light,255,242.07740460542996
18176,0,infantry_light,289,284.2406341488969
18177,3,infantry_skirmishers,178,133.06465162017543
18178,3,artillery_horse,790,795.5165464236901
18179,2,cavalry_light,1176,1256.9385310687999
18180,4,cavalry_light,860,854.2506355936721
18181,3,general,981,1033.2264035077576
18182,0,general,961,961.0513460795702
18184,1,general,1095,1134.3247752049492
18185,4,infantry_grenadiers,954,931.3680089129106
18187,3,general,1069,1033.826511993248
18188,3,general,616,652.0264284502732
18189,3,infantry_grenadiers,850,829.0923724331859
18190,4,infantry_grenadiers,604,591.9429777644538
18191,0,general,556,561.3747273894862
18192,3,general,469,465.47669945599114
18193,0,general,1023,1121.082695956999
18194,1,general,479,467.7811911687803
18196,4,infantry_grenadiers,948,1008.9192499196425
18198,3,infantry_line,475,445.9982154494224
18200,0,general,231,242.58948035584044
18201,4,general,144,159.80853366301463
18202,1,general,357,354.48043293747924
18204,4,general,138,131.06620038427104
18206,0,general,753,732.0506531221747
18207,2,general,424,417.7232554933563
18209,4,general,102,103.70176300588356
18211,0,general,571,552.3059198722989
18212,1,general,635,660.608325272676
18213,0,infantry_light,244,240.714168778453
18215,0,infantry_light,295,313.3715902894092
18216,3,infantry_light,336,363.35474374699106
18217,0,infantry_line,196,196.66278016505956
18218,3,infantry_line,302,268.40899165687034
18219,1,infantry_line,673,651.2798785525896
18220,4,infantry_line,355,346.81378718399037
18221,0,infantry_line,396,381.7533614646183
18222,4,infantry_line,207,217.35853510343932
18223,2,infantry_line,590,603.0601881155891
18224,1,infantry_skirmishers,195,202.5436130347848
18226,0,cavalry_light,657,642.8945180505947
18227,2,general,96,100.97030815459384
18229,2,general,173,164.6260741481044
18230,0,general,134,125.92094408531503
18231,0,general,618,597.056216945561
18232,2,general,810,824.2266903203729
18233,0,general,419,439.7229479382719
18234,2,infantry_line,240,227.19959268374157
18236,4,infantry_line,412,415.9904513206307
18238,3,general,133,114.15544930047398
18239,2,general,827,794.5385936496792
18240,1,general,170,147.41915564867332
18241,1,general,38,39.977150399435374
18242,3,general,734,687.9724974975829
18243,0,general,872,833.5911361916067
18244,1,general,662,660.5619001880376
18245,1,infantry_light,573,571.223244565026
18246,1,infantry_line,144,135.29426307091467
18251,1,general,281,301.45569718864874
18252,1,general,836,802.1646178576312
18253,4,general,235,245.4361994443122
18254,3,general,494,476.1666650172609
18256,1,general,284,293.87346350580856
18257,4,general,136,146.03634260882706
18258,4,general,100,85.18160031226647
18260,4,general,1304,1208.3954804218672
18262,1,infantry_light,157,136.12787782799055
18263,4,infantry_light,168,150.58434822710004
18264,0,infantry_light,212,189.65594452802324
18265,0,infantry_line,605,573.6997409523892
18266,1,infantry_line,756,726.8916770764937
18268,4,infantry_line,897,867.0671552787775
18269,4,infantry_line,278,274.95418011321743
18270,3,infantry_skirmishers,247,233.59796108284115
18271,2,general,155,165.6591550042348
18272,3,general,114,121.04392304897982
18273,3,infantry_line,217,224.02389879570939
18274,3,general,383,394.6697540559617
18275,3,infantry_line,486,500.06390060345774
18277,0,infantry_line,216,214.4351654335307
18278,2,general,558,568.4609974714831
18279,4,general,617,628.257219615147
18280,4,infantry_line,522,527.5550915989369
18281,1,cavalry_light,634,604.8946775115405
18282,4,cavalry_light,505,528.830914721799
18283,0,general,411,431.0409140979147
18287,0,general,375,396.7380640467719
18288,0,general,228,250.03160152541327
18289,1,general,489,464.90900786247585
18290,0,general,281,292.56957635396606
18291,0,general,472,470.02998650231154
18292,3,infantry_line,202,203.7890956004116
18293,3,infantry_line,250,272.65521579041894
18295,2,infantry_line,243,249.27151284906824
18297,2,cavalry_lancers,669,717.7691832642594
18298,2,cavalry_lancers,632,712.7316172553725
18299,4,cavalry_light,927,904.0594706203651
18300,0,cavalry_light,809,817.2769647624394
18301,0,general,611,676.3234925690691
18302,4,general,966,951.5674123856124
18303,1,general,74,83.5209435364786
18304,2,general,95,95.37863329383873
18305,1,general,831,853.7073833211655
18306,3,general,1,1.0
18308,0,general,483,549.4423697247438
18309,4,infantry_line,161,154.9968797814463
18310,2,infantry_line,176,178.6949625929513
18311,4,infantry_line,108,90.34110102989789
18312,0,cavalry_lancers,669,689.8291298080059
18313,2,cavalry_lancers,761,814.5001427683261
18314,1,general,521,533.6430305668504
18315,1,cavalry_lancers,782,717.1935356720106
18316,2,cavalry_lancers,601,686.0839134889158
18317,4,general,668,618.0847599057623
18318,0,cavalry_lancers,724,766.4627968840327
18319,2,general,720,804.4380400378286
18320,4,general,270,270.5907423506548
18321,3,general,603,634.5174066741448
18322,4,general,619,615.7425738222651
18323,1,general,335,339.38560534802747
18324,4,general,543,547.6671672806228
18325,4,general,747,731.1110527265364
18327,1,infantry_grenadiers,326,334.3309904454677
18328,0,infantry_grenadiers,714,770.7287264712372
18330,0,infantry_grenadiers,663,683.4293629070164
18331,0,infantry_grenadiers,511,556.4799225721029
18332,1,infantry_grenadiers,700,708.9738153652154
18333,2,general,319,356.3362165606012
18334,2,general,605,576.3286700646113
18335,0,general,169,227.39292706368175
18336,1,general,208,217.32977793074588
18337,2,general,461,443.6635922991423
18338,2,general,233,236.84811267699558
18339,3,infantry_grenadiers,576,565.3959688197692
18341,0,infantry_grenadiers,384,427.54491662316224
18342,0,infantry_grenadiers,319,321.70048482236115
18344,3,general,77,78.51212612041124
18345,2,general,77,73.38829134865752
18346,2,general,200,197.1298836224217
18348,1,infantry_line,151,135.9864320766562
18349,2,general,50,44.350649378866464
18351,4,general,239,222.69166180754289
18352,0,infantry_line,156,143.33654414904984
18354,4,cavalry_light,680,652.6908985089854
18355,2,general,51,44.266274916370044
18356,2,general,537,517.3704910374032
18358,4,general,192,201.956173112542
18359,3,general,108,113.82293909433506
18362,2,infantry_line,217,215.19329313868127
18363,3,infantry_line,364,416.9016001942869
18364,1,artillery_foot,715,643.6984973065944
18365,0,artillery_foot,529,513.9263789017937
18367,4,artillery_foot,425,409.61601729253954
18368,0,artillery_foot,104,203.09278655976806
18369,0,artillery_foot,418,488.3008136474866
18370,0,artillery_foot,266,264.36347348807067
18371,2,artillery_foot,549,501.17339260328896
18372,2,artillery_foot,603,576.82082741478
18373,1,artillery_foot,680,678.8982897065299
18374,3,artillery_foot,222,236.7317794514487
18375,1,general,1232,1216.857569895573
18376,4,general,659,700.9991364050187
18377,3,general,629,559.476941154574
18378,4,general,1,1.0
18379,3,general,177,177.91430772353436
18380,3,general,177,177.91430772353436
18381,3,general,177,177.91430772353436
18382,1,infantry_grenadiers,293,349.2258255934684
18383,1,infantry_grenadiers,293,349.2258255934684
18384,2,cavalry_light,812,804.9802823702921
18386,0,general,1129,1104.0243404551666
18387,4,general,247,221.4158193329335
18388,2,general,709,698.2365830784357
18389,3,general,1885,1909.1359401388531
18390,2,general,610,598.1714987713492
18392,4,general,1010,1024.5559413104777
18393,4,infantry_grenadiers,1634,1713.2867624144067
18394,3,infantry_light,735,745.041260475707
18395,4,infantry_light,733,719.636551737908
18397,3,infantry_skirmishers,472,475.99584413154713
18399,0,general,131,129.43174419007016
18400,2,general,284,284.93027245603116
18401,0,general,243,303.0788541366706
18402,4,general,476,448.35702378624404
18403,3,general,394,432.30445589192675
18404,4,infantry_line,509,552.9279680275406
18405,0,infantry_militia,420,392.5255456818178
18407,4,infantry_militia,360,408.5481862160177
18408,3,infantry_militia,298,381.48094355116143
18409,2,infantry_militia,231,243.22659203340675
18410,0,general,291,268.34702611874815
18411,4,general,185,182.35480487076626
18412,1,infantry_militia,242,260.17969964185426
18413,2,infantry_militia,382,363.62458975162366
18415,1,cavalry_heavy,723,681.5064165971517
18416,4,general,2706,2926.451849308421
18417,1,general,556,585.1371196288763
18418,2,cavalry_light,531,522.6063271357842
18419,4,cavalry_light,626,589.3841221075431
18420,0,cavalry_light,659,688.2074358725706
18422,0,general,508,528.0824646144313
18424,1,general,34,24.011043026221174
18425,3,general,206,194.1012209239258
18426,1,general,73,74.108850037355
18427,2,general,125,126.24150690187362
18428,1,infantry_militia,142,184.87383270445395
18429,0,infantry_militia,127,128.25453322588928
18431,3,general,120,134.44943963935535
18432,2,general,189,168.00081176990452
18433,3,general,41,27.61851747301438
18434,3,general,84,78.1272637185109
18436,4,infantry_militia,268,294.6978339852867
18437,3,infantry_militia,136,147.94602054617505
18438,1,general,187,178.2921774140587
18439,1,general,242,233.56257568976974
18441,3,general,671,533.6078309743734
18442,2,infantry_militia,377,310.520164811662
18444,2,infantry_militia,636,593.6456316802871
18445,3,cavalry_light,976,933.1558591712884
18446,1,general,862,861.6704758369121
18447,0,artillery_foot,550,542.1972310300002
18448,4,general,1,1.0
18449,4,general,462,457.46287853567446
18450,0,cavalry_lancers,811,860.4108615321438
18451,2,cavalry_lancers,747,728.320310879024
18452,2,cavalry_light,736,730.1389403821188
18453,3,cavalry_light,1708,1698.5652471011488
18454,2,cavalry_light,1225,1230.1249275732537
18455,1,general,506,520.0543334642165
18456,1,general,651,724.7697306869261
18457,3,general,606,547.816196639533
18458,4,general,239,200.5144799624852
18459,3,general,452,447.9592593006304
18461,1,general,717,706.986464071569
18463,3,general,523,516.3332511813599
18465,3,general,412,366.7848331311295
18466,1,general,1084,1084.6539867336462
18467,1,general,408,398.3937264562872
18468,0,general,536,548.8517713655232
18469,2,general,731,728.6894356104077
18470,1,general,361,338.7787927080593
18472,3,infantry_grenadiers,502,482.32489396765317
18473,4,infantry_grenadiers,476,470.17151404512316
18474,2,infantry_grenadiers,553,533.8048066271241
18475,1,infantry_light,772,777.5631355770388
18476,1,infantry_light,474,500.7144079702015
18477,0,infantry_light,352,327.4738378868386
18478,2,infantry_line,535,566.6609616147595
18479,4,infantry_line,493,469.4453113287095
18480,3,infantry_line,638,676.3795707505581
18482,0,cavalry_light,1034,1071.0941873853894
18483,4,cavalry_light,524,537.495433141915
18484,0,general,239,253.65416456313238
18485,2,general,907,925.1147994950055
18486,2,general,395,381.65919136309526
18487,1,general,70,58.4223176584149
18488,4,general,289,260.9695719062909
18489,4,general,192,187.0462257047654
18490,4,general,106,94.91153376268606
18492,1,general,375,411.5900543030784
18493,1,general,1114,1141.0989089235034
18495,0,infantry_grenadiers,1035,1027.6280844478324
18496,1,infantry_line,176,160.73049388248492
18497,4,infantry_line,391,380.0403273688331
18498,3,infantry_line,297,309.14950653796245
18499,1,infantry_line,556,576.8079679627765
18500,2,infantry_line,445,482.13871265556764
18501,1,cavalry_heavy,1911,1977.8890200638252
18502,3,cavalry_standard,736,701.4711933409305
18504,3,general,625,584.5729848960656
18505,1,general,583,576.138877621675
18506,4,general,1728,1733.1313422631827
18507,1,general,1953,2034.9962369254415
18508,3,infantry_light,347,327.2202181113346
18509,3,artillery_horse,1015,1020.1999998919974
18510,1,cavalry_lancers,635,742.1304212074828
18511,1,cavalry_light,1430,1472.9974349740785
18512,4,cavalry_light,640,656.946592116963
18513,1,cavalry_standard,1463,1419.1677782223574
18514,2,general,119,124.0297706466766
18515,1,general,427,410.25973822859237
18516,4,general,160,118.50006960365884
18517,4,general,211,171.4942276623692
18519,1,general,156,176.8499738679431
18520,4,general,603,630.2285454739849
18522,2,general,328,299.1670691004106
18523,4,general,160,171.03290384673096
18525,1,general,386,374.5847313969551
18526,3,general,500,486.58500547086317
18527,3,general,546,544.9408861006916
18529,1,infantry_grenadiers,385,393.40702035171176
18530,0,infantry_grenadiers,608,573.3968712380087
18532,2,infantry_light,276,236.6978063931857
18533,1,infantry_light,359,345.3218109902524
18534,2,infantry_light,458,432.9987562997828
18535,0,infantry_light,495,455.2556414805968
18536,4,infantry_line,225,236.98637553909518
18541,4,infantry_skirmishers,127,151.28935210883
18543,1,infantry_skirmishers,265,244.11826732529488
18544,3,cavalry_lancers,999,976.8960167744414
18546,1,cavalry_lancers,603,653.7141917954586
18547,0,general,250,247.2463629745849
18548,3,general,216,222.93567576095293
18550,2,general,357,335.0804976316877
18552,2,general,472,476.24688188057326
18553,4,general,329,313.21417240204846
18554,4,general,602,554.5641793086522
18555,1,general,442,402.6644638352836
18556,1,infantry_line,466,448.54249229900995
18557,4,infantry_line,163,142.0567462522547
18558,3,infantry_line,310,305.33873799700797
18559,0,infantry_line,324,341.05084860919527
18560,4,infantry_line,550,515.2602321038007
18561,0,infantry_skirmishers,200,212.8054370464097
18562,3,general,133,133.98996195241514
18563,3,general,155,161.09988119938637
18564,3,infantry_line,201,201.49670474150759
18565,4,infantry_line,255,270.6655899918044
18566,1,cavalry_lancers,1024,1068.4253185342327
18567,3,cavalry_light,1230,1069.8374194778771
18568,2,general,391,366.41449506901085
18570,4,general,550,511.2913614259062
18572,2,general,431,396.4995860508158
18573,2,general,980,990.4674392747538
18574,4,general,900,909.5740752611183
18578,2,general,669,643.2217007967678
18579,0,general,301,279.9150456409475
18580,4,general,416,423.1796333461647
18581,0,general,794,842.1712539549355
18582,1,general,354,347.55952325954263
18583,2,infantry_grenadiers,539,538.121973745977
18584,2,infantry_grenadiers,418,409.8612490070462
18585,2,infantry_grenadiers,624,657.3373961240449
18586,2,infantry_grenadiers,399,419.6199222858245
18587,4,infantry_light,704,684.5812098923308
18588,2,infantry_line,422,415.0617869227843
18589,1,infantry_line,497,476.23825484135637
18590,0,infantry_line,290,302.3239160573177
18591,3,infantry_line,384,384.6993174983932
18592,0,artillery_foot,360,355.527475274604
18593,2,general,209,222.49153917488312
18594,0,general,63,47.12151977755947
18595,0,general,506,518.8325845388094
18596,4,general,616,621.3145924723503
18597,0,general,762,767.3926944669148
18599,1,general,357,408.3529987915062
18600,2,general,569,550.0220488088798
18601,2,general,610,593.692990930783
18602,3,general,508,516.3106401283651
18603,3,general,543,525.3689013064003
18604,1,infantry_grenadiers,608,580.4903443088082
18605,4,infantry_grenadiers,483,527.3543693801436
18607,0,infantry_grenadiers,672,656.5859692484895
18608,4,infantry_line,166,150.20458283984246
18609,3,infantry_line,254,295.19999051901567
18610,0,infantry_line,671,674.4944637550576
18612,4,infantry_line,491,469.30455036292193
18613,1,general,77,64.07833258223138
18614,2,general,111,97.22578001409919
18615,0,infantry_irregulars,548,630.5893069220377
18616,0,infantry_line,181,171.6276717690747
18618,4,infantry_militia,201,235.41884906613055
18620,1,cavalry_light,858,893.9224176055664
18621,0,general,212,198.70113181683695
18622,2,general,651,600.0404967952956
18623,0,general,736,762.8157664157826
18626,0,general,186,177.91734666813284
18627,2,general,546,563.7985280413313
18628,2,general,390,393.81297284400125
18629,3,general,446,462.55300896991673
18630,4,general,391,381.33439517568223
18631,2,infantry_line,318,311.79117792243363
18632,1,infantry_line,292,285.7091276647584
18633,0,infantry_line,498,507.62919388151204
18635,4,cavalry_heavy,1739,1799.8255919581104
18639,0,general,171,162.0002323066323
18640,1,general,396,408.9139880577443
18642,1,general,365,353.85302018949994
18643,2,general,2329,2377.168735796376
18646,3,general,571,585.0380526907605
18647,1,general,639,653.200998289342
18648,4,general,498,486.5794745870419
18649,1,infantry_light,431,468.8948096096306
18651,3,infantry_light,242,206.8594409496993
18652,3,infantry_light,343,337.8725461542161
18654,3,infantry_line,251,259.13491381663243
18655,2,infantry_line,279,274.66332897370387
18656,3,infantry_line,680,710.4893554173976
18657,0,infantry_militia,61,93.50372499041208
18658,3,artillery_foot,350,360.2702726360118
18659,0,cavalry_standard,821,853.7311333246722
18660,0,cavalry_standard,1598,1495.402082894417
18662,2,general,712,750.0200559560608
18663,3,general,1369,1307.1006592970723
18664,1,infantry_grenadiers,420,469.1983683601985
18665,3,cavalry_heavy,1874,1898.8473718196346
18667,2,general,1808,1827.0032540133068
18668,3,general,1917,1973.4990830551537
18669,1,general,791,813.9112804051636
18670,0,cavalry_heavy,2650,2523.8518025331464
18671,3,cavalry_heavy,1763,1724.505791984629
18672,1,cavalry_heavy,2046,2063.6193336345673
18673,3,cavalry_light,833,854.7854531430271
18675,0,general,782,812.1733604260007
18676,4,general,1589,1557.236903933568
18677,4,general,2324,2246.7088079301598
18678,1,general,2541,2456.456595951417
18683,4,cavalry_heavy,1805,1786.4329810817921
18684,0,general,1744,1729.612912071978
18685,0,general,1738,1774.46766674362
18686,0,artillery_foot,249,293.96721677556053
18687,3,cavalry_heavy,1748,1787.934048094621
18688,0,cavalry_heavy,1976,1969.1542366319036
18689,2,general,1511,1530.8936724511689
18690,0,general,207,175.34202470943973
18691,2,general,455,376.6175184097549
18692,1,general,492,474.5803493697947
18693,1,general,167,214.3740671284096
18694,2,general,178,153.29847998556943
18695,3,general,1717,1706.6526678008345
18696,3,general,1577,1618.8041860969668
18697,2,general,321,285.4290795424854
18698,4,general,573,506.55040480091384
18699,0,infantry_grenadiers,458,453.1439750463101
18700,1,infantry_light,363,325.29430820699713
18701,2,infantry_line,310,286.96882271176133
18702,1,infantry_line,282,260.5777130135257
18703,4,infantry_line,641,589.7070942604291
18704,3,infantry_line,389,356.5299007346204
18705,4,general,109,91.18678633319938
18706,0,general,265,234.9524914514123
18707,2,general,690,630.4013825016361
18708,3,general,188,185.90909260463846
18709,1,general,540,531.1605789966494
18710,3,infantry_grenadiers,649,608.06321487994
18712,1,infantry_line,255,241.70514262941447
18713,1,infantry_line,219,204.3278185096971
18714,1,infantry_line,528,498.9222466956812
18716,3,artillery_horse,89,127.78311627002877
18717,0,cavalry_light,808,773.6949258164406
18718,2,general,656,592.1889831844361
18719,0,cavalry_heavy,861,1462.4479064513882
18720,1,general,661,1331.360419909944
18721,1,artillery_foot,327,330.074584748084
18723,2,general,85,61.38851338150941
18724,0,general,447,418.4813827692164
18725,2,infantry_grenadiers,512,466.31363254730576
18726,1,infantry_line,192,167.55169614632112
18727,1,infantry_line,167,142.8734818804516
18728,2,artillery_foot,40,83.55746567217648
18729,4,general,162,128.1853009869663
18730,1,general,183,159.76627239561788
18731,4,infantry_line,265,242.68190127900823
18732,0,infantry_line,206,186.17123870119744
18734,1,infantry_skirmishers,236,232.30790740462558
18736,0,artillery_foot,705,693.9036513067056
18737,3,artillery_foot,467,401.6779502971105
18738,4,artillery_foot,480,444.97019417470136
18739,4,artillery_foot,600,703.6084692827332
18740,1,artillery_foot,268,296.92533079629
18741,2,artillery_foot,776,693.5621778480213
18742,0,artillery_foot,61,111.0327593998344
18743,0,artillery_foot,406,446.2127588937116
18744,0,artillery_foot,567,566.9805036957322
18745,2,artillery_horse,1057,1054.9557016276349
18746,2,artillery_horse,684,685.4292509399736
18747,4,general,1,1.0
18749,2,general,444,369.90404159097886
18750,4,general,1,1.0
18752,0,general,1195,1128.4391743589933
18753,4,general,1,1.0
18754,1,infantry_grenadiers,420,469.1983683601985
18755,1,infantry_grenadiers,420,469.1983683601985
18757,1,general,828,838.0708388569218
18758,1,general,1244,1237.4385357760111
18759,3,infantry_grenadiers,952,950.425360027489
18760,0,infantry_grenadiers,608,589.9214701391181
18762,3,infantry_grenadiers,861,826.3114661538563
18763,1,general,860,781.8033988687392
18765,4,infantry_light,851,766.269659448825
18766,0,infantry_line,567,539.9198747811129
18767,0,cavalry_lancers,823,703.3485488932907
18768,0,cavalry_lancers,823,739.3505951458546
18769,2,cavalry_light,723,732.410628489157
18770,0,general,571,636.1052798291696
18771,0,artillery_foot,755,783.1301019483591
18772,1,general,845,910.0025933755612
18773,2,general,638,668.7434877149159
18774,2,general,669,643.9308003215183
18775,3,infantry_grenadiers,682,721.4175108639791
18776,3,infantry_grenadiers,692,707.9303419889243
18777,1,infantry_line,778,721.954741543007
18778,4,general,482,526.4081916560315
18779,2,general,847,843.1002451543916
18780,1,general,223,242.0900388960492
18781,2,infantry_grenadiers,703,697.8210398109655
18782,4,infantry_grenadiers,528,573.1401463097702
18783,0,infantry_line,327,341.0396218564219
18784,3,artillery_foot,484,511.7766058964457
18785,4,general,1691,1580.0239053160738
18787,2,general,1808,1628.0085453096938
18788,3,infantry_grenadiers,1594,1631.1184650680116
18789,1,infantry_line,1828,1700.4329468404508
18791,2,general,350,346.1133750282611
18792,3,general,1616,1523.834072766672
18793,1,general,1508,1469.5834671334821
18794,0,general,2189,2112.7886705374976
18795,0,general,1486,1479.3650489175914
18796,1,infantry_line,1644,1616.9823714081028
18797,3,infantry_line,1630,1579.9610550988893
18799,0,general,148,145.57997820938544
18800,3,general,570,565.1803417306833
18801,3,general,884,908.3258619867613
18802,4,general,946,966.6151679010213
18804,0,infantry_line,415,402.20813739197695
18807,2,infantry_line,681,675.4696498183309
18808,2,general,357,372.07791610651816
18810,2,general,558,544.7288510943059
18811,4,general,778,771.606567362789
18813,1,general,307,300.73361562337993
18815,1,infantry_line,604,569.9627162322096
18816,1,infantry_line,416,387.38575154288407
18817,0,infantry_line,422,479.83352775719214
18820,1,general,288,288.1592555486264
18821,3,general,236,230.57746847558946
18822,2,infantry_line,335,335.09728835529427
18823,2,infantry_line,288,283.1859811691921
18824,3,general,311,327.1655158069476
18825,4,general,300,320.90198127064946
18826,1,general,247,274.13874406582136
18827,3,general,469,479.27474146541516
18828,1,infantry_line,351,358.2823029935417
18829,2,infantry_line,411,434.5800508503069
18830,3,general,690,710.1054077503145
18831,4,general,622,643.4384619104799
18833,2,infantry_line,733,758.9629393455491
18834,2,infantry_line,232,199.70644108127652
18835,2,general,296,322.4636574678881
18836,1,general,354,383.682830808004
18838,1,general,119,131.75512093437405
18841,3,general,461,478.97292541342705
18843,1,general,342,335.8368124822549
18844,2,infantry_line,498,528.3036286837295
18845,4,infantry_line,452,428.4949591548401
18847,2,general,318,346.2385669014068
18849,1,infantry_line,373,374.861873078126
18850,1,infantry_line,320,304.48510792643924
18852,2,infantry_grenadiers,942,905.8702314894448
18854,3,infantry_skirmishers,243,257.60686422638906
18855,1,artillery_horse,722,705.5595106360564
18856,2,cavalry_light,641,623.1424161070356
18857,0,cavalry_light,657,722.2953634297043
18859,0,cavalry_light,1330,1400.7134167628706
18861,2,general,500,543.6544968971414
18862,0,general,1359,1485.285252051512
18863,3,general,502,490.56830937391265
18864,0,general,702,726.0098981675064
18865,4,general,1,1.0
18866,4,general,1,1.0
18867,3,cavalry_heavy,1363,1464.0300188913573
18868,1,cavalry_heavy,1817,1629.551754761571
18870,3,general,992,1025.515371077885
18871,1,general,574,471.15468551343656
18872,1,infantry_irregulars,568,497.64175894229993
18873,2,infantry_line,1002,1090.4608406251486
18874,4,artillery_foot,1018,927.397375867123
18876,3,general,1049,1164.9904072337822
18877,3,infantry_grenadiers,1175,1272.9704196271016
18878,1,artillery_foot,1306,1033.2319089681346
18879,4,general,56,61.6397167913338
18880,3,infantry_militia,82,123.51359001041367
18881,3,infantry_militia,147,117.00115410915144
18882,3,infantry_skirmishers,268,493.75420187241207
18883,2,artillery_foot,256,266.3544298568812
18884,3,cavalry_light,1288,1139.5089205253316
18885,2,cavalry_light,1034,1050.6364270928918
18886,4,general,1074,1089.5872771394081
18887,2,general,925,942.4215461151643
18888,3,general,473,470.12733959255365
18889,2,general,76,147.88036332771603
18890,0,infantry_line,398,416.702882268881
18891,3,infantry_line,164,237.4833886678119
18892,4,infantry_skirmishers,272,313.042549239452
18893,3,cavalry_light,1123,1089.2240258087663
18894,0,cavalry_missile,486,287.8542099133837
18895,2,general,357,385.9096620008585
18898,4,general,1190,1276.839739057828
18899,2,cavalry_light,1366,1265.1475096082054
18900,3,general,1167,1095.7448495661931
18901,2,cavalry_light,1124,1208.1709113924564
18902,0,cavalry_light,1096,1171.2635253415215
18903,4,cavalry_light,808,901.1770613360004
18905,0,general,907,992.1896446169393
18906,1,infantry_irregulars,269,222.94179080512478
18907,0,infantry_skirmishers,238,270.79842304824166
18908,4,cavalry_lancers,354,417.32686715356607
18909,2,cavalry_lancers,1156,1081.9347813479126
18910,2,cavalry_light,529,577.1744293452123
18911,0,general,232,268.95202757846
18913,0,general,1093,1125.7688873735744
18914,4,infantry_line,286,273.453251796413
18915,2,cavalry_light,218,343.0009847418829
18917,3,artillery_foot,688,593.2779810258971
18918,4,general,295,291.1627137282969
18921,3,infantry_skirmishers,171,201.84039030718242
18922,1,cavalry_standard,439,656.2218737139073
18923,0,general,254,18.10092456893642
18924,2,infantry_irregulars,192,146.14009174216397
18925,1,general,95,102.27885609876152
18926,4,infantry_militia,176,178.81243500984993
18927,1,general,1,1.0
18929,1,general,526,521.3839356526752
18930,0,cavalry_heavy,2040,1942.9152112296072
18931,1,cavalry_heavy,2068,1971.3402101897414
18932,3,cavalry_heavy,1286,1310.7115773828211
18933,3,general,1949,1903.6277900599573
18934,4,general,527,527.7875533794735
18935,3,general,176,169.74544992397912
18937,0,general,585,558.2373815249882
18938,1,general,1381,1331.0604222346726
18940,1,general,1064,1056.5422853481136
18941,4,general,1337,1328.88887342162
18942,1,general,1077,1097.895158870552
18943,1,infantry_line,672,664.4961961020836
18944,0,infantry_line,1464,1463.1016766749765
18945,2,infantry_line,1512,1465.8562418414504
18946,2,infantry_line,610,642.5329904490977
18947,4,infantry_line,245,225.73142251182298
18948,1,infantry_line,977,954.2531800058304
18949,2,infantry_line,1472,1371.5839608460058
18950,0,artillery_foot,1521,1597.971872338655
18951,0,cavalry_lancers,607,615.0173492361172
18952,3,cavalry_lancers,674,664.7934814137345
18953,0,general,471,472.9308422884176
18954,4,general,535,524.9003347868194
18955,4,general,1396,1397.797934825267
18957,2,general,694,654.4360340239274
18958,3,general,582,566.3848620309429
18959,2,general,1123,1082.085865876322
18961,2,general,591,615.4842928134012
18962,4,general,365,363.3904478958829
18963,2,infantry_grenadiers,1078,865.7601718976855
18965,4,infantry_line,538,546.7253949584533
18966,0,infantry_line,734,705.6085352220641
18967,0,infantry_line,386,390.84958045819565
18968,4,infantry_line,531,518.6284291275811
18970,0,infantry_line,424,425.7918111179015
18971,0,infantry_line,940,925.8581168613229
18972,3,infantry_militia,201,235.2541793485376
18973,0,artillery_foot,655,714.9841045209782
18974,3,artillery_foot,1524,1676.884215814827
18975,1,cavalry_heavy,1306,1240.6876299972098
18976,2,general,1520,1702.6106561967736
18977,1,general,1103,1050.1545180865392
18978,3,general,334,317.1463269222492
18979,3,general,384,352.5370366971845
18981,2,infantry_light,341,330.12176434880257
18982,1,infantry_light,1115,997.501453816544
18983,4,infantry_line,442,409.6370254671668
18984,3,infantry_line,387,372.38524312350586
18985,4,general,933,904.7600939813465
18986,0,general,228,218.7526057911793
18987,3,infantry_line,333,324.37412524210407
18988,4,infantry_line,827,816.4956805213717
18989,4,general,150,178.89858727513064
18990,3,general,315,304.5606787521728
18992,1,general,203,186.7246940165088
18993,0,infantry_line,419,410.4573066719796
18995,0,infantry_line,264,284.52553607761257
18996,1,infantry_line,365,336.83669176315
18997,3,cavalry_lancers,731,707.0394318353381
18998,2,cavalry_lancers,742,721.7277609621048
18999,4,cavalry_light,621,622.0363795293683
19000,4,general,594,648.2067334635478
19001,1,general,279,304.9109322720793
19002,0,general,704,685.9258732889166
19003,4,general,130,143.83897582774296
19004,3,general,461,473.20800307344115
19005,4,general,767,762.7110105056511
19006,3,general,773,800.4552630923698
19007,0,general,681,695.1192764231378
19008,4,general,537,529.6431110814588
19009,0,general,312,302.66740349215405
19010,2,general,1333,1301.350077655909
19011,2,general,579,675.1108531928759
19012,3,general,665,656.0704496910944
19013,3,general,330,319.90265753834393
19014,0,general,940,933.2429577919413
19015,1,infantry_grenadiers,298,192.8116801104137
19016,3,infantry_grenadiers,455,497.32502627933985
19017,3,infantry_line,786,773.8566452829865
19019,0,infantry_line,622,630.4903219799965
19020,0,infantry_line,522,519.7650261526078
19021,4,infantry_line,713,720.6804437495218
19022,3,infantry_line,978,999.4222855908022
19024,3,infantry_line,1368,1397.601746917633
19025,0,infantry_line,372,361.9901899547104
19026,2,infantry_line,835,833.8262325557538
19027,0,infantry_militia,193,250.6779315880996
19028,3,infantry_militia,211,239.17922863707355
19029,4,infantry_skirmishers,269,259.9657161191929
19031,0,artillery_foot,924,933.9058980418768
19032,0,cavalry_lancers,361,397.47700984809524
19033,4,cavalry_light,621,622.0363795293683
19034,2,cavalry_light,556,589.4812558745557
19035,3,cavalry_light,765,787.367724635595
19036,3,general,628,572.7788206925086
19037,4,general,262,243.03453304127515
19038,0,general,431,401.0911569909542
19039,2,general,370,364.5478041297649
19041,0,general,772,695.9982196172402
19042,2,general,265,274.9845088851537
19043,0,general,442,395.16105213585945
19044,2,general,728,732.4615003390134
19046,0,infantry_line,366,372.0062505712393
19047,2,infantry_line,361,329.0486253289638
19048,3,infantry_line,361,358.7414378199776
19049,0,infantry_line,616,627.9201129599994
19050,2,infantry_line,566,584.0839520351168
19051,0,infantry_militia,466,473.3394889316683
19052,2,infantry_militia,67,104.71195864696182
19053,4,infantry_skirmishers,301,335.4728134090578
19054,2,cavalry_heavy,1381,1422.558758646625
19056,3,cavalry_light,765,787.367724635595
19057,4,general,689,713.8933551542938
19058,2,infantry_grenadiers,887,853.5663128596359
19059,2,infantry_line,152,169.20728373173026
19060,1,infantry_line,808,807.7746813994866
19061,4,general,259,246.92967113736586
19062,0,infantry_line,329,309.51140266214975
19063,1,infantry_grenadiers,793,827.2583985450777
19064,1,artillery_horse,868,834.2460827395474
19066,0,cavalry_light,645,689.5039972186141
19067,0,cavalry_light,550,568.7348587806498
19070,1,general,363,333.13456493106895
19073,1,infantry_line,411,365.30302668308696
19074,3,infantry_line,407,417.4633758325326
19075,2,infantry_line,335,335.4587989101038
19076,3,infantry_line,476,454.94775715931735
19077,4,infantry_militia,209,208.1067980741093
19079,0,artillery_foot,332,341.357367361887
19080,2,cavalry_heavy,1381,1422.558758646625
19081,4,cavalry_lancers,786,785.7527585031555
19083,3,cavalry_light,1137,1150.321002044284
19086,0,cavalry_light,443,440.20952284716634
19087,4,cavalry_light,461,444.5642451907087
19088,1,general,673,683.1220301216591
19090,4,general,375,417.0873946762739
19091,2,general,590,633.7440990759316
19092,3,general,940,958.1898741758582
19093,2,infantry_line,249,246.16825683795878
19094,2,infantry_line,152,169.20728373173026
19095,0,infantry_skirmishers,292,295.71521148957964
19096,1,cavalry_light,449,449.1008665237752
19097,0,cavalry_light,610,556.2659668159484
19098,4,general,462,428.64918710365646
19099,4,general,315,326.90527184648545
19100,3,artillery_foot,2543,2424.703524591758
19101,4,cavalry_lancers,894,852.2948186526061
19102,2,cavalry_light,500,552.6278515310983
19103,2,cavalry_light,664,561.1032779385557
19104,3,cavalry_light,732,777.7772809658622
19105,3,general,360,424.5511588480098
19106,1,general,578,513.2752300804581
19107,1,general,776,754.0635336999579
19108,3,general,1051,1093.3882654537779
19109,0,infantry_line,290,328.41642140276184
19110,4,infantry_line,869,896.9451699416495
19111,0,infantry_militia,94,84.84419581700877
19114,0,infantry_grenadiers,272,310.7476948135318
19116,0,general,417,423.5004731288391
19117,0,infantry_grenadiers,732,716.4186670650012
19118,1,infantry_line,534,520.1505199054905
19119,1,artillery_foot,1013,1075.4757651712468
19120,2,general,694,617.4221882587368
19122,3,infantry_irregulars,582,542.4972987231117
19123,2,infantry_militia,291,287.05390605035313
19124,3,infantry_militia,263,291.6258847193888
19125,1,infantry_irregulars,356,321.5219991036691
19126,3,infantry_line,132,177.32420582357864
19128,1,cavalry_light,449,449.1008665237752
19129,2,artillery_foot,457,464.0195317296937
19131,3,artillery_foot,518,502.1975966558706
19132,3,artillery_foot,496,518.1299004141105
19134,4,general,351,351.05708152649464
19135,3,general,199,199.49974989188263
19136,4,general,351,351.05708152649464
19137,4,general,351,351.05708152649464
19138,2,general,526,524.1893240289979
19139,3,infantry_grenadiers,382,389.0091400733549
19140,2,artillery_horse,1031,1025.9539181545374
19141,3,artillery_horse,539,532.8159691950884
19142,3,general,463,430.49503959802536
19143,4,general,229,231.8599914466308
19144,0,general,352,332.15335729162007
19145,0,general,442,403.08276626298084
19147,0,general,523,465.9121387032219
19148,3,general,975,979.3865096785748
19149,0,infantry_light,292,290.7664180541748
19150,3,infantry_light,438,464.93735180112105
19151,0,infantry_light,479,464.3318368787707
19152,4,infantry_light,401,353.3371386148964
19154,1,infantry_line,1098,1102.1484355643354
19155,3,infantry_line,958,925.6728841784657
19156,1,infantry_skirmishers,231,235.7213735472973
19157,2,artillery_foot,350,331.72332260719475
19159,3,cavalry_lancers,774,732.6653997736419
19160,4,cavalry_light,1150,1073.847921589222
19162,0,general,1151,1123.4896429031755
19163,0,general,316,314.0244379799037
19165,3,general,789,828.3897796918282
19166,4,general,780,759.0341539341099
19167,0,infantry_light,719,708.3081458246913
19168,2,infantry_line,413,417.241074523455
19170,2,artillery_foot,1199,1265.3638177432617
19171,1,artillery_foot,75,120.93285416626662
19172,4,artillery_horse,115,170.79987176420082
19173,4,cavalry_lancers,584,548.5549667579203
19174,3,cavalry_light,500,506.02125810792865
19175,3,cavalry_light,901,916.8580816303988
19177,2,general,341,372.8535147421374
19179,0,general,816,857.4065237923384
19180,4,infantry_line,345,350.65895488700085
19181,0,infantry_line,273,297.1799662126515
19182,0,artillery_horse,405,419.40041720471675
19183,2,general,271,281.75771096119985
19185,4,cavalry_light,652,637.1687693262761
19186,4,cavalry_light,1103,1053.2361663164675
19188,0,general,1297,1276.421401318033
19189,0,general,988,1096.3118401000559
19190,0,general,581,600.2987169423378
19191,1,cavalry_heavy,2534,2424.860800987427
19192,2,cavalry_heavy,2344,2436.66730127349
19193,2,cavalry_heavy,662,900.4312231707831
19194,3,cavalry_standard,937,941.5513197122553
19195,4,cavalry_standard,1045,1009.3659403725557
19196,4,general,407,406.940353699991
19197,4,general,2288,2251.6616851331664
19198,3,general,765,765.8100672720653
19199,3,general,2110,2130.271283879672
19201,0,infantry_line,454,455.67982631541423
19202,2,artillery_horse,1379,1336.0846186563808
19203,0,artillery_horse,1047,1073.1569187732764
19205,2,general,1371,1385.0078726091058
19206,3,general,332,326.01733200529645
19207,2,general,854,850.5580203603632
19208,4,infantry_grenadiers,855,824.0141142139441
19209,1,infantry_line,388,378.6536748297226
19210,0,infantry_line,345,343.8050401199438
19211,4,infantry_line,338,353.4300563573015
19212,0,infantry_line,764,759.5008206265446
19213,1,cavalry_lancers,735,748.2159411310812
19214,2,cavalry_lancers,465,470.6409098843682
19215,4,cavalry_lancers,471,468.2608962048438
19216,3,cavalry_lancers,528,513.7833864267097
19217,0,general,417,432.7885589191444
19219,3,infantry_light,316,318.4250174510346
19222,0,infantry_line,703,690.8492483479507
19223,2,general,378,365.03339552965065
19224,1,general,965,935.4796258249877
19225,0,infantry_grenadiers,908,867.9971062779852
19226,4,infantry_line,431,405.55316435453835
19227,1,cavalry_lancers,445,434.91757814588016
19228,2,general,206,230.07155862532136
19231,3,infantry_line,266,281.52250741498
19232,2,general,265,272.5141999119853
19233,3,general,248,263.2574078181891
19234,3,infantry_line,348,359.84826939319674
19236,0,general,329,320.312639168632
19237,1,general,236,252.04054506528985
19238,3,infantry_line,434,418.3227798418069
19239,2,infantry_line,295,302.08109586438815
19240,4,artillery_foot,928,907.7165938896003
19241,4,general,828,808.296930162008
19242,1,cavalry_standard,939,919.6925078328545
19244,0,general,767,777.1854761755205
19246,3,infantry_line,376,380.82720483506364
19247,3,infantry_line,681,662.7732323281525
19248,1,general,782,744.0186667360601
19249,4,general,297,309.30113065056406
19250,1,infantry_grenadiers,813,789.020268522084
19251,3,infantry_line,386,403.1988465192114
19252,0,general,269,259.0206174395722
19254,4,infantry_grenadiers,768,721.8124128876719
19255,0,infantry_line,173,160.47065431974693
19256,0,infantry_line,259,250.15497133241186
19257,4,infantry_line,379,374.31517757726834
19259,0,general,173,184.41283732864926
19261,0,infantry_irregulars,166,194.736031875312
19262,3,infantry_line,212,230.78487666930567
19263,1,infantry_line,312,307.6202616907225
19264,1,infantry_line,200,204.67922471373163
19265,3,infantry_line,360,347.72099303361546
19266,0,infantry_line,362,353.0401700479669
19267,3,infantry_line,503,505.65630222507025
19268,3,infantry_line,277,282.21395502750204
19269,0,cavalry_heavy,1956,1988.339120032064
19272,0,cavalry_standard,482,516.730776874946
19273,3,cavalry_standard,828,814.4665128276392
19274,3,general,559,602.1170411243677
19275,1,cavalry_lancers,445,455.5555707024572
19276,4,cavalry_lancers,978,883.2341225389397
19277,1,general,806,743.4410521828527
19278,0,artillery_foot,1735,1599.890319157427
19279,4,general,1,1.0
19282,3,general,177,177.8159627457625
19283,3,general,177,177.8159627457625
19284,0,general,1022,1017.628072810179
19285,2,general,823,822.3723163458866
19286,2,cavalry_lancers,372,390.94362152613047
19287,0,cavalry_light,553,544.973392848306
19288,2,cavalry_standard,566,581.3032162863017
19289,0,cavalry_standard,680,690.6856552602118
19290,4,cavalry_standard,994,944.7145692804927
19291,4,general,418,409.8633661027398
19292,1,general,318,347.59953782911833
19294,3,general,932,894.7912585807774
19295,4,general,431,431.43909701004196
19296,1,general,673,643.5924845706337
19297,3,general,733,742.1776423417796
19298,4,general,378,370.5793256972457
19299,0,infantry_grenadiers,670,701.4772330976652
19302,3,infantry_line,368,351.71526526121164
19303,4,general,217,237.51355162557638
19305,4,general,189,174.60203368945798
19307,1,general,595,554.9613556460152
19308,0,general,301,284.2174602213589
19309,4,general,386,388.6175474301538
19311,0,general,405,386.2938150026243
19312,3,general,358,321.2208539343772
19315,0,infantry_light,311,314.42674672340684
19317,2,infantry_light,525,524.4355000150223
19318,2,infantry_line,297,282.421074438259
19319,1,infantry_line,190,225.3011257638214
19320,1,infantry_line,512,489.89774371782016
19321,2,infantry_line,437,447.78515985860736
19322,1,infantry_line,317,331.31137473713835
19323,3,infantry_line,499,500.7804204291004
19325,3,general,462,402.4308292324284
19326,1,general,184,285.0628040281058
19327,2,general,159,168.9120673236535
19328,3,general,166,173.68992154851685
19329,2,general,343,340.9383400056194
19330,2,general,626,590.2996439543379
19331,0,general,754,779.9749149350374
19333,0,general,1000,994.0254053457103
19334,3,general,1003,1020.754542830049
19336,3,general,697,701.3761391642461
19337,2,infantry_grenadiers,833,823.9185587215928
19338,4,infantry_grenadiers,1147,1174.927543309592
19339,4,infantry_grenadiers,948,989.5735416381713
19340,0,infantry_grenadiers,879,896.6404909662765
19341,1,infantry_grenadiers,1238,1327.769460768816
19343,2,infantry_grenadiers,678,639.6427967399179
19344,2,infantry_grenadiers,765,738.9344764399905
19345,2,infantry_light,472,447.93019413315767
19346,3,infantry_line,241,254.789923664216
19347,2,infantry_line,270,282.51643515953685
19348,3,infantry_line,223,216.01789908043378
19349,2,infantry_line,558,519.8913236965785
19351,2,infantry_line,264,244.43386648276478
19352,3,infantry_line,591,583.879852838335
19353,4,infantry_line,574,591.5634706565995
19354,1,cavalry_lancers,663,640.3481780783676
19357,1,general,631,684.012348254803
19358,0,general,589,653.9520226735405
19359,4,general,542,547.2724025565423
19360,4,general,651,680.4299864230583
19361,3,general,842,866.6419804239495
19362,1,infantry_line,362,358.06515638128036
19364,4,cavalry_heavy,1705,1671.103804563287
19365,4,cavalry_heavy,1310,1337.6068135502153
19366,4,general,1156,1188.5078861121015
19368,3,cavalry_light,456,446.0918853394938
19370,0,general,470,472.36201453591843
19371,4,general,402,410.50659879254033
19372,4,general,265,283.0951154209614
19373,4,infantry_light,352,351.5409294941663
19374,3,general,207,183.68835655032433
19376,1,general,448,395.6540796794159
19377,3,general,355,341.8488402377947
19378,4,general,365,339.58307883872857
19379,2,general,500,473.92694303697294
19381,4,general,793,721.8392286669532
19382,4,general,441,459.01606717624173
19383,3,general,1023,914.6051104021594
19384,2,general,493,515.3010410212793
19385,3,general,469,440.833620403994
19386,2,general,323,295.87083105495685
19387,0,infantry_grenadiers,434,445.666024521444
19388,4,infantry_grenadiers,543,543.7522437624826
19389,2,infantry_grenadiers,582,547.6934270804269
19390,3,infantry_light,490,449.9313977383887
19391,1,infantry_light,417,401.2399263974381
19392,2,infantry_line,197,199.2352074069511
19395,4,infantry_line,285,270.0771484742739
19397,3,infantry_line,902,829.603467887969
19399,2,general,946,878.8613619713341
19400,1,general,399,389.39942126465786
19402,2,general,492,492.15690508502274
19403,2,general,412,393.2950341463864
19405,3,infantry_grenadiers,525,507.23537571108534
19406,2,infantry_grenadiers,829,791.8223098508347
19407,0,infantry_grenadiers,815,844.2947515735361
19408,4,infantry_grenadiers,770,761.9510798134207
19410,1,infantry_grenadiers,1148,1145.9448913274452
19411,1,infantry_line,454,447.0514953494839
19412,0,infantry_line,299,319.4418030152297
19413,4,cavalry_light,594,610.3220131952473
19414,3,general,397,389.64571668703456
19415,1,general,673,590.0258097017871
19416,4,general,461,497.1083493405302
19418,4,general,96,145.65540838691163
19419,4,infantry_light,371,374.41411984772105
19420,1,infantry_light,588,559.8312435569625
19421,0,infantry_line,193,179.84394859826105
19422,4,general,650,645.1900220665592
19423,1,general,736,742.6721016389778
19424,1,infantry_grenadiers,780,789.2833936226804
19425,2,infantry_grenadiers,887,878.7353233524246
19426,2,infantry_grenadiers,884,855.7995736407128
19430,1,general,117,135.25199798575036
19432,4,general,124,139.8999666119287
19433,2,general,888,884.866712545961
19434,2,general,615,608.0170265247186
19435,1,general,1024,1010.2517481905293
19436,3,general,704,711.8442519058876
19438,4,general,675,670.7163900395915
19439,0,general,300,287.1805441617128
19440,3,infantry_grenadiers,802,798.9033264005657
19441,0,infantry_grenadiers,614,628.4009934429723
19442,4,infantry_grenadiers,950,948.7616797393154
19443,1,infantry_grenadiers,1014,1031.8683743401584
19444,1,infantry_grenadiers,824,837.2290701378108
19446,0,infantry_grenadiers,1058,1059.344869545815
19448,0,infantry_grenadiers,769,779.4500119985158
19450,4,infantry_line,192,202.98163038277153
19452,3,infantry_line,411,383.8891289156274
19453,0,cavalry_heavy,1736,1735.613766302369
19454,3,general,1655,1637.382998117674
19455,2,general,187,220.24241653841128
19458,4,general,368,355.7177389422619
19460,3,general,939,977.1329690329108
19461,0,infantry_grenadiers,629,638.4679171603509
19462,2,infantry_grenadiers,892,863.2679679672352
19463,2,infantry_grenadiers,697,708.9788135043763
19466,4,infantry_line,212,281.4234217952087
19467,0,infantry_line,226,237.58544946081918
19469,3,infantry_line,576,558.2520505833064
19470,4,general,180,192.08550519555132
19471,0,general,128,135.48840031455924
19472,4,general,670,637.043333750678
19473,4,general,322,317.49008399564303
19475,4,general,482,480.38355564937694
19477,0,infantry_grenadiers,493,520.2417207160472
19478,4,infantry_grenadiers,574,595.4314672631153
19480,4,infantry_line,175,196.22359068952366
19481,3,infantry_line,279,296.40034942378463
19483,2,infantry_line,441,419.2444217379248
19484,4,infantry_skirmishers,302,332.09655881345947
19486,4,cavalry_light,787,853.6533632536705
19488,0,general,646,726.741658887713
19489,1,general,284,245.25411985434897
19491,0,infantry_light,398,359.90866499069114
19492,2,cavalry_light,988,1037.657000906592
19494,0,cavalry_heavy,1469,1499.8050896364339
19495,4,cavalry_lancers,410,442.4969108020135
19496,0,cavalry_light,1105,1163.9386665986326
19497,4,general,264,246.4839354738079
19498,3,general,362,385.65724540247277
19499,1,general,195,183.24719949851948
19500,0,general,1033,1106.3091047273622
19502,4,general,459,439.26438752219843
19503,3,infantry_grenadiers,566,542.8369986322479
19504,2,infantry_line,366,358.5459736752998
19505,1,infantry_line,260,245.16952497606638
19507,1,cavalry_light,394,372.88636492478275
19511,2,general,819,823.3221568578446
19513,1,general,151,144.22149545869678
19514,1,general,232,242.9608357184003
19516,4,infantry_grenadiers,730,715.5159620855441
19517,1,infantry_grenadiers,900,902.5095298560065
19518,0,infantry_grenadiers,681,669.4201630398362
19519,3,infantry_grenadiers,633,601.9339262851738
19521,2,infantry_line,292,305.09067543271175
19522,3,infantry_militia,163,233.41619327411507
19524,3,general,318,297.139668955807
19525,2,general,122,137.8251387296504
19527,0,general,240,266.5785184698227
19528,0,general,872,823.2051609190304
19529,2,general,267,254.9882463418213
19531,3,infantry_line,368,356.34894188685894
19532,3,infantry_line,151,186.81758124848426
19533,2,infantry_line,240,257.7669380452817
19534,2,cavalry_light,600,550.5888671508342
19535,3,general,316,306.08213351103024
19536,3,general,429,411.91474987651543
19537,3,general,429,411.91474987651543
19538,0,general,109,181.2839185120253
19540,4,infantry_line,208,194.1457113701736
19541,3,cavalry_light,771,823.5377356492863
19543,2,general,765,850.6236458208073
19545,1,general,699,624.4288386141282
19548,0,general,123,229.57889411955142
19549,1,infantry_line,215,228.36691996060665
19551,1,general,166,171.9368165783809
19553,4,infantry_line,269,277.1911715870459
19554,0,infantry_line,267,278.72486842295314
19556,2,general,385,361.20547802829446
19557,2,infantry_line,357,344.0776993457139
19561,0,infantry_line,248,256.6090017900264
19562,2,infantry_line,270,273.4698805948439
19563,0,cavalry_heavy,1570,1513.0420560926216
19564,0,cavalry_heavy,1541,1551.4243144877355
19567,4,cavalry_heavy,1554,1573.6880850061686
19568,3,general,1378,1397.6645686480476
19569,2,general,179,267.23325515782415
19570,3,general,154,239.65895776779234
19571,4,general,535,510.6874606128351
19572,0,infantry_grenadiers,650,641.2263508883913
19573,2,infantry_line,254,248.6908612472986
19574,0,infantry_line,250,248.1385620902995
19576,1,artillery_foot,656,665.0101892720822
19578,4,artillery_foot,525,613.2942420330887
19579,3,artillery_foot,241,283.8266556420003
19580,1,artillery_foot,236,259.20898989200856
19581,2,artillery_foot,470,454.4902443977344
19582,2,artillery_foot,678,606.0128272888016
19584,1,artillery_foot,325,311.0793261528995
19585,4,artillery_foot,518,513.6822406557035
19586,3,artillery_foot,771,762.9491271784918
19587,2,artillery_horse,925,937.0699862945471
19588,1,artillery_horse,846,847.8574925338914
19589,3,artillery_horse,903,911.0295294633535
19590,4,artillery_horse,1042,1002.2293088902861
19591,1,artillery_horse,565,542.987346357687
19593,2,general,340,320.78052737261
19594,2,general,549,482.02504199816514
19595,2,general,526,523.7641738367389
19596,4,general,1,1.0
19597,3,general,199,199.57613393358514
19599,4,general,740,696.2168321969775
19600,4,general,1,1.0
19602,4,general,1,1.0
19604,1,infantry_grenadiers,359,402.75796696612844
19605,1,infantry_grenadiers,359,402.7579669661349
19606,1,infantry_grenadiers,359,402.75796696612844
19607,4,cavalry_light,1063,1014.2189279233545
19608,1,general,169,177.77517961500305
19609,0,general,1058,1055.2803619006154
19610,1,general,470,453.91436691036233
19611,3,general,830,816.3529075320463
19612,3,general,315,311.2294604949018
19613,2,general,347,316.2220484285651
19614,0,general,173,168.6633423636555
19615,1,general,259,269.3793203317199
19616,0,general,168,188.70048745184923
19617,0,general,183,195.19095081852717
19618,3,general,867,837.6815404366224
19620,2,infantry_grenadiers,873,819.4065415214301
19621,2,infantry_light,303,270.97795499541536
19622,0,infantry_light,370,385.7260332050041
19623,4,infantry_light,205,202.66792977337357
19624,4,infantry_light,247,248.99490472876462
19625,2,infantry_line,579,558.2949197308866
19626,0,infantry_line,365,360.7357892550677
19627,4,infantry_line,279,293.5486338185536
19628,0,infantry_line,266,291.60814228472304
19629,3,infantry_line,1220,1267.5261688172777
19630,2,cavalry_heavy,2251,2240.9770306514265
19632,4,general,243,239.84996510232867
19633,0,general,318,318.46314912636717
19634,1,general,497,470.0295017501772
19635,0,general,2021,2035.2075555181148
19636,3,general,701,682.7347048439889
19638,1,general,640,668.8421067917807
19639,4,infantry_grenadiers,685,708.1188384599482
19640,2,infantry_light,434,411.9524824652249
19641,0,infantry_light,476,439.20758088087445
19642,4,infantry_line,340,342.2425304803255
19643,1,infantry_line,417,421.17401915901434
19644,4,infantry_line,624,613.5322887690066
19646,3,artillery_horse,2117,2123.836196143246
19647,1,general,427,402.1793971631115
19648,2,general,415,380.6039619269532
19649,1,general,2141,2178.622947624042
19650,4,general,386,365.5392961708001
19651,4,general,717,696.7343971615941
19652,3,general,480,460.0861878845316
19653,4,general,583,555.9188657364992
19654,0,general,440,437.46902820484024
19655,4,general,586,585.3569395585432
19656,0,general,708,680.1847795395897
19657,1,general,540,526.3525063077703
19658,4,infantry_grenadiers,825,810.6874859292647
19659,1,infantry_light,499,486.1282202136867
19660,0,infantry_light,600,597.1302550326507
19661,2,infantry_light,568,568.9244397033497
19662,0,infantry_line,530,507.56777359036147
19664,4,infantry_line,527,510.2509641739362
19665,3,cavalry_light,577,558.8953202598891
19667,3,general,466,459.69410546789413
19668,0,general,210,239.36289682817736
19669,0,general,307,324.4997403049912
19671,1,cavalry_lancers,318,341.7015258454271
19672,4,general,824,796.8266955680505
19673,0,infantry_light,754,747.5601335147836
19674,4,artillery_horse,820,760.9801142796201
19675,0,cavalry_heavy,1867,1858.8914348273984
19676,4,cavalry_lancers,471,445.6818113910363
19677,3,cavalry_lancers,528,484.24228784980636
19680,4,general,598,552.1451001892482
19681,0,general,835,826.9355218411596
19682,3,general,1766,1757.7210344481716
19684,3,general,617,622.204785397494
19685,3,infantry_grenadiers,759,733.2022065660875
19686,3,infantry_line,384,389.2458780965189
19687,2,infantry_line,649,616.8512135647875
19688,1,infantry_line,726,731.9192662654053
19689,0,artillery_horse,1066,1068.786719287154
19691,1,cavalry_light,616,625.4261754135931
19692,0,general,399,375.46577887911894
19693,4,general,869,838.1528646498878
19695,1,general,464,483.4912411902699
19696,3,general,318,324.32872634684287
19697,2,general,456,446.1835047804726
19698,3,general,1274,1329.3076751232943
19700,4,general,312,311.61448772194746
19701,0,general,271,262.2366746156814
19702,1,general,886,855.1727820135908
19705,4,infantry_line,414,408.2366316544001
19706,4,infantry_line,452,417.75181043510725
19707,2,infantry_line,317,338.7850359635243
19708,2,infantry_line,378,372.6796609358653
19709,3,infantry_line,377,363.98815366911515
19710,4,infantry_line,373,362.2493380260209
19711,4,infantry_militia,229,219.59030859718507
19713,1,general,254,268.8900503630896
19714,4,infantry_line,310,321.4620204148842
19716,4,general,619,574.4308041603269
19717,1,general,366,362.115392958037
19718,1,infantry_line,466,465.59987396893456
19719,3,infantry_line,727,693.6373557800192
19720,2,artillery_horse,148,211.67122095535078
19721,2,cavalry_heavy,1277,1312.4148468723145
19723,2,cavalry_standard,558,587.4305982390431
19724,0,cavalry_standard,523,566.3302894183536
19725,0,cavalry_standard,456,492.0129792393211
19726,4,cavalry_standard,1047,1028.2684732410416
19727,0,cavalry_standard,685,723.254238595046
19728,3,cavalry_standard,934,941.899423774944
19729,2,general,642,653.6840954177686
19730,0,general,423,454.4049505571619
19731,3,general,270,287.97846378625815
19733,3,general,938,936.5000217805248
19734,1,general,863,846.353119587498
19735,0,general,840,862.6583602995576
19736,1,general,425,464.214905776513
19737,3,general,230,244.04646878817036
19738,0,general,1123,1162.0078418636792
19739,2,general,272,282.8560142157022
19740,1,infantry_line,293,299.56224319452804
19741,4,infantry_line,365,381.77242022616883
19742,2,infantry_line,320,340.3040512177837
19743,2,cavalry_lancers,355,380.07328222293114
19744,3,cavalry_standard,1063,1044.9721736851752
19745,0,general,253,266.6127143809803
19746,3,general,440,436.9055271051959
19747,0,general,877,869.3918050823407
19748,2,general,220,258.50087452975606
19749,0,general,1780,1549.8737150714894
19751,3,infantry_line,491,490.84315810058183
19755,3,infantry_line,356,348.82294106243864
19756,2,general,248,260.50172807405164
19757,0,general,228,192.82678630651705
19758,0,general,214,182.22946780536824
19759,2,general,165,146.21795363028855
19760,3,general,362,351.27484820502724
19761,4,general,200,194.73138281280887
19762,0,general,555,542.3288097866553
19763,1,general,454,422.50186172124995
19764,3,general,399,392.77855162055596
19765,1,infantry_light,270,244.30691869882634
19766,0,infantry_light,332,301.4625236222105
19767,2,infantry_light,305,298.70917202590863
19768,3,infantry_light,386,358.3370814647734
19769,3,infantry_line,303,319.40766533395794
19770,2,infantry_line,410,408.1187274149324
19773,2,general,239,231.94454181931138
19774,3,general,965,1005.5938211518433
19775,4,general,1217,1217.7210257899285
19776,1,infantry_line,296,300.20585092538613
19777,3,infantry_line,173,171.59652349422328
19779,3,infantry_line,982,1071.40807799801
19780,0,general,251,183.62672178691972
19781,1,general,100,106.54596383128981
19782,2,general,686,688.1951420748951
19783,1,infantry_grenadiers,804,791.987209177148
19784,2,infantry_line,207,198.59044231479365
19786,3,cavalry_heavy,1166,1164.3354765431168
19787,3,cavalry_heavy,1670,1664.896070792339
19788,1,cavalry_heavy,1321,1303.3597280250024
19789,2,cavalry_heavy,2453,2439.271490402565
19790,0,cavalry_standard,555,599.1023582797777
19791,2,cavalry_standard,776,756.6789001521519
19793,2,general,967,978.9451199387815
19794,1,general,455,503.28434347492635
19795,3,general,2211,2178.6761533243816
19796,1,general,1096,1094.0213796817343
19797,0,general,1576,1574.7525636762136
19798,1,cavalry_standard,599,608.7422371194377
19799,4,general,456,451.15676452967944
19800,4,cavalry_standard,957,949.1171856817125
19801,2,cavalry_standard,657,647.0459082160577
19802,0,general,825,802.27454674414
19803,2,general,512,491.0559213337129
19804,3,artillery_horse,578,582.846996712372
19805,2,cavalry_light,559,569.5970618611634
19806,4,cavalry_light,1103,1056.9923607383423
19807,4,general,1016,979.7630236841243
19808,0,general,459,460.72975474444155
19810,4,artillery_foot,508,566.9866818573611
19811,2,artillery_foot,450,391.35927994482296
19813,0,artillery_foot,547,635.4412312020075
19814,4,artillery_foot,518,589.5874469068565
19815,3,artillery_foot,1917,2037.0096917713665
19816,0,artillery_foot,2237,2451.9139126233913
19817,1,artillery_foot,1041,1095.976333954922
19818,2,artillery_foot,1115,1090.4299190141448
19819,4,artillery_horse,323,343.4404714773645
19821,4,artillery_horse,821,771.3112305432604
19822,1,artillery_horse,1674,1675.2147448220494
19823,1,artillery_horse,1077,1090.0152173902468
19825,2,general,2424,2604.8178087174642
19826,0,general,312,312.3289039114225
19827,3,general,177,177.47325579739982
19830,0,general,924,930.9350867464551
19831,4,general,834,862.3831875997835
19833,3,general,827,864.7469824462331
19834,3,general,177,177.47325579739982
19836,4,general,204,220.7089127284956
19837,1,general,408,492.55845731894135
19838,2,general,823,820.3894668003827
19839,0,general,2496,2767.3703092070277
19840,0,general,569,650.7696006764946
19841,0,infantry_skirmishers,136,160.92641337779966
19842,0,infantry_skirmishers,136,160.92641337779966
19843,0,infantry_skirmishers,136,160.92641337779966
19844,0,artillery_foot,330,362.1964106581402
19845,0,artillery_foot,414,426.4973251271852
19846,0,artillery_horse,303,312.3774358088393
19847,1,artillery_horse,1351,1363.2173726900876
19848,0,cavalry_light,475,499.74701701774814
19849,0,cavalry_light,430,419.69734536008644
19850,2,cavalry_light,443,433.0932012139481
19851,2,general,334,358.1395831163726
19852,0,general,350,350.4467510842349
19854,3,general,296,299.8373265483253
19857,0,general,256,242.12586868852384
19858,1,general,273,270.8042395191889
19859,4,general,297,338.37327135002965
19860,2,general,97,105.01541412005326
19862,3,general,208,227.16196266704299
19863,0,general,300,319.80601328644656
19864,1,general,230,252.35662569317
19865,0,general,381,378.8784801581465
19866,1,general,492,500.23896902268257
19867,3,general,59,76.96577599422514
19868,4,general,433,365.687955287715
19870,4,general,1094,1188.9453978884858
19871,0,general,513,523.0834528211037
19872,4,general,123,130.4039980768502
19873,2,general,750,667.0872082976016
19874,4,general,630,640.8221306056067
19875,3,general,453,436.9320384630811
19876,4,general,539,556.9115648871245
19877,0,infantry_grenadiers,242,239.341996667063
19878,0,infantry_grenadiers,866,890.2159234544289
19880,2,infantry_light,407,434.4362746960106
19881,4,infantry_light,458,401.5744678010388
19882,3,infantry_light,314,302.50311288197304
19883,3,infantry_light,359,367.8914716065903
19885,3,infantry_light,334,355.5214925208054
19886,4,infantry_light,370,324.24522677251247
19887,3,infantry_light,304,324.98544819788424
19888,3,infantry_light,362,340.9001972089384
19889,0,infantry_light,515,539.0842272996625
19890,0,infantry_light,688,597.0431181217734
19891,1,infantry_light,571,559.3531799382612
19892,0,infantry_line,171,176.16806118387436
19893,0,infantry_line,199,204.3617381091528
19894,1,infantry_line,629,639.085905061227
19895,3,infantry_line,230,221.66182619710793
19896,0,infantry_skirmishers,127,135.54386559974859
19897,4,infantry_skirmishers,196,193.57784711255093
19898,4,infantry_skirmishers,134,139.48941642273232
19899,1,infantry_skirmishers,196,199.33316956180383
19900,1,artillery_foot,266,236.01528402291316
19902,1,artillery_foot,208,222.26675526612786
19903,1,artillery_horse,906,927.8434715208241
19904,0,artillery_horse,925,923.852840580891
19905,3,cavalry_light,746,759.0766590025958
19906,3,cavalry_light,471,467.56335753978146
19907,3,cavalry_light,929,887.3726906146555
19909,0,cavalry_standard,524,520.9075135641621
19910,3,cavalry_standard,950,945.1700558003502
19911,4,cavalry_standard,455,486.96639624628506
19912,4,general,172,183.86197697854067
19913,0,general,771,788.6444406508546
19914,3,general,51,74.31398204683387
19915,0,general,65,89.88273207284423
19916,0,general,612,654.7798575900819
19917,4,general,928,932.6813052562352
19918,0,general,150,129.5024153366698
19919,1,general,366,376.11680135939497
19920,2,general,327,354.6360143021276
19921,0,general,96,118.15362075063287
19924,4,general,74,97.43701354056411
19925,0,general,558,548.7192773959506
19926,4,general,1176,1300.1142300720198
19927,3,general,337,340.61723197698933
19928,2,general,945,750.4723285076799
19929,2,general,1251,1026.9019231265281
19930,3,general,116,125.54608723894063
19932,3,infantry_line,277,282.4328996062986
19933,3,infantry_line,171,186.48324109818887
19935,0,infantry_line,144,171.8788002084834
19936,0,infantry_line,1075,839.4705715264827
19937,3,infantry_line,1159,971.9514094693039
19938,2,infantry_line,324,333.94679457937764
19939,0,infantry_line,219,224.1957141164838
19940,4,infantry_skirmishers,102,108.46055672835685
19941,3,artillery_foot,266,250.04184006147037
19942,3,artillery_horse,443,442.989724764207
19943,4,cavalry_heavy,1299,1324.909157824052
19944,0,cavalry_heavy,1661,1641.8017927655605
19945,0,cavalry_standard,1032,1042.0915964138292
19946,2,general,1472,1487.3433367775722
19947,4,general,891,895.0471153568037
19948,0,general,109,127.30364452134212
19949,1,general,1085,1112.0104356946306
19951,0,infantry_skirmishers,98,106.75266435958274
19953,0,general,601,581.1612487269638
19954,0,general,231,265.2345450188373
19956,0,artillery_foot,460,439.0360000240359
19957,3,artillery_foot,527,537.8126030646408
19958,3,general,364,341.7543592940041
19959,4,general,142,165.13670298499787
19961,4,general,40,62.5933163948596
19964,0,general,732,743.381475080507
19965,2,general,626,614.1949643286075
19967,4,infantry_grenadiers,873,831.6269750990726
19968,2,infantry_grenadiers,1076,1126.764140992185
19969,4,infantry_grenadiers,438,467.71442412957407
19970,1,infantry_grenadiers,588,564.3539047907092
19973,3,infantry_line,375,378.1414980079458
19974,2,infantry_line,219,225.33272370411095
19975,0,infantry_line,238,245.77484707084213
19976,2,infantry_line,251,252.65302890888697
19978,1,artillery_foot,322,316.21020229075623
19979,2,artillery_foot,345,390.1543635285688
19980,0,artillery_foot,473,493.32378615572685
19981,3,general,198,219.90736653752015
19982,0,general,239,217.71853352143086
19983,4,general,505,523.5709698314826
19984,3,general,112,122.00073741342464
19985,2,general,205,207.75266483819678
19987,0,general,191,201.74668172034887
19988,2,general,187,201.4530203625386
19989,1,general,158,168.66217295123002
19990,1,general,137,135.05830358595358
19991,1,general,572,573.139459190095
19993,3,general,247,249.34644582068768
19995,2,general,679,650.6624232716713
19997,1,general,956,879.5313070206772
19999,2,general,597,581.580181850916
20000,2,infantry_grenadiers,627,630.0167110082162
20003,1,infantry_grenadiers,727,694.546375317924
20004,4,infantry_grenadiers,803,745.744738933255
20006,0,infantry_grenadiers,1005,1038.9560827862547
20007,2,infantry_line,262,285.255992866075
20008,3,infantry_line,265,270.2983538277144
20010,1,infantry_line,212,211.34208705378757
20013,2,infantry_line,198,185.47467384576706
20014,0,infantry_line,214,232.7116012401536
20015,4,infantry_line,219,224.6200236253633
20016,2,infantry_line,264,268.39469041079286
20017,0,infantry_line,257,258.84156360688155
20018,1,artillery_foot,531,485.5381669124001
20019,2,artillery_foot,623,592.7761229222509
20020,3,artillery_foot,753,796.3054871569002
20021,2,cavalry_light,354,351.949166535957
20022,3,cavalry_standard,1120,1099.8372611725238
20023,0,general,972,940.9337581878101
20026,4,general,440,407.5286939477547
20027,1,general,154,163.35447666228498
20028,1,general,662,697.0837231323936
20029,4,general,229,223.0359189052649
20030,2,general,351,319.49049727312547
20031,4,general,284,301.4690644516279
20032,0,general,81,107.38900901228389
20033,3,general,147,160.95704746047585
20035,2,general,503,486.73213182940253
20036,4,general,262,274.39322066606985
20037,3,general,807,748.2673557767642
20038,4,general,190,208.78392693940722
20040,4,general,766,763.8520264306164
20041,3,infantry_grenadiers,839,785.3938606356494
20043,3,infantry_grenadiers,903,871.068658729266
20044,4,infantry_light,385,370.0771373865297
20046,2,infantry_line,236,230.4227251756841
20047,0,infantry_line,175,183.84626351794094
20048,1,infantry_line,188,204.50119576654944
20051,0,infantry_line,322,316.9357007755671
20052,4,infantry_line,225,220.30613567423856
20053,2,infantry_line,251,264.74906859731516
20054,0,infantry_skirmishers,126,126.95434266760942
20057,1,cavalry_heavy,982,948.4004714433955
20059,0,cavalry_heavy,1800,1709.6309967031211
20060,0,cavalry_heavy,855,873.497192839664
20061,2,cavalry_heavy,890,973.5563718229442
20062,3,cavalry_standard,408,416.1031971287111
20063,2,cavalry_standard,773,779.0162582602815
20065,2,general,1429,1399.2059504004637
20066,4,general,810,805.1060964070764
20067,1,general,1796,1770.8443192150378
20069,0,general,688,715.9250159385368
20070,2,general,282,293.4962439084802
20071,4,general,392,400.9962870371674
20072,2,cavalry_light,559,553.7192333931072
20073,3,general,416,425.05207523723675
20074,0,general,156,159.88506407970544
20075,3,infantry_light,262,249.2603713751779
20077,0,artillery_foot,521,473.43853799668085
20078,3,artillery_foot,467,492.19515058226614
20079,4,general,361,315.6309065026032
20080,4,general,247,271.81346924404903
20081,4,general,287,299.1111121531999
20082,0,general,205,184.59185246026914
20084,2,general,702,623.6663852064532
20085,0,general,428,359.84755772792005
20086,2,general,519,490.1772047184686
20087,2,general,559,535.6547466791021
20088,0,general,675,689.3513556719306
20089,0,general,714,724.7993325751358
20090,4,general,636,616.2602032148989
20091,3,general,640,615.3282553369876
20093,2,general,477,429.22592725747336
20095,0,general,675,689.3513556719306
20096,1,general,985,993.6349996215826
20097,2,infantry_grenadiers,835,857.4426448739448
20098,3,infantry_grenadiers,614,570.5914492006185
20099,3,infantry_grenadiers,809,786.1559368303492
20100,1,infantry_grenadiers,538,486.3850916090246
20101,2,infantry_grenadiers,933,928.3250642386794
20102,3,infantry_grenadiers,758,720.9408623553134
20103,4,infantry_light,626,584.3118019687475
20104,1,infantry_light,391,414.4700484569107
20105,3,infantry_light,346,296.1927265795172
20106,3,infantry_light,689,654.3279017796706
20107,4,infantry_line,349,366.88731610427726
20108,4,infantry_line,299,300.0689798310031
20109,1,infantry_line,312,291.5538220569497
20110,0,infantry_line,406,370.3390408455364
20111,2,infantry_line,509,537.0226650420285
20112,3,artillery_foot,492,452.1007030927364
20113,1,artillery_foot,408,391.80363885906087
20115,4,cavalry_heavy,2198,2186.1545251182633
20116,1,cavalry_heavy,972,955.2000721279729
20117,0,cavalry_light,389,393.3986198444173
20119,0,general,912,912.4618110525827
20120,0,general,2180,2203.1503992916982
20121,1,general,463,445.2470363146656
20122,3,general,342,306.5617529435225
20123,2,general,242,245.91438381484994
20124,2,general,311,312.28153919056933
20125,1,general,845,835.8642833122078
20126,4,general,1224,1283.3852293482712
20127,3,general,526,465.27907337714896
20128,1,general,641,618.1925456003487
20129,3,general,656,676.3271498217149
20130,1,infantry_grenadiers,498,466.45582109005625
20131,1,infantry_grenadiers,457,426.41898545942166
20132,3,infantry_grenadiers,793,788.9369482653924
20133,2,infantry_grenadiers,632,572.2655296636501
20134,2,infantry_grenadiers,583,532.9729286694253
20135,2,infantry_grenadiers,742,698.8523412756632
20136,3,infantry_line,311,307.7534504642274
20137,4,infantry_line,414,423.42286335324354
20139,4,artillery_horse,516,508.82578944313457
20140,1,artillery_horse,83,121.82000622711692
20141,0,artillery_horse,547,554.8038872182949
20142,1,cavalry_heavy,983,971.409872274027
20145,1,cavalry_standard,485,511.6024683614877
20146,3,cavalry_standard,727,690.8543036237656
20147,3,general,352,378.99113158282745
20150,0,general,573,566.5148298175728
20151,2,general,1,17.193370628901036
20153,3,general,510,554.4313103922527
20155,2,general,214,222.40509691505392
20156,2,general,258,267.14596963604515
20157,2,general,309,302.6510188745933
20158,4,general,462,481.02136199762793
20159,1,general,366,386.0468324264357
20160,2,general,1097,1196.1426971197875
20161,3,infantry_grenadiers,1158,1245.3280029350856
20162,2,infantry_line,319,326.8877536548272
20163,3,infantry_line,323,314.77754077387124
20164,0,infantry_line,449,432.51052343826757
20165,2,infantry_line,437,444.5344534669433
20166,1,infantry_skirmishers,132,135.06814393113316
20167,2,artillery_foot,341,335.60673451050604
20168,4,artillery_foot,475,497.97644350483586
20169,3,general,144,152.06451532312045
20170,2,general,291,282.0026531607109
20171,4,general,129,139.98488343097665
20172,4,general,186,194.33624884270884
20173,4,general,129,139.98488343097665
20175,4,infantry_grenadiers,685,647.2043878782757
20176,4,infantry_line,252,259.4195942357673
20178,3,infantry_line,396,390.2451151899315
20179,3,infantry_line,239,246.58393622506068
20180,3,infantry_skirmishers,123,133.00706949498996
20181,1,artillery_horse,464,471.4007553630499
20182,3,cavalry_standard,1007,1008.7146594222662
20183,3,cavalry_standard,1036,1034.8546904958082
20186,4,general,849,868.1245980540298
20188,3,cavalry_heavy,871,887.2484995258598
20189,2,general,704,724.5270611320285
20191,4,artillery_horse,132,180.9374051787275
20195,3,general,159,159.17304503595852
20197,4,general,1,1.0
20198,1,general,1721,1530.5664285872604
20199,1,general,1936,1816.3720662911899
20200,2,general,327,309.5933613468177
20201,0,infantry_grenadiers,1865,1567.2070569379011
20204,0,infantry_line,616,613.4565803553651
20207,0,general,465,496.0173643544155
20208,1,general,1308,1199.4243347302158
20209,0,infantry_grenadiers,984,893.1492477918082
20210,2,infantry_light,571,583.029564626454
20212,4,infantry_line,424,406.8765545446011
20213,3,infantry_line,401,365.16293765798423
20214,1,infantry_line,1328,1279.499826814342
20215,3,infantry_skirmishers,310,307.7751626681276
20216,4,cavalry_light,505,410.27921298930454
20217,3,general,358,356.69879696547116
20218,4,infantry_light,276,272.3720119642347
20219,0,infantry_line,484,471.1775261447207
20220,2,infantry_line,431,427.54695399622045
20221,0,infantry_line,644,650.7964110539469
20222,3,infantry_line,658,657.5170075709724
20223,3,infantry_skirmishers,224,199.18242697845136
20224,3,infantry_skirmishers,260,225.72160938313115
20225,4,general,341,471.25551247285983
20226,0,general,751,776.5833759655967
20228,3,infantry_grenadiers,543,528.8344430705055
20229,4,infantry_light,331,277.4379697044865
20230,1,infantry_line,366,478.7476516569728
20231,1,infantry_line,1007,984.3890911870377
20232,3,infantry_line,317,295.3056314634877
20233,0,infantry_line,543,534.9872961949853
20236,1,infantry_line,464,448.7281967775068
20237,2,infantry_skirmishers,218,234.59066408085187
20238,4,artillery_foot,567,598.6610755344165
20239,3,artillery_foot,633,628.9041805935757
20240,2,infantry_light,749,701.8745640724967
20241,3,cavalry_heavy,1891,1835.38447581172
20242,1,cavalry_heavy,1593,1566.6686422665293
20244,1,cavalry_light,790,820.959184925649
20245,2,cavalry_standard,872,890.1166561271276
20247,4,general,1706,1707.1208066869283
20249,1,general,930,1056.7071641672687
20252,0,infantry_light,1248,1575.6226617234431
20254,2,cavalry_light,782,790.0221448418689
20255,1,general,686,686.1411080437747
20256,4,infantry_light,672,595.0390388090312
20257,2,artillery_foot,2022,1918.08019170414
20258,0,cavalry_light,480,497.7361404633315
20259,2,cavalry_standard,677,685.2270898540943
20260,4,general,575,612.1688020678204
20261,0,cavalry_light,1573,1700.9322285305614
20262,4,artillery_foot,1003,918.9447159447881
20263,0,artillery_foot,369,391.64600668128867
20264,4,artillery_foot,90,138.54313648836873
20265,3,artillery_horse,700,691.8890853394048
20266,1,general,820,814.3826356671586
20268,0,general,401,401.65394935485153
20270,2,general,34,106.1145031783395
20271,3,infantry_grenadiers,401,416.5527483632716
20272,4,cavalry_lancers,654,658.2755425782501
20273,2,cavalry_light,1009,1106.2592676799532
20274,0,cavalry_light,844,805.2275079835673
20275,3,cavalry_light,701,650.4485015560572
20277,1,cavalry_light,810,797.2975711205634
20278,3,general,131,125.26361097003192
20280,2,general,665,652.024159468739
20281,3,general,647,637.576064613072
20282,4,general,579,574.5195652267913
20283,1,general,548,555.3770541961608
20284,2,general,141,155.04713417595207
20285,0,general,828,893.1933235033986
20286,0,general,248,221.59593467508205
20287,3,general,752,731.0962116438686
20289,1,general,880,934.0248374709079
20290,4,general,427,379.0293996515395
20291,0,general,327,296.0770471186386
20293,3,general,432,461.8431082455706
20294,2,general,341,375.68626942615396
20295,2,general,340,261.9062519533935
20296,0,general,436,464.46799412443073
20297,3,general,776,722.232976077798
20299,3,general,194,229.05271328106193
20300,3,general,162,193.68912160198153
20301,4,general,411,423.31954210515363
20302,0,general,509,447.25199623318406
20303,2,general,913,855.0496696222467
20304,1,general,880,934.0248374709079
20305,1,general,645,589.4676727463233
20307,0,general,174,203.97803233901897
20308,1,general,795,789.4126618824652
20309,4,general,724,703.7635940453464
20310,1,general,687,687.2215115937996
20311,3,general,883,899.6173481245341
20312,4,general,656,666.4769648722036
20313,1,general,862,844.805603473976
20315,2,infantry_grenadiers,692,670.9644796998588
20316,2,infantry_grenadiers,536,554.4163039173579
20317,0,infantry_grenadiers,697,700.294149618382
20318,0,infantry_grenadiers,526,538.722599986706
20319,1,infantry_grenadiers,544,556.5114732332355
20320,3,infantry_grenadiers,388,437.02863922458226
20321,0,infantry_grenadiers,829,818.7522560278127
20322,0,infantry_grenadiers,847,813.0466325467686
20323,0,infantry_grenadiers,809,822.477431703843
20324,4,infantry_grenadiers,717,715.9931391559384
20326,0,infantry_grenadiers,929,935.3457778388241
20327,1,infantry_irregulars,516,560.5202013203094
20328,3,infantry_irregulars,382,400.0477784263173
20329,0,infantry_irregulars,241,248.56235320467516
20330,2,infantry_irregulars,300,318.42382298612347
20332,3,infantry_light,252,318.47030992947623
20333,4,infantry_light,250,289.4417287609716
20335,3,infantry_light,355,324.91338205388837
20336,2,infantry_light,389,351.37479737753256
20337,4,infantry_light,812,811.0434306194869
20338,1,infantry_militia,245,219.5000700782783
20339,2,infantry_militia,326,272.6750056843614
20340,4,infantry_militia,228,208.63532586455716
20341,3,infantry_skirmishers,176,212.03243071062545
20342,4,infantry_skirmishers,170,167.60157825513483
20343,3,infantry_skirmishers,171,167.42797086533187
20344,3,infantry_skirmishers,186,175.15843616947083
20345,3,infantry_skirmishers,186,175.15843616947083
20346,2,infantry_skirmishers,114,133.80545328227038
20347,3,cavalry_lancers,695,651.9019812990031
20348,2,cavalry_lancers,461,468.0261533151462
20349,4,cavalry_light,440,427.46376504392987
20352,2,cavalry_light,1095,1171.9498640216093
20353,4,cavalry_light,947,980.4048805792825
20355,2,general,958,1022.9056204885642
20357,3,general,582,546.9726162843848
20358,1,general,1165,1182.5967718771494
20360,0,general,391,357.1875553695847
20361,0,general,627,596.2745142914529
20362,0,general,396,361.7102102245062
20363,2,general,431,423.2441114065133
20364,4,general,315,341.8603233416272
20365,3,general,119,151.9851692817126
20366,1,general,399,383.94669697804886
20367,4,general,357,319.31610861015446
20368,1,general,547,526.207638299677
20369,3,general,1287,1319.2609224780697
20371,0,general,91,78.32579908407801
20373,0,general,903,954.3215309029938
20375,2,infantry_irregulars,190,181.60974676801294
20376,2,infantry_irregulars,426,454.49314475882744
20377,3,infantry_light,209,247.46469052773912
20379,2,infantry_light,447,422.31878372872006
20380,4,infantry_light,523,495.4775296094891
20382,0,infantry_light,360,355.55863188218206
20383,3,infantry_light,510,474.7620205430408
20385,3,infantry_skirmishers,176,212.03243071062545
20386,4,infantry_skirmishers,170,167.60157825513483
20387,1,infantry_skirmishers,169,163.12975960190252
20388,2,infantry_skirmishers,297,311.32795420522285
20389,2,cavalry_heavy,1547,1536.0129725979925
20390,4,cavalry_heavy,1414,1413.8888178053958
20393,4,general,1249,1251.059935451594
20395,3,cavalry_heavy,1402,1403.0533611341075
20396,0,general,467,423.0198119220966
20397,2,general,1237,1246.7864080567601
20398,2,general,161,157.7309204728424
20399,4,general,205,230.6203644727904
20401,3,general,96,102.3632627824835
20402,3,general,1372,1363.1496477871144
20403,0,general,52,103.35328131011566
20404,3,general,167,174.9363861775012
20405,3,general,432,424.26577584996807
20407,4,general,651,646.702507051771
20408,1,general,560,568.0472719275924
20409,2,general,620,613.8503054720728
20410,2,general,671,609.3547324656603
20411,1,infantry_line,136,189.02120358716442
20412,2,infantry_line,257,250.53018214942705
20413,0,infantry_line,231,251.11427194741646
20414,0,infantry_line,177,191.08789738469738
20415,2,infantry_line,230,229.93655470310333
20416,0,infantry_line,507,477.6101460415896
20417,4,infantry_line,190,197.26992931119497
20418,2,infantry_line,727,723.5552735509335
20419,4,infantry_line,533,522.3930223413423
20420,0,infantry_line,665,668.4831568441642
20421,4,infantry_line,494,495.37493922427905
20422,2,infantry_line,537,509.90142434054013
20423,1,cavalry_standard,685,691.0371196165993
20426,1,general,539,547.1374905098011
20427,2,general,118,129.8096948749063
20428,1,general,130,139.87637373569333
20429,1,general,131,164.86692425904056
20430,0,general,280,278.90652832772116
20431,2,general,289,277.230287347824
20432,3,general,781,736.6090478909862
20433,1,general,343,340.5871188940817
20434,1,general,534,532.526436275733
20435,3,general,371,351.4795067667791
20437,1,general,1055,1045.5965195599167
20439,0,infantry_line,203,261.2801951968929
20441,2,infantry_line,337,328.89452490913783
20442,0,infantry_line,225,237.0080007538101
20443,3,infantry_line,223,222.84359891951362
20444,2,infantry_line,408,380.1088409430043
20445,1,infantry_line,419,401.21938663764394
20446,4,infantry_line,880,879.3704333917417
20447,3,infantry_line,681,695.2235845343653
20448,3,infantry_line,638,621.0843601779404
20449,4,infantry_line,493,492.87889360191275
20450,3,infantry_line,532,539.5874805293174
20451,1,general,337,317.44599783290784
20452,4,general,223,217.5263272105709
20453,0,general,75,122.16298933231569
20454,0,general,208,215.57277300690976
20455,1,general,117,125.42227641388361
20456,0,general,140,159.29789603076713
20457,0,general,520,498.96636268062974
20458,3,general,397,368.25832199485393
20459,1,general,176,164.98769823922146
20460,2,general,287,288.69490812594677
20461,3,general,168,174.74115317850863
20462,3,general,124,132.1295498292277
20464,2,general,931,969.2229124378434
20465,1,general,577,556.4273097567652
20466,4,general,828,842.4910774921251
20467,3,general,768,780.178560119598
20468,0,general,589,542.565106213613
20469,1,general,914,907.8824917191064
20470,3,general,719,744.4285460136662
20471,1,infantry_grenadiers,630,587.1862910639724
20472,3,infantry_grenadiers,814,812.352500546999
20473,3,infantry_grenadiers,867,876.4592449209266
20474,4,infantry_grenadiers,877,878.8339830171656
20475,1,infantry_grenadiers,680,687.471457359329
20476,3,infantry_line,215,226.8904290527391
20477,4,infantry_line,259,254.08425023637315
20479,1,infantry_line,164,210.26956187899683
20480,3,infantry_line,313,309.68193914939644
20481,3,infantry_line,267,270.60125570875294
20482,2,infantry_line,186,179.9997752201192
20483,4,infantry_line,266,269.0514327473647
20484,1,infantry_line,362,343.7933335125641
20485,4,infantry_line,314,312.3817574101589
20487,1,infantry_line,618,604.7627329320921
20488,2,infantry_line,433,405.767367228785
20489,4,infantry_line,665,687.7527726127113
20490,0,infantry_line,682,641.2618537968921
20491,3,general,380,401.4925577015996
20492,3,general,297,234.30110476672564
20493,1,general,147,160.22826868856814
20494,2,general,147,153.74177572209396
20495,1,general,96,83.83968529853102
20496,3,general,224,181.20463613045283
20497,3,general,270,291.88119150114596
20498,0,general,115,137.92974511534942
20499,1,general,79,89.57496802111739
20501,0,general,314,368.26927961615877
20502,3,infantry_irregulars,373,391.1784902604645
20503,3,infantry_irregulars,419,473.47362838606773
20504,2,infantry_line,213,228.5808217323678
20505,0,infantry_line,158,185.47471439985907
20506,3,infantry_line,198,210.19595608818287
20510,3,infantry_militia,239,227.3604326538303
20511,4,infantry_militia,185,177.88535744251354
20512,3,infantry_skirmishers,176,212.03243071062545
20513,0,infantry_skirmishers,128,123.04325104619508
20515,4,cavalry_heavy,1230,1246.512383555834
20516,0,general,1027,1063.5941870841216
20517,4,general,1419,1460.539066896737
20518,1,cavalry_standard,857,792.6267122504858
20519,2,cavalry_standard,1081,1043.2332189887857
20520,2,general,943,900.2650001612633
20524,1,artillery_foot,832,859.2732640339515
20528,0,artillery_foot,377,436.6942893095909
20529,0,artillery_foot,377,436.6942893095909
20530,0,artillery_foot,377,436.6942893095909
20531,0,artillery_foot,377,436.6942893095909
20532,0,artillery_foot,377,436.6942893095909
20533,0,artillery_foot,377,436.6942893095909
20534,2,artillery_foot,496,444.81658165612055
20535,2,artillery_foot,496,444.81658165612055
20536,2,artillery_foot,755,683.3569568467888
20537,2,artillery_foot,496,444.81658165612055
20538,2,artillery_foot,496,444.81658165612055
20540,2,artillery_foot,496,444.81658165612055
20541,3,artillery_foot,399,394.6799435951913
20542,3,artillery_foot,399,394.6799435951913
20543,3,artillery_foot,399,394.6799435951913
20544,3,artillery_foot,399,394.6799435951913
20545,3,artillery_foot,399,394.6799435951913
20546,3,artillery_foot,399,394.6799435951913
20547,4,artillery_horse,870,837.1017098011351
20548,4,artillery_horse,870,837.1017098011351
20549,4,artillery_horse,870,837.1017098011351
20550,4,artillery_horse,870,837.1017098011351
20551,4,artillery_horse,870,837.1017098011351
20552,4,artillery_horse,870,837.1017098011351
20553,4,artillery_horse,870,837.1017098011351
20554,1,general,406,386.3329906652481
20555,2,general,359,320.96124418711037
20556,1,general,406,386.3329906652481
20557,4,general,243,271.29846841455605
20558,0,general,741,737.5350692992242
20559,4,general,1,1.0
20560,0,general,281,280.6291229723336
20561,3,general,159,159.7628121189145
20562,1,general,406,386.3329906652481
20565,3,general,420,419.94764927609987
20566,4,general,1063,1133.5228582170976
20567,4,general,1,1.0
20568,1,infantry_grenadiers,254,301.65281887937584
20569,1,infantry_grenadiers,280,301.65281887937584
20570,1,infantry_grenadiers,280,301.65281887937584
20571,1,infantry_grenadiers,280,301.65281887937584
20572,1,infantry_grenadiers,280,301.65281887937584
20573,1,infantry_grenadiers,280,301.65281887937584
20574,1,cavalry_heavy,1400,1329.0147777136167
20575,0,cavalry_heavy,1685,1512.6643822315357
20576,0,cavalry_light,1000,956.1193798014142
20577,0,general,1513,1399.9896998936176
20578,3,general,1448,1343.120052084883
20579,0,general,1191,1209.4894270409143
20580,0,general,1251,1267.14184899471
20581,4,general,825,837.3822743789938
20585,4,general,994,1011.1096245658509
20587,3,infantry_line,486,479.8221184718582
20589,1,infantry_skirmishers,227,255.13335382522297
20590,1,general,919,944.3715039386759
20591,3,general,552,563.0480565311357
20592,3,general,710,712.972035675268
20593,0,infantry_light,840,824.5975288442492
20594,1,infantry_light,622,631.3421726408104
20595,1,infantry_skirmishers,334,361.4471232899491
20596,0,cavalry_light,1990,1895.4934991437817
20597,4,general,1723,1679.224111397582
20598,0,general,1014,1011.9256279197133
20599,4,general,885,864.5484072112249
20601,2,infantry_light,909,895.4271014890554
20605,4,infantry_light,716,725.2356890296261
20606,3,infantry_light,650,676.7788604297075
20607,3,infantry_skirmishers,292,304.7118352323407
20608,1,general,514,560.5936085646628
20609,4,general,950,993.9221853604507
20610,0,general,615,645.4311769113126
20611,1,general,877,897.5381926416342
20612,3,general,260,290.65977877418766
20613,2,general,482,497.76655043980634
20614,2,general,303,357.0448018928022
20615,1,general,279,264.5090303008667
20618,1,infantry_line,402,356.60532257224986
20619,1,infantry_line,611,588.1831244313316
20622,3,infantry_line,744,754.3865261673373
20623,3,cavalry_light,919,924.7018025623439
20624,2,general,1193,1305.3900343901037
20626,2,general,988,1026.1420743028254
20628,2,general,718,746.4360387437077
20630,1,infantry_line,1124,1140.3767849433834
20631,3,infantry_line,645,635.7182607632483
20632,4,general,422,446.35507947111955
20633,2,general,417,444.91217469250444
20634,4,general,643,693.4726840695865
20635,4,general,601,661.9620425170734
20636,2,general,920,823.8326792355807
20638,0,general,382,402.40885123537237
20639,1,general,444,471.7135624975882
20640,3,infantry_light,771,729.8844886418974
20641,4,infantry_line,540,552.2135592275552
20642,0,infantry_line,497,503.3654674392915
20644,0,infantry_line,973,864.7754680862344
20645,3,infantry_line,494,504.9020167739036
20647,4,general,254,291.34349403244414
20648,4,general,311,350.30062806743007
20649,2,general,357,403.0603136684627
20650,3,general,448,448.47695337520975
20651,3,infantry_line,369,395.64863425505837
20652,0,infantry_line,419,437.78084360871776
20653,2,infantry_line,575,553.4579276524667
20654,2,general,246,318.08871099137696
20655,2,general,925,919.2747000422692
20657,3,general,417,409.38221093472333
20658,0,general,1021,1011.4849121758149
20659,2,general,258,260.27099031828163
20660,2,general,666,675.3440310002837
20662,1,general,383,387.85378195155795
20663,2,general,600,623.5527077679286
20664,2,infantry_light,1065,1053.7439710417084
20666,2,infantry_line,683,648.1501316410818
20668,4,infantry_line,791,770.4820829084788
20669,1,infantry_line,488,449.89541723451265
20670,3,infantry_line,376,348.5712705352471
20671,0,general,1212,1125.4297074498945
20672,0,general,770,825.8271568876025
20673,1,general,963,902.5772744774818
20674,0,infantry_line,545,525.5092045196942
20675,1,infantry_line,1095,1016.1852627691693
20676,4,general,1894,1539.4923730298347
20677,3,general,2164,1823.1533796782114
20679,1,infantry_skirmishers,210,255.4090589515882
20680,4,artillery_foot,632,663.1614916867117
20681,4,artillery_foot,632,663.1614916867117
20682,0,artillery_foot,498,506.0239657997362
20683,4,artillery_foot,532,529.030194578983
20684,0,artillery_foot,489,520.1366821160601
20685,1,artillery_foot,771,829.057960175744
20686,2,artillery_foot,718,793.6692535294306
20687,2,artillery_horse,996,988.3374514377306
20688,4,general,694,754.2451702962665
20689,4,general,534,539.5045623359304
20690,2,general,248,272.0711805038387
20691,1,general,415,452.2279226575442
20692,0,general,469,467.2473529290497
20693,4,general,1,1.0
20695,3,general,637,711.2674871896758
20696,3,general,543,552.7493945410037
20697,1,infantry_line,339,358.55687074075973
20698,4,infantry_line,337,344.7601448593319
20699,0,general,446,404.5010518680365
20701,3,general,416,405.5243141842847
20703,2,general,886,849.9731037761754
20704,4,general,240,242.1351831826885
20705,1,general,290,272.6470461950707
20706,1,infantry_light,533,515.9748247443862
20707,3,infantry_light,425,454.5211322934967
20708,1,infantry_line,413,388.994660180188
20709,4,infantry_line,338,311.78424030214165
20711,3,cavalry_light,910,901.2215088015415
20714,4,general,947,1005.1147300022806
20715,0,general,1029,1030.579659057852
20716,0,cavalry_light,1053,1022.9650584049606
20717,4,general,909,938.8784828543346
20720,4,general,570,585.6399635371905
20721,3,general,758,724.5583184260139
20722,4,general,633,642.8785791936091
20723,0,infantry_light,632,583.8447627529342
20725,3,infantry_line,678,669.2160503507466
20726,4,general,101,133.92860210314547
20727,3,general,128,118.60726400783855
20728,3,general,53,48.82057339486284
20729,4,general,271,282.77640074887404
20730,1,general,1413,1409.7821651774711
20731,1,infantry_line,379,343.8569045192871
20732,4,infantry_line,944,940.4479569823685
20733,2,infantry_militia,183,201.37777887754703
20734,1,infantry_militia,111,109.26320948019622
20736,2,general,163,131.33312601289344
20738,4,general,30,55.161489929986516
20739,3,infantry_militia,93,113.9090073077834
20740,1,infantry_militia,101,110.17521455167186
20742,3,general,656,587.9840878765115
20743,0,general,722,754.0589169728012
20746,2,general,721,830.5898964348198
20747,4,general,656,710.1940313891637
20748,0,general,463,437.53713425832643
20749,1,general,323,342.314513563952
20751,3,general,829,757.3479126345629
20752,2,infantry_light,463,499.57161393593816
20753,2,infantry_light,527,531.0785741618045
20754,3,infantry_light,482,528.2036063414486
20755,0,infantry_militia,647,669.1735684802564
20756,4,infantry_skirmishers,841,843.6109328005834
20757,4,infantry_skirmishers,454,431.94583722126833
20759,4,infantry_skirmishers,815,765.2053603948088
20760,0,infantry_skirmishers,767,802.4661959659966
20761,2,infantry_skirmishers,535,522.9661830152702
20762,0,infantry_skirmishers,828,848.3188775985012
20763,4,general,1552,1889.9579437915468
20764,3,general,766,1036.9153415262044
20765,4,general,244,278.51354156492846
20767,3,general,187,205.92384104173584
20768,2,general,1069,1065.964122777035
20769,3,general,769,779.8136781009113
20770,0,infantry_line,276,305.79885931259196
20771,3,infantry_line,881,889.9865490623253
20772,1,infantry_militia,1117,1133.4174817961798
20773,1,infantry_skirmishers,608,616.2664665351767
20777,3,general,786,750.1643058668559
20779,1,general,854,880.8388699488141
20780,2,general,346,332.0037744893565
20781,0,general,405,363.86556112345005
20782,4,general,450,424.0318240569961
20783,2,general,712,664.8108347616364
20784,0,general,298,278.4630698398241
20785,1,general,517,479.25321926309624
20786,1,general,993,936.8127061779461
20787,4,general,1240,1203.3744109701152
20788,3,infantry_grenadiers,411,373.77986966415335
20792,1,infantry_militia,461,443.53032300521147
20793,3,infantry_skirmishers,485,435.7764613656998
20794,2,infantry_skirmishers,403,389.480738572042
20795,3,infantry_skirmishers,1018,1167.5166124883294
20796,4,infantry_skirmishers,386,353.56316341147607
20797,2,infantry_skirmishers,781,646.5622261851221
20798,4,cavalry_standard,854,831.637528212163
20800,1,general,695,690.4619038210421
20802,3,general,1115,1076.2901402186037
20803,2,general,210,234.45291755754334
20804,3,general,55,54.494464421626304
20806,2,general,21,70.61667395667213
20807,2,general,121,131.77249131154542
20808,1,general,116,116.92662502090486
20809,1,general,86,111.62311459266965
20810,4,general,150,199.3678759599741
20811,1,infantry_line,226,269.66098245029707
20813,3,infantry_militia,145,165.3042554139486
20814,2,infantry_skirmishers,135,166.69483548497254
20815,0,infantry_skirmishers,181,188.51691081908083
20816,1,infantry_skirmishers,235,201.04240387530007
20817,1,infantry_skirmishers,85,125.51544785502195
20818,1,general,298,318.61268530922837
20819,0,general,54,43.15950113102487
20820,1,general,83,68.63363857738803
20821,2,general,261,245.69740334226668
20823,2,infantry_militia,130,139.29401382170525
20824,0,infantry_militia,174,215.21565281995692
20826,2,cavalry_light,990,906.7087189599105
20827,0,general,231,179.73143909324386
20828,0,general,861,797.3756430464244
20830,1,general,815,741.8703455555412
20831,1,infantry_skirmishers,358,230.2189671494335
20832,0,infantry_skirmishers,93,143.62589319626719
20833,1,general,449,355.32905221027806
20835,4,general,287,279.5381718781945
20836,1,general,334,231.64522867242104
20837,3,general,415,370.0497276537002
20838,3,general,28,1.0
20840,1,general,546,466.28710125078373
20843,4,infantry_light,540,468.9673897565495
20844,1,infantry_militia,294,289.5735097495425
20845,2,infantry_militia,349,321.59586031529443
20847,0,infantry_skirmishers,370,347.30109962951394
20850,1,artillery_foot,685,686.1793177848652
20851,0,artillery_foot,470,541.9356885409395
20852,3,artillery_foot,726,764.1967206105796
20853,2,artillery_foot,618,550.1184547800613
20854,2,artillery_foot,618,550.1184547800613
20855,4,artillery_horse,1087,1059.1358056973152
20856,2,artillery_horse,561,557.2153848253731
20857,1,general,589,595.5661459122305
20858,4,general,1,1.0
20859,4,general,1,1.0
20860,2,general,73,68.12137388109757
20861,2,general,185,236.14935195850518
20863,3,general,76,64.71011976027356
20864,2,general,185,236.14935195850518
20865,4,general,160,148.30945730050212
20866,2,general,399,379.2915158089144
20869,2,general,349,330.32677528714436
20871,0,general,377,338.9706838639563
20873,1,general,240,220.17599880414676
20876,3,general,198,178.16336443007756
20877,1,general,391,370.9356387355575
20879,1,general,434,429.927128221007
20880,3,infantry_grenadiers,194,430.7549859000305
20881,0,infantry_grenadiers,288,277.8399566349628
20882,0,infantry_light,449,428.76517939917363
20884,1,infantry_light,271,355.31202805530984
20887,0,infantry_light,406,401.33007374587896
20888,3,infantry_light,495,453.04279883712246
20890,0,infantry_line,191,209.19169650968053
20892,0,infantry_line,339,305.9246972745144
20893,3,infantry_line,377,350.9785064158569
20894,1,infantry_line,360,354.94140408548157
20895,3,infantry_line,306,276.2775451626267
20896,3,infantry_militia,127,133.4156926197023
20898,2,infantry_militia,109,131.53098381482008
20900,3,infantry_militia,80,88.49434532804584
20901,1,infantry_militia,146,150.8126981137085
20902,2,general,88,78.66535898325978
20903,2,general,120,205.42822227932083
20904,3,general,199,175.13672198098354
20905,1,general,352,364.7462075825245
20906,0,general,244,253.9957624496577
20907,1,general,206,203.11003754233258
20908,1,infantry_line,210,207.12192324410026
20909,0,infantry_line,315,301.6959092678421
20911,0,infantry_militia,128,142.49954236543869
20912,3,infantry_militia,146,150.2235083683955
20913,0,infantry_militia,157,174.72009287714096
20915,1,general,119,293.5908842618765
20916,4,general,243,227.20604384306367
20917,0,general,112,110.28400581528759
20918,0,general,524,403.7245394157591
20919,1,general,291,391.3286762447093
20920,3,general,76,68.57308034249219
20921,1,general,119,125.18906622184318
20922,1,general,205,230.9659272118289
20923,2,general,394,432.80961836449603
20924,0,general,221,199.51292558421713
20925,0,general,351,414.16731543212813
20926,4,general,438,359.59770540754135
20927,4,general,340,329.5291446947454
20928,0,general,196,175.6746133709506
20929,3,general,211,210.54042219052164
20930,1,general,236,213.69636625879096
20931,3,infantry_grenadiers,191,439.5595755403829
20932,3,infantry_grenadiers,365,548.8700175820426
20933,1,infantry_grenadiers,447,462.40572570476417
20934,4,infantry_grenadiers,221,221.1682605769761
20935,1,infantry_grenadiers,230,242.06973903577983
20936,0,infantry_irregulars,300,266.33349454472597
20938,0,infantry_line,188,167.2231206625519
20939,3,infantry_line,255,286.1467002749068
20940,2,infantry_line,179,169.64877435829746
20943,0,infantry_line,335,345.0335692963618
20944,0,infantry_line,391,337.7467132599814
20945,1,infantry_line,305,268.9053406541762
20947,0,infantry_line,447,428.30394856284664
20949,3,infantry_militia,104,102.18114456623927
20950,1,infantry_militia,127,132.8954913166679
20951,3,infantry_skirmishers,341,284.3796032818731
20952,2,general,288,278.2308377018272
20953,2,general,154,165.85154402584715
20954,1,general,195,202.13700633645553
20955,2,general,275,272.34605343919065
20956,3,general,167,142.07276621218793
20957,3,general,215,211.85465124967178
20958,4,general,344,275.4460018096433
20959,4,general,179,190.04000973271516
20961,0,general,657,650.430520105341
20963,3,general,801,824.35915601713
20964,4,general,776,769.2950210502863
20965,3,general,332,334.43165742164956
20966,3,general,495,451.64343061633303
20968,2,general,1008,1013.0531935735997
20969,2,general,591,559.1784219291993
20970,4,infantry_grenadiers,405,358.7652780379692
20971,1,infantry_irregulars,566,474.4542893461328
20972,3,infantry_light,386,383.32829092794105
20973,3,infantry_light,363,379.75200554172545
20974,4,infantry_light,363,351.73046141526737
20977,4,infantry_line,257,261.609261610002
20978,2,infantry_line,322,309.9250798716412
20979,0,infantry_line,243,239.95285663957068
20980,4,infantry_line,258,256.19286492009115
20982,3,infantry_line,925,942.1668198162174
20984,4,infantry_line,504,482.01918854269513
20985,1,infantry_line,241,206.32907941498362
20986,1,infantry_line,441,431.3798576403771
20987,0,infantry_line,713,709.4386993631464
20988,1,infantry_militia,320,252.99795701050942
20989,4,infantry_militia,133,136.68286102066665
20990,0,infantry_militia,82,93.6076766561269
20991,2,infantry_militia,155,167.3691691213096
20992,0,infantry_militia,111,116.60962549425186
20994,3,infantry_militia,235,218.32939705550496
20995,1,general,111,110.92495343597737
20996,3,general,598,586.5583071007675
20997,3,general,343,260.046160249437
20998,3,general,60,47.64416638719419
20999,1,general,150,145.69494973343828
21000,3,general,187,174.42223696366867
21001,0,general,121,117.95507778614822
21003,0,general,208,204.91069700533697
21004,3,general,114,121.00158198217459
21005,4,general,392,396.1602133902771
21006,0,general,1176,1193.2369252368624
21008,2,general,939,972.7172404515923
21009,4,general,800,788.8216076343981
21010,0,general,476,397.66223623485996
21011,2,general,460,419.1365287917077
21012,2,infantry_grenadiers,290,267.4799349129608
21013,2,infantry_grenadiers,398,374.3149036747617
21014,0,infantry_light,258,244.06615612801235
21015,2,infantry_light,271,269.6540110079521
21016,0,infantry_light,510,459.116353041188
21019,0,infantry_line,184,167.2155396108822
21020,0,infantry_line,236,246.50056502316033
21021,2,infantry_line,231,228.7938101806881
21022,3,infantry_line,375,388.2677926750122
21023,0,infantry_line,858,841.6685817459813
21024,1,infantry_line,367,355.50211111395845
21025,4,infantry_line,652,660.8918582421844
21027,2,infantry_line,438,425.98016261248796
21028,2,infantry_line,1063,1097.0835165953058
21029,0,infantry_militia,176,188.14453341720804
21030,0,infantry_militia,213,212.748172441337
21031,1,infantry_militia,150,164.52282069965545
21032,2,infantry_militia,97,121.72076979577926
21033,3,infantry_militia,302,273.4657008497944
21034,0,infantry_militia,170,184.62218642677325
21035,4,infantry_militia,122,133.30590690206986
21036,1,infantry_militia,116,110.93990982928383
21037,2,infantry_militia,370,339.12676351438733
21038,4,infantry_militia,88,94.29950863568492
21040,4,general,239,234.2486026977864
21041,1,general,121,118.21437691649666
21042,3,general,237,245.90686766401606
21043,2,general,397,386.89750467850064
21044,0,general,217,203.737033522787
21045,1,general,220,200.61134194424682
21047,3,general,250,258.2193409938819
21048,3,general,396,288.91864213920167
21049,3,general,207,210.94644260742032
21050,3,general,264,231.57135803283785
21051,0,general,590,596.0991230133997
21052,3,general,161,146.92636075117292
21053,1,general,731,650.8365101277617
21054,0,general,475,437.35238695271966
21055,4,infantry_grenadiers,474,418.92852265529086
21056,3,infantry_irregulars,510,366.51382749706204
21057,4,infantry_irregulars,179,230.85835978614017
21058,3,infantry_light,326,313.7108615394752
21059,1,infantry_light,371,372.6477804835214
21060,0,infantry_light,781,687.2818635916568
21063,4,infantry_line,309,308.5324303865094
21064,2,infantry_line,266,246.75250840897175
21065,4,infantry_line,508,499.6690924885586
21066,1,infantry_militia,91,95.76471995479032
21067,4,infantry_militia,104,111.649257055631
21068,0,infantry_militia,154,191.08368041078074
21069,3,infantry_militia,136,148.49252939742001
21070,4,infantry_militia,221,212.7731765920005
21071,1,infantry_militia,88,103.72017861996355
21072,4,infantry_militia,187,189.05159353238372
21073,1,cavalry_heavy,1019,1043.3723240974355
21074,3,general,71,129.01179902838382
21075,4,general,884,885.7557582845336
21076,1,infantry_line,139,192.68415956124088
21077,2,infantry_militia,331,294.82071364788874
21078,1,infantry_militia,175,168.5430678465615
21079,2,infantry_militia,80,104.64991077775295
21080,2,infantry_militia,267,258.75723951621666
21084,2,general,388,358.63054354292575
21087,3,cavalry_heavy,1130,1152.8437843646316
21089,4,cavalry_heavy,1115,1085.107303701677
21090,0,cavalry_heavy,512,550.6134134499249
21091,4,cavalry_heavy,936,896.7007236126506
21092,4,cavalry_heavy,1180,1086.9028781050094
21093,0,cavalry_heavy,648,671.7435397223669
21094,1,cavalry_standard,778,711.901864900681
21095,2,general,721,705.064332689674
21096,2,general,499,528.7739450754816
21098,3,general,759,743.05010291417
21099,3,general,720,672.4143281359156
21100,4,general,368,420.8844494438769
21101,1,general,511,545.3151392142357
21104,0,cavalry_light,284,294.6743253611717
21105,4,cavalry_light,357,350.49818818136566
21106,2,cavalry_light,309,319.0814105440685
21107,4,cavalry_standard,379,346.8768593095872
21108,1,cavalry_standard,451,423.5936572966668
21109,4,cavalry_standard,498,504.9262733148436
21110,0,general,159,188.05985748670182
21112,0,general,268,275.39385477186227
21113,2,general,169,209.9548101717711
21114,2,general,255,262.88888650167485
21115,3,general,407,415.3023065513537
21117,2,cavalry_light,275,278.90882202505304
21118,3,cavalry_light,282,271.8389141681441
21119,2,cavalry_light,366,375.32616147771876
21122,2,general,248,266.84073358629
21123,2,general,388,358.63054354292575
21125,2,general,152,178.78266988559506
21126,0,artillery_foot,632,572.3269144818273
21127,3,artillery_foot,857,797.5668955153834
21128,2,artillery_foot,450,470.80501800094106
21129,0,artillery_foot,244,257.6624334809963
21130,4,artillery_foot,247,245.38415461725506
21131,0,artillery_foot,244,257.6624334809963
21132,1,artillery_foot,507,500.16847338605606
21133,1,artillery_foot,451,506.6818051241684
21134,0,artillery_foot,661,741.8668378377876
21135,2,artillery_foot,393,458.004707239764
21136,1,artillery_foot,451,506.6818051241684
21137,4,artillery_foot,303,326.3805622520364
21138,0,artillery_foot,310,342.4832670036241
21140,0,artillery_horse,768,777.1555823135772
21141,3,artillery_horse,815,787.6748541178507
21143,4,general,1,1.0
21144,3,general,180,212.35047897780103
21145,4,general,817,818.6995223551321
21146,3,general,681,736.2530015722608
21147,3,general,177,177.02521564754505
21148,0,general,312,311.49734112595166
21150,3,general,177,177.02521564754505
21152,1,general,988,1094.4575987926405
21153,1,general,775,742.6123954478891
21154,4,infantry_grenadiers,272,268.1175082396951
21155,3,infantry_grenadiers,315,306.0950304615661
21156,4,infantry_grenadiers,275,208.07919123200824
21161,0,general,332,336.22846281112436
21162,0,general,322,370.16917418366
21163,2,general,226,283.7522183824347
21164,1,general,276,271.7998869248299
21166,2,general,751,728.0448928895129
21167,1,general,391,405.59260450937984
21168,0,general,519,496.82807502909765
21169,2,general,1028,997.4847498123517
21170,1,general,1014,1010.5223463301231
21172,2,general,186,207.7595235120565
21173,4,general,559,547.6097967771293
21174,0,general,417,431.9286868573363
21175,0,general,582,586.0066924052215
21177,2,infantry_grenadiers,432,422.61744347695213
21179,3,infantry_light,381,370.4331763217796
21180,1,infantry_light,314,319.1427053124973
21184,2,infantry_light,790,800.2820306913083
21185,2,infantry_line,1133,1129.6982869511617
21186,0,infantry_line,1082,1070.0157441843114
21188,0,infantry_line,373,375.9967980019751
21189,2,infantry_line,243,255.6066957946735
21190,0,infantry_line,293,300.47699664396697
21192,2,cavalry_light,431,430.7713212064059
21193,4,cavalry_light,308,315.5599926440759
21194,3,cavalry_light,258,258.10621760913705
21195,0,general,128,145.184832881352
21197,2,general,241,245.67567418765032
21198,0,general,580,615.718296444455
21199,0,general,393,397.6979465254629
21200,3,general,200,209.24824533867212
21201,4,general,361,349.2985250672074
21203,0,infantry_line,387,381.53917274101514
21204,1,infantry_line,336,335.2742380722064
21205,4,infantry_line,294,298.540090322246
21206,2,general,302,307.842093796938
21207,4,general,250,232.68482930908817
21208,0,general,306,304.43706743768325
21209,4,general,168,168.64929273400034
21210,3,general,420,414.64000236385147
21211,0,general,210,201.70713775880043
21212,3,infantry_light,272,263.4413413042721
21213,1,infantry_light,502,506.074327735666
21214,3,infantry_line,304,294.5500746307766
21215,2,infantry_line,400,402.4940686749111
21216,1,infantry_line,401,388.21502340414446
21217,0,infantry_line,360,353.98811328632087
21218,2,infantry_skirmishers,216,221.8575551340686
21220,1,general,183,200.78657043506388
21221,2,general,251,236.68380857618217
21222,4,general,604,594.5125896121244
21223,3,infantry_grenadiers,245,282.3822991567516
21224,0,infantry_line,267,263.5109458802473
21225,3,infantry_line,277,285.7915691593227
21226,1,infantry_line,558,549.3110558116795
21227,0,infantry_line,348,325.0883340358962
21228,2,artillery_foot,518,509.7441128493637
21229,0,general,383,380.84638600132064
21230,0,general,141,147.27088546202057
21231,1,general,241,245.03007681595219
21232,3,general,100,106.19177299226298
21233,1,infantry_line,195,198.00969197766253
21234,2,infantry_line,197,195.4096836494067
21236,3,general,118,131.78644763489274
21237,1,general,128,157.1048458257511
21238,4,general,178,198.5367648714576
21239,1,general,860,876.2299314368415
21240,0,general,443,466.86727320971465
21243,4,general,998,1005.2916233688221
21244,2,infantry_light,175,191.8030343127203
21245,3,infantry_line,175,199.73986688944322
21246,4,infantry_line,174,198.05891932047498
21247,3,infantry_line,499,522.395985651506
21248,1,infantry_line,724,753.4595695003017
21249,2,infantry_line,409,414.7599401252273
21250,4,infantry_militia,204,207.93171710944392
21252,3,cavalry_light,297,245.48419259809697
21254,1,general,216,208.69148374155986
21255,3,general,269,266.6603416355816
21257,2,general,177,183.1825624923056
21258,0,general,61,44.64210195324884
21259,4,general,242,241.60258922309174
21260,0,general,286,298.34594479965415
21261,4,general,203,202.5102871070988
21262,3,general,645,632.1553703585449
21263,3,infantry_grenadiers,231,217.93571670338696
21264,4,infantry_light,244,243.65011731663063
21265,4,infantry_light,207,209.86237176112863
21266,1,infantry_line,253,247.16083665926578
21267,3,infantry_line,248,256.97539915945487
21268,4,infantry_line,310,297.420867555484
21269,3,infantry_line,561,558.582641768639
21273,1,infantry_militia,149,138.86828806836257
21274,1,infantry_militia,174,158.6428829830418
21275,3,infantry_skirmishers,191,190.70342546409876
21276,3,infantry_skirmishers,163,183.24457766591806
21278,0,artillery_foot,817,787.2903567632492
21280,2,general,191,202.8566059986617
21281,4,general,348,318.1641309817139
21282,1,general,147,179.41504486776904
21283,2,infantry_line,238,252.62170437520362
21284,3,infantry_line,240,262.3639067223386
21285,3,general,72,130.25076865474637
21286,2,general,142,170.2515918377303
21287,1,general,100,119.42051003256742
21288,1,infantry_line,114,176.01863080428672
21290,4,infantry_line,167,179.2028071591317
21291,0,general,536,543.0614438676431
21292,2,general,557,550.554768856453
21293,1,infantry_light,611,599.9390841466442
21294,1,infantry_light,517,499.0305178640984
21296,1,general,168,185.6800806995386
21297,2,general,514,509.9416974857205
21298,1,general,350,369.4677191051076
21299,4,general,724,709.6604762248794
21300,0,infantry_line,207,228.62735634712692
21301,1,infantry_line,99,124.72663494843675
21302,0,infantry_line,429,424.6404653121805
21303,2,infantry_line,446,462.4253281537486
21304,0,infantry_line,658,646.1400811726397
21305,4,infantry_militia,165,150.42404577517098
21306,0,infantry_militia,89,99.14391653024208
21307,0,infantry_militia,125,139.25855192243012
21308,4,infantry_militia,135,144.51633670971506
21310,4,cavalry_standard,727,663.9964601645935
21311,3,general,286,324.7522656531601
21313,4,general,367,369.10796367321365
21314,2,general,59,57.1445964087211
21315,1,general,226,276.16031982487004
21316,3,general,673,670.6542727700557
21317,1,general,870,894.4769389488729
21318,1,general,227,209.2152755493375
21320,3,general,581,531.1139469153891
21322,3,infantry_grenadiers,466,483.8084128997192
21323,2,infantry_line,329,299.87879090834895
21324,3,infantry_line,581,588.3375075476721
21325,3,infantry_line,663,675.1034106250947
21326,2,infantry_militia,138,145.33166669462105
21327,1,infantry_skirmishers,342,355.01201408524304
21329,3,cavalry_standard,317,318.76169603166596
21330,4,general,39,40.11419164801308
21333,4,infantry_militia,161,179.55647074702003
21334,2,infantry_militia,79,97.73881644442744
21335,1,infantry_militia,95,121.99560839914251
21336,1,cavalry_light,477,442.7513138283905
21337,1,cavalry_light,425,451.4422129454766
21338,0,general,29,30.135035900333335
21339,1,general,308,348.1407942844484
21340,2,general,352,335.81862208715756
21341,4,infantry_militia,88,57.872850122543916
21344,4,infantry_skirmishers,472,321.60305464032893
21347,0,general,64,133.41399495793527
21348,4,general,198,196.0429851692107
21349,2,general,322,329.45128430664056
21350,4,infantry_light,205,244.2838043949348
21351,0,infantry_line,97,130.3929291198635
21352,2,infantry_line,94,134.6805990201353
21353,3,infantry_line,260,253.79519148235883
21354,2,infantry_line,389,395.69130379178324
21355,4,infantry_militia,108,106.63699416658544
21356,2,infantry_militia,93,90.62904070338982
21357,0,infantry_militia,118,124.87534361107737
21358,2,general,441,466.3486438571815
21361,1,infantry_line,545,562.642071418228
21363,4,artillery_foot,342,346.19492882010724
21364,0,general,192,174.46891040118476
21365,1,general,941,1009.7263557879659
21366,4,general,686,677.041442524549
21367,3,general,466,439.71026492016944
21368,0,general,270,266.5613448451725
21369,4,general,1336,1134.3777451094531
21370,2,infantry_light,796,798.6961469251754
21371,4,infantry_light,969,989.5643009143358
21372,0,infantry_light,506,491.501956903359
21373,4,infantry_line,335,320.6557761627971
21375,0,infantry_militia,51,63.11338825909058
21377,3,general,208,206.04796191881073
21379,4,general,309,300.1535377191882
21380,1,general,261,247.4442723297678
21381,0,infantry_grenadiers,196,193.58804863004084
21382,0,infantry_line,271,257.8506901165875
21384,1,infantry_line,367,350.86159120295844
21385,1,infantry_line,323,296.7672488569014
21388,0,cavalry_heavy,1718,1622.3749170470217
21389,2,cavalry_heavy,941,923.5220657597536
21390,1,cavalry_heavy,1311,1224.7110634948428
21391,0,cavalry_heavy,1363,1016.8284895140624
21392,1,cavalry_lancers,401,360.7801077720884
21394,4,cavalry_light,318,350.83319841458695
21395,1,cavalry_standard,359,337.2619338287152
21396,0,general,363,334.5136420234389
21397,1,general,770,762.6734406684282
21399,2,general,1315,1316.6898007452075
21400,1,general,277,285.79409431260706
21401,0,general,1277,966.0548324825274
21402,3,general,224,266.29807260144423
21403,2,general,278,318.35318773534044
21404,2,general,1698,1670.9500207013848
21405,1,cavalry_heavy,984,931.2423985093267
21406,0,cavalry_light,998,977.3994726198875
21407,2,cavalry_light,1073,1053.0317615929507
21408,3,cavalry_light,190,208.687543190809
21409,2,cavalry_light,268,284.8629382214536
21410,3,cavalry_light,553,522.7608284586768
21411,2,cavalry_standard,416,427.8407207088674
21413,4,general,80,107.4515014465315
21414,0,general,859,828.4218221441623
21415,1,general,866,861.5836978571178
21416,0,general,1002,1022.2786114119277
21417,4,general,298,309.4097251869564
21418,4,cavalry_heavy,846,787.1648261998417
21419,0,cavalry_heavy,965,903.4803870200946
21420,2,cavalry_heavy,1632,1709.41063317051
21421,4,cavalry_light,410,406.88946481457594
21422,1,cavalry_light,294,310.1943725863389
21423,0,cavalry_light,985,952.1563165887613
21424,2,cavalry_standard,419,441.8941226848935
21425,0,general,853,830.3051445832849
21427,1,general,796,797.0020051071563
21428,2,artillery_horse,592,588.420886518311
21430,2,general,207,208.74325345753925
21432,4,infantry_militia,62,73.67533803521279
21433,1,artillery_foot,33,71.76914868834649
21434,0,general,705,685.4398708963896
21435,2,general,986,901.0354996287998
21437,1,general,180,179.6428343675944
21438,0,infantry_militia,132,160.73037666719657
21439,2,infantry_skirmishers,160,165.75572723526707
21440,3,cavalry_light,231,226.68371585428736
21441,1,general,154,216.4509641655713
21443,2,artillery_foot,255,271.5356861609198
21444,1,artillery_foot,285,270.472297044098
21446,2,artillery_foot,867,754.5487802940439
21447,4,artillery_foot,356,336.53871248217035
21448,0,artillery_foot,244,246.95236974232307
21449,1,artillery_foot,476,484.88803504943627
21450,4,artillery_foot,312,314.04147659351025
21451,0,artillery_horse,348,357.5764917764827
21452,1,general,341,364.58267924858217
21453,1,general,1746,1100.128777454301
21454,2,general,163,190.17425719828128
21457,0,general,230,251.15303345508937
21459,0,general,146,176.63502351279118
21460,3,general,250,165.35572342985645
21461,1,infantry_grenadiers,244,236.46766221467303
21462,2,infantry_grenadiers,235,247.26241495713452
21463,3,infantry_grenadiers,283,269.6438216214595
21464,4,infantry_skirmishers,216,204.0284962214974
21466,1,cavalry_light,543,536.317430490019
21467,3,cavalry_standard,664,682.6219423777195
21468,4,general,399,591.783721235016
21469,2,general,441,395.54767007465574
21470,4,general,684,665.5683775914665
21472,3,infantry_line,725,731.6801592077634
21473,0,infantry_line,612,622.0515979885084
21474,1,infantry_militia,373,366.4904625326748
21475,1,infantry_militia,350,323.96328780548737
21476,2,general,591,584.7240582779231
21478,4,infantry_light,922,949.9130892092451
21479,4,infantry_light,829,869.9464902608495
21480,1,infantry_line,539,557.2760941183866
21481,2,infantry_militia,201,212.31039584663094
21482,3,infantry_militia,179,171.49033255458423
21483,0,infantry_militia,324,288.77940606312836
21484,0,infantry_militia,242,213.05118480583815
21485,3,infantry_skirmishers,249,253.98593437624893
21486,0,cavalry_light,326,347.1689532029106
21487,3,general,183,129.03131000756727
21488,2,infantry_light,252,259.1971384536207
21489,4,infantry_light,262,298.7483951002424
21490,2,infantry_line,868,899.8597427565616
21491,1,infantry_militia,183,191.36908545462043
21495,1,cavalry_missile,880,1152.4495578223093
21496,0,general,618,636.6511866381679
21497,3,general,975,988.7262429676763
21498,0,general,1098,1106.1365402534734
21500,2,infantry_line,873,896.1124733889565
21502,4,infantry_militia,321,295.5394016302056
21503,3,infantry_militia,223,180.02936027282328
21504,1,general,602,521.0940547338201
21505,2,general,1018,918.1441784941702
21506,1,infantry_grenadiers,1360,1367.7812613805752
21507,0,infantry_line,644,619.7683253041803
21508,3,infantry_line,868,894.9781286578279
21509,2,infantry_line,840,834.9921528820308
21511,1,infantry_line,406,380.7865579799457
21512,0,infantry_grenadiers,672,684.5481111178976
21513,4,infantry_line,498,479.33385409762207
21514,1,infantry_line,474,474.13968222444146
21515,0,infantry_line,526,515.7073133124447
21516,3,infantry_skirmishers,300,279.57252407345516
21518,3,infantry_skirmishers,716,706.4271974454078
21519,0,general,225,191.95011430780727
21521,2,infantry_skirmishers,167,183.80745845328474
21522,3,infantry_skirmishers,263,224.00769954205478
21523,2,infantry_skirmishers,483,713.9349584147191
21525,2,infantry_line,538,554.7752560068869
21527,0,infantry_militia,389,373.4935767844052
21528,2,artillery_foot,453,412.01098106400383
21529,1,general,440,363.498410722901
21531,2,general,458,418.3803237892696
21532,3,general,616,586.6264492797247
21534,2,infantry_line,376,379.19296915414185
21535,2,infantry_line,495,502.0137421762467
21536,3,infantry_line,740,757.5520202039061
21537,4,infantry_line,564,570.6812468509876
21538,3,infantry_line,633,609.1044913788656
21539,2,infantry_militia,302,333.0545893337348
21541,1,infantry_line,496,481.6824695928422
21542,3,infantry_line,460,454.3151687784502
21543,4,cavalry_light,317,275.53874398479155
21544,2,general,646,758.6686855103565
21545,2,general,442,385.258503236549
21546,2,general,351,269.000445973736
21547,2,infantry_militia,422,429.76207759499164
21548,3,infantry_militia,371,366.481039612717
21549,4,infantry_skirmishers,584,549.582047374744
21550,0,artillery_foot,607,664.4561376377782
21551,4,cavalry_heavy,1345,1314.9272515986506
21552,1,cavalry_light,1563,1423.3538937771352
21553,0,infantry_line,1007,947.5525579791549
21554,2,infantry_militia,82,145.35855498954675
21555,2,infantry_skirmishers,281,291.12984896758326
21557,1,general,276,209.02164129584122
21558,0,general,383,377.5707308302128
21559,1,infantry_light,397,377.3395922648284
21560,3,general,367,357.388233142541
21561,1,infantry_light,443,426.6521058977195
21562,4,infantry_militia,117,126.88520477597011
21563,3,cavalry_missile,472,517.087290804984
21565,0,infantry_skirmishers,683,627.7405442328651
21566,3,infantry_skirmishers,1011,1314.4871794752141
21567,0,general,370,649.1046116089149
21568,1,infantry_skirmishers,364,614.464851529522
21569,4,infantry_skirmishers,398,309.82929166559427
21571,4,infantry_skirmishers,662,535.2373324192245
21572,1,artillery_fixed,496,583.8225545086055
21573,4,artillery_fixed,1387,1600.0917733175465
21574,3,artillery_foot,705,663.166067532839
21579,3,general,228,228.29441212122515
21580,1,general,820,816.5893780137959
21581,3,general,551,482.54309235534424
21582,2,general,601,599.8760686489824
21584,2,general,326,334.54321940671537
21585,3,general,309,305.09539886556644
21586,3,general,228,236.44032168655497
21587,2,general,345,355.743571392408
21588,1,general,374,372.29835646318566
21589,2,general,236,227.59380809598227
21591,2,general,532,528.4384059631791
21592,2,general,196,208.42319291454345
21594,1,general,458,451.99222996420485
21596,4,general,264,270.23655177550677
21597,1,general,664,688.8933589837065
21598,3,general,792,772.2785602378051
21600,3,general,762,743.2547266310477
21601,2,general,498,501.19482345703955
21602,3,general,343,345.0060037910602
21603,1,general,294,292.0995547548892
21604,1,general,877,903.8394113118717
21605,2,general,348,331.3267690606249
21607,1,infantry_grenadiers,504,514.2983211402407
21608,1,infantry_grenadiers,659,689.9710886636193
21609,1,infantry_line,487,493.26406263593816
21610,2,infantry_line,288,297.9450531611298
21611,2,infantry_line,336,333.4136635144702
21612,1,infantry_line,317,313.7713951560604
21613,2,infantry_line,477,479.00259678837205
21614,4,infantry_line,381,380.29502476029285
21615,2,infantry_line,377,393.98983225335786
21616,3,infantry_line,253,270.43517932005193
21618,2,infantry_line,369,360.4577231682884
21619,1,infantry_line,848,845.4515784958356
21620,4,infantry_line,706,692.1839834359434
21621,2,infantry_line,368,366.15688892436106
21623,1,infantry_line,716,755.6169045459643
21626,4,general,426,390.2202769701338
21627,0,general,221,207.8930515667231
21628,3,general,266,275.9361099004165
21629,0,general,362,370.5872056079403
21630,2,general,252,268.90630017627944
21631,2,general,198,202.00127910370253
21632,1,general,178,180.23455070709176
21633,4,general,164,177.80418784941008
21634,4,general,377,373.233572464758
21635,3,general,181,193.0481529191077
21636,2,general,321,308.53042149569393
21637,0,general,407,383.5945594471325
21638,4,general,297,287.1293416192032
21640,3,general,246,243.55278649221128
21642,3,general,592,587.2408603632224
21644,4,general,500,482.5672425710823
21645,2,general,318,319.19580801011386
21646,2,general,805,798.4357727407787
21647,2,infantry_grenadiers,720,704.0373691908874
21648,1,infantry_grenadiers,1036,1035.0819625822592
21649,4,infantry_line,237,240.36122568661617
21651,3,infantry_line,238,249.13648768676015
21652,0,infantry_line,265,275.5969079804016
21654,0,infantry_line,348,353.7379522626349
21655,0,infantry_line,477,455.53042941318597
21656,0,infantry_line,285,282.9105458992215
21657,0,infantry_line,235,258.65308400645824
21658,4,infantry_line,375,376.1783943668548
21659,0,infantry_line,376,370.565165332881
21660,2,infantry_line,480,480.5961546288249
21661,4,infantry_line,300,302.331036019961
21662,0,infantry_line,260,276.07238466068935
21663,2,infantry_line,701,708.0547255689473
21664,1,infantry_line,429,419.6864571287125
21665,2,infantry_line,422,402.2629044497477
21668,2,general,543,496.62118815423213
21669,2,general,237,218.96979693750404
21670,1,general,335,302.85246623828493
21671,2,general,341,317.7203164035588
21672,4,general,383,375.1175139307893
21673,0,general,196,179.82872440795353
21674,0,general,214,219.09980412912796
21675,1,general,492,431.40931281675955
21676,1,general,228,211.3714225668211
21677,3,general,297,290.3399066256098
21678,3,general,237,194.06926584865778
21679,2,general,402,370.36574419627186
21680,1,general,404,349.3644661315422
21682,0,general,569,546.1773150306495
21683,4,infantry_grenadiers,549,494.54121292679224
21685,1,infantry_light,386,393.0304525561708
21686,3,infantry_light,450,432.9533705920868
21687,1,infantry_light,330,326.93061729470384
21688,0,infantry_light,362,385.0464656182636
21689,2,infantry_light,298,280.8379604044443
21691,2,infantry_light,322,322.5989371688541
21692,3,infantry_light,376,378.11379175168145
21693,0,infantry_light,322,333.7392875359534
21694,0,infantry_light,598,571.9487279656737
21696,0,infantry_light,355,364.6853335289344
21697,1,infantry_light,338,326.97914645216815
21698,4,infantry_light,458,424.5908731743385
21699,1,infantry_light,629,631.2748758864589
21700,2,general,319,316.9414530984514
21702,1,infantry_grenadiers,331,312.873849803458
21704,0,infantry_grenadiers,287,279.52038897715346
21705,2,cavalry_light,1193,1134.4789655505867
21706,0,cavalry_standard,546,576.1444132988538
21707,1,cavalry_standard,1035,1020.6446052864776
21708,1,general,1022,967.3191403660426
21709,1,general,408,430.7660349673631
21710,3,general,1104,1036.8652082081603
21711,2,cavalry_lancers,455,452.3633394038061
21712,3,cavalry_lancers,564,564.8017424508911
21713,4,general,320,330.39425769591014
21714,0,general,470,464.3988097703878
21715,3,general,353,347.54902399654736
21717,0,general,354,361.1339525957054
21718,4,general,308,311.5544130192823
21719,3,general,202,196.69032525397995
21720,1,general,467,456.75437928621
21721,0,general,572,534.1653367454021
21722,2,general,146,165.89023076411783
21723,3,general,297,319.3420042968472
21724,2,general,349,322.74807800488986
21727,1,general,237,242.06791369822915
21728,3,general,152,164.7549549514996
21729,4,general,253,256.3032193850177
21731,2,general,264,266.8939173806817
21732,0,general,578,542.1270355849781
21733,1,general,310,312.83018104639996
21734,3,general,399,379.1888734552725
21735,0,infantry_light,541,522.4279996818242
21736,2,infantry_line,409,386.20919070321423
21737,4,infantry_line,469,460.8724151262172
21738,3,infantry_line,299,293.0946057448694
21739,4,infantry_line,459,462.7227834051598
21740,4,infantry_line,310,305.3781591395602
21741,4,infantry_line,308,314.5830060090593
21742,4,infantry_line,371,377.7578267299718
21743,2,infantry_line,208,219.87727648334288
21744,1,infantry_line,283,256.23780978283753
21746,4,infantry_line,391,389.6814681175382
21747,3,infantry_line,240,251.97984080119912
21748,3,infantry_line,328,319.4109419025687
21750,4,infantry_line,500,490.37319635240675
21752,4,infantry_line,398,387.927034922657
21753,4,infantry_line,455,436.0442266677359
21754,2,infantry_line,372,375.8559475152192
21755,2,general,190,201.11111434035374
21756,0,general,266,257.28827756321164
21757,0,general,591,576.0725981488409
21758,0,general,264,265.3045917279994
21759,1,general,274,259.7713350678322
21760,1,general,440,409.0410314950208
21761,1,general,187,199.55152744425632
21762,3,general,402,419.5529965863495
21763,1,general,347,317.77923238618115
21765,0,general,610,602.6571150542292
21766,2,general,203,207.8170790442768
21767,0,general,409,418.4999268254655
21768,0,general,133,113.46213677727758
21769,0,general,283,272.0851650155005
21770,3,general,341,330.1580490686722
21771,2,infantry_grenadiers,311,362.366590387424
21773,1,infantry_line,380,385.5531386952359
21774,3,infantry_line,393,406.0651870116466
21775,1,infantry_line,284,299.16445454018964
21776,1,infantry_line,325,323.51701085037445
21777,0,infantry_line,275,261.87056222953026
21779,2,infantry_line,284,300.86960928235567
21780,3,infantry_line,331,307.73409665210045
21781,2,infantry_line,302,304.1264583915151
21782,4,infantry_line,317,328.54249594401244
21783,2,infantry_line,205,211.88389042468552
21784,4,infantry_line,506,510.9036138873629
21785,3,infantry_line,247,261.5435277461941
21786,0,infantry_line,306,321.30083518683534
21787,0,infantry_line,517,525.9515912700531
21788,3,infantry_line,238,207.27705487019685
21789,4,infantry_line,447,428.1525601132878
21792,4,general,529,446.6464498562181
21793,0,general,354,340.8293332770621
21794,0,general,566,533.6706019953662
21795,3,general,302,315.0361068309704
21797,2,general,439,426.19401392697125
21798,4,general,456,425.71349314863994
21799,3,general,365,317.0925880133707
21800,2,general,377,324.5797383246033
21802,2,general,354,347.6266825862802
21803,2,general,251,262.1897016587685
21804,4,general,503,495.6236010581945
21805,3,general,618,611.3648570113207
21807,4,infantry_grenadiers,265,269.2258544413666
21808,1,infantry_grenadiers,246,250.97886943315655
21810,4,infantry_grenadiers,324,315.3686063747573
21812,4,infantry_light,468,444.93664071318875
21813,4,infantry_light,355,329.56949137125287
21814,4,infantry_light,468,461.7699819434238
21816,3,infantry_light,358,376.9254356389066
21818,4,infantry_light,341,323.73296750587
21819,1,infantry_light,501,458.4868670116605
21820,4,infantry_light,554,539.5324030156216
21821,0,infantry_light,314,299.93455303336225
21822,0,infantry_light,470,465.0491561835272
21823,3,infantry_light,523,539.2265094467263
21824,3,infantry_light,324,306.55263989867177
21825,0,infantry_light,563,582.8307604859788
21826,2,infantry_light,323,316.7987003314003
21828,3,general,502,490.38431531966216
21829,3,general,137,151.22469421243144
21830,1,infantry_grenadiers,247,248.14626633745897
21832,3,cavalry_standard,482,505.7913463038818
21833,2,cavalry_standard,523,543.9329335500042
21835,1,general,435,445.91556448688453
21836,0,cavalry_lancers,391,385.24971063355923
21838,3,cavalry_heavy,1991,1978.7158098021464
21839,4,cavalry_standard,825,838.0223386843523
21840,2,cavalry_standard,548,573.4013046086168
21841,4,general,219,228.38883368121702
21842,1,general,440,416.4227079435228
21843,2,general,179,185.31905606957696
21844,3,general,1964,1942.5307184927722
21845,3,general,447,461.3334459114813
21846,4,general,1856,1833.3064995704256
21847,2,general,255,255.30682440752776
21849,3,general,256,263.60675001211365
21850,4,general,650,666.7640073589533
21851,0,general,274,268.74186273460566
21852,1,general,686,776.3549586697309
21853,4,infantry_grenadiers,547,559.7694633457969
21854,0,infantry_grenadiers,813,907.2909140359698
21855,4,infantry_light,359,371.21789227204374
21856,0,infantry_light,368,361.94854572126843
21857,1,infantry_line,368,363.7159291694405
21859,3,infantry_line,276,282.49366799036864
21861,2,infantry_militia,311,281.307701937652
21862,2,infantry_militia,324,276.98203715713925
21864,1,cavalry_heavy,1291,1309.530260912771
21866,3,cavalry_heavy,1253,1239.423646078559
21867,3,cavalry_light,671,635.5833838042038
21868,4,general,1179,1147.001935486949
21869,4,general,672,692.0928765905122
21870,2,general,244,247.60649163667208
21873,1,general,64,68.33984536478877
21874,4,general,1213,1224.7029372465238
21875,1,general,677,666.2168826182161
21877,3,general,378,367.22731579644386
21879,1,infantry_grenadiers,646,630.2822367106453
21880,4,infantry_line,171,168.76460777519517
21881,0,infantry_line,150,157.1717527572767
21882,3,infantry_line,306,307.17549372185283
21883,4,infantry_line,434,426.142503813731
21884,3,infantry_line,310,302.88901680216986
21885,1,cavalry_lancers,717,710.9243772457676
21886,2,cavalry_lancers,548,543.9241996979805
21887,1,cavalry_lancers,376,380.1280981390394
21888,0,cavalry_lancers,496,473.32798367492484
21889,4,general,627,589.9428661516172
21890,0,general,76,90.46005776401493
21891,1,general,237,266.0934258630093
21892,1,general,503,506.1383596356317
21894,1,general,739,670.7835134163133
21895,3,general,268,233.37737028805375
21896,2,general,343,347.13408346961455
21898,1,infantry_grenadiers,605,559.6248107452114
21899,2,infantry_grenadiers,587,519.4433766109163
21900,2,infantry_light,328,304.59410840534446
21901,4,infantry_light,443,425.4393950004804
21903,4,infantry_light,352,355.0706725362268
21904,4,infantry_line,169,168.33137773875814
21905,1,infantry_line,131,154.76460635236978
21908,1,infantry_line,141,135.86033394544515
21910,2,cavalry_light,410,422.90531391590173
21911,4,cavalry_standard,789,775.6860651669998
21912,1,general,626,606.1760417532414
21913,3,general,422,426.4539945565584
21916,2,infantry_line,169,159.82382743915807
21917,4,cavalry_lancers,421,417.4920719388239
21918,0,cavalry_lancers,503,473.36854936531546
21919,2,cavalry_lancers,408,408.3068269931157
21920,3,general,313,325.32186048425075
21922,3,general,285,284.30269361220456
21924,4,infantry_grenadiers,281,264.063800522453
21925,4,infantry_grenadiers,287,266.76536770772566
21926,2,infantry_grenadiers,316,309.5512593262992
21928,3,infantry_line,397,375.50030681151605
21930,1,infantry_line,274,277.0951528541361
21932,3,cavalry_standard,759,741.7926178567067
21933,0,cavalry_standard,1012,1016.4430000919847
21934,1,cavalry_standard,504,527.8748482082904
21935,1,cavalry_standard,811,814.8500615949677
21936,1,cavalry_standard,730,723.1442487009092
21937,4,cavalry_standard,619,624.0851839235594
21938,3,general,600,587.3179111985546
21939,2,general,689,636.460195392772
21940,2,general,456,475.35573839311746
21941,1,general,301,278.48207390194443
21942,4,general,646,657.907554747028
21944,1,general,667,655.4259035876177
21945,3,general,409,412.03185857628193
21946,1,general,205,205.4059752488337
21947,0,infantry_grenadiers,292,295.2947509343844
21948,0,infantry_grenadiers,331,330.24129333244406
21949,2,infantry_grenadiers,275,280.97376989890387
21950,0,infantry_line,188,206.03030766827513
21951,1,infantry_line,433,407.784009321493
21952,4,infantry_line,374,386.43958079320566
21953,3,infantry_line,255,246.54150435655671
21955,3,cavalry_lancers,400,392.5725830267281
21956,3,cavalry_lancers,468,457.28397173410633
21957,0,cavalry_lancers,554,541.0537433575468
21958,3,cavalry_standard,505,531.1220886483308
21960,3,cavalry_standard,473,502.74700041711986
21961,4,cavalry_standard,721,715.1015737015912
21962,4,general,462,416.60531338412244
21963,1,general,340,366.93199174625965
21964,4,general,402,366.39364183878075
21965,2,general,661,656.3731887695496
21966,0,general,474,493.1497605921897
21967,1,general,261,273.6620820278455
21970,2,general,407,424.43819349631093
21971,1,general,229,216.92848610605668
21972,3,infantry_light,459,448.30673232727185
21973,0,infantry_light,337,333.4706460255418
21974,1,infantry_line,237,219.21916529216855
21975,2,infantry_militia,377,389.8990752858884
21976,1,infantry_militia,203,191.19122460504732
21977,1,cavalry_lancers,495,512.4828812566467
21978,2,cavalry_light,368,397.55273524297826
21979,4,cavalry_light,403,425.1571788161201
21980,3,cavalry_light,683,646.4111269834939
21981,3,cavalry_light,982,941.1485602187772
21983,1,general,978,964.6960631403473
21984,4,general,354,383.77114557776355
21985,4,general,305,332.632104002997
21986,2,general,842,814.0765214194165
21988,2,general,683,667.7256172200209
21989,3,cavalry_heavy,1033,1006.3630211903475
21990,1,cavalry_standard,431,442.3728198916565
21992,2,cavalry_standard,498,527.1422111072717
21994,2,general,738,739.5129688586367
21995,3,cavalry_lancers,336,365.01912081688977
21996,1,cavalry_light,363,394.50923280663096
21997,0,cavalry_standard,707,702.636483067612
21998,3,general,314,339.7190771345475
21999,1,general,706,719.2657231421733
22000,4,general,209,251.46287908438723
22001,3,cavalry_lancers,396,385.81172221231725
22003,1,general,287,308.26149657610347
22004,2,cavalry_standard,771,757.9105241531695
22005,4,cavalry_standard,777,788.6398740636631
22007,3,general,617,634.1417596808768
22008,2,general,173,166.1108146842505
22009,2,general,705,692.5927133505078
22010,2,general,487,485.962266158744
22011,4,general,504,486.0901936315561
22012,0,general,531,505.615096629636
22015,2,infantry_line,418,420.6711798452491
22016,1,infantry_line,475,458.6641888875708
22017,3,infantry_line,365,370.1783811507796
22020,1,cavalry_lancers,905,960.4565717857811
22021,1,cavalry_standard,684,663.7196290081696
22022,3,cavalry_standard,930,910.9793850852046
22026,0,general,1136,1149.3339669061775
22027,0,general,840,883.0409280742599
22028,0,general,964,918.0168259353691
22029,3,general,395,431.24636217951314
22030,4,general,795,777.0091158788592
22031,2,general,1211,1238.5499370222587
22032,2,general,840,805.0343606143575
22033,3,general,227,220.15096352615035
22034,2,general,469,496.4637352106548
22037,3,infantry_line,338,319.58927875175283
22038,3,cavalry_lancers,588,584.7889063770023
22039,4,cavalry_lancers,923,1019.0988573092127
22041,3,cavalry_lancers,583,575.0893319791181
22043,4,cavalry_light,826,758.0666453885075
22044,1,cavalry_light,370,406.73031084227637
22046,3,general,139,386.5157684098797
22047,1,general,472,449.7196517715708
22048,3,general,1320,1269.8299834679779
22049,1,general,584,586.7192453519989
22051,2,general,198,209.45103377682418
22052,2,general,911,1006.3898718195609
22053,4,general,334,372.3213478852126
22055,0,infantry_light,449,454.94984272995833
22056,0,infantry_light,583,588.634203987884
22057,4,infantry_line,264,265.16223385379124
22058,1,cavalry_standard,522,547.6122321625927
22059,3,cavalry_standard,678,658.8366554675744
22060,1,general,619,617.2680132998788
22061,0,general,422,440.60265055930057
22062,1,cavalry_light,402,436.26691586164816
22063,0,cavalry_standard,546,578.1052412599814
22064,2,general,446,472.59086826911056
22065,2,general,271,305.18506944402077
22066,3,cavalry_lancers,632,646.0501323925918
22067,3,cavalry_lancers,584,585.6233088142537
22068,1,cavalry_light,784,770.4504581659431
22070,3,general,246,255.92693579836975
22071,3,infantry_line,235,253.38848463531605
22072,4,cavalry_heavy,1149,1136.926796476587
22074,3,cavalry_heavy,1482,1492.4435600413376
22075,3,cavalry_heavy,1086,1081.2483027240687
22077,3,cavalry_lancers,523,486.20639194818614
22078,2,cavalry_lancers,538,528.9351360394625
22079,2,cavalry_missile,461,438.72844142932775
22080,3,cavalry_standard,478,485.7550664702165
22081,2,cavalry_standard,600,591.095772775501
22082,0,general,1490,1467.1238754888557
22083,2,general,895,906.2256925007749
22085,0,general,1388,1408.6049975257986
22086,1,general,347,350.8181757266083
22087,2,general,1147,1174.8003438569883
22090,1,general,547,524.2511028197067
22092,2,cavalry_lancers,614,591.0113499339966
22093,2,cavalry_lancers,377,397.09240393825553
22095,2,cavalry_light,768,714.8627542075545
22096,3,cavalry_light,798,764.8980049118785
22098,3,cavalry_standard,586,604.5022617084319
22099,1,cavalry_standard,829,811.6291470093194
22101,1,cavalry_standard,721,708.5364746910903
22102,2,general,132,128.68651501396525
22103,2,general,644,596.4406423340542
22104,0,general,881,867.0503124569112
22105,1,general,476,470.08788586949385
22106,0,general,446,462.3030112017695
22107,4,general,763,747.5201658673553
22108,4,general,413,432.35997984024056
22109,1,general,701,668.8731762515092
22110,2,general,659,647.9452142433921
22112,2,general,257,265.67312232934904
22113,0,infantry_light,237,242.0963148709017
22114,0,infantry_light,364,375.75738535270193
22117,4,cavalry_lancers,630,592.6224320796158
22118,2,cavalry_lancers,588,597.9474348988546
22119,4,cavalry_lancers,579,585.2886068696307
22120,4,cavalry_lancers,630,592.6224320796158
22122,0,cavalry_lancers,406,403.8408714852387
22124,4,general,516,518.3516630832793
22125,0,general,520,494.45470460825834
22126,1,cavalry_lancers,360,391.70594445974024
22127,0,general,309,317.55215521868365
22128,1,cavalry_lancers,605,629.8915749492927
22129,3,cavalry_lancers,609,561.687509596698
22130,3,general,448,461.64166457039266
22132,1,artillery_foot,849,917.4995562435677
22133,1,artillery_foot,578,589.8580616990508
22134,2,artillery_foot,662,676.5991968815146
22136,4,artillery_foot,581,570.780041721154
22137,0,artillery_foot,612,574.7203720544159
22138,4,artillery_foot,386,371.8033966977087
22139,2,artillery_foot,737,726.2301310352374
22140,1,artillery_foot,619,589.4978718330362
22141,3,artillery_foot,936,966.134069173766
22142,1,artillery_foot,849,917.4995562435677
22144,3,artillery_foot,667,694.437147567164
22145,3,artillery_foot,976,1010.0055387340105
22146,4,artillery_foot,1821,1759.969085879957
22147,4,artillery_foot,1465,1426.1554458579708
22148,3,artillery_foot,395,400.562916687288
22149,0,artillery_foot,410,405.0336764717069
22150,3,artillery_foot,936,966.134069173766
22151,2,artillery_foot,349,332.81676657462754
22152,4,artillery_foot,381,379.32954646172465
22153,1,artillery_foot,477,455.0743663146712
22154,3,artillery_foot,395,400.562916687288
22155,2,artillery_foot,1078,1101.9571650150106
22156,3,artillery_foot,398,389.3784518230472
22157,1,artillery_foot,849,917.4995562435677
22160,3,artillery_foot,765,797.026629478655
22161,4,artillery_foot,1142,1130.5950383614877
22162,4,artillery_foot,981,1052.6368749675366
22163,0,artillery_foot,901,887.048980266303
22164,0,artillery_horse,1480,1476.4036824162874
22165,1,artillery_horse,1679,1697.4841216846971
22166,1,artillery_horse,1554,1544.801763611268
22167,3,artillery_horse,1058,1086.086504694238
22169,0,artillery_horse,535,530.3347804650598
22170,3,artillery_horse,543,547.4046009956664
22171,2,artillery_horse,771,720.4105392452652
22172,3,artillery_horse,1549,1648.2108432927025
22174,2,artillery_horse,1061,1069.2078700405505
22176,0,artillery_horse,784,484.12832276509806
22177,0,artillery_horse,1185,1181.507602856198
22178,4,general,747,780.1663179237138
22179,1,general,281,281.5293744365127
22180,4,general,439,440.08062753919677
22181,2,general,60,60.680947527180585
22182,0,general,571,547.1988867636126
22184,3,general,985,1040.824779111599
22185,1,general,1291,1303.7832315711635
22186,1,general,281,281.5293744365127
22187,2,general,60,60.680947527180585
22188,2,general,362,365.8673068585962
22189,4,general,655,629.1969371966035
22190,1,general,881,905.2197193612112
22191,1,general,474,437.3562541670617
22192,1,general,990,982.6795722108236
22193,4,general,752,740.1879815789325
22194,1,general,159,160.1523537091501
22195,3,general,562,520.4487618932086
22196,2,general,60,60.680947527180585
22197,3,general,521,542.6451331634737
22199,4,general,1619,1760.6347044035579
22200,2,general,1,1.0
22201,0,general,741,738.5547097801897
22202,4,general,839,830.7774108160396
22203,0,general,741,738.5547097801897
22204,1,general,574,573.0270238974512
22205,4,general,2594,2780.974877891275
22206,1,general,281,281.5293744365127
22207,2,general,1,1.0
22208,1,general,574,573.0270238974512
22209,4,general,1073,1074.9891762789239
22210,1,general,574,573.0270238974512
22211,3,general,549,564.7864671741196
22212,4,general,1600,1728.7518969767507
22213,4,general,747,780.1663179237138
22214,3,infantry_grenadiers,284,237.38617802341457
22215,2,infantry_grenadiers,237,267.90168321362154
22216,3,infantry_grenadiers,238,240.00514492810697
22218,2,infantry_grenadiers,288,308.35528351846347
22219,0,infantry_grenadiers,297,320.36167279771564
22220,4,infantry_grenadiers,478,447.7981872531629
22221,3,infantry_skirmishers,212,238.7079020887734
22223,0,infantry_skirmishers,249,244.20707836549641
22224,1,infantry_skirmishers,170,157.51268472807945
22226,4,infantry_skirmishers,180,184.77613591626286
22227,1,infantry_skirmishers,195,190.18015112518634
22228,4,infantry_skirmishers,184,195.40483444360373
22229,4,infantry_skirmishers,184,195.40483444360373
22231,4,general,1681,1398.0797149578007
22232,3,general,1466,1413.6296140757004
22233,1,infantry_skirmishers,1515,2443.3386875671263
22234,3,cavalry_lancers,933,966.2057912083128
22235,3,general,1017,1095.151853280657
22236,2,general,421,443.3486598707291
22237,4,general,1267,1047.6630458641814
22238,3,infantry_skirmishers,570,481.99996158025135
22239,1,general,660,730.6979400533895
22240,0,infantry_skirmishers,767,846.5729188038848
22241,3,cavalry_lancers,797,756.8001411480461
22242,1,cavalry_lancers,582,566.6562196189353
22243,4,cavalry_lancers,738,697.8815145630155
22246,2,general,206,199.9561303119169
22247,4,general,745,718.9574825921751
22248,4,general,1238,1110.2255908661862
22249,4,cavalry_lancers,659,677.8999495240881
22250,1,cavalry_lancers,691,670.8151562274584
22252,3,cavalry_lancers,678,687.511181990448
22253,1,cavalry_lancers,377,361.6721689279167
22254,0,general,361,399.77742618207344
22255,4,general,737,808.4431551908674
22256,3,general,310,414.46849842867937
22259,0,cavalry_lancers,736,758.6517846791776
22260,0,cavalry_lancers,660,652.0253905640428
22261,2,cavalry_lancers,824,823.5085247240756
22262,0,cavalry_lancers,519,510.5762645752022
22263,4,general,633,575.9555269422679
22265,3,cavalry_lancers,649,650.6047580879113
22266,3,cavalry_lancers,580,566.89202492651
22267,0,cavalry_lancers,622,564.4040298448556
22268,1,cavalry_lancers,714,754.583382052706
22269,3,general,494,532.2867290140898
22270,4,cavalry_lancers,629,612.7278708685591
22271,3,cavalry_lancers,765,779.6834095048599
22272,4,cavalry_lancers,806,853.1868260781629
22273,0,cavalry_lancers,689,721.6471500202067
22274,2,general,670,734.0783908167781
22275,2,general,763,816.0719658884099
22276,2,infantry_irregulars,811,747.2871804578368
22277,1,cavalry_lancers,899,939.7189203662228
22279,4,cavalry_lancers,608,624.2193205906536
22280,4,cavalry_lancers,674,695.5326838651998
22281,0,general,697,620.4921251055342
22282,0,general,442,462.7081536741618
22283,4,general,771,764.3142612454866
22284,3,infantry_irregulars,608,531.1645900347864
22286,3,cavalry_lancers,654,668.5010885467063
22287,2,cavalry_lancers,716,761.3027886926125
22288,1,cavalry_lancers,774,847.5196072150891
22289,3,general,768,847.7853028379034
22292,4,cavalry_lancers,741,763.7193473720068
22294,0,cavalry_lancers,669,674.0437565847358
22295,1,cavalry_lancers,613,611.2877617204772
22296,0,general,547,590.0528740842069
22297,4,infantry_irregulars,670,593.7842724666714
22298,4,artillery_foot,493,440.1719525246129
22299,0,cavalry_missile,665,490.52634084944515
22300,4,cavalry_lancers,803,856.7438984931894
22301,0,general,686,721.1897049645593
22302,0,cavalry_lancers,511,439.1232499715132
22303,1,general,460,376.94878868806455
22304,0,cavalry_lancers,525,584.2399300652796
22305,3,general,405,514.9658605678899
22306,3,cavalry_lancers,772,596.7672424856214
22307,2,cavalry_lancers,366,348.81623272305893
22308,2,cavalry_lancers,620,589.8102712827513
22309,4,general,480,434.4263819204015
22311,4,general,379,410.5642688059669
22312,2,general,896,740.853497914429
22313,0,infantry_skirmishers,369,375.0902388155614
22314,1,cavalry_light,1111,1356.6440724589631
22316,2,artillery_horse,724,599.4185200891142
22317,2,artillery_horse,116,121.78429198867539
22320,4,artillery_foot,808,731.207195986522
22321,4,artillery_foot,439,505.8583605369634
22323,0,artillery_foot,618,623.8725007559188
22324,0,general,392,430.4017152409774
22326,4,general,196,206.17130913300673
22328,3,general,235,202.25189482514693
22329,4,general,363,385.5601532010728
22330,4,general,1225,1137.8294645212059
22331,2,general,652,637.0016391030297
22332,1,general,425,429.0555671919928
22334,0,general,1365,1393.5490672762376
22335,3,general,649,508.25806898384053
22336,4,general,441,399.1107723677024
22337,3,general,421,385.4372014758326
22338,3,infantry_light,1088,1009.0411494957327
22340,0,infantry_line,361,388.0859472200984
22343,0,infantry_line,484,471.8909127033798
22344,0,infantry_line,540,490.7538363001394
22345,1,infantry_line,1146,1188.201585462054
22347,3,infantry_militia,197,151.24144244360218
22348,0,infantry_militia,138,85.57389223977692
22349,1,infantry_militia,343,329.40586369418105
22351,4,infantry_skirmishers,247,253.79367643380044
22352,1,infantry_skirmishers,276,303.44325518403946
22353,4,infantry_skirmishers,325,340.1046710410437
22354,2,cavalry_light,1712,1701.981745393904
22355,0,general,1607,1621.927747638918
22356,2,artillery_foot,449,508.61913172027045
22357,4,artillery_foot,480,531.295216130318
22358,2,artillery_foot,901,816.7509421740441
22360,2,general,186,190.77701420169262
22361,1,general,199,176.82357167070626
22362,0,general,208,200.80258047755925
22363,1,general,92,83.30157657025524
22365,4,general,409,398.51373070246865
22366,1,general,903,987.1169169075573
22367,3,general,604,640.4385210912125
22368,1,general,313,292.85420450827166
22369,1,general,712,684.0862441655908
22370,2,general,213,197.52004559172042
22371,4,general,357,334.1181728770776
22372,2,infantry_light,422,381.55369629126835
22373,4,infantry_line,286,290.32912783928964
22375,4,infantry_line,556,570.5843083126904
22376,3,infantry_line,418,367.7312201085279
22378,0,infantry_line,517,498.08796343406163
22379,1,infantry_line,805,889.1925671041339
22380,4,infantry_militia,286,265.5293220141587
22381,0,infantry_militia,194,192.7808804655811
22382,0,infantry_militia,189,167.28478022629952
22384,1,infantry_militia,300,309.2816444307834
22385,4,infantry_skirmishers,309,249.59645121489612
22386,0,infantry_skirmishers,250,235.90150379751262
22387,4,artillery_foot,893,806.2590922236932
22388,0,artillery_foot,429,504.4429631646982
22389,0,artillery_foot,614,621.0096180157933
22390,3,general,35,1.0
22391,1,general,119,104.1062794940093
22392,2,general,121,125.8253439284427
22394,1,general,329,305.01115431253834
22395,1,general,142,123.64678021448032
22397,2,general,132,163.39758880183683
22398,0,general,456,450.1855134601356
22401,4,general,369,356.4600421586973
22402,2,infantry_light,651,586.8855683227534
22403,3,infantry_line,215,263.56372712942897
22405,0,infantry_line,401,389.5587824270701
22406,0,infantry_line,609,591.0990547599405
22407,1,infantry_line,426,406.66172757564004
22408,2,infantry_militia,171,190.57547084014962
22412,3,infantry_militia,211,197.08455096344062
22413,3,infantry_militia,186,191.39683162830886
22415,0,infantry_skirmishers,545,447.57867160435814
22416,2,infantry_skirmishers,288,308.19395454455014
22418,0,artillery_foot,429,504.4429631646982
22419,2,artillery_foot,442,503.65936027383384
22420,3,general,134,114.93771250624084
22421,4,general,205,191.50872610229436
22424,3,general,240,250.72534393935652
22425,4,general,284,309.4125878925145
22427,3,general,710,700.2686317959424
22428,0,general,509,506.30868834957926
22429,1,general,285,274.0418146331886
22430,3,infantry_light,325,306.032529860817
22431,4,infantry_light,654,625.0711932887624
22432,2,infantry_line,301,299.5491090822219
22434,1,infantry_line,312,295.53470495518087
22435,2,infantry_line,328,359.32843177306296
22436,2,infantry_line,432,404.2238985440771
22437,2,infantry_line,629,615.126488760634
22438,0,infantry_militia,201,192.11334852680812
22439,0,infantry_militia,213,202.38923198127893
22440,0,infantry_militia,191,196.45120015188925
22441,2,infantry_militia,77,88.1062554682826
22442,1,infantry_militia,135,152.12745456449076
22443,3,infantry_militia,234,224.4066509164858
22444,2,infantry_skirmishers,211,212.71269184005246
22447,0,cavalry_lancers,1250,1181.1147965989917
22448,0,cavalry_lancers,801,787.0194740501724
22450,1,cavalry_lancers,437,463.1362297624769
22451,2,cavalry_lancers,808,729.3362293075162
22453,3,cavalry_light,740,780.2880277595884
22454,1,cavalry_light,1373,1386.9548905445374
22456,4,cavalry_standard,1592,1614.3464442984402
22457,2,cavalry_standard,1213,1240.1010492698879
22458,3,cavalry_standard,794,764.4487436286565
22459,3,cavalry_standard,928,972.3018422413897
22460,0,general,1610,1598.650644940868
22461,3,general,754,727.7491891812526
22462,4,general,773,824.4223286112104
22463,1,general,697,753.3509173484493
22464,0,general,693,685.2877299694933
22466,1,general,735,723.8181879204549
22467,1,general,1017,1042.7326450733096
22468,0,general,419,443.27246278695486
22469,2,general,804,857.5633779665137
22471,2,general,653,580.9307972967446
22472,0,general,759,806.9704188172494
22473,2,general,1407,1446.88779614897
22474,2,general,1205,1081.0480372021914
22475,2,artillery_horse,1075,1079.3241807455133
22476,2,artillery_horse,600,588.9507046885093
22477,1,cavalry_lancers,479,493.26362167807497
22478,2,cavalry_lancers,496,481.2546139733435
22479,0,cavalry_lancers,440,477.152184367349
22481,4,cavalry_lancers,571,625.572736262212
22482,2,cavalry_lancers,490,490.2603763794395
22483,2,cavalry_lancers,690,707.5699414816605
22484,1,cavalry_light,836,897.1952615421131
22485,2,cavalry_light,941,991.0199321451603
22486,0,cavalry_light,1466,1510.7704978231482
22487,2,cavalry_light,721,773.2075696583021
22488,2,cavalry_light,630,624.8979250796161
22490,2,cavalry_standard,904,907.3635831882085
22491,0,general,642,663.3200781324194
22492,3,general,790,860.9463345940973
22493,3,general,502,472.4191649377183
22494,4,general,604,608.805151348314
22495,3,general,773,820.2261013700277
22496,0,general,403,407.57254826673346
22497,4,general,443,479.97531024553956
22498,2,general,406,397.56838600043056
22500,0,general,849,858.1486390405582
22501,2,general,299,300.82335970380194
22502,2,general,359,357.1947926762748
22503,3,general,677,672.4670053773868
22504,4,general,1304,1329.8412264237918
22506,1,cavalry_lancers,440,466.6806661727208
22507,3,cavalry_lancers,471,488.39010452769327
22508,3,cavalry_lancers,434,501.61214081203707
22509,3,general,322,339.5343809653571
22510,2,cavalry_lancers,476,449.6299918528426
22512,3,cavalry_lancers,477,483.54974642689626
22513,3,cavalry_lancers,455,448.3976547213411
22516,0,general,324,325.92519698752653
22517,3,general,334,317.30740082783313
22518,3,general,388,362.1862186073777
22519,3,general,393,395.73612139917736
22520,3,artillery_foot,591,601.4082763902538
22521,3,artillery_foot,591,601.4082763902538
22522,2,artillery_foot,598,604.395722489132
22523,3,artillery_foot,591,601.4082763902538
22525,3,artillery_foot,591,601.4082763902538
22526,3,artillery_foot,529,496.14067733044516
22527,0,artillery_foot,831,757.5337552788841
22528,2,artillery_foot,457,513.7059093960851
22530,0,artillery_foot,527,545.562990512737
22533,4,artillery_foot,584,672.4828264300617
22535,0,artillery_horse,1017,1017.835821207966
22536,4,artillery_horse,1166,1139.1157262636298
22537,2,artillery_horse,1075,1079.3241807455133
22538,2,general,601,599.264021165432
22539,4,general,1311,1302.0997251147928
22540,3,general,600,596.8414107834864
22541,3,general,228,228.02723452055412
22542,0,general,401,401.49684412852906
22544,3,general,228,228.02723452055412
22545,1,general,380,385.3455701458062
22546,3,general,600,596.8414107834864
22548,4,infantry_grenadiers,383,334.83558909879326
22549,0,infantry_grenadiers,508,525.0124159115703
22550,0,infantry_grenadiers,508,525.0124159115703
22551,0,infantry_grenadiers,508,525.0124159115703
22552,2,artillery_foot,681,673.8010199086472
22553,3,cavalry_heavy,1869,1944.3992244349258
22554,0,cavalry_heavy,1961,2017.453273662189
22555,1,cavalry_heavy,1132,1378.903309191402
22556,0,general,286,260.8945658971695
22557,1,general,348,389.59312297228564
22558,2,general,1879,1972.203439031538
22559,4,general,221,202.53836200677864
22560,1,general,917,1161.3376553043454
22561,3,general,532,532.845899416357
22562,1,general,1754,1832.816795844488
22563,2,general,662,629.8503727893916
22564,4,general,960,945.8251663560604
22565,0,general,1377,1233.4492875623166
22566,3,general,490,492.62884045515847
22569,0,general,1576,1349.9344960773992
22570,0,general,811,832.134523854043
22571,3,infantry_light,971,985.7947414352369
22573,0,infantry_line,1431,1391.089574933365
22575,2,infantry_line,548,550.2786033417127
22576,3,infantry_line,751,747.8379191400758
22577,0,infantry_skirmishers,287,265.9190818171682
22578,3,infantry_skirmishers,295,304.4108519125967
22579,3,artillery_horse,856,1023.5596547151644
22581,0,general,491,503.29671306092246
22582,4,general,228,236.39686313834443
22583,0,general,255,291.7523383810444
22584,1,general,189,180.6363814474156
22585,2,general,221,210.34378731613168
22586,3,general,359,356.9557319200904
22587,4,general,1343,1378.462432723949
22588,2,general,1176,1148.917094632737
22589,1,general,677,659.3487977194393
22591,4,infantry_line,607,610.0395391352115
22592,2,infantry_line,1231,1256.8801337185712
22595,0,infantry_line,306,298.8851118512521
22596,3,infantry_line,651,683.6343498281567
22597,4,infantry_line,366,398.6538658436727
22598,3,infantry_line,366,343.96270636518716
22599,4,infantry_line,325,302.4006111743248
22600,1,infantry_line,300,281.3760642796029
22604,3,artillery_foot,360,359.8052869322091
22605,4,artillery_foot,481,480.27213472896676
22606,2,artillery_horse,104,161.56523758739496
22607,3,general,336,335.28722939550863
22608,2,general,20,90.654560115597
22609,3,general,456,458.6035892874563
22610,4,general,219,224.1686019463911
22611,4,general,678,613.0829692614666
22612,0,infantry_line,280,362.5093226050225
22613,1,infantry_militia,176,175.3474911380355
22615,0,infantry_militia,223,219.6755701287754
22616,1,infantry_militia,481,454.0215579313172
22617,1,infantry_skirmishers,249,247.1938228229109
22618,4,infantry_line,308,427.73328984220745
22619,3,infantry_militia,105,119.05416212209593
22620,1,infantry_militia,139,146.94305124565577
22621,3,infantry_militia,165,183.82103198940268
22622,1,infantry_militia,141,156.15643755802535
22623,4,artillery_foot,650,655.6000411737065
22624,3,cavalry_heavy,1154,1147.960519429348
22625,2,cavalry_heavy,1410,1488.168157297428
22627,3,general,956,956.9440405817138
22628,2,general,651,648.9858731810433
22629,3,general,881,908.9975385333497
22630,1,general,1485,1473.2142774934805
22631,2,general,381,375.6614366755158
22634,2,general,416,417.09985948688495
22637,4,general,409,400.78321197675996
22638,0,infantry_light,688,685.6974386503381
22639,2,infantry_line,327,319.1148428652253
22640,4,infantry_line,528,522.1345456483981
22641,3,infantry_line,502,486.64579651821833
22642,2,infantry_line,668,692.6875901469678
22643,1,infantry_line,401,382.1570194266032
22644,4,infantry_line,427,417.68504493819097
22645,2,artillery_foot,602,570.491327719796
22646,0,general,127,135.53453727508162
22648,1,general,441,439.14764906148
22649,3,general,268,241.86915502556297
22650,2,general,187,208.61528463973735
22651,3,general,388,367.6315416761355
22653,2,general,185,184.52903750337722
22655,3,general,215,217.19506474229806
22657,0,general,640,681.2453584343167
22658,2,general,247,241.33896982838777
22660,0,infantry_line,422,415.17703216601376
22661,4,infantry_line,318,303.7286417023902
22662,2,infantry_line,253,241.04781951402265
22663,2,infantry_line,285,278.2643531702037
22664,1,infantry_line,412,410.217871685559
22665,3,infantry_line,339,317.0389082420179
22666,4,infantry_line,605,635.5043451793517
22667,3,infantry_militia,362,340.12468722100346
22669,2,infantry_militia,274,305.1494439528976
22670,4,infantry_militia,300,344.6948292973837
22671,0,infantry_skirmishers,220,200.67841358888919
22672,4,artillery_foot,725,729.6426387409801
22673,3,general,586,577.8991169129785
22674,4,general,470,434.40958408242915
22675,1,general,965,799.9046633255474
22677,2,infantry_light,533,495.686064424068
22679,2,infantry_line,274,305.04056998714793
22680,4,infantry_line,472,472.89128884486803
22681,2,infantry_militia,55,69.170421472916
22682,2,infantry_militia,59,95.55530470841153
22683,4,infantry_militia,57,77.19618846308035
22684,2,infantry_skirmishers,222,225.85853731751226
22688,3,infantry_line,473,493.9886347614766
22689,4,infantry_line,377,389.6808547896444
22690,0,cavalry_light,609,593.3488509627596
22691,2,general,355,384.4685793812895
22692,0,general,471,461.9904661348727
22695,0,general,582,616.5788124205221
22696,1,infantry_light,294,323.7206081389108
22697,2,infantry_light,594,597.3483308770309
22698,1,infantry_line,646,672.9508147459543
22700,1,infantry_skirmishers,210,199.84324648494362
22702,2,infantry_skirmishers,251,229.26962282909213
22703,2,artillery_foot,384,363.68574616328794
22704,4,general,261,239.77564713492654
22705,3,general,292,292.0454481036233
22706,2,general,254,258.8314359896403
22707,0,general,222,238.5137873088244
22708,0,general,69,90.97037176771444
22709,4,infantry_light,328,349.8340343340012
22710,3,infantry_line,359,348.99689289012963
22712,0,infantry_militia,57,83.298525569386
22713,3,infantry_militia,79,122.62760666863537
22717,4,cavalry_light,380,343.99103883160444
22718,1,cavalry_light,584,597.8684197602189
22719,2,cavalry_light,849,900.7394401259211
22721,2,general,186,240.24286916883005
22722,3,general,716,764.1748851530571
22723,3,general,422,380.8542360445174
22724,3,general,314,294.2639770304152
22725,1,general,568,596.5305975239283
22726,3,general,123,108.68106597756986
22728,0,general,277,278.2237256947833
22729,0,general,747,697.0845023928354
22730,0,general,510,518.3283758056839
22731,1,general,377,376.6267032897509
22732,1,infantry_light,324,340.4580828006415
22733,3,infantry_light,434,404.0710782102131
22735,3,infantry_line,492,485.6230234170383
22736,1,infantry_line,385,374.5100077445064
22737,0,infantry_militia,96,103.20552648518921
22738,0,infantry_militia,114,112.07730301772541
22739,3,infantry_militia,68,62.888025379236936
22741,3,infantry_militia,196,180.8938747152022
22743,2,infantry_skirmishers,254,233.5050761529152
22744,2,infantry_skirmishers,552,473.05414828432913
22745,1,artillery_foot,448,446.013755110742
22746,1,cavalry_light,521,540.8159448772485
22748,1,cavalry_light,1014,999.6269602933124
22750,3,general,217,256.8535279073592
22752,0,general,289,359.91900468526865
22753,4,general,375,372.26670802398263
22754,0,general,208,211.49859842821323
22759,0,general,939,936.2112793693465
22760,2,general,203,211.35908859176772
22761,0,general,274,275.8996601648906
22762,4,general,149,136.5803759943461
22763,2,general,431,422.1027766427716
22764,0,general,353,353.1382125208589
22766,0,general,834,832.8352064506286
22767,0,general,467,460.2055441272969
22768,3,general,608,599.362342442706
22770,0,general,329,300.9555094306578
22771,4,infantry_grenadiers,473,473.028420040002
22772,3,infantry_light,330,326.2531530510987
22773,1,infantry_light,309,312.28580123987655
22774,1,infantry_light,319,317.08415176740067
22775,1,infantry_light,488,492.36653234574607
22776,1,infantry_light,188,262.01741987189706
22777,2,infantry_light,379,377.3992475690559
22778,1,infantry_line,263,274.03318677523947
22779,1,infantry_line,310,306.68563046198653
22780,1,infantry_line,585,560.2687431762747
22781,4,infantry_line,899,931.175285840752
22784,1,infantry_line,314,285.69230319360963
22785,3,infantry_skirmishers,293,309.66517460180387
22786,3,infantry_skirmishers,212,218.52081847186574
22787,3,artillery_horse,493,508.7687136455038
22788,4,cavalry_lancers,316,315.9636965952909
22789,2,cavalry_light,591,631.3139950564826
22791,2,general,536,587.4765576709322
22794,3,cavalry_light,580,615.2169280504583
22795,3,cavalry_light,974,974.020366103869
22796,1,general,294,308.0164398656295
22797,3,general,838,839.1476043792555
22798,3,general,935,942.8516995389955
22799,0,general,470,503.2312228271203
22801,3,general,113,104.37384132944692
22802,4,general,438,438.3037687925579
22804,1,general,266,240.43896152042424
22805,0,infantry_light,414,430.70361768354604
22806,2,infantry_line,320,327.4226231100833
22807,4,infantry_line,227,239.11804386941085
22808,0,infantry_line,548,540.6448616064828
22809,1,infantry_line,372,340.85698327538273
22810,0,infantry_militia,217,224.9709848496908
22811,1,infantry_militia,160,163.97822267020337
22812,4,infantry_militia,85,98.28622111862596
22813,2,infantry_militia,183,172.87936787494286
22814,4,artillery_foot,365,377.208613128796
22815,1,cavalry_light,935,979.730290538373
22817,4,cavalry_light,926,942.4968054078063
22818,1,general,162,171.72277066488058
22819,1,general,792,843.2752032391847
22820,0,general,418,475.910379431376
22821,1,general,243,241.51980796221739
22822,4,general,992,1017.5484952809103
22824,1,general,441,426.31469163807554
22826,2,general,213,211.86537503379708
22827,4,infantry_grenadiers,707,596.8381634593162
22828,3,infantry_light,713,692.1965176770588
22829,1,infantry_line,226,228.55886873079004
22830,3,infantry_line,323,303.39862084000174
22831,1,infantry_line,353,336.8169236043635
22832,4,infantry_militia,74,103.0214866273019
22833,3,infantry_militia,123,120.74778459533667
22834,4,artillery_horse,667,537.0904294185378
22835,1,cavalry_light,1037,1039.2809042821646
22836,0,cavalry_light,885,779.8989631127176
22837,4,cavalry_light,418,406.9379455395179
22839,1,general,716,633.4513590679899
22840,1,general,286,284.6176758489249
22841,1,general,897,900.3860637739342
22842,1,cavalry_heavy,1143,1215.0839409842836
22843,1,cavalry_heavy,1359,1540.9967195776885
22844,0,cavalry_heavy,817,761.7769929511196
22845,3,general,657,598.361397899593
22847,3,general,950,1002.6105230218022
22848,2,cavalry_light,557,493.817792549859
22849,2,cavalry_light,276,279.71735371267056
22850,3,general,419,361.6074975740788
22851,2,general,148,174.8297865446835
22852,3,cavalry_light,714,624.5791417967065
22854,0,artillery_horse,657,523.9283211546028
22855,1,general,545,440.299830664123
22856,0,cavalry_light,910,944.4850106733986
22858,2,general,743,770.7249337958382
22860,0,artillery_horse,1138,1113.904641495491
22861,3,artillery_horse,617,535.3239394111596
22862,0,general,1022,1016.9256116106436
22863,1,general,1240,1243.135132520659
22864,0,general,638,636.1797602170271
22866,2,general,467,467.09676871044746
22867,0,general,312,312.11330555839623
22870,0,general,1241,1162.945193050994
22871,4,general,233,267.9261668999838
22875,0,general,570,546.7478161534224
22878,3,general,405,545.0248508813423
22879,1,infantry_grenadiers,927,961.6825756781153
22881,0,infantry_line,1287,1249.6892181146582
22882,1,infantry_line,413,541.9897880181924
22883,2,infantry_line,256,282.95976791659876
22886,3,infantry_line,485,624.8167389316817
22887,3,infantry_line,306,308.86898936857824
22888,3,infantry_skirmishers,393,368.1277486719789
22889,0,general,398,371.00178995445356
22890,3,general,489,480.48704330653453
22893,4,general,971,971.9342263999732
22894,0,general,845,742.2025522913588
22895,0,general,614,721.9031892927825
22896,1,general,397,412.38865356976345
22897,0,general,918,947.023931455718
22898,1,general,80,99.41208625342543
22899,1,infantry_line,186,211.20477281501238
22903,1,infantry_line,454,473.0204562989294
22904,0,infantry_line,783,781.3418458881833
22906,4,infantry_line,886,814.9492170338735
22907,2,infantry_line,838,864.7011225281974
22908,0,infantry_skirmishers,185,197.2409420276485
22909,0,infantry_skirmishers,225,212.31274297455434
22910,1,infantry_skirmishers,349,318.77541955067943
22911,3,cavalry_light,776,759.6658204910597
22913,1,general,278,264.3311259682422
22916,0,general,200,233.73469028526694
22917,4,general,240,237.99860207306529
22918,0,general,721,684.577117713448
22919,3,general,951,913.9954274183796
22920,2,general,489,469.069343970889
22921,2,general,323,307.952112811339
22922,1,infantry_light,680,695.3598395247311
22924,4,infantry_line,320,307.6866098359497
22925,0,infantry_line,347,350.850254131283
22926,2,infantry_line,548,544.8129726148384
22927,1,infantry_line,868,844.3652872020776
22928,4,infantry_skirmishers,226,202.71450431302662
22930,3,artillery_foot,458,443.80608138616316
22931,1,general,323,311.6777278601145
22933,1,general,180,200.37274597814604
22934,0,general,485,499.1478525037992
22935,4,general,376,456.137348781785
22936,0,infantry_line,472,481.67715541693616
22937,1,infantry_line,347,327.52415240358323
22938,3,infantry_line,383,449.11021115159616
22939,2,infantry_line,290,321.27897756307243
22940,4,infantry_skirmishers,216,211.63478968670663
22941,3,artillery_foot,879,835.5008137115323
22942,4,general,712,688.1837669669583
22943,2,general,638,630.4967127098847
22944,3,general,520,566.5741851684097
22945,0,general,735,734.7811544845276
22946,0,general,931,1010.0679234562234
22948,2,general,638,630.4967127098847
22950,1,infantry_line,559,580.1204857857222
22951,1,infantry_line,639,680.5720019119707
22953,2,infantry_line,818,879.8025430423008
22954,1,infantry_skirmishers,292,317.5649253821607
22955,4,general,410,424.18350010340293
22957,1,general,494,503.1634450323507
22958,3,general,381,377.0844617510483
22959,4,general,418,426.0321117785334
22960,4,general,400,409.91854337414037
22961,1,general,250,260.97835544924425
22962,0,general,262,262.17019600977324
22963,0,general,152,82.66745435008691
22964,3,general,139,183.61727668334197
22965,1,infantry_line,492,490.85573005058836
22966,0,infantry_line,436,443.1384184806595
22968,1,infantry_line,257,195.59397207500507
22969,0,infantry_line,528,543.4643180318262
22971,2,infantry_line,371,385.67780762086534
22973,2,infantry_line,279,277.23580897295017
22974,2,infantry_line,239,265.68417799470717
22975,1,artillery_foot,283,311.46245624041813
22976,0,general,165,180.03941517025595
22977,1,general,123,143.76326127904497
22978,3,general,224,230.5224976679391
22980,4,general,161,200.47763031046833
22981,3,general,631,601.6972863706417
22982,3,general,194,241.95199926627757
22983,2,infantry_light,686,679.3260488147008
22984,4,infantry_line,150,171.06109753698607
22986,1,infantry_line,357,368.33468468568907
22987,0,infantry_line,272,316.76812840661705
22988,4,general,416,378.23287167206803
22989,0,general,735,724.2692087677693
22990,1,general,328,319.9835246814146
22991,4,general,326,298.9330097611438
22993,1,general,172,206.18492123290434
22995,3,infantry_line,629,634.9066612271062
22996,1,infantry_line,281,321.97470326157645
22998,3,infantry_line,439,432.5156983139508
22999,3,infantry_skirmishers,224,262.98093884498655
23000,0,general,69,70.73335980641669
23001,1,general,459,442.01279100123685
23002,4,general,555,585.2478347952433
23003,1,general,209,237.1335893312305
23004,0,general,130,113.01084916942854
23006,1,general,268,264.4570637910929
23007,2,infantry_line,258,250.7897521392519
23009,4,infantry_line,411,425.7849971304729
23010,2,infantry_line,320,354.40220748015844
23011,3,infantry_line,235,226.3645675278123
23012,1,infantry_line,531,558.0417077855225
23013,0,infantry_line,517,521.388655125709
23014,0,infantry_line,375,379.58005316487476
23016,3,artillery_foot,368,380.2663361403445
23017,1,general,241,242.10181820953005
23018,4,general,169,188.64294462108705
23020,3,general,211,282.3340857116694
23021,2,general,325,319.4647007122463
23022,2,infantry_light,584,565.9320449955912
23023,0,infantry_line,433,431.39129384640296
23024,4,infantry_line,238,288.77092852489164
23025,2,artillery_foot,548,546.5910321388537
23026,0,general,404,395.18001426100324
23027,1,general,722,644.8438082017141
23029,4,general,455,445.8644250499653
23030,2,general,172,171.07395614279852
23031,2,general,676,583.2120644638366
23032,0,infantry_light,591,615.4336000278541
23033,0,infantry_light,566,624.2032734404613
23034,0,infantry_line,713,645.1894146405053
23035,3,infantry_line,245,240.78482174824057
23036,1,infantry_line,560,558.3516300151857
23037,2,infantry_skirmishers,178,198.4020505294929
23038,1,general,462,442.4950731059481
23039,4,general,249,228.20436966707763
23040,4,general,202,206.41910151606677
23041,2,general,323,317.3642765095224
23042,0,infantry_light,280,283.72959979060454
23043,4,infantry_line,436,421.6681983019906
23044,0,infantry_line,393,385.9451522075168
23045,2,infantry_line,333,346.2917388032836
23046,0,infantry_skirmishers,160,167.29917732112622
23047,3,general,475,479.10026013391075
23048,4,general,560,499.8625573911138
23049,3,infantry_line,563,597.8285962549841
23050,0,infantry_line,452,435.2920455401695
23051,4,artillery_foot,366,375.1085679307273
23052,0,artillery_foot,862,859.4932275695259
23053,1,general,344,337.9000114075164
23054,0,general,304,296.64855812777125
23055,1,general,101,168.87771484787072
23058,1,infantry_light,412,417.3353909067855
23060,0,infantry_light,736,799.8525837105673
23062,3,cavalry_heavy,1701,1687.7280850131363
23063,4,cavalry_heavy,1513,1513.7875045915998
23064,3,cavalry_light,1191,1195.6346548979213
23065,3,general,1505,1533.2373327485147
23066,1,general,1282,1283.8598075752404
23067,3,general,1602,1578.8034296093995
23068,2,general,176,174.43079662362933
23070,2,general,1110,1100.7400492235834
23072,1,general,266,273.3719089742509
23073,1,infantry_light,338,349.62256587860975
23074,2,infantry_line,247,247.06117394530776
23075,0,infantry_line,261,271.49306143039007
23076,0,cavalry_light,433,370.3660745086947
23077,3,cavalry_standard,444,462.2457448113084
23079,4,cavalry_standard,323,272.99406776314606
23080,4,general,224,237.32176378772647
23082,2,general,457,476.54400756162914
23083,2,general,510,458.3087399468107
23084,1,general,180,184.29182398781944
23085,2,general,154,144.43630878846074
23086,1,general,205,211.12573502300933
23087,2,infantry_light,321,327.72169322994205
23089,4,infantry_line,261,252.9925684224141
23090,4,general,324,334.19985644223885
23091,2,general,496,598.2043828778413
23092,0,general,779,757.8139882365383
23093,0,general,543,591.4915867313682
23095,1,infantry_light,486,541.2679013065331
23096,2,infantry_skirmishers,453,447.3431205716113
23097,4,general,1056,962.5715643959667
23098,1,general,643,638.1137434169774
23100,1,infantry_light,962,1025.0897989319249
23101,3,infantry_light,624,667.936729693655
23102,4,infantry_skirmishers,419,492.16421257940675
23103,0,cavalry_heavy,1412,1396.4403066580842
23104,4,cavalry_light,1109,1117.8720344909345
23105,0,general,964,957.2340795933643
23106,1,general,1190,1173.7715219317224
23107,1,cavalry_light,1109,1123.5789265360718
23108,1,cavalry_light,1189,1215.6787435864517
23111,2,artillery_horse,627,658.8916342918202
23113,3,general,532,548.6711835317495
23114,1,cavalry_light,482,495.9991749384161
23115,2,cavalry_standard,545,597.4033983678634
23116,4,general,355,347.317455876524
23118,4,artillery_foot,366,375.1085679307273
23119,2,general,478,474.04082122639824
23120,1,general,1161,1203.4470775654368
23121,0,general,294,302.5574634285828
23122,3,general,167,171.3525703597814
23123,4,infantry_line,302,322.0381901869864
23124,1,artillery_foot,155,187.70486514979157
23125,4,general,600,687.1314852092423
23126,1,general,328,327.08325185916715
23128,3,general,398,273.8075863130639
23129,1,general,759,884.4436095039871
23130,1,general,684,634.6425113422998
23131,3,general,489,446.6216690548979
23132,2,general,361,382.6391410272047
23133,0,general,369,369.6397044899714
23134,1,general,251,254.27504742088342
23136,3,general,69,110.42923906654734
23137,1,general,300,269.3267297826556
23138,4,general,407,414.9977691630463
23139,0,general,741,1002.3568863821856
23140,4,general,363,484.3988292525187
23141,4,general,818,795.2229502587923
23142,2,general,504,530.2818197337169
23143,1,general,378,375.2132326042976
23144,3,general,1539,1350.1096609305246
23146,3,general,395,352.67756579472973
23147,4,general,521,504.9277597463231
23148,3,infantry_grenadiers,455,676.3401302219141
23149,1,infantry_grenadiers,425,596.2208733787252
23151,2,infantry_light,414,455.91101799314873
23152,4,infantry_light,359,396.4203635246174
23153,4,infantry_light,786,723.6016703318336
23154,4,infantry_light,431,438.66094007323625
23155,3,infantry_light,532,510.47532855993603
23156,2,infantry_light,549,536.0303717198972
23157,2,infantry_light,1226,1181.6096199376639
23158,0,infantry_line,285,300.9313801690968
23159,2,infantry_line,725,693.6969128111602
23160,4,infantry_line,376,385.57770494833494
23162,2,infantry_line,407,381.5119045383996
23163,1,infantry_line,586,531.1206472512877
23164,3,infantry_line,483,495.83764033911683
23165,3,infantry_line,505,467.2951356724075
23166,4,infantry_line,632,620.1673915367688
23167,2,infantry_line,477,479.4361541791602
23168,2,infantry_militia,482,368.0707769391494
23169,1,infantry_skirmishers,749,1043.8668965750871
23170,3,infantry_skirmishers,788,1025.9861035600293
23173,2,general,152,121.85694390768859
23175,0,general,207,133.91697684611498
23176,3,general,695,531.2434972691236
23179,2,general,220,163.96298851295455
23181,2,general,342,340.3607168549202
23182,1,general,1178,1335.3149049466326
23184,4,general,593,585.124378362057
23187,3,infantry_light,442,441.66680505791396
23188,2,infantry_light,365,378.8363906749846
23189,2,infantry_light,244,235.65768134495642
23191,3,infantry_line,267,198.33668350205906
23195,2,infantry_line,666,668.1660528047952
23196,4,infantry_line,644,645.8466737991178
23198,4,infantry_militia,216,207.86594579359164
23199,4,infantry_militia,193,188.4550309941237
23201,2,cavalry_heavy,989,962.7630357250848
23202,0,cavalry_heavy,934,857.8567943488102
23203,1,cavalry_light,713,704.1481029617956
23204,4,cavalry_standard,659,648.0919181541258
23205,1,cavalry_standard,946,953.2957756703339
23206,2,general,849,830.3167477189425
23210,1,general,618,626.0733982506426
23212,2,general,304,269.5289139994539
23213,1,general,229,217.07120974623365
23215,3,general,248,220.62102557643763
23216,2,general,1104,1040.9060238244329
23217,0,general,763,751.1599820744744
23218,3,infantry_light,413,390.80405906744045
23219,1,infantry_line,287,281.1151004428956
23220,1,infantry_line,692,673.665250159628
23221,1,infantry_line,350,329.49679947135047
23222,0,infantry_line,559,536.3595195160058
23223,1,infantry_line,1007,960.9319305962363
23224,4,infantry_militia,192,159.11272894521204
23227,1,general,267,224.2873540162127
23228,3,general,728,680.8351975728401
23230,2,general,364,339.0064569812882
23231,2,general,485,451.6684401428373
23232,4,general,165,133.71585370365347
23233,1,general,329,346.294308968158
23235,4,general,642,556.1895534839542
23238,0,general,299,265.1657453187866
23239,4,general,254,239.73584603845458
23242,1,general,632,658.2102660949025
23244,1,infantry_grenadiers,1026,952.9744259745707
23245,0,infantry_grenadiers,364,392.5403697697192
23247,0,infantry_light,313,298.05864972559544
23249,4,infantry_light,936,988.2576443313778
23250,1,infantry_light,589,639.9263862089597
23251,0,infantry_line,430,377.7251280438814
23252,2,infantry_line,306,314.6148506126973
23253,1,infantry_line,377,365.8637247706256
23254,4,infantry_line,323,286.5732188921935
23255,3,infantry_line,536,486.93487597796536
23256,0,infantry_line,485,438.57924154092626
23257,3,infantry_line,406,368.9548273778166
23258,2,infantry_line,773,734.8428986537442
23260,2,infantry_line,737,758.0103558947525
23261,1,infantry_militia,254,215.79765494772062
23263,1,infantry_skirmishers,238,203.7437635387634
23264,3,cavalry_lancers,684,487.2104289441016
23267,4,general,879,789.2774076434763
23268,1,general,613,498.449193555364
23269,4,general,284,252.93241195478106
23270,2,general,792,818.3226482367295
23271,2,general,412,353.09264019127926
23272,3,general,163,203.68772636664013
23273,1,general,135,175.26255069031083
23275,4,general,243,219.0522426900675
23276,1,general,108,179.4905880090031
23277,3,general,513,536.5608984361811
23278,2,general,1481,1436.640604128908
23280,1,general,1756,1746.0264307082111
23281,4,general,1414,1435.4395083725249
23282,0,general,1350,1414.8075554501183
23284,3,infantry_light,319,280.50097798307
23285,0,infantry_line,184,255.84185649616595
23286,2,infantry_line,316,279.8076543373786
23287,3,infantry_line,192,292.56683079811927
23288,3,infantry_line,392,358.2607816133693
23289,2,infantry_line,153,139.02801357424977
23290,4,infantry_line,517,475.8661332954424
23291,4,infantry_line,312,331.3751821623398
23292,4,infantry_line,1496,1582.0201406071515
23294,3,infantry_line,1453,1491.4218443905227
23295,0,infantry_militia,110,118.04994801983878
23297,2,infantry_skirmishers,516,432.1838419913334
23298,1,cavalry_light,306,301.37153685295243
23299,1,cavalry_light,410,426.2504190394434
23300,3,general,317,336.19825008021473
23301,2,cavalry_heavy,960,1040.6765281796515
23302,4,cavalry_light,693,625.0743575060542
23303,1,cavalry_light,1028,1030.7100621996583
23304,0,cavalry_light,892,854.637938459968
23305,0,general,797,841.6674401281022
23306,0,general,190,133.0042307891377
23308,4,general,110,93.70375498653397
23309,4,general,851,867.3570425249858
23311,2,general,791,903.0527718076257
23313,2,general,300,284.17026179541796
23314,2,general,964,996.0027458261136
23315,4,general,652,633.6125140339996
23316,3,general,531,529.4001447962605
23317,4,general,514,538.2340445959929
23318,1,general,483,425.5925265589903
23319,2,infantry_irregulars,787,764.0583511248559
23320,3,infantry_light,965,859.0829313119219
23321,2,infantry_light,636,514.5567883130198
23323,0,infantry_line,245,186.10225697186684
23325,0,infantry_line,451,393.77667764950564
23327,0,infantry_militia,158,165.59505121277252
23328,1,infantry_militia,201,205.85022755369326
23329,1,infantry_militia,353,404.1376643165254
23330,4,infantry_skirmishers,801,690.0052510999795
23331,4,cavalry_heavy,852,907.223839536838
23333,2,cavalry_light,448,468.50929767234607
23334,4,cavalry_light,1263,1199.4338275224127
23336,2,cavalry_light,825,771.4065188749207
23337,0,cavalry_light,478,509.34713888827474
23338,2,cavalry_standard,1377,1298.2167492748126
23339,0,cavalry_standard,638,664.5713202798277
23340,3,general,680,591.037123603269
23341,2,general,498,501.26214171416586
23342,0,general,864,856.8648369061093
23343,0,general,362,393.32334767415836
23344,0,general,692,735.0768315174428
23345,2,general,1296,1231.280094667742
23346,4,general,1197,1245.2500802775553
23347,1,general,1162,1176.0843031412387
23348,2,general,465,391.62583214497715
23349,3,general,1325,1341.920375568283
23350,2,infantry_grenadiers,583,509.54328830812204
23351,2,infantry_light,788,641.3343465111905
23352,0,general,608,503.5577898271996
23353,1,general,495,482.23127725992526
23354,2,infantry_light,700,569.2958707905731
23356,2,cavalry_light,833,780.954969463522
23357,1,general,871,870.1339087060823
23360,2,general,57,30.052923690970673
23361,2,general,452,390.8914101296778
23362,4,general,194,206.55304863529705
23363,1,general,370,340.99414233184524
23364,4,general,321,287.9423917595988
23365,0,general,997,1044.5895116221084
23367,0,general,231,176.43574208559176
23368,0,general,114,93.17278326155919
23369,3,general,95,62.741203352541554
23370,2,general,306,364.4227243270518
23371,0,general,1768,1890.1155859495568
23372,4,general,112,104.7738009190178
23373,3,general,995,1022.2247483629643
23375,1,general,728,701.8660008816786
23376,0,general,795,822.8688431256894
23377,2,general,433,434.0898527902534
23378,2,general,278,268.1155182889029
23379,3,infantry_irregulars,1579,1392.5975346855396
23380,1,infantry_light,487,475.8632832204879
23381,4,infantry_light,953,884.0165314660529
23382,1,infantry_light,493,454.37249968754355
23383,1,infantry_line,187,185.0173044933695
23384,3,infantry_line,209,206.99728291665153
23385,2,infantry_line,298,305.59398000043024
23386,0,infantry_line,269,271.89471774709597
23388,3,infantry_line,150,135.57331275490725
23389,0,infantry_line,715,736.3160666894622
23390,1,infantry_line,538,546.3484862800009
23391,3,infantry_line,881,913.8340179316879
23392,3,infantry_line,387,379.13127266173854
23393,0,infantry_line,789,776.643596569554
23394,4,infantry_militia,152,128.2164438112703
23395,3,infantry_militia,211,202.8061609338905
23396,4,infantry_militia,267,254.83525078514984
23398,0,cavalry_light,900,824.895380919809
23399,0,cavalry_light,525,569.8469938784851
23400,4,cavalry_light,993,1151.7421896116143
23401,0,cavalry_light,1138,1069.1741095763439
23402,4,general,129,142.51168101996967
23403,1,general,840,1034.473872909062
23404,0,general,982,1074.092590239051
23405,4,general,164,126.05781066370156
23406,4,general,435,491.0342932435437
23408,0,general,946,908.2006202032114
23409,4,general,913,892.4029948993606
23410,1,general,645,641.2879417331145
23411,1,general,1236,1165.5575323874784
23414,4,infantry_line,212,244.41211640741463
23415,0,infantry_line,943,952.0424950127094
23416,4,infantry_line,831,851.5805273367818
23418,2,general,331,317.84819635805025
23421,2,general,70,84.25877179743993
23422,1,general,217,242.5068102676671
23423,3,general,486,510.85736275881646
23424,3,infantry_light,747,729.3563890456483
23426,0,infantry_line,289,355.55147535599946
23427,0,infantry_line,699,658.553251559547
23428,1,infantry_line,172,199.0664606496032
23429,3,infantry_line,232,227.51995219824542
23430,2,infantry_line,535,572.0936783921123
23432,3,cavalry_lancers,597,571.6538003758299
23433,2,general,186,226.61940431461784
23434,2,general,226,219.21861816017594
23435,2,general,405,353.93366330341365
23436,4,general,399,389.2399100180946
23437,4,general,468,472.7723622455828
23438,4,infantry_light,445,420.9567218723347
23439,4,infantry_line,355,359.4017282563348
23441,0,infantry_line,316,327.42893701123427
23443,3,infantry_skirmishers,233,214.3798172441713
23444,0,infantry_skirmishers,245,299.8125322790604
23445,3,artillery_foot,242,263.33030307375617
23446,4,cavalry_heavy,784,867.6066008501583
23447,0,cavalry_heavy,867,950.5149867080112
23448,0,cavalry_heavy,1874,1878.188721170679
23449,3,cavalry_heavy,1349,1304.728953930697
23450,3,cavalry_heavy,1349,1304.728953930697
23451,4,cavalry_light,267,282.66506105860645
23452,1,cavalry_light,859,825.1212908748573
23453,4,cavalry_light,710,736.7182068962554
23455,3,cavalry_standard,719,739.4897556532972
23456,2,cavalry_standard,588,552.8177500900623
23457,1,cavalry_standard,536,521.3619640868069
23458,0,cavalry_standard,685,677.6882314287833
23459,0,general,799,801.2402151541124
23460,1,general,1614,1632.1672456719705
23461,2,general,757,835.416833774826
23462,1,general,507,542.2794976297824
23463,2,general,821,693.2132695844052
23464,4,general,522,536.7188565228652
23465,1,general,415,379.7683633897001
23466,4,general,317,430.3254709284966
23467,3,general,173,207.84921160469685
23468,3,general,361,359.4445099208169
23469,1,general,899,1078.8420167040115
23471,1,general,583,600.6839754516632
23472,3,general,169,195.309565582438
23474,3,general,683,712.2148729996185
23475,0,general,575,619.9461049494879
23476,1,general,1223,1250.4555879002432
23477,4,general,1598,1652.1379469359003
23478,2,general,1003,820.0357503981979
23480,3,infantry_light,569,574.5460584472013
23481,2,infantry_light,1492,1629.4491658713646
23482,4,infantry_light,1288,1291.4063963587491
23483,2,infantry_line,354,331.3936050089846
23484,2,infantry_line,491,499.64169773445985
23485,4,infantry_line,433,472.2385914231909
23487,0,infantry_line,854,707.5129270315665
23489,2,cavalry_heavy,1323,1309.914213636826
23490,4,cavalry_light,395,421.21647330110596
23491,1,general,1169,1174.763197467495
23492,2,general,244,287.6016813066351
23493,0,cavalry_lancers,911,925.3410177533019
23494,3,cavalry_light,877,821.480350311375
23495,0,cavalry_light,816,786.7122149030503
23497,4,general,630,671.8757134629409
23498,2,general,435,394.8828913131662
23499,0,general,117,106.59795333318316
23500,3,general,294,217.351748009494
23501,3,general,834,828.8720771250242
23502,3,general,315,329.8411951475505
23503,1,general,514,438.8171358335483
23504,0,general,799,812.357984032946
23505,4,general,1041,1055.682274261425
23506,3,general,944,866.110876949961
23507,2,general,494,460.9226585273843
23508,3,infantry_irregulars,396,410.62771871593947
23510,3,infantry_light,852,814.0416358623221
23512,3,infantry_line,356,277.8121564259175
23513,2,infantry_militia,202,209.52408236939473
23514,2,infantry_skirmishers,500,423.89115662670116
23515,2,cavalry_light,721,562.8792830723871
23516,1,general,587,499.3439541063815
23517,1,general,511,665.628665292399
23518,3,general,599,756.7288534891777
23522,1,infantry_irregulars,842,1065.695508843487
23523,4,artillery_foot,797,738.3438178915175
23524,3,artillery_foot,379,400.7876606858075
23525,3,artillery_foot,379,400.7876606858075
23527,3,artillery_foot,379,400.7876606858075
23530,0,artillery_foot,717,755.6095145487574
23532,3,artillery_foot,756,746.490309679506
23533,3,artillery_foot,599,585.6742973500895
23539,3,general,228,228.0993033239306
23541,1,general,654,665.5367803649924
23542,3,general,228,228.0993033239306
23543,2,general,601,599.4434559346134
23544,0,general,488,477.57117638881556
23545,3,general,228,228.0993033239306
23546,4,general,1,1.0
23547,4,general,816,754.7003978017099
23548,4,general,1,1.0
23549,1,infantry_grenadiers,534,540.4651678482435
23550,4,infantry_grenadiers,437,377.28989777488624
23551,4,infantry_grenadiers,437,377.28989777488624
23552,3,artillery_horse,1433,1430.73638188658
23553,4,cavalry_light,1685,1547.722071533423
23554,1,cavalry_light,962,993.6412432467031
23555,1,cavalry_light,1308,1296.03914487789
23556,1,general,1164,1146.6865949638975
23557,2,general,613,582.6715037291085
23560,4,general,597,591.293267435888
23561,1,general,741,701.6671939631667
23562,4,general,788,782.0574872897647
23563,2,general,1456,1357.6574189242122
23565,3,general,1050,1081.7175246767183
23566,2,general,610,643.9910214060682
23567,3,general,1628,1575.343810299785
23569,1,infantry_irregulars,797,840.4428215352357
23570,1,infantry_irregulars,357,288.04863246758725
23571,1,infantry_light,554,595.3050803523716
23572,1,infantry_light,492,526.4499071848686
23573,0,infantry_light,827,839.9705544479414
23574,3,infantry_light,481,555.6092512083378
23575,2,infantry_light,761,750.7915776898391
23577,0,infantry_skirmishers,262,288.05789555018566
23580,0,artillery_horse,704,704.471719975362
23581,0,cavalry_lancers,775,791.4950672499424
23583,1,general,676,672.4349419382756
23584,2,general,189,130.17900303256718
23585,2,general,867,807.2299817563875
23586,0,general,974,1056.08716445272
23587,2,general,529,500.2707985969841
23588,2,general,739,662.0505916086113
23589,0,general,1627,1565.7433283093683
23591,4,infantry_light,599,654.8629653563233
23592,0,infantry_light,1336,1312.6496829906996
23593,4,infantry_line,295,252.67556246359996
23594,3,infantry_line,738,707.5127958788364
23595,2,infantry_line,911,904.8658584570583
23597,1,artillery_horse,726,724.3602954734076
23598,1,cavalry_light,1792,1758.9318389873476
23599,0,cavalry_light,1260,1240.5186637405548
23600,1,general,1325,1310.727448055534
23601,2,general,1610,1562.4367993857172
23602,1,general,1835,1844.5275839470853
23603,2,artillery_foot,824,751.180983991804
23604,4,cavalry_standard,1779,1705.3877332723566
23605,4,general,1717,1667.042637781453
23606,0,general,283,275.9650358614392
23607,1,general,364,391.7299581532062
23608,4,general,1948,1908.3158491859585
23610,2,general,1623,1561.5944561809222
23611,1,general,613,667.3636941441985
23612,2,general,1028,961.9884587833296
23614,2,general,1072,1019.7513137004895
23615,4,infantry_light,402,402.7344728397728
23616,1,infantry_light,738,815.2690637286356
23617,1,infantry_line,365,438.9814725175826
23618,4,infantry_line,1095,1080.4024231234794
23620,1,infantry_line,1422,1433.6404363880988
23621,1,infantry_skirmishers,182,196.71827000179618
23622,3,general,545,501.8598615039621
23623,4,general,254,310.28171905049874
23624,0,general,610,574.7332737291234
23625,4,general,505,564.0882082427463
23626,3,general,468,464.09735404113655
23627,3,general,1003,1146.1166825707894
23629,0,general,1423,1349.8459862226475
23632,2,general,921,1036.5885027629727
23634,3,infantry_line,447,514.1139586762243
23636,2,infantry_line,624,633.9972164052394
23638,1,infantry_line,1307,1313.7721709000834
23639,1,infantry_line,1133,1093.1231668438606
23640,3,infantry_line,1015,1193.7604319394661
23641,4,infantry_line,1321,1332.514315734353
23642,4,infantry_skirmishers,189,189.37971184386393
23643,4,infantry_skirmishers,189,189.37971184386393
23644,4,infantry_skirmishers,189,189.37971184386393
23645,1,general,889,794.131163565425
23646,0,general,1321,1404.4109520467443
23647,0,general,1038,1097.320829361405
23648,3,infantry_line,711,745.7161365863861
23649,4,infantry_line,1131,1272.4186920731825
23650,0,cavalry_light,2219,2257.694738445929
23651,4,cavalry_standard,1029,1012.1579774211689
23652,2,general,227,240.82817899735164
23653,4,general,548,556.7988352401557
23654,0,general,998,942.7208098272897
23655,1,general,1008,1013.317215194757
23657,2,general,339,418.7971246282248
23658,2,infantry_light,789,778.9637786042778
23659,0,infantry_line,313,354.6458503253013
23661,2,general,842,797.2311659115231
23662,2,general,546,474.6577755609789
23664,0,general,753,770.8785257133327
23667,2,infantry_light,578,650.0179592323624
23668,0,infantry_light,661,618.4115130770202
23670,2,infantry_skirmishers,300,286.1860785125465
23671,1,infantry_skirmishers,182,196.71827000179618
23672,3,general,322,330.2379746734121
23677,4,infantry_line,695,678.2685303983747
23678,1,artillery_foot,400,424.3893336172822
23679,2,general,75,50.65813666550582
23680,0,general,27,56.235046199088885
23681,4,general,88,82.88401167919133
23682,1,general,114,90.26219643202322
23683,1,infantry_line,194,189.1068634561556
23685,4,infantry_militia,130,127.95472498553733
23687,3,artillery_foot,455,407.61563136438525
23688,2,general,434,375.4688149234111
23689,0,cavalry_light,762,796.9721215877081
23691,0,general,1106,1013.587165669856
23692,4,general,657,692.3523311202013
23694,4,general,914,896.5122444562793
23695,0,general,1540,1466.9709126864034
23697,4,general,1473,1460.3032800458016
23698,2,general,1615,1565.7309072609307
23699,0,infantry_grenadiers,1215,1153.6824677534448
23702,2,infantry_grenadiers,1398,1334.986708362133
23703,2,cavalry_heavy,1614,1560.3335753184087
23704,4,general,1514,1559.9555680611031
23705,4,general,268,351.53013186956855
23706,0,general,448,466.91194504337716
23707,4,general,147,193.02124208823827
23709,2,infantry_line,349,417.9202120208548
23710,0,infantry_line,234,307.19415844660926
23711,3,infantry_line,1120,1094.832602856143
23712,4,infantry_skirmishers,189,189.37971184386393
23713,4,general,147,193.02124208823827
23714,4,general,147,193.02124208823827
23716,0,general,1089,1100.77932965531
23717,0,infantry_line,234,307.19415844660926
23719,3,infantry_line,749,734.1218006066065
23720,0,cavalry_lancers,646,687.2706423304141
23721,0,cavalry_light,801,839.5088279475835
23722,3,cavalry_light,1658,1635.3865063972225
23723,1,general,658,662.8464389441282
23724,2,general,1421,1404.9298557800723
23727,0,artillery_foot,1645,1705.2539528012076
23728,2,artillery_foot,801,781.4675814089019
23729,2,artillery_foot,801,781.4675814089019
23730,2,artillery_foot,824,751.180983991804
23731,2,artillery_foot,824,751.180983991804
23732,2,artillery_foot,824,751.180983991804
23733,3,artillery_horse,1445,1442.006949146885
23734,0,general,469,468.9556019681644
23735,3,general,266,266.45988025465806
23736,1,general,958,952.4000692316904
23737,1,general,923,958.6603513825546
23738,0,general,469,468.9556019681644
23739,3,general,1536,1530.6744867988175
23740,4,general,448,464.5955511729857
23741,2,infantry_grenadiers,523,551.5413948558949
23742,2,infantry_grenadiers,523,551.5413948558949
23743,2,infantry_grenadiers,523,551.5413948558949
23744,2,cavalry_heavy,1462,1474.7546330204611
23745,2,general,326,317.238950078225
23747,2,general,816,834.6250285263181
23748,3,infantry_grenadiers,564,569.9596917328573
23749,1,infantry_line,377,360.80952774227353
23750,3,infantry_line,682,704.1458580609518
23752,0,artillery_foot,715,737.7120077445326
23753,3,artillery_horse,418,404.92275338621783
23754,3,general,188,199.23484659612555
23755,4,general,791,794.3650501886086
23756,3,infantry_line,278,298.84002227498615
23757,3,infantry_line,842,856.775088000414
23759,3,cavalry_heavy,1023,1025.4354815135487
23760,1,cavalry_lancers,585,561.7425548334548
23761,3,general,1078,1036.9655689342153
23762,0,general,841,850.6185914893844
23763,0,infantry_grenadiers,786,792.7449770013028
23764,1,cavalry_lancers,577,582.3010694303557
23765,2,general,607,578.6192402925531
23766,4,infantry_grenadiers,429,334.97474590591963
23767,0,artillery_fixed,1392,2408.25327154535
23768,1,cavalry_light,413,431.6305520552191
23769,0,cavalry_light,489,535.2734183759533
23770,2,general,438,442.98427714094606
23773,2,infantry_skirmishers,199,205.27193675470807
23774,4,artillery_foot,486,461.30985436054834
23776,3,general,556,495.13942133276305
23777,4,infantry_irregulars,585,237.575821606347
23779,3,infantry_militia,211,208.32415724109097
23780,4,artillery_foot,330,321.8531231839464
23781,0,cavalry_heavy,938,891.067057722427
23782,4,cavalry_light,350,356.89715778419435
23783,2,general,181,194.49086551292575
23784,0,general,802,770.9699856133211
23787,1,infantry_line,253,237.52878068435126
23788,2,artillery_horse,401,393.924061810791
23789,4,cavalry_lancers,318,455.0255394864269
23790,3,cavalry_light,836,816.5581000898306
23791,3,general,190,327.31114309071165
23792,4,general,176,83.53619393063659
23793,1,general,102,124.33256751099955
23794,0,general,85,51.276893367879865
23795,1,general,248,204.50600464914584
23796,4,general,40,42.02214436580552
23797,1,infantry_light,362,314.5685724878471
23799,0,infantry_line,180,222.69889422090756
23800,1,infantry_militia,102,91.41840492680257
23801,3,infantry_militia,139,119.44243197153868
23802,0,cavalry_lancers,183,257.7373833802745
23804,3,general,185,194.29880327364592
23805,2,infantry_line,287,296.2256040099401
23806,0,cavalry_lancers,295,331.2684555965653
23807,3,general,187,169.790974958468
23809,4,infantry_militia,276,234.35274904786525
23810,1,infantry_militia,146,140.291943294984
23811,1,infantry_militia,116,131.63017665546647
23812,0,cavalry_lancers,316,446.0645119885328
23814,1,general,152,149.9155484472012
23815,3,infantry_irregulars,465,542.455277702925
23817,4,infantry_skirmishers,579,387.53545279875965
23818,1,artillery_foot,1028,1005.6200724499537
23819,1,cavalry_lancers,540,558.0618839368364
23820,2,cavalry_light,668,656.3089032745391
23821,4,general,384,335.4566343134013
23822,1,general,548,561.9104523657422
23823,0,infantry_skirmishers,529,463.8559984290261
23824,0,infantry_irregulars,455,598.8547221508793
23828,0,artillery_foot,824,826.6385148547575
23829,2,cavalry_lancers,305,449.6594074672081
23830,4,cavalry_missile,512,484.03342599371587
23832,2,infantry_line,124,183.03501593470372
23833,2,infantry_line,241,279.64685322126337
23834,2,infantry_militia,182,217.03661603718024
23835,2,infantry_skirmishers,224,214.1083992214708
23836,4,cavalry_heavy,1785,1858.9987031597261
23838,3,cavalry_lancers,592,617.6349585846109
23839,3,general,680,678.2922821349582
23840,4,general,753,837.0448803801164
23841,1,cavalry_missile,611,702.3815220838903
23842,4,infantry_skirmishers,484,376.5821971922493
23843,0,cavalry_light,694,575.9902024519104
23846,1,artillery_foot,1573,1468.96974463361
23847,1,artillery_foot,368,324.6515522417276
23848,0,general,67,67.39235419550637
23849,4,general,312,311.1227775339851
23852,0,cavalry_light,659,637.5699500991589
23853,4,cavalry_missile,538,587.6028189374578
23854,0,general,502,476.02471281663634
23855,0,general,565,537.4880968865043
23856,0,infantry_light,622,626.7546509380255
23857,1,cavalry_lancers,1407,1363.619630243602
23858,4,general,1249,1217.3177650970163
23859,4,infantry_skirmishers,361,345.2209557683853
23860,0,general,678,705.1864521212261
23861,1,general,1525,1553.952616891244
23862,2,general,506,511.9114078350183
23863,1,general,1251,1263.0166467394702
23865,2,infantry_line,614,646.3635269618869
23866,2,cavalry_heavy,1047,1011.6252432972146
23868,3,general,197,272.9304701925636
23869,2,general,374,348.8406831504783
23872,3,general,475,508.7162415869205
23873,1,infantry_irregulars,489,383.8529828220567
23874,3,infantry_light,483,528.2475582099888
23875,1,infantry_line,210,319.841293263984
23876,4,infantry_line,423,444.01313039751074
23877,3,cavalry_heavy,3060,2970.366294991539
23878,2,general,154,212.73086224732074
23879,1,general,2686,2697.311845511847
23881,0,cavalry_lancers,675,645.7022914414207
23882,3,general,529,501.0307339256916
23883,2,general,194,145.54473946706113
23884,4,infantry_militia,149,217.18998278800836
23885,0,infantry_militia,109,191.9955921832301
23886,4,cavalry_lancers,530,553.9632515783587
23887,2,cavalry_light,720,766.4837629899484
23888,4,general,814,737.8601448796372
23889,0,general,570,602.8170191929999
23890,4,general,1086,964.7174356411833
23891,1,infantry_line,741,651.7142166918438
23892,3,general,285,325.1089653276012
23895,3,general,1381,1388.427582612468
23897,4,infantry_line,1794,1683.538003754557
23898,3,artillery_foot,60,87.80890569950596
23899,4,artillery_foot,618,539.5573038571143
23901,4,artillery_horse,391,415.66587175930215
23902,3,artillery_horse,86,125.93944745716891
23903,0,general,87,86.64145217620181
23904,0,general,87,86.64145217620181
23905,3,general,195,203.7114787129731
23906,4,general,401,400.91238818125987
23907,3,general,29,86.3657824714985
23908,1,infantry_skirmishers,362,391.2234256288974
23909,2,cavalry_light,724,774.9715397163044
23910,1,cavalry_light,468,480.6714385728521
23911,0,cavalry_light,692,883.7072341339345
23912,4,general,192,202.7457136044365
23913,1,general,665,696.8265047712974
23915,1,general,327,306.2101175357121
23916,2,general,640,627.9460530531379
23918,2,general,321,304.4810249974318
23919,4,general,435,415.78976255370395
23920,2,infantry_light,177,177.45248726741585
23921,2,infantry_light,378,381.301573476346
23923,0,infantry_light,412,421.0078819854382
23924,0,infantry_line,709,711.8993556664851
23925,2,infantry_line,464,439.5302049120979
23928,1,infantry_skirmishers,162,167.07425975834622
23929,0,cavalry_light,756,779.162390439355
23930,3,cavalry_standard,805,796.092486042369
23931,4,general,650,631.2001983291295
23932,4,general,635,651.0552989888712
23933,0,general,75,60.92000696969497
23935,2,general,153,129.14303025248867
23936,1,general,420,375.59104502829507
23937,4,general,345,349.4107801766999
23938,0,general,579,577.3546722403287
23940,1,infantry_light,195,195.65730420912567
23941,0,infantry_light,357,357.6485621688597
23942,2,infantry_line,226,199.9011255984559
23943,4,infantry_line,145,165.50982657099865
23944,2,infantry_line,178,170.82328719392208
23945,4,infantry_line,544,487.5510240437073
23946,1,infantry_line,633,647.1992349891275
23947,1,infantry_line,485,492.8992127544719
23949,3,infantry_skirmishers,143,139.75732630931643
23950,2,cavalry_light,890,1061.3619509116443
23951,2,cavalry_light,632,670.9992738439346
23952,0,cavalry_light,425,423.85034191936614
23953,0,general,821,983.4671505940078
23954,1,general,525,549.0574737831641
23956,3,general,124,126.68843815771177
23957,3,general,91,80.15261647788469
23958,4,general,93,94.63664392563435
23959,1,general,124,133.53090894143958
23960,0,general,474,458.1533113392227
23961,0,general,391,375.73644298471874
23962,0,infantry_line,168,163.75130538563718
23963,0,infantry_line,222,241.62693229651867
23966,2,infantry_line,417,427.30133265799066
23968,3,general,90,79.35162717025119
23969,4,general,130,122.59306856463016
23971,1,infantry_line,190,190.53550813965958
23972,4,cavalry_light,848,872.3229247566758
23973,0,cavalry_light,502,510.7607102269632
23974,1,general,780,759.2943922188641
23975,4,general,331,319.91954623048827
23976,3,general,364,362.9302098316083
23977,1,general,433,411.83193407373193
23978,1,infantry_light,223,236.82766612907525
23979,3,infantry_light,537,550.8408617771312
23980,4,artillery_horse,1083,1087.8756041679264
23982,2,cavalry_light,838,844.2222703197688
23983,1,cavalry_light,772,775.7611095013013
23984,4,cavalry_light,622,583.6529832642967
23985,0,cavalry_standard,579,595.7263805780333
23986,1,cavalry_standard,708,686.5841776925338
23987,3,general,599,562.878983448242
23988,4,general,721,729.5767375447417
23990,2,general,1073,1077.4644067142829
23991,3,general,111,118.07470013548975
23992,0,general,540,549.7329172010734
23994,4,general,1686,1823.4758752190917
23995,1,general,676,672.6514402878106
23996,4,general,519,478.8514487044597
23998,2,infantry_light,182,183.70150400514075
23999,3,infantry_line,232,205.64821139343277
24000,1,general,318,323.74242480652356
24001,1,general,306,277.2989630784634
24002,2,general,407,392.29050745906926
24003,3,general,19,2.547140586775413
24004,3,general,305,273.32364828858476
24006,2,general,859,678.3424701175355
24007,2,infantry_light,409,403.6258264499974
24009,4,infantry_light,685,633.3348198577409
24010,2,infantry_line,378,378.2550022980436
24011,0,infantry_line,273,265.1552572607975
24012,0,infantry_line,413,387.5987895104234
24013,4,infantry_militia,113,105.83786614581223
24014,2,infantry_skirmishers,276,257.94099837543126
24015,3,infantry_skirmishers,143,139.75732630931643
24016,3,artillery_horse,892,878.0495785492809
24017,3,cavalry_light,821,796.7763776113648
24018,4,cavalry_light,400,398.6789167583493
24020,3,general,103,99.27033277160112
24021,0,general,698,678.1837127038815
24022,3,general,495,438.7101856640685
24023,3,general,214,195.28300879335544
24024,3,general,887,855.1207596415088
24025,2,general,416,414.42385747098183
24026,1,general,462,438.31540651419925
24027,2,infantry_line,318,309.1856251194523
24029,1,infantry_line,398,374.6585601528402
24030,4,infantry_line,521,504.8855845028126
24032,0,artillery_foot,607,599.7554846847253
24033,0,general,178,178.16727272333017
24034,0,general,182,172.22817581011412
24035,4,general,517,507.87075049135154
24036,3,general,161,125.107899450645
24037,3,general,452,439.6286841024002
24038,2,infantry_line,239,243.70845782231484
24039,3,infantry_line,264,235.17392070214083
24040,0,infantry_line,279,283.25771784278396
24041,1,infantry_line,425,409.53711340996574
24042,4,general,88,76.58771423281844
24043,2,general,120,124.75382009174234
24044,4,general,31,38.94953661399953
24045,4,general,39,52.49917412675933
24046,4,infantry_line,219,230.97208041139038
24047,4,infantry_line,120,145.89325263302175
24048,3,infantry_line,157,147.17538874363467
24049,4,infantry_line,128,159.93971653588994
24053,2,cavalry_light,741,655.780390936694
24054,2,general,415,411.307970212331
24055,1,general,16,1.0
24056,3,general,87,68.49534070791569
24057,3,general,211,206.23607574960036
24058,2,general,636,811.4419335797544
24059,4,general,588,510.622060249457
24060,4,general,583,565.492964619919
24061,1,general,330,314.4878320813444
24062,1,infantry_light,309,325.3920981539834
24063,0,infantry_light,354,392.236232682716
24064,2,infantry_light,446,477.58554174480923
24065,1,infantry_light,504,490.6105287871073
24066,4,infantry_line,193,177.71717150247156
24067,1,infantry_line,345,309.7711932965265
24068,4,infantry_militia,111,100.5372696080577
24069,1,infantry_skirmishers,162,167.07425975834622
24071,3,cavalry_light,842,1047.4498715756504
24072,1,general,200,196.46921368328879
24074,1,general,695,716.230242933784
24075,0,general,763,965.8504900278999
24076,4,general,244,216.76767859968535
24077,4,general,505,513.2837816222252
24078,1,general,178,152.1223286257542
24079,0,general,376,348.6751688483595
24082,4,infantry_light,493,473.937067155424
24083,0,infantry_line,188,162.39495132113268
24085,3,infantry_line,253,220.66642077869037
24086,2,infantry_line,322,290.5225335201429
24087,3,infantry_line,485,484.0302144990546
24090,1,general,129,122.28119334683376
24091,1,general,481,470.16959562662294
24092,1,general,735,750.899602137674
24093,4,general,85,70.8000690505088
24094,1,infantry_line,188,180.40690736909033
24095,2,infantry_line,228,233.2255948099592
24096,3,general,104,97.98909525066625
24097,1,general,485,469.6085323046932
24098,0,infantry_line,203,210.1104897371534
24099,2,infantry_line,457,440.27773411832993
24100,4,cavalry_heavy,1891,1856.5045303100999
24101,4,cavalry_heavy,1930,1876.686108617757
24102,3,cavalry_heavy,1259,1331.3770106133893
24105,2,general,1056,1106.861364396262
24106,4,general,702,652.9547577643334
24107,3,general,1693,1697.9654800842677
24108,0,general,1924,1907.8594482487779
24109,0,general,731,723.4396962750117
24110,2,general,802,796.5146260533578
24111,1,general,879,869.8016340590706
24112,0,infantry_grenadiers,629,615.1923428451033
24114,4,infantry_grenadiers,924,909.5029413214019
24115,2,infantry_grenadiers,720,737.8158068092708
24116,2,cavalry_heavy,1546,1568.5474514267482
24117,1,cavalry_heavy,1734,1758.4589231992084
24118,4,cavalry_heavy,1430,1407.5945516670045
24119,3,cavalry_heavy,1303,1356.9255541529078
24120,4,cavalry_lancers,560,560.9577908076415
24121,1,cavalry_light,709,889.6071811630557
24123,2,general,312,290.6192604789811
24124,3,general,1148,1195.5195810786215
24125,1,general,1824,1836.815094023765
24126,0,general,463,429.46567917395515
24127,4,general,522,487.83870554932537
24128,2,general,766,987.3505433730911
24129,0,general,1209,1208.5902713670787
24130,4,general,619,583.1664755325901
24131,1,general,349,398.9798561697779
24132,3,general,641,815.3946732344011
24133,4,general,953,926.9789962500226
24134,2,general,929,907.5906894917722
24135,0,infantry_grenadiers,649,634.3845343819064
24136,0,infantry_grenadiers,499,470.8721280784691
24137,4,infantry_grenadiers,991,976.1172794077982
24138,2,infantry_grenadiers,759,759.0308020966345
24139,2,infantry_light,281,333.4523408738265
24140,3,infantry_light,419,430.69605697115617
24141,4,cavalry_light,717,770.674128610085
24142,3,cavalry_light,314,304.76990840826056
24143,4,cavalry_standard,617,629.6355477432578
24144,0,general,120,43.94502732560123
24145,4,general,516,519.5891451524955
24146,3,general,590,632.9081985978274
24147,0,general,723,650.6003095857895
24148,0,general,229,230.32057361717952
24150,4,general,838,803.9450075024199
24152,0,general,329,319.0617739666903
24153,0,infantry_grenadiers,649,634.3845343819064
24154,4,infantry_grenadiers,991,976.1172794077982
24155,2,infantry_grenadiers,759,759.0308020966345
24156,0,infantry_irregulars,171,116.97151173391876
24157,2,infantry_line,584,583.2318261107465
24160,4,general,814,821.8675220627027
24161,2,general,648,626.6235989984486
24162,0,general,865,860.9430471314195
24164,1,infantry_grenadiers,772,746.5718434705921
24165,2,infantry_grenadiers,989,1005.631442182732
24166,3,general,493,506.1313272658826
24168,2,infantry_line,564,584.2694922272966
24169,1,infantry_line,355,335.458905908045
24171,0,general,132,112.13247055195241
24172,2,infantry_light,268,265.368581057897
24173,4,infantry_line,196,177.9337613896793
24174,1,infantry_skirmishers,349,291.4018486681922
24176,0,infantry_line,134,117.61061820635798
24177,1,infantry_line,185,184.9664039417015
24178,2,general,134,140.8650761949374
24180,0,infantry_line,232,255.7280323359491
24181,4,cavalry_light,480,547.7980144451145
24182,1,general,365,446.19581289245303
24183,2,artillery_foot,1234,1233.7648029320496
24184,2,artillery_foot,1234,1233.7648029320496
24186,1,artillery_foot,618,571.2147229205168
24187,1,artillery_foot,618,571.2147229205168
24189,2,artillery_foot,496,502.31745238198147
24190,2,artillery_foot,496,502.31745238198147
24191,1,artillery_horse,1086,1070.1970900716506
24192,1,artillery_horse,1086,1070.1970900716506
24193,3,general,527,484.0985099000604
24194,4,general,1132,1130.8866303332518
24195,1,general,351,349.40908936152255
24197,2,general,563,571.0562655920376
24199,1,general,199,198.76678297112392
24200,2,infantry_grenadiers,389,436.40679991115013
24201,2,infantry_grenadiers,389,436.40679991115013
24205,4,cavalry_light,1913,1860.8780815997698
24206,0,cavalry_light,1663,1660.317498140261
24210,0,general,1664,1703.3318909717445
24211,4,general,702,673.1192928727422
24213,1,general,1160,1163.9495958104003
24214,1,general,950,950.2729243098538
24215,2,infantry_grenadiers,744,698.6975438379079
24216,3,infantry_grenadiers,989,987.2463368953286
24219,2,infantry_grenadiers,774,788.2673774053899
24220,0,infantry_line,240,235.78972326594717
24221,2,infantry_line,511,522.6287074230064
24222,0,infantry_militia,270,300.85951376770845
24224,4,infantry_militia,305,286.64011905597545
24225,2,infantry_skirmishers,238,253.60839914555027
24227,4,cavalry_lancers,407,420.64515784778325
24228,1,cavalry_light,460,522.4565093964912
24229,2,general,208,173.64386115701444
24230,0,general,432,504.6677996900287
24231,2,general,79,68.51662070427328
24232,0,general,525,535.9620118363848
24233,1,general,484,527.8669524946939
24234,1,infantry_line,157,122.40772434953425
24235,3,infantry_line,639,641.5334301341143
24236,0,infantry_line,465,468.3451084118068
24237,4,infantry_line,405,422.19597474540626
24238,2,infantry_militia,185,164.9617503344196
24239,2,infantry_militia,333,301.50093794964965
24240,1,infantry_skirmishers,218,196.40628687609768
24241,2,infantry_skirmishers,238,253.60839914555027
24243,1,cavalry_light,1364,1388.7781385800633
24244,2,general,228,237.00027401229497
24246,4,general,231,271.35028442163076
24248,3,infantry_grenadiers,603,580.3180700005872
24249,0,infantry_line,286,281.24411990086185
24251,2,infantry_line,300,322.1138273991028
24252,0,infantry_militia,265,274.92203036622925
24253,1,infantry_skirmishers,220,215.13847305172885
24256,3,general,455,430.0117200853441
24257,3,general,131,93.3085489817847
24258,4,general,211,212.32067096637473
24259,3,infantry_line,372,360.2085376006102
24260,4,infantry_line,217,205.67240597005616
24261,4,infantry_militia,182,157.48457905370324
24262,3,infantry_skirmishers,223,214.5640021113133
24263,1,cavalry_light,909,863.4348880651214
24264,0,cavalry_standard,1378,1406.7432172108029
24265,3,cavalry_standard,1289,1253.8664757841295
24266,4,cavalry_standard,701,729.4340352963397
24270,3,general,792,750.7374001501047
24271,2,general,404,351.20638546096103
24272,1,general,596,636.7026293794169
24274,1,general,1297,1270.7246538156026
24275,3,general,978,929.0307314952661
24277,2,infantry_militia,322,316.5813095757589
24279,1,infantry_skirmishers,242,229.64455518595003
24280,4,cavalry_lancers,828,716.7883974883965
24281,4,cavalry_light,409,455.70678422035684
24283,0,general,876,894.7397769289325
24284,4,general,359,391.2973206658293
24285,4,infantry_line,269,274.3463282125597
24288,1,infantry_militia,251,247.70397739655252
24289,2,cavalry_lancers,703,700.4319193188002
24290,2,cavalry_lancers,393,419.04772001728224
24292,3,general,547,550.4885619867339
24293,3,artillery_horse,918,901.0229971552752
24294,4,cavalry_standard,1510,1391.0637671937686
24295,4,cavalry_standard,819,822.0137607201635
24297,4,general,1432,1408.2897117902023
24298,4,infantry_line,228,232.51897646812293
24299,0,infantry_skirmishers,487,489.3841130529709
24301,3,cavalry_lancers,455,443.81542122081106
24302,3,cavalry_lancers,364,400.555690068784
24304,4,cavalry_lancers,426,431.66536766244434
24307,1,cavalry_light,1087,1087.8435106683844
24308,0,general,412,429.39038772211495
24309,4,general,735,741.7337115036757
24311,3,artillery_horse,918,901.0229971552752
24313,1,cavalry_light,680,659.3386914657416
24314,1,general,701,702.6983192042567
24316,2,cavalry_lancers,736,715.6136793001724
24318,2,general,294,247.46129949796057
24319,1,general,126,115.84643869169273
24322,3,general,260,271.28298635555865
24323,2,infantry_light,373,337.0878405128043
24324,4,infantry_line,226,210.81747952621512
24325,3,infantry_line,359,289.35197776678575
24326,0,infantry_line,261,260.19596958553933
24330,1,cavalry_lancers,430,439.7011128741311
24331,0,general,223,219.28023449914687
24332,0,general,138,140.36280003372036
24334,4,general,372,382.0368009994219
24336,2,infantry_line,203,193.45894057051555
24339,1,infantry_militia,193,174.75992919188184
24340,4,infantry_skirmishers,332,325.1747031237475
24341,1,general,736,714.87828875833
24343,1,infantry_grenadiers,776,752.2977802758877
24344,1,infantry_line,427,437.69341871982357
24345,4,cavalry_heavy,1418,1428.3301460050736
24346,2,cavalry_lancers,1122,1085.7037219925865
24347,3,cavalry_light,584,597.1809716652632
24348,4,general,1409,1504.0680683431713
24349,3,general,127,154.79217185117506
24350,1,general,154,214.41764358493828
24351,4,general,183,177.2574275660147
24352,2,infantry_line,134,187.5906691850126
24354,3,infantry_line,293,281.62966871721915
24355,1,infantry_line,161,206.2384275540692
24356,0,general,37,49.388689018981225
24357,1,infantry_militia,120,145.72202374645187
24358,2,infantry_militia,141,167.03211623292458
24359,1,infantry_militia,138,154.6207876755908
24360,4,infantry_militia,94,128.08244568559317
24362,3,cavalry_light,746,738.3043610686996
24363,0,general,634,641.8444896132133
24364,3,general,197,181.8387572184618
24365,2,general,303,302.7135915125846
24366,0,general,284,276.44754995618564
24367,3,general,554,492.5478553154178
24368,2,general,872,803.9162830247337
24370,4,infantry_line,216,176.42740830574886
24371,0,infantry_line,396,375.88331083606573
24372,1,infantry_line,984,925.7874248328333
24373,0,infantry_line,610,556.813468959833
24377,1,general,363,346.21245355163046
24378,0,general,747,749.3013429537972
24379,0,general,304,348.72272754765237
24380,0,general,204,222.3853119977191
24381,4,infantry_line,341,316.1461321178458
24383,2,infantry_line,189,181.68965513022516
24386,3,infantry_militia,265,271.7161314910519
24387,0,infantry_skirmishers,258,243.68381283290782
24388,1,general,290,301.9863230213733
24389,2,general,345,350.36843788796193
24390,4,infantry_line,201,190.24416176533967
24393,1,infantry_skirmishers,322,283.5224968529459
24394,1,general,197,196.30495897402574
24395,4,infantry_line,304,298.1048822100518
24397,0,infantry_line,507,497.03308836549314
24400,2,cavalry_heavy,768,860.057853637804
24401,1,cavalry_heavy,1017,1039.1782889561064
24402,1,cavalry_heavy,749,812.052304618602
24403,1,general,780,886.790623943502
24404,3,general,879,916.9506369487697
24405,3,cavalry_light,948,939.5953616935863
24406,3,cavalry_light,415,453.241329931729
24408,3,artillery_horse,918,901.0229971552752
24409,1,artillery_foot,671,596.4633019794459
24410,0,artillery_foot,1020,898.5673412086229
24411,2,artillery_foot,452,469.19662767472386
24412,3,artillery_foot,223,266.2046042507637
24415,2,artillery_foot,656,664.014654535032
24416,1,general,742,683.8572779448779
24417,3,general,1040,926.5044034013207
24418,3,artillery_horse,918,901.0229971552752
24421,0,artillery_foot,768,678.5473531625237
24422,3,artillery_foot,664,596.6272160100102
24423,3,artillery_foot,664,596.6272160100102
24427,1,artillery_foot,781,775.0728040389714
24428,1,artillery_horse,580,589.7271826141816
24429,3,artillery_horse,918,901.0229971552752
24430,4,artillery_horse,952,951.5027109681854
24432,1,general,358,349.40908936152255
24436,3,artillery_foot,719,714.2953225052598
24437,2,general,229,238.37355259297857
24438,4,general,394,401.6230653903254
24439,4,general,235,229.52357628451844
24440,0,general,283,280.73023457941406
24441,0,general,245,236.0048280668456
24442,0,general,382,368.580624738459
24443,1,general,279,280.3830746299905
24445,2,general,870,915.3310149224877
24446,2,general,474,459.95928802188223
24447,2,general,375,375.3044265562303
24448,4,general,410,406.3998976415469
24449,3,infantry_light,506,530.9157138704932
24450,0,infantry_light,366,317.4219965851984
24451,2,infantry_light,373,358.5805065684129
24452,1,infantry_light,387,395.8531687663702
24453,1,infantry_light,484,478.88630129383785
24454,1,infantry_light,412,402.9977321049452
24455,2,infantry_line,332,344.3535111552984
24456,4,infantry_line,296,293.9538180735737
24458,0,infantry_line,280,278.79694613577516
24460,3,infantry_line,340,344.88000484456194
24463,2,infantry_line,350,343.77205988231043
24464,4,infantry_line,407,388.65949257742847
24465,3,infantry_line,335,327.5318850842002
24466,3,infantry_line,792,863.9758256504014
24468,0,infantry_skirmishers,322,284.19827936351373
24469,3,artillery_foot,459,458.2979417767281
24470,1,general,388,378.5049491522012
24471,4,general,539,541.8132432920722
24472,1,general,363,341.4616092730668
24473,3,general,247,243.31925861375288
24475,1,general,273,275.80693173989647
24476,1,general,367,385.5356818912581
24477,3,general,597,585.1687098971222
24478,0,infantry_light,489,466.47261532901996
24479,1,infantry_light,383,380.4178880518336
24480,1,infantry_light,488,428.07701928309166
24481,1,infantry_light,515,516.0160304058134
24483,1,infantry_line,386,368.9486611621279
24488,0,infantry_line,310,312.19590071346556
24489,2,infantry_line,381,387.1975757119131
24490,2,infantry_line,382,399.22940981830067
24491,1,artillery_foot,885,867.9640574003595
24493,0,general,497,495.6229556361298
24494,3,general,130,128.1104933469581
24495,2,general,513,487.97903890260926
24497,4,infantry_grenadiers,565,531.3248790390107
24499,3,infantry_light,295,294.06298218893335
24500,4,infantry_line,263,265.3226158534021
24501,1,infantry_line,357,351.13117222578927
24502,1,infantry_line,236,231.93089202680517
24504,3,infantry_line,198,201.29052266111302
24505,4,infantry_line,465,461.3323319564472
24506,3,general,181,185.83646667814887
24507,2,general,342,326.7411785263617
24509,4,general,567,518.9210412452597
24510,3,general,372,336.871850532952
24511,0,general,488,469.39859316132055
24512,1,infantry_light,472,437.603549511949
24513,3,infantry_light,450,446.37498510266715
24514,3,infantry_light,460,474.7614738157715
24515,1,infantry_light,626,599.268506263785
24516,0,infantry_line,252,251.02058832636962
24517,3,infantry_line,235,239.63909751634392
24518,4,infantry_line,326,278.68484970277234
24519,3,infantry_line,430,383.42971273211003
24520,3,infantry_skirmishers,322,285.7073423145038
24521,1,artillery_horse,1964,1984.525449120848
24522,2,cavalry_lancers,454,423.810976867393
24523,4,cavalry_light,922,906.420169720267
24524,4,cavalry_light,515,549.0549666735527
24525,1,cavalry_light,564,548.0983328265368
24526,4,cavalry_light,1137,1131.084049767788
24527,0,general,1063,1084.3428812083798
24528,0,general,952,964.744022035906
24529,3,general,330,298.624614332752
24530,0,general,424,412.2273124029625
24531,2,general,420,440.3374321647018
24532,0,artillery_foot,586,594.7768303089588
24533,3,general,354,321.6486822545069
24534,4,general,114,108.78174065639648
24535,4,general,305,316.3881695003193
24536,3,general,248,270.2297574653759
24537,2,general,357,321.0514298424489
24538,3,general,400,413.61682429529486
24539,3,general,154,155.64426202631455
24541,2,general,173,147.6452277250794
24543,2,general,1033,943.8080303944216
24544,0,general,728,718.460593912818
24545,2,general,725,724.7036573398856
24546,0,general,165,153.008895323308
24547,1,general,749,711.9746331653502
24548,3,infantry_light,414,392.2966010706389
24549,2,infantry_light,276,291.7733568786503
24550,3,infantry_light,226,218.07158807050197
24551,0,infantry_light,466,477.9632545783724
24552,2,infantry_light,680,693.3953490004302
24553,4,infantry_line,260,284.34056351229407
24555,2,infantry_line,247,241.43386087879304
24556,3,infantry_line,280,255.71648190079722
24557,0,infantry_line,239,263.3502982292155
24559,1,infantry_line,361,385.9405594438892
24560,0,infantry_line,221,220.86118371691475
24561,1,infantry_line,636,633.5194137970606
24563,4,infantry_line,648,639.1385704584706
24565,0,infantry_line,520,516.7764036848249
24567,0,general,378,345.2507884841708
24568,4,general,298,281.1449457773632
24569,1,general,299,316.1713530331497
24570,1,general,157,187.56527646267887
24572,3,general,921,875.932781387663
24573,4,general,246,237.0033312300211
24574,2,general,621,610.4273400028018
24577,0,infantry_grenadiers,611,584.0713253752534
24578,3,infantry_light,371,349.24780517983345
24579,4,infantry_light,545,541.2628096887952
24580,4,infantry_line,355,346.8304077116457
24581,1,infantry_line,274,258.0570626381307
24582,3,infantry_line,252,290.92528023680006
24583,1,infantry_line,348,381.16628119045754
24585,0,infantry_line,237,229.39433250974812
24588,3,artillery_foot,1626,1558.3326453876907
24589,1,artillery_foot,1210,1214.3616653977801
24590,1,artillery_foot,1023,1109.3221619964356
24591,2,artillery_foot,890,860.965806035171
24592,0,general,1117,1205.2443115171886
24593,1,general,1674,1661.278355856773
24594,3,infantry_grenadiers,827,835.1417267413198
24596,0,artillery_horse,1726,1731.9682968066463
24597,0,artillery_horse,1726,1731.9682968066463
24598,1,cavalry_standard,885,839.7149805050226
24599,4,cavalry_standard,909,942.2305094441623
24600,2,cavalry_standard,1016,1053.777748493994
24601,1,cavalry_standard,610,597.4902037715568
24603,3,cavalry_standard,603,609.7423385867492
24604,0,cavalry_standard,730,704.5481736925678
24605,4,general,569,572.2825596747715
24606,2,general,734,759.9169284104172
24607,0,general,251,250.13756425026278
24608,1,general,1091,1073.7225311892357
24609,2,general,507,492.0314126656816
24610,2,general,448,418.55505309482464
24612,4,general,495,498.15364482681446
24613,0,general,1011,1003.895505349303
24614,0,general,470,472.5967957920518
24615,0,general,357,335.5824090777244
24616,4,general,448,461.36468279710834
24617,2,infantry_grenadiers,364,364.17784363140504
24619,0,infantry_grenadiers,512,475.9783294247394
24620,4,infantry_grenadiers,408,399.7269950283455
24621,0,infantry_grenadiers,426,407.1905402843932
24622,3,infantry_grenadiers,468,471.4774969599559
24623,0,artillery_horse,1726,1731.9682968066463
24626,2,cavalry_light,719,697.1616359689032
24627,4,cavalry_light,811,769.2561959017974
24628,3,cavalry_light,699,666.2616286203933
24629,2,cavalry_light,725,685.9639992593611
24630,3,general,615,566.905806596489
24632,0,general,431,394.71580257660423
24633,1,general,738,709.2813213487332
24635,0,general,343,306.8459131995272
24636,3,general,662,618.3043525815075
24637,1,general,505,463.9544341748093
24638,1,general,611,571.9896913830763
24639,1,general,434,409.0339302719533
24640,0,general,719,714.8265234525213
24641,4,general,498,527.8433955910052
24643,0,infantry_grenadiers,388,354.928371746635
24644,4,infantry_grenadiers,616,589.255068065173
24645,1,infantry_grenadiers,396,365.68896976950805
24647,0,infantry_grenadiers,501,504.22651053531615
24648,4,infantry_grenadiers,670,748.723999086076
24649,0,cavalry_lancers,428,449.09908493907517
24650,0,cavalry_lancers,521,519.5549546074938
24653,2,cavalry_lancers,810,793.3686196930648
24654,3,cavalry_lancers,714,695.4185193345397
24655,4,cavalry_lancers,365,357.68444637794966
24656,1,cavalry_light,1245,1221.8620688735316
24657,0,cavalry_light,510,512.0138249380992
24658,0,cavalry_light,1506,1515.8838757259475
24659,4,general,549,542.5270442762019
24661,0,general,430,423.884163104841
24662,1,general,467,459.2750368984921
24663,3,general,883,900.9531166085081
24664,4,general,1091,1071.2891825538647
24665,2,general,1513,1489.1445282617826
24666,0,infantry_light,346,306.8039299655388
24667,2,cavalry_light,359,359.5098083957046
24668,4,general,323,332.1614688228606
24669,1,artillery_foot,959,886.5320885032027
24670,4,artillery_horse,1804,1777.6525037406493
24671,3,cavalry_lancers,518,517.0639589653177
24673,2,general,302,267.0034705002259
24674,4,general,535,538.9316918700541
24675,4,general,121,109.57486977492327
24676,1,general,563,540.9758149544471
24678,0,general,106,98.26124180944595
24679,1,general,494,491.00000389821855
24680,2,general,979,959.8610972511196
24682,0,general,926,887.8002302337958
24683,3,infantry_grenadiers,1110,1069.2076122798546
24684,4,infantry_grenadiers,962,908.8588477980554
24685,3,infantry_light,363,343.602404219545
24687,4,infantry_line,224,210.7657034823666
24688,0,infantry_line,202,202.8646005533985
24689,0,infantry_line,208,200.3825237543946
24691,3,infantry_skirmishers,300,325.6763405963266
24693,2,cavalry_lancers,755,733.5051242316545
24696,0,cavalry_lancers,522,520.3277448273298
24697,3,cavalry_lancers,451,478.26190032523704
24698,1,general,448,465.39612572501716
24699,0,general,135,124.76334033967456
24700,0,general,637,637.6353531635901
24701,1,general,201,191.2003732717147
24702,2,general,349,375.398384177111
24703,1,general,215,192.29231418256387
24705,1,general,738,733.6928153622814
24706,1,infantry_light,269,262.02265843050833
24707,1,infantry_light,334,316.6460586331342
24708,2,infantry_line,214,186.13238711454574
24709,4,infantry_line,323,297.82037794710186
24710,4,infantry_line,226,209.4511559108233
24711,2,infantry_line,797,795.2394715678553
24712,3,infantry_line,253,234.94911308334864
24713,4,artillery_horse,1329,1300.7956442544623
24714,0,cavalry_heavy,1801,1837.4838032790226
24715,4,cavalry_lancers,408,434.8080760173157
24716,4,cavalry_lancers,670,644.9476611911527
24717,3,cavalry_light,1694,1751.9925447939247
24720,3,general,362,348.7950651559278
24721,2,general,1704,1723.8072237651854
24722,4,general,371,283.9278268515123
24723,3,general,558,544.4166862031484
24724,4,general,193,195.21152217264185
24725,2,general,454,396.7826077291422
24727,0,infantry_light,443,404.88781441738087
24730,0,infantry_line,246,235.62920200554524
24731,3,infantry_line,363,337.137879692015
24733,2,cavalry_lancers,603,629.9189532579846
24735,2,general,426,424.7378643487005
24736,0,artillery_horse,1726,1731.9682968066463
24737,2,cavalry_lancers,807,787.7335619226543
24738,2,cavalry_lancers,451,476.647392981193
24739,2,cavalry_lancers,700,689.911076771227
24740,4,cavalry_lancers,575,551.8651792202593
24741,1,cavalry_lancers,562,536.6953316519559
24742,1,general,405,445.3000498752281
24743,1,general,508,526.153638764587
24744,1,general,466,467.664479736522
24746,1,general,703,729.537016866974
24747,2,cavalry_heavy,2174,2144.421656044837
24748,1,cavalry_heavy,2105,2140.873739840143
24751,0,general,943,1016.8256794910939
24752,3,general,1112,1177.7149280494518
24753,0,general,2091,2106.8839166428843
24754,1,general,1954,1941.3023768000255
24755,1,general,172,157.81853611837835
24756,3,general,219,216.06478411299733
24757,2,general,203,203.5203326029859
24758,2,infantry_light,244,232.54240325767614
24761,4,infantry_line,227,218.755843136033
24764,3,cavalry_heavy,1076,1179.6244338050878
24765,3,cavalry_heavy,675,828.4691830562249
24766,0,cavalry_heavy,1213,1296.2233205855775
24768,4,general,386,389.7084807360059
24769,3,general,933,1029.5792211345108
24770,4,general,1209,1276.9630735614617
24771,2,general,1013,1102.2115833393143
24772,3,general,653,827.4906364311919
24774,4,general,507,471.87718025188974
24776,3,infantry_light,772,802.4129931773593
24777,3,infantry_line,262,289.3874575829157
24778,2,infantry_line,344,379.52606803776024
24779,0,infantry_line,553,531.8741117630437
24784,0,general,1050,1063.4893684397878
24785,1,general,1346,1371.2892334739854
24788,1,general,344,343.3024846150742
24789,4,general,698,621.3402562651555
24790,1,general,222,208.62890588734518
24791,3,infantry_light,328,319.68020232443365
24792,3,infantry_light,275,262.01508896122215
24793,1,infantry_line,354,335.24373864802857
24794,2,infantry_line,329,354.45919405643724
24795,1,infantry_line,299,272.7719210877898
24796,4,artillery_horse,1357,1334.5163908281554
24797,3,cavalry_lancers,858,947.338233689034
24798,2,cavalry_lancers,800,844.9383487658158
24800,1,cavalry_standard,1123,1038.5806489450904
24801,2,general,934,877.322089356804
24802,1,general,797,870.8458374063523
24803,4,general,1071,1106.1882787132067
24805,3,general,856,947.8039610173341
24806,0,artillery_horse,1726,1731.9682968066463
24807,4,cavalry_lancers,655,620.9038738718009
24808,1,cavalry_lancers,565,570.0084501623504
24810,2,cavalry_lancers,558,557.3297650106639
24812,0,cavalry_standard,601,548.04335058858
24814,0,cavalry_standard,425,435.03666490668326
24815,1,cavalry_standard,906,922.7800805549152
24816,2,cavalry_standard,462,470.2935818117261
24817,4,general,962,989.8190335915248
24819,3,general,614,546.0399057086445
24822,4,general,664,676.1902810946186
24823,0,artillery_horse,549,573.2012666084778
24824,2,cavalry_lancers,1213,1030.094745439846
24827,0,cavalry_lancers,738,729.9629635744533
24828,2,cavalry_light,271,288.7294314105018
24829,0,cavalry_light,334,354.468423883034
24830,0,cavalry_light,466,442.6097122198124
24831,1,cavalry_light,414,441.94094449134946
24832,1,cavalry_light,662,628.4645792779554
24834,2,general,605,595.8164333477623
24835,1,general,327,354.5290628801921
24836,3,general,597,596.9158609894793
24837,2,general,628,612.2364053165593
24838,1,general,289,320.9061728329317
24839,4,general,1065,1059.9948823515037
24840,4,general,302,306.19120307060007
24841,0,artillery_horse,549,573.2012666084778
24842,0,cavalry_lancers,428,449.09908493907517
24843,0,cavalry_lancers,428,449.09908493907517
24844,0,cavalry_lancers,428,449.09908493907517
24845,3,general,333,353.47191850980164
24846,4,general,439,465.2465825804968
24847,3,general,528,565.9618080297652
24848,2,cavalry_lancers,451,476.647392981193
24849,3,cavalry_lancers,389,417.48758823942524
24850,4,cavalry_lancers,407,434.6196367972687
24851,1,cavalry_lancers,368,399.4493216990417
24852,1,general,256,289.9451067124449
24853,1,general,231,281.9917494467812
24854,4,general,318,345.59983597195827
24855,1,artillery_foot,725,713.1803125377321
24856,3,artillery_foot,534,568.6455875497585
24857,4,artillery_foot,1591,1546.5962911872496
24858,1,artillery_foot,1023,1109.3221619964356
24859,3,artillery_foot,1129,1137.1385686846684
24860,1,artillery_foot,1023,1109.3221619964356
24861,1,artillery_foot,1023,1109.3221619964356
24862,1,artillery_foot,1023,1109.3221619964356
24863,2,artillery_foot,890,860.965806035171
24864,4,artillery_foot,674,681.7778847560163
24865,2,artillery_foot,886,884.014912726889
24867,1,artillery_horse,1201,1210.0731800626497
24868,1,general,182,177.65717501033257
24869,4,general,182,180.20591281399825
24870,4,general,913,943.1038361495177
24871,3,general,695,671.9531805852738
24872,2,general,69,68.63525609727319
24873,1,general,656,635.6594824393339
24874,2,general,1013,998.2956225501265
24876,3,cavalry_heavy,2526,2568.286405245566
24877,4,cavalry_lancers,648,733.7204091733806
24879,1,cavalry_light,519,547.126072350061
24880,2,cavalry_light,1321,1257.40479302779
24882,0,general,2205,2188.2920081665025
24883,3,general,649,684.1438706521751
24884,4,artillery_horse,665,670.0759424041273
24885,0,artillery_horse,118,181.5340772305845
24886,1,cavalry_standard,765,794.8308586601
24887,1,general,614,589.4502112722514
24888,3,cavalry_lancers,641,730.6102079670396
24889,1,cavalry_lancers,862,950.8317968621822
24893,0,cavalry_standard,1499,1440.0260235395447
24894,3,general,897,816.7855128661172
24895,1,general,1415,1372.1521022914617
24896,4,general,1000,1151.6921057659856
24897,2,general,1482,1776.4854378623181
24898,0,artillery_foot,1347,1295.3059105561983
24899,2,cavalry_light,717,705.4236703769936
24900,0,cavalry_light,828,817.3981988948689
24901,0,cavalry_standard,1161,1098.284212018233
24902,2,general,1368,1330.7332149411127
24903,2,general,1179,1148.3457337664988
24904,3,general,656,604.9486175791853
24905,0,general,612,570.5289037189184
24906,4,general,964,1070.5160276550876
24908,1,artillery_foot,448,452.544299769596
24909,4,cavalry_lancers,672,774.0638749115155
24910,0,cavalry_lancers,560,587.6092281454937
24911,4,general,708,866.9957406949643
24912,1,general,382,337.76822260801606
24913,3,general,299,273.12554160492994
24914,4,infantry_line,362,370.54442995012005
24915,2,infantry_line,486,485.8022157976019
24916,2,general,1179,1159.722832421436
24918,1,artillery_foot,1116,1134.12594604464
24919,4,artillery_foot,1084,1000.0180793409672
24920,3,general,360,327.8758582514273
24922,2,general,305,359.8674629799359
24924,2,general,997,936.2249225432332
24925,0,general,918,878.8621043842695
24926,3,infantry_light,418,497.54102055959765
24927,0,infantry_line,823,822.3357245347372
24929,0,infantry_line,428,422.61229999855317
24930,4,infantry_line,493,490.48490511872865
24931,4,infantry_skirmishers,272,287.4006813128385
24932,1,general,835,729.1320490376773
24933,1,general,431,376.79170076203184
24934,0,general,912,906.9608136209484
24935,2,infantry_light,685,804.184331182767
24938,1,infantry_line,543,529.191584207874
24939,3,general,400,379.8196933549657
24941,2,artillery_foot,879,843.7652579541897
24942,0,general,713,676.6167075107937
24943,3,general,422,377.90051807037617
24944,0,general,635,576.3271965022616
24945,3,general,619,559.1447827556761
24948,1,general,1222,1377.7941884036793
24950,3,infantry_line,555,560.6939058746232
24951,4,infantry_line,524,520.5925606015394
24953,0,infantry_line,571,548.4688050232263
24954,3,infantry_line,475,484.2274423502934
24955,2,general,295,302.2788142065487
24956,4,general,519,499.0191427855756
24957,1,general,282,257.4387533089476
24958,0,general,324,313.1171766201019
24960,0,infantry_line,451,471.96348824805847
24961,3,infantry_line,336,383.80151143222497
24962,4,infantry_line,382,402.29796484602036
24963,3,general,248,269.72420427003556
24964,0,general,290,333.69346509515793
24966,1,infantry_light,402,499.7059104163896
24967,4,infantry_light,268,316.98614769812406
24969,4,infantry_skirmishers,272,287.4006813128385
24970,2,infantry_skirmishers,400,350.4473518523111
24971,3,general,228,227.598546974375
24973,4,general,401,400.5895308328292
24974,4,cavalry_heavy,1388,1381.4914625003753
24976,0,cavalry_standard,901,911.7846587121535
24977,4,general,920,935.0967636376138
24978,1,general,398,344.49116669820125
24981,3,general,329,591.6990446134425
24982,4,general,236,247.77215927493614
24983,3,general,1305,1300.069886437403
24984,3,general,419,379.77361028049745
24985,1,general,1417,1382.9000295498256
24986,1,general,1065,1073.994912681276
24987,1,general,568,528.2433732144219
24988,1,infantry_grenadiers,1456,1445.749429311696
24989,3,infantry_light,523,567.4289973089981
24990,0,infantry_light,542,535.9268422254883
24991,0,infantry_light,301,356.9255951087082
24992,3,infantry_line,440,417.45360646555685
24993,1,infantry_line,964,987.9677467603174
24994,0,infantry_line,617,603.4124176461821
24995,0,infantry_skirmishers,309,324.59658623400554
24996,1,artillery_horse,1156,1162.6831912280493
24997,3,cavalry_heavy,1383,1358.714673875011
24998,4,cavalry_lancers,525,822.2859576498792
24999,1,cavalry_light,871,817.3986100457239
25000,4,general,205,205.55893990588913
25001,2,general,197,210.50979894039716
25002,0,general,369,399.05721164681233
25005,0,general,1113,1113.3469236931203
25006,1,general,590,575.4443580901747
25007,1,general,468,436.1477123688507
25008,2,general,419,624.2581689300847
25009,2,general,627,606.8688164756588
25011,4,general,383,438.4090259893326
25014,0,infantry_line,401,384.9908403332173
25016,1,infantry_line,311,357.44511468259
25017,1,infantry_line,498,593.0339055417262
25018,4,infantry_line,344,339.85655185364243
25019,4,artillery_foot,370,335.8993355865054
25020,2,cavalry_lancers,401,698.4800346297084
25021,2,cavalry_light,501,513.9174330539855
25022,3,general,246,298.0047588236681
25023,2,general,288,567.6271838646193
25024,0,general,535,524.8462583979251
25026,0,general,78,38.59168249708538
25027,0,general,86,48.13939993068675
25028,4,general,189,160.2353024326838
25032,0,infantry_line,159,156.61063568415457
25033,2,infantry_line,158,135.53194232916297
25034,4,infantry_line,522,560.0598545636603
25035,1,cavalry_heavy,1023,1107.2513566194898
25036,1,cavalry_standard,716,695.9815757353907
25037,1,general,567,494.37353219514426
25038,3,general,530,504.3168105093822
25039,4,general,829,868.6736899963097
25040,4,general,285,284.7767544361975
25041,4,general,794,826.4026328255503
25042,3,general,874,924.2449983803559
25043,4,infantry_grenadiers,745,790.214231709352
25044,3,infantry_line,380,428.7523413500924
25046,4,artillery_foot,483,558.305305930903
25049,1,cavalry_light,823,818.4270274690921
25050,4,cavalry_light,544,578.6335702265022
25052,4,general,147,116.59065623273801
25053,2,general,404,417.39296834090396
25054,1,general,337,328.83820583248877
25055,4,general,516,525.634247670663
25056,2,general,671,619.878830717604
25057,3,general,373,362.50857822335183
25058,3,general,333,532.4251283054726
25059,0,general,477,471.5280819928799
25061,0,general,199,183.25095417709613
25062,2,general,686,627.1778764784469
25063,1,infantry_light,593,655.0040635400518
25065,1,infantry_line,211,217.65262113247755
25066,2,infantry_line,797,779.1273211379878
25067,2,infantry_line,224,224.89163193839616
25069,0,cavalry_lancers,1485,1696.8755124567492
25070,0,cavalry_lancers,1333,1605.553655713498
25071,4,cavalry_lancers,1103,1316.4813815596717
25073,3,cavalry_light,1306,1274.9563247197755
25075,0,general,637,589.1154815873019
25076,2,general,29,1.0
25077,1,general,1062,1168.7806926277954
25078,1,general,1140,1071.0825267687458
25079,2,general,1337,1291.4964364535736
25080,0,general,1381,1632.3941751043676
25081,2,general,187,198.62839812725935
25082,4,general,103,78.91902660333183
25083,1,general,485,494.78402800155663
25084,3,general,1639,1636.7220812335527
25085,1,infantry_line,282,342.7619706225845
25086,1,infantry_line,422,485.7186900907742
25087,3,infantry_line,136,127.92055377881641
25089,2,cavalry_heavy,1092,1103.5820231722435
25090,1,general,909,863.0402986901126
25091,3,artillery_foot,339,368.5733446075879
25092,0,artillery_horse,728,720.572495538765
25093,1,cavalry_standard,697,670.7835803227791
25094,2,cavalry_standard,712,668.2268814756168
25095,2,general,577,533.8840753554795
25097,2,general,603,521.5058492638223
25098,3,general,465,453.98488797552875
25099,1,general,724,650.4628027172523
25100,4,infantry_grenadiers,405,337.0106111291326
25101,0,infantry_light,570,617.892207281351
25102,0,infantry_line,205,239.3003193013254
25104,4,cavalry_lancers,481,769.0598109812037
25105,1,cavalry_lancers,361,544.5278501762361
25106,4,cavalry_light,643,683.3476713605032
25108,2,general,219,366.32191788811923
25111,1,general,705,705.574657887828
25113,2,general,152,132.85569881711245
25114,4,general,202,161.4703276759396
25115,1,infantry_line,216,214.9633519032469
25116,1,infantry_line,255,278.2420268983583
25118,3,artillery_foot,987,1002.577292192334
25119,3,general,59,21.681146257795262
25120,1,general,559,536.7322721879024
25121,1,general,281,252.2079980894947
25122,2,infantry_line,160,159.1723214523069
25123,3,infantry_line,460,459.31273516515796
25126,1,cavalry_standard,721,756.521164661668
25127,2,cavalry_standard,848,832.7985689347461
25128,3,general,223,216.29622557342338
25129,3,general,298,280.22259420815635
25130,1,general,684,677.7041186334122
25132,2,general,741,728.7824289307031
25133,1,infantry_grenadiers,687,701.5662640284213
25136,0,cavalry_heavy,1514,1529.0670250458184
25137,2,cavalry_heavy,2247,2297.68657253776
25139,0,cavalry_heavy,1835,1813.5783572588753
25140,0,cavalry_light,747,746.3270342242687
25141,1,cavalry_standard,705,647.8482290248132
25143,2,general,294,270.5225982064287
25144,1,general,614,584.2130138745263
25148,3,general,521,463.65783869219115
25149,4,artillery_foot,996,1048.2317946383746
25150,3,general,215,225.51227260551698
25151,4,general,207,236.88915654149827
25152,0,general,365,349.2993043690602
25154,4,infantry_line,278,317.79992061975486
25155,2,infantry_line,426,458.93762814616355
25156,0,cavalry_light,541,545.2936814558118
25158,1,artillery_foot,730,653.7573397209493
25159,4,artillery_foot,926,823.9952497731376
25161,1,artillery_foot,464,455.6681305701463
25163,2,general,731,675.248058943003
25164,2,general,731,621.771430649861
25165,2,general,329,275.7687503024654
25166,1,general,1043,1003.1358617209955
25167,4,general,1,1.0
25168,1,general,820,812.7884691060274
25170,1,infantry_skirmishers,160,195.74118450821382
25171,2,cavalry_light,733,715.8030887900882
25172,0,general,306,259.3270233239003
25173,4,general,401,416.88988002986036
25175,3,general,570,558.4065665095411
25176,4,general,179,183.73124211350867
25177,2,general,246,231.75113939821193
25178,3,general,276,301.1017601145779
25179,3,infantry_line,368,375.5515730495778
25180,3,infantry_line,238,228.50360415748432
25181,3,infantry_line,375,311.24201948063944
25183,0,infantry_line,308,323.27859610797873
25185,1,infantry_line,383,414.2027536040555
25186,4,infantry_militia,310,367.7424829412358
25187,4,artillery_foot,385,491.7051696080014
25188,4,cavalry_light,399,370.4029402880973
25189,0,cavalry_light,521,531.2481306073954
25190,1,cavalry_standard,860,848.9790182943307
25191,4,general,207,203.88466870893225
25194,3,general,61,102.81569723728546
25196,4,infantry_grenadiers,1239,1312.748964688506
25197,4,infantry_line,173,201.92767169959166
25198,1,infantry_line,164,185.3559819518319
25199,2,infantry_line,310,320.7829718411835
25200,4,infantry_line,386,385.81822868800657
25201,0,infantry_line,269,283.1653474867228
25202,2,infantry_line,256,311.85637593798344
25204,3,artillery_foot,311,267.5594239450173
25205,0,general,343,357.204756623962
25207,3,infantry_grenadiers,359,356.3969159698507
25209,3,infantry_line,338,343.3916008307446
25210,0,infantry_line,210,260.85838259131316
25211,1,infantry_line,635,662.8873307253475
25212,1,infantry_skirmishers,334,323.0388766771692
25213,2,general,1362,1338.8508207349184
25215,1,infantry_grenadiers,581,638.2120258765214
25217,3,infantry_grenadiers,1406,1312.499052965247
25218,2,general,427,630.9059772422702
25220,3,general,936,1002.5799595602674
25222,2,general,415,453.20226160467985
25224,2,infantry_line,473,466.63428400673365
25225,0,infantry_line,462,562.5969977218141
25227,0,infantry_line,851,891.647936922132
25228,1,infantry_militia,498,568.08310604658
25229,0,infantry_militia,236,366.70032927423165
25230,0,infantry_militia,261,365.6121675050435
25231,2,infantry_militia,233,349.14285034460005
25232,0,infantry_militia,520,679.2777815163447
25233,2,infantry_militia,261,308.43110754289114
25234,3,infantry_militia,447,485.70606066332215
25235,4,infantry_skirmishers,420,530.8735767388608
25237,3,cavalry_light,378,399.32103410954255
25238,1,general,1662,1703.65933193285
25239,3,general,304,365.58174813923017
25240,3,general,549,605.333514419909
25241,2,general,543,496.6592602890182
25242,1,general,634,483.12954513528143
25243,1,general,145,234.02245641737994
25244,1,infantry_light,181,137.62136764760328
25245,0,infantry_light,493,456.993116138578
25248,4,infantry_militia,614,739.5447320858754
25249,3,infantry_militia,562,575.5551423048062
25250,2,infantry_militia,227,342.6143246711659
25251,3,infantry_militia,615,501.0124776740257
25252,0,infantry_skirmishers,177,292.71590237036776
25253,2,cavalry_light,461,478.00169828496735
25254,2,cavalry_light,459,464.7805555823406
25255,1,cavalry_standard,485,438.6982509714611
25256,0,general,1364,1277.162931989316
25258,0,general,134,187.33612234794697
25259,4,infantry_line,226,238.96560926650568
25261,2,infantry_line,1130,1078.0045748036346
25262,2,artillery_horse,184,270.728319397689
25263,0,cavalry_light,423,436.1067375201109
25264,4,cavalry_light,727,713.6219366434404
25266,2,general,596,605.8417460073844
25267,0,infantry_light,428,383.53966334912127
25268,4,artillery_foot,377,350.62093334532005
25271,2,artillery_foot,292,264.240773206891
25273,0,cavalry_standard,496,481.3755418073517
25274,1,general,318,321.65647658757933
25275,2,general,311,320.6388683597736
25276,0,infantry_militia,482,500.89757051546405
25278,1,infantry_skirmishers,345,328.51503962538646
25279,0,cavalry_standard,732,643.7244923047267
25280,0,cavalry_standard,430,439.2927112181429
25282,3,infantry_skirmishers,327,344.24387773034977
25284,2,infantry_light,261,269.6026623469399
25285,0,infantry_militia,212,285.285847061893
25287,3,cavalry_light,900,813.3071162053512
25288,3,cavalry_standard,923,863.4907442114248
25289,4,cavalry_light,322,302.3502899194626
25290,4,infantry_militia,376,448.4265796331959
25292,4,infantry_militia,109,148.66838943453325
25293,0,infantry_militia,126,188.97260750982417
25294,0,infantry_militia,194,295.6102465861598
25296,1,general,462,443.59233068966114
25297,0,general,1257,1185.783520427958
25299,4,infantry_grenadiers,1409,1291.6558178311584
25300,0,artillery_foot,633,628.1895853896111
25301,2,artillery_foot,446,429.84787344402196
25302,3,general,228,228.06106021086657
25303,4,general,323,290.3754941860242
25304,1,general,820,814.8700663260136
25307,3,general,228,228.06106021086657
25308,0,general,401,401.54730283268407
25309,4,infantry_grenadiers,332,253.41034242378785
25310,4,infantry_grenadiers,525,491.52854007315943
25312,4,infantry_skirmishers,721,502.8115121690971
25313,4,general,258,305.1052639208443
25315,0,general,1093,1072.855910178469
25316,2,general,555,619.0237881780259
25318,0,general,1062,921.5478807147356
25319,1,general,503,425.7482871828423
25320,3,general,574,505.6624240462233
25321,0,infantry_grenadiers,670,793.2314924297713
25322,4,infantry_grenadiers,1146,1156.7220693163708
25323,0,infantry_light,573,590.9187677872188
25324,0,infantry_light,1206,1096.2743110069453
25325,1,infantry_light,946,853.4503919177906
25326,2,infantry_line,283,357.1240536724407
25327,4,infantry_line,631,554.7917534673975
25328,2,infantry_skirmishers,303,300.99588462609114
25329,4,artillery_foot,485,577.3230171264138
25330,0,general,233,215.16171472682822
25331,1,general,404,468.86347294104115
25332,2,general,640,679.9403767069043
25333,1,general,1067,1101.2296647452379
25334,3,general,841,829.9923655813205
25336,0,general,562,538.4631188751879
25337,0,infantry_grenadiers,802,873.8022673323007
25338,0,infantry_grenadiers,367,405.35913470137484
25340,1,infantry_line,349,359.5914083548798
25341,4,infantry_line,723,749.293103371776
25342,4,infantry_line,683,686.1535186135193
25343,1,infantry_line,963,993.0033433589285
25344,1,artillery_foot,530,487.05605854828144
25345,1,artillery_foot,680,695.1588646868709
25346,0,general,394,306.7570139906393
25347,0,infantry_grenadiers,808,782.3771477080551
25348,1,cavalry_heavy,2498,2511.4317298512387
25349,4,cavalry_lancers,1601,1624.4669696419614
25350,1,general,2654,2710.0197432991904
25351,4,general,87,68.59830472821947
25352,1,general,676,635.1629763827573
25353,0,general,247,207.58448993215586
25354,0,general,1439,1421.9684451173257
25355,4,general,445,485.91679597934655
25357,4,general,520,513.2152621694756
25358,4,infantry_grenadiers,870,933.9801899072622
25359,3,infantry_light,630,553.8818595351231
25360,2,infantry_light,344,372.9099084670999
25361,3,infantry_line,206,203.23051555395998
25362,3,infantry_line,585,580.8985178221177
25363,0,artillery_horse,1547,1544.481416811665
25364,1,cavalry_light,1250,1110.7819107449748
25365,0,cavalry_light,703,690.9807442268357
25366,3,general,87,182.54429701150548
25367,0,general,228,226.8326711682987
25368,3,general,49,107.53603028320653
25369,3,general,19,45.78054205501101
25370,0,general,599,559.3756413941446
25372,1,general,170,207.04286402284316
25373,1,general,186,180.6917210994726
25374,3,general,129,253.7041435591415
25376,0,general,1175,1058.012428940228
25377,3,infantry_grenadiers,470,647.3481038580194
25378,4,infantry_line,305,306.79994009653103
25379,3,infantry_line,241,276.616758660663
25380,4,infantry_line,184,294.4307527313929
25381,0,infantry_line,132,170.96588205705308
25385,3,cavalry_light,661,673.4705257945371
25386,1,cavalry_light,854,861.2339837593165
25387,1,cavalry_light,372,337.54532227347784
25388,0,general,191,190.94247194701938
25389,4,general,523,498.71491157207356
25390,2,general,828,821.8243459437894
25391,1,cavalry_light,607,619.4402630442484
25394,0,general,720,615.3415584546779
25395,2,artillery_horse,1437,1475.5207494150604
25396,2,general,1256,1243.002635869046
25398,1,general,958,949.5407958970325
25399,3,general,266,266.4513990199088
25400,3,cavalry_lancers,1062,853.9997849312019
25401,3,general,644,625.992618355705
25402,2,general,325,321.2173655347311
25403,2,general,919,752.9763644480394
25404,3,general,144,149.76322644008195
25406,1,general,241,205.89449920171978
25408,3,infantry_line,287,290.87311442453023
25409,0,infantry_line,318,328.11489070130597
25410,3,infantry_line,189,202.02873235710646
25412,1,infantry_line,336,346.3513018728249
25413,0,infantry_line,756,759.4715741684693
25416,4,cavalry_lancers,910,814.4121988363099
25418,2,general,114,116.79196511558838
25419,2,general,476,529.0202520388941
25421,2,infantry_light,626,744.2874176511613
25423,0,infantry_line,360,365.35365310217816
25424,2,infantry_line,326,353.7479217814558
25425,3,cavalry_lancers,1250,1092.9374925683094
25426,1,cavalry_lancers,727,786.8770829329471
25428,1,cavalry_lancers,1239,1396.4238305935958
25429,1,general,1092,1203.338583215883
25430,4,artillery_horse,584,575.210764498917
25431,1,general,460,403.08710490233426
25432,4,general,447,412.1333707750979
25433,2,general,227,218.1064247077017
25434,0,general,487,463.5578596177039
25435,4,general,295,359.1913256936914
25440,4,infantry_line,457,439.98250441970686
25441,4,infantry_line,551,550.7625623504088
25442,1,cavalry_light,524,509.2403251249313
25443,2,cavalry_light,1246,1229.6073373884585
25445,3,general,129,169.78604886140533
25446,4,general,559,525.23155051057
25447,0,general,163,152.33259717145455
25448,4,general,248,246.77046102483558
25449,2,general,1089,1042.277700710807
25450,2,general,291,418.43917820577553
25451,2,infantry_light,366,518.3814419751644
25452,0,infantry_line,327,317.11601992801604
25454,4,infantry_line,292,292.23498977792417
25455,1,infantry_line,268,278.6832074165366
25456,0,infantry_line,351,321.3748716348932
25457,0,infantry_line,166,191.2060253534155
25459,3,cavalry_standard,452,521.1656598388864
25460,3,cavalry_standard,582,690.4863048035555
25461,1,general,421,496.39379364092963
25462,3,general,405,460.8771199339828
25463,2,general,786,794.2374945447729
25464,2,infantry_grenadiers,699,731.6239298200578
25465,2,infantry_line,504,528.4808048723226
25466,4,infantry_line,293,293.13537917176217
25467,3,cavalry_standard,709,774.4839909630432
25469,3,general,315,377.19431305997796
25470,4,infantry_grenadiers,386,454.69037915101325
25471,2,general,306,302.7055575449738
25473,1,general,634,652.4889588101564
25474,2,general,116,132.7547396749968
25475,4,infantry_line,461,467.89508342186497
25476,3,infantry_line,237,264.6561811911459
25477,4,infantry_line,304,309.7974628009392
25478,3,infantry_line,198,215.48074616746584
25479,0,cavalry_lancers,939,811.6142362253065
25481,2,cavalry_lancers,725,588.9246810491439
25482,4,general,398,332.40350625137916
25483,2,general,95,90.02726901666436
25484,1,general,76,112.4902519231632
25485,3,general,781,672.9281868935776
25486,1,general,175,219.25392873584076
25487,4,general,539,407.5340342119198
25488,1,general,589,469.0536533577186
25489,0,infantry_light,285,368.2892177999166
25490,4,infantry_line,503,466.7720679613763
25491,2,infantry_line,127,149.81842767743515
25492,1,infantry_line,202,213.46011251554884
25493,3,infantry_line,415,411.822296680417
25495,2,cavalry_light,752,773.964485785702
25496,1,general,591,592.2714465806254
25498,3,infantry_grenadiers,510,610.8051246772429
25500,3,cavalry_standard,362,453.9624798214242
25501,1,cavalry_standard,433,508.85763811671603
25502,0,cavalry_standard,1129,1124.4744170005142
25503,4,general,985,948.7399718341131
25504,1,general,277,272.3943876622015
25505,1,general,378,432.5221235627285
25506,3,general,233,295.96607588028104
25508,1,infantry_line,415,428.510536277312
25509,3,infantry_line,336,346.6984077728831
25510,0,cavalry_standard,970,929.758489541328
25511,2,cavalry_standard,1043,1043.8655465495565
25513,1,general,980,947.2864685055016
25514,4,infantry_irregulars,497,502.782417163959
25516,3,cavalry_standard,618,624.5840108722107
25517,3,general,334,381.2519177767751
25518,1,infantry_grenadiers,436,492.329044657242
25519,1,cavalry_light,599,652.210388317168
25520,3,general,488,526.5781042130579
25521,4,general,218,210.427911853229
25522,2,general,135,138.80235135114685
25524,1,general,281,300.33896567845187
25525,1,general,187,198.0630987317661
25526,4,general,320,306.6506067838712
25528,2,infantry_light,258,311.250263361497
25529,0,infantry_light,192,236.2298127820645
25530,1,infantry_line,266,299.00571683371294
25532,3,infantry_line,384,392.5669115129052
25533,1,infantry_line,351,375.2977018155496
25534,0,cavalry_standard,444,508.9879975670213
25537,1,general,681,670.5931761840391
25538,1,general,478,476.92247009706205
25539,1,general,527,588.4565904144317
25540,0,infantry_grenadiers,728,753.5778543272647
25541,2,infantry_light,507,619.5635465043788
25542,1,infantry_line,422,412.2218624760371
25543,1,infantry_line,240,257.9019097810048
25544,0,infantry_line,455,472.8099073196407
25545,4,cavalry_lancers,733,743.0915586445292
25546,2,cavalry_lancers,852,806.6971077586336
25547,1,cavalry_light,421,424.73759444452804
25548,0,cavalry_heavy,1781,1717.968660128127
25549,3,general,472,528.1360490606863
25550,1,general,382,415.0782102203689
25551,4,general,1527,1487.5201945818158
25552,0,general,283,361.1070386523268
25553,4,infantry_grenadiers,481,513.0022340241019
25555,4,infantry_light,301,392.9056968038824
25556,1,cavalry_lancers,749,816.9414342952189
25557,3,cavalry_lancers,716,733.6954095676867
25558,1,cavalry_lancers,1001,1062.1550866319963
25560,4,general,833,816.9947037421787
25561,4,infantry_grenadiers,958,975.9554356094345
25562,4,artillery_horse,50,83.98336445902358
25563,2,artillery_foot,800,785.634062167074
25564,3,artillery_foot,745,744.940258172896
25565,0,artillery_foot,374,382.2450052944169
25566,3,artillery_foot,401,423.0204101723625
25567,1,artillery_foot,424,390.5307510156416
25568,4,artillery_foot,457,522.1462585723816
25569,1,artillery_foot,887,845.7862089974454
25570,0,artillery_horse,177,161.23852920927325
25571,4,artillery_horse,1785,1807.261089037534
25572,3,general,199,199.9485980565647
25573,0,general,1798,1806.7898631750245
25574,1,general,428,455.37655670790593
25575,0,general,1150,1141.566273162943
25576,0,general,351,350.3678331658375
25578,2,infantry_skirmishers,277,283.18395575175987
25579,3,infantry_skirmishers,319,281.39777450346696
25580,3,infantry_skirmishers,347,337.2546318540352
25581,2,artillery_foot,323,276.33381718408606
25582,4,artillery_foot,159,195.52603778411444
25583,1,artillery_foot,208,236.63486046747985
25584,2,artillery_foot,207,211.00836197537407
25586,2,artillery_horse,882,849.0264947575781
25589,2,cavalry_heavy,1168,1262.0717028721094
25590,4,cavalry_heavy,800,804.3957842101981
25591,4,cavalry_heavy,705,731.1685489290423
25592,1,cavalry_lancers,305,327.73858431729826
25593,4,cavalry_light,349,358.0634254861133
25595,3,cavalry_standard,929,858.8088355955143
25596,4,cavalry_standard,924,825.0882251134323
25597,3,cavalry_standard,1684,1894.4139638756187
25601,1,general,661,688.2467674222731
25602,4,general,1,1.0
25604,4,general,1,1.0
25606,4,general,865,774.1077915142856
25607,3,general,199,198.96630629494814
25608,4,general,229,191.27229595276046
25609,4,general,1,1.0
25611,4,general,893,924.6169492059031
25614,2,infantry_grenadiers,552,539.5552940149757
25615,2,infantry_grenadiers,869,901.8657483665772
25616,4,infantry_grenadiers,790,753.9843355969638
25617,3,infantry_grenadiers,790,777.7754571392325
25618,1,infantry_grenadiers,862,849.3311450373175
25619,1,infantry_grenadiers,759,782.1103200874893
25620,1,infantry_grenadiers,1067,1115.2553642802304
25621,2,infantry_grenadiers,325,343.73441065833515
25622,4,infantry_light,219,252.92832475854001
25623,1,infantry_light,184,197.35627023075668
25624,2,infantry_light,220,227.77614688794714
25625,1,infantry_light,307,376.17327659262156
25626,1,infantry_light,392,436.5518807727246
25627,1,infantry_light,410,455.1132419793565
25628,0,infantry_light,215,201.8333462521202
25629,1,infantry_light,641,724.797404149595
25631,3,infantry_line,271,261.03945452064414
25632,1,infantry_line,269,283.74460969596606
25633,4,infantry_line,413,397.34312396301203
25634,2,infantry_line,200,248.27341673310275
25635,4,infantry_line,208,200.1518530210844
25636,0,infantry_line,133,178.5260372702228
25637,2,infantry_line,324,344.0989275579861
25638,2,infantry_line,225,275.36856247941887
25640,2,infantry_line,297,321.75275213554494
25641,0,infantry_line,346,336.3626193435718
25642,3,infantry_line,161,217.18092756846778
25643,0,infantry_line,372,362.63619920162205
25644,2,infantry_line,220,266.0722828962883
25645,0,infantry_line,290,251.74749989553507
25646,2,infantry_line,490,475.8368423984817
25647,4,infantry_line,134,191.10767682067382
25648,2,infantry_line,275,243.8160232763343
25649,0,infantry_line,239,243.48876076391463
25650,0,infantry_line,129,179.2737552610663
25651,0,infantry_line,258,302.6858025967477
25652,2,infantry_line,401,362.31742520685015
25653,3,infantry_line,650,660.5796320057228
25654,0,infantry_line,414,368.99828722618685
25655,0,infantry_line,523,451.43565059558335
25656,2,infantry_line,340,328.31008787014
25657,2,infantry_line,589,598.9301161504961
25660,4,infantry_line,535,580.457925080402
25661,0,infantry_militia,393,286.5705906376677
25662,3,infantry_militia,104,147.48324372061015
25663,3,infantry_militia,109,68.50539414420594
25665,4,infantry_skirmishers,709,413.9268284338378
