row_id,fold,unit_class,base_mp_cost,pred
33,4,artillery_foot,435,413.2486533557379
34,1,artillery_foot,94,149.92574812952867
35,2,artillery_horse,747,760.1640481791325
36,4,cavalry_light,1352,1399.0894528119836
37,1,cavalry_light,1452,1454.3437528609938
38,2,cavalry_light,935,926.3289961435231
39,0,cavalry_light,701,742.6339266699014
41,4,general,1,1.0
42,0,general,807,793.9676105275887
44,0,general,351,351.35208327129743
46,3,general,199,199.82153325638185
47,1,general,718,713.8683624282293
49,3,general,1353,1358.2140789803798
50,1,general,1446,1176.3739315887067
51,3,general,1308,1295.7521123634563
52,1,general,544,506.4411719353382
53,0,infantry_light,968,896.013808029696
54,4,infantry_light,668,597.087868775143
56,1,infantry_light,914,802.8139356550721
58,0,infantry_line,424,421.73490009472897
60,2,infantry_line,688,685.7075297133028
61,0,infantry_line,1723,1484.2931138496383
62,1,infantry_line,427,401.3070896625573
63,1,infantry_line,544,515.760675119078
64,2,infantry_line,496,485.985230748577
65,1,infantry_line,785,764.7434956805372
66,4,infantry_line,528,487.3603994084816
67,2,infantry_line,605,594.3648229063922
68,2,infantry_line,519,510.2620882795671
69,4,infantry_line,781,793.6666070129801
71,2,infantry_line,659,661.8329353865869
72,4,infantry_line,718,711.2984009936268
73,3,infantry_line,360,341.64255012448797
74,4,infantry_line,971,966.0661325906749
75,1,infantry_line,832,818.9366787904061
79,3,infantry_line,537,526.7531696732252
80,3,infantry_line,640,628.1965769607924
81,3,infantry_line,1008,993.2801402529179
82,1,infantry_line,592,565.75217048303
83,2,infantry_skirmishers,538,542.6949514220114
84,3,infantry_skirmishers,235,240.2767801426172
86,1,artillery_foot,237,330.95292990871457
87,4,artillery_foot,284,359.3564889831301
89,2,artillery_horse,311,611.3396135645136
90,3,cavalry_heavy,1615,1713.987883939345
91,3,cavalry_heavy,1249,1558.5759334892334
92,0,cavalry_heavy,1478,1559.277365181324
95,3,cavalry_lancers,516,505.14516994659647
96,2,cavalry_light,890,1053.7003876624963
98,0,cavalry_light,590,665.5854216455853
99,4,cavalry_light,797,831.6151443175254
100,4,cavalry_light,756,812.9369826662802
102,0,cavalry_standard,674,670.4606760130649
104,2,general,486,542.3414560799207
106,4,general,1,1.0
107,1,general,1647,1740.8310418416477
108,4,general,1,1.0
109,3,general,228,228.36746657872214
110,4,general,639,633.466593695165
113,0,general,401,401.54523802433994
114,1,general,158,232.69851369958494
116,0,general,46,48.27871110122404
118,3,general,327,423.3860001712754
119,3,general,827,970.6528654357696
120,2,general,429,607.0100657566304
121,2,infantry_grenadiers,748,810.0430348018873
122,3,infantry_grenadiers,512,605.1939012863982
123,2,infantry_grenadiers,558,641.9530948284367
124,1,infantry_grenadiers,263,269.84345956321954
125,0,infantry_grenadiers,629,829.2908408107951
126,1,infantry_grenadiers,496,656.683501962239
127,1,infantry_grenadiers,588,706.0474031131519
128,3,infantry_grenadiers,758,921.5985646289989
129,3,infantry_grenadiers,777,881.1744820308347
130,4,infantry_light,273,336.9196936679735
131,0,infantry_light,257,315.8048833572002
132,2,infantry_light,162,238.35933613990372
133,3,infantry_light,269,310.0449892509826
134,2,infantry_light,205,245.75240920126006
135,2,infantry_line,317,354.1278658883671
136,0,infantry_line,268,313.58942227563955
137,3,infantry_line,162,230.02747995821807
138,0,infantry_line,237,273.4458997500743
139,1,infantry_line,276,291.3367492795221
140,0,infantry_line,200,192.24218284262898
141,3,infantry_line,216,238.45108036166644
142,3,infantry_line,281,298.82865378345986
144,3,infantry_line,816,934.4397914716143
145,3,infantry_line,568,630.445931237076
146,0,infantry_line,445,500.6473324338145
148,4,infantry_line,497,699.7080049217017
149,2,infantry_line,398,441.2607442207168
151,4,infantry_line,543,609.3708701500988
152,1,infantry_line,440,495.4141288272316
153,3,infantry_militia,318,252.2700076006819
154,1,infantry_militia,405,418.0593591240349
155,1,infantry_militia,121,110.96217186974899
156,0,infantry_militia,238,332.78432771902465
157,3,infantry_militia,89,134.49008385041992
158,4,infantry_militia,235,222.90019976345607
159,2,infantry_skirmishers,238,260.36241949850034
161,2,infantry_skirmishers,138,190.18252929706426
162,3,infantry_skirmishers,543,579.7212051874151
163,0,artillery_foot,477,447.1490358291225
166,0,artillery_horse,637,631.8653389854037
167,3,artillery_horse,583,598.6337773642455
168,4,cavalry_heavy,687,727.1998597514388
169,2,cavalry_heavy,830,885.3411634222301
170,2,cavalry_heavy,1056,1080.7427330819496
171,2,cavalry_heavy,688,734.3496489304415
172,3,cavalry_heavy,1264,1340.9611508509113
174,4,cavalry_heavy,1060,1064.5006863550543
175,3,cavalry_heavy,1222,1288.8724568117377
176,2,cavalry_heavy,1469,1488.7218229585208
177,4,cavalry_heavy,1240,1229.3330272982669
178,2,cavalry_heavy,1074,946.7050018246168
179,1,cavalry_heavy,990,873.4622078956568
180,4,cavalry_heavy,1166,1176.342101885733
181,4,cavalry_lancers,710,700.5974528808487
182,4,cavalry_light,228,215.17410736420604
183,2,cavalry_light,345,363.475290237863
184,3,cavalry_light,498,468.0769892610771
185,1,cavalry_light,453,377.82254429271427
186,0,cavalry_light,316,329.8274760912753
187,1,cavalry_light,351,355.51437366083275
188,2,cavalry_light,776,644.9429041277928
189,1,cavalry_light,633,547.1734440489555
190,4,cavalry_light,254,246.01292503317376
191,0,cavalry_light,348,350.05463050371617
192,4,cavalry_light,270,264.9867040506912
193,3,cavalry_light,310,315.6006970906683
195,4,cavalry_light,326,315.97640105195944
196,0,cavalry_light,534,520.4641410163794
197,3,cavalry_light,914,899.4827486309426
200,2,cavalry_light,318,313.86268882203325
201,3,cavalry_standard,970,928.0742037457755
202,4,cavalry_standard,1031,993.0202362753081
203,4,cavalry_standard,459,430.3939935281644
204,1,cavalry_standard,604,582.3976948572631
205,2,cavalry_standard,782,717.5444174833266
206,2,cavalry_standard,565,521.685612568339
208,3,cavalry_standard,490,474.03144302541176
209,2,general,823,822.1027592995677
210,4,general,1,1.0
211,1,general,638,634.549655491759
212,3,general,534,545.567350944528
214,3,general,177,177.61914067233937
215,2,general,467,466.64800856450773
219,0,general,312,312.31296290781984
220,2,general,1453,1448.314220662822
221,1,general,554,547.6662959885531
222,0,general,925,876.1999789127347
223,3,infantry_grenadiers,404,481.78491596536503
224,3,infantry_grenadiers,504,486.05103657622146
227,4,infantry_grenadiers,244,202.28307551874957
229,4,infantry_light,458,442.6959970421461
230,2,infantry_light,341,340.90233723060453
231,0,infantry_light,347,353.9124510746641
232,1,infantry_light,739,776.6366479379672
233,4,infantry_light,586,575.8297334252973
234,4,infantry_light,672,649.3368923201137
235,4,infantry_light,968,903.9050549288166
236,1,infantry_line,132,163.97510120515236
237,2,infantry_line,490,473.3366342498615
238,4,infantry_line,390,398.646101753199
240,1,infantry_line,432,436.6207565819225
241,2,infantry_line,458,437.43034395622936
242,0,infantry_line,339,338.04976703122566
243,2,infantry_line,236,240.72904712040923
246,2,infantry_line,299,294.17437374089866
247,4,infantry_line,382,382.0103112071279
248,0,infantry_line,239,235.9112830847663
249,3,infantry_line,200,201.89104678604036
250,0,infantry_line,1013,986.6289913253489
251,0,infantry_line,199,200.0092014328786
255,3,infantry_line,679,629.265449729396
256,1,infantry_line,332,327.3807926630397
257,4,infantry_line,298,293.68330230286097
259,2,infantry_line,205,272.60185984301916
262,4,infantry_line,730,776.0113273434208
264,1,infantry_line,500,511.43933685528253
265,3,infantry_line,562,564.5721502333029
266,0,infantry_line,723,755.0811398512466
267,1,infantry_line,659,659.284383360765
269,2,infantry_line,778,772.8745146120864
271,0,infantry_line,597,575.0096863750966
272,3,infantry_line,226,234.9181963305796
273,3,infantry_skirmishers,334,314.1863961878439
13392,1,artillery_foot,300,273.1448545320263
13393,1,artillery_foot,318,260.42074585405317
13394,0,artillery_foot,300,259.30591112609693
13395,1,artillery_foot,516,476.2003695885534
13397,4,artillery_horse,441,381.56217968585327
13399,1,cavalry_heavy,1735,1427.315584225919
13400,2,cavalry_heavy,827,774.879634376559
13401,2,cavalry_heavy,1370,1161.8055932224531
13402,3,cavalry_heavy,865,762.1702636921165
13403,1,cavalry_heavy,1327,1141.4236127031818
13404,2,cavalry_heavy,1863,1549.3452154913998
13405,1,cavalry_heavy,874,733.673661064298
13406,3,cavalry_heavy,730,643.622913294225
13408,2,cavalry_lancers,737,594.7274677275135
13409,0,cavalry_light,405,329.2599885774522
13410,0,cavalry_light,358,322.6158742678065
13411,4,cavalry_light,1564,1342.4894942485857
13412,3,cavalry_light,1115,837.4132646813742
13414,1,cavalry_light,1452,1302.0040863703032
13415,0,cavalry_light,663,571.7897388209088
13416,4,cavalry_light,679,601.967710154953
13417,0,cavalry_light,704,629.0745133301688
13418,1,cavalry_light,1062,780.9939852593338
13419,2,cavalry_light,851,736.4725844696243
13420,0,cavalry_light,918,831.9807759590424
13422,0,cavalry_light,490,421.52660050422026
13423,0,cavalry_light,680,568.3248069246305
13424,0,cavalry_light,560,463.4771413328174
13425,3,cavalry_light,784,685.0445598944598
13428,2,cavalry_light,426,377.4645212157488
13429,0,cavalry_standard,641,583.4543572195871
13430,2,cavalry_standard,1011,1035.2520266796055
13431,1,cavalry_standard,1251,1258.7493961892512
13432,3,cavalry_standard,958,796.8078564175961
13433,0,cavalry_standard,558,521.4886890714655
13434,3,cavalry_standard,844,877.65781638199
13436,4,cavalry_standard,478,471.24260497947193
13437,0,cavalry_standard,621,552.7009333859236
13439,4,general,537,485.68516879904814
13440,1,general,727,634.549655491759
13441,4,general,1,1.0
13443,0,general,1668,1382.4800660990766
13444,3,general,1091,772.0793072069673
13445,4,general,1,1.0
13446,0,general,1368,1206.2581181186465
13447,3,general,202,177.61914067233937
13448,2,general,480,419.3929031238912
13449,0,general,278,248.61047928945698
13450,1,general,611,508.12987572117936
13451,4,general,1,1.0
13452,1,general,1174,1156.5485758243358
13453,3,general,183,230.3404068590678
13454,3,general,383,333.2722073159763
13455,3,general,202,177.61914067233937
13456,1,general,352,298.1547444211538
13457,3,general,202,177.61914067233937
13462,0,general,133,120.83229618433081
13463,4,general,1,1.0
13465,1,general,1371,1347.9542594965412
13466,2,general,1340,1261.31273167808
13467,4,infantry_grenadiers,878,856.7331876866649
13468,1,infantry_grenadiers,777,678.1340204858434
13469,0,infantry_grenadiers,933,821.909458144777
13471,3,infantry_grenadiers,1131,1062.0559680803299
13472,4,infantry_grenadiers,820,763.6656009436721
13473,0,infantry_grenadiers,409,290.6422252788133
13474,0,infantry_grenadiers,908,837.7099310232906
13475,2,infantry_grenadiers,1281,1233.3390582702004
13477,0,infantry_grenadiers,1279,1200.316140384839
13478,0,infantry_irregulars,319,264.20144080386166
13480,0,infantry_irregulars,504,456.72003983205946
13481,0,infantry_irregulars,343,307.1192898000253
13482,2,infantry_irregulars,489,491.3219902482383
13483,2,infantry_irregulars,603,568.7956432815669
13484,4,infantry_irregulars,327,235.4896728636992
13485,0,infantry_irregulars,128,172.65136375353353
13486,4,infantry_irregulars,730,580.9244550034551
13487,0,infantry_irregulars,403,474.6059673138362
13488,1,infantry_irregulars,513,569.9972311554753
13489,4,infantry_irregulars,296,256.5072698842858
13490,3,infantry_irregulars,457,516.9883730534968
13491,3,infantry_light,374,365.0748457385332
13494,1,infantry_light,266,343.70972165950326
13495,0,infantry_light,243,302.3403220155244
13496,4,infantry_light,283,363.8779858137405
13497,3,infantry_light,221,282.4837087490697
13498,4,infantry_light,484,455.91202363543283
13499,3,infantry_light,390,381.5707979316033
13500,4,infantry_light,526,509.0289954168571
13502,0,infantry_line,513,386.9244042838717
13503,2,infantry_line,268,306.2767285177196
13504,4,infantry_line,297,267.111498004125
13505,0,infantry_line,481,397.1585271637022
13506,1,infantry_line,220,229.50393701836285
13507,4,infantry_line,206,261.04010527307946
13508,2,infantry_line,218,275.06402505472624
13509,1,infantry_line,311,273.10740759544314
13510,4,infantry_line,596,474.21719311916826
13511,4,infantry_line,250,228.85570843077957
13512,0,infantry_line,202,168.20398544565555
13513,1,infantry_line,374,343.9413439669468
13514,0,infantry_line,246,257.1302293966831
13516,1,infantry_line,368,329.92906123458255
13518,2,infantry_line,202,204.7054280484789
13519,2,infantry_line,271,267.6918199096863
13520,0,infantry_line,155,184.3690747936794
13521,0,infantry_line,230,238.1520512862701
13522,2,infantry_line,173,225.0324320945988
13523,1,infantry_line,174,192.83525875079948
13524,4,infantry_line,182,196.93854521292076
13525,0,infantry_line,269,248.20324571895125
13526,2,infantry_line,261,218.03843798672696
13527,2,infantry_line,312,363.01025381925024
13528,2,infantry_line,233,288.3245855815267
13529,4,infantry_line,476,410.1363254840656
13530,1,infantry_line,325,299.7490216160219
13531,3,infantry_line,550,468.57343678415
13533,0,infantry_line,332,316.20101109082935
13534,4,infantry_line,392,394.7770487235451
13535,4,infantry_line,695,596.0420058943992
13536,0,infantry_line,765,648.9418004053841
13537,0,infantry_line,958,779.6350294271288
13538,3,infantry_line,578,543.9125739453602
13539,4,infantry_line,313,269.7707511968485
13543,1,infantry_militia,244,87.3313869715626
13544,3,infantry_skirmishers,256,221.41273866104154
13545,0,infantry_skirmishers,177,165.06725470384103
13546,1,infantry_skirmishers,692,587.6398356662197
13547,1,infantry_skirmishers,306,255.92609836872955
13548,1,infantry_skirmishers,236,192.72615303907043
13551,3,general,444,265.7783785740534
13552,3,general,292,313.7540244508115
13553,2,general,890,804.1069378316201
13554,0,general,388,401.8908771607212
13557,1,general,365,397.4153027220474
13558,3,general,453,530.5701436707845
13560,0,general,1015,904.8572031682012
13561,3,infantry_light,505,520.2040351368016
13562,4,infantry_light,947,972.6284928681129
13563,1,infantry_line,187,213.69077003001425
13564,4,infantry_line,345,360.94073732127106
13565,3,infantry_line,363,378.7316929411772
13566,4,infantry_line,339,369.6513660312088
13567,3,infantry_skirmishers,452,274.674165143751
13568,2,general,252,258.8739123382706
13569,4,general,179,191.41328010788123
13571,3,general,332,367.00772914392707
13572,0,general,456,504.0372361495461
13573,2,general,187,222.7015314529771
13575,3,general,854,861.611839932759
13576,0,infantry_light,303,331.5996543566112
13577,2,infantry_line,242,236.63746914801067
13578,0,infantry_line,375,382.8136424666465
13581,3,infantry_line,442,468.3485769875246
13582,1,general,273,282.4668443117983
13583,4,general,149,161.05524246522072
13584,4,general,416,416.2520059080159
13585,2,infantry_grenadiers,482,489.32458520838446
13586,0,infantry_line,334,334.701974442764
13587,0,infantry_line,249,252.52852617691133
13590,1,general,275,260.42925166230316
13591,3,general,524,549.799077941646
13592,1,general,618,663.9813067314475
13593,0,general,684,700.524824023162
13594,0,general,419,413.5494783026208
13595,4,general,1025,1010.3700421651446
13596,2,general,710,765.3858835648713
13597,4,general,403,476.3170351073035
13599,3,infantry_grenadiers,626,667.8079019559711
13600,4,infantry_light,280,285.40009293963726
13602,4,infantry_light,410,410.4864122527996
13603,1,infantry_line,121,98.65037717675244
13604,3,infantry_line,582,616.727887526863
13605,1,infantry_line,494,506.1220206565006
13606,1,infantry_line,398,447.607777231909
13607,3,general,301,311.22094922534677
13610,3,general,429,450.969548124928
13612,2,general,57,77.38276461247807
13613,1,general,194,200.1904177375568
13614,4,general,237,241.80162766699172
13615,4,infantry_light,450,437.5417878850493
13617,2,infantry_line,297,289.7999129787861
13618,0,infantry_line,205,229.08467868461634
13623,1,general,101,142.4172808269896
13624,1,infantry_line,286,301.07557064744975
13626,4,cavalry_heavy,905,924.0330284046422
13627,0,cavalry_heavy,1351,1315.086150197205
13629,4,general,723,743.1890298033002
13631,3,general,74,107.884935925999
13632,4,general,1127,1098.8344485365562
13633,4,general,266,280.8286422489957
13634,2,general,287,304.20639211194356
13635,1,general,632,649.1669588269581
13636,3,infantry_light,359,368.02200160981664
13637,4,infantry_line,370,377.9389982033135
13639,2,infantry_line,259,254.32910552893648
13640,4,infantry_line,153,162.1266114835189
13641,1,infantry_line,694,701.3979462627244
13642,0,cavalry_light,402,420.28168441402636
13643,3,cavalry_light,541,511.1265947398183
13644,2,cavalry_light,784,838.4523985436812
13648,4,general,306,358.69995847011575
13649,2,general,562,524.8659596582999
13651,1,general,521,515.0733441036467
13653,2,general,432,419.68517072322857
13654,3,general,514,570.3956916125388
13655,3,infantry_line,283,287.31206442986775
13660,4,general,468,393.4962605077493
13662,2,general,200,212.81803474687055
13664,3,general,540,555.013886224189
13665,0,general,793,852.2571826996365
13666,4,general,456,474.2213435629609
13667,2,infantry_light,577,604.9741744925486
13668,2,infantry_line,305,307.90411723647094
13669,2,infantry_line,456,370.6505409187667
13671,2,general,273,294.55074694358103
13673,2,general,216,214.54896859475323
13675,0,general,255,288.7778291095336
13676,3,general,61,63.339079280167425
13677,2,infantry_light,444,446.4254772024083
13678,4,infantry_light,324,319.27890234229005
13679,4,infantry_line,165,152.11516746383418
13680,1,infantry_line,328,347.8119259704247
13681,3,infantry_line,339,356.8574255379999
13682,3,infantry_line,199,203.8129894476637
13684,4,general,473,437.78506033782
13685,2,general,594,613.5367504197984
13686,3,general,627,678.3754950699177
13687,0,general,855,783.8069382253316
13688,3,infantry_grenadiers,293,336.11494188939395
13689,4,infantry_grenadiers,725,748.4802639148238
13690,3,infantry_light,799,821.2650264704324
13692,1,infantry_line,186,191.5164240503161
13693,2,infantry_line,586,619.4470433324782
13694,1,cavalry_heavy,1408,1327.9485791693933
13696,3,general,1556,1521.9235371407358
13697,4,general,1067,948.7627288290735
13698,4,artillery_foot,97,157.37829411308763
13699,3,general,46,119.00569380426703
13700,4,cavalry_light,319,351.5826586951213
13701,4,cavalry_light,370,395.51404753267855
13702,1,general,245,271.43337699622174
13704,1,general,181,231.77196536114997
13706,1,infantry_light,488,484.19482847724277
13707,1,infantry_line,116,143.55303315758457
13708,0,cavalry_light,768,813.9191366788206
13710,0,general,432,341.7325208012023
13711,4,general,440,488.53973786666165
13712,0,general,513,528.8817014127903
13713,4,infantry_line,376,310.2034708583045
13714,1,infantry_line,477,493.63403338717484
13715,3,general,569,527.5209771377581
13716,0,infantry_line,665,615.5832379955738
13717,3,general,427,428.32690419747934
13718,2,infantry_line,286,279.7793469667358
13719,1,general,582,624.1230634173515
13722,1,cavalry_heavy,599,612.0513581689698
13725,1,cavalry_light,896,908.3520968508074
13726,1,cavalry_light,543,511.7228025062648
13728,1,general,836,847.4735227938486
13729,0,artillery_foot,421,487.8034063902013
13730,0,artillery_foot,454,525.0370253990666
13732,0,artillery_foot,332,409.74768338419176
13733,1,artillery_foot,412,508.73190621817247
13734,2,artillery_foot,689,607.1035632328259
13735,4,artillery_foot,325,362.4209204828326
13737,3,artillery_horse,606,619.5578570447298
13738,2,general,789,822.1027592995677
13741,0,general,978,1017.2651342186421
13742,2,general,789,822.1027592995677
13743,0,general,299,312.31296290781984
13744,2,general,1391,1448.314220662822
13745,3,infantry_grenadiers,265,178.72776257650688
13746,2,infantry_line,253,198.71627862838412
13747,0,infantry_skirmishers,217,223.26636085451827
13748,1,general,453,375.40355860557327
13749,0,general,341,308.4614506253311
13751,0,general,203,207.45441433423161
13752,4,general,950,798.1982736066158
13753,2,general,640,613.9029702844283
13754,0,general,576,690.569033051881
13755,3,general,453,399.0840644335681
13756,3,infantry_grenadiers,515,630.8709102553438
13757,3,infantry_light,315,307.8830557008106
13758,2,infantry_light,760,755.1498221382107
13759,0,infantry_light,691,597.9418257677838
13760,1,infantry_line,365,349.42198101064304
13761,4,infantry_line,1072,972.4077718745227
13762,4,infantry_line,279,301.9461120875244
13763,3,infantry_line,316,287.7963812197354
13764,0,infantry_line,567,500.0551490556201
13765,0,cavalry_light,263,314.75657122089126
13769,3,general,121,204.9590604077962
13771,2,general,724,580.8709987253446
13772,0,general,734,668.0655905958091
13773,4,general,489,451.9065197169269
13774,2,infantry_grenadiers,316,373.5171106236561
13775,1,infantry_line,294,274.408758046739
13777,0,infantry_line,784,730.7135969995353
13778,0,infantry_line,460,412.76154065875136
13779,2,infantry_line,832,785.998257928881
13780,0,infantry_line,556,459.9983280981168
13781,1,cavalry_heavy,747,706.6859039405585
13782,3,cavalry_heavy,1123,1117.0352927347876
13783,2,cavalry_light,450,479.23712073360497
13784,4,cavalry_light,738,820.3232269527367
13786,1,cavalry_light,609,614.551170890598
13787,2,general,1052,1052.2394811807242
13788,3,general,507,507.2626651922309
13789,2,general,585,670.2527381965438
13790,3,general,352,380.93104966601913
13791,2,general,698,675.4691377835359
13792,2,general,401,463.2551397757807
13793,4,cavalry_heavy,1230,1220.6090299916916
13794,1,general,1025,994.1098815505891
13795,2,general,629,573.5586187990608
13796,3,general,407,366.3198164620703
13797,2,general,244,232.74749040503934
13799,1,general,156,155.4634296369926
13800,0,general,311,280.9179686146518
13801,4,general,362,351.5725796728655
13802,0,general,727,651.9183409976278
13803,0,general,441,402.75969939618386
13804,3,general,1010,871.6501581805013
13806,4,infantry_grenadiers,549,515.1949680764245
13808,2,infantry_light,348,344.49822095464356
13809,3,infantry_line,295,285.0833004642766
13810,0,infantry_line,344,329.54149043219826
13811,3,infantry_line,248,246.88420571992847
13812,4,infantry_line,569,458.1563073077316
13813,4,infantry_line,654,579.2557544054563
13814,0,infantry_line,1048,907.8981879502081
13815,3,cavalry_heavy,1514,1474.1542338034096
13816,4,cavalry_light,332,358.58733025573014
13817,1,cavalry_light,735,699.0680046034375
13818,1,cavalry_light,333,367.5684545085988
13820,2,general,212,255.66369337332506
13822,3,general,758,780.1241965302512
13824,4,general,680,571.9876995030226
13825,2,general,691,598.5335876141022
13826,2,general,241,220.743955890021
13828,2,infantry_line,332,314.9916978189421
13829,3,infantry_line,571,517.9321327704205
13830,2,infantry_line,723,634.1683635988567
13831,2,cavalry_light,277,333.9360772710858
13832,1,cavalry_light,484,507.7715954978203
13834,3,general,307,363.2753094945129
13838,0,general,560,484.4399355264541
13840,1,general,570,460.2796692205236
13841,0,general,266,288.3730049369251
13842,0,general,713,615.1673664115586
13843,4,general,409,336.3944644890448
13844,3,infantry_line,218,213.6426150990774
13847,2,infantry_line,258,231.69758218654235
13849,0,infantry_line,437,393.1261712463659
13850,4,infantry_line,587,508.9033399411325
13852,4,cavalry_light,740,874.1973221729394
13853,2,cavalry_light,339,390.1047861616209
13854,0,cavalry_standard,1062,1053.7108683751483
13855,2,general,656,823.3781182613122
13856,3,general,920,888.942523169768
13859,2,cavalry_heavy,1357,1347.1057444350872
13860,4,cavalry_light,450,480.5865916115524
13861,1,cavalry_standard,512,530.2315199619245
13862,3,general,1198,1189.6194330177275
13863,3,general,356,378.0821235482667
13864,1,general,378,396.2238576177778
13865,3,general,497,452.0166872942333
13866,0,general,282,224.18139594979596
13867,4,infantry_line,388,358.03856071696964
13868,1,infantry_line,329,312.49924747946494
13871,2,cavalry_heavy,1402,1321.0613310438075
13873,2,cavalry_heavy,1471,1342.2686397356356
13874,4,cavalry_heavy,1199,1215.7123509300875
13875,0,cavalry_light,516,538.9193151272428
13877,1,general,1225,1190.0770246578932
13878,2,general,1294,1190.8467682324538
13881,1,general,1093,1010.3635122724764
13882,4,infantry_line,694,595.7622466487771
13883,0,cavalry_heavy,1463,1427.8510067968505
13884,4,cavalry_heavy,1282,1284.2621139068503
13887,1,general,1074,1079.497430726345
13888,3,general,1141,1101.3127099657193
13889,3,general,1462,1435.8427649815974
13890,2,general,1292,1299.026763286309
13891,1,cavalry_light,330,371.4369927736188
13892,1,cavalry_standard,689,752.992605122086
13893,0,general,318,401.116843474076
13894,0,general,679,707.7931169771373
13896,2,infantry_line,329,314.9506028205619
13897,2,general,227,212.26456211628343
13898,4,general,188,167.6761425155255
13899,4,infantry_line,251,247.77490069600586
13900,4,infantry_line,322,307.4860293631501
13901,1,infantry_line,214,183.33625866407124
13902,2,cavalry_light,476,590.0133819037801
13903,1,general,520,629.611641141764
13905,3,general,307,248.81321197802708
13906,3,general,343,297.80300539518777
13909,4,general,262,232.12590290850844
13910,3,infantry_line,355,330.12323118733036
13911,4,artillery_foot,826,813.4240507672322
13913,2,artillery_foot,486,449.6290716404768
13914,3,artillery_foot,326,297.8395090185945
13915,2,artillery_foot,69,103.67941323328756
13917,1,artillery_foot,734,634.4804273738084
13918,4,artillery_foot,77,109.5776432024207
13919,2,artillery_foot,407,342.7508904686497
13921,2,artillery_horse,624,604.7303170243651
13922,0,general,312,312.31296290781984
13924,0,general,863,843.1522957741748
13925,1,general,638,634.549655491759
13926,3,general,177,177.61914067233937
13927,4,general,1023,1026.8454751158451
13928,0,infantry_line,201,186.7274038102491
13930,4,infantry_skirmishers,189,186.4174241184219
13931,0,infantry_skirmishers,239,252.55868726678386
13932,0,infantry_skirmishers,195,213.86009205242473
13933,1,artillery_horse,1111,1046.8977027424053
13934,4,cavalry_light,1015,857.1377250615924
13936,4,general,848,789.851399583295
13937,4,artillery_foot,537,506.93998185750513
13938,0,general,405,404.27147517455876
13939,0,general,747,731.397990084967
13941,0,infantry_light,466,530.3158970814821
13943,3,cavalry_light,616,476.22165720706283
13944,1,general,399,325.2800594584568
13947,1,general,431,402.346722244528
13948,4,infantry_light,844,836.2507029837149
13950,4,general,772,739.3091688884667
13951,4,infantry_grenadiers,547,648.4589394483507
13952,3,infantry_line,702,708.661828750369
13953,0,general,1197,906.8781035266011
13954,1,infantry_militia,737,971.1014523313054
13956,4,infantry_militia,492,431.0316712192144
13957,4,infantry_skirmishers,329,328.40788073049964
13958,4,general,299,211.68843104527878
13959,0,general,557,237.1288673220917
13960,1,infantry_militia,405,504.1315677259346
13961,0,infantry_skirmishers,576,311.7694035489222
13963,0,general,563,562.1633332340759
13964,4,general,459,513.1621114868431
13969,4,infantry_line,442,476.5151735915224
13970,0,general,223,223.2560104180441
13972,0,general,561,646.0097279878639
13974,4,infantry_line,538,597.5413290503828
13975,1,general,237,254.58338919668944
13977,2,general,614,567.1190280912256
13979,0,infantry_line,349,381.07286021094734
13980,0,infantry_line,432,417.7832920236005
13981,0,general,144,127.43137273441482
13983,4,general,395,398.3900462303622
13984,2,infantry_line,248,246.0184179100585
13985,4,infantry_line,456,461.74605064211573
13986,3,cavalry_light,373,509.64971695566186
13989,0,general,1036,1080.2452568461451
13990,0,infantry_skirmishers,270,259.68934069133144
13991,1,artillery_horse,848,831.5362595473807
13992,1,cavalry_light,598,685.6442458010589
13993,0,cavalry_light,629,703.3339474534126
13994,4,general,503,554.249212030109
13995,2,general,606,673.7018353637654
13997,3,general,382,363.26305250512536
13998,3,general,479,489.87780081289986
13999,4,general,393,389.19132399872507
14000,2,infantry_line,563,456.21732239507924
14001,0,infantry_line,451,461.7479165766064
14002,3,general,158,164.1564217932538
14003,4,general,279,287.5152128517411
14004,1,general,395,423.74847454550695
14005,0,infantry_line,260,277.38269977073656
14006,2,infantry_line,391,414.71210943284666
14007,2,artillery_foot,394,366.87912615445055
14008,0,general,162,174.129643913193
14010,1,cavalry_standard,635,621.9974982753217
14011,3,general,436,494.0104016768355
14012,1,general,673,732.3313653537674
14013,4,general,218,239.06888051468198
14014,2,general,494,457.12522837736594
14015,2,infantry_grenadiers,628,706.7511940104491
14018,1,infantry_line,285,302.7812008605343
14020,0,general,125,165.94468059039747
14021,4,general,76,83.85734133851767
14023,0,infantry_line,172,195.61546097700415
14024,3,infantry_line,173,206.89223404546595
14025,4,artillery_foot,423,557.0164997655521
14026,4,artillery_horse,86,129.9973806410837
14027,2,general,348,414.76200189880046
14028,3,cavalry_light,386,517.5514546311964
14029,0,general,335,471.81072151094537
14030,3,general,118,146.40411293622284
14031,4,general,411,449.54390879351945
14032,0,general,666,709.1848380978838
14033,0,infantry_grenadiers,777,870.3630331555046
14034,2,infantry_light,379,462.06687622857237
14035,0,infantry_line,226,263.4928524630275
14036,3,general,74,94.17291551209928
14037,0,general,177,228.71308092938608
14038,1,general,223,251.08366973145266
14040,0,infantry_grenadiers,675,786.3541398619693
14041,4,infantry_light,281,330.3262846527181
14042,2,infantry_line,190,227.73498487133588
14043,1,infantry_line,184,209.6101875586172
14045,1,cavalry_heavy,994,1010.3735983790164
14046,3,general,790,790.9578297685914
14047,2,general,1225,1187.3388749801234
14048,1,general,1283,1294.6837709439365
14049,2,general,601,599.9760110115102
14050,1,artillery_foot,412,396.66057193772406
14052,1,cavalry_light,611,659.3745903610918
14053,2,general,787,791.9351683232998
14054,4,general,1049,942.3338421344366
14055,1,general,729,755.2222439710027
14056,2,general,254,233.08817057689444
14057,4,general,287,320.7366549139917
14058,0,general,556,543.2362120573778
14059,1,general,788,773.324846615365
14060,1,infantry_grenadiers,1110,1008.9045427287367
14061,3,infantry_grenadiers,628,617.2216600092571
14062,1,infantry_grenadiers,233,253.7838981438832
14063,1,infantry_grenadiers,314,272.74834777758286
14064,2,infantry_grenadiers,700,702.7383667924506
14065,0,infantry_grenadiers,683,676.5408696072606
14066,3,infantry_line,347,343.9849219251412
14067,0,infantry_line,328,397.2379967472328
14068,1,general,348,331.338503257769
14069,1,general,499,470.5527067567909
14070,3,general,371,390.9403016637464
14071,2,general,647,668.2174470092293
14075,0,general,520,499.84561836294404
14076,1,general,1338,1483.367525300443
14077,4,general,966,1153.2764248247663
14078,2,general,324,325.54765295723865
14079,2,infantry_grenadiers,933,1002.5177098247116
14081,1,infantry_light,370,389.2266789112274
14082,0,infantry_light,417,421.75963467443785
14083,2,infantry_line,658,641.6450534081621
14084,4,infantry_line,843,1028.117948576502
14086,1,infantry_line,625,610.8580222806228
14087,0,infantry_line,557,573.6258393911319
14088,2,infantry_line,386,386.5885112350683
14089,2,general,487,441.52021998590203
14090,4,general,1064,1055.3890163925823
14091,2,general,984,976.5915567992863
14092,2,general,831,794.1513769587154
14093,2,general,337,336.8335098575109
14094,4,general,570,565.6348906877835
14095,0,general,1069,1053.751020054686
14096,2,general,647,664.8706467617457
14098,2,infantry_grenadiers,698,731.753643198471
14099,1,infantry_light,583,557.364628894764
14103,0,infantry_line,618,621.7877732312219
14104,3,cavalry_light,1360,1381.0435968995514
14105,0,general,1533,1489.0143539019487
14106,3,general,375,351.57036164847307
14109,1,general,452,461.615305376055
14111,3,general,836,748.9040216639651
14112,3,general,627,579.190146814774
14113,3,infantry_light,525,517.7500096594953
14114,1,infantry_light,837,767.9946511694504
14115,3,infantry_line,409,409.63241406705356
14116,3,infantry_line,416,430.7677648166231
14117,0,infantry_line,636,610.589227149765
14118,0,infantry_line,400,403.6735859791177
14119,0,general,335,276.74150131091767
14120,3,infantry_militia,376,316.5818686268987
14121,1,cavalry_light,319,291.4134169476197
14122,0,cavalry_standard,696,711.0094108302477
14123,1,general,588,573.2188605190673
14124,4,infantry_irregulars,287,209.7663023621045
14125,0,infantry_skirmishers,403,434.76746068961006
14127,1,cavalry_standard,534,1041.3410602443385
14128,2,general,394,523.5118608012469
14129,0,general,1022,990.4908534882085
14130,2,general,1,52.677721612872745
14131,4,infantry_militia,100,198.4043831918626
14133,1,cavalry_light,319,291.4134169476197
14134,2,cavalry_standard,1381,1532.7834597431572
14136,4,cavalry_standard,528,538.0298009274914
14137,2,cavalry_standard,1089,1127.8880180124947
14138,0,general,1014,1032.4388853371095
14139,3,general,1390,1416.0909044089437
14140,4,general,495,576.792667343511
14141,4,general,595,593.9091809264683
14142,4,infantry_irregulars,271,289.42584737809125
14143,0,artillery_foot,346,364.51544773919534
14144,3,artillery_foot,804,784.248130527238
14145,2,artillery_foot,796,747.9805316380488
14146,0,artillery_foot,316,352.84243455249054
14147,1,artillery_foot,1379,1439.9195291458043
14148,3,artillery_foot,1457,1410.9110181973429
14150,2,general,1729,1503.3744180219824
14151,4,general,1284,1234.494455803982
14153,0,general,1076,1144.4232759959727
14155,2,general,1529,1629.3534982456754
14156,4,general,778,929.9944175328645
14157,4,infantry_grenadiers,322,250.25780496930986
14158,1,infantry_skirmishers,230,254.99468763323006
14159,1,infantry_skirmishers,230,254.99468763323006
14160,1,infantry_skirmishers,210,211.59007816753285
14161,0,cavalry_heavy,1203,1118.131398180273
14162,2,cavalry_heavy,1118,1085.4671056735763
14163,1,cavalry_light,423,414.4054813549849
14164,2,cavalry_light,352,353.6572290647365
14165,3,cavalry_light,554,541.1569313495435
14166,0,cavalry_light,641,583.5566005564809
14167,3,general,321,336.9434294671165
14168,4,general,994,913.2507534107581
14169,3,general,127,186.73108015662444
14171,0,general,523,491.36341549734874
14173,3,general,441,449.2349520183849
14174,2,general,981,1003.3204817730157
14175,0,general,1189,1089.9243165977316
14176,4,infantry_grenadiers,382,428.4057929682164
14177,1,infantry_grenadiers,1029,1079.9344360144382
14178,3,infantry_light,243,274.66834087032277
14179,1,infantry_line,409,439.8777436983768
14180,1,cavalry_heavy,1149,1141.9471602721228
14181,2,cavalry_heavy,1464,1366.551970305268
14182,2,cavalry_light,364,371.53759668165253
14183,0,cavalry_light,336,347.38507491817245
14184,4,cavalry_light,878,839.1955074361709
14185,1,general,1073,1057.3311503909204
14186,4,general,209,253.88513106173284
14187,4,general,799,802.3968117650215
14189,0,general,1463,1350.8249704949972
14190,3,general,298,337.6701984282528
14191,3,general,702,704.7255971706617
14194,3,infantry_light,822,858.2691093312271
14195,2,infantry_line,246,270.8907766886369
14196,1,infantry_line,442,449.3573020554433
14198,1,cavalry_heavy,1469,1369.0938068601886
14199,2,general,1242,1162.573641443945
14201,4,general,553,585.0688383762583
14203,2,general,1565,1512.512549530092
14204,0,infantry_grenadiers,429,493.7249550829241
14205,0,infantry_grenadiers,604,611.6494598242929
14206,2,infantry_line,565,612.941066860948
14207,0,cavalry_heavy,752,722.6686224935386
14208,1,general,639,623.2646898091712
14209,3,cavalry_heavy,1789,1623.9703298586223
14211,0,cavalry_heavy,2239,2199.0054853836905
14212,1,general,1870,1662.3895394720996
14213,0,general,928,940.6122198791393
14219,0,cavalry_standard,406,395.4859548740932
14221,1,general,885,883.1560581291646
14222,2,general,820,766.9113404791327
14223,2,general,1040,1021.4754728841591
14224,4,general,1233,1106.2829760635127
14225,4,general,399,407.7687361824526
14226,3,general,1262,1183.9424734787494
14228,1,general,786,687.616660258896
14229,1,general,345,353.3072042183342
14230,1,infantry_light,570,577.2996680441555
14231,1,infantry_light,404,405.7303871628254
14232,2,artillery_horse,569,595.7111243981843
14233,2,cavalry_standard,701,704.9076765743811
14234,2,general,577,594.1011233190819
14235,2,general,46,98.74655690776083
14236,4,general,644,705.818042872472
14238,1,general,546,591.6269008790841
14239,0,general,604,651.6444674614601
14240,4,infantry_line,125,143.0491066503403
14241,0,infantry_line,466,510.0966042533931
14242,1,infantry_line,461,504.7935372429495
14243,3,infantry_line,504,550.802958359826
14244,1,general,332,365.1102125026743
14245,0,general,414,446.404598509366
14246,4,general,321,405.620818922882
14248,0,general,409,463.26539680002867
14249,1,general,361,392.2097807572879
14251,4,infantry_grenadiers,380,424.1255735956837
14252,4,infantry_line,186,197.62423462898906
14253,0,infantry_line,385,408.2684750768776
14255,3,infantry_line,327,379.71572654934295
14256,3,cavalry_light,346,361.0450555114647
14257,4,cavalry_light,558,548.9185340856079
14258,0,general,296,326.82021924032273
14259,3,general,414,401.1292672592622
14260,2,general,555,549.7065461356827
14261,4,general,508,463.7386109078007
14262,4,infantry_light,392,386.0786559768016
14263,0,infantry_light,489,451.5269927786853
14264,3,general,228,273.4569595838526
14265,2,general,232,258.365202344029
14266,0,general,230,258.4943852543801
14267,0,general,269,348.50552209599977
14268,4,general,553,607.1935413682933
14269,3,infantry_grenadiers,343,359.16832050803714
14270,1,infantry_grenadiers,743,731.7918472923711
14271,1,infantry_line,291,301.09447963792707
14272,4,infantry_line,290,294.9946020793987
14273,0,infantry_line,338,400.2169627495651
14274,3,infantry_line,602,662.1078719245214
14275,0,general,374,381.3746697530406
14276,0,general,220,300.15852133196864
14277,2,general,797,781.4809853532826
14279,3,general,584,643.3485918491798
14280,3,general,363,416.6490788461104
14281,2,infantry_grenadiers,623,603.7597152250198
14282,1,infantry_line,358,357.92981140223725
14284,4,infantry_line,661,709.8566364880666
14285,2,infantry_line,423,460.7879919415101
14286,2,general,415,390.30270441608275
14287,4,general,274,326.87332434247423
14288,4,infantry_light,463,456.27063779337186
14289,0,infantry_light,134,141.20430382142294
14290,1,infantry_light,350,387.86968323147744
14292,3,cavalry_standard,515,530.8749052197362
14293,1,general,390,423.14375932906216
14295,1,general,429,467.6044465373704
14296,0,general,249,294.9402528403588
14298,0,cavalry_standard,442,413.62428399246
14300,3,general,410,418.60032916057884
14301,3,general,358,376.25227817499285
14302,2,general,309,298.11877410430805
14303,2,general,285,306.4959343090685
14304,1,general,359,415.14337540626275
14310,4,general,387,386.5052232089343
14311,4,cavalry_standard,618,621.8492925791925
14313,2,cavalry_standard,389,396.4208794538514
14314,1,general,328,339.4885262646104
14315,3,general,466,491.49457332929995
14316,1,general,341,364.5071004695041
14317,0,general,1696,1226.1638282385643
14318,3,general,1164,974.6409530110448
14319,0,infantry_grenadiers,1123,929.9934680876298
14320,1,infantry_grenadiers,1064,1020.4136102548738
14321,3,cavalry_standard,809,809.1887612261456
14322,3,cavalry_standard,373,371.91592347120155
14323,4,cavalry_standard,613,560.1724948157021
14324,3,general,278,299.5943581770371
14327,3,general,502,460.7969052769831
14329,3,artillery_foot,533,572.1342582573408
14330,1,artillery_foot,667,654.4127781489822
14331,3,artillery_foot,1017,980.4339920669405
14332,1,artillery_foot,1044,1006.6599448006364
14333,2,artillery_foot,334,311.5739010589663
14334,3,artillery_foot,760,773.7089607893905
14335,4,artillery_foot,433,399.38981722783296
14336,3,artillery_foot,430,437.30942673584195
14337,0,artillery_foot,780,778.4648911570165
14338,2,artillery_horse,496,486.21693753932846
14339,0,artillery_horse,889,900.8680460323745
14340,1,artillery_horse,1561,1573.9555375706618
14342,4,general,530,501.3962638704033
14343,3,general,782,819.7836957158706
14344,4,general,338,370.899840815075
14345,0,general,799,832.3078370879803
14346,0,general,828,891.2693756311738
14347,0,general,499,520.7477048864263
14348,2,general,645,672.6295303360102
14349,1,general,365,380.72084175568455
14350,2,general,503,586.270843675619
14352,2,general,645,672.6295303360102
14353,2,general,1137,1184.9843623604913
14354,4,general,1592,1702.4002040433577
14355,2,infantry_skirmishers,162,170.8469739151966
14356,3,infantry_skirmishers,281,286.0865514228039
14357,2,infantry_skirmishers,278,269.44620145813377
14358,0,cavalry_light,964,939.241066345765
14359,4,general,994,974.4044906774393
14360,3,general,797,761.8708580875136
14362,2,general,579,563.7404206183686
14363,1,general,420,483.43751701287516
14366,4,infantry_light,625,678.0028267927598
14367,4,infantry_light,659,782.4161928032676
14368,1,infantry_light,939,1057.5124792246224
14369,4,infantry_line,491,575.3682137408315
14370,0,infantry_line,843,836.219960941911
14371,4,cavalry_light,642,644.9427948053772
14372,1,general,383,451.4278626537013
14373,3,general,341,311.47010360066974
14374,1,general,479,442.81347878128577
14375,1,general,294,261.79539676769434
14376,0,general,215,178.27378678812607
14377,4,general,474,474.38910305492465
14378,4,general,820,908.2768261375672
14379,0,general,888,955.2269671984365
14380,3,general,685,652.2650428049795
14381,4,general,1112,1107.6795648900002
14382,0,infantry_grenadiers,455,504.9369058701703
14383,4,infantry_grenadiers,377,466.3099802153006
14385,3,infantry_line,455,455.12575811287616
14387,4,infantry_line,526,524.6258629165441
14388,1,infantry_line,320,317.18020011862774
14389,0,infantry_line,948,1053.9710693194095
14390,3,infantry_line,993,1003.1651220172004
14391,4,infantry_line,804,800.6107954729447
14392,0,cavalry_light,526,537.7494119456393
14393,2,general,332,297.5504162590684
14394,2,general,363,359.60983399994285
14396,0,infantry_line,436,438.6653681993799
14397,1,infantry_line,732,725.6211827273346
14400,4,general,382,368.837861342634
14401,0,general,262,238.66105320025008
14402,0,general,876,808.9233587691538
14403,1,general,338,301.33906608803056
14405,2,general,1353,1230.8111817552897
14406,4,infantry_grenadiers,447,452.8848780980111
14408,0,infantry_light,493,523.6122635779137
14409,4,infantry_light,674,711.1219857729064
14410,0,infantry_light,1193,1231.1160025178788
14411,3,infantry_line,307,313.5753098374693
14412,4,infantry_line,365,377.1817697373838
14413,4,artillery_horse,100,151.66361074793096
14414,3,cavalry_light,556,568.3672561991702
14415,0,general,426,496.11589229839217
14416,2,general,546,495.1120786219944
14417,3,general,448,444.6990201460998
14418,2,general,650,679.8106895064182
14419,1,general,546,605.6336767863577
14420,3,general,479,443.0289533674461
14421,0,general,908,872.5803386730307
14423,2,general,1026,949.7127581418559
14424,3,infantry_grenadiers,536,630.4812665836904
14425,1,infantry_grenadiers,1051,1058.827778017933
14426,4,infantry_light,485,554.3393365835244
14428,1,infantry_line,663,652.6280465176236
14430,3,infantry_line,419,515.1365544449143
14431,4,infantry_line,812,796.0953224993609
14432,0,infantry_line,850,767.5820475335743
14433,1,infantry_line,937,906.6676958524994
14434,1,infantry_skirmishers,223,250.98259875174173
14437,2,cavalry_light,592,604.2550057861845
14438,1,general,1132,929.4211299778655
14439,4,general,446,426.7147933215649
14440,4,general,177,240.95045380443216
14441,4,general,354,370.935454016365
14443,2,infantry_line,408,442.57076078801674
14444,2,general,206,237.59119675060174
14445,4,general,78,57.633237296569945
14446,1,infantry_line,249,314.5688196430923
14447,2,infantry_line,261,345.77957557527145
14448,1,infantry_line,185,188.99177718917764
14449,4,artillery_foot,562,649.8525830598106
14452,0,general,437,475.3703518882107
14453,1,general,1051,999.1488064061098
14454,4,general,568,517.6779575210326
14455,3,general,867,850.6338999759388
14456,3,general,496,596.7189788522616
14457,1,infantry_grenadiers,1075,1078.8469348553754
14458,3,infantry_light,479,591.8610956570112
14459,4,infantry_line,377,373.45852804981837
14460,2,infantry_line,688,667.5232682034238
14462,4,cavalry_light,1258,1187.9602909388616
14463,4,cavalry_light,1750,1627.2511182990654
14464,3,cavalry_standard,631,789.588121351317
14465,4,general,694,678.992221470457
14466,2,general,1652,1532.0263375354482
14467,2,general,1114,1003.8829913911459
14468,0,general,1304,1164.7380174700763
14470,1,general,744,721.0015426433848
14471,3,infantry_grenadiers,1320,1300.285069025268
14472,0,infantry_line,627,629.6628150696054
14473,4,infantry_line,866,880.0469018622784
14474,2,infantry_line,1056,1082.4485877942063
14475,4,cavalry_light,1692,1636.9102740123274
14476,3,cavalry_light,774,773.8466395292991
14477,3,cavalry_standard,1388,1531.1777317242609
14478,4,general,1512,1415.2122859318183
14479,0,general,574,503.01512529521057
14480,0,general,667,628.564091772807
14481,3,infantry_line,611,599.4235539941848
14483,2,general,408,373.1553399934254
14485,4,infantry_line,285,300.8858803565174
14486,2,infantry_line,361,368.23876707079864
14487,2,artillery_foot,614,540.3655211776735
14488,0,artillery_foot,614,642.0863034649956
14489,3,cavalry_light,968,915.8379186260784
14490,2,cavalry_standard,1054,1186.3119455162607
14491,4,cavalry_standard,945,1255.93147841878
14493,4,general,800,724.3050296373864
14494,1,general,751,988.5180705122178
14495,3,general,918,996.0371018406374
14496,0,general,823,781.5153843569709
14497,0,general,775,865.7839819740205
14499,1,general,537,591.8569604875474
14500,4,general,883,837.2255756172663
14501,2,general,372,395.3418526856594
14502,3,infantry_grenadiers,736,789.8939788590741
14503,2,infantry_grenadiers,936,920.7925250873915
14506,1,infantry_line,672,683.1101038551934
14507,3,infantry_line,663,752.5864623148165
14508,0,infantry_line,483,530.9686767002133
14509,2,cavalry_light,874,785.5760655996663
14510,0,cavalry_light,727,737.3878441036235
14512,2,general,342,375.1373345203343
14513,4,general,753,638.0269914806721
14514,3,general,300,347.7735729229427
14516,1,infantry_light,328,396.8332778109402
14517,4,general,564,574.8806043517485
14518,0,infantry_light,386,442.4696214717972
14520,2,infantry_skirmishers,547,497.2823906730381
14521,0,artillery_foot,473,396.0359689498175
14522,3,cavalry_standard,1104,1056.027343366179
14523,1,general,190,215.7718739494853
14524,2,general,1047,993.3847092801257
14526,3,general,842,925.3948532952404
14528,0,general,645,685.9779682748715
14530,3,infantry_grenadiers,611,729.2560348780407
14531,1,infantry_line,339,339.2099313124702
14532,0,infantry_line,291,354.0709635958444
14533,2,infantry_line,1103,1235.2292095555983
14534,1,infantry_line,765,854.6269450050634
14536,0,artillery_foot,309,337.3724496176923
14537,4,artillery_foot,558,526.5882501345018
14538,3,cavalry_standard,1181,1327.377329740101
14539,3,general,245,240.80157475115772
14540,0,general,1121,1222.2107190651911
14541,4,general,279,331.468121515289
14542,4,general,377,388.75453596470834
14543,0,general,580,634.1173940290685
14546,4,infantry_light,624,728.8592117800889
14547,1,infantry_line,355,377.12537492923667
14548,4,artillery_horse,631,617.1834979702364
14549,4,cavalry_light,763,787.8973766955245
14550,4,general,613,592.2975908624464
14551,0,general,609,579.9809763526247
14552,0,general,706,688.1558296577526
14553,2,infantry_line,828,846.8422159308088
14554,3,cavalry_light,527,545.0999104925146
14555,3,cavalry_light,404,408.6762254325372
14557,1,artillery_horse,1685,1706.359774500542
14558,2,cavalry_light,1306,1080.0089139773086
14559,1,cavalry_light,468,484.01574187719905
14560,4,general,338,317.32254253933854
14561,2,general,1154,909.8692794786284
14562,2,general,1464,1420.989930775017
14563,2,cavalry_heavy,2153,2027.0818657171938
14564,1,cavalry_heavy,1755,1747.2139839730503
14565,0,general,1950,1807.5071991600541
14566,4,general,1511,1456.0251528773497
14567,4,cavalry_standard,1607,1779.2012775635742
14568,4,cavalry_standard,1069,1049.5754009447696
14569,2,cavalry_heavy,2461,2274.1496454962094
14570,0,general,2237,2022.2967932167971
14572,4,cavalry_standard,898,949.3875337158129
14573,3,general,1217,1348.8024317912827
14576,4,artillery_foot,1322,1273.815895177615
14578,3,artillery_foot,935,896.0411146490911
14579,1,artillery_horse,947,890.8305469727163
14580,0,general,469,468.4694443617298
14581,0,general,469,468.4694443617298
14582,2,general,1316,1179.0161422315698
14583,4,general,1,1.0
14585,2,general,701,699.9720128467618
14587,2,infantry_skirmishers,345,345.6386443060403
14588,2,infantry_skirmishers,318,316.37343580108205
14589,1,infantry_skirmishers,331,318.8535815958996
14590,1,cavalry_heavy,1616,1559.5851856128118
14591,4,cavalry_heavy,1378,1413.899725468238
14593,4,general,218,225.42438053266096
14594,3,general,628,550.7975222910131
14596,0,general,560,502.7638376912833
14597,0,general,173,141.44950250872387
14598,2,general,501,532.1230217678032
14600,4,general,589,615.91759948038
14603,2,general,880,907.76996626085
14604,2,general,640,656.7140295449768
14605,1,general,821,798.4748764563387
14606,3,general,501,499.86381656621194
14607,1,general,716,830.9146423047009
14608,0,general,954,902.0172414866063
14609,0,general,600,678.2046682258512
14610,2,general,1766,1697.801592217481
14611,3,infantry_grenadiers,416,469.6676305496662
14614,0,infantry_grenadiers,706,763.9533094290687
14615,3,infantry_grenadiers,883,939.7549487322914
14616,2,infantry_light,281,272.96746020361115
14617,4,infantry_light,513,483.02872280268247
14618,0,infantry_light,647,643.9778964036084
14619,3,infantry_light,471,483.3535657842317
14620,4,infantry_light,560,611.5585114667919
14621,3,infantry_light,761,836.6474138354619
14622,0,infantry_line,272,286.4219252695162
14623,1,infantry_line,485,489.6915732833257
14624,3,infantry_line,468,492.40010821684155
14625,1,infantry_line,561,614.8707528694586
14627,4,cavalry_heavy,1020,1118.5843470376735
14628,0,cavalry_heavy,1098,1209.1474690541772
14629,2,general,166,205.15245180255184
14630,3,general,830,963.2712144729006
14631,3,general,599,605.5802336994769
14632,1,general,379,406.4588118906667
14633,2,general,213,245.7484885830411
14634,1,general,189,221.7071337324814
14635,4,general,1012,1133.5659476038848
14636,1,general,329,364.50409974439157
14637,0,general,103,153.20233927970148
14638,2,general,292,331.44050981635905
14639,2,general,285,322.41541651977
14640,3,general,673,691.400252675059
14641,2,general,544,626.4858312267821
14642,0,general,869,839.4868628019128
14643,0,general,359,406.19706079111296
14646,0,general,339,368.93829826293495
14647,2,general,375,420.76247655512856
14648,4,general,634,619.8351569049073
14649,0,general,814,750.2013528016685
14650,4,general,477,524.289007146728
14651,3,general,625,673.1060453285801
14653,3,infantry_grenadiers,587,576.9431876036379
14654,2,infantry_grenadiers,625,587.0451438367212
14655,4,infantry_grenadiers,511,506.97071901349074
14657,0,infantry_grenadiers,732,726.9747436908755
14659,3,infantry_light,757,803.9065616427583
14660,4,infantry_light,570,580.6409442026638
14661,1,infantry_line,289,306.5915859775608
14662,1,infantry_line,260,278.13618278741694
14663,4,infantry_line,200,217.54301023302727
14664,1,infantry_line,327,348.3341235502919
14666,0,infantry_line,360,382.02807943563346
14667,1,infantry_line,202,225.38644664773926
14668,4,infantry_line,654,741.2215591760654
14670,0,infantry_line,528,562.0535668978526
14671,3,infantry_line,514,523.8964171515235
14672,0,infantry_line,431,456.7335792708995
14673,3,infantry_line,351,378.93265520047066
14674,3,infantry_line,447,471.30005233647375
14675,1,artillery_horse,278,290.87912023274447
14676,0,cavalry_heavy,384,687.7499390406242
14678,0,general,278,321.10450987110636
14679,3,general,226,556.3318241194389
14680,1,general,373,407.18802563196954
14681,0,general,238,266.81577750412487
14682,4,infantry_line,241,260.0945292431938
14683,2,infantry_line,431,457.7100030587432
14684,4,cavalry_heavy,1661,1717.241729851061
14685,3,cavalry_heavy,1130,1180.0051846730194
14686,3,cavalry_heavy,1937,1981.9369167413136
14687,3,general,440,442.16557165066666
14688,0,general,1905,1886.5777996693396
14690,4,general,933,949.9889462161985
14692,0,general,359,359.54837816028305
14693,1,general,1728,1835.4407343466214
14694,4,general,101,135.88956801364924
14696,0,general,735,668.3773386481275
14697,1,general,280,330.23971518438265
14698,1,general,215,267.3126824989952
14700,1,general,1267,1191.0843968861705
14701,4,general,267,317.56279264775185
14703,3,infantry_grenadiers,777,775.3145911993968
14704,3,infantry_light,430,441.1888864899608
14705,2,infantry_light,207,211.72266042456812
14706,1,infantry_light,405,414.8463188387912
14707,1,infantry_light,514,584.6906273526577
14709,1,infantry_light,287,316.9638670982949
14710,2,infantry_line,678,659.4178241622787
14711,4,infantry_line,339,367.5944377039636
14712,0,cavalry_heavy,1199,1230.0646061763387
14713,4,cavalry_heavy,1328,1420.8359360532486
14714,3,cavalry_light,862,919.1342299054621
14716,4,general,614,588.6218467195592
14718,4,general,181,229.27849322522587
14720,3,general,176,228.64907595831843
14721,3,general,176,216.7918196013386
14722,0,general,101,157.20772896217258
14724,4,general,995,1042.949858462818
14727,1,general,393,449.8595026429218
14728,1,general,354,418.6487361606976
14729,3,general,638,675.220961678485
14730,0,general,520,583.8969907312438
14732,1,general,368,391.3888789952313
14733,3,general,401,457.34631106305346
14734,3,general,254,284.475913737424
14735,4,general,370,416.53602956635285
14736,0,general,432,493.77401222098007
14737,1,infantry_grenadiers,330,348.6790445122309
14738,3,infantry_grenadiers,425,464.20146390882354
14739,2,infantry_grenadiers,710,699.5354352326616
14740,1,infantry_grenadiers,536,510.9204388884689
14741,0,infantry_grenadiers,400,414.7334884300844
14742,4,infantry_light,411,414.4239697095549
14743,1,infantry_line,249,268.4327317794946
14744,3,infantry_line,237,264.02738061347094
14745,2,infantry_line,274,290.4511506681077
14746,1,infantry_line,196,228.62612347035602
14747,0,infantry_line,329,347.1627445760282
14748,4,infantry_line,450,488.9329456982908
14749,2,infantry_line,356,363.44477198781925
14750,0,infantry_line,416,426.107835581215
14751,2,infantry_line,575,600.4533948389995
14752,1,infantry_line,536,579.11582330589
14753,3,infantry_line,460,500.8485832593064
14754,4,infantry_line,433,463.51294463680017
14755,0,artillery_foot,501,520.2221752364374
14756,1,cavalry_heavy,1244,1251.3163029196332
14758,2,general,343,369.2528296808891
14759,0,general,93,138.6672097223616
14760,1,general,324,323.82307791566495
14761,0,general,542,578.2464865618094
14763,3,general,1164,1186.0182562705068
14764,1,general,425,451.16624409654304
14766,3,infantry_grenadiers,425,459.6075900125113
14767,2,infantry_grenadiers,659,680.4217043831452
14768,3,infantry_light,256,261.3146865728575
14769,1,infantry_light,437,410.4922765770418
14770,1,infantry_line,119,191.09582040515107
14771,1,infantry_line,122,138.40342627337233
14772,2,infantry_line,314,310.06282935174954
14773,3,infantry_line,321,344.4167867333878
14775,1,infantry_line,220,233.45672296313984
14776,0,infantry_line,655,655.9054575179244
14777,4,infantry_line,473,492.460402813088
14778,2,infantry_line,404,417.2841949160185
14779,3,cavalry_light,357,372.2345858463479
14780,0,cavalry_light,577,541.181273723456
14781,3,cavalry_standard,626,641.4020866119258
14782,4,cavalry_standard,434,469.52063581170177
14783,2,cavalry_standard,710,676.7669787898559
14784,3,general,300,337.32574490770935
14786,2,general,462,455.186350089588
14787,2,general,545,537.5582520635036
14788,4,general,306,365.2848968177884
14789,4,general,568,614.7132661883713
14793,1,infantry_light,544,619.1658689188228
14794,2,infantry_line,558,572.7647302046229
14795,3,infantry_line,478,500.3207337056747
14796,1,cavalry_light,570,529.8447396365434
14797,3,cavalry_light,284,307.1279381493499
14798,4,cavalry_light,267,304.27556804771314
14799,2,cavalry_light,332,358.6433585455555
14800,3,cavalry_light,331,340.33101220437004
14802,3,cavalry_light,486,506.8335077342731
14803,4,cavalry_light,383,416.89720808807573
14804,2,cavalry_standard,854,872.9738745795065
14805,0,cavalry_standard,416,445.3906919382736
14806,1,general,244,288.55226684028486
14807,3,general,521,546.2282140460551
14808,1,general,228,276.5782037960613
14809,2,general,450,441.86982956109176
14811,0,general,267,323.5035070777818
14812,0,general,724,745.7251602544569
14813,2,general,258,309.2397046940742
14814,4,general,260,324.64195922097673
14815,2,general,366,403.98597719728156
14817,4,general,622,650.2212572827355
14818,3,general,411,442.50780797871926
14819,1,general,571,570.7550529619061
14820,1,general,327,399.64324352525193
14821,0,general,533,534.9542037375062
14822,1,general,275,338.1889627774287
14824,2,infantry_light,226,270.84055233325813
14825,0,infantry_light,202,226.30954658870183
14826,3,infantry_line,408,422.9554710868879
14827,1,infantry_line,582,580.7803788850304
14828,1,infantry_line,350,362.9954336762468
14829,4,infantry_line,434,477.7503783270662
14830,4,cavalry_light,740,741.2828321227346
14831,2,cavalry_standard,876,882.6019371701465
14832,1,cavalry_standard,727,693.1326391925292
14833,0,general,723,735.9062277246514
14834,3,general,34,92.285306099319
14835,4,general,49,97.62012047280172
14838,1,infantry_line,104,130.37427855590732
14839,3,infantry_line,77,105.53173772527639
14840,4,general,81,146.2998060217703
14841,0,general,18,104.55684973509929
14842,2,infantry_line,102,173.27794758064726
14843,4,infantry_line,125,182.25648899570348
14844,2,cavalry_light,256,281.87818191029857
14845,1,general,156,215.60450466012557
14846,4,artillery_foot,134,171.9476551506416
14847,4,cavalry_standard,601,570.7954436429353
14848,0,cavalry_standard,627,601.227065207045
14849,2,general,636,593.3782382231853
14850,1,general,514,514.6728845041334
14851,2,cavalry_light,500,478.8494554451744
14852,1,cavalry_light,703,704.7173398468735
14853,4,cavalry_light,498,511.0698187740432
14854,2,cavalry_light,836,847.9181097436468
14855,2,cavalry_standard,391,400.76659130562535
14856,4,cavalry_standard,813,838.4119766642922
14857,4,general,705,725.0943900949613
14860,3,general,687,714.5596132144983
14861,0,general,340,367.78912669883823
14863,3,general,376,407.2989531752695
14864,1,general,532,518.3686499616782
14865,1,general,1046,1010.9995620505341
14866,1,infantry_grenadiers,752,805.0532879342918
14867,1,infantry_light,429,452.90425138428947
14870,3,cavalry_light,225,254.83241498732397
14871,2,cavalry_light,348,365.02390616155793
14872,3,cavalry_standard,889,875.0209511884312
14873,0,cavalry_standard,567,563.8914583291945
14874,1,general,813,822.0048516707689
14875,4,general,93,167.1780803260068
14877,3,general,458,456.138482786082
14878,0,general,593,603.7366746976437
14879,2,infantry_grenadiers,571,579.7758419432246
14880,3,cavalry_standard,736,753.0810149611741
14882,1,general,285,320.5227744043597
14883,4,general,670,712.1169475254399
14884,1,cavalry_standard,830,823.7096176476064
14886,0,general,301,361.2226110392425
14887,2,general,701,717.6887909742265
14889,1,cavalry_standard,361,389.5714532919167
14891,3,general,665,632.2768503740174
14892,3,cavalry_standard,535,533.5188335694965
14893,0,cavalry_standard,632,608.6476183132991
14894,4,general,567,583.3142271151964
14895,0,general,388,405.560394614427
14896,0,cavalry_standard,690,658.0375260236373
14897,2,cavalry_standard,937,976.7664336693067
14900,2,cavalry_standard,342,342.37348269196843
14901,4,cavalry_standard,341,354.4642192543732
14903,2,general,372,368.1701428729949
14905,0,cavalry_light,759,768.5539571030477
14906,3,general,1406,1393.9454455431942
14907,2,general,628,672.4507146232756
14908,3,general,787,790.7608939823344
14909,3,artillery_horse,810,861.6274422572658
14910,2,artillery_horse,444,471.8762073144357
14911,3,cavalry_light,342,349.0045555939798
14912,4,cavalry_light,263,293.7897270924107
14913,2,general,256,311.09147832845497
14914,3,general,219,253.98897815919054
14916,4,artillery_foot,934,982.42711351924
14917,1,artillery_foot,914,948.6969604406322
14918,1,artillery_foot,300,308.7300286633019
14919,4,artillery_foot,301,324.72709838313324
14921,2,artillery_foot,542,533.7124778959568
14922,0,artillery_foot,537,558.3579568517915
14923,2,artillery_foot,776,743.3274440439843
14924,3,artillery_foot,554,569.4841958671622
14925,3,artillery_foot,51,80.90658648565
14927,0,artillery_foot,383,376.94404481498367
14928,2,artillery_foot,611,630.0760261099534
14929,3,artillery_foot,453,498.49289558082864
14930,3,artillery_foot,579,596.4271868777362
14931,0,artillery_foot,847,877.1582496983775
14933,2,artillery_foot,864,887.8483322079428
14934,1,artillery_foot,280,291.41418537928115
14935,4,artillery_horse,843,883.7197813741302
14937,4,artillery_horse,923,956.7096882722433
14938,2,artillery_horse,1409,1474.422561677933
14939,3,artillery_horse,837,896.7232718002298
14940,1,artillery_horse,807,835.0091928469672
14941,2,artillery_horse,428,438.0881573880295
14942,3,artillery_horse,784,829.9144259499786
14944,1,general,1649,1637.2679940575247
14945,4,general,739,795.6009618332401
14946,2,general,761,813.0651182961313
14947,2,general,399,448.39200489630537
14948,0,general,216,234.23472218086488
14949,4,general,83,181.86151348570377
14950,0,general,679,741.7165961002876
14951,0,general,707,762.9488506639816
14952,3,general,1253,1299.984324640208
14953,4,general,1,1.0
14955,0,general,950,1030.2642157378152
14956,2,general,570,616.5770694746758
14957,4,general,570,615.3634108027302
14958,2,general,783,851.2690764176618
14959,3,general,335,385.53496187220594
14960,1,general,853,914.6644433449302
14961,2,general,570,616.5770694746758
14962,2,general,1006,1086.2356654971168
14967,2,infantry_skirmishers,149,168.99423688868634
14968,2,infantry_skirmishers,135,158.18671790054103
14969,2,infantry_skirmishers,135,158.18671790054103
14970,2,infantry_skirmishers,135,158.18671790054103
14972,3,infantry_skirmishers,217,225.3190025304831
14973,4,cavalry_heavy,1123,1453.3273266292242
14974,4,cavalry_heavy,821,1076.5058852098311
14975,4,cavalry_light,282,295.27176814748344
14976,0,cavalry_light,701,603.9331812752137
14977,4,cavalry_light,824,809.5274015353302
14979,2,cavalry_standard,838,672.4016870986745
14980,3,cavalry_standard,696,607.6605909051447
14981,3,general,962,1274.759902498732
14982,0,general,639,568.5808506287303
14983,3,general,794,843.5177855294203
14984,3,general,493,463.42406726322844
14985,4,general,161,195.57061029646513
14986,4,general,671,757.5202855005199
14987,0,general,283,283.26209667431385
14988,2,general,324,365.4874885526598
14989,0,general,699,702.5706122620059
14990,1,general,661,595.5646281691155
14991,3,general,635,550.755481850044
14993,4,general,724,789.4339094884422
14994,3,general,970,977.2898611054032
14995,3,general,708,673.3409053904592
14996,3,general,1050,1014.0511901711329
14997,0,general,504,582.1255601420288
14998,0,general,563,616.3921947016072
14999,2,general,367,353.09942388922155
15000,3,general,818,714.4164081504521
15001,1,infantry_grenadiers,926,998.3871110796591
15002,0,infantry_light,313,355.3112353061596
15003,3,infantry_light,402,403.48070515433847
15004,1,infantry_light,484,473.6046943446657
15005,2,infantry_light,690,670.4682944780448
15006,2,infantry_light,833,851.2725393113404
15008,0,infantry_line,337,331.9479180444689
15009,3,infantry_line,787,865.1569712915989
15010,2,infantry_line,622,683.3456427844975
15011,0,infantry_skirmishers,216,234.8541561871875
15012,0,infantry_skirmishers,206,210.9880535598605
15014,3,cavalry_light,458,495.5868766998085
15016,3,cavalry_light,841,869.3003344256392
15017,1,general,1312,1309.9798021548163
15018,1,general,1299,1114.4078113778535
15019,0,general,37,79.25207036537934
15020,2,general,211,272.0096837551599
15021,3,general,81,135.8907458014346
15022,3,general,63,112.87023803583949
15023,3,general,958,995.4734297326511
15026,4,general,21,59.37734491120111
15030,2,infantry_light,154,155.0367556877758
15031,3,infantry_light,148,169.3807228254545
15032,0,infantry_light,469,460.246430057314
15033,4,infantry_light,433,418.1108630703081
15035,4,infantry_line,185,221.25893829996153
15036,0,infantry_line,120,157.74002397605292
15037,4,infantry_line,256,360.8269727159639
15040,3,cavalry_light,677,671.1217895446243
15041,4,cavalry_light,342,363.89876314072507
15042,0,cavalry_light,937,918.069093049316
15043,0,cavalry_standard,1183,1088.8273171750138
15044,4,general,205,213.86821736302463
15045,3,general,188,289.5158221917622
15046,4,general,310,389.69638074327025
15047,4,general,56,95.84285273538231
15050,3,general,754,754.3783049242314
15051,4,general,562,566.1663651398443
15052,0,general,255,400.78681585068415
15053,3,general,78,129.96683690192702
15054,3,infantry_grenadiers,281,323.24906142120255
15056,1,infantry_grenadiers,371,511.3819601248425
15057,1,infantry_light,271,273.1163207905328
15058,0,infantry_line,157,176.9268708437747
15059,3,infantry_line,186,213.22412583578102
15060,4,infantry_skirmishers,159,156.84127268910137
15061,1,general,32,58.91295148153846
15064,2,general,23,54.370796875912006
15065,1,infantry_line,166,178.8266644679626
15066,1,infantry_line,124,130.8628497942572
15068,1,artillery_foot,195,212.37966804683987
15069,0,artillery_foot,303,343.4411957416405
15070,0,general,84,117.3915920834322
15071,2,general,393,431.6635236022089
15072,4,cavalry_heavy,1491,1547.0395216192564
15073,0,cavalry_standard,1120,1086.9029850984048
15074,0,general,408,413.7160958731653
15076,1,general,364,343.1561487463313
15077,4,general,69,113.62101091301687
15078,4,general,274,296.9256961438883
15079,2,general,1317,1365.9694338431345
15080,1,general,285,302.71839907119966
15081,3,general,391,510.50954046886966
15082,2,general,330,353.0891567264528
15083,4,general,975,920.761749794564
15084,0,general,1260,1294.4688368561015
15085,4,general,712,768.8865032198516
15086,3,general,497,591.0183965340318
15087,0,general,405,492.5430579372494
15088,4,general,407,478.87963951241136
15089,1,general,243,258.1995231785286
15091,4,infantry_grenadiers,409,466.4048025988453
15093,2,infantry_grenadiers,379,383.9318156555589
15094,0,infantry_grenadiers,412,456.9398094968213
15095,1,infantry_light,301,303.05269536600576
15096,2,infantry_light,361,333.4888397821651
15097,3,infantry_light,322,349.47234698559004
15099,4,infantry_line,144,157.2532394974881
15100,3,infantry_line,185,220.59309909741927
15101,2,infantry_line,470,538.1945018191037
15103,0,infantry_line,525,592.0198993442198
15104,2,general,189,242.40931628742163
15105,4,general,165,219.95273994124048
15106,1,general,230,278.9790583049798
15107,3,general,209,270.0959275183599
15109,1,general,374,373.19511688404043
15110,4,general,417,405.28568326003636
15111,2,general,297,301.7137566132522
15112,2,general,208,214.44196660788407
15113,3,general,628,670.3688216425423
15114,0,general,125,178.70496546257465
15115,4,general,734,701.4597871841783
15116,4,general,438,489.0772154990576
15118,0,general,623,640.0146242656779
15123,1,general,429,463.71845228009704
15124,0,general,362,373.188956554046
15125,0,general,183,223.7011447478198
15127,4,infantry_grenadiers,283,320.49926717722394
15128,4,infantry_grenadiers,596,616.3937184159914
15129,4,infantry_grenadiers,534,506.7407307243872
15130,4,infantry_grenadiers,676,702.6153531120842
15131,4,infantry_light,478,478.3783717805572
15132,2,infantry_line,355,350.3647923175616
15133,0,infantry_line,223,264.36866710687406
15134,0,infantry_line,307,301.7256646481777
15135,4,infantry_line,326,305.91584107494225
15136,0,infantry_line,207,249.72849627658482
15137,2,infantry_line,227,266.25291512723385
15138,2,infantry_line,295,331.41488505273855
15139,3,infantry_line,490,516.0273753804814
15140,1,infantry_line,288,309.5641296940344
15141,2,infantry_line,451,464.37124063970157
15142,2,infantry_line,512,536.0896903040349
15143,4,infantry_line,413,429.97784118031086
15145,1,artillery_foot,1211,1127.4707762079465
15146,4,cavalry_light,517,552.2674675636882
15147,0,cavalry_light,368,373.1815247127449
15148,2,general,66,99.18152815828722
15149,3,general,304,342.38680320485327
15151,2,general,1713,1587.094119544885
15152,1,general,272,287.6308772471651
15153,0,general,73,98.23115029582667
15154,1,general,79,111.53445505750697
15157,4,general,164,144.698945815906
15158,4,general,491,483.56410746694974
15159,1,general,322,426.15451998517096
15160,0,general,247,254.23371673565381
15161,3,general,893,896.521305074677
15162,3,general,1196,1168.1487522345474
15163,3,infantry_grenadiers,357,388.1355185017695
15164,3,infantry_grenadiers,948,928.822166465134
15166,4,infantry_light,210,214.2536530796631
15167,1,infantry_line,268,230.95828604312402
15168,2,infantry_line,142,145.38892723633782
15171,2,infantry_line,739,757.4902266560331
15172,1,infantry_line,318,325.96139040768907
15173,3,infantry_line,254,250.46976408322402
15174,3,infantry_line,392,507.7212295329596
15175,4,infantry_skirmishers,156,159.80086359125883
15176,2,general,69,102.23340885186538
15177,1,general,150,194.63643935207557
15179,0,general,268,386.7309100755588
15180,3,general,196,302.943286209274
15181,1,infantry_grenadiers,339,440.3902120239203
15182,0,infantry_grenadiers,268,373.4835077685635
15183,2,infantry_line,167,182.7657765695479
15184,0,infantry_line,251,279.7706743594915
15186,3,artillery_foot,333,334.5669576722107
15187,4,general,433,442.3362564444548
15188,0,artillery_foot,794,747.4678340590725
15189,2,cavalry_heavy,2404,2332.3412288748414
15191,4,cavalry_light,893,916.0290714790625
15192,2,cavalry_standard,1339,1264.8371227833313
15193,4,general,413,443.30764769706457
15194,2,general,70,124.96508246264302
15196,1,general,715,736.8582119554501
15198,3,general,185,205.40800154105227
15199,3,general,323,360.5673364770524
15200,0,general,1126,1051.2292629930964
15202,2,general,278,287.1465626361666
15203,1,general,2164,2138.5880594989426
15205,1,general,406,393.8341106370509
15206,3,general,336,368.9597414000439
15208,3,general,216,237.15512686536061
15210,2,general,976,923.5780166600949
15211,2,infantry_grenadiers,392,400.76785614279055
15212,2,infantry_grenadiers,823,853.0734101795846
15213,4,infantry_light,453,448.90996589062155
15214,1,infantry_light,388,436.121458632514
15215,3,infantry_light,441,440.37524188664094
15216,2,infantry_light,489,464.5022459154207
15218,4,infantry_line,279,295.17207859657753
15221,2,infantry_line,132,193.20681087131086
15222,2,infantry_line,205,189.26634699731727
15225,0,cavalry_lancers,1103,1120.2827387331733
15228,3,cavalry_light,482,453.79223557507845
15229,3,general,650,660.5491612913239
15230,3,general,104,163.85146296333465
15231,1,general,348,333.3531305886909
15232,1,general,1481,1462.640567597496
15233,4,general,68,126.71442971434686
15234,3,general,673,687.5138408069927
15235,3,general,57,76.59345257284106
15236,4,general,225,248.03013218809795
15237,3,general,310,326.8051046915531
15238,3,general,184,198.71238142420083
15239,4,general,176,187.98338086828596
15241,4,general,65,113.4486262792126
15242,0,general,297,298.35797546985845
15245,1,general,225,234.72857760618263
15246,2,infantry_grenadiers,415,413.15522781309693
15248,2,infantry_light,163,178.56353124091356
15249,4,infantry_line,287,283.89496044789576
15251,0,infantry_line,290,282.5775137859195
15252,1,infantry_line,271,274.68316128955263
15253,1,infantry_line,168,209.1875540794405
15254,4,infantry_line,232,242.70401938486202
15255,3,infantry_line,576,595.5982795132268
15256,4,infantry_line,330,319.3003767112878
15257,0,cavalry_heavy,673,906.5835370530305
15258,4,cavalry_light,317,320.57021295306293
15259,2,cavalry_standard,824,751.0719919807129
15262,1,general,496,694.3406948333704
15263,3,general,679,649.3507796351192
15264,0,general,323,334.77971352933827
15266,3,infantry_line,498,484.89625010656175
15267,4,cavalry_heavy,1324,1342.3012164452084
15268,0,cavalry_heavy,2151,1897.585546945934
15269,0,cavalry_heavy,1409,1450.976962865013
15270,1,cavalry_heavy,1221,1260.6541418692048
15271,3,general,1185,1266.4459912313216
15273,0,general,2040,1748.838496370536
15274,0,general,1373,1378.304722968168
15275,0,cavalry_heavy,1542,1445.2574810688848
15277,2,cavalry_heavy,1436,1415.315286202932
15278,2,cavalry_heavy,1624,1502.3981613670517
15279,3,general,1107,1124.5101756294182
15280,4,general,1729,1517.9893107010867
15281,0,general,1269,1260.3983361537655
15283,2,general,1456,1378.597668183519
15284,0,infantry_light,301,307.0765763939222
15285,2,infantry_light,288,282.5323854967996
15286,4,general,168,234.38550454028163
15287,4,general,76,126.34972015397929
15288,1,infantry_line,131,175.18377372939318
15289,3,infantry_line,116,168.69790702507683
15290,4,general,48,83.25265984384549
15292,2,infantry_line,112,148.36234231154333
15294,2,infantry_light,525,501.0576911729715
15295,1,cavalry_light,510,509.7260472309744
15297,1,general,189,196.84480200865931
15298,0,general,234,259.7474110269265
15299,3,general,590,491.16198307574246
15301,3,infantry_light,537,483.5718888548262
15302,1,infantry_light,285,303.8421964568108
15303,1,infantry_line,199,206.56775346874204
15304,4,infantry_line,249,250.60195020709003
15307,4,cavalry_light,468,498.41163808869334
15308,4,cavalry_standard,1085,1020.3281413184924
15310,0,general,288,283.92769611522846
15312,4,general,214,231.85676805526623
15313,0,infantry_light,339,343.991216044128
15314,4,general,124,148.30279077440392
15315,3,infantry_line,225,233.23667402564485
15316,3,infantry_line,174,179.72315941893908
15317,1,general,169,222.223657142891
15318,4,infantry_line,124,164.07350441418575
15319,1,infantry_line,110,150.63090510477545
15320,3,cavalry_light,365,364.4825787928854
15321,3,cavalry_light,384,375.1521254192045
15322,4,general,398,418.2808757654057
15323,1,general,238,259.0804017712651
15325,3,cavalry_heavy,1697,1563.5409586260782
15327,0,general,1796,1632.2796507380174
15329,3,artillery_foot,183,191.27638755539314
15330,3,artillery_foot,467,474.3129050739601
15331,2,artillery_foot,486,490.1888409224661
15332,3,artillery_foot,1628,1548.2298142147918
15333,4,artillery_foot,881,843.2151589041737
15334,2,artillery_foot,1249,1178.4581838967738
15335,0,artillery_foot,794,747.4678340590725
15336,2,artillery_foot,1197,1119.9664756354791
15337,2,artillery_foot,1127,1103.8977686138257
15339,4,artillery_foot,1268,1240.7969982830746
15340,2,artillery_foot,274,259.42140826516294
15341,0,artillery_horse,757,726.0570516693757
15342,2,artillery_horse,83,128.7925402374236
15344,4,artillery_horse,623,621.2084007154658
15345,1,artillery_horse,614,598.8068599872274
15346,2,artillery_horse,606,604.5982839068347
15347,3,artillery_horse,515,506.7348843224412
15348,2,artillery_horse,497,495.9933797721388
15349,1,artillery_horse,950,903.9034578679491
15350,2,artillery_horse,626,666.8357396191145
15351,3,general,1071,1065.410960258974
15352,2,general,741,739.8924833696112
15353,4,general,407,402.3319384814692
15354,3,general,336,355.1052737544651
15355,0,general,281,281.08166661703797
15356,0,general,281,281.08166661703797
15357,0,general,748,733.8661161171109
15358,3,general,159,159.8572266051055
15359,0,general,920,915.5386207967782
15361,2,general,1141,1063.884996735382
15362,4,general,870,879.8289138177994
15363,0,general,27,85.82045426515998
15364,1,general,1109,1097.5973320139167
15366,2,general,1308,1303.4827985965403
15367,2,general,117,139.93445690426285
15369,2,infantry_grenadiers,265,250.0264530149076
15370,3,infantry_grenadiers,258,275.98820741063037
15371,0,infantry_grenadiers,290,280.4285706235519
15373,4,infantry_skirmishers,82,105.19556818233416
15374,4,infantry_skirmishers,337,339.58335695055666
15375,4,infantry_skirmishers,339,340.6414518580445
15376,1,infantry_skirmishers,304,276.7028182778451
15377,0,infantry_skirmishers,187,212.68312268825406
15378,0,infantry_skirmishers,188,216.22290699693235
15379,3,infantry_skirmishers,176,221.58540632550722
15380,4,artillery_foot,601,566.9443390811472
15382,0,general,315,312.05976283104025
15383,1,general,119,135.75278309257706
15384,1,general,241,263.3486288996085
15386,3,general,130,167.17360850423063
15387,3,general,128,152.52594978767792
15390,0,general,383,483.4094712775897
15391,0,general,169,169.18274973614734
15394,3,general,501,524.1903429148184
15395,4,general,410,422.91384841069066
15396,4,general,537,598.9309484660951
15397,3,general,444,447.2419485552619
15398,1,general,485,543.5907696973377
15400,3,general,406,414.1602329124165
15402,4,general,792,811.1993602543074
15403,1,general,754,772.6190881012327
15405,3,general,302,409.1175619761074
15406,0,general,880,802.5299374604065
15407,3,general,250,262.09767620453624
15408,3,general,647,657.7526873278164
15409,4,infantry_grenadiers,471,467.13414081499667
15410,4,infantry_grenadiers,617,607.5900059559277
15411,0,infantry_grenadiers,801,792.9920703253094
15413,4,infantry_light,392,399.8220643393998
15414,3,infantry_light,426,410.9481877697625
15415,1,infantry_light,189,223.87706110353574
15416,3,infantry_light,572,595.5086316513807
15417,3,infantry_light,294,374.71403950733014
15418,1,infantry_light,344,362.13605471540063
15419,4,infantry_light,496,509.62107841094013
15420,4,infantry_light,554,631.2590233043993
15421,0,infantry_line,163,166.10277490372746
15422,1,infantry_line,229,234.60682333460625
15423,2,infantry_line,334,329.9851220942727
15424,4,infantry_line,182,182.87245247746378
15425,1,infantry_line,328,323.5354965687298
15427,2,infantry_line,397,391.31610881085857
15428,2,infantry_line,313,395.24913875758386
15430,3,infantry_line,465,461.6496854483156
15431,3,infantry_line,366,344.29888088450105
15432,4,infantry_line,319,311.3847932641702
15433,2,infantry_line,739,726.3436366315801
15434,4,infantry_skirmishers,288,263.956210805055
15436,1,general,119,142.70676738671443
15437,3,general,617,623.1385089223346
15438,1,general,205,227.19976805738327
15439,0,general,72,101.31569060460608
15441,1,general,191,200.74780638916346
15442,3,general,168,185.7331953976547
15443,1,general,158,175.57015681876143
15444,0,general,108,135.97972548212118
15445,4,general,208,221.97744475028588
15447,0,general,320,442.40451045188735
15448,4,general,132,145.71328306084874
15449,3,general,437,468.63206340836564
15450,2,general,288,312.1526527935784
15451,0,general,415,427.73400085437567
15452,1,general,589,617.5581317229812
15455,1,infantry_grenadiers,580,531.4105939498432
15456,0,infantry_light,467,405.2686406561678
15457,0,infantry_light,275,281.1919590595208
15458,4,infantry_light,570,595.4838976408477
15459,4,infantry_line,249,251.43197340526893
15460,3,infantry_line,224,226.51163526515063
15462,0,infantry_line,222,220.3044894099103
15463,4,infantry_line,206,217.20553617594686
15464,4,infantry_line,287,316.6931430786205
15465,3,infantry_line,429,433.07144293354844
15467,1,infantry_line,401,404.08698942091377
15468,4,infantry_line,396,393.91088589201337
15469,1,infantry_line,237,230.54115291669086
15470,0,infantry_skirmishers,184,183.8764721307754
15471,1,infantry_skirmishers,262,264.0587347974693
15473,4,general,251,268.9045808068688
15474,3,general,190,205.29007427139697
15475,3,general,501,525.1193701379996
15476,0,general,220,260.5067012265713
15477,0,general,554,573.6666358469909
15478,2,general,651,670.7170099479506
15481,0,infantry_light,364,378.0224754113546
15482,3,infantry_line,296,291.1814608381394
15483,3,infantry_line,477,483.07739841828516
15484,0,infantry_skirmishers,223,181.28130669306793
15485,0,infantry_skirmishers,332,355.1669845145754
15486,0,artillery_foot,732,779.4441535424604
15487,2,artillery_horse,842,896.7658295309909
15488,0,cavalry_light,280,297.6688064736455
15489,4,cavalry_standard,988,1110.1580774882236
15490,1,general,985,1057.4641519926527
15491,4,general,141,195.7987029476713
15493,2,general,247,251.798676178969
15494,4,general,122,172.50036068647307
15496,3,general,394,387.2928797696618
15497,2,general,140,173.77244114158407
15498,4,general,101,117.63319188668439
15500,0,general,261,266.98189031194124
15501,0,general,113,144.35372005943185
15502,1,general,207,215.29463334071824
15503,2,general,338,328.4185292375202
15504,1,general,98,142.14193637661828
15506,3,general,264,273.56892787962346
15508,0,general,218,219.17318865898994
15509,2,general,342,380.7207643992392
15511,4,general,244,241.66269244651295
15512,0,general,153,179.113712033213
15513,3,general,154,181.16084127359733
15514,0,general,283,291.9146774145995
15515,1,general,245,273.89804806996847
15516,0,general,259,283.84707628929334
15518,3,general,274,299.55625851178706
15519,4,general,232,245.6899979042145
15522,2,general,206,223.08789058624888
15523,3,general,274,299.55625851178706
15525,3,infantry_grenadiers,576,507.28016468669887
15527,0,infantry_light,172,191.41041235506862
15528,2,infantry_light,449,437.11098879817655
15529,3,infantry_light,315,329.3681640051659
15530,0,infantry_light,348,353.07755767872345
15531,4,infantry_line,315,299.9433575434769
15532,0,infantry_line,203,200.5298063792533
15534,0,infantry_line,182,226.88483545670042
15535,1,infantry_line,362,355.7004527128311
15536,4,infantry_line,173,216.51368057669944
15538,3,infantry_line,369,363.5012196893007
15539,4,infantry_line,247,237.73874850522785
15540,3,infantry_line,459,566.79802249167
15541,2,infantry_line,318,310.4063826828434
15542,4,infantry_line,314,293.2718084454013
15544,0,infantry_line,269,270.5234435059053
15545,1,infantry_line,306,279.6916292231875
15546,3,infantry_line,409,436.02982173591516
15547,4,infantry_line,330,331.804453374351
15548,1,infantry_skirmishers,309,290.222730513538
15549,3,infantry_skirmishers,292,268.23079917010153
15550,3,infantry_skirmishers,178,142.1498406328116
15551,4,infantry_skirmishers,201,171.05011990986804
15552,3,artillery_foot,196,208.93685498294053
15553,4,artillery_foot,381,437.1738076976092
15554,4,artillery_horse,635,641.9611914102948
15556,2,general,202,215.77566180268514
15557,3,general,136,157.63841413109293
15558,0,general,404,402.49949383877765
15559,0,general,300,322.0252955184578
15560,3,general,493,501.3664959985776
15561,0,general,355,365.7453561818742
15563,0,general,199,244.05389413936382
15565,4,general,67,114.80312863738467
15566,4,general,226,234.85042172471313
15568,3,general,58,84.64461593727107
15569,2,general,127,139.42137557554162
15572,2,general,391,412.91451540015044
15573,1,general,465,528.671577973172
15574,4,general,411,469.4887701495187
15575,2,general,439,457.42347436200396
15576,4,general,184,232.75555531741517
15577,2,infantry_grenadiers,337,351.9875675657226
15578,0,infantry_grenadiers,342,348.7658650977923
15579,2,infantry_light,408,416.7418708539513
15580,2,infantry_light,212,243.11551129546277
15582,1,infantry_light,528,598.6854553827774
15584,2,infantry_line,243,241.70156229531545
15585,4,infantry_line,225,220.05157196996421
15586,2,infantry_line,206,202.1210138205323
15587,3,infantry_line,187,198.2241116030081
15588,1,infantry_line,286,287.97359087894273
15589,3,infantry_line,128,160.82585455356735
15590,1,infantry_line,162,165.20452585502318
15591,3,infantry_line,165,166.1778602481983
15592,1,infantry_line,119,101.25614743238158
15593,1,infantry_line,499,514.1527808347716
15594,1,artillery_horse,366,365.8701133427634
15596,0,cavalry_light,420,405.60363855707493
15597,4,general,291,299.958918697469
15598,3,general,65,79.59605826934266
15599,2,general,474,474.6869089847084
15601,1,general,133,135.35009076122924
15602,0,infantry_grenadiers,298,324.4906732165873
15603,2,infantry_line,139,129.9776325990177
15604,0,infantry_line,357,353.1222558939614
15606,1,artillery_foot,285,305.92472975985055
15607,1,cavalry_standard,690,762.5550741784928
15608,3,general,575,636.9366472746968
15609,2,general,154,176.41265265087958
15610,2,general,154,176.41265265087958
15611,4,general,449,457.1067943031496
15612,1,infantry_grenadiers,222,228.88123405463094
15614,4,infantry_line,220,222.80412720467794
15615,2,infantry_skirmishers,186,200.53244405369384
15616,3,cavalry_light,559,555.4857619089785
15617,4,cavalry_standard,584,684.9545323715225
15618,0,cavalry_standard,703,847.3804893002107
15619,3,general,245,257.18483550320184
15620,2,general,545,688.3592629124632
15621,3,general,240,263.97474466657917
15622,1,general,236,239.3057358636548
15623,1,general,474,566.4711164955227
15624,4,general,415,422.0995011110409
15625,4,general,191,242.48688260883304
15626,0,general,402,427.40721585173327
15627,0,general,112,146.8023431645243
15628,4,general,584,590.0064927615788
15629,4,general,464,526.4325553019816
15630,3,general,675,693.8206805272815
15631,3,general,359,400.64256885755077
15632,1,general,620,622.7743078595477
15634,3,general,205,222.48027998575478
15635,2,general,880,858.0498813586977
15636,3,general,168,185.1919268082283
15637,1,general,240,241.6744138350955
15639,0,general,561,578.5975561965219
15640,2,general,328,342.6307287719917
15641,4,general,80,124.68749917135199
15642,2,infantry_grenadiers,479,422.71925674479587
15643,2,infantry_grenadiers,823,788.5302679953954
15644,0,infantry_light,344,365.23859441288994
15647,3,infantry_line,300,290.3969240732467
15648,1,infantry_line,187,196.7652297768839
15649,3,infantry_line,189,209.01994971023484
15651,0,infantry_line,534,527.7674297321828
15652,1,infantry_line,374,377.97738312548125
15653,2,infantry_line,355,329.70844691675734
15654,2,infantry_line,353,332.13812135527434
15656,4,infantry_line,545,529.764746745645
15658,1,artillery_foot,632,577.4332868806172
15660,1,cavalry_light,758,658.2259270426373
15661,1,cavalry_light,588,474.8043829861362
15662,2,cavalry_light,380,376.82473974492444
15663,3,cavalry_light,707,684.0019832332289
15666,4,cavalry_standard,384,440.551004424648
15667,0,cavalry_standard,782,934.2435590319366
15668,2,general,688,607.1735646700531
15669,1,general,175,200.19725958211626
15670,2,general,250,268.0467225860002
15671,0,general,216,226.07040779891912
15673,0,general,380,445.1613182860413
15674,0,general,343,367.37701008045735
15675,4,general,591,581.2010112277887
15677,2,general,310,305.29002285701114
15678,2,general,135,148.27354241452161
15679,3,general,217,273.3283343349864
15680,4,general,180,234.65242349207864
15681,1,infantry_grenadiers,372,362.5106781667138
15682,0,infantry_line,319,313.21669467539897
15683,3,infantry_line,163,154.7687559341762
15684,1,infantry_line,227,224.58225495543618
15685,2,infantry_line,293,322.29343663462504
15686,2,cavalry_standard,928,1043.0066516796935
15687,0,cavalry_standard,643,676.6697499950335
15688,1,general,412,418.11266283015914
15690,2,general,753,861.0320093940508
15691,0,infantry_line,392,387.4427343119059
15692,2,cavalry_standard,357,410.84817923036223
15693,4,cavalry_standard,357,425.3570631052479
15694,2,general,389,441.8041714475941
15696,3,general,251,261.1396666024026
15698,0,cavalry_light,263,266.58982715748743
15699,2,general,68,111.80025493740777
15700,2,general,86,146.39829160938996
15701,2,general,147,165.22774875421766
15702,1,general,133,158.36487448099845
15703,0,general,152,172.77918345553695
15704,0,general,228,238.76704722648023
15705,0,infantry_light,205,222.74463398653154
15706,2,infantry_light,194,238.40736254659345
15707,4,infantry_light,148,170.7315114296228
15708,2,infantry_line,251,249.74209647829667
15709,1,infantry_line,109,125.39779153386122
15710,1,infantry_line,234,229.8056463686461
15712,2,cavalry_heavy,1165,1132.2194725343138
15713,4,cavalry_lancers,847,749.6984310443385
15714,4,cavalry_lancers,1019,948.2028530859182
15715,3,cavalry_light,836,711.8812250215344
15716,1,cavalry_light,805,725.8173497923788
15717,1,cavalry_light,1158,1142.9438416107007
15720,0,general,621,555.120492720957
15722,1,general,1157,1086.4592369190982
15723,4,general,966,926.4508050569254
15724,0,general,116,149.1130114845997
15725,4,general,682,628.6736617782761
15727,0,general,944,909.1026375349617
15728,4,general,255,261.88634063672635
15729,4,general,391,380.4885358428289
15733,0,infantry_line,203,213.78268097361246
15734,1,infantry_line,155,148.17817514187766
15736,3,infantry_line,249,259.1035503741017
15737,2,infantry_militia,94,112.31523841566747
15738,3,infantry_militia,120,144.61508555602973
15739,2,infantry_militia,116,166.1944697425361
15740,0,cavalry_standard,328,389.3353338769177
15741,1,general,97,142.0451937328991
15742,2,general,121,170.05597219156033
15746,3,infantry_line,229,258.8567136196027
15748,2,infantry_line,400,302.7203725559717
15750,1,general,209,235.9248235902371
15752,1,infantry_line,276,282.3897808309116
15753,3,infantry_line,157,142.51028959669833
15754,1,artillery_horse,507,475.96284260997334
15755,3,cavalry_light,392,385.3436324249177
15757,2,cavalry_light,292,309.1761130236754
15758,3,cavalry_standard,688,769.6825039343113
15761,0,general,100,124.71466547576713
15762,0,general,470,485.1282256983945
15763,2,general,148,188.66762569433467
15764,0,general,267,273.34380057155704
15765,4,general,578,659.211352888183
15767,0,general,737,759.8660591251202
15768,4,infantry_light,214,244.06639593652685
15769,0,infantry_line,140,137.60854281177117
15770,0,cavalry_standard,503,534.4688303259285
15771,1,cavalry_standard,439,467.4857439503002
15772,4,general,313,353.2396594164301
15773,2,general,456,484.78317263673796
15774,0,cavalry_standard,906,1011.9787432201572
15775,1,cavalry_standard,811,831.7591670310352
15776,4,general,688,713.3822346450041
15778,1,cavalry_standard,880,988.451541177128
15779,2,cavalry_standard,603,681.0394697985828
15780,0,cavalry_standard,695,826.4331518979512
15781,3,cavalry_standard,810,903.6972179534092
15782,0,general,649,725.8794753019462
15783,4,general,626,784.7355118133478
15785,0,general,875,949.1293811690686
15786,2,general,212,256.71953805612355
15787,3,general,228,289.21834185162885
15788,1,infantry_line,223,247.15282856947715
15789,3,infantry_line,248,273.39918075014987
15792,4,cavalry_standard,768,801.9507694510893
15793,2,cavalry_standard,870,1015.8669053544303
15794,2,cavalry_standard,934,1059.1223246041761
15795,4,cavalry_standard,573,602.6260507697311
15796,1,general,764,756.8006722757792
15797,4,general,865,978.3727861529009
15798,1,general,993,1078.877324588655
15799,0,general,435,466.33034098999207
15800,1,general,26,70.66310416531311
15801,0,general,378,433.4671332470911
15802,0,infantry_line,130,130.12113828089912
15803,0,infantry_line,234,219.3842103370503
15804,1,infantry_line,87,94.32762471801233
15805,4,infantry_line,107,125.80421154108897
15806,4,artillery_foot,1136,1212.5107796983416
15807,2,artillery_foot,356,352.51893736904015
15809,2,artillery_foot,917,993.5551970163249
15811,4,artillery_foot,505,556.9945881143387
15812,0,artillery_foot,502,548.7698120228072
15814,2,artillery_foot,678,678.1999416233319
15815,4,artillery_foot,1413,1423.4971036826946
15816,3,artillery_foot,325,334.28546306051754
15818,4,artillery_foot,483,532.736240512163
15819,3,artillery_foot,319,328.0119663966311
15820,1,artillery_foot,606,646.486331818539
15823,3,artillery_foot,467,487.16520760688474
15824,0,artillery_foot,449,476.5636897605062
15825,0,artillery_foot,289,303.7431947657253
15826,4,artillery_horse,576,570.4872781578682
15827,4,artillery_horse,915,887.1666930077998
15828,1,artillery_horse,486,459.2211679816923
15830,3,general,323,336.93691462319777
15831,4,general,1569,1934.8518331168966
15832,2,general,424,458.5015526774685
15833,3,general,336,366.7855284840075
15834,3,general,1453,1455.3171854674574
15835,0,general,281,281.08166661703797
15836,0,general,583,597.3913262154808
15837,0,general,281,281.08166661703797
15838,3,general,159,159.8572266051055
15839,2,general,420,419.98320770805714
15840,2,general,466,507.55044849283667
15841,2,general,741,739.8924833696112
15842,3,general,159,159.8572266051055
15843,3,general,159,159.8572266051055
15844,1,general,574,571.0946899425834
15845,1,general,574,571.0946899425834
15846,3,general,159,159.8572266051055
15849,4,infantry_skirmishers,233,222.12383631062283
15851,3,infantry_skirmishers,185,196.44059419957983
15852,4,infantry_skirmishers,302,278.819442385114
15855,0,general,393,414.3861681724999
15857,0,general,638,644.3385549412659
15858,1,general,806,750.9903779709025
15860,3,general,911,854.1724755227543
15862,1,general,1239,1251.5159151800335
15863,4,general,622,585.9131089999441
15864,1,general,802,846.0846812526911
15865,0,general,831,788.8033399988268
15866,2,general,359,283.3601563595024
15867,4,general,415,344.7799327872368
15868,3,infantry_grenadiers,711,712.1252525248916
15871,1,infantry_light,1018,1102.728154893676
15872,4,infantry_light,736,763.3021581184771
15873,3,infantry_line,282,286.27367188288764
15874,2,infantry_line,522,556.7261207859365
15877,2,general,437,487.3590067126295
15879,0,general,247,263.0178768348184
15880,3,general,109,85.23670870660617
15881,0,general,184,198.68069745653202
15882,1,general,314,285.12380381876534
15883,1,general,495,521.7145497597586
15884,3,general,488,453.01592415110207
15885,4,infantry_light,424,495.010877039307
15887,1,infantry_line,308,286.563832415022
15888,3,infantry_line,223,219.199197995369
15890,4,infantry_line,355,341.48884354382557
15891,1,infantry_line,478,496.6014663479235
15892,0,infantry_line,613,605.8048075921529
15893,0,infantry_line,546,536.4367624921078
15895,2,general,118,99.2823262262422
15896,2,general,385,332.17616087247626
15897,2,general,589,581.015126200269
15898,0,general,1066,1018.7542011084721
15899,0,general,871,795.1582418789303
15900,0,general,412,409.61440817499073
15903,0,infantry_light,911,965.3900055019114
15904,2,infantry_line,496,476.02852039266065
15905,4,infantry_line,512,482.89196880148444
15906,4,infantry_line,190,174.48815762893585
15907,1,infantry_line,769,733.1841502336918
15909,0,infantry_line,390,390.3075083400811
15910,0,artillery_foot,448,464.97509891701486
15911,2,artillery_foot,1071,1010.6259239026299
15912,3,artillery_horse,732,774.4905520775486
15913,2,general,151,121.22804826382118
15914,2,general,317,288.77503087398156
15915,0,infantry_line,366,346.09360113152576
15916,0,infantry_line,258,251.24803151410939
15917,3,artillery_foot,287,340.6743872400749
15918,2,cavalry_light,1165,1454.9250552321264
15919,4,cavalry_light,1011,1153.1368532195174
15920,0,general,955,1189.2652666762524
15921,2,general,257,267.7053134706002
15922,3,general,330,312.10219777366325
15923,4,general,477,497.61886974584297
15924,3,general,722,706.3585194013546
15925,2,general,86,92.2545165710437
15926,1,general,188,250.82427313121667
15927,3,general,652,653.5455100378616
15928,3,general,827,905.173701956603
15930,0,general,212,280.9188741941303
15931,4,infantry_light,625,684.1974589806819
15933,1,infantry_line,688,737.2937098960155
15934,3,infantry_line,384,393.5007236117147
15935,0,infantry_line,181,177.23422592124487
15936,3,infantry_line,166,171.9494954963497
15937,3,infantry_line,372,414.6430212433842
15938,1,infantry_line,291,347.2745847322484
15939,2,infantry_line,326,432.0212449963483
15940,1,artillery_foot,897,859.922727727627
15941,0,general,438,491.5213685681224
15942,3,general,432,454.2929857547542
15943,2,general,404,421.89388682397396
15945,2,general,597,650.6770754869146
15946,3,general,463,396.4214662240204
15947,3,general,399,386.6649846342677
15948,4,infantry_light,552,615.9036779082952
15950,3,infantry_line,295,306.3012509011543
15951,1,infantry_line,453,502.9600596013149
15952,4,infantry_line,773,850.0987477124244
15953,3,infantry_line,502,538.7138175506475
15954,2,infantry_line,564,543.3352370419084
15955,4,infantry_line,459,462.22333152298717
15956,2,general,250,266.15562422212935
15957,2,general,435,478.15879256563176
15959,4,general,321,328.9758173412439
15960,3,general,355,482.4639308664611
15961,3,general,960,1000.3054112286267
15962,4,general,587,585.8779388530838
15963,4,infantry_grenadiers,669,867.0841545639687
15964,3,infantry_light,369,487.63683615926936
15965,1,infantry_light,618,686.2541131417465
15966,4,infantry_line,397,455.6679668415402
15967,3,infantry_line,363,412.6789738429867
15968,0,infantry_line,423,467.71435431984827
15969,4,infantry_line,869,955.4491770755221
15970,4,infantry_skirmishers,306,332.31656966302097
15971,2,artillery_foot,317,356.67304519938875
15972,1,artillery_horse,901,1015.4705880100471
15973,2,general,744,814.3870091669154
15975,3,artillery_foot,528,497.19203072326707
15976,4,general,446,392.4440014783247
15977,4,general,344,345.8773232154091
15979,3,general,283,266.93108197770135
15980,0,general,314,358.5207444121918
15982,1,infantry_light,398,477.92496061625747
15984,2,infantry_line,653,637.8320235240654
15986,0,infantry_line,385,444.62590583938334
15988,1,general,336,363.18027786006536
15989,0,general,174,144.92490085464516
15990,0,general,1146,1064.7177141916534
15991,0,general,736,689.5323606242309
15992,2,general,1045,948.7596896466962
15993,2,infantry_grenadiers,875,828.0189658816076
15995,3,infantry_line,392,437.6366228635635
15996,0,infantry_line,1018,968.2843684186332
15997,4,infantry_line,849,839.369119526735
15998,4,general,583,575.8163539201558
16000,4,infantry_line,550,543.3953864542108
16001,2,infantry_skirmishers,227,245.8739477406017
16003,0,infantry_light,484,578.6754356875819
16007,1,general,232,296.34292635156436
16008,3,general,2138,1954.045185548457
16010,0,infantry_line,201,290.225714786471
16011,4,infantry_line,270,319.00110116552474
16012,0,cavalry_heavy,2533,2318.296591866029
16013,0,general,2720,2402.640078249542
16014,0,infantry_light,533,601.2136260780139
16015,0,infantry_light,241,267.2935708498229
16016,3,infantry_line,361,378.6420909695357
16017,3,cavalry_heavy,2290,2137.3339850343696
16018,3,cavalry_lancers,855,740.2679624775768
16021,1,general,401,351.765117460517
16022,2,infantry_line,517,491.79950637986383
16023,1,infantry_line,530,490.8374009212029
16024,0,infantry_line,637,615.2712216267763
16025,0,infantry_line,499,468.1001435072269
16026,0,general,492,449.53180483813475
16027,4,infantry_line,446,431.43633401109906
16028,3,infantry_line,548,527.5462722811843
16029,2,infantry_line,541,516.4402036488484
16030,0,cavalry_lancers,988,892.5399881150437
16032,2,cavalry_light,485,573.5102099508123
16033,0,general,559,664.9578729124804
16034,1,general,316,381.66020254245325
16035,0,cavalry_lancers,1164,1021.5423494756209
16036,3,cavalry_light,1094,1089.4444261638173
16038,3,cavalry_light,916,971.0212338630681
16039,1,general,864,923.2893617865903
16040,0,general,273,266.8809409136869
16041,2,general,1105,990.9745688521753
16042,4,general,1035,1127.874915850552
16043,1,general,740,736.0891972419328
16044,4,infantry_light,473,514.5847555951462
16045,3,infantry_light,578,662.2075717727704
16046,4,infantry_light,433,455.76362445310366
16047,2,infantry_line,329,346.22474929664025
16048,3,infantry_line,300,339.1030745690188
16049,1,infantry_line,432,447.84411024223044
16050,4,infantry_line,417,417.22278597142247
16051,0,artillery_horse,694,744.1831649539455
16052,3,cavalry_light,1265,1356.1846862124496
16053,4,cavalry_light,1513,1659.0069537177899
16054,3,general,1066,1106.331738733491
16055,3,general,1621,1726.2394238868562
16056,4,general,440,448.8957498179882
16057,1,general,280,300.3928245658287
16058,4,general,677,672.5396502832532
16061,3,infantry_line,411,434.4399000080562
16062,4,infantry_line,271,290.27567540332734
16064,2,general,264,266.53789903766267
16065,0,general,262,292.99786025765354
16066,2,infantry_light,431,501.1974928983657
16067,3,infantry_light,460,531.0139755346271
16068,2,infantry_line,316,345.47292482284064
16070,0,infantry_line,368,403.6574615558015
16071,4,infantry_line,526,542.4616822562089
16072,3,infantry_skirmishers,236,255.78172997831973
16073,1,cavalry_standard,1023,968.3774862600529
16074,2,cavalry_standard,1140,1019.0323764351085
16076,1,cavalry_standard,699,676.1739646140943
16078,4,general,463,442.2997707669165
16081,2,general,315,394.95057423372776
16082,3,artillery_foot,918,963.6611043417698
16083,2,artillery_foot,521,526.889474825068
16085,1,artillery_foot,444,372.65081649462536
16086,3,artillery_horse,690,746.0236041994337
16087,2,artillery_horse,1233,1511.5500794060977
16088,2,infantry_grenadiers,419,315.23664017990654
16089,1,infantry_skirmishers,184,223.91775125226923
16090,2,artillery_foot,898,804.4232898551902
16091,3,artillery_foot,566,577.4172782043538
16092,1,artillery_foot,1901,1827.060394233062
16093,0,artillery_foot,1971,1883.0244740856751
16094,3,artillery_foot,1133,1150.889209738426
16095,4,artillery_foot,525,485.36594546421003
16097,2,artillery_horse,1647,1741.9163602757574
16098,1,general,469,467.92716415520266
16099,1,general,1407,1216.0599875271932
16100,1,general,266,266.320367367408
16101,4,general,1846,1751.7689225185904
16102,1,general,469,467.92716415520266
16103,2,general,1,1.0
16104,0,general,792,807.0715975649292
16105,0,infantry_grenadiers,344,290.4404566200148
16106,1,infantry_grenadiers,507,571.9922591415229
16108,2,infantry_skirmishers,331,308.87862888518544
16109,1,infantry_skirmishers,242,240.69157941396884
16110,1,cavalry_lancers,319,331.3346812831225
16111,1,cavalry_light,803,890.0722245694071
16113,4,general,382,356.2199427777732
16114,0,general,229,250.33768281436335
16115,0,general,102,119.83692712831396
16116,4,general,317,402.41696139080796
16117,2,general,149,167.62641421686607
16118,4,general,639,727.2086995661061
16120,4,general,169,210.2481679550139
16121,1,general,320,306.5566196547381
16123,0,general,443,409.8497004677146
16124,1,general,197,221.69081508610412
16125,0,general,275,258.87141346708034
16126,1,general,895,857.7534263610378
16128,1,general,292,295.2543767086999
16129,0,general,348,334.379059839791
16130,4,general,439,420.00202790814535
16131,4,general,547,551.9302169638386
16132,4,infantry_grenadiers,338,383.73906508423414
16133,2,infantry_grenadiers,349,397.3383948914343
16135,2,infantry_grenadiers,283,298.87346878218455
16136,0,infantry_light,304,317.0550287342099
16137,2,infantry_light,490,446.9499841821256
16138,4,infantry_light,264,260.3499250084088
16139,2,infantry_light,357,338.5797186634247
16140,1,infantry_light,555,540.9473697273007
16141,0,infantry_line,293,259.2029103783623
16142,4,infantry_line,258,249.07485590095916
16144,1,infantry_line,137,122.66098294987182
16145,4,infantry_line,661,646.8102158235321
16146,4,infantry_line,340,319.67629184122825
16147,4,cavalry_light,379,385.7592254072964
16149,3,general,236,239.44239199293114
16150,3,general,560,558.3937650100991
16152,1,general,287,307.1562261817021
16153,0,general,71,96.37853444926877
16154,3,general,135,150.5928158181748
16155,3,general,282,294.8664743605729
16156,3,general,103,122.85473827011567
16157,1,general,341,332.3097743588047
16158,4,general,380,368.7191147563308
16159,2,general,261,258.38986096154923
16160,4,general,203,205.69195602860881
16161,1,general,150,158.38922947265345
16162,0,general,661,669.9371892834489
16163,1,general,527,543.1460491315287
16164,2,general,331,355.79028913210436
16165,1,general,457,477.7984654925476
16168,2,infantry_light,266,255.91235771149582
16169,1,infantry_line,365,343.8121647602452
16170,3,infantry_line,327,309.5976538922076
16171,2,infantry_line,176,169.7090485778368
16172,3,infantry_line,236,227.48221961491
16173,1,infantry_line,207,194.33073265594925
16174,3,infantry_line,391,378.2725989127157
16175,4,infantry_line,120,122.42254256199044
16177,4,artillery_foot,163,213.81391775012497
16178,0,cavalry_lancers,520,461.0577067565153
16180,2,cavalry_light,402,382.9867423475556
16181,2,cavalry_light,543,546.9982496325266
16182,2,cavalry_light,382,373.7275654431396
16184,0,general,584,513.6720851379383
16185,2,general,204,256.60992700343013
16186,1,general,300,353.0450885957031
16187,4,general,237,284.0498457017349
16188,3,general,247,249.7775964278935
16190,3,infantry_line,138,139.17251261099315
16192,4,infantry_line,374,353.6535222125048
16193,3,infantry_line,306,327.33831001368503
16194,1,infantry_line,352,331.2252794901037
16195,2,artillery_foot,333,457.2983932112499
16197,1,general,555,548.3493048303958
16199,2,general,1092,1093.7942022219888
16200,0,general,120,136.26677993410053
16201,1,general,188,240.69515848323226
16202,3,general,248,248.62431433960364
16203,1,general,496,468.29037342803036
16204,4,general,106,112.07439759406512
16205,0,general,759,852.1039134865113
16206,2,general,431,382.47401711084024
16207,1,general,512,535.5373312064834
16208,1,general,398,401.61403164572107
16209,4,general,336,361.0783039130479
16210,4,general,588,640.5900891777167
16211,2,general,366,382.95281291559206
16212,4,general,393,363.9391253104356
16213,4,infantry_grenadiers,209,250.68858086973017
16214,2,infantry_grenadiers,584,573.0696431255124
16215,2,infantry_grenadiers,816,854.8330944149359
16216,1,infantry_light,415,402.23114492902823
16217,1,infantry_light,175,169.07684518871687
16218,1,infantry_light,512,504.65494193300276
16219,4,infantry_light,550,490.5916211545437
16220,2,infantry_light,451,414.4539321626958
16222,4,infantry_line,348,327.0386189376249
16223,1,infantry_line,444,449.57336016039625
16224,1,infantry_line,363,354.53657778976907
16225,0,infantry_skirmishers,129,132.1975992555946
16227,3,cavalry_heavy,1471,1428.7288935426795
16228,3,general,176,187.8414278333734
16229,4,general,183,186.44221970931403
16230,4,general,1395,1342.3331588213084
16231,3,general,200,207.89361901205194
16232,3,general,86,101.98188380630309
16233,0,general,368,350.5822283775834
16234,3,general,378,387.886072685746
16235,4,general,616,627.0178555880486
16236,2,general,135,129.63416941068127
16238,4,general,699,600.6536269658773
16239,0,general,338,354.11546414517085
16240,0,general,265,292.34381818995996
16241,3,general,695,688.6548128116283
16242,2,general,413,434.9078582627951
16244,3,infantry_light,250,238.36332834759472
16245,4,infantry_light,834,750.5729587023935
16246,0,infantry_light,603,528.0241883442733
16247,1,infantry_line,297,284.1613762390333
16248,1,infantry_line,423,395.5341314724341
16251,1,infantry_line,425,419.6355524681331
16252,3,infantry_line,334,342.9794925338543
16253,2,infantry_line,402,402.48785326786873
16254,1,infantry_line,178,132.5844043118669
16255,1,artillery_foot,303,439.06733477191716
16256,3,cavalry_heavy,1237,1256.1637203909072
16260,1,general,260,270.232937182833
16261,3,general,194,216.3557395419955
16262,2,general,129,153.24402855080618
16263,1,general,204,258.2528863323338
16264,2,general,76,95.52886041336127
16265,1,general,159,176.42158827807498
16267,4,general,1009,905.8135300193119
16268,4,general,394,372.3989370340541
16269,4,general,315,300.767826358876
16270,3,general,441,532.1966042271401
16271,0,general,566,638.9821651204521
16272,3,general,409,451.8498633421855
16273,0,general,269,277.7898240502186
16275,1,infantry_grenadiers,881,917.98552946289
16276,2,infantry_grenadiers,559,608.605557814252
16277,2,infantry_grenadiers,472,476.6877825645025
16278,4,infantry_line,177,167.23311397920747
16279,4,infantry_line,195,197.21824417055987
16280,4,infantry_line,262,251.32931246549168
16281,3,infantry_line,194,167.91682798903574
16282,2,infantry_line,374,351.1175556272324
16283,3,artillery_foot,205,341.82298641297075
16284,2,cavalry_heavy,1149,1165.0571161412256
16285,1,general,128,284.74269889985294
16286,3,general,955,993.3909708742653
16287,2,cavalry_heavy,1179,1220.5923648455037
16288,4,general,979,1020.0098352806225
16289,3,cavalry_heavy,1462,1380.1747483710496
16290,0,cavalry_lancers,286,273.25126864877427
16292,1,general,1463,1359.9640151504184
16293,3,artillery_horse,1918,1353.2501417644085
16294,1,cavalry_light,679,623.093353905951
16296,3,general,279,295.30794968067863
16297,3,general,557,528.9950506787424
16298,0,general,302,295.9530464242541
16299,4,general,564,537.2557845675044
16300,3,general,166,168.0852917602931
16301,2,general,266,256.9038112690066
16302,1,general,181,198.27500410594845
16303,4,general,121,167.27309135268774
16304,2,general,181,182.4780301079834
16305,1,general,376,442.4883703763659
16306,4,general,489,463.5894876762085
16307,2,general,197,226.3252474357468
16309,4,infantry_grenadiers,271,284.73965098141747
16310,0,infantry_light,294,296.4389443175246
16311,2,infantry_light,603,558.925134500395
16312,4,infantry_line,245,241.04699178277107
16313,4,infantry_line,274,244.94795968638914
16314,2,infantry_line,288,330.27695670996815
16315,1,infantry_line,289,260.87736128422426
16316,4,infantry_line,226,244.57006841563657
16317,1,cavalry_heavy,887,1037.9317761147988
16318,0,cavalry_lancers,957,951.7228321782721
16319,0,cavalry_light,459,464.8647181932904
16320,3,cavalry_light,258,272.56218570220926
16321,4,general,49,90.65456252941539
16322,0,general,151,146.7555672484555
16323,4,general,214,232.09872879311564
16324,1,general,205,247.93679121119214
16325,3,general,893,898.71111518284
16326,4,general,456,488.9191542656929
16328,1,general,634,850.6042759510586
16329,0,general,243,244.61178478917546
16330,0,general,96,112.79627757600208
16331,0,general,81,91.99017858867838
16332,1,general,245,297.53709897497913
16334,1,general,531,524.5146683352091
16335,4,general,695,671.0145298818014
16336,1,general,56,65.71171868485766
16337,1,general,469,486.3104705471418
16339,0,infantry_light,294,294.3365209694479
16340,0,infantry_light,183,174.90088690406242
16341,4,infantry_light,176,167.94501299399656
16342,3,infantry_light,165,140.57006770479853
16344,4,infantry_line,151,164.20956156134082
16345,4,infantry_line,579,570.6845259949681
16346,1,infantry_line,586,576.2611494794385
16347,2,infantry_line,314,347.64313460756307
16348,2,artillery_foot,403,532.5276736390605
16349,1,cavalry_lancers,457,479.4433321135667
16350,4,cavalry_lancers,320,335.85502269093473
16351,2,cavalry_light,810,787.7560999702164
16353,2,cavalry_light,407,418.70465051982416
16354,3,cavalry_light,450,420.40588469739964
16355,2,general,284,315.88537503787165
16357,2,general,184,172.51437772893757
16358,0,general,14,71.34386417184524
16361,0,general,76,105.78619953519625
16362,3,general,327,344.7598467134393
16363,2,general,80,104.76362943169109
16364,3,general,119,151.5362584068038
16365,2,general,415,448.5405402654319
16366,1,general,688,669.3354571632369
16367,0,general,185,250.46929812753854
16368,2,general,489,452.5331281946635
16371,0,general,437,418.86647645897807
16372,3,infantry_grenadiers,330,327.3020690385804
16373,3,infantry_light,195,178.17485224113832
16374,4,infantry_light,543,521.3686790787838
16375,0,infantry_light,544,525.1428567476897
16376,2,infantry_light,476,455.4610427596919
16378,2,infantry_line,279,275.5738428748571
16379,0,infantry_line,150,153.7376547022018
16380,2,infantry_line,182,178.9752253689083
16381,3,infantry_line,96,121.4857290096848
16383,0,infantry_skirmishers,230,225.4817224385563
16384,0,artillery_foot,531,731.311268636301
16386,0,artillery_horse,584,572.8309952315915
16387,1,general,763,767.3292429838582
16389,4,cavalry_heavy,1122,1174.6985562240664
16390,1,general,115,139.71290728591353
16392,0,general,1122,1133.7764350998116
16393,1,general,514,533.6784666689418
16394,3,general,518,461.97854391186854
16395,0,general,662,665.358077627186
16396,4,general,506,495.8159440455272
16397,2,general,616,528.5323234285145
16398,4,general,820,849.0956095192871
16399,4,infantry_grenadiers,768,795.7574812147006
16400,3,infantry_grenadiers,447,444.478335412591
16401,3,infantry_light,220,226.05346487470925
16403,1,infantry_line,619,603.6382510577033
16406,1,general,1033,1093.7383206555726
16407,0,general,271,281.42880409013884
16408,2,general,360,446.4697739675979
16409,1,general,615,595.7260254021455
16413,2,general,476,482.0709911334618
16414,3,general,434,423.39964099632664
16415,3,infantry_grenadiers,593,578.397280259197
16416,4,infantry_light,494,482.4975903509684
16417,3,infantry_line,568,548.3643583685473
16418,0,infantry_line,368,416.62342166223715
16419,0,infantry_line,358,352.0761112006077
16421,4,cavalry_heavy,1156,1201.5781901154508
16422,3,cavalry_heavy,880,976.1620183440887
16423,0,cavalry_lancers,542,489.14818364729757
16424,0,cavalry_lancers,267,259.66586955888175
16425,3,cavalry_light,440,440.3873690901486
16427,2,cavalry_standard,1102,981.5618816501649
16428,1,general,735,821.144055721179
16429,0,general,915,846.5826033678608
16430,3,general,119,197.87596284505537
16431,2,general,907,802.0555293767675
16432,4,general,302,327.5951786705705
16433,3,general,1307,1380.6044785368458
16434,4,general,529,527.798734271532
16435,1,general,683,651.9538844900269
16436,2,general,470,477.80268716511137
16437,0,infantry_line,581,570.3889333299909
16438,2,cavalry_heavy,1549,1492.729261634706
16439,1,cavalry_light,613,597.4107406966351
16440,1,cavalry_light,320,316.9859471986812
16441,1,general,553,553.0176550366077
16442,3,general,1313,1248.5118888011077
16444,0,general,399,362.65081748935233
16445,0,infantry_line,383,347.415559418073
16446,1,artillery_foot,560,628.3118908898842
16447,3,artillery_horse,1518,1663.2121971335282
16448,4,cavalry_heavy,1132,1179.0638164561515
16449,1,general,1363,1495.6778567956874
16450,0,general,1059,1114.2724644745995
16451,3,cavalry_heavy,1223,1234.6747712517674
16452,2,cavalry_lancers,245,241.87873553343053
16454,3,general,1144,1158.7916819925367
16457,4,cavalry_light,358,355.021048023899
16458,2,general,292,317.1914353886267
16459,3,general,177,224.9706189846299
16460,3,general,243,277.66904666428843
16461,2,general,124,170.36246784833588
16462,3,general,596,621.4914695843252
16464,2,infantry_line,195,218.3209066252432
16465,1,infantry_line,524,534.8884315446144
16466,2,infantry_line,453,447.15066402053645
16467,1,cavalry_light,365,358.72318118178595
16468,0,cavalry_light,413,409.1392667234236
16471,4,general,257,284.9641201975445
16473,4,general,223,260.6775216224039
16474,3,general,205,249.03964789108133
16475,2,general,357,377.70241737762973
16476,4,general,666,682.2750128639238
16477,3,general,923,865.4479799503398
16478,2,general,673,668.2895745251816
16479,0,general,231,251.55837796542107
16480,2,infantry_grenadiers,588,583.4319997373265
16481,3,infantry_line,339,332.1156369002865
16482,4,infantry_line,624,607.2111498202914
16483,3,cavalry_light,812,858.4463605693113
16484,1,cavalry_light,359,350.06806034575493
16485,3,cavalry_light,557,548.507927073272
16486,4,cavalry_light,340,340.82216803296933
16487,2,cavalry_light,696,700.1201577128154
16488,0,general,816,890.2567308554698
16489,2,general,388,390.41681915530734
16490,3,general,262,276.9706174506575
16491,3,general,688,748.7662804799878
16492,0,general,637,648.9232898100727
16493,0,general,452,479.7924554279744
16494,0,general,380,397.76281156700793
16495,1,general,460,485.0165037717184
16496,1,infantry_line,446,447.8090741396644
16497,1,cavalry_standard,879,827.5032485018921
16498,4,cavalry_standard,539,527.9251461480665
16500,1,general,284,282.3942115816034
16502,4,infantry_line,342,320.093767201432
16503,0,infantry_line,226,238.44342933940817
16504,1,infantry_skirmishers,116,130.30816580052922
16505,4,cavalry_standard,539,538.0326418638547
16507,1,general,550,534.5285457118102
16508,0,general,449,469.39500466701645
16509,3,artillery_horse,974,958.0757673905213
16510,4,artillery_horse,325,315.0804778613976
16511,0,cavalry_lancers,369,388.95394628733135
16512,0,cavalry_lancers,558,506.1010607798447
16513,3,cavalry_lancers,541,486.8199539567965
16514,2,cavalry_light,436,438.7459215873019
16515,3,cavalry_light,411,409.730534788003
16516,1,general,493,495.885910388994
16517,3,general,285,305.57190510286415
16518,3,general,534,500.88057605618224
16519,0,general,229,288.15647213708326
16520,1,general,391,395.92597479345704
16521,4,cavalry_heavy,2274,2338.4581333324386
16523,3,cavalry_lancers,642,639.1884241017443
16524,1,cavalry_lancers,314,333.94216059485416
16525,4,cavalry_lancers,661,698.5062182771604
16526,4,cavalry_lancers,706,722.0535705046136
16527,0,cavalry_light,337,339.69354435673915
16528,3,cavalry_light,688,643.6815928533103
16529,1,cavalry_light,696,694.448572814538
16531,3,cavalry_light,344,355.14959606434513
16532,2,cavalry_standard,1478,1394.082999701877
16533,0,general,356,354.3691203788163
16534,2,general,416,439.5246253337417
16537,1,general,241,268.40788110680757
16538,0,general,693,656.6054876745119
16539,0,general,267,286.1976574965368
16540,0,general,198,223.31351533477
16541,0,general,488,512.8995846323867
16544,2,general,751,794.4054755102059
16545,4,general,1394,1424.9072477800828
16546,3,infantry_line,131,124.14597536600982
16547,3,infantry_line,225,218.97946229087273
16548,1,artillery_horse,1206,1197.4874536383547
16549,1,cavalry_lancers,434,386.0449363987432
16550,3,cavalry_light,595,558.9746067357701
16551,3,cavalry_light,753,744.140430879755
16552,4,cavalry_light,278,270.8555871685158
16553,0,cavalry_light,649,655.9978460081959
16554,1,cavalry_light,344,345.5327279709624
16555,1,cavalry_light,357,337.0043671256409
16556,1,cavalry_light,1324,1391.343403897201
16557,0,cavalry_light,716,711.6158405148573
16558,2,general,536,536.6780980000542
16559,4,general,1232,1260.4621361500895
16561,4,general,470,569.5025971696191
16562,4,general,310,317.088119788551
16564,0,general,593,612.705064048438
16565,3,cavalry_lancers,1027,1005.7608536438686
16566,4,general,844,818.518780232603
16568,4,infantry_light,282,266.50518546688625
16569,0,cavalry_heavy,1062,1109.173949690139
16570,1,cavalry_lancers,999,1007.0145030262581
16571,3,general,996,984.2292818072644
16572,1,artillery_foot,1491,1646.7606087394784
16573,2,artillery_foot,1428,1714.8993578206964
16574,4,artillery_foot,810,1030.0687706215226
16575,0,artillery_foot,672,820.0661495404908
16576,3,cavalry_heavy,848,895.4494041703732
16577,2,cavalry_heavy,1224,1263.736721437662
16579,4,general,1069,1106.9109626273248
16580,4,general,1706,1903.8814442347887
16581,2,general,1661,1681.1180432424844
16582,2,general,1506,1763.9553057128346
16583,1,general,713,778.6864478542803
16586,0,artillery_horse,973,913.7781825352376
16588,1,cavalry_heavy,794,943.1379850054855
16589,3,general,1377,1335.6981563301233
16590,3,general,630,777.2389458188995
16592,3,general,902,997.5625487970856
16593,3,artillery_foot,714,869.978144585362
16594,3,artillery_foot,720,892.2695563940946
16596,1,artillery_horse,415,412.6524257477311
16597,1,general,569,716.0342203833029
16598,4,artillery_horse,788,772.6865962735271
16600,3,general,433,574.1842801272777
16601,2,general,144,205.98057956655788
16602,3,infantry_grenadiers,263,287.6737631385422
16603,1,infantry_skirmishers,189,196.46565689194506
16604,0,artillery_foot,296,283.869254340476
16605,4,artillery_foot,610,708.3991492540299
16606,4,artillery_foot,307,338.2842652875561
16608,0,artillery_foot,522,669.4307340769535
16609,0,artillery_foot,614,785.8989668679168
16610,4,artillery_foot,743,828.3146202843235
16612,3,artillery_foot,607,755.0660144743533
16613,0,artillery_foot,710,899.5138007634242
16616,1,artillery_foot,383,433.6115852991871
16617,3,artillery_foot,233,311.04921740425254
16618,2,artillery_horse,733,770.6363478565912
16619,0,artillery_horse,1103,1115.9430913479655
16621,4,artillery_horse,649,574.7425555838302
16622,1,artillery_horse,1126,1064.260020572267
16623,3,artillery_horse,974,958.0757673905213
16624,4,artillery_horse,912,900.8894430789021
16625,2,general,631,812.5921804653349
16626,1,general,255,255.23299863011061
16627,2,general,55,55.07774452270281
16628,3,general,548,744.1203243116564
16629,2,general,513,670.502625159607
16630,3,general,348,402.5732229270285
16631,1,general,2221,2135.3581339027314
16632,2,general,55,55.07774452270281
16635,3,general,145,145.32475145918684
16636,2,general,1,1.0
16638,2,general,895,1083.8183189692847
16639,0,general,674,671.3997427434176
16641,1,general,522,519.176990856894
16642,0,general,674,671.3997427434176
16643,2,general,534,635.4038159139302
16644,1,general,255,255.23299863011061
16645,0,infantry_grenadiers,166,164.26937599229055
16646,1,infantry_grenadiers,499,560.2525123452687
16647,1,infantry_skirmishers,208,220.13308034706407
16649,3,infantry_skirmishers,196,205.56697816824465
16650,3,infantry_skirmishers,197,206.46656889694663
16651,1,cavalry_light,597,597.8462553693392
16653,2,general,205,212.06236248063487
16654,2,general,239,239.2238191798195
16655,2,general,648,633.1135632791857
16656,1,general,73,61.85545963959095
16657,4,general,344,389.1726217436243
16659,3,general,578,567.7221236296365
16660,3,general,879,953.3998925581692
16661,2,general,688,639.4780730131712
16662,1,general,382,428.51912924324523
16663,1,general,192,194.85682500694543
16664,0,infantry_grenadiers,807,888.5627483247437
16665,1,infantry_light,299,327.21210294236135
16666,2,infantry_light,291,318.6506571141553
16667,2,infantry_light,607,637.3694997259431
16669,2,infantry_line,303,303.0383976326063
16670,3,infantry_line,177,170.72804601959987
16671,3,infantry_line,329,371.4834636652279
16672,4,infantry_line,307,319.64947935981286
16673,0,general,237,234.2683018344188
16674,4,general,374,408.8492148486963
16675,1,general,428,462.2095191820288
16676,4,general,204,213.09966016150085
16678,1,general,732,845.5618321468332
16679,2,general,535,581.2923042666938
16680,0,general,804,908.0955885835378
16681,1,general,343,330.20693552209826
16682,4,infantry_light,290,316.4011708323182
16683,3,infantry_light,537,605.5932953701081
16684,1,infantry_line,219,225.41820094097466
16685,2,infantry_line,480,533.61040309319
16686,3,infantry_line,123,124.45350876616533
16687,3,infantry_line,457,453.5602007689016
16689,1,infantry_line,845,998.2622958680707
16690,0,infantry_skirmishers,249,255.53018748521094
16692,4,cavalry_standard,662,641.3581906017378
16693,0,general,521,485.77961972922344
16694,2,artillery_foot,671,647.7896302847643
16695,1,general,533,475.1651376119017
16696,1,general,476,478.7849595667606
16697,2,general,148,181.91542521675893
16698,0,general,112,148.029281423826
16699,0,general,409,470.48705670943036
16700,4,general,284,299.4761266274704
16704,3,infantry_line,178,192.47382682232583
16705,2,infantry_line,247,300.1094578869813
16706,1,infantry_line,211,262.84074161940185
16707,4,infantry_line,433,426.72570509743605
16708,4,infantry_line,395,423.7643335866203
16709,3,infantry_line,509,600.3283404881272
16710,1,general,343,417.99515592643905
16711,3,general,477,490.4040361054812
16712,0,general,85,93.76438274343715
16713,2,general,427,410.9330123172868
16714,0,general,681,708.6234368268545
16716,0,general,695,711.3229777935205
16717,2,general,415,476.90387194887893
16719,1,infantry_grenadiers,659,681.1984050526768
16720,3,infantry_light,587,642.8059294275747
16721,4,infantry_light,490,496.71483221379606
16722,2,infantry_line,189,207.49806831275552
16723,3,infantry_line,282,327.27668183397964
16725,1,infantry_line,469,543.8963290380298
16728,2,artillery_foot,364,344.7818437569306
16729,3,general,403,476.45554572247147
16730,2,general,125,161.58866154143487
16731,2,general,170,157.478498789411
16733,3,general,223,291.06173695472705
16734,0,general,964,1043.7054206257233
16735,4,general,735,763.0123387207822
16736,4,infantry_grenadiers,784,841.8843809809507
16738,0,infantry_line,233,281.21157260585557
16739,3,infantry_line,310,383.77573365898996
16740,1,artillery_horse,651,648.4538118892917
16741,4,cavalry_lancers,1645,1586.769197323987
16742,1,cavalry_light,1281,1274.579553374123
16743,4,cavalry_light,1323,1438.5774241620284
16744,4,cavalry_light,860,897.3665155182185
16745,4,general,459,495.20358085708494
16746,1,general,741,746.1787132088649
16747,4,general,266,195.48977186114976
16748,4,general,476,508.7886751338138
16749,0,general,287,355.3651573011312
16751,2,general,1573,1526.7766388191408
16752,2,general,438,428.17717563107243
16754,2,infantry_grenadiers,443,309.64428292749074
16755,4,infantry_light,312,446.8357783384609
16756,4,infantry_light,408,445.5807403654603
16757,0,infantry_line,401,415.7960183008079
16758,2,infantry_line,434,416.64394567781613
16759,4,infantry_skirmishers,121,166.91885579137715
16760,4,general,383,419.4158420931339
16761,3,general,120,146.46162183194184
16762,1,general,329,355.59258024684675
16763,1,general,427,477.5702566447549
16764,1,general,593,602.5293281850954
16765,0,general,408,422.2551708205931
16766,0,infantry_grenadiers,719,753.8724670763165
16767,3,infantry_light,524,564.5511084846789
16768,0,infantry_line,439,476.1297055750892
16769,0,infantry_line,305,365.2611976258239
16770,1,infantry_line,195,213.21305324207552
16771,3,infantry_line,327,381.6899241162539
16772,4,artillery_horse,817,802.4757781151261
16773,1,cavalry_heavy,1848,1847.2579960026192
16774,4,cavalry_light,782,808.0179199612799
16775,3,general,1846,1798.3182466213686
16777,0,general,796,831.59943647049
16778,0,artillery_foot,860,735.6582375670404
16779,4,artillery_foot,483,510.17030786721205
16780,4,general,209,212.1351005939225
16781,4,general,756,660.0524234771265
16783,1,infantry_line,224,265.1009395411513
16784,4,infantry_line,309,330.26408840239134
16785,0,infantry_line,182,216.92061145567433
16786,4,cavalry_light,607,622.9324987936545
16787,1,cavalry_light,1143,1278.3859959399197
16789,0,general,289,267.4924918433429
16790,4,general,1051,1121.7083238698356
16792,3,general,1075,1193.319068094226
16793,2,general,918,876.7921019571567
16794,1,general,265,234.83537122033908
16795,1,infantry_line,348,332.71780392204545
16796,2,infantry_line,511,451.360424749118
16798,3,infantry_skirmishers,324,305.2512473883707
16801,3,cavalry_standard,909,917.8560577407533
16802,2,general,102,137.29199233164334
16803,2,general,98,130.93167167257252
16805,4,general,177,231.6030907157921
16806,4,general,1059,1040.2248206237628
16807,0,general,1160,1206.646210074479
16810,4,infantry_line,196,240.91291803529774
16811,0,infantry_line,159,254.35496484746093
16812,2,infantry_line,194,244.5919091099897
16813,0,infantry_line,139,199.4919465117287
16814,2,infantry_line,254,253.92053914506948
16815,0,infantry_skirmishers,130,165.45314475790235
16816,1,general,168,188.1750468161531
16817,0,general,138,130.74435228079054
16819,1,infantry_line,269,306.8158358640908
16820,2,artillery_foot,241,279.173459687337
16823,0,cavalry_light,653,621.8872033354177
16825,0,general,179,210.7825416165734
16826,4,general,544,515.5810675058815
16827,4,general,493,597.0482413564524
16828,0,general,215,233.62684436077618
16829,4,general,299,341.64436201256933
16830,3,general,274,307.4281416436598
16831,2,general,653,780.2919918634034
16832,3,general,349,377.91105812583294
16833,0,general,567,643.6512215313186
16834,4,infantry_light,283,325.8700184330639
16835,2,infantry_line,374,433.6816693147785
16836,3,infantry_line,269,331.7863233365426
16837,4,infantry_line,290,339.3396263540108
16838,1,infantry_line,622,715.6241673479228
16839,1,infantry_line,410,445.81194028039494
16840,0,artillery_foot,187,239.7314600718101
16841,1,cavalry_heavy,1580,1597.0170814766852
16842,0,cavalry_light,949,1107.6217563844527
16843,0,general,812,945.1939470353512
16844,3,general,124,164.15371209039222
16845,3,general,109,147.34116590679602
16846,1,general,628,554.3468014222906
16847,4,general,1412,1390.708033665952
16848,2,general,447,500.38404417785375
16850,3,infantry_line,194,235.6515411037647
16851,0,infantry_line,179,220.34403823097395
16853,1,infantry_line,418,455.6259270109541
16854,1,infantry_skirmishers,488,393.93268644458624
16855,2,general,449,420.2225905858226
16856,0,general,378,373.3883993500184
16857,0,general,325,298.22975039079915
16858,4,general,457,447.2944327125701
16859,3,infantry_light,487,514.1271481640458
16860,1,infantry_light,387,390.9626551131468
16862,4,general,195,208.80477452351627
16863,3,infantry_line,298,328.9597642903069
16865,1,general,142,154.40461828618373
16866,0,general,40,66.6644031711837
16867,3,general,201,224.3779576427113
16869,1,infantry_line,208,222.87899694351756
16870,1,cavalry_light,409,391.9415049290547
16871,4,artillery_foot,860,871.5151129413856
16872,4,artillery_foot,413,427.9537170598359
16874,0,artillery_horse,1134,1228.5050251914652
16875,2,general,87,86.5507413928187
16878,2,general,1,1.0
16879,2,infantry_skirmishers,159,190.93138111076527
16880,0,infantry_skirmishers,219,206.49273258116636
16881,4,infantry_skirmishers,181,173.1424611791156
16882,3,cavalry_light,869,891.1037369428084
16883,1,cavalry_light,986,1032.853732083487
16885,0,cavalry_standard,644,697.1083551406217
16886,3,general,96,114.16790218119188
16888,4,general,807,844.3700888330462
16889,0,general,509,547.7547694973692
16890,3,general,903,913.5002026920952
16892,1,general,76,119.78240473464
16893,3,general,111,170.9256100388139
16895,0,general,750,758.6195794809141
16896,3,general,207,309.46885887400134
16897,2,general,970,950.1676247717706
16898,3,general,1215,1110.3957150892868
16899,3,general,1000,933.1552737680431
16900,3,general,399,433.6033165037953
16901,2,general,600,631.033944926171
16903,0,general,554,511.9332924840016
16904,3,infantry_grenadiers,1139,1109.0381399903115
16905,1,infantry_grenadiers,1023,1002.7578814181118
16907,3,infantry_line,164,168.63782858875032
16908,2,infantry_line,174,215.50217040176642
16909,2,infantry_line,150,184.20133551054025
16910,4,infantry_line,259,267.5863590164804
16911,2,infantry_line,147,172.84975845090474
16912,0,infantry_line,499,467.6993958618532
16914,1,infantry_line,508,538.5027920358145
16916,0,cavalry_heavy,1024,1247.150119124021
16917,0,cavalry_heavy,1507,1781.6417494665554
16919,3,general,76,109.50346344113112
16920,1,general,1072,1134.7738547883453
16922,4,general,212,223.821059538021
16924,0,general,1499,1716.5998940646605
16925,3,general,1561,1288.8439625569104
16926,4,general,191,273.1485517184697
16927,4,general,859,790.5609504168111
16928,3,general,527,564.7020964775236
16932,2,general,1110,1039.5683898232132
16933,4,general,271,326.4700956656984
16934,4,general,847,1025.5965501041305
16936,4,infantry_light,396,384.78729807852596
16938,2,infantry_light,732,690.1813446028401
16939,3,infantry_line,316,321.2713997242837
16940,0,infantry_line,140,164.96638326214568
16942,1,infantry_line,117,122.09196139300711
16943,0,infantry_line,543,567.6590329697304
16944,2,infantry_line,225,262.0247355586598
16946,2,infantry_line,287,320.2495089737592
16947,4,infantry_line,501,528.1984865466158
16948,1,cavalry_heavy,1790,2097.7312721579437
16949,2,cavalry_heavy,1396,1621.081409238511
16952,4,cavalry_lancers,446,474.9662457754931
16955,0,general,196,205.0531274797648
16956,0,general,472,497.2925326481353
16958,0,general,1720,1906.4460765428385
16961,3,general,465,459.6077625182112
16962,2,general,1386,1610.4414842008246
16963,0,general,320,324.39370623352494
16964,2,general,213,219.72411271587796
16965,1,general,220,202.15602452037973
16966,3,general,92,131.5461715604117
16968,1,general,318,331.9809293674356
16969,4,general,317,356.41114078182704
16971,1,infantry_light,326,337.47138367281775
16972,0,infantry_light,304,309.4295041971519
16973,3,infantry_light,325,309.35929689650146
16974,3,infantry_light,345,333.5172196983385
16977,2,infantry_line,136,141.56987078595887
16978,2,infantry_line,424,430.71186872984407
16980,4,infantry_line,185,189.97653542342542
16981,4,cavalry_heavy,1003,1259.6065475836829
16982,1,cavalry_heavy,1396,1552.4635794687847
16984,2,cavalry_light,412,406.55653999940193
16985,4,cavalry_light,2014,1909.4168076926424
16986,0,general,180,193.51513957621108
16987,4,general,613,613.3502254821524
16988,1,general,1901,1794.5555575804099
16989,2,general,177,190.30289229588826
16992,3,general,285,285.0223129763544
16993,0,general,193,202.9619240682017
16994,1,general,1239,1373.806825437827
16995,2,general,287,294.52891647950764
16996,2,general,220,235.18103906118077
16998,2,general,132,153.1164867885592
16999,2,general,97,167.9998333759984
17000,4,general,214,280.33910115502493
17001,4,general,235,297.8773081705333
17002,4,infantry_line,393,359.5789046397757
17003,4,infantry_line,435,428.4756300133293
17004,1,infantry_line,278,286.6351752556574
17005,1,infantry_line,273,285.242563675473
17006,4,infantry_line,294,295.2195269638791
17007,2,infantry_line,283,284.37285048787385
17010,4,infantry_line,203,257.497617777147
17011,1,infantry_line,232,277.69989675531843
17013,3,cavalry_standard,1478,1347.2956043226504
17014,4,general,1473,1309.327328537782
17016,3,cavalry_lancers,1201,1193.516955345053
17017,1,cavalry_lancers,995,1019.7014219448188
17018,3,general,1055,1035.0392524285185
17020,1,general,97,132.0299309992178
17022,1,general,363,351.0655524243264
17023,2,general,374,345.3890503682896
17024,4,general,367,401.54113197364245
17025,2,general,876,827.1074254305427
17027,4,general,46,75.36671816006785
17029,1,infantry_light,285,319.0484789749866
17030,2,infantry_light,296,323.4685293428151
17031,2,infantry_light,815,818.9084175181565
17032,2,infantry_line,150,166.28524058863965
17033,1,infantry_line,346,329.6280360853529
17034,0,infantry_line,171,191.6983699437544
17035,4,infantry_line,293,288.2059333728921
17036,0,infantry_line,480,508.575604624128
17037,2,cavalry_heavy,1712,1935.4404263030024
17038,1,cavalry_heavy,886,1127.86318920377
17039,2,cavalry_standard,1129,1069.6984393338407
17041,2,general,795,752.7572543717622
17043,2,general,720,924.5940709000873
17046,3,general,96,121.11024503742534
17047,3,general,1470,1658.2806072104092
17049,2,general,583,623.1685348899064
17050,1,general,395,424.36081488609614
17051,2,general,305,329.5972272011189
17052,2,general,266,335.4781371595457
17053,2,general,255,282.7418279208432
17054,1,general,984,852.9567408272235
17055,1,general,864,767.5166284819024
17057,0,infantry_grenadiers,999,888.6060790151968
17059,1,infantry_line,168,172.5087952315475
17062,3,infantry_line,411,429.7237001867452
17063,3,infantry_line,458,490.53474283269856
17064,0,infantry_line,335,389.64338915681583
17065,1,infantry_line,493,523.0209389371017
17067,0,infantry_line,359,379.1454590983196
17068,3,infantry_line,291,307.4983610447704
17070,0,cavalry_heavy,844,1220.8746687524344
17071,4,cavalry_standard,549,523.1599431818396
17072,3,cavalry_standard,1106,1063.8491072340132
17073,1,general,918,864.7398456954817
17074,1,general,448,416.55176492981474
17075,4,general,760,1163.8046203491997
17076,0,general,503,502.0174241593806
17077,3,general,556,545.4209599954822
17078,4,general,867,1164.5756863294844
17080,2,infantry_light,560,578.1966017799816
17081,0,artillery_horse,550,565.9397487331396
17082,3,cavalry_heavy,1110,1309.7188838390666
17084,1,cavalry_standard,1015,939.3892362346282
17085,2,cavalry_standard,701,669.6948292715924
17087,0,general,227,230.3855682638891
17089,0,general,96,125.99384625164184
17090,2,general,63,90.98198927250115
17091,2,general,880,806.8596218711424
17092,0,general,323,351.58358838937517
17093,1,general,1039,1163.4986546354182
17094,1,infantry_line,285,283.4638897365137
17095,3,infantry_line,286,282.69292423297793
17096,3,infantry_line,201,219.32344881182706
17097,1,infantry_line,140,146.02928839615993
17099,3,cavalry_heavy,1249,1480.955708459456
17100,3,cavalry_light,409,402.0490396234724
17101,4,cavalry_light,381,382.9594095843233
17103,2,cavalry_standard,801,744.2549891647079
17104,4,cavalry_standard,811,735.1290871364937
17105,4,general,650,577.2439867994441
17106,2,general,940,1158.4329010039214
17108,1,general,912,828.9646257405577
17109,2,general,341,351.5346570614401
17111,1,general,800,733.0346974147166
17113,3,general,195,282.9942045651175
17114,4,general,296,306.2208601981688
17115,1,infantry_light,291,284.66191433318147
17116,2,infantry_line,435,429.23134557263324
17117,4,infantry_line,403,404.8990885443618
17119,4,cavalry_light,314,328.07974238609256
17120,3,general,271,305.4320808213288
17121,4,cavalry_light,591,590.4274371624166
17122,2,cavalry_light,412,406.55653999940193
17123,0,cavalry_light,478,459.9344932979402
17125,3,cavalry_light,1072,1105.0110900891757
17126,0,cavalry_light,537,494.99152221862397
17127,3,general,440,439.3626637429685
17128,0,general,521,488.9189595357287
17131,1,general,433,421.7539382715148
17132,0,general,468,485.99475623117723
17134,0,general,581,610.4226507333087
17135,0,general,692,736.8222334293315
17136,0,infantry_light,514,513.9258238835677
17137,0,infantry_line,640,674.3251779563336
17138,1,cavalry_lancers,725,665.7295142770506
17139,2,cavalry_lancers,314,345.67559131505504
17140,2,cavalry_lancers,376,401.4639686619605
17141,3,cavalry_lancers,941,936.0144184951919
17142,0,cavalry_standard,532,531.3274509173865
17143,2,cavalry_standard,899,785.4268180902671
17145,0,general,250,269.2241952640095
17146,0,general,272,291.39230830350425
17147,2,general,434,438.19750750503647
17148,1,general,612,562.6340622434191
17151,1,general,239,254.09983341448037
17152,2,infantry_light,227,238.31793889336598
17153,3,infantry_line,305,315.1800011253706
17154,1,artillery_foot,811,754.4758568598829
17156,2,general,652,616.9391595730015
17157,2,general,228,223.37505290495102
17158,0,artillery_foot,805,774.2380307291851
17159,4,artillery_foot,771,733.4356390755596
17160,1,artillery_foot,363,381.178190425333
17161,3,artillery_foot,670,699.2022933168754
17162,1,artillery_foot,946,893.9127595393128
17163,1,artillery_foot,600,592.0929899851014
17164,1,artillery_foot,393,373.1362262230663
17165,1,artillery_foot,530,559.2048051112574
17166,3,artillery_foot,1137,1142.616946453645
17167,4,artillery_foot,736,728.1229526013564
17169,0,artillery_foot,1199,1155.789733410552
17170,1,artillery_foot,407,391.28681888995345
17171,1,artillery_foot,326,325.3790250413756
17172,1,artillery_foot,716,720.7709754269243
17175,2,artillery_foot,496,508.6112273672885
17176,2,artillery_foot,1030,1076.5618219776823
17177,1,artillery_horse,1196,1187.999594471184
17178,0,artillery_horse,512,506.4221677689652
17179,4,artillery_horse,1120,1152.1989215449119
17181,2,artillery_horse,1050,1104.332827559657
17182,1,artillery_horse,102,143.41394149995656
17183,2,artillery_horse,519,542.9580077746032
17184,3,artillery_horse,526,544.5939345308491
17185,1,artillery_horse,1076,1124.2779695422448
17187,1,general,378,383.5761162617061
17188,3,general,498,534.7890492787521
17189,3,general,364,391.9917342343032
17190,0,general,312,312.31296290781984
17191,0,general,855,804.2757763378297
17192,3,general,1347,1279.1666872490202
17193,0,general,312,312.31296290781984
17195,4,general,646,620.2594102749662
17198,0,general,623,632.0652806333258
17199,3,general,177,177.61914067233937
17200,0,general,312,312.31296290781984
17201,0,general,2542,2408.7829910946903
17202,1,general,737,729.8359946752063
17203,4,general,1041,1076.6641385117698
17205,4,general,467,466.2562683237324
17206,1,general,1232,1219.5525911265736
17207,1,general,467,465.32547325694753
17208,3,general,177,177.61914067233937
17210,1,general,220,270.48693150611615
17211,1,general,230,285.93685138692365
17213,1,general,668,633.9182803239825
17214,3,general,177,177.61914067233937
17215,4,infantry_grenadiers,340,315.49267542098687
17216,3,infantry_grenadiers,349,396.53839061684283
17217,1,infantry_grenadiers,360,288.3210421160481
17218,0,infantry_grenadiers,655,622.6699216173556
17219,4,infantry_grenadiers,339,366.74643923800346
17220,1,infantry_skirmishers,211,200.31175099489496
17221,2,infantry_skirmishers,216,208.3019977721668
17222,0,infantry_skirmishers,231,238.61960606232392
17223,0,infantry_skirmishers,231,238.61960606232392
17225,4,general,710,525.9838476596559
17226,1,general,172,163.94199366225104
17228,3,general,376,365.7000552625783
17230,3,general,158,170.25497022584452
17232,1,general,305,280.2248081485879
17233,0,general,581,492.9581930634431
17234,3,general,330,309.2761470246958
17235,4,general,93,92.8088190988891
17237,2,general,194,178.93340030506093
17239,1,general,427,403.43766976901526
17240,0,general,530,503.136828829386
17241,2,general,501,583.1793776207866
17242,2,general,152,200.52858071821223
17243,2,general,684,663.5595974666544
17244,2,general,241,332.75352422572087
17245,4,general,868,862.144210260583
17246,1,infantry_grenadiers,309,378.77157345607947
17247,4,infantry_grenadiers,629,741.7938777502872
17248,4,infantry_irregulars,217,192.56878304172253
17249,2,infantry_light,749,613.7946739405235
17250,0,infantry_light,431,435.35144306784815
17251,3,infantry_light,617,573.9316986997417
17252,4,infantry_light,374,375.4888878908285
17253,3,infantry_light,818,838.4368748004283
17254,4,infantry_light,815,812.6827645295936
17255,4,infantry_line,373,352.5673475790481
17256,4,infantry_line,430,418.1834171323855
17257,2,infantry_line,406,387.37633390286584
17258,0,infantry_line,234,264.40658778287036
17259,0,infantry_line,231,232.61607817428845
17260,2,infantry_line,386,374.6654004950374
17261,0,infantry_line,310,295.13741372112696
17262,3,infantry_line,300,287.6575228521691
17263,2,infantry_line,273,264.610939984962
17266,1,infantry_line,356,446.4695481428241
17267,2,infantry_skirmishers,241,284.2894297580478
17268,1,cavalry_lancers,988,936.5879318586092
17270,2,general,264,259.0795045456638
17271,2,general,463,488.4660258763032
17272,3,general,820,745.4985432177648
17273,0,general,695,872.9326088182535
17276,4,general,283,287.33151486003106
17277,3,general,342,296.0348880326389
17278,3,general,537,493.72347291546606
17279,1,general,296,374.971625458624
17280,1,general,1308,1302.3221621743724
17281,0,general,420,421.10498224431535
17282,2,general,404,348.1152807462692
17283,4,infantry_grenadiers,364,357.9343949911533
17284,0,infantry_light,504,484.310755866158
17285,1,infantry_light,463,440.14743399968
17286,2,infantry_light,496,471.6731864785235
17287,2,infantry_light,653,620.0244043461992
17288,3,infantry_line,260,255.15976193587383
17289,1,infantry_line,444,404.83994478786866
17290,2,infantry_line,216,223.29347922384855
17291,0,infantry_line,251,278.16568501321586
17292,4,infantry_line,282,279.66468822450366
17293,2,infantry_line,1116,1133.4279734012723
17294,3,infantry_line,308,365.34752621694645
17295,0,infantry_line,527,534.0688168186554
17298,3,artillery_foot,451,441.5194240740793
17299,0,artillery_foot,926,967.6262038593651
17300,3,artillery_horse,543,548.8691618312923
17302,0,general,340,298.14078404534723
17304,1,general,285,264.31901840523517
17305,1,general,99,134.33098342390724
17306,3,general,389,364.22640063748537
17307,2,general,243,266.3890529719233
17308,3,infantry_light,440,423.55800004314915
17310,1,infantry_light,318,340.77704998898486
17311,3,infantry_line,384,376.2136233937822
17313,2,infantry_line,210,241.67307153446947
17315,3,cavalry_light,489,481.6795405311471
17316,1,cavalry_light,801,791.0461007053443
17318,1,cavalry_standard,752,791.4391839060368
17320,0,general,358,341.6797507144463
17321,2,general,388,356.03379686487256
17323,2,general,293,287.3308910439251
17324,3,general,166,165.87063469421372
17325,2,general,682,666.5739216482139
17326,3,general,405,380.47794282497586
17327,1,general,619,582.8106610025457
17329,0,infantry_light,399,386.5900898117326
17330,1,infantry_line,344,340.27855878941153
17332,4,infantry_line,434,407.5731773902467
17333,2,infantry_line,574,565.2217113095709
17336,3,artillery_horse,1973,1963.0973726454772
17338,0,cavalry_light,431,440.69926369622016
17339,1,cavalry_light,1112,1167.1825799598703
17340,1,general,430,431.46225600339005
17341,3,general,289,305.22127727336726
17343,4,general,106,130.92285109029484
17344,4,general,1031,1099.123924284612
17345,3,general,150,168.04498783448213
17346,4,general,120,127.03019652766832
17348,1,general,803,728.3727926639297
17349,3,infantry_grenadiers,480,532.4219167482244
17350,0,infantry_line,248,270.656120644517
17351,3,infantry_line,212,236.47409312898824
17352,0,infantry_line,579,565.0714921449735
17354,1,infantry_line,850,804.3742771698477
17355,0,infantry_line,187,195.63021017034285
17356,4,infantry_line,500,493.05248453852954
17358,0,general,72,79.82629037798318
17359,3,general,114,117.61190807893323
17360,2,infantry_line,215,218.59475599857078
17361,4,infantry_line,173,181.9386183811378
17362,3,general,182,193.27292756703514
17363,2,general,87,88.4489526219873
17364,3,infantry_line,183,188.9773481156154
17365,1,infantry_line,248,252.41663432076706
17366,2,general,304,278.3687758760135
17367,4,general,79,133.33862730596562
17368,4,general,342,317.9217499659242
17369,2,general,534,459.27272227464294
17370,3,general,156,174.20332592600383
17371,3,general,302,285.7536046255388
17372,4,general,399,425.3944145407591
17373,3,general,496,451.37996016141204
17374,1,general,277,262.64548902026706
17375,4,general,441,395.75783018439165
17376,3,general,330,344.41790406017344
17377,2,general,623,603.6603672124596
17379,4,general,532,533.5765481649
17380,1,general,520,477.32455854236724
17381,3,general,604,590.0540609255002
17382,1,general,381,383.11678663455234
17383,1,general,376,393.6669414189073
17384,2,general,570,563.7314741547777
17385,1,general,385,433.1358924001317
17386,1,infantry_grenadiers,369,451.4621869132015
17387,1,infantry_grenadiers,431,486.79800338655537
17389,3,infantry_grenadiers,496,500.52589888880544
17390,1,infantry_light,600,583.789687309574
17391,3,infantry_light,582,569.0256435457289
17394,2,infantry_line,171,233.0878824395282
17395,1,infantry_line,479,458.31388142831804
17396,1,infantry_line,397,380.6232172969349
17397,2,infantry_line,222,228.84110084132809
17398,3,infantry_line,404,388.33608315477665
17399,2,infantry_line,338,334.02888107484097
17400,3,infantry_line,306,323.55799536097805
17402,2,infantry_line,325,325.4467147494816
17404,1,infantry_line,675,616.9234961768447
17405,0,infantry_line,715,710.1644138932186
17406,1,infantry_line,672,666.6251560338229
17407,1,infantry_line,594,614.7807594928753
17408,4,infantry_line,482,468.6758179004661
17409,3,infantry_line,372,375.8688064108414
17410,1,infantry_skirmishers,250,267.5508518081471
17411,2,infantry_skirmishers,377,353.3109592834198
17412,4,artillery_foot,346,351.6747463618328
17413,3,artillery_foot,822,776.1670174948341
17414,0,general,273,265.94153642019876
17415,4,general,463,433.5388215448939
17416,1,general,263,263.26099789661987
17419,3,general,836,821.1009293083591
17421,1,general,203,217.59119166225176
17422,0,general,437,504.442048924803
17423,3,general,854,835.3516444533539
17424,1,infantry_grenadiers,378,425.3315727719092
17425,4,infantry_light,422,432.468573021188
17426,3,infantry_light,311,313.14198183780167
17427,4,infantry_line,317,306.9902281469902
17429,4,infantry_line,330,332.7813055722265
17430,3,infantry_line,307,309.58268940118904
17431,2,infantry_line,177,184.9685678190708
17432,4,infantry_line,971,974.7061872991179
17433,1,infantry_line,952,935.9551973264214
17434,3,infantry_line,234,224.93788656143803
17435,4,infantry_line,289,279.2189089578981
17436,4,infantry_skirmishers,218,234.24211769981568
17437,1,artillery_foot,375,382.4059121998132
17438,0,general,595,585.9919790392925
17439,2,general,491,478.1147440577338
17440,0,general,617,540.2952586912177
17441,2,general,778,713.9110017817753
17442,4,general,399,353.5340461779981
17443,2,infantry_grenadiers,673,729.3131908098287
17444,2,infantry_light,731,655.2124620579646
17445,2,infantry_light,904,876.9566804664696
17446,3,infantry_line,445,445.2851628821406
17447,1,infantry_line,508,462.52765662406836
17449,2,general,748,705.4385869690456
17450,0,general,365,339.80515759385753
17451,0,general,313,306.8631818940316
17453,3,general,676,627.7845758319802
17455,1,infantry_line,492,474.14681471430424
17457,3,infantry_line,365,377.63914754647567
17458,2,infantry_line,664,642.7120378540376
17459,4,infantry_line,780,753.9423616293944
17460,2,general,198,242.65496032725125
17461,3,infantry_light,291,289.1386675630065
17462,2,infantry_line,308,349.53073243893414
17463,4,infantry_line,270,223.56712014632933
17465,2,general,226,221.9612229193584
17467,1,infantry_line,277,336.13802454089495
17468,3,cavalry_light,656,620.551084081903
17469,1,cavalry_light,643,650.9479017327806
17470,3,general,498,538.760510077717
17473,2,cavalry_standard,420,397.62533647705743
17475,2,general,205,206.20099241960278
17476,0,general,714,656.396811857456
17477,0,general,381,386.8408738177785
17479,3,general,152,201.18245335048493
17480,2,general,152,175.0694353305516
17481,3,general,667,639.4366667130485
17482,3,general,328,341.248186889027
17483,3,general,608,598.1815891425255
17484,2,general,349,354.0559067353657
17485,1,infantry_line,579,556.717798173668
17486,3,infantry_line,213,245.1718265307388
17487,2,infantry_line,174,206.83310239575763
17488,1,infantry_line,266,270.36770427503745
17492,4,infantry_line,415,409.89610284142816
17494,4,infantry_line,440,452.3443507236098
17497,2,cavalry_lancers,717,727.618456600353
17498,3,cavalry_light,584,596.1616512487627
17499,4,general,228,304.2813566622
17500,3,general,148,182.60620700474885
17501,1,general,1,4.290301768108506
17502,1,general,58,64.86274126475764
17503,2,general,200,189.15838285079965
17504,2,general,570,567.6407526635743
17506,2,general,7,11.940476888224637
17507,3,general,616,643.0756013316123
17508,3,general,177,173.81357840641334
17509,4,general,8,4.588491900589958
17510,0,general,718,637.8619182233192
17511,0,general,100,102.42802320523728
17512,0,general,337,301.1313075336984
17513,4,general,711,700.680267356708
17514,0,general,775,816.0948433481399
17515,2,general,241,256.0884105531476
17517,0,general,562,527.511364431072
17518,3,general,378,400.8085468696702
17519,0,infantry_grenadiers,377,427.5986601262639
17520,3,infantry_light,380,399.69079075483967
17521,2,infantry_light,250,313.99652229755384
17522,3,infantry_light,211,212.17966322195323
17525,4,infantry_light,612,616.1044903516896
17526,2,infantry_line,269,253.995503554482
17527,3,infantry_line,343,352.8416493034322
17528,2,infantry_line,166,161.45043491777173
17529,2,infantry_line,114,103.8881196224998
17531,2,infantry_line,121,122.51333172171141
17532,4,infantry_line,104,99.83803909525167
17534,2,infantry_line,281,276.68996219799976
17536,3,infantry_line,458,417.672179072908
17537,4,infantry_line,614,594.3212246336956
17538,1,infantry_line,716,729.6054945959933
17539,0,infantry_line,360,363.92538295178133
17541,2,infantry_skirmishers,203,289.86153886627574
17542,1,infantry_skirmishers,78,142.619223375633
17543,2,infantry_skirmishers,250,281.90437231797824
17544,2,artillery_horse,644,638.4241094600434
17547,1,cavalry_light,1070,1155.3785260351697
17548,2,cavalry_light,840,866.0620167397636
17552,2,general,167,202.2017378905396
17554,4,general,1420,1240.6808430719725
17555,3,general,128,150.68711717982757
17556,0,general,112,126.93769196979952
17557,2,general,138,177.50441851866228
17558,4,general,678,682.0595042655978
17559,4,general,187,216.81921976242066
17560,4,general,190,218.19304090979227
17561,1,general,223,314.82242161026585
17562,0,general,872,835.0713882675743
17563,3,infantry_grenadiers,335,430.0311079057674
17564,2,infantry_irregulars,135,127.51886575152074
17567,4,infantry_line,267,283.1839459445661
17569,2,general,158,174.8320754685981
17570,4,general,430,431.16883820001664
17571,0,general,299,281.9204242468187
17572,1,general,184,181.58010897654873
17573,2,general,134,128.38499879231537
17574,1,infantry_grenadiers,425,435.66714942226685
17575,4,infantry_irregulars,146,152.25509674112166
17576,4,infantry_line,221,229.50007457827593
17577,0,infantry_line,254,242.53811405938436
17578,3,infantry_line,240,228.67193705224054
17579,1,infantry_line,300,290.8230010282567
17580,2,infantry_skirmishers,340,338.72013071889313
17581,2,general,255,231.86440851239647
17583,1,general,361,358.36846054304914
17584,1,infantry_light,240,231.50911470902759
17586,3,infantry_line,418,421.19397090294945
17587,2,infantry_skirmishers,289,286.08153223969487
17588,4,cavalry_standard,392,404.96733731970755
17589,1,general,265,283.6745085884417
17590,4,artillery_foot,473,546.4672596220115
17591,3,general,143,189.967207651394
17592,4,general,1135,1046.755718927403
17593,2,general,173,199.8873772691003
17594,1,general,299,301.8817667232003
17595,3,general,276,273.7994706563011
17598,4,general,369,371.85239995664233
17599,4,general,71,92.18484313026045
17600,2,general,539,545.9746477748768
17602,4,infantry_light,371,375.0276093344268
17603,2,infantry_light,820,815.9203735672505
17604,2,infantry_line,478,480.87764996953916
17605,3,infantry_line,184,203.50166427133
17607,1,infantry_line,162,169.20936798088815
17608,4,infantry_line,192,210.25876526584295
17609,0,infantry_line,381,383.5174302164527
17610,4,infantry_line,219,251.9047304217517
17611,2,infantry_line,453,448.6550330706218
17612,3,cavalry_light,412,412.40484176636716
17613,0,cavalry_light,464,475.7243645512837
17614,1,cavalry_light,270,265.17415120605006
17615,1,cavalry_light,271,265.58580567300186
17616,1,cavalry_light,352,359.7103710779149
17617,2,cavalry_light,379,344.8523070190765
17618,3,cavalry_standard,906,962.103129917889
17619,1,cavalry_standard,1204,1192.931047042123
17620,0,cavalry_standard,1027,927.3235202052537
17621,0,cavalry_standard,716,741.0320544494542
17622,0,cavalry_standard,584,580.1951169957563
17623,0,cavalry_standard,548,563.1137452017028
17624,2,cavalry_standard,614,609.9531590474195
17625,3,cavalry_standard,283,378.24496367937496
17626,4,general,125,147.87924753369785
17627,2,general,844,744.373193287025
17628,1,general,510,505.3510069805852
17629,0,general,1277,1263.3081121094274
17630,1,general,309,343.05785762144654
17631,0,general,338,342.4148902949029
17632,0,general,120,154.9214253987403
17634,2,general,225,240.45840453946235
17636,1,general,676,686.7608038292306
17638,4,general,267,285.3777020617464
17639,3,general,377,376.8331704246387
17641,3,general,1015,987.023865833426
17642,4,general,994,910.3832719932633
17643,2,general,920,852.4188759479674
17644,1,general,559,464.6422102261923
17645,0,infantry_grenadiers,1042,959.482651655835
17646,0,infantry_light,361,348.6427461643949
17647,0,infantry_line,218,238.2671308149615
17648,4,infantry_line,246,268.753001960849
17649,0,infantry_line,472,487.111853852049
17650,2,infantry_line,1038,973.7794876381153
17651,2,infantry_line,907,892.8118313315082
17652,0,infantry_line,729,740.046187646503
17653,0,infantry_skirmishers,257,263.73059220906435
17654,0,artillery_horse,649,646.9703665159532
17655,2,cavalry_light,389,407.7865265086838
17656,0,cavalry_light,924,1036.909505997705
17658,4,cavalry_light,430,443.7097487996486
17659,3,cavalry_standard,911,1001.8367923878067
17660,2,cavalry_standard,675,733.489181729784
17662,0,general,517,570.1767272609688
17663,3,general,295,307.20795419624324
17664,1,general,256,277.65773439046325
17665,4,general,987,1108.0404763945437
17666,4,general,708,821.3094222289244
17667,0,general,462,417.8671392142876
17669,4,general,523,479.8438873253439
17670,3,general,256,232.06488211431122
17671,4,general,898,960.1500065822271
17676,4,infantry_light,353,360.0352945907731
17677,0,infantry_light,774,730.4140073513033
17678,2,infantry_light,1020,941.4233823983658
17679,2,artillery_foot,900,888.0685046555528
17680,1,cavalry_standard,1101,1066.1426015553477
17681,4,cavalry_standard,519,530.4431551215063
17682,0,cavalry_standard,628,608.2072417111063
17684,3,general,420,432.7252602389858
17685,3,general,642,601.6031048231921
17686,0,general,911,878.0257076045629
17688,1,artillery_horse,1360,1306.69362264497
17689,1,cavalry_heavy,1845,1717.1924822793012
17690,1,cavalry_light,869,889.3515414372561
17692,4,general,1756,1587.442300811696
17694,4,general,703,717.943676608049
17695,0,artillery_horse,1275,1283.4082560942325
17697,0,cavalry_lancers,1293,1261.5683559217011
17698,2,cavalry_light,1138,1324.641107599813
17699,2,cavalry_light,930,993.216000006962
17701,2,cavalry_standard,1118,1131.0907048934728
17702,4,cavalry_standard,1249,1309.3126616137583
17703,1,cavalry_standard,933,873.5162519347937
17704,3,cavalry_standard,670,770.8508361178177
17705,2,cavalry_standard,1252,1343.654928347381
17706,2,cavalry_standard,979,1015.150468184784
17707,3,general,1051,1090.11925060246
17708,4,general,1131,1098.842132826112
17712,3,general,1416,1454.6505586422406
17713,3,general,1147,1131.7546242485007
17715,4,general,1216,1155.1082703784357
17716,1,artillery_horse,1360,1306.69362264497
17717,2,artillery_horse,169,248.8870516125036
17718,2,cavalry_light,421,430.52834151123966
17719,4,cavalry_standard,534,550.6887555308099
17720,3,cavalry_standard,1160,1119.194936403303
17721,3,general,485,490.78129113503843
17722,4,general,1013,958.9546033708222
17724,0,cavalry_standard,728,739.3747387289701
17725,4,cavalry_standard,1043,1101.4269145049152
17726,1,general,579,565.2136127657403
17727,3,general,893,891.1638206068048
17728,0,general,1066,1087.464296240239
17729,1,artillery_horse,1360,1306.69362264497
17730,1,artillery_foot,375,382.4059121998132
17731,0,general,291,282.5567366320216
17732,3,general,178,177.1754323405317
17733,2,infantry_light,401,395.5897971065463
17734,2,infantry_line,285,280.8027419297472
17735,0,general,104,123.68907632754537
17736,0,general,143,141.46891552054475
17739,4,infantry_line,245,242.5603008011325
17740,2,infantry_line,177,184.9685678190708
17741,1,general,796,657.1548867998215
17742,2,general,406,384.112537316499
17743,0,general,731,590.9230597513664
17744,0,infantry_light,933,797.5102743142281
17745,1,infantry_line,683,553.8099759277189
17746,1,infantry_line,478,443.5161662397889
17747,2,cavalry_light,567,603.9638041075299
17748,3,cavalry_light,338,348.4992452648177
17750,1,cavalry_standard,655,736.6657621918471
17752,3,general,389,447.18731876381827
17753,0,general,518,568.1969579992106
17754,4,general,205,234.36351793332076
17756,4,artillery_foot,356,360.31218262427313
17758,2,artillery_foot,967,1041.429255649478
17759,3,artillery_foot,428,410.0149579957889
17762,4,artillery_foot,418,379.4878441739612
17763,4,artillery_foot,634,696.2432351429234
17764,4,artillery_foot,634,696.2432351429234
17765,4,artillery_foot,634,696.2432351429234
17766,4,artillery_foot,634,696.2432351429234
17767,4,artillery_foot,634,696.2432351429234
17769,0,artillery_foot,558,595.7046122006327
17770,0,artillery_foot,558,595.7046122006327
17771,3,general,199,199.82153325638185
17773,0,general,351,351.35208327129743
17774,2,general,556,573.1269408468356
17775,0,general,351,351.35208327129743
17776,3,general,76,76.10179773496849
17777,3,general,199,199.82153325638185
17778,2,general,927,924.865604212014
17779,3,general,199,199.82153325638185
17780,1,general,700,726.4906436478967
17781,1,general,198,228.1605513273637
17782,2,general,556,573.1269408468356
17783,1,general,718,713.8683624282293
17784,4,general,569,599.4657238140519
17785,2,infantry_grenadiers,365,340.7571653172404
17786,3,infantry_grenadiers,372,314.7030863429217
17787,3,infantry_grenadiers,372,314.7030863429217
17788,0,infantry_grenadiers,367,293.82611810882
17789,4,infantry_grenadiers,370,349.29143162805883
17790,0,infantry_grenadiers,357,373.6855212452083
17791,0,infantry_skirmishers,209,217.79525591975738
17792,2,infantry_skirmishers,206,213.21669325862322
17794,0,infantry_skirmishers,209,217.79525591975738
17795,1,general,487,443.9955845181833
17796,2,general,650,832.1185003333735
17797,2,general,367,397.31823166096206
17798,4,general,252,316.1912532092878
17799,4,general,481,558.4148324200476
17800,1,general,157,200.8002375269508
17801,0,general,1751,1548.2675783598336
17802,3,general,294,365.99919690255456
17803,3,infantry_grenadiers,1272,1399.4900338636817
17805,2,infantry_light,448,446.14718437516603
17806,2,infantry_light,266,307.84967180240517
17807,4,infantry_light,169,225.9080083446075
17808,0,infantry_light,161,172.40296254185546
17809,2,infantry_light,152,167.03759322122346
17811,0,infantry_light,268,317.86936614921996
17812,2,infantry_line,163,181.65008665587825
17813,2,infantry_line,367,426.72690551777777
17814,1,infantry_line,423,449.015912396319
17815,3,infantry_line,233,251.9468538771475
17816,2,infantry_skirmishers,231,225.3717509901181
17817,1,general,262,291.2464565191203
17818,4,general,108,118.9752620670343
17819,2,general,162,204.53778404218914
17820,2,general,386,498.0979712295958
17821,4,general,306,468.1522947568801
17823,0,general,425,471.0516174756775
17824,2,general,379,413.62567654678753
17825,3,general,768,844.622343085507
17826,0,general,379,459.70104919982737
17829,4,infantry_light,255,320.3328000587415
17830,2,infantry_light,200,235.75989399857684
17831,2,infantry_light,824,986.9571137528734
17832,3,infantry_light,456,590.3216552253729
17833,2,infantry_line,206,223.7074364136288
17834,3,infantry_line,339,374.62614680451225
17836,0,infantry_line,446,526.2135109044658
17837,3,infantry_line,283,398.27567699702035
17838,0,infantry_line,492,533.5117507769112
17839,0,general,132,164.60113752625747
17840,4,general,113,145.04435716621265
17841,3,general,253,272.81928578447696
17842,2,general,295,310.5367449199953
17843,0,general,344,361.41675531124724
17844,0,general,115,184.75962916278232
17845,4,general,390,408.9672668785378
17846,4,infantry_line,158,175.24842973544264
17847,1,infantry_line,181,206.3451283164468
17848,2,infantry_line,315,330.149042032834
17849,4,infantry_line,308,296.8557901450264
17850,1,infantry_line,452,470.3196312606885
17851,4,infantry_line,190,247.69597723964847
17852,4,general,24,57.123832423850246
17853,2,infantry_line,247,260.90406227179466
17855,1,general,112,175.86639936976712
17856,3,general,7,41.381745209946075
17857,4,infantry_line,122,127.03042917259093
17859,4,general,258,307.9184963213894
17860,4,infantry_line,329,369.53245438623213
17861,3,infantry_line,230,277.19596269060327
17862,1,general,197,222.6602467913946
17863,3,general,285,318.0652956754387
17864,2,general,142,210.10015466553816
17866,2,general,284,329.97430156751966
17867,4,general,615,645.5105896309141
17868,1,general,271,318.0867054878918
17869,4,general,685,734.125798248768
17870,3,general,286,266.8743619571744
17871,0,general,444,456.29244236740783
17872,3,general,221,211.94910066014404
17873,2,general,970,1022.6405218413371
17875,1,general,152,191.3142869880375
17876,2,infantry_grenadiers,734,760.1901217119582
17877,1,infantry_light,538,619.185613590002
17878,3,infantry_light,230,266.0094767968742
17879,4,infantry_light,223,266.8504272085686
17880,1,infantry_light,285,297.0414786149742
17882,3,infantry_line,242,271.69295502513773
17883,0,infantry_line,165,223.89447994561706
17885,0,infantry_line,279,303.7607169562178
17886,0,infantry_line,211,223.18597162049358
17887,2,infantry_line,418,432.2825252346536
17888,0,infantry_line,338,381.9264752802572
17889,2,general,118,155.8541377255522
17890,0,general,119,131.73054444330984
17891,4,general,275,302.72810438401814
17893,0,general,109,175.85703758234305
17894,0,general,150,168.71642019100204
17895,3,general,204,269.45971860635154
17896,1,infantry_light,294,356.6641256904964
17897,3,infantry_light,275,338.9820559870899
17899,0,infantry_light,222,247.86378019543798
17900,2,infantry_light,191,215.86475172608607
17901,2,infantry_light,213,244.77989480437734
17903,3,infantry_line,212,283.3276476753934
17905,3,infantry_line,160,185.02290145893463
17906,4,infantry_line,137,144.61945214465229
17908,0,infantry_line,125,140.93543896537432
17909,2,infantry_line,151,180.88294477672017
17910,2,infantry_skirmishers,505,460.41269640310446
17911,1,general,114,152.04073227951017
17913,2,general,169,216.24524810459562
17915,4,general,287,402.54701848801835
17916,4,general,424,457.27451254902303
17917,4,general,158,205.64359753633752
17920,0,infantry_light,682,765.7228530048409
17921,2,infantry_line,189,212.79402182200755
17923,0,infantry_line,221,256.44617280558776
17924,4,infantry_line,357,370.1322968395499
17927,1,general,82,107.01050150865875
17929,3,infantry_line,168,217.74927331417857
17930,4,infantry_line,153,174.73528233419597
17931,1,infantry_line,145,171.31213874855152
17932,0,infantry_line,234,247.55687967543298
17933,2,infantry_line,184,210.1740463529358
17934,2,general,332,389.29457087610643
17935,2,general,223,243.5208048410246
17936,1,infantry_line,302,331.9634088211266
17937,4,infantry_line,270,301.83111491527876
17938,1,general,284,276.5437168008577
17939,4,general,439,406.49607893444056
17940,3,infantry_line,413,391.09316179498757
17941,1,infantry_line,341,343.9989188978238
17942,2,cavalry_heavy,2663,2843.78883151567
17944,4,cavalry_light,878,744.5188505616867
17947,3,general,1258,1233.6447701658237
17948,3,general,815,681.1169154340325
17949,2,general,730,732.3874032803299
17950,0,general,103,156.21165327188712
17951,0,general,2417,2552.9399670426437
17952,3,general,33,39.03575025943752
17953,4,general,224,253.62113439131699
17954,0,general,483,526.4312817321363
17955,2,general,168,258.79985536005967
17956,2,general,379,319.9938966399432
17957,1,infantry_light,333,442.0562755604063
17960,4,infantry_light,341,425.78089749656925
17962,0,infantry_line,228,259.25396913352523
17963,1,infantry_line,167,188.49891584865176
17965,1,infantry_line,234,259.92655443513934
17966,3,infantry_line,222,255.57983475372995
17967,3,infantry_line,229,252.03670668737198
17968,4,infantry_line,406,417.6083418609535
17969,2,infantry_militia,124,134.12575753835083
17970,4,infantry_militia,245,238.8616760218162
17971,2,infantry_skirmishers,315,296.74399942840114
17972,1,cavalry_lancers,569,596.9422282599752
17974,3,general,217,242.16087546514103
17975,1,general,421,451.7142051829382
17978,1,general,199,174.82372002238537
17979,0,infantry_line,418,453.5666707580769
17981,4,infantry_line,221,252.0759279715615
17984,0,infantry_line,168,193.26905685062653
17985,1,infantry_militia,62,87.78855707053415
17988,4,cavalry_heavy,1412,1656.0527634122643
17989,1,cavalry_standard,554,555.173436808232
17990,1,general,1544,1793.4271806445074
17991,4,infantry_line,547,496.5573722987198
17992,2,infantry_line,205,238.14786024128784
17994,3,infantry_militia,165,162.6643227164105
17995,2,infantry_militia,242,239.70802380100324
17996,1,cavalry_heavy,1724,1948.2310414335714
17997,0,cavalry_lancers,1162,1175.9550666316209
17999,1,cavalry_standard,623,645.4304452235093
18000,4,cavalry_standard,404,456.28000093768895
18001,1,cavalry_standard,805,858.5655295336915
18002,1,cavalry_standard,853,847.6632838208075
18003,4,cavalry_standard,1132,1101.4269145049152
18004,1,cavalry_standard,609,613.2630971085335
18006,2,general,769,675.7761642536742
18007,3,general,1100,1146.4422551635957
18009,3,general,180,114.84510665247262
18010,1,general,338,405.49925447813825
18011,2,general,1069,1065.4693621769056
18012,2,general,470,457.5186963462612
18013,3,general,993,966.0856884992819
18014,2,general,604,630.3985831157321
18015,0,general,693,672.3350205465119
18016,4,general,889,852.0347549006983
18017,4,general,1703,1914.6431072649616
18018,4,general,693,783.3580901359547
18020,2,general,289,293.0680496921232
18021,0,infantry_light,258,290.195516690024
18022,1,infantry_light,382,478.1897370567822
18023,2,infantry_line,346,361.2202382123751
18026,3,infantry_militia,145,162.6251226734066
18027,3,infantry_militia,132,153.682782207616
18028,3,infantry_militia,196,188.21086697670233
18029,2,cavalry_lancers,927,981.6128763676168
18030,1,cavalry_lancers,1087,1137.7078190280613
18032,0,cavalry_standard,1056,1012.2813508047716
18034,0,cavalry_standard,811,784.0134999872522
18035,4,cavalry_standard,596,598.3231752630616
18036,1,cavalry_standard,439,487.71116862537934
18038,3,general,913,889.9898687989066
18040,4,general,368,400.4822513073534
18041,4,general,331,386.5264154782946
18043,2,general,926,991.0036866996704
18046,2,general,938,974.7220288717822
18047,1,infantry_light,259,268.6927214467204
18048,1,infantry_light,241,286.5805680458278
18049,0,infantry_light,279,327.6111653793311
18050,4,infantry_line,190,222.0321387297144
18052,3,infantry_line,117,143.77073685929696
18053,2,cavalry_standard,982,951.2965682036311
18054,3,cavalry_standard,862,923.7932004846419
18057,4,cavalry_standard,769,805.3223199509578
18058,4,general,603,629.9262934451547
18059,4,general,799,772.1313623700688
18061,1,general,468,490.1251798590801
18063,2,general,681,700.3994768560034
18064,0,infantry_line,203,233.70054808308717
18065,1,cavalry_standard,849,887.9806675865549
18066,4,cavalry_standard,505,536.3733461600264
18067,0,general,365,388.22255382785056
18068,3,general,696,754.828584560037
18070,1,cavalry_light,755,723.9373116360666
18071,0,general,729,701.5704209946116
18072,0,general,687,660.6787974297151
18073,4,cavalry_light,327,339.2272257512171
18074,1,cavalry_light,775,710.1048572132519
18075,2,general,223,257.52471157572654
18076,2,general,789,732.4704978732152
18077,0,cavalry_light,920,775.2078093690865
18078,0,cavalry_light,807,696.7069898332228
18079,4,general,790,644.7241124950879
18080,0,cavalry_heavy,1117,1294.2957089208471
18081,1,cavalry_heavy,755,1081.2294734355921
18082,4,cavalry_standard,754,771.2249393963901
18083,1,general,923,1030.9345396281747
18084,1,general,798,792.1553725064405
18085,4,general,572,565.1438261867333
18087,2,infantry_light,311,384.4128138345106
18088,3,infantry_light,363,424.01971153521123
18089,3,cavalry_lancers,668,658.5474696331436
18090,3,cavalry_light,281,293.8688246344169
18092,0,cavalry_light,366,374.7387307283807
18093,1,general,482,485.0027653666131
18094,2,general,519,506.65799387524294
18095,1,general,248,251.8717014031704
18096,2,general,220,239.7054476086237
18097,4,general,163,172.5352813508371
18098,3,infantry_line,224,256.0531124962102
18100,1,infantry_line,241,282.28584563971935
18101,0,infantry_skirmishers,379,264.55643443047325
18102,4,cavalry_heavy,1567,1755.2044452075202
18103,0,cavalry_light,801,759.8918080876181
18104,2,cavalry_light,1047,992.7868798337103
18105,0,cavalry_light,447,470.7424698256494
18106,4,general,902,853.9499932993782
18107,2,general,1585,1753.372412824081
18108,1,general,491,530.8691518377977
18110,2,cavalry_lancers,505,493.2487505160075
18111,2,cavalry_light,861,727.2367863290185
18112,2,cavalry_light,304,298.62396327006627
18113,2,cavalry_standard,538,555.9863830147984
18114,1,general,498,516.1952448414642
18115,4,general,688,702.537923670107
18116,0,general,798,668.1978289894913
18117,4,cavalry_light,697,651.8396265779528
18118,4,general,547,501.02366681995545
18121,2,artillery_foot,739,912.6921900702047
18122,3,artillery_foot,545,709.6806124374403
18124,1,artillery_foot,279,366.0514031715477
18125,2,artillery_foot,642,832.1992514541043
18127,4,artillery_foot,471,642.2448328073688
18129,0,artillery_foot,351,446.9205915273042
18130,1,artillery_foot,279,366.0514031715477
18131,1,artillery_foot,523,677.3458448592968
18132,4,artillery_foot,989,1166.958635224434
18135,0,artillery_horse,1262,1263.938393373006
18137,0,artillery_horse,1255,1261.083051555045
18138,3,artillery_horse,2627,2252.330100529911
18139,1,general,199,199.740275525556
18140,4,general,1014,1211.2471558257414
18141,1,general,351,350.94537311640204
18142,1,general,651,789.0734374505192
18143,1,general,351,350.94537311640204
18144,0,general,1182,1211.5169816120404
18146,1,general,1634,1616.058593584582
18147,1,general,199,199.740275525556
18148,1,general,199,199.740275525556
18149,2,general,76,75.73189871871635
18150,1,general,199,199.740275525556
18151,4,infantry_grenadiers,353,346.25125410609655
18152,4,infantry_grenadiers,353,346.25125410609655
18155,3,infantry_line,84,111.03857224509123
18156,4,infantry_skirmishers,238,247.61983700372744
18157,4,infantry_skirmishers,388,348.52430298139245
18158,0,artillery_horse,404,415.7590837180758
18159,4,cavalry_light,1026,1060.9873864933231
18160,0,cavalry_light,692,680.0010670381516
18161,3,cavalry_light,639,550.8239789456545
18162,0,general,638,631.4565576912772
18163,2,general,102,111.26079606034281
18164,4,general,257,226.53278106297404
18165,0,general,886,911.4594568144287
18166,4,general,584,521.6529475129141
18168,0,general,705,648.2983558512316
18169,2,general,673,692.9012717265069
18170,4,general,220,214.70053833358853
18171,2,general,1174,1059.4496196669083
18172,1,infantry_light,646,636.3680854445935
18173,1,infantry_light,255,242.04183650110187
18176,0,infantry_light,289,287.6175688823117
18177,3,infantry_skirmishers,178,135.39647940136155
18178,3,artillery_horse,790,801.0427989768824
18179,2,cavalry_light,1176,1239.3354439948557
18180,4,cavalry_light,860,842.0869557452322
18181,3,general,981,1032.499346287373
18182,0,general,961,911.4355522107579
18184,1,general,1095,1059.2382088749878
18185,4,infantry_grenadiers,954,888.9867189828964
18187,3,general,1069,1028.2770558921845
18188,3,general,616,660.2993694277615
18189,3,infantry_grenadiers,850,828.5157305279347
18190,4,infantry_grenadiers,604,580.6893115964723
18191,0,general,556,543.4152512300299
18192,3,general,469,448.7360823923875
18193,0,general,1023,1111.7701468047999
18194,1,general,479,454.3611312170111
18196,4,infantry_grenadiers,948,1014.4797477475736
18198,3,infantry_line,475,423.98341339712164
18200,0,general,231,234.07292664359545
18201,4,general,144,156.86484346116205
18202,1,general,357,348.44375663847967
18204,4,general,138,132.3707666014708
18206,0,general,753,708.6989319302182
18207,2,general,424,400.57260205121287
18209,4,general,102,107.42276189604952
18211,0,general,571,532.0225302948123
18212,1,general,635,653.6131367847004
18213,0,infantry_light,244,233.1254465802856
18215,0,infantry_light,295,308.7580555199196
18216,3,infantry_light,336,353.5166462694505
18217,0,infantry_line,196,192.49532279641616
18218,3,infantry_line,302,266.22183224972065
18219,1,infantry_line,673,639.148379584769
18220,4,infantry_line,355,336.41348995327655
18221,0,infantry_line,396,369.49385070892043
18222,4,infantry_line,207,204.62878280038382
18223,2,infantry_line,590,586.1508101984949
18224,1,infantry_skirmishers,195,200.10928506662498
18226,0,cavalry_light,657,626.2139275494904
18227,2,general,96,107.39715556713159
18229,2,general,173,166.21354743480632
18230,0,general,134,127.70495735726031
18231,0,general,618,573.2442050771813
18232,2,general,810,798.933268829226
18233,0,general,419,436.4415825732489
18234,2,infantry_line,240,220.2806301716871
18236,4,infantry_line,412,411.2753748099948
18238,3,general,133,121.37177610224975
18239,2,general,827,761.9863222410999
18240,1,general,170,147.80795881517327
18241,1,general,38,43.257835320002144
18242,3,general,734,661.8095936486123
18243,0,general,872,810.0646575265838
18244,1,general,662,655.3754162361428
18245,1,infantry_light,573,558.0127519608193
18246,1,infantry_line,144,132.57648705529155
18251,1,general,281,309.672864197571
18252,1,general,836,772.7770370511266
18253,4,general,235,243.4080191974612
18254,3,general,494,454.3363478884911
18256,1,general,284,288.1067290329722
18257,4,general,136,154.61584730249166
18258,4,general,100,101.49261244396939
18260,4,general,1304,1138.8737717781466
18262,1,infantry_light,157,140.54793575943776
18263,4,infantry_light,168,154.71108188538582
18264,0,infantry_light,212,190.12352360681336
18265,0,infantry_line,605,553.249148753586
18266,1,infantry_line,756,705.9909276574977
18268,4,infantry_line,897,818.3484865550271
18269,4,infantry_line,278,270.4686400449617
18270,3,infantry_skirmishers,247,235.05858412825083
18271,2,general,155,169.01996936604863
18272,3,general,114,123.845933358638
18273,3,infantry_line,217,215.76907027069058
18274,3,general,383,393.51943573688874
18275,3,infantry_line,486,494.2175168566318
18277,0,infantry_line,216,209.31506949269627
18278,2,general,558,559.7865827061463
18279,4,general,617,619.5853370474424
18280,4,infantry_line,522,514.3550727094579
18281,1,cavalry_light,634,581.5180561463219
18282,4,cavalry_light,505,522.4967245234034
18283,0,general,411,427.6314769221773
18287,0,general,375,393.24004641813406
18288,0,general,228,248.5291012006008
18289,1,general,489,441.0204589193929
18290,0,general,281,304.3209625095467
18291,0,general,472,464.1114371530804
18292,3,infantry_line,202,195.54998847087546
18293,3,infantry_line,250,269.64533980758165
18295,2,infantry_line,243,243.35558264090434
18297,2,cavalry_lancers,669,741.1930734791887
18298,2,cavalry_lancers,632,733.594592591158
18299,4,cavalry_light,927,902.3781592206816
18300,0,cavalry_light,809,813.112646930116
18301,0,general,611,713.1967861867831
18302,4,general,966,932.8871583137777
18303,1,general,74,86.31091011662464
18304,2,general,95,99.80249494646134
18305,1,general,831,814.394945922895
18306,3,general,1,1.0
18308,0,general,483,577.6202313434593
18309,4,infantry_line,161,149.46393769916094
18310,2,infantry_line,176,176.6865698659765
18311,4,infantry_line,108,83.37223360347598
18312,0,cavalry_lancers,669,714.6230378512671
18313,2,cavalry_lancers,761,834.4840697859197
18314,1,general,521,559.5200339019594
18315,1,cavalry_lancers,782,758.3268231834943
18316,2,cavalry_lancers,601,704.1150884306323
18317,4,general,668,654.2461617180464
18318,0,cavalry_lancers,724,804.6035947085535
18319,2,general,720,836.5234226666918
18320,4,general,270,277.56296304537136
18321,3,general,603,659.3034611564016
18322,4,general,619,630.4097363090973
18323,1,general,335,335.91654056670757
18324,4,general,543,556.0107525495445
18325,4,general,747,726.6445759372177
18327,1,infantry_grenadiers,326,336.5528714337184
18328,0,infantry_grenadiers,714,769.2431659365004
18330,0,infantry_grenadiers,663,683.8331384661959
18331,0,infantry_grenadiers,511,538.2317842874061
18332,1,infantry_grenadiers,700,716.6069989036282
18333,2,general,319,365.8109883220753
18334,2,general,605,583.8738431112774
18335,0,general,169,230.3939393946804
18336,1,general,208,215.96167482956696
18337,2,general,461,454.0886418212027
18338,2,general,233,239.79531452358682
18339,3,infantry_grenadiers,576,585.0931642425144
18341,0,infantry_grenadiers,384,424.82648463932594
18342,0,infantry_grenadiers,319,303.84006011856536
18344,3,general,77,83.03270159860129
18345,2,general,77,78.6721356361243
18346,2,general,200,207.04591711274406
18348,1,infantry_line,151,134.25477273889925
18349,2,general,50,51.29331352652278
18351,4,general,239,222.87984846751914
18352,0,infantry_line,156,139.68829560909612
18354,4,cavalry_light,680,632.9760178406221
18355,2,general,51,50.38469571152054
18356,2,general,537,507.0217465308252
18358,4,general,192,202.90316710033449
18359,3,general,108,119.13644411269317
18362,2,infantry_line,217,207.59517874229692
18363,3,infantry_line,364,398.81827572210784
18364,1,artillery_foot,715,655.5174603236201
18365,0,artillery_foot,529,516.7138811712119
18367,4,artillery_foot,425,400.77918455855576
18368,0,artillery_foot,104,183.7001238354981
18369,0,artillery_foot,418,487.1874149741685
18370,0,artillery_foot,266,259.30591112609693
18371,2,artillery_foot,549,489.2948273499452
18372,2,artillery_foot,603,548.3262987354309
18373,1,artillery_foot,680,681.455658622129
18374,3,artillery_foot,222,228.8044149618749
18375,1,general,1232,1219.5525911265736
18376,4,general,659,705.2731987603887
18377,3,general,629,556.9518202235668
18378,4,general,1,1.0
18379,3,general,177,177.61914067233937
18380,3,general,177,177.61914067233937
18381,3,general,177,177.61914067233937
18382,1,infantry_grenadiers,293,356.8470623694227
18383,1,infantry_grenadiers,293,356.8470623694227
18384,2,cavalry_light,812,788.2580817823263
18386,0,general,1129,989.3811902687195
18387,4,general,247,178.17277482053788
18388,2,general,709,622.9244186186578
18389,3,general,1885,2083.892963580752
18390,2,general,610,547.7402212397566
18392,4,general,1010,948.4238966953624
18393,4,infantry_grenadiers,1634,1859.1428783040028
18394,3,infantry_light,735,744.8183223183723
18395,4,infantry_light,733,721.6602135783626
18397,3,infantry_skirmishers,472,477.3969974870903
18399,0,general,131,84.94032349169245
18400,2,general,284,242.3962968927876
18401,0,general,243,247.16929275858223
18402,4,general,476,403.72412426544656
18403,3,general,394,395.27680907922945
18404,4,infantry_line,509,562.892044150083
18405,0,infantry_militia,420,397.8976171880258
18407,4,infantry_militia,360,413.4872692257515
18408,3,infantry_militia,298,387.228743553851
18409,2,infantry_militia,231,251.61327303850823
18410,0,general,291,221.89769092777348
18411,4,general,185,133.01076921594137
18412,1,infantry_militia,242,261.2401986027045
18413,2,infantry_militia,382,375.3168638842945
18415,1,cavalry_heavy,723,634.7756931112326
18416,4,general,2706,2793.0727120048646
18417,1,general,556,494.26276343518
18418,2,cavalry_light,531,516.3699560529805
18419,4,cavalry_light,626,580.2350132588257
18420,0,cavalry_light,659,670.1113815665855
18422,0,general,508,457.2378517545326
18424,1,general,34,1.0
18425,3,general,206,155.85549694927326
18426,1,general,73,31.375412324264545
18427,2,general,125,78.2272731887517
18428,1,infantry_militia,142,184.85797457142283
18429,0,infantry_militia,127,128.7142264237223
18431,3,general,120,95.08437659053205
18432,2,general,189,127.26307366540138
18433,3,general,41,1.0
18434,3,general,84,38.03327086468959
18436,4,infantry_militia,268,304.80622456968325
18437,3,infantry_militia,136,151.90767963427922
18438,1,general,187,140.8027486441554
18439,1,general,242,186.00010777784232
18441,3,general,671,466.0820347142944
18442,2,infantry_militia,377,318.4809552771981
18444,2,infantry_militia,636,599.9075206734807
18445,3,cavalry_light,976,930.8365696721075
18446,1,general,862,785.1449616026412
18447,0,artillery_foot,550,534.5392939781723
18448,4,general,1,1.0
18449,4,general,462,395.8196185846266
18450,0,cavalry_lancers,811,900.7564393249087
18451,2,cavalry_lancers,747,727.623021606484
18452,2,cavalry_light,736,780.6990021051224
18453,3,cavalry_light,1708,1828.8272320401834
18454,2,cavalry_light,1225,1316.4927094061816
18455,1,general,506,482.5149985119822
18456,1,general,651,711.8926614807847
18457,3,general,606,546.0407831743205
18458,4,general,239,197.03791540126784
18459,3,general,452,412.81433755814345
18461,1,general,717,667.1727789849757
18463,3,general,523,478.4178150147873
18465,3,general,412,334.2688545063047
18466,1,general,1084,1106.8661056670642
18467,1,general,408,378.6661417981129
18468,0,general,536,524.2350079150276
18469,2,general,731,711.4207128421955
18470,1,general,361,321.3871418302493
18472,3,infantry_grenadiers,502,488.23208223797303
18473,4,infantry_grenadiers,476,465.69059648055145
18474,2,infantry_grenadiers,553,526.361823049438
18475,1,infantry_light,772,768.0048005257423
18476,1,infantry_light,474,495.9883288899188
18477,0,infantry_light,352,325.5891645189434
18478,2,infantry_line,535,545.2889835294794
18479,4,infantry_line,493,444.58776965715447
18480,3,infantry_line,638,662.6880843694983
18482,0,cavalry_light,1034,1136.1687784126984
18483,4,cavalry_light,524,572.1796460271443
18484,0,general,239,236.08137379340602
18485,2,general,907,984.4606627138628
18486,2,general,395,412.63172647716726
18487,1,general,70,47.57686809596109
18488,4,general,289,248.50284145169698
18489,4,general,192,180.41263895583435
18490,4,general,106,87.93033342704162
18492,1,general,375,377.8246087857078
18493,1,general,1114,1104.4188366778712
18495,0,infantry_grenadiers,1035,1016.5339469614318
18496,1,infantry_line,176,158.48736712736257
18497,4,infantry_line,391,369.3859817953771
18498,3,infantry_line,297,298.5536391680095
18499,1,infantry_line,556,564.4494896135944
18500,2,infantry_line,445,460.8178910562722
18501,1,cavalry_heavy,1911,2008.2636573435693
18502,3,cavalry_standard,736,670.4734192331433
18504,3,general,625,545.7893014851885
18505,1,general,583,558.4112056309077
18506,4,general,1728,1749.777706181287
18507,1,general,1953,1975.409856351937
18508,3,infantry_light,347,325.038097973557
18509,3,artillery_horse,1015,1029.912170113135
18510,1,cavalry_lancers,635,766.4540116711079
18511,1,cavalry_light,1430,1546.7170130713716
18512,4,cavalry_light,640,687.9252705203183
18513,1,cavalry_standard,1463,1387.5546154514882
18514,2,general,119,119.46001420133224
18515,1,general,427,388.2092845116002
18516,4,general,160,118.23199723821833
18517,4,general,211,166.25489411808414
18519,1,general,156,164.09545465922884
18520,4,general,603,654.5828139602803
18522,2,general,328,282.9503475522244
18523,4,general,160,166.74650025995237
18525,1,general,386,344.6350843529028
18526,3,general,500,439.1188635011747
18527,3,general,546,526.6873913914258
18529,1,infantry_grenadiers,385,387.74308583100986
18530,0,infantry_grenadiers,608,579.2711914626286
18532,2,infantry_light,276,239.46387812156647
18533,1,infantry_light,359,340.4612204690599
18534,2,infantry_light,458,415.58303512863347
18535,0,infantry_light,495,451.81765045221766
18536,4,infantry_line,225,234.5719664016105
18541,4,infantry_skirmishers,127,151.7773926131797
18543,1,infantry_skirmishers,265,247.79076819309068
18544,3,cavalry_lancers,999,1014.4868172467022
18546,1,cavalry_lancers,603,664.2553145833347
18547,0,general,250,225.35949949910218
18548,3,general,216,207.64287763664748
18550,2,general,357,318.41416724996526
18552,2,general,472,492.6747854763771
18553,4,general,329,300.7700236241799
18554,4,general,602,535.8162860514124
18555,1,general,442,375.3463721196641
18556,1,infantry_line,466,446.11218624649945
18557,4,infantry_line,163,134.22708275400103
18558,3,infantry_line,310,297.9537586721997
18559,0,infantry_line,324,329.01661626694073
18560,4,infantry_line,550,505.6040865665651
18561,0,infantry_skirmishers,200,212.22932747636716
18562,3,general,133,121.29072125727949
18563,3,general,155,150.5686170996288
18564,3,infantry_line,201,192.74716919438083
18565,4,infantry_line,255,269.49578729065854
18566,1,cavalry_lancers,1024,1066.1636071396708
18567,3,cavalry_light,1230,1119.0052628614178
18568,2,general,391,342.9358100414217
18570,4,general,550,497.20757550373844
18572,2,general,431,375.08379400328863
18573,2,general,980,1009.5386628074679
18574,4,general,900,926.6924654179714
18578,2,general,669,573.2686160546576
18579,0,general,301,245.8470380518942
18580,4,general,416,399.2192774335806
18581,0,general,794,780.5698468402169
18582,1,general,354,313.89934774006275
18583,2,infantry_grenadiers,539,521.0278864568279
18584,2,infantry_grenadiers,418,396.573378027431
18585,2,infantry_grenadiers,624,636.8181283106875
18586,2,infantry_grenadiers,399,412.35511758284645
18587,4,infantry_light,704,631.2214485389163
18588,2,infantry_line,422,399.9878514605576
18589,1,infantry_line,497,469.969663125438
18590,0,infantry_line,290,286.9919329023936
18591,3,infantry_line,384,370.700920447043
18592,0,artillery_foot,360,353.9660657459625
18593,2,general,209,211.0716858069121
18594,0,general,63,37.20342966917957
18595,0,general,506,497.66875981414944
18596,4,general,616,569.0884756615826
18597,0,general,762,738.0927771981479
18599,1,general,357,383.73484924210754
18600,2,general,569,530.7891022433014
18601,2,general,610,570.8828506853355
18602,3,general,508,486.87080189541297
18603,3,general,543,500.37721126903637
18604,1,infantry_grenadiers,608,560.3667783201576
18605,4,infantry_grenadiers,483,521.1366113237996
18607,0,infantry_grenadiers,672,650.8906524297081
18608,4,infantry_line,166,145.95077201575563
18609,3,infantry_line,254,280.8686001194975
18610,0,infantry_line,671,658.0751376511834
18612,4,infantry_line,491,458.55862346776524
18613,1,general,77,53.352039117245056
18614,2,general,111,103.39430370007788
18615,0,infantry_irregulars,548,624.4951308058647
18616,0,infantry_line,181,164.83544198125142
18618,4,infantry_militia,201,240.36728372624495
18620,1,cavalry_light,858,928.2459050385531
18621,0,general,212,186.10675456020388
18622,2,general,651,627.1157412282668
18623,0,general,736,791.2334942702264
18626,0,general,186,164.77454348731365
18627,2,general,546,544.0368785923077
18628,2,general,390,381.4805456282879
18629,3,general,446,445.70188492131143
18630,4,general,391,371.77639914447855
18631,2,infantry_line,318,304.64648745153215
18632,1,infantry_line,292,283.93088595827953
18633,0,infantry_line,498,492.9734196718791
18635,4,cavalry_heavy,1739,1923.2369413039644
18639,0,general,171,146.1064817444641
18640,1,general,396,369.4053475663996
18642,1,general,365,323.38110422373575
18643,2,general,2329,2475.2955979094763
18646,3,general,571,554.6874719073687
18647,1,general,639,622.5131838037945
18648,4,general,498,436.1458208309998
18649,1,infantry_light,431,454.8599490326181
18651,3,infantry_light,242,192.89797707757128
18652,3,infantry_light,343,335.47143250233387
18654,3,infantry_line,251,244.0432888214892
18655,2,infantry_line,279,265.0601730616852
18656,3,infantry_line,680,688.0600546336357
18657,0,infantry_militia,61,92.83914907157259
18658,3,artillery_foot,350,355.74928373885047
18659,0,cavalry_standard,821,836.346180233305
18660,0,cavalry_standard,1598,1466.9224933674047
18662,2,general,712,715.4529533824428
18663,3,general,1369,1240.1954004733545
18664,1,infantry_grenadiers,420,458.8033659035437
18665,3,cavalry_heavy,1874,1924.8979644483484
18667,2,general,1808,1826.6195128159595
18668,3,general,1917,1929.5860064420106
18669,1,general,791,839.6773092022752
18670,0,cavalry_heavy,2650,2514.4761303999717
18671,3,cavalry_heavy,1763,1838.0998203244105
18672,1,cavalry_heavy,2046,2059.9822018104364
18673,3,cavalry_light,833,910.8046799228584
18675,0,general,782,846.5304158175412
18676,4,general,1589,1620.8876536820196
18677,4,general,2324,2166.5720404960057
18678,1,general,2541,2377.4292382882873
18683,4,cavalry_heavy,1805,1845.1672512287635
18684,0,general,1744,1684.8982646792695
18685,0,general,1738,1802.0378207904923
18686,0,artillery_foot,249,295.21013604501843
18687,3,cavalry_heavy,1748,1906.6113737073863
18688,0,cavalry_heavy,1976,2000.5207736089194
18689,2,general,1511,1583.6587625619927
18690,0,general,207,159.89188682691233
18691,2,general,455,356.0990335193011
18692,1,general,492,440.74433468129047
18693,1,general,167,197.69905323400278
18694,2,general,178,143.49440269427566
18695,3,general,1717,1678.8604086653784
18696,3,general,1577,1699.586730295521
18697,2,general,321,269.2603398537804
18698,4,general,573,480.6521138599767
18699,0,infantry_grenadiers,458,461.7892222473057
18700,1,infantry_light,363,305.4057590248079
18701,2,infantry_line,310,276.5469531466307
18702,1,infantry_line,282,256.40423268614165
18703,4,infantry_line,641,570.0208601667703
18704,3,infantry_line,389,341.4564401599289
18705,4,general,109,86.34514532364932
18706,0,general,265,211.76970386933473
18707,2,general,690,615.4217749342055
18708,3,general,188,171.25194305057974
18709,1,general,540,517.2630363675394
18710,3,infantry_grenadiers,649,589.5760928001902
18712,1,infantry_line,255,238.55722267978462
18713,1,infantry_line,219,200.03799746636298
18714,1,infantry_line,528,502.87406877145395
18716,3,artillery_horse,89,126.4828237115124
18717,0,cavalry_light,808,825.2003199003935
18718,2,general,656,632.1987979550414
18719,0,cavalry_heavy,861,1565.1740826591713
18720,1,general,661,1400.1852724688242
18721,1,artillery_foot,327,328.87443752801914
18723,2,general,85,55.107248877852
18724,0,general,447,414.32791856276594
18725,2,infantry_grenadiers,512,465.64045050810415
18726,1,infantry_line,192,164.6079336217361
18727,1,infantry_line,167,140.81691655175683
18728,2,artillery_foot,40,79.85041815456229
18729,4,general,162,126.9165288212964
18730,1,general,183,142.19921301134312
18731,4,infantry_line,265,241.40403187806874
18732,0,infantry_line,206,176.73416731061232
18734,1,infantry_skirmishers,236,235.74125838133952
18736,0,artillery_foot,705,697.5246942958948
18737,3,artillery_foot,467,399.1297673288462
18738,4,artillery_foot,480,425.0580200915482
18739,4,artillery_foot,600,692.6968645966896
18740,1,artillery_foot,268,285.7047884255379
18741,2,artillery_foot,776,676.8149225269216
18742,0,artillery_foot,61,101.64343429687604
18743,0,artillery_foot,406,445.5688711763933
18744,0,artillery_foot,567,574.1043410536377
18745,2,artillery_horse,1057,1060.7476934207073
18746,2,artillery_horse,684,689.0182302910929
18747,4,general,1,1.0
18749,2,general,444,359.44841779871706
18750,4,general,1,1.0
18752,0,general,1195,1147.1363477814104
18753,4,general,1,1.0
18754,1,infantry_grenadiers,420,458.8033659035437
18755,1,infantry_grenadiers,420,458.8033659035437
18757,1,general,828,789.6454321199265
18758,1,general,1244,1199.0000394388237
18759,3,infantry_grenadiers,952,953.5333701833799
18760,0,infantry_grenadiers,608,580.6537152841287
18762,3,infantry_grenadiers,861,835.8730497859273
18763,1,general,860,711.1799309809203
18765,4,infantry_light,851,773.3316855327731
18766,0,infantry_line,567,494.10199904996927
18767,0,cavalry_lancers,823,730.5137316145066
18768,0,cavalry_lancers,823,763.2815395247474
18769,2,cavalry_light,723,777.2088918717214
18770,0,general,571,610.9499466486426
18771,0,artillery_foot,755,810.2909603250505
18772,1,general,845,914.8516919607448
18773,2,general,638,650.2052871074989
18774,2,general,669,570.198477518575
18775,3,infantry_grenadiers,682,737.1462680264261
18776,3,infantry_grenadiers,692,717.1882772628859
18777,1,infantry_line,778,698.6366594179631
18778,4,general,482,503.4696693443315
18779,2,general,847,804.7302555816024
18780,1,general,223,197.5947711594349
18781,2,infantry_grenadiers,703,695.8318218737076
18782,4,infantry_grenadiers,528,575.1326351312347
18783,0,infantry_line,327,317.5481195110772
18784,3,artillery_foot,484,514.2029497793311
18785,4,general,1691,1485.759628105468
18787,2,general,1808,1502.5482465659115
18788,3,infantry_grenadiers,1594,1825.467948266491
18789,1,infantry_line,1828,1633.7698565867881
18791,2,general,350,323.3854891806636
18792,3,general,1616,1416.2011337294375
18793,1,general,1508,1359.2888853099807
18794,0,general,2189,1994.6264024115421
18795,0,general,1486,1369.5402905776098
18796,1,infantry_line,1644,1566.6450026470723
18797,3,infantry_line,1630,1502.8295202136742
18799,0,general,148,110.79081357956525
18800,3,general,570,503.1547641726058
18801,3,general,884,837.6739625973158
18802,4,general,946,889.3078636864894
18804,0,infantry_line,415,372.0957018961255
18807,2,infantry_line,681,630.310843749009
18808,2,general,357,331.7084307417577
18810,2,general,558,481.22763645903734
18811,4,general,778,684.6708403374864
18813,1,general,307,246.47331182563147
18815,1,infantry_line,604,541.3192456542293
18816,1,infantry_line,416,366.0975090846423
18817,0,infantry_line,422,435.04232103618995
18820,1,general,288,234.70890409334413
18821,3,general,236,190.10893720616247
18822,2,infantry_line,335,310.9621941804871
18823,2,infantry_line,288,263.76295374636607
18824,3,general,311,281.35256279184193
18825,4,general,300,278.0584921055502
18826,1,general,247,226.52675345902247
18827,3,general,469,428.8497836740087
18828,1,infantry_line,351,342.7754542669894
18829,2,infantry_line,411,403.39858011210066
18830,3,general,690,643.448731704703
18831,4,general,622,577.418233101037
18833,2,infantry_line,733,706.2306837018189
18834,2,infantry_line,232,178.39496613287574
18835,2,general,296,273.70139631464934
18836,1,general,354,329.6301414213729
18838,1,general,119,91.0975570396179
18841,3,general,461,424.87127387343503
18843,1,general,342,282.13380831689483
18844,2,infantry_line,498,490.34032834238127
18845,4,infantry_line,452,404.94214264771773
18847,2,general,318,295.25269971692967
18849,1,infantry_line,373,357.11138294487336
18850,1,infantry_line,320,291.1912138092922
18852,2,infantry_grenadiers,942,933.8425954740541
18854,3,infantry_skirmishers,243,258.64812767855784
18855,1,artillery_horse,722,713.6820394500427
18856,2,cavalry_light,641,657.4791826917661
18857,0,cavalry_light,657,744.0219253497926
18859,0,cavalry_light,1330,1448.3865206672176
18861,2,general,500,561.8604409289734
18862,0,general,1359,1461.4897054008138
18863,3,general,502,494.9722827987702
18864,0,general,702,707.1910041263084
18865,4,general,1,1.0
18866,4,general,1,1.0
18867,3,cavalry_heavy,1363,1438.3530593829103
18868,1,cavalry_heavy,1817,1680.9950470522017
18870,3,general,992,1041.3389654205225
18871,1,general,574,455.07701320722447
18872,1,infantry_irregulars,568,535.069827886103
18873,2,infantry_line,1002,1092.3912698003996
18874,4,artillery_foot,1018,920.7037215765912
18876,3,general,1049,1223.4188037268398
18877,3,infantry_grenadiers,1175,1375.6263185096443
18878,1,artillery_foot,1306,1009.7822167688355
18879,4,general,56,57.36575240883397
18880,3,infantry_militia,82,120.1329237795322
18881,3,infantry_militia,147,120.87212863901979
18882,3,infantry_skirmishers,268,490.8482876715765
18883,2,artillery_foot,256,274.2370352501133
18884,3,cavalry_light,1288,1113.0801548741078
18885,2,cavalry_light,1034,1091.7105105052033
18886,4,general,1074,1065.0760935236174
18887,2,general,925,953.6503838524898
18888,3,general,473,462.7507620585931
18889,2,general,76,130.97507471087113
18890,0,infantry_line,398,425.83964309413653
18891,3,infantry_line,164,242.45525810091175
18892,4,infantry_skirmishers,272,325.98699050741084
18893,3,cavalry_light,1123,1130.9514161434502
18894,0,cavalry_missile,486,328.38356796833824
18895,2,general,357,367.99195993377907
18898,4,general,1190,1227.6565540968274
18899,2,cavalry_light,1366,1301.9775292424326
18900,3,general,1167,1111.986465030518
18901,2,cavalry_light,1124,1222.9034320188769
18902,0,cavalry_light,1096,1216.1979612916177
18903,4,cavalry_light,808,927.2468102962704
18905,0,general,907,1015.1720883794479
18906,1,infantry_irregulars,269,225.2502168934063
18907,0,infantry_skirmishers,238,273.46844888094324
18908,4,cavalry_lancers,354,403.8263092703702
18909,2,cavalry_lancers,1156,1084.2068052584725
18910,2,cavalry_light,529,600.4278894846307
18911,0,general,232,275.25396911595567
18913,0,general,1093,1129.4259374141702
18914,4,infantry_line,286,288.4285724779062
18915,2,cavalry_light,218,358.41871912740663
18917,3,artillery_foot,688,633.238302139671
18918,4,general,295,293.12888540151914
18921,3,infantry_skirmishers,171,201.70141009779118
18922,1,cavalry_standard,439,657.5682580236962
18923,0,general,254,11.356090046152588
18924,2,infantry_irregulars,192,145.99156957109645
18925,1,general,95,95.06516631817621
18926,4,infantry_militia,176,180.35941662678167
18927,1,general,1,1.0
18929,1,general,526,523.4911574140662
18930,0,cavalry_heavy,2040,1859.8778227734995
18931,1,cavalry_heavy,2068,1896.0096924881984
18932,3,cavalry_heavy,1286,1273.7074865548875
18933,3,general,1949,1723.2480783904298
18934,4,general,527,509.4666171746304
18935,3,general,176,163.15996037830882
18937,0,general,585,545.1022773800247
18938,1,general,1381,1306.2775836737449
18940,1,general,1064,983.6966695354832
18941,4,general,1337,1346.8141861442032
18942,1,general,1077,1053.7716760551316
18943,1,infantry_line,672,656.3177928315397
18944,0,infantry_line,1464,1506.6760861845896
18945,2,infantry_line,1512,1506.1589749368907
18946,2,infantry_line,610,632.0428417141841
18947,4,infantry_line,245,225.1971107078519
18948,1,infantry_line,977,907.3162407615774
18949,2,infantry_line,1472,1390.8001825322337
18950,0,artillery_foot,1521,1527.9520479356852
18951,0,cavalry_lancers,607,608.8975141423383
18952,3,cavalry_lancers,674,630.7833514950617
18953,0,general,471,466.6313648328203
18954,4,general,535,491.95327298639813
18955,4,general,1396,1384.2829295944946
18957,2,general,694,645.748024383663
18958,3,general,582,563.8173439291015
18959,2,general,1123,1077.7514863692513
18961,2,general,591,605.3330669915991
18962,4,general,365,358.4791891268446
18963,2,infantry_grenadiers,1078,879.5682676037302
18965,4,infantry_line,538,549.3881046393144
18966,0,infantry_line,734,701.3740693147295
18967,0,infantry_line,386,386.36628089847426
18968,4,infantry_line,531,519.6512118810475
18970,0,infantry_line,424,419.5484368967608
18971,0,infantry_line,940,933.4343081786773
18972,3,infantry_militia,201,243.0243076758277
18973,0,artillery_foot,655,746.883831086731
18974,3,artillery_foot,1524,1673.7405572559655
18975,1,cavalry_heavy,1306,1188.5573632627293
18976,2,general,1520,1740.709031239386
18977,1,general,1103,975.3010114626555
18978,3,general,334,309.96234675240726
18979,3,general,384,344.8046017486419
18981,2,infantry_light,341,327.0550518955271
18982,1,infantry_light,1115,977.8873774537851
18983,4,infantry_line,442,404.40716445499737
18984,3,infantry_line,387,369.58926450415925
18985,4,general,933,887.6463577520774
18986,0,general,228,216.15948185235212
18987,3,infantry_line,333,321.2889139691342
18988,4,infantry_line,827,806.1921270923347
18989,4,general,150,171.6141935394567
18990,3,general,315,302.0271540391596
18992,1,general,203,179.72065311498125
18993,0,infantry_line,419,406.5546733861369
18995,0,infantry_line,264,278.4258929129295
18996,1,infantry_line,365,334.7683018000571
18997,3,cavalry_lancers,731,667.7257121546113
18998,2,cavalry_lancers,742,703.5067701055175
18999,4,cavalry_light,621,648.1466167276283
19000,4,general,594,657.8388332507553
19001,1,general,279,296.0467322510377
19002,0,general,704,667.4936373150775
19003,4,general,130,143.87883898733728
19004,3,general,461,462.5410861617625
19005,4,general,767,758.0593653519708
19006,3,general,773,794.321929729557
19007,0,general,681,687.8512132011539
19008,4,general,537,517.6073393990224
19009,0,general,312,298.12064812422966
19010,2,general,1333,1291.035205980452
19011,2,general,579,646.7893660558062
19012,3,general,665,632.1460185872338
19013,3,general,330,306.0808929968555
19014,0,general,940,899.2129578996759
19015,1,infantry_grenadiers,298,203.13984431154333
19016,3,infantry_grenadiers,455,534.8722960287066
19017,3,infantry_line,786,757.8387140403512
19019,0,infantry_line,622,623.753180695934
19020,0,infantry_line,522,514.5224445796625
19021,4,infantry_line,713,717.5087259951026
19022,3,infantry_line,978,982.2068736286799
19024,3,infantry_line,1368,1360.0855110923187
19025,0,infantry_line,372,355.56756927141487
19026,2,infantry_line,835,851.2265508071168
19027,0,infantry_militia,193,253.6367247794114
19028,3,infantry_militia,211,239.7574751158072
19029,4,infantry_skirmishers,269,261.8440513010621
19031,0,artillery_foot,924,934.022589432363
19032,0,cavalry_lancers,361,386.65788843399423
19033,4,cavalry_light,621,648.1466167276283
19034,2,cavalry_light,556,583.0645497945998
19035,3,cavalry_light,765,783.0421372941571
19036,3,general,628,544.1851173262833
19037,4,general,262,203.1940876450645
19038,0,general,431,400.8659849454947
19039,2,general,370,351.09596943401357
19041,0,general,772,684.4151583800508
19042,2,general,265,268.34395628091636
19043,0,general,442,402.8770987280539
19044,2,general,728,725.1279160210521
19046,0,infantry_line,366,371.4760916006147
19047,2,infantry_line,361,332.9581134675216
19048,3,infantry_line,361,359.7884465560995
19049,0,infantry_line,616,631.663387024941
19050,2,infantry_line,566,580.6202864885386
19051,0,infantry_militia,466,476.7181368598531
19052,2,infantry_militia,67,107.5978537874419
19053,4,infantry_skirmishers,301,339.75738289294253
19054,2,cavalry_heavy,1381,1375.1928889808635
19056,3,cavalry_light,765,783.0421372941571
19057,4,general,689,677.7069165798551
19058,2,infantry_grenadiers,887,871.0500643282567
19059,2,infantry_line,152,171.8010404664239
19060,1,infantry_line,808,772.2653413748435
19061,4,general,259,238.5075122930251
19062,0,infantry_line,329,305.05243371934273
19063,1,infantry_grenadiers,793,821.2720830169557
19064,1,artillery_horse,868,844.2281324123707
19066,0,cavalry_light,645,701.824798810357
19067,0,cavalry_light,550,560.1465187972974
19070,1,general,363,313.88851102729586
19073,1,infantry_line,411,353.8990911217862
19074,3,infantry_line,407,409.7469748006164
19075,2,infantry_line,335,329.281150676742
19076,3,infantry_line,476,449.7729113059348
19077,4,infantry_militia,209,212.75929828445163
19079,0,artillery_foot,332,352.3213957933695
19080,2,cavalry_heavy,1381,1375.1928889808635
19081,4,cavalry_lancers,786,778.7581945360314
19083,3,cavalry_light,1137,1162.1571751592032
19086,0,cavalry_light,443,447.87008972300987
19087,4,cavalry_light,461,460.6468503930078
19088,1,general,673,663.4157489037325
19090,4,general,375,431.22324068393146
19091,2,general,590,641.0382554133008
19092,3,general,940,952.4729929504638
19093,2,infantry_line,249,246.72293271451048
19094,2,infantry_line,152,171.8010404664239
19095,0,infantry_skirmishers,292,300.69646831388155
19096,1,cavalry_light,449,460.10139683934176
19097,0,cavalry_light,610,564.0926508105275
19098,4,general,462,433.50276420689875
19099,4,general,315,323.3336850004672
19100,3,artillery_foot,2543,2263.5317999377244
19101,4,cavalry_lancers,894,830.136515645814
19102,2,cavalry_light,500,583.4150588623736
19103,2,cavalry_light,664,579.1090462711295
19104,3,cavalry_light,732,799.9653349367104
19105,3,general,360,440.09894598662964
19106,1,general,578,531.2912405939345
19107,1,general,776,725.0858820663376
19108,3,general,1051,1046.2903793152168
19109,0,infantry_line,290,325.90092095592837
19110,4,infantry_line,869,878.2797729432815
19111,0,infantry_militia,94,85.16374421365789
19114,0,infantry_grenadiers,272,346.37566875179164
19116,0,general,417,406.2315130148313
19117,0,infantry_grenadiers,732,694.7240783013212
19118,1,infantry_line,534,494.0188926414559
19119,1,artillery_foot,1013,1140.8724352370143
19120,2,general,694,607.0523389250402
19122,3,infantry_irregulars,582,533.9502064666551
19123,2,infantry_militia,291,293.0307224154068
19124,3,infantry_militia,263,298.98754685156274
19125,1,infantry_irregulars,356,346.33968722418354
19126,3,infantry_line,132,174.4283238100311
19128,1,cavalry_light,449,460.10139683934176
19129,2,artillery_foot,457,473.70084429769315
19131,3,artillery_foot,518,497.19161553391143
19132,3,artillery_foot,496,529.2778071382937
19134,4,general,351,351.2616153120248
19135,3,general,199,199.82153325638185
19136,4,general,351,351.2616153120248
19137,4,general,351,351.2616153120248
19138,2,general,526,524.9790096350714
19139,3,infantry_grenadiers,382,441.400978653451
19140,2,artillery_horse,1031,1037.4516525712938
19141,3,artillery_horse,539,537.8821315131609
19142,3,general,463,409.7774169184253
19143,4,general,229,229.36858491428623
19144,0,general,352,317.03605904761235
19145,0,general,442,411.21603858401704
19147,0,general,523,471.5574862530622
19148,3,general,975,991.214583648316
19149,0,infantry_light,292,292.1046609320642
19150,3,infantry_light,438,444.5366119911784
19151,0,infantry_light,479,453.5609275856768
19152,4,infantry_light,401,349.87633490064076
19154,1,infantry_line,1098,1117.6686089734267
19155,3,infantry_line,958,952.6814695441138
19156,1,infantry_skirmishers,231,236.6158401414473
19157,2,artillery_foot,350,312.61458284697426
19159,3,cavalry_lancers,774,695.7872675162865
19160,4,cavalry_light,1150,1055.4144611919914
19162,0,general,1151,1041.6038903568797
19163,0,general,316,310.67048043233916
19165,3,general,789,838.9666946950053
19166,4,general,780,737.3691861666789
19167,0,infantry_light,719,709.0577839570715
19168,2,infantry_line,413,413.02158620745826
19170,2,artillery_foot,1199,1214.841257313053
19171,1,artillery_foot,75,106.92329729113416
19172,4,artillery_horse,115,164.60156818017614
19173,4,cavalry_lancers,584,543.6845615097145
19174,3,cavalry_light,500,501.11301102216004
19175,3,cavalry_light,901,906.7785661311067
19177,2,general,341,369.9019600013787
19179,0,general,816,815.9686749931158
19180,4,infantry_line,345,351.78988343115816
19181,0,infantry_line,273,297.98707933307446
19182,0,artillery_horse,405,415.7590837180758
19183,2,general,271,288.9450614265627
19185,4,cavalry_light,652,630.4340734514623
19186,4,cavalry_light,1103,1024.382456893836
19188,0,general,1297,1240.7084697731818
19189,0,general,988,1016.8054278951955
19190,0,general,581,570.0393958309573
19191,1,cavalry_heavy,2534,2440.756554609375
19192,2,cavalry_heavy,2344,2449.9590548682922
19193,2,cavalry_heavy,662,947.1940884160401
19194,3,cavalry_standard,937,891.2458079607516
19195,4,cavalry_standard,1045,978.2704660205982
19196,4,general,407,402.42980214943145
19197,4,general,2288,2237.8466811500352
19198,3,general,765,717.2757825426027
19199,3,general,2110,2207.585000906765
19201,0,infantry_line,454,456.00800878045226
19202,2,artillery_horse,1379,1342.472249582101
19203,0,artillery_horse,1047,1075.373454376899
19205,2,general,1371,1411.8549466081195
19206,3,general,332,324.45235217873613
19207,2,general,854,845.2936062521629
19208,4,infantry_grenadiers,855,807.9265283561615
19209,1,infantry_line,388,376.772770232918
19210,0,infantry_line,345,340.1749806348463
19211,4,infantry_line,338,350.7400186786958
19212,0,infantry_line,764,755.2344314929514
19213,1,cavalry_lancers,735,709.5968860016685
19214,2,cavalry_lancers,465,462.23093225811834
19215,4,cavalry_lancers,471,441.27149190391884
19216,3,cavalry_lancers,528,492.37320432328994
19217,0,general,417,423.265776809871
19219,3,infantry_light,316,319.3123124342296
19222,0,infantry_line,703,686.596163811502
19223,2,general,378,355.4044180952448
19224,1,general,965,870.1976279596012
19225,0,infantry_grenadiers,908,809.3423710026824
19226,4,infantry_line,431,396.9692356718689
19227,1,cavalry_lancers,445,426.1728377176919
19228,2,general,206,229.4389391796372
19231,3,infantry_line,266,279.8730933854124
19232,2,general,265,270.527354732518
19233,3,general,248,265.5690661264907
19234,3,infantry_line,348,362.0997584648223
19236,0,general,329,318.3303449415604
19237,1,general,236,244.27876128953932
19238,3,infantry_line,434,418.653287720342
19239,2,infantry_line,295,296.19510517844407
19240,4,artillery_foot,928,870.2384570763742
19241,4,general,828,773.3632212109698
19242,1,cavalry_standard,939,878.1634155363231
19244,0,general,767,726.7133988195308
19246,3,infantry_line,376,381.8921663876131
19247,3,infantry_line,681,651.2517456953861
19248,1,general,782,694.1306640953586
19249,4,general,297,302.59385566125627
19250,1,infantry_grenadiers,813,746.009987641595
19251,3,infantry_line,386,403.0997651311886
19252,0,general,269,258.00954913111127
19254,4,infantry_grenadiers,768,704.8425753331964
19255,0,infantry_line,173,155.80420750578173
19256,0,infantry_line,259,249.0011342010062
19257,4,infantry_line,379,376.2187742932089
19259,0,general,173,190.5237124015697
19261,0,infantry_irregulars,166,192.81143032368823
19262,3,infantry_line,212,233.23429767366315
19263,1,infantry_line,312,312.24509427577107
19264,1,infantry_line,200,204.37770304819182
19265,3,infantry_line,360,357.43840648040424
19266,0,infantry_line,362,357.2157608061423
19267,3,infantry_line,503,516.5943267921373
19268,3,infantry_line,277,288.6724526688888
19269,0,cavalry_heavy,1956,1995.2447122406143
19272,0,cavalry_standard,482,490.5272986483583
19273,3,cavalry_standard,828,775.20633811129
19274,3,general,559,579.7463776051441
19275,1,cavalry_lancers,445,439.50910309023584
19276,4,cavalry_lancers,978,826.1475763958736
19277,1,general,806,672.870126485483
19278,0,artillery_foot,1735,1536.887777155136
19279,4,general,1,1.0
19282,3,general,177,177.61914067233937
19283,3,general,177,177.61914067233937
19284,0,general,1022,1017.2651342186421
19285,2,general,823,822.1027592995677
19286,2,cavalry_lancers,372,392.3416853139098
19287,0,cavalry_light,553,570.7435518857824
19288,2,cavalry_standard,566,567.6614705872202
19289,0,cavalry_standard,680,673.0363647606032
19290,4,cavalry_standard,994,929.5714668178623
19291,4,general,418,432.6039438526003
19292,1,general,318,357.99755258421305
19294,3,general,932,867.9898074985067
19295,4,general,431,430.7272232533021
19296,1,general,673,640.7371688767695
19297,3,general,733,748.1816034198064
19298,4,general,378,376.42507307883966
19299,0,infantry_grenadiers,670,717.0785423584662
19302,3,infantry_line,368,360.6100348734811
19303,4,general,217,240.8032035152486
19305,4,general,189,185.35153119400903
19307,1,general,595,542.2073231538538
19308,0,general,301,287.5203005768691
19309,4,general,386,397.8509886559745
19311,0,general,405,390.97450655501154
19312,3,general,358,331.9658024254999
19315,0,infantry_light,311,308.46891911473523
19317,2,infantry_light,525,514.2422306882728
19318,2,infantry_line,297,287.81310494604134
19319,1,infantry_line,190,230.61499666882284
19320,1,infantry_line,512,506.0480169321467
19321,2,infantry_line,437,447.94956487180093
19322,1,infantry_line,317,339.17451593810927
19323,3,infantry_line,499,518.8161224029909
19325,3,general,462,417.75040209231366
19326,1,general,184,285.37862264164903
19327,2,general,159,171.68142282070664
19328,3,general,166,181.1080438109816
19329,2,general,343,342.64396425379084
19330,2,general,626,568.9844053995455
19331,0,general,754,758.9825155987471
19333,0,general,1000,980.5886863175576
19334,3,general,1003,1007.0901789473592
19336,3,general,697,716.6238097827248
19337,2,infantry_grenadiers,833,804.9177042662924
19338,4,infantry_grenadiers,1147,1187.2746469284352
19339,4,infantry_grenadiers,948,1008.5017766625518
19340,0,infantry_grenadiers,879,895.1784784687245
19341,1,infantry_grenadiers,1238,1305.6766853188449
19343,2,infantry_grenadiers,678,629.4415888063226
19344,2,infantry_grenadiers,765,743.8385788382436
19345,2,infantry_light,472,434.4682663845021
19346,3,infantry_line,241,262.38858488287116
19347,2,infantry_line,270,286.17127627396576
19348,3,infantry_line,223,222.19956538965414
19349,2,infantry_line,558,524.2541476501797
19351,2,infantry_line,264,244.84194970732818
19352,3,infantry_line,591,594.911764758867
19353,4,infantry_line,574,595.2440101188523
19354,1,cavalry_lancers,663,657.1635959866783
19357,1,general,631,725.3322823464782
19358,0,general,589,697.3932336634045
19359,4,general,542,551.7553098335769
19360,4,general,651,671.563295737862
19361,3,general,842,884.3116489182305
19362,1,infantry_line,362,363.9761613526638
19364,4,cavalry_heavy,1705,1643.0563578279414
19365,4,cavalry_heavy,1310,1339.3752988862775
19366,4,general,1156,1188.8131280959963
19368,3,cavalry_light,456,469.28770303861
19370,0,general,470,494.7732829143015
19371,4,general,402,427.7161072687257
19372,4,general,265,296.1106364748466
19373,4,infantry_light,352,343.52805574627615
19374,3,general,207,196.487020554315
19376,1,general,448,385.53888138964066
19377,3,general,355,351.5827692562214
19378,4,general,365,315.7800959648661
19379,2,general,500,474.30526254584777
19381,4,general,793,725.1746009401317
19382,4,general,441,463.2165732574506
19383,3,general,1023,946.3047016746259
19384,2,general,493,518.9102106481336
19385,3,general,469,450.77038288857847
19386,2,general,323,300.55421358718945
19387,0,infantry_grenadiers,434,445.5877556940515
19388,4,infantry_grenadiers,543,570.2224538565184
19389,2,infantry_grenadiers,582,553.7254035217879
19390,3,infantry_light,490,438.0012692766341
19391,1,infantry_light,417,398.9868305953272
19392,2,infantry_line,197,200.75916931322774
19395,4,infantry_line,285,273.28629965876706
19397,3,infantry_line,902,862.6554600054261
19399,2,general,946,883.1284044727289
19400,1,general,399,399.508127114678
19402,2,general,492,491.37794844292443
19403,2,general,412,382.9166540243433
19405,3,infantry_grenadiers,525,500.60930653242997
19406,2,infantry_grenadiers,829,794.1630647502236
19407,0,infantry_grenadiers,815,877.2435793289051
19408,4,infantry_grenadiers,770,756.6004192126132
19410,1,infantry_grenadiers,1148,1144.5245862761183
19411,1,infantry_line,454,459.4625454480584
19412,0,infantry_line,299,319.8595250758884
19413,4,cavalry_light,594,631.8538110891768
19414,3,general,397,361.19163000666435
19415,1,general,673,556.233605173295
19416,4,general,461,513.2973068759934
19418,4,general,96,146.43078882869673
19419,4,infantry_light,371,366.53163311834874
19420,1,infantry_light,588,542.9092967303231
19421,0,infantry_line,193,175.27973344400453
19422,4,general,650,640.4499973027557
19423,1,general,736,732.3391429638853
19424,1,infantry_grenadiers,780,781.0171729723837
19425,2,infantry_grenadiers,887,872.4979355559535
19426,2,infantry_grenadiers,884,857.2140119279147
19430,1,general,117,143.58352282682523
19432,4,general,124,145.90318772745832
19433,2,general,888,868.1074219973212
19434,2,general,615,560.712815059559
19435,1,general,1024,995.4237806608581
19436,3,general,704,707.7654132926878
19438,4,general,675,663.0222064473893
19439,0,general,300,293.69105862274137
19440,3,infantry_grenadiers,802,826.3934425980667
19441,0,infantry_grenadiers,614,594.7864584862374
19442,4,infantry_grenadiers,950,942.4713365919996
19443,1,infantry_grenadiers,1014,1017.5912987938318
19444,1,infantry_grenadiers,824,840.4059931123335
19446,0,infantry_grenadiers,1058,1063.9819466803913
19448,0,infantry_grenadiers,769,771.3311701892236
19450,4,infantry_line,192,205.25047060140915
19452,3,infantry_line,411,402.1182072904549
19453,0,cavalry_heavy,1736,1668.978619583946
19454,3,general,1655,1557.09150193214
19455,2,general,187,220.4104614694813
19458,4,general,368,367.3725358860672
19460,3,general,939,967.7937222305967
19461,0,infantry_grenadiers,629,650.2869443264152
19462,2,infantry_grenadiers,892,882.8002946210405
19463,2,infantry_grenadiers,697,709.6492183387084
19466,4,infantry_line,212,282.037461419823
19467,0,infantry_line,226,242.35676061990293
19469,3,infantry_line,576,581.1686176411547
19470,4,general,180,203.94263170285896
19471,0,general,128,136.97106220739764
19472,4,general,670,625.0684779485231
19473,4,general,322,326.55761398219863
19475,4,general,482,489.1767285175684
19477,0,infantry_grenadiers,493,534.9582762978397
19478,4,infantry_grenadiers,574,590.9974521274347
19480,4,infantry_line,175,192.95030161054623
19481,3,infantry_line,279,308.03700240759866
19483,2,infantry_line,441,425.5442975131244
19484,4,infantry_skirmishers,302,334.93319049673175
19486,4,cavalry_light,787,893.6123509300988
19488,0,general,646,753.8668678809287
19489,1,general,284,239.65731768271513
19491,0,infantry_light,398,349.38717529003395
19492,2,cavalry_light,988,1075.851554253355
19494,0,cavalry_heavy,1469,1480.2631039917094
19495,4,cavalry_lancers,410,449.6072925001785
19496,0,cavalry_light,1105,1207.4698720325966
19497,4,general,264,255.70520195327308
19498,3,general,362,381.86847986364484
19499,1,general,195,186.43647299091714
19500,0,general,1033,1125.1404132447447
19502,4,general,459,426.3602881971998
19503,3,infantry_grenadiers,566,527.932126744972
19504,2,infantry_line,366,361.6774978442325
19505,1,infantry_line,260,247.59268679730243
19507,1,cavalry_light,394,394.08478221610227
19511,2,general,819,843.9725790489283
19513,1,general,151,134.00349253311038
19514,1,general,232,263.92557181851356
19516,4,infantry_grenadiers,730,726.0432226913098
19517,1,infantry_grenadiers,900,889.8026004181102
19518,0,infantry_grenadiers,681,652.1409841631938
19519,3,infantry_grenadiers,633,595.6231431924678
19521,2,infantry_line,292,310.14265095041935
19522,3,infantry_militia,163,232.32027686603203
19524,3,general,318,308.6038497613358
19525,2,general,122,143.06083079855247
19527,0,general,240,266.32891407387575
19528,0,general,872,802.1178241599108
19529,2,general,267,259.9189627873126
19531,3,infantry_line,368,369.3653792767424
19532,3,infantry_line,151,189.3869404177119
19533,2,infantry_line,240,261.342153349172
19534,2,cavalry_light,600,586.4376296679025
19535,3,general,316,316.855860464237
19536,3,general,429,442.72925897599254
19537,3,general,429,442.72925897599254
19538,0,general,109,173.94750090869658
19540,4,infantry_line,208,187.5038147365327
19541,3,cavalry_light,771,875.7343183068415
19543,2,general,765,877.6609586753448
19545,1,general,699,613.1958709757189
19548,0,general,123,228.93253088187961
19549,1,infantry_line,215,231.69291047386767
19551,1,general,166,180.80022114454215
19553,4,infantry_line,269,277.95887088841016
19554,0,infantry_line,267,280.1064301459065
19556,2,general,385,367.96875065623647
19557,2,infantry_line,357,350.84608213772134
19561,0,infantry_line,248,255.56858669190996
19562,2,infantry_line,270,276.8695554006192
19563,0,cavalry_heavy,1570,1507.868533098371
19564,0,cavalry_heavy,1541,1539.7565051806087
19567,4,cavalry_heavy,1554,1562.331578988931
19568,3,general,1378,1383.0418195232976
19569,2,general,179,254.081438246062
19570,3,general,154,220.23440187199486
19571,4,general,535,502.76543466306487
19572,0,infantry_grenadiers,650,649.2274891590058
19573,2,infantry_line,254,245.09248189979806
19574,0,infantry_line,250,246.93093951182243
19576,1,artillery_foot,656,670.7069111225093
19578,4,artillery_foot,525,606.1097565221033
19579,3,artillery_foot,241,283.2740657190256
19580,1,artillery_foot,236,249.99168987234566
19581,2,artillery_foot,470,448.0025107121108
19582,2,artillery_foot,678,592.2130572110564
19584,1,artillery_foot,325,307.41087794502124
19585,4,artillery_foot,518,514.9649050789336
19586,3,artillery_foot,771,771.7410918712015
19587,2,artillery_horse,925,928.1542317431188
19588,1,artillery_horse,846,844.1370549734605
19589,3,artillery_horse,903,899.7384067106635
19590,4,artillery_horse,1042,1035.9992420832064
19591,1,artillery_horse,565,553.8177974913677
19593,2,general,340,313.78448138014903
19594,2,general,549,466.21666768344323
19595,2,general,526,524.9790096350714
19596,4,general,1,1.0
19597,3,general,199,199.82153325638185
19599,4,general,740,689.0576784618154
19600,4,general,1,1.0
19602,4,general,1,1.0
19604,1,infantry_grenadiers,359,401.4529451656007
19605,1,infantry_grenadiers,359,401.4529451656081
19606,1,infantry_grenadiers,359,401.4529451656007
19607,4,cavalry_light,1063,997.2995142323664
19608,1,general,169,168.7203600940428
19609,0,general,1058,981.758601791903
19610,1,general,470,445.08556391369586
19611,3,general,830,770.6996836743665
19612,3,general,315,314.3684954044307
19613,2,general,347,299.75377283528115
19614,0,general,173,158.78704083674387
19615,1,general,259,255.01207023613148
19616,0,general,168,195.82856793365528
19617,0,general,183,197.9949857585459
19618,3,general,867,810.533420395877
19620,2,infantry_grenadiers,873,789.9148213276113
19621,2,infantry_light,303,254.6949558460639
19622,0,infantry_light,370,367.71860601464476
19623,4,infantry_light,205,200.57187537653422
19624,4,infantry_light,247,239.8907630492053
19625,2,infantry_line,579,556.0980398134417
19626,0,infantry_line,365,358.1021153231447
19627,4,infantry_line,279,293.4196360729352
19628,0,infantry_line,266,290.4209388356921
19629,3,infantry_line,1220,1261.7031452816304
19630,2,cavalry_heavy,2251,2086.219139206833
19632,4,general,243,238.8127192801139
19633,0,general,318,320.1953393776866
19634,1,general,497,447.15727399994216
19635,0,general,2021,1887.982735543353
19636,3,general,701,676.9125449621538
19638,1,general,640,712.5667561116119
19639,4,infantry_grenadiers,685,725.7601041601945
19640,2,infantry_light,434,399.3075384483454
19641,0,infantry_light,476,424.9394048292348
19642,4,infantry_line,340,333.38893350054167
19643,1,infantry_line,417,416.8080051765164
19644,4,infantry_line,624,612.2113982549758
19646,3,artillery_horse,2117,2096.6086680881485
19647,1,general,427,404.68553917938095
19648,2,general,415,385.1080099467919
19649,1,general,2141,2189.8827124252093
19650,4,general,386,348.5630901575073
19651,4,general,717,696.8041726257853
19652,3,general,480,461.63325590652823
19653,4,general,583,564.3108675916385
19654,0,general,440,432.14443509463155
19655,4,general,586,581.9949915012323
19656,0,general,708,642.7489826552202
19657,1,general,540,504.8424611333129
19658,4,infantry_grenadiers,825,815.4703217467752
19659,1,infantry_light,499,470.6683495680337
19660,0,infantry_light,600,575.9496644626004
19661,2,infantry_light,568,564.9176687779338
19662,0,infantry_line,530,510.0627427526049
19664,4,infantry_line,527,511.22859766223985
19665,3,cavalry_light,577,561.788034439921
19667,3,general,466,465.23890845179415
19668,0,general,210,238.06334730850887
19669,0,general,307,317.1480102338314
19671,1,cavalry_lancers,318,341.64799301343544
19672,4,general,824,741.9468636106172
19673,0,infantry_light,754,713.2453714759337
19674,4,artillery_horse,820,755.0079028505876
19675,0,cavalry_heavy,1867,1770.8738565272213
19676,4,cavalry_lancers,471,441.27149190391884
19677,3,cavalry_lancers,528,492.37320432328994
19680,4,general,598,553.6424259582508
19681,0,general,835,851.2875900102775
19682,3,general,1766,1666.6573259286292
19684,3,general,617,617.343163049191
19685,3,infantry_grenadiers,759,716.5302581483371
19686,3,infantry_line,384,387.8914693822432
19687,2,infantry_line,649,617.1315669547955
19688,1,infantry_line,726,729.6936795193733
19689,0,artillery_horse,1066,1063.6133131616693
19691,1,cavalry_light,616,604.5344539032596
19692,0,general,399,375.0876513709235
19693,4,general,869,824.7408993430269
19695,1,general,464,464.604226699831
19696,3,general,318,323.74637615144934
19697,2,general,456,447.3192375668265
19698,3,general,1274,1321.711856501912
19700,4,general,312,324.0123097784845
19701,0,general,271,262.2882572126804
19702,1,general,886,834.7468892454698
19705,4,infantry_line,414,413.99765891279276
19706,4,infantry_line,452,413.8106644287967
19707,2,infantry_line,317,342.20571170994486
19708,2,infantry_line,378,370.11730760450865
19709,3,infantry_line,377,368.17585248240374
19710,4,infantry_line,373,362.59744548663457
19711,4,infantry_militia,229,221.54882336899087
19713,1,general,254,272.48023853397893
19714,4,infantry_line,310,327.29627701046223
19716,4,general,619,570.8245290364302
19717,1,general,366,360.8335483038692
19718,1,infantry_line,466,463.625961204024
19719,3,infantry_line,727,687.9221816084209
19720,2,artillery_horse,148,209.60320784175892
19721,2,cavalry_heavy,1277,1261.3856638122234
19723,2,cavalry_standard,558,579.8418168678814
19724,0,cavalry_standard,523,552.2487283280896
19725,0,cavalry_standard,456,480.90463703586784
19726,4,cavalry_standard,1047,1010.6711179962361
19727,0,cavalry_standard,685,706.0792001498271
19728,3,cavalry_standard,934,926.6225156207554
19729,2,general,642,654.1792117145783
19730,0,general,423,448.81193067398027
19731,3,general,270,288.08085136114056
19733,3,general,938,907.2610872505292
19734,1,general,863,821.8743590948366
19735,0,general,840,847.0339255232172
19736,1,general,425,454.443973859096
19737,3,general,230,246.69535826585093
19738,0,general,1123,1141.2104529881344
19739,2,general,272,282.93670236808066
19740,1,infantry_line,293,295.94968182874567
19741,4,infantry_line,365,381.3347338734646
19742,2,infantry_line,320,338.1836651672029
19743,2,cavalry_lancers,355,379.8430236258848
19744,3,cavalry_standard,1063,1041.2324149745543
19745,0,general,253,283.20915123199416
19746,3,general,440,432.17807486562475
19747,0,general,877,870.3757398971264
19748,2,general,220,262.04141672541266
19749,0,general,1780,1431.2488675028471
19751,3,infantry_line,491,483.84141860226384
19755,3,infantry_line,356,344.70998175228215
19756,2,general,248,265.3571847146749
19757,0,general,228,184.43095557415023
19758,0,general,214,169.70990750749303
19759,2,general,165,148.55107912622464
19760,3,general,362,357.7991617479543
19761,4,general,200,192.74416777923037
19762,0,general,555,541.1910109252287
19763,1,general,454,398.9258367120071
19764,3,general,399,396.39682293144216
19765,1,infantry_light,270,234.2105748435825
19766,0,infantry_light,332,286.73247658170453
19767,2,infantry_light,305,291.1794347838983
19768,3,infantry_light,386,342.1751385270475
19769,3,infantry_line,303,322.2394473826306
19770,2,infantry_line,410,410.17490507095624
19773,2,general,239,236.14725954782466
19774,3,general,965,999.4465652871669
19775,4,general,1217,1258.349163661913
19776,1,infantry_line,296,293.5881583174246
19777,3,infantry_line,173,168.28895302403453
19779,3,infantry_line,982,1064.6705969273894
19780,0,general,251,183.85163995652482
19781,1,general,100,104.36707809896653
19782,2,general,686,678.8669752156213
19783,1,infantry_grenadiers,804,804.8336850891736
19784,2,infantry_line,207,192.9753930295648
19786,3,cavalry_heavy,1166,1123.1447082014668
19787,3,cavalry_heavy,1670,1594.2342143108913
19788,1,cavalry_heavy,1321,1236.0508228431256
19789,2,cavalry_heavy,2453,2304.838413224636
19790,0,cavalry_standard,555,587.4170330642862
19791,2,cavalry_standard,776,753.3816508363923
19793,2,general,967,930.7891606100682
19794,1,general,455,488.2891878431115
19795,3,general,2211,2089.418854594172
19796,1,general,1096,1006.5051034118835
19797,0,general,1576,1474.6842925739352
19798,1,cavalry_standard,599,590.3061895619921
19799,4,general,456,453.0555223892494
19800,4,cavalry_standard,957,939.6914335125354
19801,2,cavalry_standard,657,638.068500846091
19802,0,general,825,783.2456834543448
19803,2,general,512,485.71959861447203
19804,3,artillery_horse,578,579.6298063013095
19805,2,cavalry_light,559,543.6623447587289
19806,4,cavalry_light,1103,1024.382456893836
19807,4,general,1016,959.0106643065075
19808,0,general,459,441.25665721898037
19810,4,artillery_foot,508,599.0728338808315
19811,2,artillery_foot,450,427.2747470166774
19813,0,artillery_foot,547,679.7223660753841
19814,4,artillery_foot,518,620.3782422419142
19815,3,artillery_foot,1917,2145.0977074199086
19816,0,artillery_foot,2237,2456.6000516015442
19817,1,artillery_foot,1041,1165.7353584706586
19818,2,artillery_foot,1115,1245.944288485252
19819,4,artillery_horse,323,338.9090614357683
19821,4,artillery_horse,821,753.9398231986385
19822,1,artillery_horse,1674,1681.1284046824126
19823,1,artillery_horse,1077,1084.4899238401767
19825,2,general,2424,2810.2992363132985
19826,0,general,312,312.31296290781984
19827,3,general,177,177.61914067233937
19830,0,general,924,978.3047500854003
19831,4,general,834,846.7915623174486
19833,3,general,827,955.8964017577732
19834,3,general,177,177.61914067233937
19836,4,general,204,222.58027537546982
19837,1,general,408,541.3296104895705
19838,2,general,823,822.1027592995677
19839,0,general,2496,2745.5980429472597
19840,0,general,569,726.6306459065648
19841,0,infantry_skirmishers,136,162.28528237982115
19842,0,infantry_skirmishers,136,162.28528237982115
19843,0,infantry_skirmishers,136,162.28528237982115
19844,0,artillery_foot,330,368.1048750084753
19845,0,artillery_foot,414,425.010341418748
19846,0,artillery_horse,303,311.64347751364585
19847,1,artillery_horse,1351,1384.578819507674
19848,0,cavalry_light,475,501.7253618983323
19849,0,cavalry_light,430,429.26932356392615
19850,2,cavalry_light,443,439.82764866365824
19851,2,general,334,381.4222687780685
19852,0,general,350,340.83882635114344
19854,3,general,296,323.425017312617
19857,0,general,256,253.50089470505003
19858,1,general,273,277.0090705803241
19859,4,general,297,336.5578617970834
19860,2,general,97,134.28650441792723
19862,3,general,208,237.19894357728117
19863,0,general,300,313.3186231692061
19864,1,general,230,247.8415684965123
19865,0,general,381,366.52881638684767
19866,1,general,492,525.1431736118908
19867,3,general,59,94.51381123595998
19868,4,general,433,366.1172399148201
19870,4,general,1094,1071.8437242747395
19871,0,general,513,534.5929835460557
19872,4,general,123,146.98011486989293
19873,2,general,750,660.0603233696455
19874,4,general,630,583.7645482361988
19875,3,general,453,428.3837964244694
19876,4,general,539,547.9883021632041
19877,0,infantry_grenadiers,242,214.29292277777938
19878,0,infantry_grenadiers,866,821.520072701838
19880,2,infantry_light,407,408.48147359844285
19881,4,infantry_light,458,394.83897711990676
19882,3,infantry_light,314,311.5834302187182
19883,3,infantry_light,359,360.7607607696809
19885,3,infantry_light,334,348.5132151124778
19886,4,infantry_light,370,318.0003002762272
19887,3,infantry_light,304,327.4605358326153
19888,3,infantry_light,362,335.6525522646802
19889,0,infantry_light,515,531.0400870001995
19890,0,infantry_light,688,596.6744924553603
19891,1,infantry_light,571,550.962785906427
19892,0,infantry_line,171,178.08821431464486
19893,0,infantry_line,199,211.65176851649147
19894,1,infantry_line,629,653.8563745183785
19895,3,infantry_line,230,229.95352439814013
19896,0,infantry_skirmishers,127,135.95801127328332
19897,4,infantry_skirmishers,196,197.20420125397706
19898,4,infantry_skirmishers,134,141.85237915388382
19899,1,infantry_skirmishers,196,202.10211368710216
19900,1,artillery_foot,266,239.58433347292288
19902,1,artillery_foot,208,225.94278441288782
19903,1,artillery_horse,906,931.890637184562
19904,0,artillery_horse,925,925.6909308449318
19905,3,cavalry_light,746,762.6349922612059
19906,3,cavalry_light,471,479.1747267957062
19907,3,cavalry_light,929,890.1088433655605
19909,0,cavalry_standard,524,531.4026646420989
19910,3,cavalry_standard,950,976.0586121983247
19911,4,cavalry_standard,455,501.64694841517354
19912,4,general,172,200.77726152571142
19913,0,general,771,823.3104053926069
19914,3,general,51,92.28155686419508
19915,0,general,65,108.12375326305904
19916,0,general,612,659.987315813766
19917,4,general,928,904.9661463103334
19918,0,general,150,141.15981088468448
19919,1,general,366,389.08103445606343
19920,2,general,327,389.7997981033455
19921,0,general,96,130.0465034193569
19924,4,general,74,113.09173290588683
19925,0,general,558,574.1466865727945
19926,4,general,1176,1179.961466861827
19927,3,general,337,369.6288151604617
19928,2,general,945,779.8702993458659
19929,2,general,1251,1075.0207631886806
19930,3,general,116,148.73056773483586
19932,3,infantry_line,277,290.3734589415422
19933,3,infantry_line,171,195.81332512020154
19935,0,infantry_line,144,173.9068655451647
19936,0,infantry_line,1075,869.6372719627177
19937,3,infantry_line,1159,1023.9119642371768
19938,2,infantry_line,324,343.98334288800237
19939,0,infantry_line,219,231.9521922904658
19940,4,infantry_skirmishers,102,109.98930394028629
19941,3,artillery_foot,266,246.92339467715382
19942,3,artillery_horse,443,449.0846420545072
19943,4,cavalry_heavy,1299,1362.9566877850234
19944,0,cavalry_heavy,1661,1626.118444309087
19945,0,cavalry_standard,1032,1086.9029850984048
19946,2,general,1472,1503.0575150979962
19947,4,general,891,920.761749794564
19948,0,general,109,141.84270565809368
19949,1,general,1085,1125.277685840348
19951,0,infantry_skirmishers,98,107.10891316057594
19953,0,general,601,611.4911887372565
19954,0,general,231,265.09901305259564
19956,0,artillery_foot,460,438.77697191816617
19957,3,artillery_foot,527,536.6706484438748
19958,3,general,364,353.66840562004097
19959,4,general,142,176.6947163941981
19961,4,general,40,73.19634284147259
19964,0,general,732,691.2388199462049
19965,2,general,626,568.4824485887989
19967,4,infantry_grenadiers,873,793.7828157937734
19968,2,infantry_grenadiers,1076,1021.2449098667046
19969,4,infantry_grenadiers,438,448.4819658868637
19970,1,infantry_grenadiers,588,530.7407683944799
19973,3,infantry_line,375,385.67014972380395
19974,2,infantry_line,219,224.34190107090444
19975,0,infantry_line,238,250.96700616286705
19976,2,infantry_line,251,258.23287333639684
19978,1,artillery_foot,322,323.05193371458785
19979,2,artillery_foot,345,391.31756690870003
19980,0,artillery_foot,473,497.9201060372798
19981,3,general,198,239.10192079684893
19982,0,general,239,235.20099252700646
19983,4,general,505,479.11866543469375
19984,3,general,112,135.50465376884029
19985,2,general,205,235.2661113700347
19987,0,general,191,217.19628040915512
19988,2,general,187,226.09949014206782
19989,1,general,158,180.07417441417448
19990,1,general,137,147.1505143931968
19991,1,general,572,549.6002196173998
19993,3,general,247,273.7626178943013
19995,2,general,679,592.7900436945844
19997,1,general,956,876.6025386136967
19999,2,general,597,539.4435334645998
20000,2,infantry_grenadiers,627,587.3705135312276
20003,1,infantry_grenadiers,727,685.6627506626115
20004,4,infantry_grenadiers,803,693.8781218408458
20006,0,infantry_grenadiers,1005,928.9134631432496
20007,2,infantry_line,262,286.6426298852755
20008,3,infantry_line,265,271.486705434072
20010,1,infantry_line,212,214.15775002397953
20013,2,infantry_line,198,186.17171425870498
20014,0,infantry_line,214,238.60618123500555
20015,4,infantry_line,219,222.18784716643785
20016,2,infantry_line,264,276.47050793466855
20017,0,infantry_line,257,264.3682146415274
20018,1,artillery_foot,531,504.66468478057084
20019,2,artillery_foot,623,598.1004409480902
20020,3,artillery_foot,753,797.5156758920951
20021,2,cavalry_light,354,350.0368445595234
20022,3,cavalry_standard,1120,1104.1874392431712
20023,0,general,972,957.7061175390425
20026,4,general,440,425.0601135862888
20027,1,general,154,178.62946286492408
20028,1,general,662,726.6098892160485
20029,4,general,229,236.85114351482977
20030,2,general,351,345.8434615327741
20031,4,general,284,317.5121910064006
20032,0,general,81,126.05683520943394
20033,3,general,147,180.37890181790982
20035,2,general,503,467.66302235925247
20036,4,general,262,276.12774204764577
20037,3,general,807,696.5000920146051
20038,4,general,190,221.81427981080813
20040,4,general,766,707.5673150646239
20041,3,infantry_grenadiers,839,739.2523917622738
20043,3,infantry_grenadiers,903,820.2749362604821
20044,4,infantry_light,385,367.66814956380415
20046,2,infantry_line,236,230.73398841490692
20047,0,infantry_line,175,187.1621085074352
20048,1,infantry_line,188,209.5729196275852
20051,0,infantry_line,322,319.57109745069454
20052,4,infantry_line,225,221.90294397395837
20053,2,infantry_line,251,269.2351079711571
20054,0,infantry_skirmishers,126,127.58660545305992
20057,1,cavalry_heavy,982,919.3371008017433
20059,0,cavalry_heavy,1800,1749.7919582166096
20060,0,cavalry_heavy,855,884.5886823319355
20061,2,cavalry_heavy,890,927.6109403808451
20062,3,cavalry_standard,408,434.1919556351755
20063,2,cavalry_standard,773,800.7496622575198
20065,2,general,1429,1444.6533504102483
20066,4,general,810,774.186293600321
20067,1,general,1796,1762.8558448788542
20069,0,general,688,724.1346514804029
20070,2,general,282,324.4640698015043
20071,4,general,392,407.91498739003794
20072,2,cavalry_light,559,557.389718473091
20073,3,general,416,435.9788568271076
20074,0,general,156,169.4257624707201
20075,3,infantry_light,262,252.9446792413202
20077,0,artillery_foot,521,482.1433454556972
20078,3,artillery_foot,467,492.6667078900313
20079,4,general,361,327.69497513089135
20080,4,general,247,285.54133018528677
20081,4,general,287,294.85577538736504
20082,0,general,205,202.9197732801029
20084,2,general,702,579.0847600392285
20085,0,general,428,355.60197758176633
20086,2,general,519,504.76322522075503
20087,2,general,559,493.2105766505567
20088,0,general,675,640.7507780696327
20089,0,general,714,661.1754983669503
20090,4,general,636,564.8581308901947
20091,3,general,640,604.9392308971156
20093,2,general,477,408.53617435399366
20095,0,general,675,640.7507780696327
20096,1,general,985,1002.2016196899432
20097,2,infantry_grenadiers,835,783.712242848021
20098,3,infantry_grenadiers,614,531.1868872816236
20099,3,infantry_grenadiers,809,722.7876688927013
20100,1,infantry_grenadiers,538,457.8437668842778
20101,2,infantry_grenadiers,933,874.5543736210182
20102,3,infantry_grenadiers,758,683.2424932135947
20103,4,infantry_light,626,578.4654541974144
20104,1,infantry_light,391,401.5084413015637
20105,3,infantry_light,346,293.29440120810034
20106,3,infantry_light,689,639.8029826556267
20107,4,infantry_line,349,374.2724172967472
20108,4,infantry_line,299,308.93785398477763
20109,1,infantry_line,312,294.81925279061636
20110,0,infantry_line,406,376.9160556083707
20111,2,infantry_line,509,539.5377322015502
20112,3,artillery_foot,492,455.439328120136
20113,1,artillery_foot,408,404.96663494284593
20115,4,cavalry_heavy,2198,2162.358009421799
20116,1,cavalry_heavy,972,954.3393450930915
20117,0,cavalry_light,389,390.4899024980223
20119,0,general,912,885.3298302283005
20120,0,general,2180,2095.744873276554
20121,1,general,463,392.68839170958324
20122,3,general,342,268.2056209561081
20123,2,general,242,265.5802538192962
20124,2,general,311,333.85669462026624
20125,1,general,845,841.926054816834
20126,4,general,1224,1315.0371258631867
20127,3,general,526,411.72344976854254
20128,1,general,641,568.5806005144601
20129,3,general,656,628.0722400516298
20130,1,infantry_grenadiers,498,415.1144350464556
20131,1,infantry_grenadiers,457,384.55184772153484
20132,3,infantry_grenadiers,793,745.4070568963541
20133,2,infantry_grenadiers,632,512.3166177408781
20134,2,infantry_grenadiers,583,471.6972569019114
20135,2,infantry_grenadiers,742,627.0952410361567
20136,3,infantry_line,311,312.45172810325744
20137,4,infantry_line,414,426.5340818845812
20139,4,artillery_horse,516,507.8161768318841
20140,1,artillery_horse,83,119.45077565134606
20141,0,artillery_horse,547,545.1818803351383
20142,1,cavalry_heavy,983,961.8726000936698
20145,1,cavalry_standard,485,519.8493262992781
20146,3,cavalry_standard,727,717.9095727420541
20147,3,general,352,397.44341214497473
20150,0,general,573,600.1378165989187
20151,2,general,1,43.06612409185247
20153,3,general,510,575.236998953958
20155,2,general,214,244.21919239737048
20156,2,general,258,289.0689600454962
20157,2,general,309,320.7064810211443
20158,4,general,462,500.85099280347924
20159,1,general,366,397.97166636329234
20160,2,general,1097,1106.8762856746662
20161,3,infantry_grenadiers,1158,1138.6547891427683
20162,2,infantry_line,319,328.4904854120166
20163,3,infantry_line,323,309.78264943632405
20164,0,infantry_line,449,435.1101958148001
20165,2,infantry_line,437,444.1132937925801
20166,1,infantry_skirmishers,132,136.75279605626466
20167,2,artillery_foot,341,330.84680516370236
20168,4,artillery_foot,475,501.7578946641558
20169,3,general,144,165.87737224309944
20170,2,general,291,305.86294549875316
20171,4,general,129,148.78666391215992
20172,4,general,186,203.24679824772332
20173,4,general,129,148.78666391215992
20175,4,infantry_grenadiers,685,620.8062343173523
20176,4,infantry_line,252,257.4698325007205
20178,3,infantry_line,396,397.43062682484947
20179,3,infantry_line,239,240.46475788703754
20180,3,infantry_skirmishers,123,135.86336204834913
20181,1,artillery_horse,464,470.05306220427155
20182,3,cavalry_standard,1007,1040.6291733696908
20183,3,cavalry_standard,1036,1070.7495004126329
20186,4,general,849,895.4212590555401
20188,3,cavalry_heavy,871,903.5623584587323
20189,2,general,704,745.2522059729546
20191,4,artillery_horse,132,178.25710283389265
20195,3,general,159,159.8572266051055
20197,4,general,1,1.0
20198,1,general,1721,1462.1558968398047
20199,1,general,1936,1745.143477454169
20200,2,general,327,299.15736338262195
20201,0,infantry_grenadiers,1865,1497.8736080662427
20204,0,infantry_line,616,565.4523950430647
20207,0,general,465,444.7958941028801
20208,1,general,1308,1094.3932706541352
20209,0,infantry_grenadiers,984,902.9780931812152
20210,2,infantry_light,571,601.8517776661804
20212,4,infantry_line,424,376.8183632886348
20213,3,infantry_line,401,336.4441943156957
20214,1,infantry_line,1328,1181.9815907562775
20215,3,infantry_skirmishers,310,307.1301151522379
20216,4,cavalry_light,505,436.56980179884727
20217,3,general,358,325.0420052868602
20218,4,infantry_light,276,287.1745932833469
20219,0,infantry_line,484,438.51265853657736
20220,2,infantry_line,431,401.058854853635
20221,0,infantry_line,644,599.7844044414356
20222,3,infantry_line,658,619.6797742985488
20223,3,infantry_skirmishers,224,200.0652840528308
20224,3,infantry_skirmishers,260,222.75381827862105
20225,4,general,341,383.2656671435108
20226,0,general,751,670.3211906051998
20228,3,infantry_grenadiers,543,518.1697907486885
20229,4,infantry_light,331,299.28764389953926
20230,1,infantry_line,366,436.071143686842
20231,1,infantry_line,1007,911.6071497242792
20232,3,infantry_line,317,275.98614494144243
20233,0,infantry_line,543,496.527964950291
20236,1,infantry_line,464,421.34765554370443
20237,2,infantry_skirmishers,218,231.25198010451356
20238,4,artillery_foot,567,617.0388026709526
20239,3,artillery_foot,633,635.6100324812197
20240,2,infantry_light,749,686.5760415472296
20241,3,cavalry_heavy,1891,1765.161557977976
20242,1,cavalry_heavy,1593,1450.770351883508
20244,1,cavalry_light,790,851.1182558335968
20245,2,cavalry_standard,872,882.2929426671775
20247,4,general,1706,1546.0709342126895
20249,1,general,930,1074.1056247035783
20252,0,infantry_light,1248,1622.6255600825455
20254,2,cavalry_light,782,829.2373270480207
20255,1,general,686,680.2139270351967
20256,4,infantry_light,672,632.1716373607367
20257,2,artillery_foot,2022,1872.2924787984539
20258,0,cavalry_light,480,496.2291427497855
20259,2,cavalry_standard,677,679.1139609151794
20260,4,general,575,563.4509855944868
20261,0,cavalry_light,1573,1689.431525391219
20262,4,artillery_foot,1003,940.9963757709544
20263,0,artillery_foot,369,384.20868435591433
20264,4,artillery_foot,90,135.31400181091925
20265,3,artillery_horse,700,693.3630711140565
20266,1,general,820,815.8495570608335
20268,0,general,401,401.54523802433994
20270,2,general,34,78.51660509299258
20271,3,infantry_grenadiers,401,416.97731377560194
20272,4,cavalry_lancers,654,661.9007153226089
20273,2,cavalry_light,1009,1104.808186478696
20274,0,cavalry_light,844,797.6361393203982
20275,3,cavalry_light,701,676.3080104351973
20277,1,cavalry_light,810,826.730649925783
20278,3,general,131,139.22599633493644
20280,2,general,665,702.9207215920014
20281,3,general,647,652.8481883723562
20282,4,general,579,625.498121338343
20283,1,general,548,562.4139876849305
20284,2,general,141,167.23006556425258
20285,0,general,828,905.9484848928423
20286,0,general,248,205.22753484082955
20287,3,general,752,745.8399168694203
20289,1,general,880,955.4580655356859
20290,4,general,427,364.80404272508775
20291,0,general,327,282.1526172180078
20293,3,general,432,513.9143250578176
20294,2,general,341,410.5723975285232
20295,2,general,340,279.17856382476833
20296,0,general,436,501.0135950329572
20297,3,general,776,746.3092664483349
20299,3,general,194,245.29398000105704
20300,3,general,162,187.74438260138788
20301,4,general,411,428.3523558616819
20302,0,general,509,421.46733927894195
20303,2,general,913,842.3573191794475
20304,1,general,880,955.4580655356859
20305,1,general,645,617.2434440832185
20307,0,general,174,188.65643125028083
20308,1,general,795,830.2548171304092
20309,4,general,724,722.789993926913
20310,1,general,687,668.8297913168145
20311,3,general,883,960.361316621563
20312,4,general,656,699.6801390550627
20313,1,general,862,878.8408023602769
20315,2,infantry_grenadiers,692,743.5698293487319
20316,2,infantry_grenadiers,536,593.898822934398
20317,0,infantry_grenadiers,697,748.358087882895
20318,0,infantry_grenadiers,526,562.1671684454069
20319,1,infantry_grenadiers,544,604.5803937097116
20320,3,infantry_grenadiers,388,477.2023963830429
20321,0,infantry_grenadiers,829,858.1735750471981
20322,0,infantry_grenadiers,847,864.7576106391908
20323,0,infantry_grenadiers,809,898.1753416870913
20324,4,infantry_grenadiers,717,748.5178685074684
20326,0,infantry_grenadiers,929,1033.4001637362292
20327,1,infantry_irregulars,516,586.614507269575
20328,3,infantry_irregulars,382,406.8833957263582
20329,0,infantry_irregulars,241,253.3696549674543
20330,2,infantry_irregulars,300,318.85589011200557
20332,3,infantry_light,252,302.26883694099337
20333,4,infantry_light,250,282.2107340128086
20335,3,infantry_light,355,310.9610604036279
20336,2,infantry_light,389,361.7845056430639
20337,4,infantry_light,812,757.5676387823622
20338,1,infantry_militia,245,222.80454606308976
20339,2,infantry_militia,326,276.6336245733934
20340,4,infantry_militia,228,210.6050994133351
20341,3,infantry_skirmishers,176,214.3643802117423
20342,4,infantry_skirmishers,170,168.2994542910742
20343,3,infantry_skirmishers,171,166.52655481266865
20344,3,infantry_skirmishers,186,175.31924949131835
20345,3,infantry_skirmishers,186,175.31924949131835
20346,2,infantry_skirmishers,114,134.70570536688103
20347,3,cavalry_lancers,695,628.8221790185836
20348,2,cavalry_lancers,461,455.6123331986386
20349,4,cavalry_light,440,449.6347049391435
20352,2,cavalry_light,1095,1158.1253698896637
20353,4,cavalry_light,947,1012.2684104326629
20355,2,general,958,1009.3976918220781
20357,3,general,582,530.5660554483621
20358,1,general,1165,1166.3276539124527
20360,0,general,391,331.183098175785
20361,0,general,627,615.7432705699476
20362,0,general,396,344.9219922202267
20363,2,general,431,418.9248988451471
20364,4,general,315,343.3035390362887
20365,3,general,119,155.7720979911437
20366,1,general,399,415.51433451332474
20367,4,general,357,305.58015487516275
20368,1,general,547,527.1191568847609
20369,3,general,1287,1321.6739522853716
20371,0,general,91,91.60524671272496
20373,0,general,903,948.6222524298661
20375,2,infantry_irregulars,190,183.91309113436552
20376,2,infantry_irregulars,426,452.89810883965157
20377,3,infantry_light,209,244.723599202917
20379,2,infantry_light,447,412.56072294563506
20380,4,infantry_light,523,474.4350108240836
20382,0,infantry_light,360,335.82960568020155
20383,3,infantry_light,510,458.13996260754976
20385,3,infantry_skirmishers,176,214.3643802117423
20386,4,infantry_skirmishers,170,168.2994542910742
20387,1,infantry_skirmishers,169,162.2126885012369
20388,2,infantry_skirmishers,297,316.2525669577876
20389,2,cavalry_heavy,1547,1497.7518763258042
20390,4,cavalry_heavy,1414,1367.405751148818
20393,4,general,1249,1201.1685903604307
20395,3,cavalry_heavy,1402,1364.1774794273094
20396,0,general,467,415.63666329731194
20397,2,general,1237,1213.7935515262056
20398,2,general,161,170.9994959733425
20399,4,general,205,251.5227467345895
20401,3,general,96,109.14865903829288
20402,3,general,1372,1331.2888780011228
20403,0,general,52,110.380687401527
20404,3,general,167,185.41141756337802
20405,3,general,432,433.8707577884532
20407,4,general,651,657.8427095172503
20408,1,general,560,572.2210712955745
20409,2,general,620,612.350386498468
20410,2,general,671,619.7203540529498
20411,1,infantry_line,136,191.577385418344
20412,2,infantry_line,257,253.92091170280892
20413,0,infantry_line,231,250.30405827676051
20414,0,infantry_line,177,189.82202776792852
20415,2,infantry_line,230,232.04780808970264
20416,0,infantry_line,507,466.25380642355555
20417,4,infantry_line,190,193.4919119476075
20418,2,infantry_line,727,718.3087767982146
20419,4,infantry_line,533,526.8814835704247
20420,0,infantry_line,665,668.5126098092579
20421,4,infantry_line,494,491.8935531658748
20422,2,infantry_line,537,513.0657800221383
20423,1,cavalry_standard,685,668.797552543996
20426,1,general,539,529.509842060158
20427,2,general,118,141.45263301577114
20428,1,general,130,151.17287044299576
20429,1,general,131,172.0155422416043
20430,0,general,280,284.89163362620826
20431,2,general,289,288.08393009757043
20432,3,general,781,736.9579983674287
20433,1,general,343,353.7453609577693
20434,1,general,534,541.677768119607
20435,3,general,371,361.4713822493414
20437,1,general,1055,1036.1612302303727
20439,0,infantry_line,203,257.32926422892814
20441,2,infantry_line,337,331.4644120272419
20442,0,infantry_line,225,235.53470582229554
20443,3,infantry_line,223,223.68466870818222
20444,2,infantry_line,408,386.0567920909529
20445,1,infantry_line,419,398.28591417937906
20446,4,infantry_line,880,906.6840103238223
20447,3,infantry_line,681,692.2374354524994
20448,3,infantry_line,638,623.006437112338
20449,4,infantry_line,493,502.09485660574273
20450,3,infantry_line,532,537.8166050007735
20451,1,general,337,330.8166281210504
20452,4,general,223,221.55877648098738
20453,0,general,75,124.85304512176687
20454,0,general,208,223.04761701427606
20455,1,general,117,133.77084355148332
20456,0,general,140,165.72192934147012
20457,0,general,520,510.6891814367237
20458,3,general,397,383.89859085932284
20459,1,general,176,176.3871576309673
20460,2,general,287,294.96671192846026
20461,3,general,168,185.0019922569577
20462,3,general,124,140.2155948591826
20464,2,general,931,1021.4778138696157
20465,1,general,577,557.4709868996895
20466,4,general,828,888.5404961377694
20467,3,general,768,844.1284420558164
20468,0,general,589,543.7813737038392
20469,1,general,914,946.0886189522331
20470,3,general,719,742.1672225474869
20471,1,infantry_grenadiers,630,625.7553999863778
20472,3,infantry_grenadiers,814,871.6177438820913
20473,3,infantry_grenadiers,867,937.4870104951422
20474,4,infantry_grenadiers,877,931.0820741332889
20475,1,infantry_grenadiers,680,725.6555268459805
20476,3,infantry_line,215,223.66789239798797
20477,4,infantry_line,259,253.78019078623782
20479,1,infantry_line,164,207.83492624675935
20480,3,infantry_line,313,314.3176937486751
20481,3,infantry_line,267,270.09435585559436
20482,2,infantry_line,186,179.19915068203795
20483,4,infantry_line,266,269.0729017828139
20484,1,infantry_line,362,348.7918644371444
20485,4,infantry_line,314,308.3466718241199
20487,1,infantry_line,618,602.6920308970033
20488,2,infantry_line,433,401.5550224381287
20489,4,infantry_line,665,672.035348619851
20490,0,infantry_line,682,639.3645186484973
20491,3,general,380,410.3868318645349
20492,3,general,297,238.27025377637318
20493,1,general,147,168.2390351173986
20494,2,general,147,162.07460691816036
20495,1,general,96,95.03758047133304
20496,3,general,224,186.49688248969508
20497,3,general,270,304.1051361322954
20498,0,general,115,145.30521315861097
20499,1,general,79,102.90827585309212
20501,0,general,314,378.14590444372647
20502,3,infantry_irregulars,373,396.9329750089305
20503,3,infantry_irregulars,419,484.56856659514773
20504,2,infantry_line,213,229.34744792554383
20505,0,infantry_line,158,183.10037264912367
20506,3,infantry_line,198,204.0379252877202
20510,3,infantry_militia,239,227.44891922666767
20511,4,infantry_militia,185,180.9930682295862
20512,3,infantry_skirmishers,176,214.3643802117423
20513,0,infantry_skirmishers,128,123.5006550673308
20515,4,cavalry_heavy,1230,1194.3506301220718
20516,0,general,1027,1021.1780883315113
20517,4,general,1419,1412.268671037138
20518,1,cavalry_standard,857,766.8151381932753
20519,2,cavalry_standard,1081,1032.4789278322994
20520,2,general,943,891.2280028652974
20524,1,artillery_foot,832,866.0860416933494
20528,0,artillery_foot,377,438.46867347675186
20529,0,artillery_foot,377,438.46867347675186
20530,0,artillery_foot,377,438.46867347675186
20531,0,artillery_foot,377,438.46867347675186
20532,0,artillery_foot,377,438.46867347675186
20533,0,artillery_foot,377,438.46867347675186
20534,2,artillery_foot,496,440.36534461495086
20535,2,artillery_foot,496,440.36534461495086
20536,2,artillery_foot,755,676.3579336577989
20537,2,artillery_foot,496,440.36534461495086
20538,2,artillery_foot,496,440.36534461495086
20540,2,artillery_foot,496,440.36534461495086
20541,3,artillery_foot,399,397.70576843597803
20542,3,artillery_foot,399,397.70576843597803
20543,3,artillery_foot,399,397.70576843597803
20544,3,artillery_foot,399,397.70576843597803
20545,3,artillery_foot,399,397.70576843597803
20546,3,artillery_foot,399,397.70576843597803
20547,4,artillery_horse,870,859.3134067403153
20548,4,artillery_horse,870,859.3134067403153
20549,4,artillery_horse,870,859.3134067403153
20550,4,artillery_horse,870,859.3134067403153
20551,4,artillery_horse,870,859.3134067403153
20552,4,artillery_horse,870,859.3134067403153
20553,4,artillery_horse,870,859.3134067403153
20554,1,general,406,391.23452038658985
20555,2,general,359,325.5348534180587
20556,1,general,406,391.23452038658985
20557,4,general,243,276.5189842194935
20558,0,general,741,738.5397170177592
20559,4,general,1,1.0
20560,0,general,281,281.08166661703797
20561,3,general,159,159.8572266051055
20562,1,general,406,391.23452038658985
20565,3,general,420,419.7393106742262
20566,4,general,1063,1162.185069789782
20567,4,general,1,1.0
20568,1,infantry_grenadiers,254,321.16235613248057
20569,1,infantry_grenadiers,280,321.16235613248057
20570,1,infantry_grenadiers,280,321.16235613248057
20571,1,infantry_grenadiers,280,321.16235613248057
20572,1,infantry_grenadiers,280,321.16235613248057
20573,1,infantry_grenadiers,280,321.16235613248057
20574,1,cavalry_heavy,1400,1266.7420921390785
20575,0,cavalry_heavy,1685,1460.5701937826861
20576,0,cavalry_light,1000,960.0237656401039
20577,0,general,1513,1305.8310855648783
20578,3,general,1448,1234.6642862673536
20579,0,general,1191,1117.3190045235106
20580,0,general,1251,1191.5293013201394
20581,4,general,825,763.181031787111
20585,4,general,994,892.1965724342571
20587,3,infantry_line,486,438.773984282226
20589,1,infantry_skirmishers,227,255.14336073416865
20590,1,general,919,860.032429742003
20591,3,general,552,490.8940883262424
20592,3,general,710,655.8082276695513
20593,0,infantry_light,840,804.9929364635601
20594,1,infantry_light,622,605.5046925767991
20595,1,infantry_skirmishers,334,364.53909069740433
20596,0,cavalry_light,1990,1895.9731230827113
20597,4,general,1723,1546.95819245757
20598,0,general,1014,928.2280743803462
20599,4,general,885,728.1104512453845
20601,2,infantry_light,909,868.5506448463605
20605,4,infantry_light,716,681.268199531456
20606,3,infantry_light,650,670.5308363348148
20607,3,infantry_skirmishers,292,312.6013172951968
20608,1,general,514,486.94214283890943
20609,4,general,950,887.2353521386736
20610,0,general,615,551.5686946832374
20611,1,general,877,786.3495792403181
20612,3,general,260,224.20962005798344
20613,2,general,482,414.64797891452423
20614,2,general,303,274.5437917707677
20615,1,general,279,195.48572801906724
20618,1,infantry_line,402,336.45163087971747
20619,1,infantry_line,611,559.9074236758867
20622,3,infantry_line,744,702.6915402961253
20623,3,cavalry_light,919,857.0219778805042
20624,2,general,1193,1147.0235823442672
20626,2,general,988,911.7181885178547
20628,2,general,718,647.5039884494995
20630,1,infantry_line,1124,1077.7258196049368
20631,3,infantry_line,645,589.3089076389543
20632,4,general,422,375.7217676221318
20633,2,general,417,362.4500367727124
20634,4,general,643,626.7514474466985
20635,4,general,601,601.5285433909642
20636,2,general,920,723.609898537674
20638,0,general,382,328.30327210680815
20639,1,general,444,392.53872727457053
20640,3,infantry_light,771,700.7714600254667
20641,4,infantry_line,540,525.8202848317011
20642,0,infantry_line,497,477.503585986611
20644,0,infantry_line,973,816.5493825877614
20645,3,infantry_line,494,468.5187926319095
20647,4,general,254,225.0771457648256
20648,4,general,311,281.3950291084155
20649,2,general,357,319.63370612545845
20650,3,general,448,376.2427870134588
20651,3,infantry_line,369,366.14783338256746
20652,0,infantry_line,419,413.4698773595712
20653,2,infantry_line,575,524.9176273371946
20654,2,general,246,242.6246105206983
20655,2,general,925,829.1538574894836
20657,3,general,417,344.67156387731956
20658,0,general,1021,948.5452762764422
20659,2,general,258,187.80420321720698
20660,2,general,666,575.3924617874831
20662,1,general,383,313.63386748327196
20663,2,general,600,549.1496582413321
20664,2,infantry_light,1065,1036.3821895054732
20666,2,infantry_line,683,622.7152973526311
20668,4,infantry_line,791,727.6879338859725
20669,1,infantry_line,488,427.7886137871375
20670,3,infantry_line,376,323.3107335850986
20671,0,general,1212,1023.1886107742445
20672,0,general,770,736.6171922668894
20673,1,general,963,794.0397435623574
20674,0,infantry_line,545,495.23059948548934
20675,1,infantry_line,1095,969.2949531211136
20676,4,general,1894,1406.2229671939804
20677,3,general,2164,1684.672081213944
20679,1,infantry_skirmishers,210,252.86139480616077
20680,4,artillery_foot,632,697.7233953669019
20681,4,artillery_foot,632,697.7233953669019
20682,0,artillery_foot,498,539.1657262902178
20683,4,artillery_foot,532,558.6070130813085
20684,0,artillery_foot,489,549.4448391250847
20685,1,artillery_foot,771,881.4542831699245
20686,2,artillery_foot,718,837.1570199447971
20687,2,artillery_horse,996,1013.5520642388432
20688,4,general,694,749.2595906969036
20689,4,general,534,532.9969832598396
20690,2,general,248,184.85232897518546
20691,1,general,415,422.64230895075684
20692,0,general,469,468.4694443617298
20693,4,general,1,1.0
20695,3,general,637,704.2702458073691
20696,3,general,543,510.513252913026
20697,1,infantry_line,339,349.1737907174956
20698,4,infantry_line,337,348.5378958909176
20699,0,general,446,382.13049096826364
20701,3,general,416,371.70112388725875
20703,2,general,886,850.6270866488877
20704,4,general,240,207.48359152093
20705,1,general,290,269.98403602626354
20706,1,infantry_light,533,505.1412726827668
20707,3,infantry_light,425,441.1260830352274
20708,1,infantry_line,413,399.27203174790907
20709,4,infantry_line,338,311.01672783730845
20711,3,cavalry_light,910,880.1482097440263
20714,4,general,947,934.0348416094052
20715,0,general,1029,952.234938794639
20716,0,cavalry_light,1053,999.544730172901
20717,4,general,909,872.9552131739249
20720,4,general,570,555.3146410253929
20721,3,general,758,673.8702119541769
20722,4,general,633,614.4712322266777
20723,0,infantry_light,632,584.6458937317666
20725,3,infantry_line,678,680.0462189591377
20726,4,general,101,99.49386177658445
20727,3,general,128,105.67365535767931
20728,3,general,53,36.64181365931624
20729,4,general,271,256.82023266047884
20730,1,general,1413,1413.1929124908756
20731,1,infantry_line,379,358.29433016316585
20732,4,infantry_line,944,948.4603067235921
20733,2,infantry_militia,183,202.67720873438063
20734,1,infantry_militia,111,108.06044290884587
20736,2,general,163,112.62743826619257
20738,4,general,30,25.90766163856108
20739,3,infantry_militia,93,111.1738656298119
20740,1,infantry_militia,101,109.81037665088866
20742,3,general,656,554.5608859637709
20743,0,general,722,739.3173573118504
20746,2,general,721,821.4843386866098
20747,4,general,656,688.9372090357281
20748,0,general,463,414.7330094606282
20749,1,general,323,340.24716530023176
20751,3,general,829,712.7265781580535
20752,2,infantry_light,463,486.0892788157456
20753,2,infantry_light,527,519.5151394223518
20754,3,infantry_light,482,511.9463067394534
20755,0,infantry_militia,647,679.4831319341799
20756,4,infantry_skirmishers,841,847.3618988798335
20757,4,infantry_skirmishers,454,429.30475561300955
20759,4,infantry_skirmishers,815,765.2817564804612
20760,0,infantry_skirmishers,767,800.6464635408344
20761,2,infantry_skirmishers,535,524.2718014162106
20762,0,infantry_skirmishers,828,850.3983761151072
20763,4,general,1552,1790.2985866310742
20764,3,general,766,1004.5476879431345
20765,4,general,244,243.56699980760547
20767,3,general,187,192.47906610001377
20768,2,general,1069,1045.717197867192
20769,3,general,769,776.3216468802309
20770,0,infantry_line,276,303.43878892543466
20771,3,infantry_line,881,905.1917966081031
20772,1,infantry_militia,1117,1178.345681272784
20773,1,infantry_skirmishers,608,617.6884835957732
20777,3,general,786,741.4926961761764
20779,1,general,854,864.4188356877776
20780,2,general,346,317.57938682684664
20781,0,general,405,351.8683349540712
20782,4,general,450,407.32022608257904
20783,2,general,712,591.2968857541882
20784,0,general,298,237.92967545051388
20785,1,general,517,477.14725974541034
20786,1,general,993,894.996403488645
20787,4,general,1240,1104.4623909226377
20788,3,infantry_grenadiers,411,355.94687264748654
20792,1,infantry_militia,461,447.58755882263097
20793,3,infantry_skirmishers,485,437.65435404176577
20794,2,infantry_skirmishers,403,387.69375614404066
20795,3,infantry_skirmishers,1018,1171.8431697001197
20796,4,infantry_skirmishers,386,350.98301133133674
20797,2,infantry_skirmishers,781,646.9830620711996
20798,4,cavalry_standard,854,832.2895197695001
20800,1,general,695,665.3299007635597
20802,3,general,1115,1041.5998289451047
20803,2,general,210,222.041509322517
20804,3,general,55,44.865209268371416
20806,2,general,21,58.41242343080165
20807,2,general,121,118.22234952166082
20808,1,general,116,107.9897489969942
20809,1,general,86,107.78390142308942
20810,4,general,150,169.12910254829583
20811,1,infantry_line,226,275.168865284662
20813,3,infantry_militia,145,163.77848546991896
20814,2,infantry_skirmishers,135,165.12516602821267
20815,0,infantry_skirmishers,181,189.69653799127724
20816,1,infantry_skirmishers,235,202.1178748391864
20817,1,infantry_skirmishers,85,126.6819607613864
20818,1,general,298,294.8623114037464
20819,0,general,54,31.25421296029762
20820,1,general,83,60.98337346956181
20821,2,general,261,227.58838779683154
20823,2,infantry_militia,130,140.43725252352053
20824,0,infantry_militia,174,212.85635961521376
20826,2,cavalry_light,990,883.5992655137408
20827,0,general,231,173.22325672884133
20828,0,general,861,753.7176473522918
20830,1,general,815,711.6699327780836
20831,1,infantry_skirmishers,358,230.06082653980016
20832,0,infantry_skirmishers,93,142.97098389913958
20833,1,general,449,337.8706595567131
20835,4,general,287,231.7434800707919
20836,1,general,334,229.0255141380798
20837,3,general,415,352.84898502038726
20838,3,general,28,1.0
20840,1,general,546,461.94756789985655
20843,4,infantry_light,540,458.92657537852546
20844,1,infantry_militia,294,287.13275281242176
20845,2,infantry_militia,349,320.10132688131824
20847,0,infantry_skirmishers,370,351.1093418506706
20850,1,artillery_foot,685,708.986944649429
20851,0,artillery_foot,470,548.0858418459397
20852,3,artillery_foot,726,790.9640910938906
20853,2,artillery_foot,618,550.4566807686886
20854,2,artillery_foot,618,550.4566807686886
20855,4,artillery_horse,1087,1074.141758425394
20856,2,artillery_horse,561,559.3781703949265
20857,1,general,589,612.7007262092993
20858,4,general,1,1.0
20859,4,general,1,1.0
20860,2,general,73,66.29901982005384
20861,2,general,185,232.84249148500336
20863,3,general,76,65.81172656687326
20864,2,general,185,232.84249148500336
20865,4,general,160,143.420374902392
20866,2,general,399,356.65464133638824
20869,2,general,349,308.9638904905654
20871,0,general,377,322.0687351053037
20873,1,general,240,206.56430393114792
20876,3,general,198,172.43450416334662
20877,1,general,391,357.6806872470671
20879,1,general,434,406.7403404869538
20880,3,infantry_grenadiers,194,441.4178603911405
20881,0,infantry_grenadiers,288,275.94533194004424
20882,0,infantry_light,449,416.1762736624748
20884,1,infantry_light,271,344.6023586696503
20887,0,infantry_light,406,396.6559812918994
20888,3,infantry_light,495,436.72781016700003
20890,0,infantry_line,191,200.8150478088612
20892,0,infantry_line,339,292.54080752090425
20893,3,infantry_line,377,336.0236083080099
20894,1,infantry_line,360,345.498525389875
20895,3,infantry_line,306,266.1838860935498
20896,3,infantry_militia,127,133.36537192345526
20898,2,infantry_militia,109,129.5441957200121
20900,3,infantry_militia,80,90.94751878238563
20901,1,infantry_militia,146,151.504158268489
20902,2,general,88,76.97014931265875
20903,2,general,120,182.495227755177
20904,3,general,199,173.78325685591494
20905,1,general,352,340.78841560601
20906,0,general,244,238.5449124480304
20907,1,general,206,191.13088523749315
20908,1,infantry_line,210,198.335133742082
20909,0,infantry_line,315,289.3617967314094
20911,0,infantry_militia,128,141.93997303295995
20912,3,infantry_militia,146,149.79854609007702
20913,0,infantry_militia,157,174.52088259869348
20915,1,general,119,272.17760018768064
20916,4,general,243,211.47468494508442
20917,0,general,112,106.40767870920908
20918,0,general,524,373.97503045358616
20919,1,general,291,362.6466597392341
20920,3,general,76,70.01704101621777
20921,1,general,119,116.86026871128713
20922,1,general,205,212.86128880824583
20923,2,general,394,416.8658076872075
20924,0,general,221,202.11659244536514
20925,0,general,351,388.2453324321549
20926,4,general,438,342.0445062233562
20927,4,general,340,312.16990607773005
20928,0,general,196,166.33274819741274
20929,3,general,211,200.83494596614446
20930,1,general,236,199.57164726580535
20931,3,infantry_grenadiers,191,424.69481648780584
20932,3,infantry_grenadiers,365,538.9418512891659
20933,1,infantry_grenadiers,447,468.83674079031965
20934,4,infantry_grenadiers,221,227.19807397251995
20935,1,infantry_grenadiers,230,230.70606249898867
20936,0,infantry_irregulars,300,268.6015438531938
20938,0,infantry_line,188,160.92312495278705
20939,3,infantry_line,255,265.41072349843387
20940,2,infantry_line,179,163.19046872746648
20943,0,infantry_line,335,337.4542616499578
20944,0,infantry_line,391,323.67611800394417
20945,1,infantry_line,305,257.694441896211
20947,0,infantry_line,447,409.6415446112636
20949,3,infantry_militia,104,102.10113093504224
20950,1,infantry_militia,127,132.85644799675626
20951,3,infantry_skirmishers,341,283.94405742138815
20952,2,general,288,258.53440502972785
20953,2,general,154,158.1375730899425
20954,1,general,195,187.69804934909183
20955,2,general,275,249.68804989410248
20956,3,general,167,137.5774205766929
20957,3,general,215,200.5767393630956
20958,4,general,344,271.7571703685579
20959,4,general,179,180.93064446759882
20961,0,general,657,635.8285349886852
20963,3,general,801,790.634892066212
20964,4,general,776,767.1719235339909
20965,3,general,332,321.2447027200366
20966,3,general,495,475.3878884620559
20968,2,general,1008,994.3803301588523
20969,2,general,591,537.8874654418901
20970,4,infantry_grenadiers,405,356.4936079778549
20971,1,infantry_irregulars,566,518.5440122942805
20972,3,infantry_light,386,364.08754516379764
20973,3,infantry_light,363,359.11622433935696
20974,4,infantry_light,363,338.2083990855675
20977,4,infantry_line,257,251.31762580544603
20978,2,infantry_line,322,292.71265560297235
20979,0,infantry_line,243,231.10603689932188
20980,4,infantry_line,258,245.97312866006502
20982,3,infantry_line,925,912.2799715782245
20984,4,infantry_line,504,463.51146080373655
20985,1,infantry_line,241,197.8201259290105
20986,1,infantry_line,441,415.68065064633134
20987,0,infantry_line,713,702.496175549682
20988,1,infantry_militia,320,249.22552866020902
20989,4,infantry_militia,133,134.1660396421619
20990,0,infantry_militia,82,94.38734423179572
20991,2,infantry_militia,155,165.19426193810492
20992,0,infantry_militia,111,116.7770465802208
20994,3,infantry_militia,235,213.06689235641224
20995,1,general,111,102.76146092188344
20996,3,general,598,583.9285747786505
20997,3,general,343,248.04596125419695
20998,3,general,60,50.32091110397558
20999,1,general,150,137.1580418164324
21000,3,general,187,165.42322146351273
21001,0,general,121,137.95781605597378
21003,0,general,208,192.28880533691446
21004,3,general,114,125.83924998025856
21005,4,general,392,381.05997875365597
21006,0,general,1176,1166.8366553224591
21008,2,general,939,931.9827476392342
21009,4,general,800,762.3587369405973
21010,0,general,476,367.23086273640894
21011,2,general,460,390.4335451176896
21012,2,infantry_grenadiers,290,261.1095592317688
21013,2,infantry_grenadiers,398,372.69640377495114
21014,0,infantry_light,258,234.54541197219658
21015,2,infantry_light,271,261.3771430091221
21016,0,infantry_light,510,438.4364612865138
21019,0,infantry_line,184,160.7545511825206
21020,0,infantry_line,236,237.17650579327153
21021,2,infantry_line,231,219.51581496465647
21022,3,infantry_line,375,371.5171721426797
21023,0,infantry_line,858,822.8644716319077
21024,1,infantry_line,367,340.0314958465729
21025,4,infantry_line,652,625.6431809455457
21027,2,infantry_line,438,405.56748437979513
21028,2,infantry_line,1063,1065.1676490247544
21029,0,infantry_militia,176,187.39433216818935
21030,0,infantry_militia,213,212.82570677647885
21031,1,infantry_militia,150,164.1460718757815
21032,2,infantry_militia,97,121.28475601529586
21033,3,infantry_militia,302,266.76908055051763
21034,0,infantry_militia,170,185.80777652490318
21035,4,infantry_militia,122,133.6566438916139
21036,1,infantry_militia,116,109.7168047970318
21037,2,infantry_militia,370,329.3771074068761
21038,4,infantry_militia,88,92.91631948364278
21040,4,general,239,237.36451919436425
21041,1,general,121,107.31333971195832
21042,3,general,237,260.028944795991
21043,2,general,397,349.4650082422678
21044,0,general,217,190.7649069640827
21045,1,general,220,181.58264998742294
21047,3,general,250,247.26551095651638
21048,3,general,396,299.7485931048217
21049,3,general,207,202.04551432919288
21050,3,general,264,223.26242587573026
21051,0,general,590,560.2413802980672
21052,3,general,161,143.3063490521597
21053,1,general,731,599.9435503484526
21054,0,general,475,428.41880441267637
21055,4,infantry_grenadiers,474,430.54906467784946
21056,3,infantry_irregulars,510,384.0649870668998
21057,4,infantry_irregulars,179,231.81143313189
21058,3,infantry_light,326,287.8154661091524
21059,1,infantry_light,371,361.72053670056766
21060,0,infantry_light,781,671.5767960836181
21063,4,infantry_line,309,297.4492876313928
21064,2,infantry_line,266,237.15587050201972
21065,4,infantry_line,508,477.123140611299
21066,1,infantry_militia,91,95.56681534732363
21067,4,infantry_militia,104,110.96003545748901
21068,0,infantry_militia,154,188.879805791398
21069,3,infantry_militia,136,149.36755993971394
21070,4,infantry_militia,221,205.54653495932888
21071,1,infantry_militia,88,102.27297915475829
21072,4,infantry_militia,187,185.1390601223363
21073,1,cavalry_heavy,1019,1073.7179083778137
21074,3,general,71,111.43535974771532
21075,4,general,884,910.2201997239034
21076,1,infantry_line,139,181.7827649853636
21077,2,infantry_militia,331,291.11427436348475
21078,1,infantry_militia,175,166.19233238558638
21079,2,infantry_militia,80,103.31005040256095
21080,2,infantry_militia,267,257.41320240985044
21084,2,general,388,366.08722194893073
21087,3,cavalry_heavy,1130,1150.8765714166566
21089,4,cavalry_heavy,1115,1072.6756748182072
21090,0,cavalry_heavy,512,547.7222362715895
21091,4,cavalry_heavy,936,918.1172257104258
21092,4,cavalry_heavy,1180,1105.1383402706228
21093,0,cavalry_heavy,648,657.5339521899227
21094,1,cavalry_standard,778,685.2287678960854
21095,2,general,721,697.5107663722383
21096,2,general,499,502.88941504880665
21098,3,general,759,755.1223395712506
21099,3,general,720,645.0127398394836
21100,4,general,368,418.9916178412326
21101,1,general,511,517.6947315692786
21104,0,cavalry_light,284,300.78705358961787
21105,4,cavalry_light,357,358.918467661847
21106,2,cavalry_light,309,315.61957871003744
21107,4,cavalry_standard,379,354.00975325182316
21108,1,cavalry_standard,451,420.82501062298576
21109,4,cavalry_standard,498,491.57161362320664
21110,0,general,159,196.27940816814663
21112,0,general,268,277.4966844070126
21113,2,general,169,209.10895376241862
21114,2,general,255,258.2407712015254
21115,3,general,407,404.93478050086776
21117,2,cavalry_light,275,279.18191582208965
21118,3,cavalry_light,282,268.2353265318385
21119,2,cavalry_light,366,372.23201745699464
21122,2,general,248,265.9456168471794
21123,2,general,388,366.08722194893073
21125,2,general,152,175.6123624510502
21126,0,artillery_foot,632,605.3856370333953
21127,3,artillery_foot,857,860.2380301295237
21128,2,artillery_foot,450,472.9661461298993
21129,0,artillery_foot,244,265.71984384516185
21130,4,artillery_foot,247,249.89519163432539
21131,0,artillery_foot,244,265.71984384516185
21132,1,artillery_foot,507,518.5818375188592
21133,1,artillery_foot,451,528.200852221722
21134,0,artillery_foot,661,777.7444064757458
21135,2,artillery_foot,393,480.8998873106777
21136,1,artillery_foot,451,528.200852221722
21137,4,artillery_foot,303,338.7829306176092
21138,0,artillery_foot,310,356.45309160225236
21140,0,artillery_horse,768,768.9022816284848
21141,3,artillery_horse,815,787.796937066854
21143,4,general,1,1.0
21144,3,general,180,232.4060122613734
21145,4,general,817,829.147013495839
21146,3,general,681,797.5812810026451
21147,3,general,177,177.61914067233937
21148,0,general,312,312.31296290781984
21150,3,general,177,177.61914067233937
21152,1,general,988,1132.9360098805394
21153,1,general,775,739.0052413132041
21154,4,infantry_grenadiers,272,277.64730408507336
21155,3,infantry_grenadiers,315,307.50749035337833
21156,4,infantry_grenadiers,275,215.77256843988215
21161,0,general,332,348.5910951517696
21162,0,general,322,375.34049263176576
21163,2,general,226,325.1999596491478
21164,1,general,276,271.22139703735985
21166,2,general,751,729.7892312823766
21167,1,general,391,417.8037333311524
21168,0,general,519,497.5333817719778
21169,2,general,1028,1061.9185989132482
21170,1,general,1014,1023.3982310997282
21172,2,general,186,221.15135140384277
21173,4,general,559,546.3319673746958
21174,0,general,417,425.54636256468206
21175,0,general,582,625.3938142718495
21177,2,infantry_grenadiers,432,427.41445518062744
21179,3,infantry_light,381,374.2878303827328
21180,1,infantry_light,314,338.4260368350085
21184,2,infantry_light,790,811.5506316495664
21185,2,infantry_line,1133,1185.7786182745813
21186,0,infantry_line,1082,1156.372862692255
21188,0,infantry_line,373,391.01007301984765
21189,2,infantry_line,243,264.6257077227641
21190,0,infantry_line,293,312.3139256253274
21192,2,cavalry_light,431,427.01416815924716
21193,4,cavalry_light,308,318.98562260603217
21194,3,cavalry_light,258,239.5908449670055
21195,0,general,128,139.49237579825228
21197,2,general,241,259.08500137382737
21198,0,general,580,641.3079437727653
21199,0,general,393,407.30787235427414
21200,3,general,200,221.51308478223524
21201,4,general,361,369.97865943016427
21203,0,infantry_line,387,391.0513688843216
21204,1,infantry_line,336,343.46552880145236
21205,4,infantry_line,294,307.4674026790067
21206,2,general,302,322.9941440199312
21207,4,general,250,247.02254488738606
21208,0,general,306,325.61198426910136
21209,4,general,168,177.14431876512054
21210,3,general,420,429.50612722385176
21211,0,general,210,214.8127710773755
21212,3,infantry_light,272,266.8174209619787
21213,1,infantry_light,502,511.88402748696
21214,3,infantry_line,304,303.3225805985072
21215,2,infantry_line,400,415.80550340804376
21216,1,infantry_line,401,401.89176571853676
21217,0,infantry_line,360,372.9126283534744
21218,2,infantry_skirmishers,216,220.97704721520375
21220,1,general,183,208.66376445809584
21221,2,general,251,250.09093547131823
21222,4,general,604,604.3353734166001
21223,3,infantry_grenadiers,245,313.340846911192
21224,0,infantry_line,267,275.3954436565046
21225,3,infantry_line,277,294.1058405098381
21226,1,infantry_line,558,555.8956045096859
21227,0,infantry_line,348,337.90827284470595
21228,2,artillery_foot,518,482.2589259794427
21229,0,general,383,357.98603408874914
21230,0,general,141,159.6101330857933
21231,1,general,241,260.97661751615885
21232,3,general,100,114.78766958610628
21233,1,infantry_line,195,204.35305192850493
21234,2,infantry_line,197,200.47516517890458
21236,3,general,118,144.02506311999906
21237,1,general,128,162.6782619132538
21238,4,general,178,212.79149545762348
21239,1,general,860,865.7723175863381
21240,0,general,443,484.8912888669591
21243,4,general,998,1019.1246607662015
21244,2,infantry_light,175,193.3178067904217
21245,3,infantry_line,175,205.7280433605094
21246,4,infantry_line,174,203.5343316453655
21247,3,infantry_line,499,538.0741542991035
21248,1,infantry_line,724,770.2865079807896
21249,2,infantry_line,409,423.668008753714
21250,4,infantry_militia,204,216.96396533892656
21252,3,cavalry_light,297,241.63027400738318
21254,1,general,216,218.01738084741118
21255,3,general,269,282.3331212162255
21257,2,general,177,187.2260060811414
21258,0,general,61,48.825526579006336
21259,4,general,242,262.13762158657005
21260,0,general,286,315.9462296052568
21261,4,general,203,222.1565460480054
21262,3,general,645,628.0304028374794
21263,3,infantry_grenadiers,231,212.74506621451184
21264,4,infantry_light,244,258.0492361393516
21265,4,infantry_light,207,217.9378489895807
21266,1,infantry_line,253,254.18529949756757
21267,3,infantry_line,248,267.80087273548384
21268,4,infantry_line,310,308.04117346130863
21269,3,infantry_line,561,562.8189035825253
21273,1,infantry_militia,149,140.39981715050655
21274,1,infantry_militia,174,158.48326850310303
21275,3,infantry_skirmishers,191,192.22142411409376
21276,3,infantry_skirmishers,163,184.5805210006012
21278,0,artillery_foot,817,750.8617715349122
21280,2,general,191,217.02624718623795
21281,4,general,348,305.6365588423797
21282,1,general,147,186.8465847474851
21283,2,infantry_line,238,262.5514633502123
21284,3,infantry_line,240,272.08418274871144
21285,3,general,72,136.01389852290305
21286,2,general,142,177.26818235352775
21287,1,general,100,123.17970194296599
21288,1,infantry_line,114,180.14469550332396
21290,4,infantry_line,167,186.55480708055265
21291,0,general,536,535.0017535333394
21292,2,general,557,556.1427246454814
21293,1,infantry_light,611,609.9115530488341
21294,1,infantry_light,517,506.9980700820805
21296,1,general,168,191.67414138747114
21297,2,general,514,532.4323542323647
21298,1,general,350,382.7226228672374
21299,4,general,724,720.3520091190518
21300,0,infantry_line,207,237.12852945284956
21301,1,infantry_line,99,129.642822320435
21302,0,infantry_line,429,445.5236733132007
21303,2,infantry_line,446,479.211013917443
21304,0,infantry_line,658,662.7855975735679
21305,4,infantry_militia,165,151.62205979072692
21306,0,infantry_militia,89,99.436592612696
21307,0,infantry_militia,125,139.38543620965692
21308,4,infantry_militia,135,146.02523510435344
21310,4,cavalry_standard,727,662.0937482944581
21311,3,general,286,309.70714578120084
21313,4,general,367,373.88804489932556
21314,2,general,59,65.27490760617523
21315,1,general,226,275.3191592697943
21316,3,general,673,677.3834955857141
21317,1,general,870,927.5314014010852
21318,1,general,227,218.44693575009813
21320,3,general,581,525.1084117278535
21322,3,infantry_grenadiers,466,490.0828097587131
21323,2,infantry_line,329,313.11201794868924
21324,3,infantry_line,581,601.9607429247336
21325,3,infantry_line,663,712.1997059856177
21326,2,infantry_militia,138,146.62226747762693
21327,1,infantry_skirmishers,342,357.3428599995084
21329,3,cavalry_standard,317,323.676285805767
21330,4,general,39,46.30863547332666
21333,4,infantry_militia,161,183.6461756889863
21334,2,infantry_militia,79,99.36065456525071
21335,1,infantry_militia,95,122.87671465652268
21336,1,cavalry_light,477,430.65578431593764
21337,1,cavalry_light,425,430.5874710401209
21338,0,general,29,34.525434993505485
21339,1,general,308,325.02479921319787
21340,2,general,352,332.8999563849804
21341,4,infantry_militia,88,57.385660792712955
21344,4,infantry_skirmishers,472,328.45006614028296
21347,0,general,64,141.79475058909705
21348,4,general,198,212.44591206039246
21349,2,general,322,338.77971239314746
21350,4,infantry_light,205,263.8354718397414
21351,0,infantry_line,97,137.26153648244218
21352,2,infantry_line,94,141.5899937334857
21353,3,infantry_line,260,261.99719059845927
21354,2,infantry_line,389,402.4028735383793
21355,4,infantry_militia,108,108.02989835081053
21356,2,infantry_militia,93,91.6629008590283
21357,0,infantry_militia,118,124.8804129261523
21358,2,general,441,485.82799986840627
21361,1,infantry_line,545,587.8326047449538
21363,4,artillery_foot,342,330.5989226845903
21364,0,general,192,174.0172946283999
21365,1,general,941,978.9229902522162
21366,4,general,686,683.5251826798007
21367,3,general,466,434.6793619888105
21368,0,general,270,274.4626432170831
21369,4,general,1336,1128.2888510275836
21370,2,infantry_light,796,814.7458527338532
21371,4,infantry_light,969,976.2144925729528
21372,0,infantry_light,506,489.5846476414178
21373,4,infantry_line,335,329.28163729098674
21375,0,infantry_militia,51,63.248729075990454
21377,3,general,208,218.8271633060927
21379,4,general,309,321.42133454298124
21380,1,general,261,257.9786202784837
21381,0,infantry_grenadiers,196,191.8634775636786
21382,0,infantry_line,271,271.3759035726847
21384,1,infantry_line,367,368.0256167407974
21385,1,infantry_line,323,310.6414994984966
21388,0,cavalry_heavy,1718,1483.077207357567
21389,2,cavalry_heavy,941,824.5670537360235
21390,1,cavalry_heavy,1311,1138.0345510523443
21391,0,cavalry_heavy,1363,964.5160016413625
21392,1,cavalry_lancers,401,367.8421964921885
21394,4,cavalry_light,318,332.9142645617136
21395,1,cavalry_standard,359,344.2291887826401
21396,0,general,363,342.7105702543387
21397,1,general,770,715.4622065254671
21399,2,general,1315,1173.9209663128026
21400,1,general,277,281.38733339192527
21401,0,general,1277,886.8612891195261
21402,3,general,224,254.13514476240726
21403,2,general,278,313.7987340438981
21404,2,general,1698,1432.586811617596
21405,1,cavalry_heavy,984,856.355056976782
21406,0,cavalry_light,998,956.171309000762
21407,2,cavalry_light,1073,1019.8750435099026
21408,3,cavalry_light,190,203.98276576970247
21409,2,cavalry_light,268,279.64505819917343
21410,3,cavalry_light,553,524.0962638533047
21411,2,cavalry_standard,416,415.0794952844249
21413,4,general,80,116.0735725759711
21414,0,general,859,771.8154264886872
21415,1,general,866,844.2601835926138
21416,0,general,1002,994.5247494186923
21417,4,general,298,313.5093034769305
21418,4,cavalry_heavy,846,713.5316181693075
21419,0,cavalry_heavy,965,851.9544435896105
21420,2,cavalry_heavy,1632,1477.729220094888
21421,4,cavalry_light,410,407.1894867082794
21422,1,cavalry_light,294,305.84208053241684
21423,0,cavalry_light,985,935.2670612860484
21424,2,cavalry_standard,419,431.2893592922535
21425,0,general,853,807.1965174040392
21427,1,general,796,739.2260752239682
21428,2,artillery_horse,592,608.131238543306
21430,2,general,207,212.95417909771385
21432,4,infantry_militia,62,73.68218816251542
21433,1,artillery_foot,33,63.1364021812781
21434,0,general,705,672.4932532157578
21435,2,general,986,889.1886600772875
21437,1,general,180,173.29267652565065
21438,0,infantry_militia,132,161.30164590668014
21439,2,infantry_skirmishers,160,168.46020415500175
21440,3,cavalry_light,231,218.48968787447401
21441,1,general,154,202.80668173286284
21443,2,artillery_foot,255,263.48180293914936
21444,1,artillery_foot,285,263.0373415031689
21446,2,artillery_foot,867,749.7569260705799
21447,4,artillery_foot,356,327.16631767674437
21448,0,artillery_foot,244,239.14785946064575
21449,1,artillery_foot,476,475.38076699955
21450,4,artillery_foot,312,304.9046375558484
21451,0,artillery_horse,348,358.2666818945544
21452,1,general,341,355.1585954828458
21453,1,general,1746,1097.5973320139167
21454,2,general,163,201.88152164537212
21457,0,general,230,246.62994967266118
21459,0,general,146,173.02557970098792
21460,3,general,250,159.8572266051055
21461,1,infantry_grenadiers,244,260.6081587951532
21462,2,infantry_grenadiers,235,258.64278930521084
21463,3,infantry_grenadiers,283,276.75674131804055
21464,4,infantry_skirmishers,216,205.474904896097
21466,1,cavalry_light,543,544.8086708421683
21467,3,cavalry_standard,664,674.0815981099606
21468,4,general,399,667.7269413448217
21469,2,general,441,426.8461437839239
21470,4,general,684,672.902518964738
21472,3,infantry_line,725,747.3053091651551
21473,0,infantry_line,612,639.0855081626156
21474,1,infantry_militia,373,355.0443186207442
21475,1,infantry_militia,350,311.2770154565615
21476,2,general,591,628.6279325632839
21478,4,infantry_light,922,939.3505461948898
21479,4,infantry_light,829,853.88227638387
21480,1,infantry_line,539,568.3097110955049
21481,2,infantry_militia,201,201.8745434481576
21482,3,infantry_militia,179,169.74190949968582
21483,0,infantry_militia,324,282.4349045466596
21484,0,infantry_militia,242,205.4796065873564
21485,3,infantry_skirmishers,249,248.038680880911
21486,0,cavalry_light,326,350.860381916942
21487,3,general,183,133.5529038886551
21488,2,infantry_light,252,274.3188928516443
21489,4,infantry_light,262,317.6574565385643
21490,2,infantry_line,868,906.7791378530208
21491,1,infantry_militia,183,188.25994004801916
21495,1,cavalry_missile,880,1236.6509943330238
21496,0,general,618,627.0440740936192
21497,3,general,975,1007.6074577476921
21498,0,general,1098,1157.4289540505306
21500,2,infantry_line,873,905.429140772431
21502,4,infantry_militia,321,285.6565558569474
21503,3,infantry_militia,223,176.65519234274535
21504,1,general,602,568.7424308906567
21505,2,general,1018,975.9940903517
21506,1,infantry_grenadiers,1360,1499.6561391173684
21507,0,infantry_line,644,641.3989757385791
21508,3,infantry_line,868,908.8068615227493
21509,2,infantry_line,840,855.2850153399821
21511,1,infantry_line,406,385.8793257551202
21512,0,infantry_grenadiers,672,724.3437056713071
21513,4,infantry_line,498,492.04219973386074
21514,1,infantry_line,474,481.7748157051848
21515,0,infantry_line,526,529.400391221539
21516,3,infantry_skirmishers,300,273.84608114937794
21518,3,infantry_skirmishers,716,671.6917903563441
21519,0,general,225,179.07893090387583
21521,2,infantry_skirmishers,167,181.0206215389322
21522,3,infantry_skirmishers,263,218.6782073644163
21523,2,infantry_skirmishers,483,737.7981668453273
21525,2,infantry_line,538,564.5839174246233
21527,0,infantry_militia,389,361.24994903008985
21528,2,artillery_foot,453,421.8869070071239
21529,1,general,440,407.13390880145784
21531,2,general,458,461.45341307710794
21532,3,general,616,617.1727501546799
21534,2,infantry_line,376,385.9313728230291
21535,2,infantry_line,495,511.0535491201617
21536,3,infantry_line,740,767.0469930529683
21537,4,infantry_line,564,588.2931262076714
21538,3,infantry_line,633,615.9200076355899
21539,2,infantry_militia,302,316.09664829544806
21541,1,infantry_line,496,492.74207056209104
21542,3,infantry_line,460,464.6032789563279
21543,4,cavalry_light,317,278.6444479015588
21544,2,general,646,802.4643744687115
21545,2,general,442,419.4455424224842
21546,2,general,351,276.30679001249166
21547,2,infantry_militia,422,402.77591107203403
21548,3,infantry_militia,371,355.88726424590976
21549,4,infantry_skirmishers,584,551.2134417449946
21550,0,artillery_foot,607,715.4626278936495
21551,4,cavalry_heavy,1345,1312.907186342945
21552,1,cavalry_light,1563,1390.8855406825767
21553,0,infantry_line,1007,973.218029676338
21554,2,infantry_militia,82,143.14097743924864
21555,2,infantry_skirmishers,281,287.4164582583518
21557,1,general,276,264.99443105108423
21558,0,general,383,373.27453214580987
21559,1,infantry_light,397,406.18459765330607
21560,3,general,367,366.7670434574553
21561,1,infantry_light,443,455.4339060464303
21562,4,infantry_militia,117,126.51578524359807
21563,3,cavalry_missile,472,513.7028033910592
21565,0,infantry_skirmishers,683,627.9067620919649
21566,3,infantry_skirmishers,1011,1286.8307452766364
21567,0,general,370,657.9591661009905
21568,1,infantry_skirmishers,364,608.385428667954
21569,4,infantry_skirmishers,398,305.0226872873818
21571,4,infantry_skirmishers,662,515.7283413638955
21572,1,artillery_fixed,496,562.7991105243626
21573,4,artillery_fixed,1387,1585.7569510009005
21574,3,artillery_foot,705,659.3482814262227
21579,3,general,228,228.36746657872214
21580,1,general,820,815.8495570608335
21581,3,general,551,487.6849492432913
21582,2,general,601,599.9760110115102
21584,2,general,326,347.63267533184256
21585,3,general,309,321.18945585733826
21586,3,general,228,251.45617678578958
21587,2,general,345,368.0725153043906
21588,1,general,374,380.60396362396597
21589,2,general,236,235.18123125924518
21591,2,general,532,542.9400296608782
21592,2,general,196,224.29227364957384
21594,1,general,458,457.763216593985
21596,4,general,264,282.44536019960924
21597,1,general,664,686.9320014614796
21598,3,general,792,791.001460490314
21600,3,general,762,766.4430696405786
21601,2,general,498,512.0491902342347
21602,3,general,343,359.5309067679487
21603,1,general,294,310.0312559781557
21604,1,general,877,930.5984359230183
21605,2,general,348,343.9383262856003
21607,1,infantry_grenadiers,504,505.73228140683767
21608,1,infantry_grenadiers,659,704.9381128711582
21609,1,infantry_line,487,498.482308370185
21610,2,infantry_line,288,302.8552790019551
21611,2,infantry_line,336,335.1083019637319
21612,1,infantry_line,317,317.2022693304853
21613,2,infantry_line,477,475.5780756038783
21614,4,infantry_line,381,386.95462437075435
21615,2,infantry_line,377,393.9695512532363
21616,3,infantry_line,253,270.2351035459451
21618,2,infantry_line,369,365.5201904969523
21619,1,infantry_line,848,863.3917702152969
21620,4,infantry_line,706,703.3385393231171
21621,2,infantry_line,368,367.8814393905723
21623,1,infantry_line,716,745.509265196481
21626,4,general,426,408.5220427872224
21627,0,general,221,221.4074889216958
21628,3,general,266,289.56440503043547
21629,0,general,362,382.31616232427496
21630,2,general,252,283.5754517488546
21631,2,general,198,219.51057443714416
21632,1,general,178,194.4894332571666
21633,4,general,164,196.11192123769052
21634,4,general,377,378.2118596814695
21635,3,general,181,203.29880795305095
21636,2,general,321,324.4267589834749
21637,0,general,407,400.0659902875982
21638,4,general,297,304.2056069610269
21640,3,general,246,255.02140298340447
21642,3,general,592,603.1361084657957
21644,4,general,500,488.7054593845664
21645,2,general,318,334.55589927630945
21646,2,general,805,840.5876676760051
21647,2,infantry_grenadiers,720,709.8965209616741
21648,1,infantry_grenadiers,1036,1056.706488934075
21649,4,infantry_line,237,243.22756310668373
21651,3,infantry_line,238,246.63289042439712
21652,0,infantry_line,265,276.3131350453889
21654,0,infantry_line,348,351.49170489003615
21655,0,infantry_line,477,466.72974581136816
21656,0,infantry_line,285,286.98315113249976
21657,0,infantry_line,235,262.61466829109423
21658,4,infantry_line,375,383.8457588227591
21659,0,infantry_line,376,371.7652826940459
21660,2,infantry_line,480,476.508823295273
21661,4,infantry_line,300,306.04920748172077
21662,0,infantry_line,260,277.1640440244835
21663,2,infantry_line,701,736.22825236704
21664,1,infantry_line,429,422.4840205795241
21665,2,infantry_line,422,396.1482731188437
21668,2,general,543,506.5002347320576
21669,2,general,237,236.64673678141247
21670,1,general,335,310.1602116612976
21671,2,general,341,332.1238526870651
21672,4,general,383,373.5033590586178
21673,0,general,196,185.3260713432321
21674,0,general,214,234.42675115928057
21675,1,general,492,422.4314526536834
21676,1,general,228,222.14040747702114
21677,3,general,297,301.36060077636375
21678,3,general,237,194.14462304912405
21679,2,general,402,373.12784563219094
21680,1,general,404,343.33802620987365
21682,0,general,569,549.1979387457526
21683,4,infantry_grenadiers,549,473.3698673549829
21685,1,infantry_light,386,385.7973525685909
21686,3,infantry_light,450,439.09741279158396
21687,1,infantry_light,330,325.4896257078987
21688,0,infantry_light,362,385.3198404194875
21689,2,infantry_light,298,278.9759777381649
21691,2,infantry_light,322,330.95956198537357
21692,3,infantry_light,376,368.34583668695
21693,0,infantry_light,322,336.4526939482205
21694,0,infantry_light,598,571.39957313045
21696,0,infantry_light,355,370.4290351592908
21697,1,infantry_light,338,321.81279584460844
21698,4,infantry_light,458,414.77006737232335
21699,1,infantry_light,629,633.0525624577067
21700,2,general,319,324.8473174235519
21702,1,infantry_grenadiers,331,307.56417170725604
21704,0,infantry_grenadiers,287,287.40292052681986
21705,2,cavalry_light,1193,1063.5610648489576
21706,0,cavalry_standard,546,580.641848394062
21707,1,cavalry_standard,1035,1036.7892218442562
21708,1,general,1022,989.3308203968337
21709,1,general,408,444.9383310521798
21710,3,general,1104,997.5677164355398
21711,2,cavalry_lancers,455,447.60803047343165
21712,3,cavalry_lancers,564,549.0683959359377
21713,4,general,320,326.56167253765864
21714,0,general,470,478.8114870985004
21715,3,general,353,364.76941167427316
21717,0,general,354,372.40314058262413
21718,4,general,308,325.40525268277145
21719,3,general,202,207.70670538607516
21720,1,general,467,473.1817873628799
21721,0,general,572,547.9764362662276
21722,2,general,146,180.07551871114498
21723,3,general,297,331.18235624654784
21724,2,general,349,333.7199347999706
21727,1,general,237,259.27500937631737
21728,3,general,152,175.83165433274382
21729,4,general,253,271.45505555278555
21731,2,general,264,279.7230012776397
21732,0,general,578,541.046298932491
21733,1,general,310,324.0330043191172
21734,3,general,399,395.2624709954274
21735,0,infantry_light,541,518.1905710683931
21736,2,infantry_line,409,383.4215366709609
21737,4,infantry_line,469,458.9530028547945
21738,3,infantry_line,299,293.20614562424737
21739,4,infantry_line,459,461.7052315771042
21740,4,infantry_line,310,305.70845683049913
21741,4,infantry_line,308,316.49513318981764
21742,4,infantry_line,371,379.58534523881303
21743,2,infantry_line,208,221.64577865115191
21744,1,infantry_line,283,262.3799786600579
21746,4,infantry_line,391,390.25166899318515
21747,3,infantry_line,240,252.34954218702333
21748,3,infantry_line,328,319.0792466229132
21750,4,infantry_line,500,500.1720126662922
21752,4,infantry_line,398,391.03620288406455
21753,4,infantry_line,455,441.6545361311611
21754,2,infantry_line,372,380.98523725328687
21755,2,general,190,215.9086398263553
21756,0,general,266,275.73524273591084
21757,0,general,591,600.4382367927311
21758,0,general,264,285.49394358650494
21759,1,general,274,274.960142514734
21760,1,general,440,423.04777021340124
21761,1,general,187,215.53895824536585
21762,3,general,402,430.1956691330394
21763,1,general,347,343.62511490469456
21765,0,general,610,606.4624746924843
21766,2,general,203,220.77647373903505
21767,0,general,409,433.4437357742219
21768,0,general,133,128.57002963783287
21769,0,general,283,280.52979787364313
21770,3,general,341,340.0858787186425
21771,2,infantry_grenadiers,311,374.0855873424915
21773,1,infantry_line,380,391.2995338518294
21774,3,infantry_line,393,408.3365995604258
21775,1,infantry_line,284,297.94610116719775
21776,1,infantry_line,325,322.7909705030904
21777,0,infantry_line,275,263.91305927096295
21779,2,infantry_line,284,303.72065481387057
21780,3,infantry_line,331,318.88615573222336
21781,2,infantry_line,302,304.629340295946
21782,4,infantry_line,317,334.95782831634676
21783,2,infantry_line,205,214.26117942921636
21784,4,infantry_line,506,513.248337529698
21785,3,infantry_line,247,260.7016097061102
21786,0,infantry_line,306,321.96392481572684
21787,0,infantry_line,517,526.7369871774556
21788,3,infantry_line,238,206.09529506324765
21789,4,infantry_line,447,430.2947488795376
21792,4,general,529,445.4937454076437
21793,0,general,354,352.02778032675513
21794,0,general,566,543.5351498870464
21795,3,general,302,314.5202053707544
21797,2,general,439,436.3840343031192
21798,4,general,456,441.0116084279359
21799,3,general,365,308.1529003125259
21800,2,general,377,332.2017540394511
21802,2,general,354,348.16832021233336
21803,2,general,251,257.0944921809208
21804,4,general,503,510.2864600900189
21805,3,general,618,596.5834151858921
21807,4,infantry_grenadiers,265,271.6898246674147
21808,1,infantry_grenadiers,246,253.1586144140807
21810,4,infantry_grenadiers,324,304.71932540078177
21812,4,infantry_light,468,450.56482092892225
21813,4,infantry_light,355,320.9383612993045
21814,4,infantry_light,468,477.6874488601368
21816,3,infantry_light,358,370.4444349887579
21818,4,infantry_light,341,323.6011975846908
21819,1,infantry_light,501,463.2264725116526
21820,4,infantry_light,554,548.2579276853807
21821,0,infantry_light,314,292.7806010697324
21822,0,infantry_light,470,461.10752104478996
21823,3,infantry_light,523,533.652149672478
21824,3,infantry_light,324,304.14698705617
21825,0,infantry_light,563,588.3407329317916
21826,2,infantry_light,323,310.0867280671654
21828,3,general,502,485.87678796067206
21829,3,general,137,169.9487085437861
21830,1,infantry_grenadiers,247,249.02399539930775
21832,3,cavalry_standard,482,508.9348600365904
21833,2,cavalry_standard,523,549.9942741900732
21835,1,general,435,463.13545684579304
21836,0,cavalry_lancers,391,386.7961579732075
21838,3,cavalry_heavy,1991,1917.0917387315455
21839,4,cavalry_standard,825,843.3844681121615
21840,2,cavalry_standard,548,582.4965204465531
21841,4,general,219,241.5061691390439
21842,1,general,440,434.1652864801581
21843,2,general,179,199.84399614412638
21844,3,general,1964,1838.2394500020469
21845,3,general,447,475.0204722312812
21846,4,general,1856,1744.7552848832727
21847,2,general,255,269.40359848811823
21849,3,general,256,258.06015647940694
21850,4,general,650,682.7599717436125
21851,0,general,274,288.1377236678526
21852,1,general,686,865.3677373194889
21853,4,infantry_grenadiers,547,576.5326134937346
21854,0,infantry_grenadiers,813,948.2409293535421
21855,4,infantry_light,359,368.24456731078305
21856,0,infantry_light,368,354.41781639254265
21857,1,infantry_line,368,366.69374184587303
21859,3,infantry_line,276,284.3945362440698
21861,2,infantry_militia,311,274.5405580271535
21862,2,infantry_militia,324,267.8202589268712
21864,1,cavalry_heavy,1291,1343.6359008645159
21866,3,cavalry_heavy,1253,1221.8601546413026
21867,3,cavalry_light,671,616.8812266397643
21868,4,general,1179,1062.7086705586412
21869,4,general,672,702.3997911684852
21870,2,general,244,268.3054284732428
21873,1,general,64,84.35156737080895
21874,4,general,1213,1220.6385681444744
21875,1,general,677,631.8317709764796
21877,3,general,378,383.8353896845908
21879,1,infantry_grenadiers,646,652.8903848129423
21880,4,infantry_line,171,167.7435029730622
21881,0,infantry_line,150,157.4360210563877
21882,3,infantry_line,306,313.8469999177034
21883,4,infantry_line,434,432.22739851386217
21884,3,infantry_line,310,306.9091871279651
21885,1,cavalry_lancers,717,681.9741946765478
21886,2,cavalry_lancers,548,527.944742147447
21887,1,cavalry_lancers,376,379.329896685914
21888,0,cavalry_lancers,496,465.5757220056784
21889,4,general,627,573.28043797492
21890,0,general,76,108.51987091837792
21891,1,general,237,275.1738984813697
21892,1,general,503,496.1369219117384
21894,1,general,739,652.1972598401854
21895,3,general,268,239.59473581097512
21896,2,general,343,352.92658182063093
21898,1,infantry_grenadiers,605,542.5077269748448
21899,2,infantry_grenadiers,587,524.3336257811211
21900,2,infantry_light,328,308.2555348145184
21901,4,infantry_light,443,429.8978201656266
21903,4,infantry_light,352,357.3023075683373
21904,4,infantry_line,169,169.829963578889
21905,1,infantry_line,131,154.6308559385864
21908,1,infantry_line,141,131.8246355634067
21910,2,cavalry_light,410,406.1115148385513
21911,4,cavalry_standard,789,778.896600557865
21912,1,general,626,618.5028041697366
21913,3,general,422,427.01362984135926
21916,2,infantry_line,169,157.44041721547603
21917,4,cavalry_lancers,421,397.33641472980906
21918,0,cavalry_lancers,503,463.0251335820751
21919,2,cavalry_lancers,408,398.0297709481695
21920,3,general,313,326.7447467373874
21922,3,general,285,293.1180038339639
21924,4,infantry_grenadiers,281,261.73511546699683
21925,4,infantry_grenadiers,287,259.6312548607771
21926,2,infantry_grenadiers,316,323.0035524734178
21928,3,infantry_line,397,373.08540980081773
21930,1,infantry_line,274,274.80502800234484
21932,3,cavalry_standard,759,751.9756167584432
21933,0,cavalry_standard,1012,1042.4507968152998
21934,1,cavalry_standard,504,532.9381093987031
21935,1,cavalry_standard,811,826.5741601072624
21936,1,cavalry_standard,730,729.2799045632353
21937,4,cavalry_standard,619,627.5856411511953
21938,3,general,600,604.8068856211348
21939,2,general,689,656.0906840545408
21940,2,general,456,497.40409852337325
21941,1,general,301,295.90448168385956
21942,4,general,646,668.987425757877
21944,1,general,667,678.1268748598648
21945,3,general,409,423.82660078016215
21946,1,general,205,217.3143706148955
21947,0,infantry_grenadiers,292,296.7452849664889
21948,0,infantry_grenadiers,331,327.2271276308037
21949,2,infantry_grenadiers,275,282.64594042172024
21950,0,infantry_line,188,203.40584798506404
21951,1,infantry_line,433,409.37403975263544
21952,4,infantry_line,374,390.07535438071346
21953,3,infantry_line,255,244.40080388310705
21955,3,cavalry_lancers,400,381.5436528435528
21956,3,cavalry_lancers,468,448.4316732704026
21957,0,cavalry_lancers,554,540.4756408263087
21958,3,cavalry_standard,505,536.4685226690654
21960,3,cavalry_standard,473,510.75745454502993
21961,4,cavalry_standard,721,724.8908508640803
21962,4,general,462,413.28219206799633
21963,1,general,340,382.1299654338881
21964,4,general,402,379.84453794247753
21965,2,general,661,687.8186214760273
21966,0,general,474,515.1356397440532
21967,1,general,261,279.0644809343896
21970,2,general,407,445.03235028811224
21971,1,general,229,223.18018435993952
21972,3,infantry_light,459,450.8188615316389
21973,0,infantry_light,337,332.2841378826225
21974,1,infantry_line,237,213.4346448561958
21975,2,infantry_militia,377,375.21868416091115
21976,1,infantry_militia,203,194.08015505554005
21977,1,cavalry_lancers,495,503.69048396953235
21978,2,cavalry_light,368,381.080607358027
21979,4,cavalry_light,403,408.3575402634602
21980,3,cavalry_light,683,626.2028880322454
21981,3,cavalry_light,982,912.2722962032412
21983,1,general,978,899.7992919193179
21984,4,general,354,378.3847525685401
21985,4,general,305,325.1264188671691
21986,2,general,842,779.9275308410614
21988,2,general,683,648.2287384153204
21989,3,cavalry_heavy,1033,1022.3202266933796
21990,1,cavalry_standard,431,449.78116710176795
21992,2,cavalry_standard,498,532.6882289490969
21994,2,general,738,764.4018362825772
21995,3,cavalry_lancers,336,348.6820960728119
21996,1,cavalry_light,363,367.36634744931797
21997,0,cavalry_standard,707,705.0199830311637
21998,3,general,314,335.00191211903757
21999,1,general,706,726.4060842170607
22000,4,general,209,253.08622218466803
22001,3,cavalry_lancers,396,380.47927133036274
22003,1,general,287,315.0269493452473
22004,2,cavalry_standard,771,759.4545178651002
22005,4,cavalry_standard,777,795.2295693344147
22007,3,general,617,642.7172763787268
22008,2,general,173,180.2590494487439
22009,2,general,705,715.5052857320935
22010,2,general,487,500.33168509305034
22011,4,general,504,504.6330505558784
22012,0,general,531,522.0309906905533
22015,2,infantry_line,418,422.5176205490978
22016,1,infantry_line,475,471.6895339712677
22017,3,infantry_line,365,370.2421324988142
22020,1,cavalry_lancers,905,914.6898266286346
22021,1,cavalry_standard,684,677.6212425183098
22022,3,cavalry_standard,930,930.5872565360089
22026,0,general,1136,1123.831774446728
22027,0,general,840,873.2083262751354
22028,0,general,964,935.6593292031257
22029,3,general,395,446.00077587872977
22030,4,general,795,791.9401793674173
22031,2,general,1211,1177.3448598500559
22032,2,general,840,816.021714704271
22033,3,general,227,229.9005248851003
22034,2,general,469,499.01998633129296
22037,3,infantry_line,338,317.2560263912613
22038,3,cavalry_lancers,588,575.356931153303
22039,4,cavalry_lancers,923,984.6093041376257
22041,3,cavalry_lancers,583,560.4193602941203
22043,4,cavalry_light,826,699.7883021356521
22044,1,cavalry_light,370,391.3771518985032
22046,3,general,139,416.4146216828842
22047,1,general,472,459.20815270248676
22048,3,general,1320,1200.1090652978974
22049,1,general,584,581.9097232168034
22051,2,general,198,221.43101140159973
22052,2,general,911,972.4952086574674
22053,4,general,334,373.8760439322825
22055,0,infantry_light,449,464.6349605242666
22056,0,infantry_light,583,592.8189781614319
22057,4,infantry_line,264,263.62707958100697
22058,1,cavalry_standard,522,546.1342731891335
22059,3,cavalry_standard,678,672.7722895045487
22060,1,general,619,635.307515478981
22061,0,general,422,454.2873811075604
22062,1,cavalry_light,402,415.3075491669501
22063,0,cavalry_standard,546,583.7163026715482
22064,2,general,446,488.7439791822099
22065,2,general,271,303.61195619714493
22066,3,cavalry_lancers,632,626.4200126645899
22067,3,cavalry_lancers,584,565.729661200189
22068,1,cavalry_light,784,706.204352242988
22070,3,general,246,273.11333905178594
22071,3,infantry_line,235,257.6837364551629
22072,4,cavalry_heavy,1149,1108.2800993942315
22074,3,cavalry_heavy,1482,1463.656996654599
22075,3,cavalry_heavy,1086,1093.1488961334644
22077,3,cavalry_lancers,523,468.4007963193521
22078,2,cavalry_lancers,538,513.4368243879121
22079,2,cavalry_missile,461,415.34977751446803
22080,3,cavalry_standard,478,488.4812052308492
22081,2,cavalry_standard,600,592.3525152667114
22082,0,general,1490,1416.117960267427
22083,2,general,895,914.7894582344966
22085,0,general,1388,1409.3415632562185
22086,1,general,347,365.15592354815544
22087,2,general,1147,1149.6932778092896
22090,1,general,547,541.6021614336755
22092,2,cavalry_lancers,614,571.4452114993046
22093,2,cavalry_lancers,377,386.9056706578035
22095,2,cavalry_light,768,672.3710859536214
22096,3,cavalry_light,798,714.1881996843719
22098,3,cavalry_standard,586,615.810347756473
22099,1,cavalry_standard,829,823.3813597651472
22101,1,cavalry_standard,721,712.9069440799167
22102,2,general,132,145.1325954393269
22103,2,general,644,565.365178113052
22104,0,general,881,906.0491177146864
22105,1,general,476,439.5395161574877
22106,0,general,446,484.9488315441691
22107,4,general,763,761.4097566158127
22108,4,general,413,413.7908210349367
22109,1,general,701,620.9573103746601
22110,2,general,659,677.7414416063289
22112,2,general,257,283.99287006677844
22113,0,infantry_light,237,241.85370658162591
22114,0,infantry_light,364,380.9198502548693
22117,4,cavalry_lancers,630,560.2040326715836
22118,2,cavalry_lancers,588,583.7884000604464
22119,4,cavalry_lancers,579,554.3714079666902
22120,4,cavalry_lancers,630,560.2040326715836
22122,0,cavalry_lancers,406,407.5064002361858
22124,4,general,516,499.4205145028226
22125,0,general,520,486.7691150888756
22126,1,cavalry_lancers,360,376.9133339522638
22127,0,general,309,327.0088536301261
22128,1,cavalry_lancers,605,620.7386192546519
22129,3,cavalry_lancers,609,548.9750296534568
22130,3,general,448,459.9579601576017
22132,1,artillery_foot,849,970.8729274869859
22133,1,artillery_foot,578,619.261457152495
22134,2,artillery_foot,662,706.6771796548095
22136,4,artillery_foot,581,595.8993029957913
22137,0,artillery_foot,612,607.4867662904521
22138,4,artillery_foot,386,382.36790755905383
22139,2,artillery_foot,737,752.7417093300633
22140,1,artillery_foot,619,617.2543476089749
22141,3,artillery_foot,936,1011.0497019738331
22142,1,artillery_foot,849,970.8729274869859
22144,3,artillery_foot,667,724.8221361053737
22145,3,artillery_foot,976,1049.3457628519345
22146,4,artillery_foot,1821,1797.9234377025448
22147,4,artillery_foot,1465,1471.102362310068
22148,3,artillery_foot,395,407.9440343641927
22149,0,artillery_foot,410,419.7430489801015
22150,3,artillery_foot,936,1011.0497019738331
22151,2,artillery_foot,349,340.07305652080237
22152,4,artillery_foot,381,396.316030505402
22153,1,artillery_foot,477,491.62531553506045
22154,3,artillery_foot,395,407.9440343641927
22155,2,artillery_foot,1078,1139.2765221200907
22156,3,artillery_foot,398,397.7169898525726
22157,1,artillery_foot,849,970.8729274869859
22160,3,artillery_foot,765,835.7167808271004
22161,4,artillery_foot,1142,1179.6471165845253
22162,4,artillery_foot,981,1114.3277547212638
22163,0,artillery_foot,901,936.6773884634301
22164,0,artillery_horse,1480,1502.1347201720278
22165,1,artillery_horse,1679,1777.9994494118855
22166,1,artillery_horse,1554,1608.6839840713653
22167,3,artillery_horse,1058,1130.7057876936274
22169,0,artillery_horse,535,541.270844622168
22170,3,artillery_horse,543,567.9968890132734
22171,2,artillery_horse,771,724.975337537326
22172,3,artillery_horse,1549,1709.123891470971
22174,2,artillery_horse,1061,1098.7446559615196
22176,0,artillery_horse,784,486.76982150435776
22177,0,artillery_horse,1185,1210.2322299066525
22178,4,general,747,835.1473980528276
22179,1,general,281,280.7562984931216
22180,4,general,439,469.07524839718536
22181,2,general,60,60.585518974973084
22182,0,general,571,591.5157643275038
22184,3,general,985,1081.0702716159399
22185,1,general,1291,1333.1806086181214
22186,1,general,281,280.7562984931216
22187,2,general,60,60.585518974973084
22188,2,general,362,378.12601639652684
22189,4,general,655,656.3882567013011
22190,1,general,881,941.3879662851768
22191,1,general,474,478.7098637911555
22192,1,general,990,1049.2124679696071
22193,4,general,752,807.2218210166915
22194,1,general,159,159.7922204204448
22195,3,general,562,556.7247583388692
22196,2,general,60,60.585518974973084
22197,3,general,521,579.4384503784419
22199,4,general,1619,1781.4994912394154
22200,2,general,1,1.0
22201,0,general,741,738.5397170177592
22202,4,general,839,897.4296195863304
22203,0,general,741,738.5397170177592
22204,1,general,574,571.0946899425834
22205,4,general,2594,3059.74526435211
22206,1,general,281,280.7562984931216
22207,2,general,1,1.0
22208,1,general,574,571.0946899425834
22209,4,general,1073,1097.105415215341
22210,1,general,574,571.0946899425834
22211,3,general,549,592.2449291430638
22212,4,general,1600,1725.278210426577
22213,4,general,747,835.1473980528276
22214,3,infantry_grenadiers,284,244.27117480227568
22215,2,infantry_grenadiers,237,270.59884558485686
22216,3,infantry_grenadiers,238,234.14716520810393
22218,2,infantry_grenadiers,288,306.1616915365452
22219,0,infantry_grenadiers,297,322.0072812380161
22220,4,infantry_grenadiers,478,447.33475936080646
22221,3,infantry_skirmishers,212,239.1891375094499
22223,0,infantry_skirmishers,249,244.68927105615802
22224,1,infantry_skirmishers,170,160.4068887664445
22226,4,infantry_skirmishers,180,185.91914468984857
22227,1,infantry_skirmishers,195,193.88501041017741
22228,4,infantry_skirmishers,184,196.62012354474547
22229,4,infantry_skirmishers,184,196.62012354474547
22231,4,general,1681,1426.640524977655
22232,3,general,1466,1393.9193160764391
22233,1,infantry_skirmishers,1515,2426.9314680258103
22234,3,cavalry_lancers,933,1043.6834566107627
22235,3,general,1017,1152.115106686219
22236,2,general,421,452.34470902301666
22237,4,general,1267,1058.5476722786677
22238,3,infantry_skirmishers,570,472.12203756072495
22239,1,general,660,798.091429645831
22240,0,infantry_skirmishers,767,862.6517259804908
22241,3,cavalry_lancers,797,756.9073530217631
22242,1,cavalry_lancers,582,575.8327295713414
22243,4,cavalry_lancers,738,718.7405248761598
22246,2,general,206,246.4561904785285
22247,4,general,745,760.0585989106218
22248,4,general,1238,1169.2898228036793
22249,4,cavalry_lancers,659,670.239235867182
22250,1,cavalry_lancers,691,665.3799443375447
22252,3,cavalry_lancers,678,697.1221380066263
22253,1,cavalry_lancers,377,425.97040079857163
22254,0,general,361,484.45062763259
22255,4,general,737,857.3234105101257
22256,3,general,310,458.187761717459
22259,0,cavalry_lancers,736,778.3667040020912
22260,0,cavalry_lancers,660,672.7762703341265
22261,2,cavalry_lancers,824,814.2941846589423
22262,0,cavalry_lancers,519,585.1855498205949
22263,4,general,633,667.1831030561251
22265,3,cavalry_lancers,649,654.4029997511303
22266,3,cavalry_lancers,580,568.1742383302258
22267,0,cavalry_lancers,622,579.7188495199032
22268,1,cavalry_lancers,714,741.5276702284402
22269,3,general,494,509.38984342783425
22270,4,cavalry_lancers,629,617.7528141725419
22271,3,cavalry_lancers,765,784.8806334934147
22272,4,cavalry_lancers,806,873.4864510360374
22273,0,cavalry_lancers,689,728.3337791289649
22274,2,general,670,772.0890705320268
22275,2,general,763,847.0102084387224
22276,2,infantry_irregulars,811,699.5540739340044
22277,1,cavalry_lancers,899,919.6923190798027
22279,4,cavalry_lancers,608,614.8005464768784
22280,4,cavalry_lancers,674,705.9299441623683
22281,0,general,697,633.8601730654228
22282,0,general,442,472.13571220886365
22283,4,general,771,795.7496421166908
22284,3,infantry_irregulars,608,541.1125420081303
22286,3,cavalry_lancers,654,664.3159423990659
22287,2,cavalry_lancers,716,767.1805342343696
22288,1,cavalry_lancers,774,832.4086447765887
22289,3,general,768,810.3237613579594
22292,4,cavalry_lancers,741,799.4172310492254
22294,0,cavalry_lancers,669,694.0860912294255
22295,1,cavalry_lancers,613,612.3776765757037
22296,0,general,547,622.3695201346939
22297,4,infantry_irregulars,670,566.4262763208877
22298,4,artillery_foot,493,440.4719770722951
22299,0,cavalry_missile,665,523.2431115260206
22300,4,cavalry_lancers,803,928.8208907912609
22301,0,general,686,808.9195381216904
22302,0,cavalry_lancers,511,486.6574537155848
22303,1,general,460,519.6633035164363
22304,0,cavalry_lancers,525,650.6054137253457
22305,3,general,405,535.1618076329758
22306,3,cavalry_lancers,772,620.4187494787222
22307,2,cavalry_lancers,366,383.61154375810753
22308,2,cavalry_lancers,620,659.5390254711187
22309,4,general,480,488.44275305777273
22311,4,general,379,477.488048919105
22312,2,general,896,763.5872294525658
22313,0,infantry_skirmishers,369,385.47532679483567
22314,1,cavalry_light,1111,1303.7820193160128
22316,2,artillery_horse,724,619.0158337754809
22317,2,artillery_horse,116,124.13507709397064
22320,4,artillery_foot,808,768.6985663830734
22321,4,artillery_foot,439,544.9566882804811
22323,0,artillery_foot,618,653.3982195426427
22324,0,general,392,416.97168066236696
22326,4,general,196,188.4444927752044
22328,3,general,235,177.71806605082838
22329,4,general,363,359.7873658714293
22330,4,general,1225,1043.2928887570695
22331,2,general,652,623.860092908544
22332,1,general,425,416.4988304703849
22334,0,general,1365,1374.5926151708077
22335,3,general,649,477.6411213869677
22336,4,general,441,382.3334110071638
22337,3,general,421,367.03332177396095
22338,3,infantry_light,1088,985.8640139218165
22340,0,infantry_line,361,396.1192565372984
22343,0,infantry_line,484,486.6296457805664
22344,0,infantry_line,540,495.2223193291926
22345,1,infantry_line,1146,1194.2614934477099
22347,3,infantry_militia,197,152.16700414094822
22348,0,infantry_militia,138,85.4374484596554
22349,1,infantry_militia,343,324.66594713918835
22351,4,infantry_skirmishers,247,252.23086104718877
22352,1,infantry_skirmishers,276,297.56963743766187
22353,4,infantry_skirmishers,325,338.1345068220461
22354,2,cavalry_light,1712,1844.2286495889646
22355,0,general,1607,1699.746982579252
22356,2,artillery_foot,449,534.2918304273437
22357,4,artillery_foot,480,574.7657282598371
22358,2,artillery_foot,901,846.2003048184331
22360,2,general,186,173.152839902467
22361,1,general,199,152.21360213388084
22362,0,general,208,184.16386286943256
22363,1,general,92,68.44295482457073
22365,4,general,409,381.55523803319716
22366,1,general,903,943.2053140085728
22367,3,general,604,627.2315515039993
22368,1,general,313,281.28347647633177
22369,1,general,712,642.0465452583152
22370,2,general,213,175.78208307634566
22371,4,general,357,317.72407458158347
22372,2,infantry_light,422,401.380397717301
22373,4,infantry_line,286,279.74530940338605
22375,4,infantry_line,556,575.819905545121
22376,3,infantry_line,418,373.9592299073607
22378,0,infantry_line,517,500.81983069839265
22379,1,infantry_line,805,868.0316390616878
22380,4,infantry_militia,286,256.06954795063797
22381,0,infantry_militia,194,193.22862951228956
22382,0,infantry_militia,189,166.0772411321338
22384,1,infantry_militia,300,303.91883012840145
22385,4,infantry_skirmishers,309,250.29563030033788
22386,0,infantry_skirmishers,250,237.46787721506732
22387,4,artillery_foot,893,854.9937347267783
22388,0,artillery_foot,429,534.2798002101398
22389,0,artillery_foot,614,649.9947040728479
22390,3,general,35,1.0
22391,1,general,119,86.89222133814968
22392,2,general,121,101.7396645340065
22394,1,general,329,292.58241624912165
22395,1,general,142,99.18255026872843
22397,2,general,132,151.94359921273275
22398,0,general,456,430.38202535703755
22401,4,general,369,338.3589194522074
22402,2,infantry_light,651,596.2811457503029
22403,3,infantry_line,215,265.9261554285342
22405,0,infantry_line,401,387.0935807819614
22406,0,infantry_line,609,602.2161069372727
22407,1,infantry_line,426,401.16345359625734
22408,2,infantry_militia,171,187.8073109443754
22412,3,infantry_militia,211,193.1603680911854
22413,3,infantry_militia,186,190.7260400642384
22415,0,infantry_skirmishers,545,453.6245092810896
22416,2,infantry_skirmishers,288,305.5223324804059
22418,0,artillery_foot,429,534.2798002101398
22419,2,artillery_foot,442,529.7405574054724
22420,3,general,134,95.58674874865983
22421,4,general,205,178.22992554165316
22424,3,general,240,239.32919628783526
22425,4,general,284,294.90815926042893
22427,3,general,710,675.6517654408312
22428,0,general,509,503.02892469425416
22429,1,general,285,239.672966272133
22430,3,infantry_light,325,299.45100143745753
22431,4,infantry_light,654,614.9530825495102
22432,2,infantry_line,301,304.0423106162036
22434,1,infantry_line,312,294.0314733222969
22435,2,infantry_line,328,363.3790355107569
22436,2,infantry_line,432,411.5654103070078
22437,2,infantry_line,629,613.2464201705947
22438,0,infantry_militia,201,191.4327509024515
22439,0,infantry_militia,213,202.25953973318224
22440,0,infantry_militia,191,195.66541252517072
22441,2,infantry_militia,77,87.5996289945395
22442,1,infantry_militia,135,147.9718759827035
22443,3,infantry_militia,234,219.54377027477764
22444,2,infantry_skirmishers,211,209.6783569081573
22447,0,cavalry_lancers,1250,1191.1448959353813
22448,0,cavalry_lancers,801,803.5812946616676
22450,1,cavalry_lancers,437,467.6810318686513
22451,2,cavalry_lancers,808,754.1168848997679
22453,3,cavalry_light,740,842.3110168300263
22454,1,cavalry_light,1373,1473.5058638364587
22456,4,cavalry_standard,1592,1637.9699755181023
22457,2,cavalry_standard,1213,1275.604729964774
22458,3,cavalry_standard,794,782.6567685498472
22459,3,cavalry_standard,928,995.7911764478438
22460,0,general,1610,1576.6353142270643
22461,3,general,754,725.2460017239874
22462,4,general,773,872.100009007528
22463,1,general,697,791.535326080694
22464,0,general,693,678.5123729761755
22466,1,general,735,712.6984218959014
22467,1,general,1017,1048.0615479490093
22468,0,general,419,424.1410229397265
22469,2,general,804,850.542618628264
22471,2,general,653,581.5018574087659
22472,0,general,759,802.245870179259
22473,2,general,1407,1469.5758071796974
22474,2,general,1205,1051.5208523610454
22475,2,artillery_horse,1075,1090.8150579055916
22476,2,artillery_horse,600,597.4194732015526
22477,1,cavalry_lancers,479,493.74490091129593
22478,2,cavalry_lancers,496,489.72901239827064
22479,0,cavalry_lancers,440,478.44118700372996
22481,4,cavalry_lancers,571,642.1951969182187
22482,2,cavalry_lancers,490,492.57994268109536
22483,2,cavalry_lancers,690,732.7188713410593
22484,1,cavalry_light,836,947.8854926519313
22485,2,cavalry_light,941,1072.2207386433067
22486,0,cavalry_light,1466,1603.917821192303
22487,2,cavalry_light,721,832.1237728772338
22488,2,cavalry_light,630,661.9799906859992
22490,2,cavalry_standard,904,926.4312878943832
22491,0,general,642,675.8545225154738
22492,3,general,790,898.3738167065275
22493,3,general,502,476.8436534089063
22494,4,general,604,608.3643332131176
22495,3,general,773,872.5863944269208
22496,0,general,403,394.9837526695778
22497,4,general,443,478.2781364336672
22498,2,general,406,383.4436406741602
22500,0,general,849,869.3335904473054
22501,2,general,299,290.9280099997381
22502,2,general,359,340.7865771891827
22503,3,general,677,683.2281800071394
22504,4,general,1304,1407.501206930019
22506,1,cavalry_lancers,440,471.5401930513759
22507,3,cavalry_lancers,471,492.8926099405078
22508,3,cavalry_lancers,434,504.9623917050852
22509,3,general,322,327.2876043140282
22510,2,cavalry_lancers,476,458.251983269161
22512,3,cavalry_lancers,477,488.73678681728046
22513,3,cavalry_lancers,455,449.7050969828006
22516,0,general,324,322.2991233528651
22517,3,general,334,304.6348412673673
22518,3,general,388,349.8067381600912
22519,3,general,393,384.75600747053164
22520,3,artillery_foot,591,649.5250797005949
22521,3,artillery_foot,591,649.5250797005949
22522,2,artillery_foot,598,643.2643904302255
22523,3,artillery_foot,591,649.5250797005949
22525,3,artillery_foot,591,649.5250797005949
22526,3,artillery_foot,529,536.8865720588439
22527,0,artillery_foot,831,786.4563267448807
22528,2,artillery_foot,457,538.9899466265524
22530,0,artillery_foot,527,564.6990817449117
22533,4,artillery_foot,584,736.141058751686
22535,0,artillery_horse,1017,1031.071786330449
22536,4,artillery_horse,1166,1149.8019108720969
22537,2,artillery_horse,1075,1090.8150579055916
22538,2,general,601,599.9760110115102
22539,4,general,1311,1291.000319498988
22540,3,general,600,631.9098459097125
22541,3,general,228,228.36746657872214
22542,0,general,401,401.54523802433994
22544,3,general,228,228.36746657872214
22545,1,general,380,402.49460719233525
22546,3,general,600,631.9098459097125
22548,4,infantry_grenadiers,383,338.41554128663154
22549,0,infantry_grenadiers,508,511.0043279562851
22550,0,infantry_grenadiers,508,511.0043279562851
22551,0,infantry_grenadiers,508,511.0043279562851
22552,2,artillery_foot,681,661.7796822325087
22553,3,cavalry_heavy,1869,2167.497180659358
22554,0,cavalry_heavy,1961,2248.848008862576
22555,1,cavalry_heavy,1132,1571.3958432727836
22556,0,general,286,266.0130798394986
22557,1,general,348,387.09350779820863
22558,2,general,1879,2094.238054804951
22559,4,general,221,202.83136259957263
22560,1,general,917,1297.0239811463944
22561,3,general,532,525.4540750760177
22562,1,general,1754,2001.7995351362447
22563,2,general,662,603.7030045395188
22564,4,general,960,924.1151433167507
22565,0,general,1377,1211.0129506593944
22566,3,general,490,480.3595742031552
22569,0,general,1576,1342.6646167315307
22570,0,general,811,813.9869516972109
22571,3,infantry_light,971,977.1930886302274
22573,0,infantry_line,1431,1379.3849460342296
22575,2,infantry_line,548,528.8006286388579
22576,3,infantry_line,751,717.9744190312329
22577,0,infantry_skirmishers,287,266.7619408735275
22578,3,infantry_skirmishers,295,296.28430869803105
22579,3,artillery_horse,856,995.5894301982262
22581,0,general,491,475.21407251500597
22582,4,general,228,218.29923949505837
22583,0,general,255,275.74057774848006
22584,1,general,189,173.54103438225457
22585,2,general,221,199.55053753000445
22586,3,general,359,342.0862105209504
22587,4,general,1343,1346.9379270450358
22588,2,general,1176,1129.305018410691
22589,1,general,677,627.5085378018545
22591,4,infantry_line,607,569.3863106787849
22592,2,infantry_line,1231,1242.4544860962174
22595,0,infantry_line,306,281.5287149647956
22596,3,infantry_line,651,639.0266612053766
22597,4,infantry_line,366,374.8470851216804
22598,3,infantry_line,366,328.81623737520147
22599,4,infantry_line,325,289.82379897378445
22600,1,infantry_line,300,269.1013376271093
22604,3,artillery_foot,360,348.2607526272067
22605,4,artillery_foot,481,478.32313307445463
22606,2,artillery_horse,104,165.99719262651968
22607,3,general,336,326.5176248319077
22608,2,general,20,97.9231595275205
22609,3,general,456,446.33377552742877
22610,4,general,219,225.8484404783969
22611,4,general,678,601.4286494434681
22612,0,infantry_line,280,368.0769872835391
22613,1,infantry_militia,176,176.6407438076064
22615,0,infantry_militia,223,221.1794825299674
22616,1,infantry_militia,481,454.6042981447378
22617,1,infantry_skirmishers,249,242.0686167551421
22618,4,infantry_line,308,439.586558619034
22619,3,infantry_militia,105,120.75122048494104
22620,1,infantry_militia,139,148.88917111812893
22621,3,infantry_militia,165,187.5954791815091
22622,1,infantry_militia,141,159.20037359674748
22623,4,artillery_foot,650,655.4999098703347
22624,3,cavalry_heavy,1154,1335.2134256295697
22625,2,cavalry_heavy,1410,1646.8270607348775
22627,3,general,956,1118.4726187381616
22628,2,general,651,653.2639072648492
22629,3,general,881,1053.4990849783205
22630,1,general,1485,1612.3769613664008
22631,2,general,381,367.023064487301
22634,2,general,416,402.54247563515787
22637,4,general,409,380.990399732156
22638,0,infantry_light,688,670.2155677717766
22639,2,infantry_line,327,307.075551266277
22640,4,infantry_line,528,506.27996337858525
22641,3,infantry_line,502,469.578340036457
22642,2,infantry_line,668,663.8099794956585
22643,1,infantry_line,401,364.96485104554046
22644,4,infantry_line,427,404.69812889603287
22645,2,artillery_foot,602,571.8409188197672
22646,0,general,127,134.34676410780003
22648,1,general,441,418.3859962981725
22649,3,general,268,236.16822396772113
22650,2,general,187,210.48309928169957
22651,3,general,388,361.48128731580755
22653,2,general,185,176.9278070099528
22655,3,general,215,210.51994447336415
22657,0,general,640,673.2907914175912
22658,2,general,247,232.38204279064652
22660,0,infantry_line,422,400.79175652737337
22661,4,infantry_line,318,293.27076873373136
22662,2,infantry_line,253,231.6327250171125
22663,2,infantry_line,285,270.06827718677783
22664,1,infantry_line,412,396.9830026646398
22665,3,infantry_line,339,303.2029666257378
22666,4,infantry_line,605,618.08468113299
22667,3,infantry_militia,362,338.2306262525432
22669,2,infantry_militia,274,304.7502274425516
22670,4,infantry_militia,300,350.6086122098184
22671,0,infantry_skirmishers,220,202.62467381683282
22672,4,artillery_foot,725,759.2761779247892
22673,3,general,586,589.1512902372156
22674,4,general,470,426.87432178443845
22675,1,general,965,786.5481355201707
22677,2,infantry_light,533,502.1808008063129
22679,2,infantry_line,274,293.40826181856767
22680,4,infantry_line,472,457.09487489916927
22681,2,infantry_militia,55,73.01362191994069
22682,2,infantry_militia,59,100.37571037663838
22683,4,infantry_militia,57,80.46525160625893
22684,2,infantry_skirmishers,222,224.31456836908717
22688,3,infantry_line,473,460.7542543919674
22689,4,infantry_line,377,366.0644049422071
22690,0,cavalry_light,609,600.9816765777139
22691,2,general,355,383.0119848434479
22692,0,general,471,469.01698632772894
22695,0,general,582,585.9223867601053
22696,1,infantry_light,294,322.95131052606854
22697,2,infantry_light,594,586.0851660188792
22698,1,infantry_line,646,636.5096401251444
22700,1,infantry_skirmishers,210,195.73900785074653
22702,2,infantry_skirmishers,251,229.9863351474435
22703,2,artillery_foot,384,351.72191807942056
22704,4,general,261,243.37582295773953
22705,3,general,292,288.0887273014847
22706,2,general,254,251.1010262920715
22707,0,general,222,238.68103403502556
22708,0,general,69,90.25546573580206
22709,4,infantry_light,328,356.254635184151
22710,3,infantry_line,359,342.8662476783568
22712,0,infantry_militia,57,84.7170654694047
22713,3,infantry_militia,79,124.89807315025051
22717,4,cavalry_light,380,355.17549316729105
22718,1,cavalry_light,584,601.8601795903381
22719,2,cavalry_light,849,920.6978657195135
22721,2,general,186,250.97488965683058
22722,3,general,716,784.093261097821
22723,3,general,422,381.45069901385244
22724,3,general,314,300.61066627753564
22725,1,general,568,591.3321344409757
22726,3,general,123,112.29987881896386
22728,0,general,277,267.95542100720445
22729,0,general,747,689.3580961917166
22730,0,general,510,501.635188893563
22731,1,general,377,370.1287707651813
22732,1,infantry_light,324,353.39704349502887
22733,3,infantry_light,434,414.93057521762444
22735,3,infantry_line,492,477.2939806780904
22736,1,infantry_line,385,366.622964856372
22737,0,infantry_militia,96,104.41482149330534
22738,0,infantry_militia,114,111.9935227484497
22739,3,infantry_militia,68,65.44150523606181
22741,3,infantry_militia,196,181.18980348093183
22743,2,infantry_skirmishers,254,229.6150406450013
22744,2,infantry_skirmishers,552,470.7766546288361
22745,1,artillery_foot,448,456.539175325367
22746,1,cavalry_light,521,559.1212920867902
22748,1,cavalry_light,1014,1037.7437104636017
22750,3,general,217,249.8448308592838
22752,0,general,289,380.91137987311834
22753,4,general,375,368.3791179733147
22754,0,general,208,209.25256226148173
22759,0,general,939,942.4297162250948
22760,2,general,203,218.84834363416135
22761,0,general,274,273.9805446042523
22762,4,general,149,140.8314244075216
22763,2,general,431,407.18207418653674
22764,0,general,353,354.86646490572974
22766,0,general,834,819.9124802425418
22767,0,general,467,458.802349078599
22768,3,general,608,604.8939143194967
22770,0,general,329,296.13993763731276
22771,4,infantry_grenadiers,473,477.9747316543598
22772,3,infantry_light,330,335.15144339276213
22773,1,infantry_light,309,312.22029827903356
22774,1,infantry_light,319,329.8797234873647
22775,1,infantry_light,488,504.47392813235444
22776,1,infantry_light,188,270.35904008780784
22777,2,infantry_light,379,391.44189790302306
22778,1,infantry_line,263,270.23188899855677
22779,1,infantry_line,310,302.470058129277
22780,1,infantry_line,585,560.0672603195214
22781,4,infantry_line,899,928.1293117394371
22784,1,infantry_line,314,280.6597589283573
22785,3,infantry_skirmishers,293,303.5910104533782
22786,3,infantry_skirmishers,212,214.35521393740137
22787,3,artillery_horse,493,491.79030587112715
22788,4,cavalry_lancers,316,319.4541206008304
22789,2,cavalry_light,591,643.1389626210549
22791,2,general,536,603.26523291156
22794,3,cavalry_light,580,642.4187637987545
22795,3,cavalry_light,974,999.1910846686777
22796,1,general,294,315.1084420141818
22797,3,general,838,857.0224675375528
22798,3,general,935,938.438244854498
22799,0,general,470,523.1347813519621
22801,3,general,113,105.8994190961709
22802,4,general,438,429.8809948126401
22804,1,general,266,241.08755081085616
22805,0,infantry_light,414,434.1858901956728
22806,2,infantry_line,320,316.1743261670746
22807,4,infantry_line,227,230.9677997540701
22808,0,infantry_line,548,522.7700233055357
22809,1,infantry_line,372,338.3567415862504
22810,0,infantry_militia,217,227.164011644788
22811,1,infantry_militia,160,165.12897294504924
22812,4,infantry_militia,85,99.0995264858841
22813,2,infantry_militia,183,173.22259811774143
22814,4,artillery_foot,365,389.4261874777211
22815,1,cavalry_light,935,992.5991478438106
22817,4,cavalry_light,926,975.678347979786
22818,1,general,162,172.65360668045338
22819,1,general,792,847.118410621807
22820,0,general,418,491.39161808210594
22821,1,general,243,244.03100375034586
22822,4,general,992,1051.2918455710217
22824,1,general,441,421.04469515206017
22826,2,general,213,207.88240279781294
22827,4,infantry_grenadiers,707,625.7584759776878
22828,3,infantry_light,713,712.6024777151035
22829,1,infantry_line,226,226.9696038533752
22830,3,infantry_line,323,298.7437878020561
22831,1,infantry_line,353,329.4477004226864
22832,4,infantry_militia,74,105.80117412266843
22833,3,infantry_militia,123,121.15555099752957
22834,4,artillery_horse,667,531.6762161942903
22835,1,cavalry_light,1037,1073.801227528934
22836,0,cavalry_light,885,798.585016477368
22837,4,cavalry_light,418,418.65376812278805
22839,1,general,716,648.1415875191146
22840,1,general,286,292.00178411605543
22841,1,general,897,923.8351319704867
22842,1,cavalry_heavy,1143,1390.8634847212027
22843,1,cavalry_heavy,1359,1777.3423919406896
22844,0,cavalry_heavy,817,869.0524741247475
22845,3,general,657,671.1697989188937
22847,3,general,950,1144.9215266313256
22848,2,cavalry_light,557,495.0534023277085
22849,2,cavalry_light,276,283.7937848373549
22850,3,general,419,359.94912159698504
22851,2,general,148,183.0212106859299
22852,3,cavalry_light,714,627.1511048144878
22854,0,artillery_horse,657,532.5515022522599
22855,1,general,545,429.7621499291125
22856,0,cavalry_light,910,950.376926894179
22858,2,general,743,764.9153556910478
22860,0,artillery_horse,1138,1130.4167993364067
22861,3,artillery_horse,617,539.6934719218714
22862,0,general,1022,1017.2651342186421
22863,1,general,1240,1228.5825412236065
22864,0,general,638,636.4694170834097
22866,2,general,467,466.64800856450773
22867,0,general,312,312.31296290781984
22870,0,general,1241,1328.6010476698448
22871,4,general,233,314.7829391194089
22875,0,general,570,633.7446749476279
22878,3,general,405,607.086714694286
22879,1,infantry_grenadiers,927,1060.4543465680563
22881,0,infantry_line,1287,1421.0683261918198
22882,1,infantry_line,413,590.5954072461881
22883,2,infantry_line,256,311.834792564748
22886,3,infantry_line,485,681.817098030121
22887,3,infantry_line,306,342.55859448051314
22888,3,infantry_skirmishers,393,365.90084545218514
22889,0,general,398,400.4567375541523
22890,3,general,489,539.2788488252388
22893,4,general,971,1053.3286271732459
22894,0,general,845,814.4202805740385
22895,0,general,614,830.8180759497566
22896,1,general,397,471.03006485815
22897,0,general,918,1036.3776169693956
22898,1,general,80,135.95628716792817
22899,1,infantry_line,186,229.11214999542267
22903,1,infantry_line,454,519.7369383698899
22904,0,infantry_line,783,858.2854543009586
22906,4,infantry_line,886,889.6579960867435
22907,2,infantry_line,838,951.0314293241593
22908,0,infantry_skirmishers,185,196.03416582203087
22909,0,infantry_skirmishers,225,212.55447255319558
22910,1,infantry_skirmishers,349,321.27357656587503
22911,3,cavalry_light,776,783.6576905849203
22913,1,general,278,277.505165868531
22916,0,general,200,283.7504615490527
22917,4,general,240,292.2576777762639
22918,0,general,721,764.7503357200654
22919,3,general,951,1006.923341876721
22920,2,general,489,541.8963051950019
22921,2,general,323,367.7338056685262
22922,1,infantry_light,680,765.3006265755442
22924,4,infantry_line,320,348.2944055952095
22925,0,infantry_line,347,387.3770406218095
22926,2,infantry_line,548,603.5508561518852
22927,1,infantry_line,868,928.552745686025
22928,4,infantry_skirmishers,226,203.07761345516903
22930,3,artillery_foot,458,427.3718271268041
22931,1,general,323,318.68977633150337
22933,1,general,180,248.83712437480028
22934,0,general,485,570.6031215719248
22935,4,general,376,510.28732045257544
22936,0,infantry_line,472,531.0397002931271
22937,1,infantry_line,347,360.52190487208645
22938,3,infantry_line,383,482.42970143999327
22939,2,infantry_line,290,352.3514908631659
22940,4,infantry_skirmishers,216,211.40364319582278
22941,3,artillery_foot,879,821.273080122862
22942,4,general,712,680.1878834325119
22943,2,general,638,716.5910234787109
22944,3,general,520,619.153475547764
22945,0,general,735,821.7721551272265
22946,0,general,931,1124.4340706021371
22948,2,general,638,716.5910234787109
22950,1,infantry_line,559,629.3077262259811
22951,1,infantry_line,639,743.1402811181779
22953,2,infantry_line,818,984.6599966214673
22954,1,infantry_skirmishers,292,316.7516852823408
22955,4,general,410,483.20319215426537
22957,1,general,494,570.0725279944495
22958,3,general,381,436.9984726070875
22959,4,general,418,486.12229444069214
22960,4,general,400,480.8137556185053
22961,1,general,250,318.32376683149585
22962,0,general,262,313.47557196721056
22963,0,general,152,112.39839639794779
22964,3,general,139,226.11105246021555
22965,1,infantry_line,492,546.5640517743623
22966,0,infantry_line,436,491.97735476874476
22968,1,infantry_line,257,207.0706848309132
22969,0,infantry_line,528,597.0010197422813
22971,2,infantry_line,371,426.578273782659
22973,2,infantry_line,279,308.38768407678486
22974,2,infantry_line,239,293.01318646872926
22975,1,artillery_foot,283,314.0227730166768
22976,0,general,165,198.25170419620156
22977,1,general,123,175.4131131273489
22978,3,general,224,276.6899285408628
22980,4,general,161,243.13087177323874
22981,3,general,631,654.1903654680144
22982,3,general,194,281.7289093273787
22983,2,infantry_light,686,768.4708237223228
22984,4,infantry_line,150,186.39698015423028
22986,1,infantry_line,357,404.2264630690117
22987,0,infantry_line,272,347.86435823645314
22988,4,general,416,434.5716842034038
22989,0,general,735,800.1718631414215
22990,1,general,328,378.1210330513479
22991,4,general,326,358.83699243106423
22993,1,general,172,252.35518609572978
22995,3,infantry_line,629,701.6474320388578
22996,1,infantry_line,281,352.60548316237214
22998,3,infantry_line,439,477.6582145003137
22999,3,infantry_skirmishers,224,262.352697375286
23000,0,general,69,111.61215429969603
23001,1,general,459,504.174490984285
23002,4,general,555,674.0760882941523
23003,1,general,209,287.6567403690476
23004,0,general,130,157.88899839927694
23006,1,general,268,315.30278987530215
23007,2,infantry_line,258,283.14882141080443
23009,4,infantry_line,411,472.3638012914324
23010,2,infantry_line,320,392.5824072171994
23011,3,infantry_line,235,252.529040750476
23012,1,infantry_line,531,622.5374842275844
23013,0,infantry_line,517,573.4722514590896
23014,0,infantry_line,375,420.4419829294981
23016,3,artillery_foot,368,374.8367157282037
23017,1,general,241,257.1447357289855
23018,4,general,169,202.04448781731983
23020,3,general,211,320.5845458548837
23021,2,general,325,374.84121639160537
23022,2,infantry_light,584,641.561464461208
23023,0,infantry_line,433,477.19301916658776
23024,4,infantry_line,238,314.43157479502975
23025,2,artillery_foot,548,532.1912924514274
23026,0,general,404,394.5357649605068
23027,1,general,722,688.4827381831909
23029,4,general,455,519.5518308885916
23030,2,general,172,213.2802511432708
23031,2,general,676,655.3469885455954
23032,0,infantry_light,591,655.7397891074856
23033,0,infantry_light,566,678.5154169868518
23034,0,infantry_line,713,707.8265646410666
23035,3,infantry_line,245,267.54676614997754
23036,1,infantry_line,560,620.322423647268
23037,2,infantry_skirmishers,178,196.01007872621173
23038,1,general,462,504.7292341872035
23039,4,general,249,274.1280198872163
23040,4,general,202,239.8157854175309
23041,2,general,323,375.5833816075716
23042,0,infantry_light,280,308.149836326012
23043,4,infantry_line,436,468.53354493661
23044,0,infantry_line,393,428.01707378220596
23045,2,infantry_line,333,381.8735954825961
23046,0,infantry_skirmishers,160,167.8551344550455
23047,3,general,475,537.9245975706573
23048,4,general,560,572.9540516655771
23049,3,infantry_line,563,651.5888321653701
23050,0,infantry_line,452,484.05261955629277
23051,4,artillery_foot,366,367.33213631621135
23052,0,artillery_foot,862,834.2908572610132
23053,1,general,344,348.5494083826186
23054,0,general,304,328.3518644432996
23055,1,general,101,208.5825999307018
23058,1,infantry_light,412,437.4767052635818
23060,0,infantry_light,736,870.1026943436868
23062,3,cavalry_heavy,1701,1627.3299410601378
23063,4,cavalry_heavy,1513,1439.103849781351
23064,3,cavalry_light,1191,1225.4490492750924
23065,3,general,1505,1444.469075026454
23066,1,general,1282,1194.5739958879449
23067,3,general,1602,1533.4291808767734
23068,2,general,176,218.86800551898978
23070,2,general,1110,1148.1853404852486
23072,1,general,266,308.99080230621917
23073,1,infantry_light,338,374.7076348262944
23074,2,infantry_line,247,274.3449350499406
23075,0,infantry_line,261,303.0453226994765
23076,0,cavalry_light,433,387.464096043686
23077,3,cavalry_standard,444,461.44135412246504
23079,4,cavalry_standard,323,295.67617883453295
23080,4,general,224,255.67985549147173
23082,2,general,457,486.597861755333
23083,2,general,510,470.77732000600906
23084,1,general,180,228.28812542339952
23085,2,general,154,189.08629457285676
23086,1,general,205,252.14189855395387
23087,2,infantry_light,321,362.22680032275326
23089,4,infantry_line,261,279.5893391707815
23090,4,general,324,346.6535969753311
23091,2,general,496,621.7506347744966
23092,0,general,779,823.3189361672854
23093,0,general,543,654.4693636216094
23095,1,infantry_light,486,582.0475910047088
23096,2,infantry_skirmishers,453,445.7281044618872
23097,4,general,1056,1057.832968294144
23098,1,general,643,689.7782077142331
23100,1,infantry_light,962,1092.8446958582003
23101,3,infantry_light,624,712.5213312997346
23102,4,infantry_skirmishers,419,492.6161355953641
23103,0,cavalry_heavy,1412,1326.6111986021083
23104,4,cavalry_light,1109,1171.5382539639743
23105,0,general,964,998.1981546381357
23106,1,general,1190,1082.0173688281832
23107,1,cavalry_light,1109,1162.4803746524665
23108,1,cavalry_light,1189,1277.863032093786
23111,2,artillery_horse,627,675.7013761592286
23113,3,general,532,573.9863711317721
23114,1,cavalry_light,482,500.77250034108545
23115,2,cavalry_standard,545,603.3508926447679
23116,4,general,355,365.9721745412911
23118,4,artillery_foot,366,367.33213631621135
23119,2,general,478,468.44491748515304
23120,1,general,1161,1219.5525911265736
23121,0,general,294,312.31296290781984
23122,3,general,167,177.61914067233937
23123,4,infantry_line,302,379.03677097111046
23124,1,artillery_foot,155,190.26337818109624
23125,4,general,600,640.3409356230288
23126,1,general,328,303.3408817713404
23128,3,general,398,252.47007763412148
23129,1,general,759,863.583360486281
23130,1,general,684,586.3187230361051
23131,3,general,489,395.54718480894553
23132,2,general,361,366.75209472106803
23133,0,general,369,323.3476999230479
23134,1,general,251,245.81395431552482
23136,3,general,69,106.33843643117115
23137,1,general,300,249.85399254267548
23138,4,general,407,399.54150838870896
23139,0,general,741,993.8084747757663
23140,4,general,363,448.0312254674295
23141,4,general,818,748.5453826651266
23142,2,general,504,494.2633630395493
23143,1,general,378,351.4967341955868
23144,3,general,1539,1223.7344108652674
23146,3,general,395,328.3359129048766
23147,4,general,521,465.38439224240915
23148,3,infantry_grenadiers,455,634.1098812645088
23149,1,infantry_grenadiers,425,590.8086849691688
23151,2,infantry_light,414,421.64773957259087
23152,4,infantry_light,359,396.8965202714483
23153,4,infantry_light,786,718.2903902928634
23154,4,infantry_light,431,420.1182038870871
23155,3,infantry_light,532,478.5851793890234
23156,2,infantry_light,549,495.23332162287977
23157,2,infantry_light,1226,1081.9272554205406
23158,0,infantry_line,285,292.45023418909693
23159,2,infantry_line,725,665.1460095731464
23160,4,infantry_line,376,367.33063153393255
23162,2,infantry_line,407,365.86103390949665
23163,1,infantry_line,586,501.2579683103
23164,3,infantry_line,483,483.50452572140705
23165,3,infantry_line,505,453.26461610410075
23166,4,infantry_line,632,594.8612829042718
23167,2,infantry_line,477,461.02715620612145
23168,2,infantry_militia,482,360.33962984650543
23169,1,infantry_skirmishers,749,1040.258776379996
23170,3,infantry_skirmishers,788,1032.8985691652974
23173,2,general,152,110.78055525336296
23175,0,general,207,111.9050989626981
23176,3,general,695,509.69002949348953
23179,2,general,220,150.0481775843249
23181,2,general,342,306.6853880344529
23182,1,general,1178,1256.783058864531
23184,4,general,593,542.1137922747864
23187,3,infantry_light,442,424.3006436984597
23188,2,infantry_light,365,385.74080764064945
23189,2,infantry_light,244,220.02564698517858
23191,3,infantry_line,267,183.1371367157718
23195,2,infantry_line,666,647.3671635464749
23196,4,infantry_line,644,620.6329109978265
23198,4,infantry_militia,216,210.55484821178266
23199,4,infantry_militia,193,188.6482761867631
23201,2,cavalry_heavy,989,958.5054895459136
23202,0,cavalry_heavy,934,871.4193289295356
23203,1,cavalry_light,713,686.7343936091941
23204,4,cavalry_standard,659,628.3437394919763
23205,1,cavalry_standard,946,910.1899851699545
23206,2,general,849,820.9226462256654
23210,1,general,618,576.8197138884495
23212,2,general,304,233.82437923081898
23213,1,general,229,198.83753802832223
23215,3,general,248,202.8179237670364
23216,2,general,1104,1032.4019411092345
23217,0,general,763,703.3203194201869
23218,3,infantry_light,413,367.42547325980416
23219,1,infantry_line,287,271.79887621115404
23220,1,infantry_line,692,658.1780630515938
23221,1,infantry_line,350,319.8028510761034
23222,0,infantry_line,559,514.304633354217
23223,1,infantry_line,1007,950.6671862472656
23224,4,infantry_militia,192,159.5715509958134
23227,1,general,267,211.30539880020285
23228,3,general,728,648.4129091742707
23230,2,general,364,318.01465365308155
23231,2,general,485,436.2797806473881
23232,4,general,165,123.8014911796359
23233,1,general,329,325.2447356131106
23235,4,general,642,534.5495468463041
23238,0,general,299,234.03388304081662
23239,4,general,254,205.09879453746314
23242,1,general,632,622.4416223979817
23244,1,infantry_grenadiers,1026,911.5389563575634
23245,0,infantry_grenadiers,364,386.29805376238573
23247,0,infantry_light,313,279.67272989322083
23249,4,infantry_light,936,911.4707689347665
23250,1,infantry_light,589,633.2167324110964
23251,0,infantry_line,430,378.6109451767574
23252,2,infantry_line,306,305.71389954566246
23253,1,infantry_line,377,356.2605168212522
23254,4,infantry_line,323,275.706129922614
23255,3,infantry_line,536,471.22696335980913
23256,0,infantry_line,485,422.06801186235623
23257,3,infantry_line,406,353.69718772470344
23258,2,infantry_line,773,707.6882851692744
23260,2,infantry_line,737,728.0741344771242
23261,1,infantry_militia,254,211.7787945387991
23263,1,infantry_skirmishers,238,204.10245851159266
23264,3,cavalry_lancers,684,461.8015582533381
23267,4,general,879,685.1043300632412
23268,1,general,613,428.47231883436075
23269,4,general,284,225.08579050948592
23270,2,general,792,831.5715145678387
23271,2,general,412,327.40181894678153
23272,3,general,163,184.06460476168283
23273,1,general,135,178.6429900739549
23275,4,general,243,179.2670765445378
23276,1,general,108,162.81934396090975
23277,3,general,513,504.441427349356
23278,2,general,1481,1359.3581488811058
23280,1,general,1756,1655.4876037757037
23281,4,general,1414,1364.3287067145457
23282,0,general,1350,1350.5545307437405
23284,3,infantry_light,319,263.2357741517783
23285,0,infantry_line,184,247.8493611751329
23286,2,infantry_line,316,273.5975219223809
23287,3,infantry_line,192,278.9820699677191
23288,3,infantry_line,392,344.3708682461259
23289,2,infantry_line,153,133.9020889590917
23290,4,infantry_line,517,453.69459610064905
23291,4,infantry_line,312,315.06332783383937
23292,4,infantry_line,1496,1505.5067758495347
23294,3,infantry_line,1453,1462.0141979809575
23295,0,infantry_militia,110,117.85875509337633
23297,2,infantry_skirmishers,516,436.74786446450753
23298,1,cavalry_light,306,295.1515450266833
23299,1,cavalry_light,410,414.25184411312716
23300,3,general,317,312.9653983356455
23301,2,cavalry_heavy,960,965.6771303381252
23302,4,cavalry_light,693,607.2628523196362
23303,1,cavalry_light,1028,976.8530475178158
23304,0,cavalry_light,892,841.7546139716167
23305,0,general,797,788.107791690428
23306,0,general,190,116.27364595137415
23308,4,general,110,78.20811961786401
23309,4,general,851,787.780878932746
23311,2,general,791,927.3880213607473
23313,2,general,300,269.2705280312396
23314,2,general,964,911.2094437311738
23315,4,general,652,593.812568841862
23316,3,general,531,477.6495130599861
23317,4,general,514,509.3340172749114
23318,1,general,483,409.43417486342855
23319,2,infantry_irregulars,787,743.1474371146969
23320,3,infantry_light,965,864.6657087899044
23321,2,infantry_light,636,477.74436851735925
23323,0,infantry_line,245,176.65914969701785
23325,0,infantry_line,451,384.35173538474226
23327,0,infantry_militia,158,165.7016732486596
23328,1,infantry_militia,201,202.5680865379953
23329,1,infantry_militia,353,393.4132616451111
23330,4,infantry_skirmishers,801,718.5719045957867
23331,4,cavalry_heavy,852,927.7096786989629
23333,2,cavalry_light,448,457.288206283883
23334,4,cavalry_light,1263,1193.7046948660375
23336,2,cavalry_light,825,750.156954096682
23337,0,cavalry_light,478,495.25276053634775
23338,2,cavalry_standard,1377,1280.3718631445624
23339,0,cavalry_standard,638,638.4799230488297
23340,3,general,680,579.3010817047381
23341,2,general,498,483.0689414279201
23342,0,general,864,810.6189536535094
23343,0,general,362,365.7874925483668
23344,0,general,692,730.9827029572821
23345,2,general,1296,1213.284753617632
23346,4,general,1197,1215.9003503793444
23347,1,general,1162,1079.8420103853994
23348,2,general,465,368.48882752695613
23349,3,general,1325,1351.5331961499633
23350,2,infantry_grenadiers,583,500.367955394608
23351,2,infantry_light,788,610.2704046192032
23352,0,general,608,462.88055282300417
23353,1,general,495,460.05799895939583
23354,2,infantry_light,700,562.3701573217496
23356,2,cavalry_light,833,758.4506728921478
23357,1,general,871,816.5947663678751
23360,2,general,57,22.977416382557564
23361,2,general,452,350.4656340236288
23362,4,general,194,185.50644663752374
23363,1,general,370,315.1119837581894
23364,4,general,321,252.70781874902636
23365,0,general,997,978.7041605410612
23367,0,general,231,165.28402683045687
23368,0,general,114,81.6725159658159
23369,3,general,95,50.570971528725124
23370,2,general,306,361.0675080086776
23371,0,general,1768,1875.0674790559922
23372,4,general,112,79.08000663961388
23373,3,general,995,970.4974243909488
23375,1,general,728,672.9107391445608
23376,0,general,795,768.130207381831
23377,2,general,433,405.39508094641155
23378,2,general,278,247.98840759997518
23379,3,infantry_irregulars,1579,1321.4249365777828
23380,1,infantry_light,487,462.28630579195124
23381,4,infantry_light,953,865.8353988736416
23382,1,infantry_light,493,433.9855140018615
23383,1,infantry_line,187,177.0109805101658
23384,3,infantry_line,209,193.6578047356761
23385,2,infantry_line,298,297.99709039268913
23386,0,infantry_line,269,262.20435091345433
23388,3,infantry_line,150,126.38495587529535
23389,0,infantry_line,715,707.0657811796314
23390,1,infantry_line,538,531.2559286497518
23391,3,infantry_line,881,879.9662408137893
23392,3,infantry_line,387,369.3828438535079
23393,0,infantry_line,789,769.1530966652372
23394,4,infantry_militia,152,127.3130376201452
23395,3,infantry_militia,211,203.85263515753164
23396,4,infantry_militia,267,258.99776822243757
23398,0,cavalry_light,900,831.410648659952
23399,0,cavalry_light,525,553.6551651855106
23400,4,cavalry_light,993,1105.1562374018338
23401,0,cavalry_light,1138,1074.8238274454905
23402,4,general,129,114.23830257564481
23403,1,general,840,979.3596522738644
23404,0,general,982,1049.0122812964828
23405,4,general,164,107.69146091140597
23406,4,general,435,445.46008440789836
23408,0,general,946,889.6394868595513
23409,4,general,913,831.8084702616508
23410,1,general,645,606.9553604711912
23411,1,general,1236,1098.557065522632
23414,4,infantry_line,212,227.31806802763114
23415,0,infantry_line,943,908.9995227434763
23416,4,infantry_line,831,812.4780742848691
23418,2,general,331,292.7974455184731
23421,2,general,70,75.62621136957388
23422,1,general,217,221.90216267873404
23423,3,general,486,482.2508195685091
23424,3,infantry_light,747,694.1630936211404
23426,0,infantry_line,289,340.2386472087769
23427,0,infantry_line,699,636.7824821177526
23428,1,infantry_line,172,192.94298229898402
23429,3,infantry_line,232,208.71492850239326
23430,2,infantry_line,535,551.7664621839684
23432,3,cavalry_lancers,597,580.2714790013212
23433,2,general,186,225.80675257685738
23434,2,general,226,200.80798836498025
23435,2,general,405,308.75357034224135
23436,4,general,399,354.74778529267553
23437,4,general,468,454.6971825454908
23438,4,infantry_light,445,386.3412221074003
23439,4,infantry_line,355,343.5661310643791
23441,0,infantry_line,316,315.1776036449259
23443,3,infantry_skirmishers,233,221.95279445392617
23444,0,infantry_skirmishers,245,300.0001665946361
23445,3,artillery_foot,242,277.3109441961976
23446,4,cavalry_heavy,784,839.330712797895
23447,0,cavalry_heavy,867,921.4813680942077
23448,0,cavalry_heavy,1874,1878.3106294505878
23449,3,cavalry_heavy,1349,1305.0417097519248
23450,3,cavalry_heavy,1349,1305.0417097519248
23451,4,cavalry_light,267,275.0040631936689
23452,1,cavalry_light,859,791.3901574774313
23453,4,cavalry_light,710,687.1356980832422
23455,3,cavalry_standard,719,728.1301711481892
23456,2,cavalry_standard,588,535.2454025941889
23457,1,cavalry_standard,536,539.422731455552
23458,0,cavalry_standard,685,674.654668737665
23459,0,general,799,741.9869686473141
23460,1,general,1614,1665.3307850889842
23461,2,general,757,794.5382418191675
23462,1,general,507,525.7640507566977
23463,2,general,821,633.1901400975252
23464,4,general,522,511.8398743850905
23465,1,general,415,355.6477766220406
23466,4,general,317,423.8075854171067
23467,3,general,173,185.9773027173433
23468,3,general,361,332.3032943848432
23469,1,general,899,1023.9168647597942
23471,1,general,583,583.7137974122186
23472,3,general,169,172.89338517836802
23474,3,general,683,668.1821989256199
23475,0,general,575,576.1833258942918
23476,1,general,1223,1186.7072717638632
23477,4,general,1598,1552.5544226701968
23478,2,general,1003,784.7237349299406
23480,3,infantry_light,569,547.7975791469441
23481,2,infantry_light,1492,1583.8464153813547
23482,4,infantry_light,1288,1290.896165484103
23483,2,infantry_line,354,331.9866120649519
23484,2,infantry_line,491,477.92350367482067
23485,4,infantry_line,433,450.1403088557821
23487,0,infantry_line,854,687.0667023486474
23489,2,cavalry_heavy,1323,1343.1851757872532
23490,4,cavalry_light,395,398.1718027966393
23491,1,general,1169,1194.7276513922388
23492,2,general,244,262.7676709768105
23493,0,cavalry_lancers,911,896.6360067336211
23494,3,cavalry_light,877,804.121051121301
23495,0,cavalry_light,816,791.2343813752801
23497,4,general,630,640.5389659000688
23498,2,general,435,400.75339244766064
23499,0,general,117,94.40251082719698
23500,3,general,294,193.18638796887024
23501,3,general,834,798.0705873867164
23502,3,general,315,312.41012780312207
23503,1,general,514,393.83228124367156
23504,0,general,799,768.3750270781626
23505,4,general,1041,1005.2428329018672
23506,3,general,944,804.7375497624253
23507,2,general,494,415.44113932921397
23508,3,infantry_irregulars,396,417.1835645062498
23510,3,infantry_light,852,786.0435818967892
23512,3,infantry_line,356,264.3041527438357
23513,2,infantry_militia,202,210.53864056233107
23514,2,infantry_skirmishers,500,433.5195139677081
23515,2,cavalry_light,721,567.6650262108311
23516,1,general,587,487.6025094544529
23517,1,general,511,653.6953923278566
23518,3,general,599,733.0660988710496
23522,1,infantry_irregulars,842,1071.2809126080215
23523,4,artillery_foot,797,782.8316915580926
23524,3,artillery_foot,379,402.85539679195665
23525,3,artillery_foot,379,402.85539679195665
23527,3,artillery_foot,379,402.85539679195665
23530,0,artillery_foot,717,772.306687200001
23532,3,artillery_foot,756,765.1518644296186
23533,3,artillery_foot,599,604.1184037806219
23539,3,general,228,228.36746657872214
23541,1,general,654,670.4738966567561
23542,3,general,228,228.36746657872214
23543,2,general,601,599.9760110115102
23544,0,general,488,466.3103072016245
23545,3,general,228,228.36746657872214
23546,4,general,1,1.0
23547,4,general,816,805.7415708518846
23548,4,general,1,1.0
23549,1,infantry_grenadiers,534,519.3514109675583
23550,4,infantry_grenadiers,437,368.372126769345
23551,4,infantry_grenadiers,437,368.372126769345
23552,3,artillery_horse,1433,1436.2709524543186
23553,4,cavalry_light,1685,1468.1268916821837
23554,1,cavalry_light,962,978.8165773585221
23555,1,cavalry_light,1308,1272.7061682195354
23556,1,general,1164,1084.8979835383088
23557,2,general,613,577.0523874747938
23560,4,general,597,570.1199155105717
23561,1,general,741,680.2457779394455
23562,4,general,788,774.3722895948451
23563,2,general,1456,1296.5345764792662
23565,3,general,1050,1000.1669294110931
23566,2,general,610,656.2234797777089
23567,3,general,1628,1509.6137309537896
23569,1,infantry_irregulars,797,867.0327935647782
23570,1,infantry_irregulars,357,279.54510052186396
23571,1,infantry_light,554,633.6608488251558
23572,1,infantry_light,492,571.8528070921859
23573,0,infantry_light,827,904.418410623136
23574,3,infantry_light,481,569.6546267718886
23575,2,infantry_light,761,778.3210488381732
23577,0,infantry_skirmishers,262,285.20789094922225
23580,0,artillery_horse,704,705.0921891536464
23581,0,cavalry_lancers,775,771.4068890141806
23583,1,general,676,652.6880083609685
23584,2,general,189,113.58606833273551
23585,2,general,867,810.2869479488102
23586,0,general,974,1020.0845545781699
23587,2,general,529,512.6929009198591
23588,2,general,739,635.8346215887157
23589,0,general,1627,1575.7743155494884
23591,4,infantry_light,599,671.5002714045319
23592,0,infantry_light,1336,1388.0995242604124
23593,4,infantry_line,295,244.61983202938669
23594,3,infantry_line,738,712.4417302330373
23595,2,infantry_line,911,906.0161496885893
23597,1,artillery_horse,726,724.7029936069162
23598,1,cavalry_light,1792,1753.0512338447807
23599,0,cavalry_light,1260,1204.9675511853295
23600,1,general,1325,1234.4577635180526
23601,2,general,1610,1501.1071573883246
23602,1,general,1835,1742.3600069422002
23603,2,artillery_foot,824,733.942241024918
23604,4,cavalry_standard,1779,1712.737512290808
23605,4,general,1717,1645.140430385466
23606,0,general,283,272.1023765515789
23607,1,general,364,367.1618375488428
23608,4,general,1948,1877.3301164879501
23610,2,general,1623,1568.7199819564953
23611,1,general,613,697.286244164392
23612,2,general,1028,946.5314495454991
23614,2,general,1072,1018.4795634882701
23615,4,infantry_light,402,422.0346738873717
23616,1,infantry_light,738,889.9259030179473
23617,1,infantry_line,365,442.736488069475
23618,4,infantry_line,1095,1107.750746159188
23620,1,infantry_line,1422,1431.371071928607
23621,1,infantry_skirmishers,182,196.85593197191872
23622,3,general,545,494.2589953905208
23623,4,general,254,288.97443676580724
23624,0,general,610,555.9859157296959
23625,4,general,505,560.2065597284111
23626,3,general,468,451.77086714771025
23627,3,general,1003,1123.5380625894734
23629,0,general,1423,1320.192369535851
23632,2,general,921,1005.581787259006
23634,3,infantry_line,447,523.5955179074099
23636,2,infantry_line,624,638.2873897798795
23638,1,infantry_line,1307,1325.707475314966
23639,1,infantry_line,1133,1099.18003259068
23640,3,infantry_line,1015,1200.5841874752714
23641,4,infantry_line,1321,1349.1299425511095
23642,4,infantry_skirmishers,189,192.17141681871806
23643,4,infantry_skirmishers,189,192.17141681871806
23644,4,infantry_skirmishers,189,192.17141681871806
23645,1,general,889,754.6914199011395
23646,0,general,1321,1370.1271381739255
23647,0,general,1038,1061.9412393088223
23648,3,infantry_line,711,747.5224479297358
23649,4,infantry_line,1131,1262.3857539046298
23650,0,cavalry_light,2219,2215.298911197019
23651,4,cavalry_standard,1029,1027.4113966789319
23652,2,general,227,223.8496000787805
23653,4,general,548,547.7105281461593
23654,0,general,998,936.4641175995628
23655,1,general,1008,965.5639062445534
23657,2,general,339,389.01227462375095
23658,2,infantry_light,789,849.6585717390959
23659,0,infantry_line,313,346.61420453565717
23661,2,general,842,799.9056366509731
23662,2,general,546,476.7648579356057
23664,0,general,753,776.5153558593184
23667,2,infantry_light,578,686.1757162890106
23668,0,infantry_light,661,643.6845342149844
23670,2,infantry_skirmishers,300,292.2467037760883
23671,1,infantry_skirmishers,182,196.85593197191872
23672,3,general,322,321.10469855840375
23677,4,infantry_line,695,709.0351887468363
23678,1,artillery_foot,400,406.3984865412795
23679,2,general,75,31.21118458488906
23680,0,general,27,34.97815022229568
23681,4,general,88,67.92713359224973
23682,1,general,114,64.74254161985212
23683,1,infantry_line,194,197.97624722523494
23685,4,infantry_militia,130,125.57648912545677
23687,3,artillery_foot,455,398.59317054676825
23688,2,general,434,352.4739526959713
23689,0,cavalry_light,762,760.1605991882134
23691,0,general,1106,941.4439083415604
23692,4,general,657,624.2813262321685
23694,4,general,914,822.0695791559098
23695,0,general,1540,1383.5825208368974
23697,4,general,1473,1359.3193449543114
23698,2,general,1615,1466.9752890470234
23699,0,infantry_grenadiers,1215,1127.7420516851457
23702,2,infantry_grenadiers,1398,1271.7148506852498
23703,2,cavalry_heavy,1614,1624.4312687786871
23704,4,general,1514,1506.1775854329976
23705,4,general,268,316.5733999428513
23706,0,general,448,447.0235351897599
23707,4,general,147,163.5843601264905
23709,2,infantry_line,349,430.4066082014737
23710,0,infantry_line,234,304.09326396429907
23711,3,infantry_line,1120,1120.4402772659682
23712,4,infantry_skirmishers,189,192.17141681871806
23713,4,general,147,163.5843601264905
23714,4,general,147,163.5843601264905
23716,0,general,1089,1090.5462310579344
23717,0,infantry_line,234,304.09326396429907
23719,3,infantry_line,749,757.820905276033
23720,0,cavalry_lancers,646,673.9402336648392
23721,0,cavalry_light,801,816.8820092200165
23722,3,cavalry_light,1658,1610.3056532209737
23723,1,general,658,619.6200790086108
23724,2,general,1421,1344.381126162142
23727,0,artillery_foot,1645,1644.776161180915
23728,2,artillery_foot,801,772.2656538386093
23729,2,artillery_foot,801,772.2656538386093
23730,2,artillery_foot,824,733.942241024918
23731,2,artillery_foot,824,733.942241024918
23732,2,artillery_foot,824,733.942241024918
23733,3,artillery_horse,1445,1447.834324232968
23734,0,general,469,468.4694443617298
23735,3,general,266,266.42871100850914
23736,1,general,958,951.8244832376388
23737,1,general,923,932.2158717290429
23738,0,general,469,468.4694443617298
23739,3,general,1536,1477.7544022777183
23740,4,general,448,420.8365364619277
23741,2,infantry_grenadiers,523,536.3554376164863
23742,2,infantry_grenadiers,523,536.3554376164863
23743,2,infantry_grenadiers,523,536.3554376164863
23744,2,cavalry_heavy,1462,1521.4683355844961
23745,2,general,326,325.38016966955
23747,2,general,816,845.8648786471667
23748,3,infantry_grenadiers,564,590.0941667109382
23749,1,infantry_line,377,356.82456685013744
23750,3,infantry_line,682,716.8302921787732
23752,0,artillery_foot,715,688.7335822791955
23753,3,artillery_horse,418,396.5069746282546
23754,3,general,188,208.5874725347166
23755,4,general,791,805.6127072805182
23756,3,infantry_line,278,303.9329345274663
23757,3,infantry_line,842,908.819214722237
23759,3,cavalry_heavy,1023,1039.060024758778
23760,1,cavalry_lancers,585,579.863564314277
23761,3,general,1078,980.8802423357038
23762,0,general,841,848.3725533260796
23763,0,infantry_grenadiers,786,750.8950034173055
23764,1,cavalry_lancers,577,606.0019262737459
23765,2,general,607,620.459667985195
23766,4,infantry_grenadiers,429,349.5194957937442
23767,0,artillery_fixed,1392,2116.0479021312635
23768,1,cavalry_light,413,410.53437865766415
23769,0,cavalry_light,489,497.9080167087086
23770,2,general,438,427.6901085630478
23773,2,infantry_skirmishers,199,197.01280086181436
23774,4,artillery_foot,486,431.4384948763776
23776,3,general,556,486.331496254814
23777,4,infantry_irregulars,585,203.96329468286862
23779,3,infantry_militia,211,208.7701367645713
23780,4,artillery_foot,330,314.23733466135735
23781,0,cavalry_heavy,938,909.855514578824
23782,4,cavalry_light,350,351.4172589492697
23783,2,general,181,200.04699615042443
23784,0,general,802,784.8689934712171
23787,1,infantry_line,253,240.98089973087463
23788,2,artillery_horse,401,393.0597734083611
23789,4,cavalry_lancers,318,480.6929574169926
23790,3,cavalry_light,836,808.7613806154834
23791,3,general,190,357.4779810735704
23792,4,general,176,70.75306431404705
23793,1,general,102,128.8960613691204
23794,0,general,85,47.62643759785903
23795,1,general,248,200.0033456336418
23796,4,general,40,26.277045623037708
23797,1,infantry_light,362,313.27886272100653
23799,0,infantry_line,180,230.28448464015594
23800,1,infantry_militia,102,91.36175999003815
23801,3,infantry_militia,139,123.60163545613081
23802,0,cavalry_lancers,183,273.03921978210974
23804,3,general,185,205.46914970528718
23805,2,infantry_line,287,305.42517442328574
23806,0,cavalry_lancers,295,343.695900830217
23807,3,general,187,174.37286952305516
23809,4,infantry_militia,276,235.4546075411008
23810,1,infantry_militia,146,138.29076206701274
23811,1,infantry_militia,116,130.62456387471215
23812,0,cavalry_lancers,316,481.161775349026
23814,1,general,152,152.4498735456188
23815,3,infantry_irregulars,465,548.021680181098
23817,4,infantry_skirmishers,579,387.525791652778
23818,1,artillery_foot,1028,981.2287967761011
23819,1,cavalry_lancers,540,530.1396776755373
23820,2,cavalry_light,668,649.0413596685755
23821,4,general,384,313.2464544638275
23822,1,general,548,536.4466903490711
23823,0,infantry_skirmishers,529,456.5055393838115
23824,0,infantry_irregulars,455,610.7003865745386
23828,0,artillery_foot,824,790.7393430123349
23829,2,cavalry_lancers,305,476.5709676602805
23830,4,cavalry_missile,512,467.3993224760126
23832,2,infantry_line,124,190.9534441545669
23833,2,infantry_line,241,286.3678697247193
23834,2,infantry_militia,182,221.39236264864556
23835,2,infantry_skirmishers,224,208.17842158474994
23836,4,cavalry_heavy,1785,1956.7010543692804
23838,3,cavalry_lancers,592,627.7733502754762
23839,3,general,680,697.118192061205
23840,4,general,753,778.0147099971662
23841,1,cavalry_missile,611,733.0420977982817
23842,4,infantry_skirmishers,484,382.597484238786
23843,0,cavalry_light,694,538.681077049133
23846,1,artillery_foot,1573,1364.821380920992
23847,1,artillery_foot,368,294.6415926232877
23848,0,general,67,67.55114672606639
23849,4,general,312,312.2325469440219
23852,0,cavalry_light,659,654.8472237153438
23853,4,cavalry_missile,538,596.966127882606
23854,0,general,502,487.7732191402322
23855,0,general,565,548.9624648249571
23856,0,infantry_light,622,655.2247822710744
23857,1,cavalry_lancers,1407,1390.6189610061688
23858,4,general,1249,1208.5109880275413
23859,4,infantry_skirmishers,361,347.16167909469044
23860,0,general,678,683.2373155081104
23861,1,general,1525,1664.983352685073
23862,2,general,506,497.42835137817667
23863,1,general,1251,1393.648833139061
23865,2,infantry_line,614,632.1480396251663
23866,2,cavalry_heavy,1047,1007.8107455133319
23868,3,general,197,257.2155051599981
23869,2,general,374,349.77497019009644
23872,3,general,475,492.12528158725786
23873,1,infantry_irregulars,489,408.28065447997477
23874,3,infantry_light,483,563.8366075398949
23875,1,infantry_line,210,321.62886995306553
23876,4,infantry_line,423,452.06163245175145
23877,3,cavalry_heavy,3060,2792.3307802885656
23878,2,general,154,227.01043586218253
23879,1,general,2686,2551.6237879123705
23881,0,cavalry_lancers,675,655.4368256029452
23882,3,general,529,494.8294271978754
23883,2,general,194,132.98842324130675
23884,4,infantry_militia,149,209.96249481509938
23885,0,infantry_militia,109,188.19210973032762
23886,4,cavalry_lancers,530,544.4346827683585
23887,2,cavalry_light,720,777.0254509596443
23888,4,general,814,728.4762831998784
23889,0,general,570,611.7637241078614
23890,4,general,1086,933.695594656255
23891,1,infantry_line,741,644.3403352785645
23892,3,general,285,303.1757468029547
23895,3,general,1381,1325.3207999796462
23897,4,infantry_line,1794,1690.6331650883317
23898,3,artillery_foot,60,80.69329949250782
23899,4,artillery_foot,618,536.4147395381874
23901,4,artillery_horse,391,425.3528032748166
23902,3,artillery_horse,86,124.738300593786
23903,0,general,87,86.8514743620854
23904,0,general,87,86.8514743620854
23905,3,general,195,189.3023055813208
23906,4,general,401,401.4418460708855
23907,3,general,29,78.23940865559798
23908,1,infantry_skirmishers,362,388.88355519551226
23909,2,cavalry_light,724,831.7744853148439
23910,1,cavalry_light,468,534.6528254917688
23911,0,cavalry_light,692,969.1690368363961
23912,4,general,192,228.19620876075683
23913,1,general,665,772.7319086915637
23915,1,general,327,305.22092318043065
23916,2,general,640,629.2653435887893
23918,2,general,321,286.48795354280026
23919,4,general,435,398.7033959739695
23920,2,infantry_light,177,187.4258196626159
23921,2,infantry_light,378,384.847611332433
23923,0,infantry_light,412,423.9230680116207
23924,0,infantry_line,709,707.6519417207392
23925,2,infantry_line,464,428.3667481724146
23928,1,infantry_skirmishers,162,167.25360501228778
23929,0,cavalry_light,756,839.8421639709376
23930,3,cavalry_standard,805,792.8937568687087
23931,4,general,650,620.6448605364525
23932,4,general,635,707.7907236769456
23933,0,general,75,62.73725174640049
23935,2,general,153,127.69177978360858
23936,1,general,420,369.99477986573146
23937,4,general,345,349.09529477033215
23938,0,general,579,563.1948188399037
23940,1,infantry_light,195,206.09123641904026
23941,0,infantry_light,357,362.98400749791006
23942,2,infantry_line,226,192.63976849824326
23943,4,infantry_line,145,156.9271713456338
23944,2,infantry_line,178,166.78974295060527
23945,4,infantry_line,544,464.85288342573085
23946,1,infantry_line,633,626.1711464294324
23947,1,infantry_line,485,472.6115487222331
23949,3,infantry_skirmishers,143,140.6484633738438
23950,2,cavalry_light,890,1143.3094878660647
23951,2,cavalry_light,632,721.5389047256504
23952,0,cavalry_light,425,459.6484598521462
23953,0,general,821,1048.174041175054
23954,1,general,525,606.1797983767065
23956,3,general,124,127.59453471712192
23957,3,general,91,85.81655783199218
23958,4,general,93,100.78601486138594
23959,1,general,124,131.1882484040039
23960,0,general,474,451.60502387512844
23961,0,general,391,386.2781587461662
23962,0,infantry_line,168,161.91695102168103
23963,0,infantry_line,222,234.28039971169403
23966,2,infantry_line,417,417.39234225960246
23968,3,general,90,83.81129930290291
23969,4,general,130,124.06058268958975
23971,1,infantry_line,190,185.55091680374125
23972,4,cavalry_light,848,942.011749835967
23973,0,cavalry_light,502,555.7914571720434
23974,1,general,780,818.0857825262158
23975,4,general,331,317.41463746457566
23976,3,general,364,413.81130721416486
23977,1,general,433,411.14577086180725
23978,1,infantry_light,223,242.38920206549352
23979,3,infantry_light,537,553.7715111422046
23980,4,artillery_horse,1083,1060.5474392511528
23982,2,cavalry_light,838,922.4630405341777
23983,1,cavalry_light,772,858.2549504135554
23984,4,cavalry_light,622,638.3705020443884
23985,0,cavalry_standard,579,586.1483816558622
23986,1,cavalry_standard,708,670.7199361953549
23987,3,general,599,554.5263172560803
23988,4,general,721,821.4909140972758
23990,2,general,1073,1081.105694855618
23991,3,general,111,123.40387607916917
23992,0,general,540,547.1592595941338
23994,4,general,1686,2043.7881635816611
23995,1,general,676,745.0914700999307
23996,4,general,519,529.5211120885278
23998,2,infantry_light,182,185.77831791954316
23999,3,infantry_line,232,198.3881336874747
24000,1,general,318,326.7763710875533
24001,1,general,306,275.76490493144456
24002,2,general,407,377.1901551253411
24003,3,general,19,12.32041912679901
24004,3,general,305,264.31789421024666
24006,2,general,859,659.6272597142126
24007,2,infantry_light,409,399.59389858993495
24009,4,infantry_light,685,652.4501405508354
24010,2,infantry_line,378,363.3227994634093
24011,0,infantry_line,273,255.31541358921638
24012,0,infantry_line,413,372.8625896586018
24013,4,infantry_militia,113,104.56941630756259
24014,2,infantry_skirmishers,276,257.7384965570241
24015,3,infantry_skirmishers,143,140.6484633738438
24016,3,artillery_horse,892,867.2910978346838
24017,3,cavalry_light,821,878.8970964398936
24018,4,cavalry_light,400,440.43001258689895
24020,3,general,103,100.19276917281167
24021,0,general,698,735.7226685539148
24022,3,general,495,436.33168504487395
24023,3,general,214,194.190122535341
24024,3,general,887,849.6343959801295
24025,2,general,416,401.100579371299
24026,1,general,462,424.08752901453676
24027,2,infantry_line,318,297.1873037841328
24029,1,infantry_line,398,358.88254226307623
24030,4,infantry_line,521,493.5562591809386
24032,0,artillery_foot,607,604.2016141750389
24033,0,general,178,175.21955237542178
24034,0,general,182,171.99318360006689
24035,4,general,517,516.4710455724107
24036,3,general,161,128.38779218952365
24037,3,general,452,428.16561244782685
24038,2,infantry_line,239,234.96556661354836
24039,3,infantry_line,264,230.12774517990457
24040,0,infantry_line,279,277.8239323148081
24041,1,infantry_line,425,395.48429415348414
24042,4,general,88,78.83514744131762
24043,2,general,120,127.78096531975851
24044,4,general,31,41.9115866199314
24045,4,general,39,53.10571589243105
24046,4,infantry_line,219,223.6212758096186
24047,4,infantry_line,120,139.1695891586376
24048,3,infantry_line,157,142.62613003090888
24049,4,infantry_line,128,150.6405857441583
24053,2,cavalry_light,741,698.6921197816158
24054,2,general,415,418.49833527665413
24055,1,general,16,4.791782180390655
24056,3,general,87,70.50708990203103
24057,3,general,211,210.51978609354285
24058,2,general,636,872.4141686179883
24059,4,general,588,563.6978409478368
24060,4,general,583,563.5170059064435
24061,1,general,330,300.9334814749062
24062,1,infantry_light,309,329.0929166309857
24063,0,infantry_light,354,390.8865670611525
24064,2,infantry_light,446,482.61201290527924
24065,1,infantry_light,504,501.298138723163
24066,4,infantry_line,193,170.63624291624265
24067,1,infantry_line,345,298.61508527498887
24068,4,infantry_militia,111,99.87344624273948
24069,1,infantry_skirmishers,162,167.25360501228778
24071,3,cavalry_light,842,1141.7544890037768
24072,1,general,200,207.61247243648072
24074,1,general,695,799.3847895494018
24075,0,general,763,1035.0981107628722
24076,4,general,244,214.92947198808656
24077,4,general,505,504.8874896430828
24078,1,general,178,147.40780647868368
24079,0,general,376,346.626556379868
24082,4,infantry_light,493,464.87941036548705
24083,0,infantry_line,188,155.74846969273173
24085,3,infantry_line,253,211.7357473148579
24086,2,infantry_line,322,279.7827913367355
24087,3,infantry_line,485,472.45165528266864
24090,1,general,129,121.66843914631998
24091,1,general,481,507.7744967167925
24092,1,general,735,828.2497630675455
24093,4,general,85,75.83369738693
24094,1,infantry_line,188,175.23990225224074
24095,2,infantry_line,228,228.32697263770243
24096,3,general,104,102.03266417623948
24097,1,general,485,450.32483369900064
24098,0,infantry_line,203,204.4929234237351
24099,2,infantry_line,457,430.3911406448279
24100,4,cavalry_heavy,1891,1929.8984647090206
24101,4,cavalry_heavy,1930,1957.968003174793
24102,3,cavalry_heavy,1259,1419.5350036308218
24105,2,general,1056,1178.3971277328083
24106,4,general,702,610.0842771902871
24107,3,general,1693,1756.9035831314502
24108,0,general,1924,1867.9293030782176
24109,0,general,731,663.51261949755
24110,2,general,802,704.8404409192299
24111,1,general,879,810.4041152200215
24112,0,infantry_grenadiers,629,586.7115623133129
24114,4,infantry_grenadiers,924,863.9720862268617
24115,2,infantry_grenadiers,720,666.1460864640419
24116,2,cavalry_heavy,1546,1651.3192177869857
24117,1,cavalry_heavy,1734,1849.3167336351376
24118,4,cavalry_heavy,1430,1517.7378091266057
24119,3,cavalry_heavy,1303,1460.4576911444144
24120,4,cavalry_lancers,560,565.5807371716314
24121,1,cavalry_light,709,987.3864678316339
24123,2,general,312,305.99359288579285
24124,3,general,1148,1287.8802200788166
24125,1,general,1824,1872.9652315927433
24126,0,general,463,427.4376828979002
24127,4,general,522,452.6468829701587
24128,2,general,766,1079.2923335973956
24129,0,general,1209,1269.9601353288838
24130,4,general,619,538.069935961404
24131,1,general,349,412.98068292359596
24132,3,general,641,908.5982919247351
24133,4,general,953,854.6245139806372
24134,2,general,929,797.9591117512252
24135,0,infantry_grenadiers,649,590.4749885971036
24136,0,infantry_grenadiers,499,449.72459015012436
24137,4,infantry_grenadiers,991,920.045770338933
24138,2,infantry_grenadiers,759,687.1499952283574
24139,2,infantry_light,281,341.1225321598192
24140,3,infantry_light,419,435.85166585821116
24141,4,cavalry_light,717,826.1944263290484
24142,3,cavalry_light,314,338.5038681459824
24143,4,cavalry_standard,617,618.5232200807117
24144,0,general,120,45.70980434423011
24145,4,general,516,508.55974406013627
24146,3,general,590,689.7488130260149
24147,0,general,723,582.5894559472833
24148,0,general,229,267.57460410275365
24150,4,general,838,735.5021814584378
24152,0,general,329,313.5812950763436
24153,0,infantry_grenadiers,649,590.4749885971036
24154,4,infantry_grenadiers,991,920.045770338933
24155,2,infantry_grenadiers,759,687.1499952283574
24156,0,infantry_irregulars,171,115.0935317867041
24157,2,infantry_line,584,571.9364399451728
24160,4,general,814,756.4779133646138
24161,2,general,648,565.6206973895813
24162,0,general,865,814.8271872467581
24164,1,infantry_grenadiers,772,723.8271806752822
24165,2,infantry_grenadiers,989,922.7933040812133
24166,3,general,493,506.00225412211637
24168,2,infantry_line,564,577.4784464648512
24169,1,infantry_line,355,323.8114017411683
24171,0,general,132,111.09370105167733
24172,2,infantry_light,268,269.3678548170733
24173,4,infantry_line,196,170.8744288380771
24174,1,infantry_skirmishers,349,291.0065795657989
24176,0,infantry_line,134,111.61615702559115
24177,1,infantry_line,185,179.07795510131504
24178,2,general,134,140.6451961213977
24180,0,infantry_line,232,252.28587892880643
24181,4,cavalry_light,480,596.7259537938818
24182,1,general,365,491.62301037661973
24183,2,artillery_foot,1234,1202.3848788707994
24184,2,artillery_foot,1234,1202.3848788707994
24186,1,artillery_foot,618,571.8792741094408
24187,1,artillery_foot,618,571.8792741094408
24189,2,artillery_foot,496,495.4295274872267
24190,2,artillery_foot,496,495.4295274872267
24191,1,artillery_horse,1086,1080.798304793193
24192,1,artillery_horse,1086,1080.798304793193
24193,3,general,527,489.2132682716802
24194,4,general,1132,1139.873176280499
24195,1,general,351,350.94537311640204
24197,2,general,563,567.393714123349
24199,1,general,199,199.740275525556
24200,2,infantry_grenadiers,389,402.2665782123648
24201,2,infantry_grenadiers,389,402.2665782123648
24205,4,cavalry_light,1913,1856.7641327040121
24206,0,cavalry_light,1663,1694.9601988492607
24210,0,general,1664,1658.0363663958371
24211,4,general,702,639.6489995992239
24213,1,general,1160,1121.0063423368315
24214,1,general,950,939.782727252708
24215,2,infantry_grenadiers,744,690.137708952015
24216,3,infantry_grenadiers,989,980.4007355881355
24219,2,infantry_grenadiers,774,764.5303218669708
24220,0,infantry_line,240,231.6377539555272
24221,2,infantry_line,511,505.5438635413642
24222,0,infantry_militia,270,297.1250461511424
24224,4,infantry_militia,305,275.7313716211571
24225,2,infantry_skirmishers,238,246.9542608378015
24227,4,cavalry_lancers,407,419.85764513782345
24228,1,cavalry_light,460,518.5594227261681
24229,2,general,208,166.18832441039248
24230,0,general,432,489.43108975973394
24231,2,general,79,63.484129801443544
24232,0,general,525,506.8698304274956
24233,1,general,484,507.24533944658805
24234,1,infantry_line,157,117.03045593598377
24235,3,infantry_line,639,625.2530607243415
24236,0,infantry_line,465,453.65845296160006
24237,4,infantry_line,405,415.49738191725754
24238,2,infantry_militia,185,166.05076586174886
24239,2,infantry_militia,333,290.60951773223917
24240,1,infantry_skirmishers,218,197.3708392513882
24241,2,infantry_skirmishers,238,246.9542608378015
24243,1,cavalry_light,1364,1388.1654487551834
24244,2,general,228,224.34396038209644
24246,4,general,231,250.8970302081845
24248,3,infantry_grenadiers,603,570.7033466609726
24249,0,infantry_line,286,276.7632388270654
24251,2,infantry_line,300,308.96844164840434
24252,0,infantry_militia,265,270.5161764910536
24253,1,infantry_skirmishers,220,215.90005617734187
24256,3,general,455,421.5171417308438
24257,3,general,131,85.95379922230251
24258,4,general,211,193.4491101159748
24259,3,infantry_line,372,347.35648010201606
24260,4,infantry_line,217,198.16870054767074
24261,4,infantry_militia,182,152.68196980617398
24262,3,infantry_skirmishers,223,211.56943637386502
24263,1,cavalry_light,909,858.9037122960362
24264,0,cavalry_standard,1378,1328.0897705487578
24265,3,cavalry_standard,1289,1236.2430302047212
24266,4,cavalry_standard,701,707.806625907207
24270,3,general,792,743.6404098901003
24271,2,general,404,337.3534731995377
24272,1,general,596,585.5361280152525
24274,1,general,1297,1217.0924544840425
24275,3,general,978,890.5347632537637
24277,2,infantry_militia,322,311.13774811349555
24279,1,infantry_skirmishers,242,229.8950698164052
24280,4,cavalry_lancers,828,700.0956805981908
24281,4,cavalry_light,409,445.3100983317718
24283,0,general,876,855.1003752979768
24284,4,general,359,371.77334468538595
24285,4,infantry_line,269,262.8446379026141
24288,1,infantry_militia,251,247.34779609623794
24289,2,cavalry_lancers,703,715.0491256524259
24290,2,cavalry_lancers,393,411.026201613348
24292,3,general,547,546.3500724162427
24293,3,artillery_horse,918,904.6380269640046
24294,4,cavalry_standard,1510,1409.702578534911
24295,4,cavalry_standard,819,824.0039426210791
24297,4,general,1432,1409.4185817949224
24298,4,infantry_line,228,223.07557472853975
24299,0,infantry_skirmishers,487,481.436053262194
24301,3,cavalry_lancers,455,441.44120888889756
24302,3,cavalry_lancers,364,403.2455621767116
24304,4,cavalry_lancers,426,427.09227135895156
24307,1,cavalry_light,1087,1081.3455136672603
24308,0,general,412,414.2767966425954
24309,4,general,735,730.732836271166
24311,3,artillery_horse,918,904.6380269640046
24313,1,cavalry_light,680,672.9689136026807
24314,1,general,701,693.1513964283514
24316,2,cavalry_lancers,736,710.8816444064494
24318,2,general,294,251.56362800604452
24319,1,general,126,106.27233096680477
24322,3,general,260,260.9301316804164
24323,2,infantry_light,373,318.7877798154008
24324,4,infantry_line,226,202.99512508335346
24325,3,infantry_line,359,280.33314244447956
24326,0,infantry_line,261,251.53646289791257
24330,1,cavalry_lancers,430,436.77388358933985
24331,0,general,223,205.91139021761745
24332,0,general,138,127.24421438094508
24334,4,general,372,368.9693837487038
24336,2,infantry_line,203,187.96023786225504
24339,1,infantry_militia,193,169.43850954220693
24340,4,infantry_skirmishers,332,322.6785081106649
24341,1,general,736,754.6966350511346
24343,1,infantry_grenadiers,776,799.6436943640552
24344,1,infantry_line,427,434.53860525524544
24345,4,cavalry_heavy,1418,1534.2731098024124
24346,2,cavalry_lancers,1122,1088.5022871114427
24347,3,cavalry_light,584,590.2818185045738
24348,4,general,1409,1578.0367729264208
24349,3,general,127,150.98229657984814
24350,1,general,154,200.29343272866217
24351,4,general,183,156.4211098555547
24352,2,infantry_line,134,191.5781359020542
24354,3,infantry_line,293,264.1480359292915
24355,1,infantry_line,161,206.69245603241077
24356,0,general,37,40.508710248504684
24357,1,infantry_militia,120,143.96526059782852
24358,2,infantry_militia,141,164.9137718240712
24359,1,infantry_militia,138,152.6011730678927
24360,4,infantry_militia,94,124.2892749002263
24362,3,cavalry_light,746,737.022139726273
24363,0,general,634,628.5470400428296
24364,3,general,197,172.48969269428656
24365,2,general,303,266.99065846203257
24366,0,general,284,257.8886219610281
24367,3,general,554,489.84082801960545
24368,2,general,872,791.4516619704655
24370,4,infantry_line,216,165.22646177007258
24371,0,infantry_line,396,365.4680382878439
24372,1,infantry_line,984,917.2148710410025
24373,0,infantry_line,610,559.6016505988514
24377,1,general,363,321.7772868064485
24378,0,general,747,701.9651364068515
24379,0,general,304,345.71109858662555
24380,0,general,204,206.62372223361328
24381,4,infantry_line,341,301.6135731169132
24383,2,infantry_line,189,173.52795292289136
24386,3,infantry_militia,265,271.4379848401055
24387,0,infantry_skirmishers,258,242.2465148073826
24388,1,general,290,278.3014670021935
24389,2,general,345,327.8487434959902
24390,4,infantry_line,201,183.62692583669738
24393,1,infantry_skirmishers,322,286.71710786511034
24394,1,general,197,183.38359526295693
24395,4,infantry_line,304,294.5237511919185
24397,0,infantry_line,507,489.8606435946766
24400,2,cavalry_heavy,768,931.3674025032459
24401,1,cavalry_heavy,1017,1076.8418799843428
24402,1,cavalry_heavy,749,819.2310232202246
24403,1,general,780,910.3816696504614
24404,3,general,879,967.9085407372003
24405,3,cavalry_light,948,931.9031984430524
24406,3,cavalry_light,415,437.53284026439235
24408,3,artillery_horse,918,904.6380269640046
24409,1,artillery_foot,671,556.374079509517
24410,0,artillery_foot,1020,847.4389291664156
24411,2,artillery_foot,452,435.2586157492049
24412,3,artillery_foot,223,248.4395900954126
24415,2,artillery_foot,656,619.3346132632702
24416,1,general,742,630.4118070187317
24417,3,general,1040,877.6263667911087
24418,3,artillery_horse,918,904.6380269640046
24421,0,artillery_foot,768,643.7009578711602
24422,3,artillery_foot,664,568.3344447380205
24423,3,artillery_foot,664,568.3344447380205
24427,1,artillery_foot,781,730.9887245421113
24428,1,artillery_horse,580,567.3970854031302
24429,3,artillery_horse,918,904.6380269640046
24430,4,artillery_horse,952,946.65279973059
24432,1,general,358,350.94537311640204
24436,3,artillery_foot,719,703.5708629757494
24437,2,general,229,231.27827113084223
24438,4,general,394,392.0356637632457
24439,4,general,235,226.3762663826262
24440,0,general,283,277.17283965712755
24441,0,general,245,225.40816022936713
24442,0,general,382,377.47928598669625
24443,1,general,279,278.5487330915716
24445,2,general,870,882.7556458596487
24446,2,general,474,442.1646601278582
24447,2,general,375,369.99595155712325
24448,4,general,410,396.2061726708663
24449,3,infantry_light,506,515.8062018559139
24450,0,infantry_light,366,306.67404837618784
24451,2,infantry_light,373,353.4386441657375
24452,1,infantry_light,387,386.6806073919423
24453,1,infantry_light,484,472.7821573402719
24454,1,infantry_light,412,394.34016342883456
24455,2,infantry_line,332,325.8243828276879
24456,4,infantry_line,296,282.32972940969603
24458,0,infantry_line,280,269.06895591126636
24460,3,infantry_line,340,334.8900568855158
24463,2,infantry_line,350,323.4155054222905
24464,4,infantry_line,407,365.1957259144971
24465,3,infantry_line,335,309.0703391405399
24466,3,infantry_line,792,808.5622731283618
24468,0,infantry_skirmishers,322,282.7522952495527
24469,3,artillery_foot,459,441.9077665028583
24470,1,general,388,378.1673884837131
24471,4,general,539,520.8387039487668
24472,1,general,363,330.0658907781929
24473,3,general,247,237.83604801303477
24475,1,general,273,264.78522950521244
24476,1,general,367,381.27138841890746
24477,3,general,597,563.834026351871
24478,0,infantry_light,489,465.9681113693428
24479,1,infantry_light,383,369.03525971642944
24480,1,infantry_light,488,410.29199791380756
24481,1,infantry_light,515,510.2753848572113
24483,1,infantry_line,386,347.3683659115556
24488,0,infantry_line,310,293.05895585912566
24489,2,infantry_line,381,369.92507330785196
24490,2,infantry_line,382,379.36135770623815
24491,1,artillery_foot,885,833.8874908635809
24493,0,general,497,501.18675807311666
24494,3,general,130,127.332197598703
24495,2,general,513,446.336063807217
24497,4,infantry_grenadiers,565,503.37831678556205
24499,3,infantry_light,295,287.97779596436743
24500,4,infantry_line,263,252.23848246175692
24501,1,infantry_line,357,332.1489173664375
24502,1,infantry_line,236,218.9328796717563
24504,3,infantry_line,198,189.2592916448032
24505,4,infantry_line,465,435.7893315361128
24506,3,general,181,182.461971698633
24507,2,general,342,323.6510811059487
24509,4,general,567,520.3274224506586
24510,3,general,372,331.81071748575994
24511,0,general,488,459.30715705296717
24512,1,infantry_light,472,436.0170058244111
24513,3,infantry_light,450,427.2419792958231
24514,3,infantry_light,460,461.95719535592997
24515,1,infantry_light,626,586.7255430818778
24516,0,infantry_line,252,238.75717147767068
24517,3,infantry_line,235,228.59317262096346
24518,4,infantry_line,326,265.6390330472497
24519,3,infantry_line,430,361.26615912195314
24520,3,infantry_skirmishers,322,284.26164787821017
24521,1,artillery_horse,1964,1975.554943790983
24522,2,cavalry_lancers,454,427.0149070207794
24523,4,cavalry_light,922,865.1702238841282
24524,4,cavalry_light,515,518.1715831259929
24525,1,cavalry_light,564,523.6382346079059
24526,4,cavalry_light,1137,1102.1374825679272
24527,0,general,1063,1019.5050675386772
24528,0,general,952,896.0477116192067
24529,3,general,330,301.8781974176719
24530,0,general,424,382.39415630576406
24531,2,general,420,415.2301399196392
24532,0,artillery_foot,586,578.3981904360885
24533,3,general,354,324.06034757108927
24534,4,general,114,114.6001072711963
24535,4,general,305,311.10814784153604
24536,3,general,248,267.94300612057623
24537,2,general,357,321.29506796827104
24538,3,general,400,410.7907183365664
24539,3,general,154,152.6994003886041
24541,2,general,173,150.2399302165472
24543,2,general,1033,946.2330129986289
24544,0,general,728,701.9305466893453
24545,2,general,725,720.0803787442832
24546,0,general,165,149.61290034880375
24547,1,general,749,679.6300017522016
24548,3,infantry_light,414,365.04978099392156
24549,2,infantry_light,276,287.6702248811325
24550,3,infantry_light,226,210.96262318583373
24551,0,infantry_light,466,484.11571478067845
24552,2,infantry_light,680,673.0711430911589
24553,4,infantry_line,260,273.5055170238639
24555,2,infantry_line,247,228.3161800528301
24556,3,infantry_line,280,244.8087130735802
24557,0,infantry_line,239,253.67664423413987
24559,1,infantry_line,361,365.5957827313817
24560,0,infantry_line,221,205.85101864828928
24561,1,infantry_line,636,612.3969260592843
24563,4,infantry_line,648,610.7929476293975
24565,0,infantry_line,520,497.5022398918328
24567,0,general,378,333.7636378360779
24568,4,general,298,269.8606581020095
24569,1,general,299,301.26636905894503
24570,1,general,157,180.79321389104092
24572,3,general,921,852.0691420934717
24573,4,general,246,229.79205602395538
24574,2,general,621,574.6342582474108
24577,0,infantry_grenadiers,611,561.9118511293261
24578,3,infantry_light,371,331.23901591955706
24579,4,infantry_light,545,522.7023429936653
24580,4,infantry_line,355,327.7761460614682
24581,1,infantry_line,274,238.73775740275522
24582,3,infantry_line,252,276.21819391639957
24583,1,infantry_line,348,359.90941700896605
24585,0,infantry_line,237,218.20574673867975
24588,3,artillery_foot,1626,1519.4963590753825
24589,1,artillery_foot,1210,1169.9395593346123
24590,1,artillery_foot,1023,1078.7476972077616
24591,2,artillery_foot,890,836.3796770334033
24592,0,general,1117,1188.2597904068077
24593,1,general,1674,1668.469123801892
24594,3,infantry_grenadiers,827,819.8268089409878
24596,0,artillery_horse,1726,1669.038577968919
24597,0,artillery_horse,1726,1669.038577968919
24598,1,cavalry_standard,885,836.8135273859359
24599,4,cavalry_standard,909,944.9495677100006
24600,2,cavalry_standard,1016,1035.9273212223436
24601,1,cavalry_standard,610,598.0212332581498
24603,3,cavalry_standard,603,615.8354526470495
24604,0,cavalry_standard,730,700.326882467163
24605,4,general,569,569.9185988786393
24606,2,general,734,745.6785751776615
24607,0,general,251,249.4264978293769
24608,1,general,1091,1081.8599595413705
24609,2,general,507,490.59851791703034
24610,2,general,448,397.36707162034173
24612,4,general,495,499.64241906270615
24613,0,general,1011,1002.4545594541406
24614,0,general,470,459.3738531172793
24615,0,general,357,335.5324045922737
24616,4,general,448,472.53267321516586
24617,2,infantry_grenadiers,364,349.5322034026933
24619,0,infantry_grenadiers,512,449.7092521327649
24620,4,infantry_grenadiers,408,403.1963908082427
24621,0,infantry_grenadiers,426,398.3445460028686
24622,3,infantry_grenadiers,468,460.269713819519
24623,0,artillery_horse,1726,1669.038577968919
24626,2,cavalry_light,719,666.1456729892818
24627,4,cavalry_light,811,719.897193867527
24628,3,cavalry_light,699,628.2742096372853
24629,2,cavalry_light,725,657.3801908395102
24630,3,general,615,553.0045208622538
24632,0,general,431,373.27388031518706
24633,1,general,738,671.0961217823071
24635,0,general,343,320.7166972063611
24636,3,general,662,576.4636482554349
24637,1,general,505,450.39311058539414
24638,1,general,611,557.8118732162709
24639,1,general,434,420.18964318887265
24640,0,general,719,663.3503170550417
24641,4,general,498,517.9758204576667
24643,0,infantry_grenadiers,388,320.3570410811405
24644,4,infantry_grenadiers,616,562.8368134483502
24645,1,infantry_grenadiers,396,346.4409710461091
24647,0,infantry_grenadiers,501,493.8783722716255
24648,4,infantry_grenadiers,670,771.1189159123925
24649,0,cavalry_lancers,428,461.8059359905601
24650,0,cavalry_lancers,521,537.7977202258812
24653,2,cavalry_lancers,810,814.7889996785512
24654,3,cavalry_lancers,714,698.5430476986521
24655,4,cavalry_lancers,365,359.2966649910452
24656,1,cavalry_light,1245,1138.1811403307352
24657,0,cavalry_light,510,480.8637579019279
24658,0,cavalry_light,1506,1397.4306399095374
24659,4,general,549,554.9116827809137
24661,0,general,430,452.4121406778657
24662,1,general,467,444.44353043019896
24663,3,general,883,916.3469637809496
24664,4,general,1091,975.7821159533236
24665,2,general,1513,1365.314518417235
24666,0,infantry_light,346,299.47809087602934
24667,2,cavalry_light,359,341.80322004463113
24668,4,general,323,316.9107207720502
24669,1,artillery_foot,959,864.3053778990541
24670,4,artillery_horse,1804,1770.7382718605932
24671,3,cavalry_lancers,518,520.4453292437244
24673,2,general,302,266.09046285261337
24674,4,general,535,554.5506316589417
24675,4,general,121,109.40012580059269
24676,1,general,563,544.4851792273894
24678,0,general,106,98.47207265888655
24679,1,general,494,462.93669303700057
24680,2,general,979,862.1113594916018
24682,0,general,926,823.5622261126366
24683,3,infantry_grenadiers,1110,972.6558554157277
24684,4,infantry_grenadiers,962,874.196524521969
24685,3,infantry_light,363,325.48085562037716
24687,4,infantry_line,224,199.86205543956808
24688,0,infantry_line,202,191.89592807974543
24689,0,infantry_line,208,188.59989607970942
24691,3,infantry_skirmishers,300,324.11586313109746
24693,2,cavalry_lancers,755,747.7116112735472
24696,0,cavalry_lancers,522,541.0343173177916
24697,3,cavalry_lancers,451,488.3700011855632
24698,1,general,448,481.2174384318803
24699,0,general,135,123.96610646872803
24700,0,general,637,672.4694264982453
24701,1,general,201,192.5844226853755
24702,2,general,349,401.1956425212541
24703,1,general,215,184.3436240394892
24705,1,general,738,730.6900698612894
24706,1,infantry_light,269,259.9635288078937
24707,1,infantry_light,334,301.505773338146
24708,2,infantry_line,214,176.57060814706654
24709,4,infantry_line,323,281.1795772443546
24710,4,infantry_line,226,198.0677610453431
24711,2,infantry_line,797,789.2834632184208
24712,3,infantry_line,253,222.6850793442586
24713,4,artillery_horse,1329,1301.606194198659
24714,0,cavalry_heavy,1801,1895.9212726986023
24715,4,cavalry_lancers,408,433.0253741734433
24716,4,cavalry_lancers,670,642.5124142067618
24717,3,cavalry_light,1694,1667.3615945885433
24720,3,general,362,332.8413252364613
24721,2,general,1704,1752.0143063661092
24722,4,general,371,263.9405968044606
24723,3,general,558,554.597616794985
24724,4,general,193,189.0751204527686
24725,2,general,454,388.16552351667667
24727,0,infantry_light,443,388.54266274631976
24730,0,infantry_line,246,225.3982812000112
24731,3,infantry_line,363,317.699449572264
24733,2,cavalry_lancers,603,656.1454331896177
24735,2,general,426,454.3707723801174
24736,0,artillery_horse,1726,1669.038577968919
24737,2,cavalry_lancers,807,815.1405099308035
24738,2,cavalry_lancers,451,497.34225608159056
24739,2,cavalry_lancers,700,712.2451887848283
24740,4,cavalry_lancers,575,546.3126452993519
24741,1,cavalry_lancers,562,566.3768856827452
24742,1,general,405,465.06313954333416
24743,1,general,508,548.4657743936135
24744,1,general,466,480.2649377513201
24746,1,general,703,736.2695026119468
24747,2,cavalry_heavy,2174,2155.327127961404
24748,1,cavalry_heavy,2105,2215.664312482202
24751,0,general,943,1018.1204563897652
24752,3,general,1112,1218.268364319728
24753,0,general,2091,2094.477672608862
24754,1,general,1954,1929.8713502895366
24755,1,general,172,157.4116239796668
24756,3,general,219,208.97000057105726
24757,2,general,203,199.66736173904062
24758,2,infantry_light,244,230.06905088716994
24761,4,infantry_line,227,206.82893308948775
24764,3,cavalry_heavy,1076,1266.18976479372
24765,3,cavalry_heavy,675,832.7515767362474
24766,0,cavalry_heavy,1213,1346.419708089351
24768,4,general,386,376.6280994169228
24769,3,general,933,1113.4249168665294
24770,4,general,1209,1313.6462265817606
24771,2,general,1013,1140.8253321571494
24772,3,general,653,839.3662123210048
24774,4,general,507,468.5510773146343
24776,3,infantry_light,772,808.4368506919609
24777,3,infantry_line,262,279.729912641564
24778,2,infantry_line,344,360.53375257920317
24779,0,infantry_line,553,517.6477221942121
24784,0,general,1050,1133.994671749685
24785,1,general,1346,1421.9890567247398
24788,1,general,344,333.34172505450124
24789,4,general,698,650.35096076242
24790,1,general,222,203.0805974174088
24791,3,infantry_light,328,303.2792839514173
24792,3,infantry_light,275,254.4426530141248
24793,1,infantry_line,354,323.75797993788126
24794,2,infantry_line,329,339.27704375690234
24795,1,infantry_line,299,260.71486907228245
24796,4,artillery_horse,1357,1279.7802852024859
24797,3,cavalry_lancers,858,936.4422004620752
24798,2,cavalry_lancers,800,861.468887933147
24800,1,cavalry_standard,1123,1023.0623137793093
24801,2,general,934,847.6216891719541
24802,1,general,797,879.3373035368274
24803,4,general,1071,1065.373731994209
24805,3,general,856,924.2244405840651
24806,0,artillery_horse,1726,1669.038577968919
24807,4,cavalry_lancers,655,622.4489251906482
24808,1,cavalry_lancers,565,583.9008205189912
24810,2,cavalry_lancers,558,570.4853604310133
24812,0,cavalry_standard,601,546.2959442085092
24814,0,cavalry_standard,425,434.75662645005355
24815,1,cavalry_standard,906,938.9689001830923
24816,2,cavalry_standard,462,456.9078042019888
24817,4,general,962,994.7425438627545
24819,3,general,614,554.4451911773365
24822,4,general,664,691.8954843987709
24823,0,artillery_horse,549,538.6945753901555
24824,2,cavalry_lancers,1213,1059.6479907214557
24827,0,cavalry_lancers,738,728.9077248684455
24828,2,cavalry_light,271,276.0922933312246
24829,0,cavalry_light,334,335.9316686723002
24830,0,cavalry_light,466,424.2638614490702
24831,1,cavalry_light,414,426.46660349701307
24832,1,cavalry_light,662,606.3220504795748
24834,2,general,605,577.0095527497826
24835,1,general,327,344.5081096266677
24836,3,general,597,617.8356379326027
24837,2,general,628,636.9892078847693
24838,1,general,289,312.75107995164416
24839,4,general,1065,1055.23232487456
24840,4,general,302,292.9579574726955
24841,0,artillery_horse,549,538.6945753901555
24842,0,cavalry_lancers,428,461.8059359905601
24843,0,cavalry_lancers,428,461.8059359905601
24844,0,cavalry_lancers,428,461.8059359905601
24845,3,general,333,368.54457392962934
24846,4,general,439,480.70550099804007
24847,3,general,528,582.4594936730954
24848,2,cavalry_lancers,451,497.34225608159056
24849,3,cavalry_lancers,389,423.93739204839187
24850,4,cavalry_lancers,407,444.5052896680891
24851,1,cavalry_lancers,368,421.47766298434874
24852,1,general,256,310.0716454826549
24853,1,general,231,305.7487760904106
24854,4,general,318,362.84630281962063
24855,1,artillery_foot,725,688.0682857249942
24856,3,artillery_foot,534,546.932099117964
24857,4,artillery_foot,1591,1528.136545659406
24858,1,artillery_foot,1023,1078.7476972077616
24859,3,artillery_foot,1129,1123.388557748703
24860,1,artillery_foot,1023,1078.7476972077616
24861,1,artillery_foot,1023,1078.7476972077616
24862,1,artillery_foot,1023,1078.7476972077616
24863,2,artillery_foot,890,836.3796770334033
24864,4,artillery_foot,674,662.1103366619901
24865,2,artillery_foot,886,847.9700555024941
24867,1,artillery_horse,1201,1185.0879234160548
24868,1,general,182,177.54691157827196
24869,4,general,182,177.43220465134664
24870,4,general,913,927.9415533920302
24871,3,general,695,658.0499212700706
24872,2,general,69,67.31724330552562
24873,1,general,656,634.549655491759
24874,2,general,1013,951.1610531721772
24876,3,cavalry_heavy,2526,2528.1270105686076
24877,4,cavalry_lancers,648,741.8314748184151
24879,1,cavalry_light,519,539.7104056439889
24880,2,cavalry_light,1321,1253.1858847718536
24882,0,general,2205,2144.7894914908115
24883,3,general,649,780.6575851286998
24884,4,artillery_horse,665,677.3733694131022
24885,0,artillery_horse,118,176.70599514459522
24886,1,cavalry_standard,765,742.0246657972984
24887,1,general,614,563.8497299463438
24888,3,cavalry_lancers,641,782.3586586662806
24889,1,cavalry_lancers,862,1004.4907460164819
24893,0,cavalry_standard,1499,1436.4042761458772
24894,3,general,897,836.0175350425361
24895,1,general,1415,1347.9670484035062
24896,4,general,1000,1212.5928983008885
24897,2,general,1482,1821.266436803493
24898,0,artillery_foot,1347,1261.9603939871224
24899,2,cavalry_light,717,698.9944432612232
24900,0,cavalry_light,828,805.0637711535131
24901,0,cavalry_standard,1161,1084.6529648208523
24902,2,general,1368,1331.43294931668
24903,2,general,1179,1094.3309517679154
24904,3,general,656,626.0559597388683
24905,0,general,612,567.3299878529751
24906,4,general,964,1080.4127844711545
24908,1,artillery_foot,448,428.4833570687796
24909,4,cavalry_lancers,672,801.0255161194226
24910,0,cavalry_lancers,560,647.2919353882332
24911,4,general,708,953.09634071368
24912,1,general,382,364.7921701580505
24913,3,general,299,311.0428449945575
24914,4,infantry_line,362,374.3972085971665
24915,2,infantry_line,486,491.3546287425019
24916,2,general,1179,1178.735889662234
24918,1,artillery_foot,1116,1077.594318192761
24919,4,artillery_foot,1084,947.3528880904821
24920,3,general,360,362.11755825590717
24922,2,general,305,394.9481321627098
24924,2,general,997,952.2164967051931
24925,0,general,918,895.0173813810634
24926,3,infantry_light,418,532.8755099629338
24927,0,infantry_line,823,824.5108287936558
24929,0,infantry_line,428,425.63010565241416
24930,4,infantry_line,493,487.8694287655702
24931,4,infantry_skirmishers,272,287.5992961607618
24932,1,general,835,743.3456360002511
24933,1,general,431,402.11836187869
24934,0,general,912,954.259611669278
24935,2,infantry_light,685,838.8077033266878
24938,1,infantry_line,543,532.7189705683561
24939,3,general,400,434.0881722526894
24941,2,artillery_foot,879,798.1813605226228
24942,0,general,713,686.0006634193466
24943,3,general,422,419.95821503353136
24944,0,general,635,595.421173382701
24945,3,general,619,587.8415052709513
24948,1,general,1222,1391.583172045323
24950,3,infantry_line,555,560.8419523996423
24951,4,infantry_line,524,527.4432210103377
24953,0,infantry_line,571,550.3638965212423
24954,3,infantry_line,475,492.6237157016549
24955,2,general,295,318.68860074895395
24956,4,general,519,518.9882283166315
24957,1,general,282,284.51671031953293
24958,0,general,324,334.32632868526684
24960,0,infantry_line,451,476.8375863851082
24961,3,infantry_line,336,384.50710158788274
24962,4,infantry_line,382,407.5110289628466
24963,3,general,248,318.5605220899752
24964,0,general,290,378.9524680649406
24966,1,infantry_light,402,531.6852679776897
24967,4,infantry_light,268,337.8835045139946
24969,4,infantry_skirmishers,272,287.5992961607618
24970,2,infantry_skirmishers,400,354.8961855120327
24971,3,general,228,228.36746657872214
24973,4,general,401,401.4418460708855
24974,4,cavalry_heavy,1388,1371.6293707786467
24976,0,cavalry_standard,901,857.4567929843242
24977,4,general,920,899.4141397834584
24978,1,general,398,372.9999409488772
24981,3,general,329,715.5957914730491
24982,4,general,236,279.5819191439767
24983,3,general,1305,1318.4935529053464
24984,3,general,419,394.1273671249499
24985,1,general,1417,1439.14547190389
24986,1,general,1065,1126.4671085789946
24987,1,general,568,545.505164464374
24988,1,infantry_grenadiers,1456,1479.0665403376026
24989,3,infantry_light,523,587.1222489761491
24990,0,infantry_light,542,544.8500415445458
24991,0,infantry_light,301,362.1962254069976
24992,3,infantry_line,440,428.45951343024154
24993,1,infantry_line,964,1011.6530787261124
24994,0,infantry_line,617,605.3907557564576
24995,0,infantry_skirmishers,309,326.73615753315516
24996,1,artillery_horse,1156,1165.7032325901323
24997,3,cavalry_heavy,1383,1336.06476790509
24998,4,cavalry_lancers,525,885.716028499821
24999,1,cavalry_light,871,823.8944829028301
25000,4,general,205,240.18379817187284
25001,2,general,197,232.38388101400312
25002,0,general,369,458.7675868916339
25005,0,general,1113,1103.57288383672
25006,1,general,590,631.3424635431858
25007,1,general,468,461.3407177591803
25008,2,general,419,719.0492675743473
25009,2,general,627,633.2491362818614
25011,4,general,383,452.5415092327638
25014,0,infantry_line,401,393.63345238174855
25016,1,infantry_line,311,360.95534161942436
25017,1,infantry_line,498,586.9628664349437
25018,4,infantry_line,344,333.2038312171067
25019,4,artillery_foot,370,335.2848778862995
25020,2,cavalry_lancers,401,804.498943860761
25021,2,cavalry_light,501,508.3362721449445
25022,3,general,246,338.5619984127219
25023,2,general,288,686.0660690966001
25024,0,general,535,554.3661836163229
25026,0,general,78,74.68302173041194
25027,0,general,86,87.37984897882525
25028,4,general,189,192.32957598518934
25032,0,infantry_line,159,158.57429315626686
25033,2,infantry_line,158,138.2193661456773
25034,4,infantry_line,522,575.7555682486051
25035,1,cavalry_heavy,1023,1124.4664168259226
25036,1,cavalry_standard,716,657.7421221776624
25037,1,general,567,487.78511656009647
25038,3,general,530,541.0777624999664
25039,4,general,829,919.8627463937253
25040,4,general,285,317.389361760396
25041,4,general,794,885.0502845155382
25042,3,general,874,967.012879576323
25043,4,infantry_grenadiers,745,844.1376746737678
25044,3,infantry_line,380,441.1926150586951
25046,4,artillery_foot,483,557.0164997655521
25049,1,cavalry_light,823,806.3033730900847
25050,4,cavalry_light,544,574.9475215183185
25052,4,general,147,145.07527803402056
25053,2,general,404,414.76200189880046
25054,1,general,337,362.1158128286494
25055,4,general,516,544.1289587753043
25056,2,general,671,628.2443016828329
25057,3,general,373,366.67994907764
25058,3,general,333,642.3569867117258
25059,0,general,477,525.0765161210707
25061,0,general,199,223.60047684628603
25062,2,general,686,667.2977709611062
25063,1,infantry_light,593,684.7954363959666
25065,1,infantry_line,211,215.8492261677708
25066,2,infantry_line,797,808.6889933890227
25067,2,infantry_line,224,229.00926468358608
25069,0,cavalry_lancers,1485,1779.8371453722177
25070,0,cavalry_lancers,1333,1680.3508704163971
25071,4,cavalry_lancers,1103,1393.4620880272382
25073,3,cavalry_light,1306,1267.5909803147026
25075,0,general,637,612.5991136279696
25076,2,general,29,19.522684211142035
25077,1,general,1062,1349.1357713474506
25078,1,general,1140,1057.5184848918389
25079,2,general,1337,1326.6593388594142
25080,0,general,1381,1712.7938061231525
25081,2,general,187,235.76241032080816
25082,4,general,103,104.302290214334
25083,1,general,485,526.1597595003552
25084,3,general,1639,1807.8545276025025
25085,1,infantry_line,282,350.01736864068914
25086,1,infantry_line,422,492.3883904902579
25087,3,infantry_line,136,126.7776805299805
25089,2,cavalry_heavy,1092,1139.7927696167317
25090,1,general,909,905.7501568457462
25091,3,artillery_foot,339,353.26944547099714
25092,0,artillery_horse,728,718.3627421813952
25093,1,cavalry_standard,697,638.0272555559411
25094,2,cavalry_standard,712,635.0036445011972
25095,2,general,577,556.449565458207
25097,2,general,603,506.72601292283537
25098,3,general,465,474.4184237229386
25099,1,general,724,643.4677611848874
25100,4,infantry_grenadiers,405,349.0982159036272
25101,0,infantry_light,570,629.1121588906768
25102,0,infantry_line,205,249.70861367567588
25104,4,cavalry_lancers,481,826.7457093974651
25105,1,cavalry_lancers,361,630.5399971873376
25106,4,cavalry_light,643,672.2098503991903
25108,2,general,219,455.3672960706907
25111,1,general,705,715.8709685202006
25113,2,general,152,173.44176628065793
25114,4,general,202,188.02182161132436
25115,1,infantry_line,216,212.206729540974
25116,1,infantry_line,255,289.48462151748475
25118,3,artillery_foot,987,993.7873915714184
25119,3,general,59,47.65063390817687
25120,1,general,559,571.2354275053898
25121,1,general,281,275.40510028662226
25122,2,infantry_line,160,167.50560325397046
25123,3,infantry_line,460,470.3425605984715
25126,1,cavalry_standard,721,721.5561370047745
25127,2,cavalry_standard,848,787.3773904336338
25128,3,general,223,226.9425108417652
25129,3,general,298,325.3957667344051
25130,1,general,684,668.1175708745982
25132,2,general,741,766.465855460797
25133,1,infantry_grenadiers,687,744.5398255197929
25136,0,cavalry_heavy,1514,1514.4326894435346
25137,2,cavalry_heavy,2247,2229.022024251909
25139,0,cavalry_heavy,1835,1806.4523534420746
25140,0,cavalry_light,747,743.1731619013277
25141,1,cavalry_standard,705,638.3157414945936
25143,2,general,294,297.1003153958089
25144,1,general,614,603.814640073369
25148,3,general,521,480.2676252422323
25149,4,artillery_foot,996,1004.3849182744656
25150,3,general,215,262.4600151836927
25151,4,general,207,292.44814515107737
25152,0,general,365,396.2072933197593
25154,4,infantry_line,278,334.57656431451045
25155,2,infantry_line,426,483.3584719314882
25156,0,cavalry_light,541,538.0849214069352
25158,1,artillery_foot,730,659.4538522886257
25159,4,artillery_foot,926,804.2292311545527
25161,1,artillery_foot,464,448.9590454834232
25163,2,general,731,663.8511337524984
25164,2,general,731,615.7639882773591
25165,2,general,329,285.36561498135694
25166,1,general,1043,1034.0316746502017
25167,4,general,1,1.0
25168,1,general,820,815.8495570608335
25170,1,infantry_skirmishers,160,196.339985228667
25171,2,cavalry_light,733,713.9737799750062
25172,0,general,306,299.3475704551239
25173,4,general,401,408.23853687651865
25175,3,general,570,535.410341824967
25176,4,general,179,215.3087980603399
25177,2,general,246,247.4223334876387
25178,3,general,276,318.78555878016914
25179,3,infantry_line,368,409.3714726216374
25180,3,infantry_line,238,244.75211607480387
25181,3,infantry_line,375,330.23887845814994
25183,0,infantry_line,308,340.3744348237692
25185,1,infantry_line,383,442.8917208935248
25186,4,infantry_militia,310,371.8036798892602
25187,4,artillery_foot,385,476.29825696268057
25188,4,cavalry_light,399,362.95684541694186
25189,0,cavalry_light,521,517.1451379751447
25190,1,cavalry_standard,860,807.2714195553959
25191,4,general,207,227.76229428313272
25194,3,general,61,99.05886166689692
25196,4,infantry_grenadiers,1239,1283.0571247499236
25197,4,infantry_line,173,214.99298729885086
25198,1,infantry_line,164,181.8917939409525
25199,2,infantry_line,310,345.0418947173677
25200,4,infantry_line,386,415.00044051839745
25201,0,infantry_line,269,300.15862042846584
25202,2,infantry_line,256,311.45601290417727
25204,3,artillery_foot,311,260.14711690975105
25205,0,general,343,380.5299592139161
25207,3,infantry_grenadiers,359,356.56171905057096
25209,3,infantry_line,338,367.9798688432852
25210,0,infantry_line,210,266.92143472233573
25211,1,infantry_line,635,704.6124619423288
25212,1,infantry_skirmishers,334,323.0915315179927
25213,2,general,1362,1223.6141341106693
25215,1,infantry_grenadiers,581,576.6847116201296
25217,3,infantry_grenadiers,1406,1241.8301274670175
25218,2,general,427,638.8810959296692
25220,3,general,936,1028.2492251797187
25222,2,general,415,479.4484585848237
25224,2,infantry_line,473,501.3821232315213
25225,0,infantry_line,462,586.9663645675906
25227,0,infantry_line,851,925.6530034438182
25228,1,infantry_militia,498,612.4557721379532
25229,0,infantry_militia,236,387.6931953441623
25230,0,infantry_militia,261,385.2532465074947
25231,2,infantry_militia,233,358.48778670491026
25232,0,infantry_militia,520,726.654543849626
25233,2,infantry_militia,261,322.6681144094442
25234,3,infantry_militia,447,500.66232771322797
25235,4,infantry_skirmishers,420,536.8036594516628
25237,3,cavalry_light,378,400.4177279891796
25238,1,general,1662,1675.4186806105515
25239,3,general,304,360.0391186990567
25240,3,general,549,604.344524440497
25241,2,general,543,489.13822150267913
25242,1,general,634,480.98563934730714
25243,1,general,145,262.04990571935457
25244,1,infantry_light,181,135.43257293762198
25245,0,infantry_light,493,452.6440638030046
25248,4,infantry_militia,614,742.0459604446626
25249,3,infantry_militia,562,606.117524666373
25250,2,infantry_militia,227,353.16276124366124
25251,3,infantry_militia,615,500.9807341269411
25252,0,infantry_skirmishers,177,289.00018123114046
25253,2,cavalry_light,461,466.88362338406984
25254,2,cavalry_light,459,456.40636632408535
25255,1,cavalry_standard,485,429.5172422523855
25256,0,general,1364,1290.684514624786
25258,0,general,134,200.45982940133845
25259,4,infantry_line,226,256.0519719086875
25261,2,infantry_line,1130,1170.8474336222273
25262,2,artillery_horse,184,278.3259761014912
25263,0,cavalry_light,423,437.13048918985163
25264,4,cavalry_light,727,714.2263613980972
25266,2,general,596,590.6425686922898
25267,0,infantry_light,428,380.96018523476516
25268,4,artillery_foot,377,326.77344193047395
25271,2,artillery_foot,292,273.3158656846004
25273,0,cavalry_standard,496,454.6731212121057
25274,1,general,318,325.90734063783094
25275,2,general,311,311.34264800373677
25276,0,infantry_militia,482,534.8227465364423
25278,1,infantry_skirmishers,345,326.8794405270871
25279,0,cavalry_standard,732,613.7411517024858
25280,0,cavalry_standard,430,427.2458005756978
25282,3,infantry_skirmishers,327,348.3058474868665
25284,2,infantry_light,261,268.84677437703016
25285,0,infantry_militia,212,299.31118515501373
25287,3,cavalry_light,900,792.5544641943661
25288,3,cavalry_standard,923,840.30141530486
25289,4,cavalry_light,322,300.1919067324227
25290,4,infantry_militia,376,452.8966004992757
25292,4,infantry_militia,109,150.71804365706853
25293,0,infantry_militia,126,200.66116017002537
25294,0,infantry_militia,194,315.2283100799876
25296,1,general,462,436.08957179449345
25297,0,general,1257,1031.348590587678
25299,4,infantry_grenadiers,1409,1215.2549935454044
25300,0,artillery_foot,633,589.4587382352814
25301,2,artillery_foot,446,400.2023910714729
25302,3,general,228,228.36746657872214
25303,4,general,323,273.7854104965154
25304,1,general,820,815.8495570608335
25307,3,general,228,228.36746657872214
25308,0,general,401,401.54523802433994
25309,4,infantry_grenadiers,332,253.4269753180705
25310,4,infantry_grenadiers,525,489.3369702187053
25312,4,infantry_skirmishers,721,503.50742487396883
25313,4,general,258,309.8448661124691
25315,0,general,1093,1101.6028586546424
25316,2,general,555,605.5160162652859
25318,0,general,1062,883.332937701485
25319,1,general,503,418.63669773473464
25320,3,general,574,495.42929344361403
25321,0,infantry_grenadiers,670,828.5450508344314
25322,4,infantry_grenadiers,1146,1214.0054504562422
25323,0,infantry_light,573,581.6683724274809
25324,0,infantry_light,1206,1079.082547255712
25325,1,infantry_light,946,862.2456500399759
25326,2,infantry_line,283,372.4941159214079
25327,4,infantry_line,631,578.0928926151976
25328,2,infantry_skirmishers,303,299.0549364982098
25329,4,artillery_foot,485,581.583322544137
25330,0,general,233,230.78219634433356
25331,1,general,404,453.1031848304911
25332,2,general,640,686.3128682440332
25333,1,general,1067,1086.2993481567976
25334,3,general,841,846.5958033678583
25336,0,general,562,554.5837119407423
25337,0,infantry_grenadiers,802,895.295929022121
25338,0,infantry_grenadiers,367,424.1651024251859
25340,1,infantry_line,349,368.8195810030225
25341,4,infantry_line,723,774.7302782919058
25342,4,infantry_line,683,714.8358253179081
25343,1,infantry_line,963,1004.9588429741516
25344,1,artillery_foot,530,485.27589113079614
25345,1,artillery_foot,680,708.1461457179314
25346,0,general,394,295.38419192057836
25347,0,infantry_grenadiers,808,762.5854315300505
25348,1,cavalry_heavy,2498,2580.204454356509
25349,4,cavalry_lancers,1601,1646.3803280841057
25350,1,general,2654,2657.4497809651616
25351,4,general,87,64.66484751103312
25352,1,general,676,588.3237359642089
25353,0,general,247,194.29979845770487
25354,0,general,1439,1417.5567736704393
25355,4,general,445,459.4689364596807
25357,4,general,520,525.5437484287825
25358,4,infantry_grenadiers,870,991.5717493103133
25359,3,infantry_light,630,559.9243079215587
25360,2,infantry_light,344,351.71011067040536
25361,3,infantry_line,206,204.47960574111912
25362,3,infantry_line,585,599.3675471215934
25363,0,artillery_horse,1547,1570.0340829292113
25364,1,cavalry_light,1250,1152.0182349314523
25365,0,cavalry_light,703,691.8391706862557
25366,3,general,87,172.82440088578647
25367,0,general,228,243.13501512156714
25368,3,general,49,87.47437436008548
25369,3,general,19,30.369488804125453
25370,0,general,599,555.3481601215839
25372,1,general,170,195.68207596760288
25373,1,general,186,177.4035663361199
25374,3,general,129,241.64082916572903
25376,0,general,1175,1065.4853274379886
25377,3,infantry_grenadiers,470,684.4854780966831
25378,4,infantry_line,305,315.542111370596
25379,3,infantry_line,241,286.4820122487503
25380,4,infantry_line,184,303.80994642336486
25381,0,infantry_line,132,174.31970717471913
25385,3,cavalry_light,661,659.0176311670524
25386,1,cavalry_light,854,854.4993460979977
25387,1,cavalry_light,372,341.3627526857475
25388,0,general,191,195.33013700815468
25389,4,general,523,473.271013289978
25390,2,general,828,792.8153260780003
25391,1,cavalry_light,607,617.5055175934929
25394,0,general,720,616.051853668354
25395,2,artillery_horse,1437,1527.515452905923
25396,2,general,1256,1264.2442802673543
25398,1,general,958,951.8244832376388
25399,3,general,266,266.42871100850914
25400,3,cavalry_lancers,1062,762.1483879808944
25401,3,general,644,712.4154879079813
25402,2,general,325,380.7437166778126
25403,2,general,919,672.2633160409727
25404,3,general,144,191.09334480997768
25406,1,general,241,257.11237866986215
25408,3,infantry_line,287,325.4902578503561
25409,0,infantry_line,318,361.54028886744345
25410,3,infantry_line,189,223.13078224175524
25412,1,infantry_line,336,382.03391675610635
25413,0,infantry_line,756,843.7865895100928
25416,4,cavalry_lancers,910,728.9710445763767
25418,2,general,114,160.7129938134467
25419,2,general,476,601.3493854216496
25421,2,infantry_light,626,738.3972216317287
25423,0,infantry_line,360,395.0535040462251
25424,2,infantry_line,326,392.81422067455674
25425,3,cavalry_lancers,1250,979.0645385216085
25426,1,cavalry_lancers,727,740.8752960556077
25428,1,cavalry_lancers,1239,1277.174203221199
25429,1,general,1092,1113.8148896389325
25430,4,artillery_horse,584,578.7824414717974
25431,1,general,460,473.38546957813224
25432,4,general,447,488.9841946494139
25433,2,general,227,264.59399512488994
25434,0,general,487,537.0174043509941
25435,4,general,295,423.27406875334634
25440,4,infantry_line,457,492.2118434171329
25441,4,infantry_line,551,606.6340173171627
25442,1,cavalry_light,524,517.4203899909514
25443,2,cavalry_light,1246,1218.670540273984
25445,3,general,129,204.80076635127332
25446,4,general,559,554.1492591455772
25447,0,general,163,197.81219960105616
25448,4,general,248,304.84435181335493
25449,2,general,1089,1041.8047972816557
25450,2,general,291,431.07233716253666
25451,2,infantry_light,366,518.7015451274948
25452,0,infantry_line,327,345.53230797420116
25454,4,infantry_line,292,322.7013800180194
25455,1,infantry_line,268,299.98303425518935
25456,0,infantry_line,351,354.20047852125305
25457,0,infantry_line,166,207.58107598541233
25459,3,cavalry_standard,452,527.166735695541
25460,3,cavalry_standard,582,703.3505196785446
25461,1,general,421,519.1199798120815
25462,3,general,405,481.81368545942365
25463,2,general,786,875.1921159561387
25464,2,infantry_grenadiers,699,805.1437087602291
25465,2,infantry_line,504,571.1342522049971
25466,4,infantry_line,293,323.5405118857082
25467,3,cavalry_standard,709,780.6336428678258
25469,3,general,315,434.9955366961627
25470,4,infantry_grenadiers,386,491.2034260532887
25471,2,general,306,361.1982036102967
25473,1,general,634,727.5666221243044
25474,2,general,116,178.44763373313123
25475,4,infantry_line,461,513.377334810573
25476,3,infantry_line,237,295.45015556326445
25477,4,infantry_line,304,342.5714310474309
25478,3,infantry_line,198,239.53336826378543
25479,0,cavalry_lancers,939,746.4128582615803
25481,2,cavalry_lancers,725,528.0946595769867
25482,4,general,398,403.7567128466568
25483,2,general,95,137.41202220148526
25484,1,general,76,147.19865146503594
25485,3,general,781,626.824852813886
25486,1,general,175,263.53478025897425
25487,4,general,539,381.66555031360167
25488,1,general,589,385.2329721845203
25489,0,infantry_light,285,392.3206324640651
25490,4,infantry_line,503,517.6056251413662
25491,2,infantry_line,127,162.7166248448821
25492,1,infantry_line,202,236.81107132242133
25493,3,infantry_line,415,455.2765542707832
25495,2,cavalry_light,752,787.5346173680805
25496,1,general,591,614.5312760842817
25498,3,infantry_grenadiers,510,669.7830092024606
25500,3,cavalry_standard,362,467.5432690175063
25501,1,cavalry_standard,433,511.84607895476023
25502,0,cavalry_standard,1129,1146.6933041575298
25503,4,general,985,976.3271264408056
25504,1,general,277,334.16586909821024
25505,1,general,378,458.17142798425897
25506,3,general,233,320.844955442935
25508,1,infantry_line,415,481.21509831114633
25509,3,infantry_line,336,387.8499320791446
25510,0,cavalry_standard,970,943.3229703030507
25511,2,cavalry_standard,1043,1063.0636620878656
25513,1,general,980,981.4657151414405
25514,4,infantry_irregulars,497,499.34954353222673
25516,3,cavalry_standard,618,625.445696527339
25517,3,general,334,435.54769992407245
25518,1,infantry_grenadiers,436,543.5636215541302
25519,1,cavalry_light,599,665.7366721418642
25520,3,general,488,563.5737775366324
25521,4,general,218,268.79551655544225
25522,2,general,135,187.49853755065462
25524,1,general,281,358.1768847249441
25525,1,general,187,236.38368801155048
25526,4,general,320,371.32646734568704
25528,2,infantry_light,258,329.4453844393933
25529,0,infantry_light,192,256.1525400619991
25530,1,infantry_line,266,323.8218107193428
25532,3,infantry_line,384,432.19136319434887
25533,1,infantry_line,351,406.11703579136577
25534,0,cavalry_standard,444,515.1053272853712
25537,1,general,681,770.0968699256507
25538,1,general,478,539.5223701665584
25539,1,general,527,652.9466129901859
25540,0,infantry_grenadiers,728,821.2319519194614
25541,2,infantry_light,507,642.5315329603146
25542,1,infantry_line,422,461.27717319135843
25543,1,infantry_line,240,279.6692064674553
25544,0,infantry_line,455,512.6357311504877
25545,4,cavalry_lancers,733,719.8120663835103
25546,2,cavalry_lancers,852,801.2833323973387
25547,1,cavalry_light,421,435.51996014160034
25548,0,cavalry_heavy,1781,1723.9466631247985
25549,3,general,472,592.8533647259931
25550,1,general,382,468.9322841093957
25551,4,general,1527,1426.8643154957583
25552,0,general,283,407.7709079182467
25553,4,infantry_grenadiers,481,538.5100817801975
25555,4,infantry_light,301,424.3470293152029
25556,1,cavalry_lancers,749,758.3242929705959
25557,3,cavalry_lancers,716,718.5940960177053
25558,1,cavalry_lancers,1001,970.617149437479
25560,4,general,833,891.1512488990315
25561,4,infantry_grenadiers,958,1049.2406890707807
25562,4,artillery_horse,50,83.24349253463598
25563,2,artillery_foot,800,763.8764659695856
25564,3,artillery_foot,745,747.3150271216483
25565,0,artillery_foot,374,360.20128858032956
25566,3,artillery_foot,401,414.3393607331105
25567,1,artillery_foot,424,358.30367000344285
25568,4,artillery_foot,457,491.2712645848757
25569,1,artillery_foot,887,823.0564771322115
25570,0,artillery_horse,177,156.19640848734733
25571,4,artillery_horse,1785,1840.2789243671443
25572,3,general,199,199.82153325638185
25573,0,general,1798,1844.6610543454703
25574,1,general,428,471.97133271315
25575,0,general,1150,1144.4232759959727
25576,0,general,351,351.35208327129743
25578,2,infantry_skirmishers,277,279.67152022821915
25579,3,infantry_skirmishers,319,285.4884098109568
25580,3,infantry_skirmishers,347,338.8873586453102
25581,2,artillery_foot,323,283.09622692247495
25582,4,artillery_foot,159,191.00753070372872
25583,1,artillery_foot,208,237.65808994035038
25584,2,artillery_foot,207,212.92615243385364
25586,2,artillery_horse,882,845.303139909774
25589,2,cavalry_heavy,1168,1324.5818505998677
25590,4,cavalry_heavy,800,828.7161695027539
25591,4,cavalry_heavy,705,715.4845920831646
25592,1,cavalry_lancers,305,340.37003129427467
25593,4,cavalry_light,349,364.6843615015238
25595,3,cavalry_standard,929,833.0466951866
25596,4,cavalry_standard,924,825.3713435398562
25597,3,cavalry_standard,1684,1855.1097633032648
25601,1,general,661,629.3629034084718
25602,4,general,1,1.0
25604,4,general,1,1.0
25606,4,general,865,765.096316941983
25607,3,general,199,199.82153325638185
25608,4,general,229,191.8053122132023
25609,4,general,1,1.0
25611,4,general,893,862.1263495692706
25614,2,infantry_grenadiers,552,558.1287679990413
25615,2,infantry_grenadiers,869,926.1264222119435
25616,4,infantry_grenadiers,790,767.6563380169722
25617,3,infantry_grenadiers,790,816.7703778844207
25618,1,infantry_grenadiers,862,916.2527818672462
25619,1,infantry_grenadiers,759,816.8297837030931
25620,1,infantry_grenadiers,1067,1146.187294623409
25621,2,infantry_grenadiers,325,350.87711161981684
25622,4,infantry_light,219,266.6010763227549
25623,1,infantry_light,184,199.48458049760364
25624,2,infantry_light,220,242.36768828121183
25625,1,infantry_light,307,393.9519216533651
25626,1,infantry_light,392,460.74916199610067
25627,1,infantry_light,410,472.2483710639342
25628,0,infantry_light,215,215.7909700465703
25629,1,infantry_light,641,699.388078185553
25631,3,infantry_line,271,265.3798777637892
25632,1,infantry_line,269,288.78961634540775
25633,4,infantry_line,413,406.3503119511966
25634,2,infantry_line,200,255.68731416956106
25635,4,infantry_line,208,202.3238510548631
25636,0,infantry_line,133,182.47325306830015
25637,2,infantry_line,324,350.5470468671299
25638,2,infantry_line,225,280.448017190112
25640,2,infantry_line,297,328.58334927821556
25641,0,infantry_line,346,344.27398570221055
25642,3,infantry_line,161,224.35559516235995
25643,0,infantry_line,372,373.7453108186635
25644,2,infantry_line,220,272.99740629821554
25645,0,infantry_line,290,254.66040268960538
25646,2,infantry_line,490,481.53289720784295
25647,4,infantry_line,134,190.8820141493589
25648,2,infantry_line,275,251.80669090095083
25649,0,infantry_line,239,248.08505916021602
25650,0,infantry_line,129,187.26311753780288
25651,0,infantry_line,258,310.9987457404234
25652,2,infantry_line,401,370.5662606443859
25653,3,infantry_line,650,675.1373724525563
25654,0,infantry_line,414,380.8701715134035
25655,0,infantry_line,523,462.58435895035217
25656,2,infantry_line,340,334.2766433069283
25657,2,infantry_line,589,606.9747325770579
25660,4,infantry_line,535,610.6099321540725
25661,0,infantry_militia,393,294.6006114550873
25662,3,infantry_militia,104,146.56120754267397
25663,3,infantry_militia,109,72.09372412103107
25665,4,infantry_skirmishers,709,415.34560624185605
