row_id,fold,unit_class,base_mp_cost,pred
33,4,artillery_foot,435,520.242866636317
34,1,artillery_foot,94,454.29110469517775
35,2,artillery_horse,747,759.5128092746062
36,4,cavalry_light,1352,666.6666551792546
37,1,cavalry_light,1452,657.2484302988789
38,2,cavalry_light,935,658.864568801427
39,0,cavalry_light,701,644.8764064087829
41,4,general,1,1.0
42,0,general,807,376.22527295106164
44,0,general,351,353.08047696639966
46,3,general,199,199.52166186296074
47,1,general,718,708.3469626523155
49,3,general,1353,575.1804105772919
50,1,general,1446,923.3470538867992
51,3,general,1308,964.6050798077781
52,1,general,544,440.1260087031439
53,0,infantry_light,968,444.6733516700031
54,4,infantry_light,668,421.92258249983166
56,1,infantry_light,914,453.30497413483437
58,0,infantry_line,424,357.4274123823971
60,2,infantry_line,688,359.5771417238571
61,0,infantry_line,1723,386.2681292772518
62,1,infantry_line,427,338.00891039530404
63,1,infantry_line,544,343.1474558752428
64,2,infantry_line,496,369.4431519660565
65,1,infantry_line,785,372.38213964842197
66,4,infantry_line,528,351.56474381272704
67,2,infantry_line,605,365.9238081110223
68,2,infantry_line,519,365.9238081110223
69,4,infantry_line,781,372.0417172087898
71,2,infantry_line,659,368.14277033819195
72,4,infantry_line,718,368.92192669815523
73,3,infantry_line,360,351.1372428799078
74,4,infantry_line,971,371.52871486515085
75,1,infantry_line,832,369.4953070964841
79,3,infantry_line,537,368.0132521883002
80,3,infantry_line,640,361.0980140325225
81,3,infantry_line,1008,373.47148145849457
82,1,infantry_line,592,373.7914917521913
83,2,infantry_skirmishers,538,274.24346487841564
84,3,infantry_skirmishers,235,260.8912960490024
86,1,artillery_foot,237,565.0914404639003
87,4,artillery_foot,284,566.6183246029675
89,2,artillery_horse,311,825.9001663333701
90,3,cavalry_heavy,1615,1576.0804305977358
91,3,cavalry_heavy,1249,1324.4017523048572
92,0,cavalry_heavy,1478,1559.503275264624
95,3,cavalry_lancers,516,661.0785326371406
96,2,cavalry_light,890,767.1628553212013
98,0,cavalry_light,590,694.07622627234
99,4,cavalry_light,797,756.3930760605248
100,4,cavalry_light,756,763.2839410094938
102,0,cavalry_standard,674,873.8857702190039
104,2,general,486,411.4500247353242
106,4,general,1,1.0
107,1,general,1647,752.3012032669914
108,4,general,1,1.0
109,3,general,228,229.1252058482469
110,4,general,639,422.1173112126215
113,0,general,401,403.659977854093
114,1,general,158,320.81439896544805
116,0,general,46,489.11282078499755
118,3,general,327,744.8112544165601
119,3,general,827,587.2064279374647
120,2,general,429,433.3169217818034
121,2,infantry_grenadiers,748,667.3320364584459
122,3,infantry_grenadiers,512,643.6804460900786
123,2,infantry_grenadiers,558,634.3791073337985
124,1,infantry_grenadiers,263,579.4670362684969
125,0,infantry_grenadiers,629,604.5817415321667
126,1,infantry_grenadiers,496,615.029214756243
127,1,infantry_grenadiers,588,634.138712901274
128,3,infantry_grenadiers,758,622.7026610241354
129,3,infantry_grenadiers,777,637.0016947728628
130,4,infantry_light,273,444.7147766013992
131,0,infantry_light,257,444.44947213802146
132,2,infantry_light,162,441.8493046231914
133,3,infantry_light,269,455.3552534399961
134,2,infantry_light,205,429.4027911657689
135,2,infantry_line,317,394.4042525687731
136,0,infantry_line,268,395.89928019786737
137,3,infantry_line,162,404.65525333181773
138,0,infantry_line,237,392.632711057515
139,1,infantry_line,276,374.0720697423325
140,0,infantry_line,200,375.5673589189435
141,3,infantry_line,216,375.7844111194575
142,3,infantry_line,281,377.5860008750397
144,3,infantry_line,816,393.89945818071175
145,3,infantry_line,568,400.2715607572936
146,0,infantry_line,445,395.89928019786737
148,4,infantry_line,497,362.1387118640047
149,2,infantry_line,398,399.3647691486394
151,4,infantry_line,543,396.4943971620326
152,1,infantry_line,440,402.69244152761655
153,3,infantry_militia,318,202.78661073397484
154,1,infantry_militia,405,195.38031411946497
155,1,infantry_militia,121,191.29089592902082
156,0,infantry_militia,238,215.59090883418367
157,3,infantry_militia,89,206.58381560879883
158,4,infantry_militia,235,203.44624397981357
159,2,infantry_skirmishers,238,270.37731028848856
161,2,infantry_skirmishers,138,283.81934445687307
162,3,infantry_skirmishers,543,325.87151569169873
163,0,artillery_foot,477,487.3832817510985
166,0,artillery_horse,637,658.3602143546971
167,3,artillery_horse,583,658.1039055507929
168,4,cavalry_heavy,687,1276.3388725874534
169,2,cavalry_heavy,830,1276.8694316480608
170,2,cavalry_heavy,1056,1241.619812798481
171,2,cavalry_heavy,688,1244.5115994443572
172,3,cavalry_heavy,1264,1188.772399340577
174,4,cavalry_heavy,1060,1282.9384464611753
175,3,cavalry_heavy,1222,1192.667810318134
176,2,cavalry_heavy,1469,1266.5310676266201
177,4,cavalry_heavy,1240,1320.025955947094
178,2,cavalry_heavy,1074,1229.7079239440072
179,1,cavalry_heavy,990,1254.2882920283346
180,4,cavalry_heavy,1166,1272.9892291523718
181,4,cavalry_lancers,710,536.4728929288221
182,4,cavalry_light,228,551.6637082757057
183,2,cavalry_light,345,582.0000973789735
184,3,cavalry_light,498,604.5925350597995
185,1,cavalry_light,453,542.9451132762485
186,0,cavalry_light,316,579.256414941889
187,1,cavalry_light,351,578.8852953519851
188,2,cavalry_light,776,602.7426817236288
189,1,cavalry_light,633,550.4554415730358
190,4,cavalry_light,254,556.9831570644214
191,0,cavalry_light,348,583.1962206802257
192,4,cavalry_light,270,576.5117327749587
193,3,cavalry_light,310,561.7826524683426
195,4,cavalry_light,326,581.0175372068413
196,0,cavalry_light,534,568.8604567085732
197,3,cavalry_light,914,572.723422211122
200,2,cavalry_light,318,578.1629681854671
201,3,cavalry_standard,970,691.6079470025419
202,4,cavalry_standard,1031,703.0384045909396
203,4,cavalry_standard,459,692.5272287391809
204,1,cavalry_standard,604,723.1755129056867
205,2,cavalry_standard,782,673.9024591441487
206,2,cavalry_standard,565,692.7237139398177
208,3,cavalry_standard,490,687.7166232418841
209,2,general,823,823.1582221977528
210,4,general,1,1.0
211,1,general,638,628.5147616500122
212,3,general,534,555.2632118461771
214,3,general,177,176.601039287184
215,2,general,467,468.3671322685985
219,0,general,312,313.75368630760426
220,2,general,1453,1446.7058255983297
221,1,general,554,310.31942648928475
222,0,general,925,714.4079521361783
223,3,infantry_grenadiers,404,579.4101466777316
224,3,infantry_grenadiers,504,535.4392741579342
227,4,infantry_grenadiers,244,492.700672181682
229,4,infantry_light,458,408.21113075014597
230,2,infantry_light,341,398.60073583129486
231,0,infantry_light,347,401.78427425578127
232,1,infantry_light,739,417.7046420095452
233,4,infantry_light,586,412.97966394459854
234,4,infantry_light,672,429.66524991663374
235,4,infantry_light,968,425.30963243562854
236,1,infantry_line,132,336.17450982258134
237,2,infantry_line,490,349.95988748685215
238,4,infantry_line,390,332.8593721263703
240,1,infantry_line,432,327.82956377156864
241,2,infantry_line,458,345.08841469913483
242,0,infantry_line,339,327.7486868515172
243,2,infantry_line,236,342.3181080488347
246,2,infantry_line,299,332.3424834981612
247,4,infantry_line,382,341.16984153405565
248,0,infantry_line,239,341.9526103507163
249,3,infantry_line,200,318.4123779310458
250,0,infantry_line,1013,339.1721901735135
251,0,infantry_line,199,325.80615958867105
255,3,infantry_line,679,347.2543176477321
256,1,infantry_line,332,349.41700148783656
257,4,infantry_line,298,319.9407840635058
259,2,infantry_line,205,361.01259010847735
262,4,infantry_line,730,340.1730130478823
264,1,infantry_line,500,335.17751975277406
265,3,infantry_line,562,345.9183853195065
266,0,infantry_line,723,337.0196137115111
267,1,infantry_line,659,341.91336627119927
269,2,infantry_line,778,352.10000070582686
271,0,infantry_line,597,350.9774565915618
272,3,infantry_line,226,315.18317780112807
273,3,infantry_skirmishers,334,258.4863542185549
13392,1,artillery_foot,300,482.9977555869101
13393,1,artillery_foot,318,482.9977555869101
13394,0,artillery_foot,300,487.3832817510985
13395,1,artillery_foot,516,522.6386165111762
13397,4,artillery_horse,441,686.8546655849573
13399,1,cavalry_heavy,1735,1301.9392015574706
13400,2,cavalry_heavy,827,1266.5310676266201
13401,2,cavalry_heavy,1370,1261.2018108332854
13402,3,cavalry_heavy,865,1245.6122541681875
13403,1,cavalry_heavy,1327,1274.2404658460628
13404,2,cavalry_heavy,1863,1303.347980483752
13405,1,cavalry_heavy,874,1264.4273060501303
13406,3,cavalry_heavy,730,1207.7449848714703
13408,2,cavalry_lancers,737,575.7553402223552
13409,0,cavalry_light,405,550.2716009772823
13410,0,cavalry_light,358,581.2408890224149
13411,4,cavalry_light,1564,679.0680972387147
13412,3,cavalry_light,1115,611.1676545386288
13414,1,cavalry_light,1452,636.7263171716253
13415,0,cavalry_light,663,631.7431986639718
13416,4,cavalry_light,679,609.3144234092825
13417,0,cavalry_light,704,601.3322932413245
13418,1,cavalry_light,1062,585.6353096529742
13419,2,cavalry_light,851,607.4175577314304
13420,0,cavalry_light,918,644.8293684142047
13422,0,cavalry_light,490,597.8932580120269
13423,0,cavalry_light,680,620.3503639702996
13424,0,cavalry_light,560,590.7441934649337
13425,3,cavalry_light,784,601.1908024634766
13428,2,cavalry_light,426,570.089244378337
13429,0,cavalry_standard,641,726.5228581475619
13430,2,cavalry_standard,1011,736.5212480176803
13431,1,cavalry_standard,1251,744.421964333725
13432,3,cavalry_standard,958,742.766886649619
13433,0,cavalry_standard,558,733.0795331352897
13434,3,cavalry_standard,844,714.9243185491061
13436,4,cavalry_standard,478,679.0444106411877
13437,0,cavalry_standard,621,714.3860595101924
13439,4,general,537,357.64541542630855
13440,1,general,727,628.5147616500122
13441,4,general,1,1.0
13443,0,general,1668,372.0945675094732
13444,3,general,1091,584.8910481827135
13445,4,general,1,1.0
13446,0,general,1368,478.21241638314115
13447,3,general,202,176.601039287184
13448,2,general,480,415.1802651992975
13449,0,general,278,359.10063752713233
13450,1,general,611,330.2236575529995
13451,4,general,1,1.0
13452,1,general,1174,480.7101834775876
13453,3,general,183,444.1173657172496
13454,3,general,383,231.0353052538382
13455,3,general,202,176.601039287184
13456,1,general,352,422.25351385831704
13457,3,general,202,176.601039287184
13462,0,general,133,382.6213268307044
13463,4,general,1,1.0
13465,1,general,1371,526.4623887735004
13466,2,general,1340,675.3366126669958
13467,4,infantry_grenadiers,878,591.9758000923634
13468,1,infantry_grenadiers,777,556.53228287145
13469,0,infantry_grenadiers,933,586.4151153908281
13471,3,infantry_grenadiers,1131,567.888988146157
13472,4,infantry_grenadiers,820,565.8638685897527
13473,0,infantry_grenadiers,409,487.73071487019604
13474,0,infantry_grenadiers,908,588.9332668914496
13475,2,infantry_grenadiers,1281,563.7958517665984
13477,0,infantry_grenadiers,1279,581.2323955495302
13478,0,infantry_irregulars,319,390.81753171765047
13480,0,infantry_irregulars,504,435.78345687524404
13481,0,infantry_irregulars,343,406.66264076750156
13482,2,infantry_irregulars,489,404.2504896564276
13483,2,infantry_irregulars,603,412.6825355613102
13484,4,infantry_irregulars,327,375.48067261565376
13485,0,infantry_irregulars,128,446.1914695376181
13486,4,infantry_irregulars,730,419.70069805511696
13487,0,infantry_irregulars,403,362.0671119174089
13488,1,infantry_irregulars,513,341.9899055281049
13489,4,infantry_irregulars,296,359.54030600831
13490,3,infantry_irregulars,457,335.8800840206222
13491,3,infantry_light,374,421.8631761626356
13494,1,infantry_light,266,451.3523106222939
13495,0,infantry_light,243,455.3089215834683
13496,4,infantry_light,283,455.36731130133916
13497,3,infantry_light,221,459.9262804947439
13498,4,infantry_light,484,436.9020771488212
13499,3,infantry_light,390,433.1170484707666
13500,4,infantry_light,526,443.7050673783821
13502,0,infantry_line,513,362.3352171335002
13503,2,infantry_line,268,364.9439919113459
13504,4,infantry_line,297,340.1730130478823
13505,0,infantry_line,481,357.2305304003547
13506,1,infantry_line,220,369.64123420340917
13507,4,infantry_line,206,368.7531298747137
13508,2,infantry_line,218,360.38864060148614
13509,1,infantry_line,311,337.6474205519128
13510,4,infantry_line,596,361.1042787898748
13511,4,infantry_line,250,346.4614291696949
13512,0,infantry_line,202,327.7486868515172
13513,1,infantry_line,374,358.61268755230793
13514,0,infantry_line,246,357.6058449761356
13516,1,infantry_line,368,350.67421226453405
13518,2,infantry_line,202,342.7206753073008
13519,2,infantry_line,271,344.69932535633825
13520,0,infantry_line,155,350.9774565915618
13521,0,infantry_line,230,348.0815378920169
13522,2,infantry_line,173,361.3225821912443
13523,1,infantry_line,174,345.08522635583165
13524,4,infantry_line,182,347.8520165750211
13525,0,infantry_line,269,334.0527695411153
13526,2,infantry_line,261,327.50095343512345
13527,2,infantry_line,312,368.956656126173
13528,2,infantry_line,233,361.01259010847735
13529,4,infantry_line,476,362.2917735208798
13530,1,infantry_line,325,356.30730979235403
13531,3,infantry_line,550,363.3130778998108
13533,0,infantry_line,332,359.09015888490967
13534,4,infantry_line,392,374.1133315855221
13535,4,infantry_line,695,354.50258437677627
13536,0,infantry_line,765,360.90867486094254
13537,0,infantry_line,958,366.8095415720203
13538,3,infantry_line,578,343.6432260317109
13539,4,infantry_line,313,319.30374394468004
13543,1,infantry_militia,244,185.60337132653143
13544,3,infantry_skirmishers,256,248.58446431301036
13545,0,infantry_skirmishers,177,251.6949042607391
13546,1,infantry_skirmishers,692,287.7277806329614
13547,1,infantry_skirmishers,306,273.6210225012288
13548,1,infantry_skirmishers,236,234.12359622968327
13551,3,general,444,593.5180950571664
13552,3,general,292,401.1546871723817
13553,2,general,890,388.4941924895916
13554,0,general,388,300.03963970655946
13557,1,general,365,497.8082153903364
13558,3,general,453,819.560379547828
13560,0,general,1015,498.32120143841246
13561,3,infantry_light,505,406.6062983389109
13562,4,infantry_light,947,399.0451228614056
13563,1,infantry_line,187,309.9865319410862
13564,4,infantry_line,345,337.11312016718523
13565,3,infantry_line,363,327.08040445447
13566,4,infantry_line,339,314.0223871755818
13567,3,infantry_skirmishers,452,260.7326014113657
13568,2,general,252,499.49740612888183
13569,4,general,179,393.04888236385455
13571,3,general,332,297.5177314765229
13572,0,general,456,493.4126595227709
13573,2,general,187,284.2878133562664
13575,3,general,854,900.3629539072214
13576,0,infantry_light,303,381.22199622937944
13577,2,infantry_line,242,335.97974151129773
13578,0,infantry_line,375,324.9579358726763
13581,3,infantry_line,442,325.6527799376964
13582,1,general,273,385.3578824881622
13583,4,general,149,285.86014991650893
13584,4,general,416,372.76094516358575
13585,2,infantry_grenadiers,482,525.6380072322098
13586,0,infantry_line,334,329.64222008353545
13587,0,infantry_line,249,320.5649144641805
13590,1,general,275,375.38560203842457
13591,3,general,524,521.261536978213
13592,1,general,618,504.0976839193682
13593,0,general,684,856.7669821520957
13594,0,general,419,486.517183625001
13595,4,general,1025,659.5052315903627
13596,2,general,710,636.3524514418947
13597,4,general,403,484.03726206523515
13599,3,infantry_grenadiers,626,530.2264078606305
13600,4,infantry_light,280,375.15725691446676
13602,4,infantry_light,410,388.59695919293694
13603,1,infantry_line,121,292.0137577669122
13604,3,infantry_line,582,331.2152090566169
13605,1,infantry_line,494,337.6474205519128
13606,1,infantry_line,398,316.61771691389725
13607,3,general,301,403.4580313191431
13610,3,general,429,679.2489194358792
13612,2,general,57,295.8814531766202
13613,1,general,194,292.6321397837288
13614,4,general,237,294.30158817953026
13615,4,infantry_light,450,408.53575990554225
13617,2,infantry_line,297,325.71976307983334
13618,0,infantry_line,205,314.2653339736056
13623,1,general,101,281.9689470539051
13624,1,infantry_line,286,331.8495897393617
13626,4,cavalry_heavy,905,1188.882717929178
13627,0,cavalry_heavy,1351,1202.3080980213012
13629,4,general,723,254.16109281369884
13631,3,general,74,357.3693494948856
13632,4,general,1127,256.9119472705541
13633,4,general,266,300.44080046936904
13634,2,general,287,373.59911465255055
13635,1,general,632,403.13303246771585
13636,3,infantry_light,359,386.1117010132818
13637,4,infantry_line,370,332.8593721263703
13639,2,infantry_line,259,323.3567216396074
13640,4,infantry_line,153,298.24996544723905
13641,1,infantry_line,694,342.37398972331096
13642,0,cavalry_light,402,581.2408890224149
13643,3,cavalry_light,541,594.1381550095572
13644,2,cavalry_light,784,574.1960449960402
13648,4,general,306,637.7617284269006
13649,2,general,562,593.2526946151669
13651,1,general,521,363.350325000265
13653,2,general,432,353.24672672533677
13654,3,general,514,1080.2668734150843
13655,3,infantry_line,283,320.90152520737036
13660,4,general,468,547.3348154050102
13662,2,general,200,293.5474425827334
13664,3,general,540,347.4116543784417
13665,0,general,793,331.91311193051337
13666,4,general,456,291.03740977301635
13667,2,infantry_light,577,399.54209408907786
13668,2,infantry_line,305,324.41744745496095
13669,2,infantry_line,456,354.51838475133536
13671,2,general,273,381.4047068114538
13673,2,general,216,295.42187747615134
13675,0,general,255,372.81395920354885
13676,3,general,61,292.3327394801358
13677,2,infantry_light,444,406.7053138494958
13678,4,infantry_light,324,393.20598690517943
13679,4,infantry_line,165,317.68939229102006
13680,1,infantry_line,328,316.61771691389725
13681,3,infantry_line,339,322.1167312909324
13682,3,infantry_line,199,319.0422282499213
13684,4,general,473,1109.6257880303979
13685,2,general,594,288.0646418971618
13686,3,general,627,507.3634553484243
13687,0,general,855,495.4837279935216
13688,3,infantry_grenadiers,293,547.1578690079372
13689,4,infantry_grenadiers,725,523.9919649932386
13690,3,infantry_light,799,401.530330968867
13692,1,infantry_line,186,332.3706241154103
13693,2,infantry_line,586,331.16449525979664
13694,1,cavalry_heavy,1408,1180.5521464274866
13696,3,general,1556,1227.066582667551
13697,4,general,1067,903.0671889339669
13698,4,artillery_foot,97,418.2129157586776
13699,3,general,46,314.07840515052953
13700,4,cavalry_light,319,564.6133247854216
13701,4,cavalry_light,370,593.7837501846715
13702,1,general,245,261.7240039344313
13704,1,general,181,249.581376715735
13706,1,infantry_light,488,411.99147997280943
13707,1,infantry_line,116,302.71000780991744
13708,0,cavalry_light,768,559.9025985747987
13710,0,general,432,587.9077208520098
13711,4,general,440,272.14150625807025
13712,0,general,513,516.0973324823162
13713,4,infantry_line,376,295.714603259311
13714,1,infantry_line,477,340.04470466158233
13715,3,general,569,334.2341551693637
13716,0,infantry_line,665,365.4581592456885
13717,3,general,427,868.5308760307063
13718,2,infantry_line,286,335.97974151129773
13719,1,general,582,499.09256957505204
13722,1,cavalry_heavy,599,1171.578920401917
13725,1,cavalry_light,896,640.6711108243779
13726,1,cavalry_light,543,588.4321831592746
13728,1,general,836,482.68305647604154
13729,0,artillery_foot,421,487.3832817510985
13730,0,artillery_foot,454,487.3832817510985
13732,0,artillery_foot,332,487.3832817510985
13733,1,artillery_foot,412,482.9977555869101
13734,2,artillery_foot,689,512.8085974109235
13735,4,artillery_foot,325,482.49776177528315
13737,3,artillery_horse,606,658.1039055507929
13738,2,general,789,823.1582221977528
13741,0,general,978,1016.565551349854
13742,2,general,789,823.1582221977528
13743,0,general,299,313.75368630760426
13744,2,general,1391,1446.7058255983297
13745,3,infantry_grenadiers,265,482.8961255381265
13746,2,infantry_line,253,304.90854330715405
13747,0,infantry_skirmishers,217,250.74892283410517
13748,1,general,453,547.8075441398736
13749,0,general,341,524.7099946948335
13751,0,general,203,329.0826569358329
13752,4,general,950,303.3378180330814
13753,2,general,640,310.1090232536045
13754,0,general,576,613.1964705065378
13755,3,general,453,314.7921394586918
13756,3,infantry_grenadiers,515,521.4168508129364
13757,3,infantry_light,315,394.6938389823617
13758,2,infantry_light,760,419.40566353846276
13759,0,infantry_light,691,431.898167101438
13760,1,infantry_line,365,358.61268755230793
13761,4,infantry_line,1072,336.06898761730855
13762,4,infantry_line,279,365.00578345319127
13763,3,infantry_line,316,347.2543176477321
13764,0,infantry_line,567,345.07646226021825
13765,0,cavalry_light,263,559.9025985747987
13769,3,general,121,250.0081831228842
13771,2,general,724,709.5598712299013
13772,0,general,734,401.8228880321252
13773,4,general,489,502.2318793454317
13774,2,infantry_grenadiers,316,509.1984187864661
13775,1,infantry_line,294,336.66844906013296
13777,0,infantry_line,784,344.19650621744967
13778,0,infantry_line,460,330.174610291769
13779,2,infantry_line,832,341.91319358613435
13780,0,infantry_line,556,360.1860723635903
13781,1,cavalry_heavy,747,1240.218542277655
13782,3,cavalry_heavy,1123,1228.9963133195113
13783,2,cavalry_light,450,599.5238436808993
13784,4,cavalry_light,738,642.598821087553
13786,1,cavalry_light,609,632.677658528267
13787,2,general,1052,463.54912234782256
13788,3,general,507,371.2483324496562
13789,2,general,585,285.39223222396424
13790,3,general,352,345.2713290434097
13791,2,general,698,460.1372235021886
13792,2,general,401,739.3767534506866
13793,4,cavalry_heavy,1230,1252.1427428279608
13794,1,general,1025,271.173527519991
13795,2,general,629,394.4758770931647
13796,3,general,407,326.3799137109684
13797,2,general,244,401.0132548516118
13799,1,general,156,315.9714043921267
13800,0,general,311,415.71245812317864
13801,4,general,362,505.7564823224935
13802,0,general,727,526.6125090361644
13803,0,general,441,303.2270556182269
13804,3,general,1010,427.1453351600767
13806,4,infantry_grenadiers,549,558.7779026654705
13808,2,infantry_light,348,406.7053138494958
13809,3,infantry_line,295,341.3039803072685
13810,0,infantry_line,344,356.09413982815823
13811,3,infantry_line,248,349.434713362215
13812,4,infantry_line,569,356.6164554317746
13813,4,infantry_line,654,347.8520165750211
13814,0,infantry_line,1048,360.1860723635903
13815,3,cavalry_heavy,1514,1252.009424368542
13816,4,cavalry_light,332,605.5736687346595
13817,1,cavalry_light,735,584.6906053728233
13818,1,cavalry_light,333,588.4321831592746
13820,2,general,212,269.02397919519586
13822,3,general,758,288.552749645975
13824,4,general,680,407.78364209239356
13825,2,general,691,663.7120474868366
13826,2,general,241,311.189329522492
13828,2,infantry_line,332,343.914588628904
13829,3,infantry_line,571,333.59714812296517
13830,2,infantry_line,723,346.24288326569035
13831,2,cavalry_light,277,567.9798988784834
13832,1,cavalry_light,484,607.4285522472318
13834,3,general,307,267.7497584781222
13838,0,general,560,700.6589471314452
13840,1,general,570,554.5820154154753
13841,0,general,266,675.0134088007469
13842,0,general,713,692.5644381147989
13843,4,general,409,322.63524433125593
13844,3,infantry_line,218,345.46829248008953
13847,2,infantry_line,258,329.96548294510296
13849,0,infantry_line,437,359.09015888490967
13850,4,infantry_line,587,354.50258437677627
13852,4,cavalry_light,740,564.6133247854216
13853,2,cavalry_light,339,585.7164346118972
13854,0,cavalry_standard,1062,710.7471199170884
13855,2,general,656,433.42916514098164
13856,3,general,920,355.4685129865499
13859,2,cavalry_heavy,1357,1303.347980483752
13860,4,cavalry_light,450,614.7650637572838
13861,1,cavalry_standard,512,708.6927195310031
13862,3,general,1198,375.94148829955355
13863,3,general,356,354.50210196339515
13864,1,general,378,271.90215019252634
13865,3,general,497,702.4585831348927
13866,0,general,282,294.7108232790596
13867,4,infantry_line,388,351.4591649532921
13868,1,infantry_line,329,349.83815283533
13871,2,cavalry_heavy,1402,1186.4813003500176
13873,2,cavalry_heavy,1471,1205.7077421635438
13874,4,cavalry_heavy,1199,1156.5813009599706
13875,0,cavalry_light,516,615.831990470723
13877,1,general,1225,333.8466277281746
13878,2,general,1294,348.1006658633352
13881,1,general,1093,741.4169351472171
13882,4,infantry_line,694,359.9015656139605
13883,0,cavalry_heavy,1463,1263.4828334297433
13884,4,cavalry_heavy,1282,1322.9415096786136
13887,1,general,1074,285.6102894450988
13888,3,general,1141,278.26092756671056
13889,3,general,1462,807.4407471407143
13890,2,general,1292,362.5510504443137
13891,1,cavalry_light,330,547.999121521852
13892,1,cavalry_standard,689,686.5294734663374
13893,0,general,318,535.4462980291353
13894,0,general,679,573.2409053861028
13896,2,infantry_line,329,348.8651680903758
13897,2,general,227,311.189329522492
13898,4,general,188,484.03726206523515
13899,4,infantry_line,251,345.5223003467845
13900,4,infantry_line,322,343.61402640084293
13901,1,infantry_line,214,316.61771691389725
13902,2,cavalry_light,476,574.1960449960402
13903,1,general,520,709.9207232961618
13905,3,general,307,303.5747420254864
13906,3,general,343,318.4543756036768
13909,4,general,262,306.13213147399097
13910,3,infantry_line,355,340.34941260363985
13911,4,artillery_foot,826,556.6640372543956
13913,2,artillery_foot,486,478.91267922511787
13914,3,artillery_foot,326,482.7395553759536
13915,2,artillery_foot,69,426.07457884740677
13917,1,artillery_foot,734,522.6386165111762
13918,4,artillery_foot,77,418.2129157586776
13919,2,artillery_foot,407,478.91267922511787
13921,2,artillery_horse,624,705.3987504632971
13922,0,general,312,313.75368630760426
13924,0,general,863,408.6244107507719
13925,1,general,638,628.5147616500122
13926,3,general,177,176.601039287184
13927,4,general,1023,201.1074558725503
13928,0,infantry_line,201,305.89533782083726
13930,4,infantry_skirmishers,189,229.20145266682073
13931,0,infantry_skirmishers,239,260.39509063242986
13932,0,infantry_skirmishers,195,252.62561557923252
13933,1,artillery_horse,1111,937.8834311195732
13934,4,cavalry_light,1015,791.1811868616633
13936,4,general,848,614.8235081344561
13937,4,artillery_foot,537,702.645138914884
13938,0,general,405,517.8497911038793
13939,0,general,747,407.1806477124991
13941,0,infantry_light,466,541.5426440303123
13943,3,cavalry_light,616,781.8379845877105
13944,1,general,399,462.1488551273433
13947,1,general,431,540.3248615931752
13948,4,infantry_light,844,589.6550634728403
13950,4,general,772,720.6811016165303
13951,4,infantry_grenadiers,547,749.0435399782958
13952,3,infantry_line,702,472.60754990516233
13953,0,general,1197,1481.391984496583
13954,1,infantry_militia,737,285.27433069869915
13956,4,infantry_militia,492,235.773295630458
13957,4,infantry_skirmishers,329,329.9739849410146
13958,4,general,299,461.9699605221424
13959,0,general,557,594.5063576544338
13960,1,infantry_militia,405,240.79165314181503
13961,0,infantry_skirmishers,576,351.2722441435611
13963,0,general,563,565.6161476243626
13964,4,general,459,978.5986056008974
13969,4,infantry_line,442,376.8320442257835
13970,0,general,223,342.12089419317306
13972,0,general,561,570.8322411906149
13974,4,infantry_line,538,378.6570161624871
13975,1,general,237,338.5294775691205
13977,2,general,614,451.8344606330131
13979,0,infantry_line,349,373.1786336112535
13980,0,infantry_line,432,387.791771444021
13981,0,general,144,339.13965590224416
13983,4,general,395,458.9422957324206
13984,2,infantry_line,248,379.8368279480539
13985,4,infantry_line,456,389.92688100482616
13986,3,cavalry_light,373,659.7625984354682
13989,0,general,1036,541.0302102476327
13990,0,infantry_skirmishers,270,274.8315217573117
13991,1,artillery_horse,848,760.1068398380831
13992,1,cavalry_light,598,757.0042897081136
13993,0,cavalry_light,629,779.1368074898174
13994,4,general,503,439.5593698241442
13995,2,general,606,593.5473558930642
13997,3,general,382,325.33975937189484
13998,3,general,479,604.0080905575478
13999,4,general,393,460.07751629238123
14000,2,infantry_line,563,382.2622600957393
14001,0,infantry_line,451,389.24301392105804
14002,3,general,158,342.31474111882386
14003,4,general,279,337.7718132275097
14004,1,general,395,571.4228998854836
14005,0,infantry_line,260,372.1341278314569
14006,2,infantry_line,391,378.59490112757226
14007,2,artillery_foot,394,560.7240743925374
14008,0,general,162,439.61774824670835
14010,1,cavalry_standard,635,824.6783354732099
14011,3,general,436,771.201262328822
14012,1,general,673,581.4084320015213
14013,4,general,218,448.61954206559733
14014,2,general,494,322.2642375503743
14015,2,infantry_grenadiers,628,627.8978588769583
14018,1,infantry_line,285,380.60892478764714
14020,0,general,125,442.3001395890837
14021,4,general,76,353.3966549266991
14023,0,infantry_line,172,389.8169566830445
14024,3,infantry_line,173,383.45915829934853
14025,4,artillery_foot,423,616.0493961982021
14026,4,artillery_horse,86,699.1370266687851
14027,2,general,348,362.0921839101525
14028,3,cavalry_light,386,675.0632191933495
14029,0,general,335,501.64947648616305
14030,3,general,118,356.5209066853455
14031,4,general,411,593.9320622260796
14032,0,general,666,360.8117778318469
14033,0,infantry_grenadiers,777,659.4260704254738
14034,2,infantry_light,379,476.18171443648066
14035,0,infantry_line,226,386.90951408977423
14036,3,general,74,353.03831776556825
14037,0,general,177,577.5532528878491
14038,1,general,223,446.9740226025381
14040,0,infantry_grenadiers,675,654.2523804708094
14041,4,infantry_light,281,463.51020676876914
14042,2,infantry_line,190,386.3326197695198
14043,1,infantry_line,184,383.5497748705242
14045,1,cavalry_heavy,994,1348.6539657734281
14046,3,general,790,294.87066692798265
14047,2,general,1225,328.81669824831056
14048,1,general,1283,420.1237168044904
14049,2,general,601,601.0174315183893
14050,1,artillery_foot,412,519.8713766696803
14052,1,cavalry_light,611,700.4037685020735
14053,2,general,787,906.5130470598289
14054,4,general,1049,417.10806794988605
14055,1,general,729,888.14701422686
14056,2,general,254,333.8987704161015
14057,4,general,287,336.7625162911429
14058,0,general,556,313.2975675994094
14059,1,general,788,690.8716331303904
14060,1,infantry_grenadiers,1110,595.6373343062237
14061,3,infantry_grenadiers,628,583.800143959811
14062,1,infantry_grenadiers,233,518.3448033912865
14063,1,infantry_grenadiers,314,518.3448033912865
14064,2,infantry_grenadiers,700,575.2220932892056
14065,0,infantry_grenadiers,683,572.5882484141637
14066,3,infantry_line,347,370.036764282768
14067,0,infantry_line,328,390.8194963040872
14068,1,general,348,433.909520584311
14069,1,general,499,730.3123625483082
14070,3,general,371,515.9837855003187
14071,2,general,647,697.69612666013
14075,0,general,520,321.76632921409055
14076,1,general,1338,1505.854068081991
14077,4,general,966,621.3918370054907
14078,2,general,324,416.1413695922246
14079,2,infantry_grenadiers,933,574.3286337850342
14081,1,infantry_light,370,410.42380864638903
14082,0,infantry_light,417,422.0379670741279
14083,2,infantry_line,658,380.23778665460765
14084,4,infantry_line,843,404.8683696160664
14086,1,infantry_line,625,355.1919690078817
14087,0,infantry_line,557,349.3986731510363
14088,2,infantry_line,386,353.9639613578747
14089,2,general,487,336.2055622981214
14090,4,general,1064,730.8000252104239
14091,2,general,984,558.9593940099953
14092,2,general,831,1219.9248297453105
14093,2,general,337,323.1015355757053
14094,4,general,570,426.4952283043924
14095,0,general,1069,1529.2571847054796
14096,2,general,647,421.2849866633843
14098,2,infantry_grenadiers,698,585.4443698967824
14099,1,infantry_light,583,456.3044589493848
14103,0,infantry_line,618,362.71450770634334
14104,3,cavalry_light,1360,658.9955264411736
14105,0,general,1533,1061.9304799232868
14106,3,general,375,454.59904365473045
14109,1,general,452,562.1720257373721
14111,3,general,836,468.5213400937474
14112,3,general,627,467.15875762502844
14113,3,infantry_light,525,466.4623527768269
14114,1,infantry_light,837,483.5046699667452
14115,3,infantry_line,409,383.4909841109977
14116,3,infantry_line,416,370.036764282768
14117,0,infantry_line,636,391.55599102880984
14118,0,infantry_line,400,345.6960790387923
14119,0,general,335,428.1107143886935
14120,3,infantry_militia,376,179.27886439387746
14121,1,cavalry_light,319,612.049856954607
14122,0,cavalry_standard,696,782.6825595557185
14123,1,general,588,389.282306883331
14124,4,infantry_irregulars,287,436.99811926931034
14125,0,infantry_skirmishers,403,299.91403990795646
14127,1,cavalry_standard,534,801.2535605906853
14128,2,general,394,310.7232605382399
14129,0,general,1022,576.6852078395808
14130,2,general,1,259.08733448986305
14131,4,infantry_militia,100,211.1041408018485
14133,1,cavalry_light,319,612.049856954607
14134,2,cavalry_standard,1381,798.0391707631196
14136,4,cavalry_standard,528,729.6310190149176
14137,2,cavalry_standard,1089,735.1540243758199
14138,0,general,1014,482.43605382188406
14139,3,general,1390,699.5340097383588
14140,4,general,495,269.88620998808125
14141,4,general,595,800.944236001282
14142,4,infantry_irregulars,271,397.780536642126
14143,0,artillery_foot,346,522.676035882266
14144,3,artillery_foot,804,563.2625331970643
14145,2,artillery_foot,796,552.1482681730474
14146,0,artillery_foot,316,522.676035882266
14147,1,artillery_foot,1379,594.9186446469673
14148,3,artillery_foot,1457,622.1474954444067
14150,2,general,1729,612.714927933456
14151,4,general,1284,333.3901152064946
14153,0,general,1076,1143.984805285516
14155,2,general,1529,1626.062689890059
14156,4,general,778,368.71650384353717
14157,4,infantry_grenadiers,322,519.6495288084659
14158,1,infantry_skirmishers,230,275.1583412898287
14159,1,infantry_skirmishers,230,275.1583412898287
14160,1,infantry_skirmishers,210,257.35853871383085
14161,0,cavalry_heavy,1203,1077.2136700565293
14162,2,cavalry_heavy,1118,1046.0932489695547
14163,1,cavalry_light,423,512.4202763959264
14164,2,cavalry_light,352,524.1832650081732
14165,3,cavalry_light,554,507.37203805526576
14166,0,cavalry_light,641,522.7696198210534
14167,3,general,321,299.75959440147767
14168,4,general,994,228.2953809820312
14169,3,general,127,247.1326671057678
14171,0,general,523,301.66078829935844
14173,3,general,441,296.6767201195927
14174,2,general,981,349.17252884771705
14175,0,general,1189,584.1732202275545
14176,4,infantry_grenadiers,382,449.07280137888324
14177,1,infantry_grenadiers,1029,497.0737330170111
14178,3,infantry_light,243,332.0748023293442
14179,1,infantry_line,409,301.2255028453143
14180,1,cavalry_heavy,1149,1171.019273774522
14181,2,cavalry_heavy,1464,1223.1517950389828
14182,2,cavalry_light,364,522.6741739838251
14183,0,cavalry_light,336,519.4201475536794
14184,4,cavalry_light,878,523.1681575860915
14185,1,general,1073,424.95386924284526
14186,4,general,209,224.3697288070778
14187,4,general,799,386.23941495719373
14189,0,general,1463,591.507409550431
14190,3,general,298,590.5149810782842
14191,3,general,702,273.0980382540393
14194,3,infantry_light,822,366.964748658374
14195,2,infantry_line,246,297.00121290366906
14196,1,infantry_line,442,303.2461840899274
14198,1,cavalry_heavy,1469,1221.466046149911
14199,2,general,1242,264.3859641618259
14201,4,general,553,346.5451647727256
14203,2,general,1565,1224.13505034907
14204,0,infantry_grenadiers,429,462.320209750834
14205,0,infantry_grenadiers,604,493.74496851180356
14206,2,infantry_line,565,298.5231312583353
14207,0,cavalry_heavy,752,997.2987141395672
14208,1,general,639,360.86707564838605
14209,3,cavalry_heavy,1789,1217.526457159373
14211,0,cavalry_heavy,2239,1241.886027357853
14212,1,general,1870,759.0995311339178
14213,0,general,928,257.9271616790383
14219,0,cavalry_standard,406,604.0544238686651
14221,1,general,885,249.29890021241593
14222,2,general,820,630.4337082942244
14223,2,general,1040,242.09720209508882
14224,4,general,1233,519.0390055741767
14225,4,general,399,497.50176329819783
14226,3,general,1262,445.870772165109
14228,1,general,786,756.7955899255721
14229,1,general,345,334.92007373207906
14230,1,infantry_light,570,362.0809602587799
14231,1,infantry_light,404,349.89076790919887
14232,2,artillery_horse,569,621.9338395586407
14233,2,cavalry_standard,701,584.0517114035322
14234,2,general,577,302.93747343437684
14235,2,general,46,326.9334797778151
14236,4,general,644,773.8386973640357
14238,1,general,546,589.4633302353622
14239,0,general,604,591.507409550431
14240,4,infantry_line,125,271.87735509112645
14241,0,infantry_line,466,300.6666460535903
14242,1,infantry_line,461,297.44022339894013
14243,3,infantry_line,504,299.76828170519474
14244,1,general,332,353.22225316409583
14245,0,general,414,458.1450286780748
14246,4,general,321,428.8682820117565
14248,0,general,409,546.6003494520502
14249,1,general,361,347.11791357449397
14251,4,infantry_grenadiers,380,458.8243930199347
14252,4,infantry_line,186,281.40973941107717
14253,0,infantry_line,385,303.5549277539416
14255,3,infantry_line,327,281.4295549745112
14256,3,cavalry_light,346,512.6443230085227
14257,4,cavalry_light,558,516.7762541436585
14258,0,general,296,388.7519655044128
14259,3,general,414,446.2410244948327
14260,2,general,555,512.9380637341055
14261,4,general,508,436.93393670294745
14262,4,infantry_light,392,351.91888211080834
14263,0,infantry_light,489,354.3015315949779
14264,3,general,228,252.7304135259401
14265,2,general,232,351.4021553984937
14266,0,general,230,352.9490919767436
14267,0,general,269,331.5841489492593
14268,4,general,553,353.1954180368101
14269,3,infantry_grenadiers,343,461.5703316799261
14270,1,infantry_grenadiers,743,488.19748316783836
14271,1,infantry_line,291,297.87074726983593
14272,4,infantry_line,290,297.8713678961316
14273,0,infantry_line,338,284.030872766752
14274,3,infantry_line,602,301.016816614953
14275,0,general,374,441.65167863108616
14276,0,general,220,706.6549134107454
14277,2,general,797,739.3799801360844
14279,3,general,584,756.7930385967394
14280,3,general,363,346.4425621349251
14281,2,infantry_grenadiers,623,468.4401346642033
14282,1,infantry_line,358,288.7227754382156
14284,4,infantry_line,661,302.2319705519594
14285,2,infantry_line,423,293.8367274203211
14286,2,general,415,350.96178780529215
14287,4,general,274,321.48539561354346
14288,4,infantry_light,463,361.58849231657274
14289,0,infantry_light,134,331.51355501331284
14290,1,infantry_light,350,338.61827974593285
14292,3,cavalry_standard,515,555.7255305961273
14293,1,general,390,224.552484957098
14295,1,general,429,365.85879606975
14296,0,general,249,273.74598320824975
14298,0,cavalry_standard,442,617.237492499913
14300,3,general,410,602.3889992131096
14301,3,general,358,464.2605019620101
14302,2,general,309,238.46573237554014
14303,2,general,285,447.5947200993246
14304,1,general,359,283.2418487198293
14310,4,general,387,287.08874707544277
14311,4,cavalry_standard,618,597.2658697027987
14313,2,cavalry_standard,389,609.3393736907898
14314,1,general,328,238.57781604978564
14315,3,general,466,232.55391465140866
14316,1,general,341,402.64395409016595
14317,0,general,1696,1349.429670989239
14318,3,general,1164,376.47397839825425
14319,0,infantry_grenadiers,1123,528.2150787503554
14320,1,infantry_grenadiers,1064,533.5043592465798
14321,3,cavalry_standard,809,609.9712706686964
14322,3,cavalry_standard,373,591.2630525471113
14323,4,cavalry_standard,613,616.5634724638751
14324,3,general,278,302.2320291402792
14327,3,general,502,310.93530189023676
14329,3,artillery_foot,533,424.58358300010065
14330,1,artillery_foot,667,461.0689902436909
14331,3,artillery_foot,1017,485.91263242825715
14332,1,artillery_foot,1044,487.60842928786894
14333,2,artillery_foot,334,422.2462844003732
14334,3,artillery_foot,760,459.45086207942666
14335,4,artillery_foot,433,424.38968762625564
14336,3,artillery_foot,430,424.58358300010065
14337,0,artillery_foot,780,466.6197800994609
14338,2,artillery_horse,496,621.9338395586407
14339,0,artillery_horse,889,630.3127537421533
14340,1,artillery_horse,1561,655.8841202056584
14342,4,general,530,522.6896575023698
14343,3,general,782,238.7049719476362
14344,4,general,338,235.7292885287265
14345,0,general,799,831.3037360704329
14346,0,general,828,444.4738048993204
14347,0,general,499,521.2133329933123
14348,2,general,645,674.5387689871129
14349,1,general,365,377.19833802032514
14350,2,general,503,330.86023116542145
14352,2,general,645,674.5387689871129
14353,2,general,1137,1185.5061886888925
14354,4,general,1592,319.17157504434545
14355,2,infantry_skirmishers,162,215.33497260869515
14356,3,infantry_skirmishers,281,205.21769643975534
14357,2,infantry_skirmishers,278,215.33497260869515
14358,0,cavalry_light,964,736.870432614681
14359,4,general,994,724.9157248870781
14360,3,general,797,533.5388258045771
14362,2,general,579,493.10546204556374
14363,1,general,420,476.33750001048855
14366,4,infantry_light,625,507.14032472096744
14367,4,infantry_light,659,498.42834410871444
14368,1,infantry_light,939,507.615244059921
14369,4,infantry_line,491,405.19176467652755
14370,0,infantry_line,843,442.25619406813894
14371,4,cavalry_light,642,784.825648921445
14372,1,general,383,603.0236027550723
14373,3,general,341,382.49600515927125
14374,1,general,479,508.0269197255521
14375,1,general,294,394.7717960799659
14376,0,general,215,375.5394886299898
14377,4,general,474,1094.7275239796654
14378,4,general,820,375.36764803591194
14379,0,general,888,481.7391955736816
14380,3,general,685,388.30884775176077
14381,4,general,1112,673.6233615111033
14382,0,infantry_grenadiers,455,663.859947965323
14383,4,infantry_grenadiers,377,661.6882729593615
14385,3,infantry_line,455,418.6671052411181
14387,4,infantry_line,526,433.8320382083712
14388,1,infantry_line,320,417.975514903601
14389,0,infantry_line,948,412.6518248786496
14390,3,infantry_line,993,440.5094398978029
14391,4,infantry_line,804,422.57197346790804
14392,0,cavalry_light,526,712.250498037705
14393,2,general,332,387.8509218221568
14394,2,general,363,328.7171530839449
14396,0,infantry_line,436,422.6765740696922
14397,1,infantry_line,732,426.47997600358457
14400,4,general,382,369.7007131695371
14401,0,general,262,387.4165100980889
14402,0,general,876,834.7098575208909
14403,1,general,338,368.6868877197269
14405,2,general,1353,691.5897880141849
14406,4,infantry_grenadiers,447,682.0827050000922
14408,0,infantry_light,493,496.9029000856759
14409,4,infantry_light,674,527.7731455924571
14410,0,infantry_light,1193,548.1913818047434
14411,3,infantry_line,307,410.21045333624255
14412,4,infantry_line,365,434.17704234358087
14413,4,artillery_horse,100,771.5662019223869
14414,3,cavalry_light,556,739.5707485671176
14415,0,general,426,819.5342746288854
14416,2,general,546,384.5101122307446
14417,3,general,448,432.45076102791586
14418,2,general,650,891.1246660216528
14419,1,general,546,603.0236027550723
14420,3,general,479,529.4003078769771
14421,0,general,908,665.022981192948
14423,2,general,1026,884.3400187648244
14424,3,infantry_grenadiers,536,665.1280099590521
14425,1,infantry_grenadiers,1051,701.3919567413499
14426,4,infantry_light,485,551.2028106609926
14428,1,infantry_line,663,420.88993671358537
14430,3,infantry_line,419,398.62707715954014
14431,4,infantry_line,812,447.1847801014236
14432,0,infantry_line,850,441.1728904722754
14433,1,infantry_line,937,447.3716033111604
14434,1,infantry_skirmishers,223,294.5653181047999
14437,2,cavalry_light,592,755.4266101905055
14438,1,general,1132,696.1330785974303
14439,4,general,446,326.9317952214163
14440,4,general,177,413.1788251633946
14441,4,general,354,517.3588792315606
14443,2,infantry_line,408,438.86184485275453
14444,2,general,206,522.6694876594253
14445,4,general,78,363.2629847334309
14446,1,infantry_line,249,443.39384261687786
14447,2,infantry_line,261,446.56607216647575
14448,1,infantry_line,185,401.9729689302477
14449,4,artillery_foot,562,679.8708617765853
14452,0,general,437,800.1214999997967
14453,1,general,1051,509.920178423118
14454,4,general,568,394.348307019706
14455,3,general,867,672.6682953810588
14456,3,general,496,620.2388478720037
14457,1,infantry_grenadiers,1075,728.0078948754598
14458,3,infantry_light,479,495.03298717601297
14459,4,infantry_line,377,412.9868054759968
14460,2,infantry_line,688,436.6901094649172
14462,4,cavalry_light,1258,796.7377298713926
14463,4,cavalry_light,1750,769.545872150339
14464,3,cavalry_standard,631,815.2891077244043
14465,4,general,694,657.7009879738339
14466,2,general,1652,582.5183497635863
14467,2,general,1114,461.2452024306078
14468,0,general,1304,512.4645503505545
14470,1,general,744,390.1081503869698
14471,3,infantry_grenadiers,1320,745.1595502549513
14472,0,infantry_line,627,423.9807851725133
14473,4,infantry_line,866,432.09098530011335
14474,2,infantry_line,1056,443.56315877518955
14475,4,cavalry_light,1692,799.0397544122072
14476,3,cavalry_light,774,785.7907085337647
14477,3,cavalry_standard,1388,903.7585538753503
14478,4,general,1512,452.38363685558966
14479,0,general,574,510.49884128279876
14480,0,general,667,447.46027607789307
14481,3,infantry_line,611,444.8030786984613
14483,2,general,408,647.66897172858
14485,4,infantry_line,285,425.2162262910982
14486,2,infantry_line,361,423.99769834807364
14487,2,artillery_foot,614,617.676678449369
14488,0,artillery_foot,614,668.6703389944255
14489,3,cavalry_light,968,794.2186615038388
14490,2,cavalry_standard,1054,876.1188526813804
14491,4,cavalry_standard,945,844.0352476138542
14493,4,general,800,349.8543456229724
14494,1,general,751,324.13263369237745
14495,3,general,918,451.6479463942658
14496,0,general,823,644.7081840924166
14497,0,general,775,816.8819752671593
14499,1,general,537,381.99829740634834
14500,4,general,883,495.0956149883564
14501,2,general,372,391.577358333592
14502,3,infantry_grenadiers,736,724.2465778166022
14503,2,infantry_grenadiers,936,691.6732874306421
14506,1,infantry_line,672,419.07827486327335
14507,3,infantry_line,663,425.02964484569907
14508,0,infantry_line,483,427.16680089104307
14509,2,cavalry_light,874,768.9703316199068
14510,0,cavalry_light,727,781.4406004397647
14512,2,general,342,643.2251501689151
14513,4,general,753,435.68540670003296
14514,3,general,300,392.8392620361777
14516,1,infantry_light,328,512.3178780941543
14517,4,general,564,530.4005472093324
14518,0,infantry_light,386,469.1540666233699
14520,2,infantry_skirmishers,547,311.4369149439404
14521,0,artillery_foot,473,619.9988820307215
14522,3,cavalry_standard,1104,915.4882888006056
14523,1,general,190,388.60225270427117
14524,2,general,1047,608.8732790034512
14526,3,general,842,658.6892826496086
14528,0,general,645,380.7857609335754
14530,3,infantry_grenadiers,611,718.6063115345313
14531,1,infantry_line,339,417.975514903601
14532,0,infantry_line,291,425.5868069408602
14533,2,infantry_line,1103,428.6380591278189
14534,1,infantry_line,765,424.07180717436364
14536,0,artillery_foot,309,619.9988820307215
14537,4,artillery_foot,558,625.3188316124654
14538,3,cavalry_standard,1181,922.2383133229689
14539,3,general,245,372.4364780707877
14540,0,general,1121,592.8683710000917
14541,4,general,279,507.7406120614019
14542,4,general,377,382.78675904093603
14543,0,general,580,494.2061599342957
14546,4,infantry_light,624,521.6856238354408
14547,1,infantry_line,355,403.69537454923545
14548,4,artillery_horse,631,890.1661126693297
14549,4,cavalry_light,763,810.1832900957622
14550,4,general,613,351.7588194605375
14551,0,general,609,415.32367899377107
14552,0,general,706,378.6638480376366
14553,2,infantry_line,828,425.57232737759523
14554,3,cavalry_light,527,755.4589236039081
14555,3,cavalry_light,404,733.946179708221
14557,1,artillery_horse,1685,905.6224984806829
14558,2,cavalry_light,1306,777.3861786434616
14559,1,cavalry_light,468,743.1678890251642
14560,4,general,338,329.39368882218736
14561,2,general,1154,453.2409008865058
14562,2,general,1464,281.6483016120302
14563,2,cavalry_heavy,2153,1712.0289190374115
14564,1,cavalry_heavy,1755,1692.0822238187748
14565,0,general,1950,483.008509581718
14566,4,general,1511,363.2629847334309
14567,4,cavalry_standard,1607,961.1659041711257
14568,4,cavalry_standard,1069,938.6193291081817
14569,2,cavalry_heavy,2461,1738.0222262950322
14570,0,general,2237,491.1192906350016
14572,4,cavalry_standard,898,940.9692368750923
14573,3,general,1217,388.96953281607404
14576,4,artillery_foot,1322,679.8708617765853
14578,3,artillery_foot,935,677.0703158837885
14579,1,artillery_horse,947,836.9332467147046
14580,0,general,469,471.12450124283356
14581,0,general,469,471.12450124283356
14582,2,general,1316,398.8697965080232
14583,4,general,1,1.0
14585,2,general,701,700.3518533674335
14587,2,infantry_skirmishers,345,318.3739898162544
14588,2,infantry_skirmishers,318,317.26874171029584
14589,1,infantry_skirmishers,331,312.49186608786937
14590,1,cavalry_heavy,1616,1192.6306640166479
14591,4,cavalry_heavy,1378,1232.990193664958
14593,4,general,218,312.03945169113445
14594,3,general,628,593.1252326931502
14596,0,general,560,454.5230807746036
14597,0,general,173,262.6925487981916
14598,2,general,501,440.06367339719094
14600,4,general,589,321.27960589229883
14603,2,general,880,422.91164861704175
14604,2,general,640,259.78869281421595
14605,1,general,821,438.1486611550882
14606,3,general,501,437.93150772078644
14607,1,general,716,417.00580618689224
14608,0,general,954,545.273683310857
14609,0,general,600,442.8823392729943
14610,2,general,1766,951.7685220782383
14611,3,infantry_grenadiers,416,441.1014080121327
14614,0,infantry_grenadiers,706,457.88212595184285
14615,3,infantry_grenadiers,883,482.6295434920783
14616,2,infantry_light,281,330.34780594857125
14617,4,infantry_light,513,362.22883157361116
14618,0,infantry_light,647,360.8058991289871
14619,3,infantry_light,471,349.52751377845703
14620,4,infantry_light,560,330.8023127944942
14621,3,infantry_light,761,351.88984665936584
14622,0,infantry_line,272,293.0861715484536
14623,1,infantry_line,485,289.43393584092576
14624,3,infantry_line,468,287.77345782789575
14625,1,infantry_line,561,289.43393584092576
14627,4,cavalry_heavy,1020,1056.2661483407605
14628,0,cavalry_heavy,1098,1080.1520526893964
14629,2,general,166,267.0232774114486
14630,3,general,830,230.90776257721123
14631,3,general,599,581.5812958915918
14632,1,general,379,441.57187599250983
14633,2,general,213,263.528297383176
14634,1,general,189,421.8682464284353
14635,4,general,1012,389.9592836996221
14636,1,general,329,253.9821473475619
14637,0,general,103,261.68491397769276
14638,2,general,292,737.8038879285341
14639,2,general,285,416.34532830178375
14640,3,general,673,339.79443738873374
14641,2,general,544,257.65971874984234
14642,0,general,869,1246.0405154411658
14643,0,general,359,428.8076747918153
14646,0,general,339,339.6137241967104
14647,2,general,375,344.8827118696388
14648,4,general,634,253.5388342953256
14649,0,general,814,432.1449554603521
14650,4,general,477,451.01403030644025
14651,3,general,625,572.0669475136775
14653,3,infantry_grenadiers,587,485.0444932940793
14654,2,infantry_grenadiers,625,474.8137651592748
14655,4,infantry_grenadiers,511,487.5706476871987
14657,0,infantry_grenadiers,732,480.1016092794341
14659,3,infantry_light,757,346.10505775232167
14660,4,infantry_light,570,341.4905036799537
14661,1,infantry_line,289,270.12935778402976
14662,1,infantry_line,260,296.05918577962615
14663,4,infantry_line,200,274.62360548104147
14664,1,infantry_line,327,290.8813606644147
14666,0,infantry_line,360,293.0861715484536
14667,1,infantry_line,202,285.6781840478891
14668,4,infantry_line,654,283.01176058299234
14670,0,infantry_line,528,290.9089074155942
14671,3,infantry_line,514,291.4113615408592
14672,0,infantry_line,431,297.90837178995315
14673,3,infantry_line,351,279.6584764665005
14674,3,infantry_line,447,294.19205650121506
14675,1,artillery_horse,278,542.827725906914
14676,0,cavalry_heavy,384,947.0994344795506
14678,0,general,278,298.07431888720294
14679,3,general,226,265.0191387612146
14680,1,general,373,329.74901152410183
14681,0,general,238,436.8069603570224
14682,4,infantry_line,241,284.2522770189798
14683,2,infantry_line,431,281.2187472147588
14684,4,cavalry_heavy,1661,1226.6868574265761
14685,3,cavalry_heavy,1130,1139.1708930830926
14686,3,cavalry_heavy,1937,1165.1759557439418
14687,3,general,440,442.05258933121024
14688,0,general,1905,560.2183667739664
14690,4,general,933,248.29806874099617
14692,0,general,359,340.4702160074078
14693,1,general,1728,333.1306012223152
14694,4,general,101,233.72733349009889
14696,0,general,735,343.80533359603794
14697,1,general,280,333.6022565146643
14698,1,general,215,308.9484172242711
14700,1,general,1267,1631.0058136268274
14701,4,general,267,399.21856255427787
14703,3,infantry_grenadiers,777,484.445413227984
14704,3,infantry_light,430,358.1764340512221
14705,2,infantry_light,207,324.05073349148427
14706,1,infantry_light,405,353.7527188758209
14707,1,infantry_light,514,338.33702764370224
14709,1,infantry_light,287,322.75819643287656
14710,2,infantry_line,678,290.313174388328
14711,4,infantry_line,339,282.1729774766796
14712,0,cavalry_heavy,1199,1165.817271352324
14713,4,cavalry_heavy,1328,1226.6868574265761
14714,3,cavalry_light,862,474.691878110744
14716,4,general,614,435.14290813408013
14718,4,general,181,332.1164053708757
14720,3,general,176,337.51330430173584
14721,3,general,176,262.22499645975165
14722,0,general,101,264.01035227003973
14724,4,general,995,249.54546516786422
14727,1,general,393,945.035070781138
14728,1,general,354,255.30322519076984
14729,3,general,638,578.7222733300663
14730,0,general,520,570.4707617461095
14732,1,general,368,348.5990201817523
14733,3,general,401,333.23893618318044
14734,3,general,254,256.44984623342395
14735,4,general,370,327.78943427153973
14736,0,general,432,265.6182416024736
14737,1,infantry_grenadiers,330,442.91207589215173
14738,3,infantry_grenadiers,425,475.06822020395964
14739,2,infantry_grenadiers,710,490.2488783727894
14740,1,infantry_grenadiers,536,482.8068646100045
14741,0,infantry_grenadiers,400,482.510050517843
14742,4,infantry_light,411,334.3211216043501
14743,1,infantry_line,249,283.32269088559957
14744,3,infantry_line,237,284.71971295111734
14745,2,infantry_line,274,287.4370426241951
14746,1,infantry_line,196,288.328361895318
14747,0,infantry_line,329,293.0861715484536
14748,4,infantry_line,450,287.4621759841502
14749,2,infantry_line,356,281.94380755456973
14750,0,infantry_line,416,299.8747885332527
14751,2,infantry_line,575,296.5254436168591
14752,1,infantry_line,536,290.16138504951664
14753,3,infantry_line,460,281.1139384579305
14754,4,infantry_line,433,278.4966932016175
14755,0,artillery_foot,501,443.13235701948867
14756,1,cavalry_heavy,1244,1178.8552831792242
14758,2,general,343,437.0442845970011
14759,0,general,93,423.41577668170146
14760,1,general,324,420.1583131511583
14761,0,general,542,683.621301192315
14763,3,general,1164,430.4695168980531
14764,1,general,425,348.9901087230536
14766,3,infantry_grenadiers,425,444.1553774238277
14767,2,infantry_grenadiers,659,495.7236621254914
14768,3,infantry_light,256,335.4697980955623
14769,1,infantry_light,437,334.35303990626136
14770,1,infantry_line,119,297.3786239966954
14771,1,infantry_line,122,276.16871520493663
14772,2,infantry_line,314,276.85989825889067
14773,3,infantry_line,321,285.49588964395326
14775,1,infantry_line,220,281.29590896844553
14776,0,infantry_line,655,302.7228374276287
14777,4,infantry_line,473,295.9934687122405
14778,2,infantry_line,404,288.0885032195125
14779,3,cavalry_light,357,479.90282622417016
14780,0,cavalry_light,577,498.013532297657
14781,3,cavalry_standard,626,593.3521011443728
14782,4,cavalry_standard,434,622.4573803748481
14783,2,cavalry_standard,710,549.6339352403817
14784,3,general,300,364.1040780957596
14786,2,general,462,290.1967486138414
14787,2,general,545,219.41559398205686
14788,4,general,306,236.32053629700812
14789,4,general,568,422.20844505304456
14793,1,infantry_light,544,340.2583359456423
14794,2,infantry_line,558,286.11185471915024
14795,3,infantry_line,478,289.97879886524424
14796,1,cavalry_light,570,476.8769405487864
14797,3,cavalry_light,284,476.4551598970084
14798,4,cavalry_light,267,479.63710885679933
14799,2,cavalry_light,332,513.2804311671368
14800,3,cavalry_light,331,495.7642146568334
14802,3,cavalry_light,486,478.19184840748267
14803,4,cavalry_light,383,522.8522298032392
14804,2,cavalry_standard,854,594.5109250517146
14805,0,cavalry_standard,416,618.0061214152147
14806,1,general,244,293.94293405475247
14807,3,general,521,610.8083921274823
14808,1,general,228,359.2801600353872
14809,2,general,450,284.1882389548302
14811,0,general,267,560.9782852040559
14812,0,general,724,307.3199669195435
14813,2,general,258,233.9565403919332
14814,4,general,260,461.7478173313538
14815,2,general,366,399.8642608004777
14817,4,general,622,336.9440550368222
14818,3,general,411,565.8696583167675
14819,1,general,571,739.3884985779508
14820,1,general,327,260.6662528233789
14821,0,general,533,341.3174045899351
14822,1,general,275,208.53222338131576
14824,2,infantry_light,226,347.62619049921506
14825,0,infantry_light,202,359.96097200686273
14826,3,infantry_line,408,287.39902045122096
14827,1,infantry_line,582,288.328361895318
14828,1,infantry_line,350,283.7209284468076
14829,4,infantry_line,434,286.27464863301196
14830,4,cavalry_light,740,492.2970278384059
14831,2,cavalry_standard,876,597.958990135802
14832,1,cavalry_standard,727,604.2333750442787
14833,0,general,723,478.8110183095453
14834,3,general,34,321.99579242590664
14835,4,general,49,417.09332691999134
14838,1,infantry_line,104,271.81057487440194
14839,3,infantry_line,77,273.26851493035423
14840,4,general,81,340.62307055774244
14841,0,general,18,264.9801895485284
14842,2,infantry_line,102,289.37005175608573
14843,4,infantry_line,125,289.40041642687214
14844,2,cavalry_light,256,481.0232168788728
14845,1,general,156,272.7399120887072
14846,4,artillery_foot,134,401.4208529180272
14847,4,cavalry_standard,601,568.7748555843781
14848,0,cavalry_standard,627,592.8297545451711
14849,2,general,636,640.055344774343
14850,1,general,514,290.6925507753119
14851,2,cavalry_light,500,485.8683449970346
14852,1,cavalry_light,703,488.5253600769775
14853,4,cavalry_light,498,485.2189293272655
14854,2,cavalry_light,836,510.8475144040239
14855,2,cavalry_standard,391,575.6000761272768
14856,4,cavalry_standard,813,604.0513327609419
14857,4,general,705,288.7230979404696
14860,3,general,687,304.0163257614382
14861,0,general,340,383.36580093400346
14863,3,general,376,336.5827100197461
14864,1,general,532,602.4671763887122
14865,1,general,1046,782.9663747668556
14866,1,infantry_grenadiers,752,511.9326073096489
14867,1,infantry_light,429,349.49095538912303
14870,3,cavalry_light,225,467.35340851923644
14871,2,cavalry_light,348,493.45005406536677
14872,3,cavalry_standard,889,597.5166153744211
14873,0,cavalry_standard,567,608.1854158230807
14874,1,general,813,393.8594655499772
14875,4,general,93,204.83473368826935
14877,3,general,458,300.36174185411966
14878,0,general,593,426.6234143280866
14879,2,infantry_grenadiers,571,457.03201322039934
14880,3,cavalry_standard,736,613.0750129031824
14882,1,general,285,227.7839582368983
14883,4,general,670,402.7016620085943
14884,1,cavalry_standard,830,612.6917569805182
14886,0,general,301,309.9351388077271
14887,2,general,701,308.9643204827921
14889,1,cavalry_standard,361,602.7749186216354
14891,3,general,665,677.5564265338459
14892,3,cavalry_standard,535,554.6769582351774
14893,0,cavalry_standard,632,600.7216964057654
14894,4,general,567,379.7675181463879
14895,0,general,388,220.8858827128505
14896,0,cavalry_standard,690,608.1854158230807
14897,2,cavalry_standard,937,611.8677849996218
14900,2,cavalry_standard,342,549.6339352403817
14901,4,cavalry_standard,341,554.8909039604205
14903,2,general,372,625.3144698862972
14905,0,cavalry_light,759,493.2750048011487
14906,3,general,1406,1545.8050784580614
14907,2,general,628,287.6970972616905
14908,3,general,787,372.69443004678686
14909,3,artillery_horse,810,592.4441716993082
14910,2,artillery_horse,444,588.8846496659714
14911,3,cavalry_light,342,491.2252321722685
14912,4,cavalry_light,263,479.63710885679933
14913,2,general,256,478.2185062345856
14914,3,general,219,221.3718074887291
14916,4,artillery_foot,934,463.12453720256605
14917,1,artillery_foot,914,461.8147328965608
14918,1,artillery_foot,300,403.55813877668066
14919,4,artillery_foot,301,401.4208529180272
14921,2,artillery_foot,542,428.1055375185881
14922,0,artillery_foot,537,443.13235701948867
14923,2,artillery_foot,776,449.3891624531634
14924,3,artillery_foot,554,434.57611118693745
14925,3,artillery_foot,51,350.9093855813162
14927,0,artillery_foot,383,410.8774532408442
14928,2,artillery_foot,611,428.1055375185881
14929,3,artillery_foot,453,401.5965527606357
14930,3,artillery_foot,579,434.57611118693745
14931,0,artillery_foot,847,443.13235701948867
14933,2,artillery_foot,864,449.3891624531634
14934,1,artillery_foot,280,403.55813877668066
14935,4,artillery_horse,843,621.2900516164614
14937,4,artillery_horse,923,621.2900516164614
14938,2,artillery_horse,1409,661.9130530833165
14939,3,artillery_horse,837,592.4441716993082
14940,1,artillery_horse,807,587.378985492715
14941,2,artillery_horse,428,588.8846496659714
14942,3,artillery_horse,784,592.4441716993082
14944,1,general,1649,963.5551782382535
14945,4,general,739,242.42286143682176
14946,2,general,761,208.5863250446224
14947,2,general,399,198.70741945531833
14948,0,general,216,235.14018251908982
14949,4,general,83,220.09379474147315
14950,0,general,679,229.6105140736112
14951,0,general,707,761.8568951335712
14952,3,general,1253,463.7498913951424
14953,4,general,1,1.0
14955,0,general,950,445.3520620786141
14956,2,general,570,618.743292205728
14957,4,general,570,612.1713319191633
14958,2,general,783,335.4513759848534
14959,3,general,335,208.64710847886687
14960,1,general,853,895.737613878363
14961,2,general,570,618.743292205728
14962,2,general,1006,1087.4452823832344
14967,2,infantry_skirmishers,149,205.36099745567844
14968,2,infantry_skirmishers,135,205.36099745567844
14969,2,infantry_skirmishers,135,205.36099745567844
14970,2,infantry_skirmishers,135,205.36099745567844
14972,3,infantry_skirmishers,217,202.1130329621527
14973,4,cavalry_heavy,1123,1111.4199257026469
14974,4,cavalry_heavy,821,1076.633985268573
14975,4,cavalry_light,282,545.2206214902219
14976,0,cavalry_light,701,566.4637171090435
14977,4,cavalry_light,824,562.5347656871669
14979,2,cavalry_standard,838,588.2882631112748
14980,3,cavalry_standard,696,641.0415988840729
14981,3,general,962,316.43566500984866
14982,0,general,639,422.5889106333862
14983,3,general,794,681.3442850467595
14984,3,general,493,623.832165316551
14985,4,general,161,236.71947385914643
14986,4,general,671,397.88961342285984
14987,0,general,283,368.79125017124835
14988,2,general,324,487.69878509234735
14989,0,general,699,324.09510926574853
14990,1,general,661,295.2209313834814
14991,3,general,635,425.1686697105011
14993,4,general,724,372.62613599777427
14994,3,general,970,468.2443275074558
14995,3,general,708,282.1850953194724
14996,3,general,1050,607.5581072316005
14997,0,general,504,289.28920970394205
14998,0,general,563,373.9983731055688
14999,2,general,367,275.43073176355153
15000,3,general,818,615.4085954337983
15001,1,infantry_grenadiers,926,510.6949918672111
15002,0,infantry_light,313,392.1599988891127
15003,3,infantry_light,402,383.7316697783397
15004,1,infantry_light,484,380.6899832870784
15005,2,infantry_light,690,379.3350334593013
15006,2,infantry_light,833,379.8776055260777
15008,0,infantry_line,337,315.902014577031
15009,3,infantry_line,787,317.71614515105165
15010,2,infantry_line,622,318.499059584976
15011,0,infantry_skirmishers,216,217.56506265683674
15012,0,infantry_skirmishers,206,228.8765790356406
15014,3,cavalry_light,458,533.4132393524546
15016,3,cavalry_light,841,533.4132393524546
15017,1,general,1312,467.589911960274
15018,1,general,1299,1553.1749061094886
15019,0,general,37,258.8485573580167
15020,2,general,211,635.1823151901744
15021,3,general,81,292.2991758353659
15022,3,general,63,375.55146842172536
15023,3,general,958,884.0603502868623
15026,4,general,21,338.4994740426626
15030,2,infantry_light,154,355.52167472281604
15031,3,infantry_light,148,347.769302897986
15032,0,infantry_light,469,368.66391159184093
15033,4,infantry_light,433,371.7089991156742
15035,4,infantry_line,185,318.94059372839865
15036,0,infantry_line,120,319.05266392005063
15037,4,infantry_line,256,283.3374668593219
15040,3,cavalry_light,677,555.4136169375291
15041,4,cavalry_light,342,538.9485586294967
15042,0,cavalry_light,937,553.196313996557
15043,0,cavalry_standard,1183,698.8714798947876
15044,4,general,205,343.2416226486493
15045,3,general,188,347.798485079386
15046,4,general,310,590.0580604787493
15047,4,general,56,264.97072626701396
15050,3,general,754,246.36649102123886
15051,4,general,562,318.4841827381545
15052,0,general,255,268.77334276853134
15053,3,general,78,268.6187205289787
15054,3,infantry_grenadiers,281,495.667488281289
15056,1,infantry_grenadiers,371,494.2855436260197
15057,1,infantry_light,271,360.92913883500563
15058,0,infantry_line,157,298.8255981936174
15059,3,infantry_line,186,294.0209064160326
15060,4,infantry_skirmishers,159,206.5882482298385
15061,1,general,32,266.30290462777526
15064,2,general,23,268.647480676883
15065,1,infantry_line,166,296.4519107735175
15066,1,infantry_line,124,292.79230446902875
15068,1,artillery_foot,195,452.234982106193
15069,0,artillery_foot,303,493.7783922433476
15070,0,general,84,201.82804844019253
15071,2,general,393,303.8667849069561
15072,4,cavalry_heavy,1491,1244.7849559524652
15073,0,cavalry_standard,1120,694.5663654098835
15074,0,general,408,272.6869115342686
15076,1,general,364,455.98587385143543
15077,4,general,69,370.92809381736504
15078,4,general,274,272.0745885767732
15079,2,general,1317,352.83156093055374
15080,1,general,285,444.3547189210239
15081,3,general,391,448.3417170258495
15082,2,general,330,482.8828751705752
15083,4,general,975,340.90227324251384
15084,0,general,1260,270.8912566481065
15085,4,general,712,822.4700440300983
15086,3,general,497,490.06434012557105
15087,0,general,405,482.856946332453
15088,4,general,407,284.45458646517824
15089,1,general,243,344.0120981827538
15091,4,infantry_grenadiers,409,484.29825460717063
15093,2,infantry_grenadiers,379,499.28124347542837
15094,0,infantry_grenadiers,412,491.21497729924675
15095,1,infantry_light,301,357.82144518726756
15096,2,infantry_light,361,369.4672280682923
15097,3,infantry_light,322,387.2221564522458
15099,4,infantry_line,144,315.1481919278099
15100,3,infantry_line,185,315.88890279051355
15101,2,infantry_line,470,318.8871457882304
15103,0,infantry_line,525,318.610831847474
15104,2,general,189,287.1259011071487
15105,4,general,165,370.92809381736504
15106,1,general,230,372.24605078933837
15107,3,general,209,487.2869267566697
15109,1,general,374,610.8375697320954
15110,4,general,417,277.33209782415827
15111,2,general,297,374.9029508105806
15112,2,general,208,289.5843959375785
15113,3,general,628,486.58223209021446
15114,0,general,125,285.88160536193476
15115,4,general,734,472.80343429130636
15116,4,general,438,457.21538058562453
15118,0,general,623,1004.0593527059145
15123,1,general,429,371.7080294757972
15124,0,general,362,281.8505819867437
15125,0,general,183,289.28920970394205
15127,4,infantry_grenadiers,283,507.1120732243227
15128,4,infantry_grenadiers,596,528.1837577468191
15129,4,infantry_grenadiers,534,514.9585084665315
15130,4,infantry_grenadiers,676,528.9944662340531
15131,4,infantry_light,478,375.6629403373715
15132,2,infantry_line,355,318.8871457882304
15133,0,infantry_line,223,318.610831847474
15134,0,infantry_line,307,322.0730800389918
15135,4,infantry_line,326,307.25716283547854
15136,0,infantry_line,207,319.05266392005063
15137,2,infantry_line,227,315.1023623794927
15138,2,infantry_line,295,317.3206045190931
15139,3,infantry_line,490,316.3498195616676
15140,1,infantry_line,288,317.496835601749
15141,2,infantry_line,451,309.30567226962023
15142,2,infantry_line,512,317.3206045190931
15143,4,infantry_line,413,303.42204555277937
15145,1,artillery_foot,1211,517.5184376182888
15146,4,cavalry_light,517,547.2509452126075
15147,0,cavalry_light,368,546.0047979183014
15148,2,general,66,454.358633095674
15149,3,general,304,364.0113672539445
15151,2,general,1713,865.992676599301
15152,1,general,272,312.58348919945917
15153,0,general,73,354.1528483230724
15154,1,general,79,260.4078565694387
15157,4,general,164,291.1508716449585
15158,4,general,491,1039.1976147817813
15159,1,general,322,343.26515598932224
15160,0,general,247,464.67247961411294
15161,3,general,893,380.2990225974734
15162,3,general,1196,1398.6262890922549
15163,3,infantry_grenadiers,357,512.3656761712197
15164,3,infantry_grenadiers,948,535.2914315021214
15166,4,infantry_light,210,352.380694884523
15167,1,infantry_line,268,322.688904594658
15168,2,infantry_line,142,303.16684145574345
15171,2,infantry_line,739,320.79345848399043
15172,1,infantry_line,318,306.43309400500294
15173,3,infantry_line,254,305.2311315646175
15174,3,infantry_line,392,292.12969149173756
15175,4,infantry_skirmishers,156,202.2958980996065
15176,2,general,69,276.5208305639372
15177,1,general,150,273.99400715223146
15179,0,general,268,348.16845589417505
15180,3,general,196,346.2972635019159
15181,1,infantry_grenadiers,339,495.3150428561228
15182,0,infantry_grenadiers,268,487.2063281538294
15183,2,infantry_line,167,305.6002846776459
15184,0,infantry_line,251,305.25827666137684
15186,3,artillery_foot,333,488.3349850770702
15187,4,general,433,289.055377153626
15188,0,artillery_foot,794,493.7783922433476
15189,2,cavalry_heavy,2404,1287.274755415737
15191,4,cavalry_light,893,553.1739906519804
15192,2,cavalry_standard,1339,690.5017212100844
15193,4,general,413,485.903581481203
15194,2,general,70,288.1922200536247
15196,1,general,715,244.2545259306217
15198,3,general,185,292.69871732449116
15199,3,general,323,612.8377890042194
15200,0,general,1126,275.40844667234467
15202,2,general,278,479.1090434402427
15203,1,general,2164,370.6222113379288
15205,1,general,406,366.42854259959216
15206,3,general,336,364.0113672539445
15208,3,general,216,599.8318843681794
15210,2,general,976,1055.7582725566501
15211,2,infantry_grenadiers,392,504.5976308132952
15212,2,infantry_grenadiers,823,514.8054736821591
15213,4,infantry_light,453,378.5266435945004
15214,1,infantry_light,388,389.99934463475773
15215,3,infantry_light,441,382.23768708647054
15216,2,infantry_light,489,381.21756685027793
15218,4,infantry_line,279,305.36276886915107
15221,2,infantry_line,132,323.00971026866654
15222,2,infantry_line,205,303.16684145574345
15225,0,cavalry_lancers,1103,573.8004453482738
15228,3,cavalry_light,482,549.3666798307931
15229,3,general,650,234.45762429765125
15230,3,general,104,373.9122797808668
15231,1,general,348,245.4503945630456
15232,1,general,1481,456.42631774853584
15233,4,general,68,283.5735519550331
15234,3,general,673,709.446008870973
15235,3,general,57,283.78844896190964
15236,4,general,225,457.21538058562453
15237,3,general,310,281.71999435574486
15238,3,general,184,277.13462824320567
15239,4,general,176,281.77920738833103
15241,4,general,65,372.62613599777427
15242,0,general,297,469.2342271714752
15245,1,general,225,282.0026641327498
15246,2,infantry_grenadiers,415,499.28124347542837
15248,2,infantry_light,163,381.74711325213445
15249,4,infantry_line,287,301.4323506784772
15251,0,infantry_line,290,310.90234098949713
15252,1,infantry_line,271,312.8844843159629
15253,1,infantry_line,168,314.7631053677167
15254,4,infantry_line,232,297.89906251931563
15255,3,infantry_line,576,315.4251865370358
15256,4,infantry_line,330,309.8878421546634
15257,0,cavalry_heavy,673,1086.8103699159963
15258,4,cavalry_light,317,551.2267580531179
15259,2,cavalry_standard,824,677.8595215302602
15262,1,general,496,234.64426755203982
15263,3,general,679,799.8255133584421
15264,0,general,323,357.9100259688082
15266,3,infantry_line,498,308.8701983969698
15267,4,cavalry_heavy,1324,1186.882973951345
15268,0,cavalry_heavy,2151,1343.963494606653
15269,0,cavalry_heavy,1409,1203.6036987745078
15270,1,cavalry_heavy,1221,1257.7459668593629
15271,3,general,1185,263.2895365248198
15273,0,general,2040,491.0850075272583
15274,0,general,1373,985.7196302994278
15275,0,cavalry_heavy,1542,1299.05967997855
15277,2,cavalry_heavy,1436,1255.8363181494983
15278,2,cavalry_heavy,1624,1315.3296776990105
15279,3,general,1107,259.472013968612
15280,4,general,1729,841.831637158519
15281,0,general,1269,360.91454076735266
15283,2,general,1456,478.46560851295476
15284,0,infantry_light,301,393.1981766380001
15285,2,infantry_light,288,387.34593703024206
15286,4,general,168,655.0712435974176
15287,4,general,76,383.7513049029511
15288,1,infantry_line,131,325.9672257728677
15289,3,infantry_line,116,327.85753350776065
15290,4,general,48,287.03651078653
15292,2,infantry_line,112,318.1086283768985
15294,2,infantry_light,525,380.684369557255
15295,1,cavalry_light,510,626.4794506445435
15297,1,general,189,359.2744754709991
15298,0,general,234,604.2077617824273
15299,3,general,590,514.23229432364
15301,3,infantry_light,537,410.42567655152607
15302,1,infantry_light,285,420.59966288469866
15303,1,infantry_line,199,306.43309400500294
15304,4,infantry_line,249,303.9814151801768
15307,4,cavalry_light,468,527.8254028090931
15308,4,cavalry_standard,1085,690.1798312905106
15310,0,general,288,382.6431945954371
15312,4,general,214,240.17260326982995
15313,0,infantry_light,339,400.1500258978593
15314,4,general,124,293.51602060713157
15315,3,infantry_line,225,325.8503833304637
15316,3,infantry_line,174,322.95147558821947
15317,1,general,169,636.9924263882373
15318,4,infantry_line,124,321.22552538909264
15319,1,infantry_line,110,318.3868023176877
15320,3,cavalry_light,365,543.0311148956903
15321,3,cavalry_light,384,548.4799776703306
15322,4,general,398,534.3915073142313
15323,1,general,238,242.62134097598346
15325,3,cavalry_heavy,1697,1297.9493194985757
15327,0,general,1796,369.85851766948537
15329,3,artillery_foot,183,451.2757179950177
15330,3,artillery_foot,467,488.3349850770702
15331,2,artillery_foot,486,479.99918112985256
15332,3,artillery_foot,1628,539.3868223031392
15333,4,artillery_foot,881,490.410080109001
15334,2,artillery_foot,1249,503.86274196881385
15335,0,artillery_foot,794,493.7783922433476
15336,2,artillery_foot,1197,503.86274196881385
15337,2,artillery_foot,1127,503.86274196881385
15339,4,artillery_foot,1268,520.3940587211663
15340,2,artillery_foot,274,448.2719186483429
15341,0,artillery_horse,757,666.9987673624491
15342,2,artillery_horse,83,587.4206007267371
15344,4,artillery_horse,623,642.1019919632016
15345,1,artillery_horse,614,608.3031497181738
15346,2,artillery_horse,606,660.2674454014357
15347,3,artillery_horse,515,615.2102291710255
15348,2,artillery_horse,497,660.2674454014357
15349,1,artillery_horse,950,658.228144770106
15350,2,artillery_horse,626,660.2674454014357
15351,3,general,1071,228.41601456985467
15352,2,general,741,741.4461047246431
15353,4,general,407,225.48580297034414
15354,3,general,336,215.97696335330676
15355,0,general,281,282.30135311851404
15356,0,general,281,282.30135311851404
15357,0,general,748,330.7713359134326
15358,3,general,159,158.33830932176468
15359,0,general,920,914.6596301608992
15361,2,general,1141,303.8667849069561
15362,4,general,870,355.20976675796993
15363,0,general,27,269.5247074940054
15364,1,general,1109,1077.8700548289723
15366,2,general,1308,1303.0962579811778
15367,2,general,117,253.82670182755416
15369,2,infantry_grenadiers,265,461.8060584221997
15370,3,infantry_grenadiers,258,465.17233994395013
15371,0,infantry_grenadiers,290,464.632421707186
15373,4,infantry_skirmishers,82,218.85332001887727
15374,4,infantry_skirmishers,337,227.9985143082804
15375,4,infantry_skirmishers,339,225.10684762904168
15376,1,infantry_skirmishers,304,227.1265804635419
15377,0,infantry_skirmishers,187,237.31089947115893
15378,0,infantry_skirmishers,188,238.17135075694128
15379,3,infantry_skirmishers,176,227.11525644123103
15380,4,artillery_foot,601,490.410080109001
15382,0,general,315,276.36963592197776
15383,1,general,119,358.6509735273772
15384,1,general,241,474.638195562912
15386,3,general,130,454.13491000306504
15387,3,general,128,281.0163296012129
15390,0,general,383,743.1265209344458
15391,0,general,169,225.19619203518405
15394,3,general,501,485.1600406642385
15395,4,general,410,484.43175264606305
15396,4,general,537,278.0526562274061
15397,3,general,444,367.63279594043894
15398,1,general,485,351.4767906415717
15400,3,general,406,382.8341161386858
15402,4,general,792,502.9982521797805
15403,1,general,754,612.3341483004698
15405,3,general,302,446.339927537634
15406,0,general,880,632.4974903190755
15407,3,general,250,369.67898973073505
15408,3,general,647,836.2892603197428
15409,4,infantry_grenadiers,471,526.547826598526
15410,4,infantry_grenadiers,617,543.5605361937731
15411,0,infantry_grenadiers,801,524.3477503529517
15413,4,infantry_light,392,366.5272622869056
15414,3,infantry_light,426,372.38875770758415
15415,1,infantry_light,189,356.2247237740949
15416,3,infantry_light,572,387.7914236360904
15417,3,infantry_light,294,357.8362435961617
15418,1,infantry_light,344,378.5223957454094
15419,4,infantry_light,496,376.30659432632825
15420,4,infantry_light,554,362.1690254340407
15421,0,infantry_line,163,298.2367845714111
15422,1,infantry_line,229,306.94966009927845
15423,2,infantry_line,334,312.59127942491574
15424,4,infantry_line,182,303.42204555277937
15425,1,infantry_line,328,320.56773209640073
15427,2,infantry_line,397,317.3206045190931
15428,2,infantry_line,313,294.0826097047398
15430,3,infantry_line,465,322.95147558821947
15431,3,infantry_line,366,327.460159972138
15432,4,infantry_line,319,310.40379899781095
15433,2,infantry_line,739,327.22970209827605
15434,4,infantry_skirmishers,288,213.05999060234998
15436,1,general,119,283.972910416471
15437,3,general,617,477.7770730588878
15438,1,general,205,482.2327253208659
15439,0,general,72,281.190550646674
15441,1,general,191,360.81392320291246
15442,3,general,168,271.94250011553237
15443,1,general,158,372.24605078933837
15444,0,general,108,287.70755848034355
15445,4,general,208,347.7443122687076
15447,0,general,320,578.4140605753054
15448,4,general,132,278.5290665466142
15449,3,general,437,475.0777186166469
15450,2,general,288,279.46524688535436
15451,0,general,415,472.532722025911
15452,1,general,589,477.9543136705045
15455,1,infantry_grenadiers,580,521.0859969319283
15456,0,infantry_light,467,405.2643437088245
15457,0,infantry_light,275,366.9370402676218
15458,4,infantry_light,570,380.69769593159856
15459,4,infantry_line,249,305.36276886915107
15460,3,infantry_line,224,313.5415460577686
15462,0,infantry_line,222,319.05266392005063
15463,4,infantry_line,206,315.1481919278099
15464,4,infantry_line,287,292.92183250205716
15465,3,infantry_line,429,308.8701983969698
15467,1,infantry_line,401,306.43309400500294
15468,4,infantry_line,396,309.1076540912094
15469,1,infantry_line,237,309.47995339057627
15470,0,infantry_skirmishers,184,230.86973564169986
15471,1,infantry_skirmishers,262,247.26620734179014
15473,4,general,251,276.84769346164774
15474,3,general,190,288.17375969279993
15475,3,general,501,474.2946896458081
15476,0,general,220,332.1415275090845
15477,0,general,554,606.6345777195754
15478,2,general,651,799.3446170996591
15481,0,infantry_light,364,379.56054437941907
15482,3,infantry_line,296,315.4251865370358
15483,3,infantry_line,477,308.3611147163505
15484,0,infantry_skirmishers,223,220.03741423178366
15485,0,infantry_skirmishers,332,241.48398387431325
15486,0,artillery_foot,732,493.7783922433476
15487,2,artillery_horse,842,706.9990778699882
15488,0,cavalry_light,280,525.9600812030543
15489,4,cavalry_standard,988,702.4111637208886
15490,1,general,985,588.678108642589
15491,4,general,141,227.12045257503536
15493,2,general,247,368.00134452625264
15494,4,general,122,386.225552466667
15496,3,general,394,503.67120733824675
15497,2,general,140,270.34137541405164
15498,4,general,101,269.42711216793583
15500,0,general,261,287.3061514914528
15501,0,general,113,346.06994638886084
15502,1,general,207,282.4454342511814
15503,2,general,338,277.3779062889525
15504,1,general,98,299.3999181533129
15506,3,general,264,389.11857546869606
15508,0,general,218,298.0653409154983
15509,2,general,342,356.421213431917
15511,4,general,244,368.6164596495447
15512,0,general,153,271.4096093812448
15513,3,general,154,282.1850953194724
15514,0,general,283,359.4259870237288
15515,1,general,245,470.8374555539054
15516,0,general,259,355.73943032780335
15518,3,general,274,627.6386623098751
15519,4,general,232,480.67497320613325
15522,2,general,206,278.4312179737479
15523,3,general,274,627.6386623098751
15525,3,infantry_grenadiers,576,514.5150099724796
15527,0,infantry_light,172,361.90346507112525
15528,2,infantry_light,449,375.1386000235499
15529,3,infantry_light,315,402.96973931136597
15530,0,infantry_light,348,375.87057615900403
15531,4,infantry_line,315,310.40379899781095
15532,0,infantry_line,203,303.36294096321916
15534,0,infantry_line,182,332.3262086472962
15535,1,infantry_line,362,315.22558495415757
15536,4,infantry_line,173,328.1452296684769
15538,3,infantry_line,369,327.460159972138
15539,4,infantry_line,247,313.1841796555396
15540,3,infantry_line,459,297.0653455246082
15541,2,infantry_line,318,307.7115720446486
15542,4,infantry_line,314,313.1841796555396
15544,0,infantry_line,269,311.3938185093142
15545,1,infantry_line,306,301.3360764013306
15546,3,infantry_line,409,300.5561343773565
15547,4,infantry_line,330,299.9795700423807
15548,1,infantry_skirmishers,309,228.16865110641046
15549,3,infantry_skirmishers,292,221.28820810348614
15550,3,infantry_skirmishers,178,239.46064344445975
15551,4,infantry_skirmishers,201,239.90968815000417
15552,3,artillery_foot,196,451.2757179950177
15553,4,artillery_foot,381,490.410080109001
15554,4,artillery_horse,635,698.1181639753157
15556,2,general,202,285.11873622678473
15557,3,general,136,366.14184589035415
15558,0,general,404,597.1765704347995
15559,0,general,300,291.96950490140773
15560,3,general,493,195.53519443760848
15561,0,general,355,377.46350768255735
15563,0,general,199,237.60086696119706
15565,4,general,67,258.3289949962673
15566,4,general,226,363.81840623941713
15568,3,general,58,279.3454937402278
15569,2,general,127,277.3779062889525
15572,2,general,391,283.8042365460898
15573,1,general,465,352.49124033899363
15574,4,general,411,268.8854221848339
15575,2,general,439,368.74540850820836
15576,4,general,184,445.5615243886712
15577,2,infantry_grenadiers,337,517.7798941802076
15578,0,infantry_grenadiers,342,505.09809878180437
15579,2,infantry_light,408,393.0306221731689
15580,2,infantry_light,212,362.65468834313293
15582,1,infantry_light,528,368.2473534331586
15584,2,infantry_line,243,320.79345848399043
15585,4,infantry_line,225,302.5754780176616
15586,2,infantry_line,206,310.4200081649068
15587,3,infantry_line,187,317.71614515105165
15588,1,infantry_line,286,309.97587168758554
15589,3,infantry_line,128,328.6463542503171
15590,1,infantry_line,162,305.1256673753385
15591,3,infantry_line,165,295.25430104379063
15592,1,infantry_line,119,291.5292261456417
15593,1,infantry_line,499,311.9273830508699
15594,1,artillery_horse,366,608.3031497181738
15596,0,cavalry_light,420,554.9319913069507
15597,4,general,291,241.00673890683657
15598,3,general,65,352.1481014514837
15599,2,general,474,255.76565613694908
15601,1,general,133,267.9704694968958
15602,0,infantry_grenadiers,298,511.87051876165526
15603,2,infantry_line,139,300.11353382491166
15604,0,infantry_line,357,313.08783751256124
15606,1,artillery_foot,285,452.234982106193
15607,1,cavalry_standard,690,658.1601726466768
15608,3,general,575,330.48275352295224
15609,2,general,154,364.9484734293836
15610,2,general,154,364.9484734293836
15611,4,general,449,280.8652923455158
15612,1,infantry_grenadiers,222,467.70810555400175
15614,4,infantry_line,220,307.25716283547854
15615,2,infantry_skirmishers,186,235.60192924802783
15616,3,cavalry_light,559,529.3565355133727
15617,4,cavalry_standard,584,639.10899082127
15618,0,cavalry_standard,703,653.1624883410605
15619,3,general,245,372.52321003270566
15620,2,general,545,253.1638414193969
15621,3,general,240,282.1850953194724
15622,1,general,236,358.6509735273772
15623,1,general,474,319.9540670327565
15624,4,general,415,614.9368206677382
15625,4,general,191,583.6513852515629
15626,0,general,402,239.41559490777027
15627,0,general,112,346.7756227313301
15628,4,general,584,470.75450391396896
15629,4,general,464,273.8704987141576
15630,3,general,675,609.1619630174142
15631,3,general,359,485.87328933934873
15632,1,general,620,637.8331128339839
15634,3,general,205,355.61020922752317
15635,2,general,880,492.2910943735989
15636,3,general,168,274.068375176916
15637,1,general,240,284.61726037590233
15639,0,general,561,489.8579079905743
15640,2,general,328,484.716569070748
15641,4,general,80,261.4286077990751
15642,2,infantry_grenadiers,479,494.4912243261704
15643,2,infantry_grenadiers,823,526.5309246677963
15644,0,infantry_light,344,380.16055747156366
15647,3,infantry_line,300,305.2311315646175
15648,1,infantry_line,187,293.41547707527974
15649,3,infantry_line,189,292.12969149173756
15651,0,infantry_line,534,324.5670531421657
15652,1,infantry_line,374,315.22558495415757
15653,2,infantry_line,355,317.3206045190931
15654,2,infantry_line,353,315.1023623794927
15656,4,infantry_line,545,306.72048961496813
15658,1,artillery_foot,632,489.3510635442436
15660,1,cavalry_light,758,542.0153161310842
15661,1,cavalry_light,588,503.44236331771157
15662,2,cavalry_light,380,551.615444225321
15663,3,cavalry_light,707,560.3882474570297
15666,4,cavalry_standard,384,634.8006216611388
15667,0,cavalry_standard,782,664.1635897466077
15668,2,general,688,419.1146852665045
15669,1,general,175,241.7873754089908
15670,2,general,250,247.52607149017285
15671,0,general,216,281.190550646674
15673,0,general,380,535.2087914800612
15674,0,general,343,228.58106581206115
15675,4,general,591,321.50806064136066
15677,2,general,310,367.50115080487194
15678,2,general,135,464.97316613471565
15679,3,general,217,352.1481014514837
15680,4,general,180,266.1119553272684
15681,1,infantry_grenadiers,372,522.3262336680574
15682,0,infantry_line,319,311.3938185093142
15683,3,infantry_line,163,301.96242516305074
15684,1,infantry_line,227,301.88961865327894
15685,2,infantry_line,293,300.11353382491166
15686,2,cavalry_standard,928,665.2621195003342
15687,0,cavalry_standard,643,677.6955283312011
15688,1,general,412,492.93129463357656
15690,2,general,753,265.5747284601132
15691,0,infantry_line,392,325.3800972393153
15692,2,cavalry_standard,357,616.2588794477034
15693,4,cavalry_standard,357,623.5081634923578
15694,2,general,389,701.113176983931
15696,3,general,251,590.4657876422558
15698,0,cavalry_light,263,572.6193081438778
15699,2,general,68,336.3155531177812
15700,2,general,86,262.8731294747224
15701,2,general,147,274.76632173069146
15702,1,general,133,331.15850649211495
15703,0,general,152,255.58598190922282
15704,0,general,228,473.6102232347153
15705,0,infantry_light,205,348.2197263938063
15706,2,infantry_light,194,355.52167472281604
15707,4,infantry_light,148,339.054947237355
15708,2,infantry_line,251,303.6612683734642
15709,1,infantry_line,109,323.10628643917147
15710,1,infantry_line,234,310.7136452329199
15712,2,cavalry_heavy,1165,1162.1811655008275
15713,4,cavalry_lancers,847,501.5184877436789
15714,4,cavalry_lancers,1019,543.4294554368325
15715,3,cavalry_light,836,558.7503344626989
15716,1,cavalry_light,805,559.3299733222802
15717,1,cavalry_light,1158,578.9625163990619
15720,0,general,621,324.09510926574853
15722,1,general,1157,565.8901006447627
15723,4,general,966,250.24364685330193
15724,0,general,116,385.7865599382502
15725,4,general,682,321.50806064136066
15727,0,general,944,414.6269463767558
15728,4,general,255,478.36551113033386
15729,4,general,391,321.50806064136066
15733,0,infantry_line,203,316.58874926805316
15734,1,infantry_line,155,295.2528184377815
15736,3,infantry_line,249,313.0632394330371
15737,2,infantry_militia,94,165.1885211511967
15738,3,infantry_militia,120,175.07074631536872
15739,2,infantry_militia,116,174.67594926173444
15740,0,cavalry_standard,328,628.3671421023905
15741,1,general,97,332.8810140387495
15742,2,general,121,268.647480676883
15746,3,infantry_line,229,293.39609305625515
15748,2,infantry_line,400,335.24669989155456
15750,1,general,209,366.42854259959216
15752,1,infantry_line,276,311.20149423222364
15753,3,infantry_line,157,308.3611147163505
15754,1,artillery_horse,507,608.3031497181738
15755,3,cavalry_light,392,549.3666798307931
15757,2,cavalry_light,292,548.2423859651514
15758,3,cavalry_standard,688,666.7522259021379
15761,0,general,100,471.07915987388634
15762,0,general,470,315.06849577763745
15763,2,general,148,367.50115080487194
15764,0,general,267,248.07475281852996
15765,4,general,578,424.29081605481974
15767,0,general,737,562.0317089320125
15768,4,infantry_light,214,377.8974521583555
15769,0,infantry_line,140,312.12474520243217
15770,0,cavalry_standard,503,688.6386520755267
15771,1,cavalry_standard,439,675.4811224059217
15772,4,general,313,255.74204145845653
15773,2,general,456,448.33458324278183
15774,0,cavalry_standard,906,690.1415162363321
15775,1,cavalry_standard,811,677.1154966157844
15776,4,general,688,334.342685823009
15778,1,cavalry_standard,880,686.5941214681495
15779,2,cavalry_standard,603,639.0916173155796
15780,0,cavalry_standard,695,653.1624883410605
15781,3,cavalry_standard,810,688.9149439427335
15782,0,general,649,270.8912566481065
15783,4,general,626,415.3026051787939
15785,0,general,875,573.5881428905715
15786,2,general,212,465.71357954660806
15787,3,general,228,462.28973652135204
15788,1,infantry_line,223,301.88961865327894
15789,3,infantry_line,248,300.5561343773565
15792,4,cavalry_standard,768,668.3225455750111
15793,2,cavalry_standard,870,659.8757254097555
15794,2,cavalry_standard,934,670.4417496630876
15795,4,cavalry_standard,573,693.3161495270834
15796,1,general,764,561.6980485054378
15797,4,general,865,568.5195467365478
15798,1,general,993,749.5384755336801
15799,0,general,435,268.2323054282961
15800,1,general,26,337.83825048262054
15801,0,general,378,345.3579322655233
15802,0,infantry_line,130,297.6428522428222
15803,0,infantry_line,234,322.91377353994886
15804,1,infantry_line,87,284.8474021389894
15805,4,infantry_line,107,284.7843867225743
15806,4,artillery_foot,1136,520.3940587211663
15807,2,artillery_foot,356,448.2719186483429
15809,2,artillery_foot,917,503.86274196881385
15811,4,artillery_foot,505,490.410080109001
15812,0,artillery_foot,502,493.7783922433476
15814,2,artillery_foot,678,479.99918112985256
15815,4,artillery_foot,1413,544.9082409470308
15816,3,artillery_foot,325,451.2757179950177
15818,4,artillery_foot,483,490.410080109001
15819,3,artillery_foot,319,451.2757179950177
15820,1,artillery_foot,606,489.3510635442436
15823,3,artillery_foot,467,488.3349850770702
15824,0,artillery_foot,449,493.7783922433476
15825,0,artillery_foot,289,457.8370436203168
15826,4,artillery_horse,576,642.1019919632016
15827,4,artillery_horse,915,698.1181639753157
15828,1,artillery_horse,486,608.3031497181738
15830,3,general,323,336.0176953344928
15831,4,general,1569,835.7727387312922
15832,2,general,424,289.4752792357241
15833,3,general,336,215.97696335330676
15834,3,general,1453,401.6247932180948
15835,0,general,281,282.30135311851404
15836,0,general,583,281.41040522012054
15837,0,general,281,282.30135311851404
15838,3,general,159,158.33830932176468
15839,2,general,420,421.8739197847405
15840,2,general,466,222.79412496232356
15841,2,general,741,741.4461047246431
15842,3,general,159,158.33830932176468
15843,3,general,159,158.33830932176468
15844,1,general,574,564.7575153899911
15845,1,general,574,564.7575153899911
15846,3,general,159,158.33830932176468
15849,4,infantry_skirmishers,233,239.1315715708939
15851,3,infantry_skirmishers,185,229.8112015199657
15852,4,infantry_skirmishers,302,224.11039565599256
15855,0,general,393,478.7193525933567
15857,0,general,638,466.70770301367236
15858,1,general,806,406.03296934871884
15860,3,general,911,535.5592575445482
15862,1,general,1239,871.7143799620104
15863,4,general,622,382.78675904093603
15864,1,general,802,393.6271987556644
15865,0,general,831,633.912978455022
15866,2,general,359,383.6521154686713
15867,4,general,415,496.0083418443688
15868,3,infantry_grenadiers,711,675.818501478087
15871,1,infantry_light,1018,541.0732239049343
15872,4,infantry_light,736,517.1639119531544
15873,3,infantry_line,282,426.4709248504958
15874,2,infantry_line,522,437.23804425201337
15877,2,general,437,663.6562409333053
15879,0,general,247,499.4138547655513
15880,3,general,109,368.40742377318526
15881,0,general,184,600.8176260277119
15882,1,general,314,636.2135913894175
15883,1,general,495,656.590352234737
15884,3,general,488,509.7182485038406
15885,4,infantry_light,424,529.4638116373761
15887,1,infantry_line,308,416.48616983487483
15888,3,infantry_line,223,403.24622369907314
15890,4,infantry_line,355,414.6444048562135
15891,1,infantry_line,478,429.8254621621171
15892,0,infantry_line,613,416.9281693555339
15893,0,infantry_line,546,423.33087205059155
15895,2,general,118,480.06586417378
15896,2,general,385,392.09568119944527
15897,2,general,589,827.721243653053
15898,0,general,1066,676.942403772734
15899,0,general,871,645.6513513927713
15900,0,general,412,630.3034365821374
15903,0,infantry_light,911,547.5743507423132
15904,2,infantry_line,496,433.32920543835894
15905,4,infantry_line,512,412.9868054759968
15906,4,infantry_line,190,402.4602811143448
15907,1,infantry_line,769,430.48178761943933
15909,0,infantry_line,390,417.6225914898996
15910,0,artillery_foot,448,619.9988820307215
15911,2,artillery_foot,1071,661.393871721169
15912,3,artillery_horse,732,852.98124633447
15913,2,general,151,383.6521154686713
15914,2,general,317,286.69785386057407
15915,0,infantry_line,366,420.01417964182093
15916,0,infantry_line,258,417.6225914898996
15917,3,artillery_foot,287,625.6881081033918
15918,2,cavalry_light,1165,750.6334716130425
15919,4,cavalry_light,1011,766.8824377618089
15920,0,general,955,326.5932538635546
15921,2,general,257,395.6325737008133
15922,3,general,330,507.6510650084403
15923,4,general,477,506.4877849582996
15924,3,general,722,689.6159775582613
15925,2,general,86,476.3990196416364
15926,1,general,188,808.3177279205196
15927,3,general,652,519.1868259165956
15928,3,general,827,341.5840416852476
15930,0,general,212,359.4741860564137
15931,4,infantry_light,625,545.3262956988821
15933,1,infantry_line,688,433.70278846238693
15934,3,infantry_line,384,428.2446459630981
15935,0,infantry_line,181,406.24144714677453
15936,3,infantry_line,166,402.3398209541942
15937,3,infantry_line,372,439.2502726480087
15938,1,infantry_line,291,401.9729689302477
15939,2,infantry_line,326,406.0091352029062
15940,1,artillery_foot,897,673.2731444595075
15941,0,general,438,390.15132667139574
15942,3,general,432,397.1632853120728
15943,2,general,404,510.4499605572373
15945,2,general,597,864.5084074325033
15946,3,general,463,397.1632853120728
15947,3,general,399,512.5552704627247
15948,4,infantry_light,552,527.7731455924571
15950,3,infantry_line,295,423.9352611190718
15951,1,infantry_line,453,431.45857417975486
15952,4,infantry_line,773,435.54661456836794
15953,3,infantry_line,502,437.3330545888053
15954,2,infantry_line,564,433.32920543835894
15955,4,infantry_line,459,430.3225135104526
15956,2,general,250,392.8668886671808
15957,2,general,435,667.8939900490699
15959,4,general,321,385.47311051717827
15960,3,general,355,614.5824099828496
15961,3,general,960,652.0609555045271
15962,4,general,587,500.4777064197784
15963,4,infantry_grenadiers,669,811.848792493032
15964,3,infantry_light,369,490.5183983935616
15965,1,infantry_light,618,520.7896388046087
15966,4,infantry_line,397,437.5704109957624
15967,3,infantry_line,363,435.70837909979383
15968,0,infantry_line,423,422.6765740696922
15969,4,infantry_line,869,421.4189615692191
15970,4,infantry_skirmishers,306,307.8553360246473
15971,2,artillery_foot,317,617.676678449369
15972,1,artillery_horse,901,905.6224984806829
15973,2,general,744,281.6483016120302
15975,3,artillery_foot,528,625.6881081033918
15976,4,general,446,378.61593548115763
15977,4,general,344,624.6237745832432
15979,3,general,283,486.2729177743957
15980,0,general,314,465.7258079004749
15982,1,infantry_light,398,540.3350643357053
15984,2,infantry_line,653,424.9459236741996
15986,0,infantry_line,385,398.93495544690467
15988,1,general,336,505.3262727044802
15989,0,general,174,382.8572802664746
15990,0,general,1146,664.1943859931581
15991,0,general,736,387.4165100980889
15992,2,general,1045,840.2467597240878
15993,2,infantry_grenadiers,875,691.6732874306421
15995,3,infantry_line,392,433.3908597178119
15996,0,infantry_line,1018,440.07784922708146
15997,4,infantry_line,849,434.17704234358087
15998,4,general,583,635.1289523500449
16000,4,infantry_line,550,413.81879857499734
16001,2,infantry_skirmishers,227,316.1441823635595
16003,0,infantry_light,484,533.1624119478561
16007,1,general,232,698.0662688336012
16008,3,general,2138,522.1900341742065
16010,0,infantry_line,201,452.9863392070524
16011,4,infantry_line,270,448.40828786777905
16012,0,cavalry_heavy,2533,1759.1751486710566
16013,0,general,2720,1074.368435520035
16014,0,infantry_light,533,535.9110157736345
16015,0,infantry_light,241,481.75260584965207
16016,3,infantry_line,361,444.20013903487705
16017,3,cavalry_heavy,2290,1748.5523421193445
16018,3,cavalry_lancers,855,689.8578054134376
16021,1,general,401,403.98637455644564
16022,2,infantry_line,517,446.07246576328816
16023,1,infantry_line,530,440.4593919577371
16024,0,infantry_line,637,437.85139343922134
16025,0,infantry_line,499,432.05830042752143
16026,0,general,492,650.2791936222636
16027,4,infantry_line,446,436.2252332565602
16028,3,infantry_line,548,445.40265566362524
16029,2,infantry_line,541,439.92814891115654
16030,0,cavalry_lancers,988,730.8857011337863
16032,2,cavalry_light,485,732.550948396085
16033,0,general,559,888.0833257223649
16034,1,general,316,321.5155424634464
16035,0,cavalry_lancers,1164,740.685510195202
16036,3,cavalry_light,1094,779.2150686918205
16038,3,cavalry_light,916,760.4605917771277
16039,1,general,864,574.6394891655028
16040,0,general,273,488.747284437646
16041,2,general,1105,579.1971754501564
16042,4,general,1035,582.9924774782456
16043,1,general,740,337.157909007474
16044,4,infantry_light,473,518.536407929157
16045,3,infantry_light,578,530.8003183149168
16046,4,infantry_light,433,499.48401442533174
16047,2,infantry_line,329,424.9459236741996
16048,3,infantry_line,300,431.7035388782088
16049,1,infantry_line,432,425.11080151511334
16050,4,infantry_line,417,425.96023319413683
16051,0,artillery_horse,694,837.4981501353033
16052,3,cavalry_light,1265,822.9104667698597
16053,4,cavalry_light,1513,784.825648921445
16054,3,general,1066,370.84653942685185
16055,3,general,1621,989.5472993177576
16056,4,general,440,645.6034863317211
16057,1,general,280,644.0339765647861
16058,4,general,677,655.4622169493612
16061,3,infantry_line,411,423.19912556215013
16062,4,infantry_line,271,423.33397547499425
16064,2,general,264,387.8509218221568
16065,0,general,262,675.1198148443025
16066,2,infantry_light,431,516.110268139646
16067,3,infantry_light,460,528.7086501983581
16068,2,infantry_line,316,432.179781967983
16070,0,infantry_line,368,422.6765740696922
16071,4,infantry_line,526,427.79868276468267
16072,3,infantry_skirmishers,236,305.37756485525534
16073,1,cavalry_standard,1023,854.6505415518037
16074,2,cavalry_standard,1140,851.7788908679287
16076,1,cavalry_standard,699,860.9484044189797
16078,4,general,463,325.67360626652425
16081,2,general,315,332.31473436974744
16082,3,artillery_foot,918,716.0657356068874
16083,2,artillery_foot,521,661.393871721169
16085,1,artillery_foot,444,622.2070229744106
16086,3,artillery_horse,690,852.98124633447
16087,2,artillery_horse,1233,1022.6105447247255
16088,2,infantry_grenadiers,419,626.4887253189083
16089,1,infantry_skirmishers,184,320.71578503288066
16090,2,artillery_foot,898,661.393871721169
16091,3,artillery_foot,566,677.0703158837885
16092,1,artillery_foot,1901,712.0271963596829
16093,0,artillery_foot,1971,705.5032805860696
16094,3,artillery_foot,1133,677.0703158837885
16095,4,artillery_foot,525,625.3188316124654
16097,2,artillery_horse,1647,974.1784482112027
16098,1,general,469,469.89435645594614
16099,1,general,1407,524.4286890960012
16100,1,general,266,269.05480232601724
16101,4,general,1846,400.7265273236472
16102,1,general,469,469.89435645594614
16103,2,general,1,1.0
16104,0,general,792,372.62715881276097
16105,0,infantry_grenadiers,344,611.1048147973687
16106,1,infantry_grenadiers,507,653.8734022430075
16108,2,infantry_skirmishers,331,332.1586150100974
16109,1,infantry_skirmishers,242,329.3227133935918
16110,1,cavalry_lancers,319,513.9130814706949
16111,1,cavalry_light,803,538.695294951011
16113,4,general,382,271.6384709134775
16114,0,general,229,300.7011713387348
16115,0,general,102,456.29903142077376
16116,4,general,317,419.21617952063116
16117,2,general,149,272.12001242108244
16118,4,general,639,237.43819784022892
16120,4,general,169,313.7684478573742
16121,1,general,320,356.5908321114194
16123,0,general,443,356.2425954449211
16124,1,general,197,266.74222193376266
16125,0,general,275,276.61608865224025
16126,1,general,895,765.8428925516107
16128,1,general,292,349.2020789855963
16129,0,general,348,443.4255839003735
16130,4,general,439,265.1180506480267
16131,4,general,547,268.04603175333943
16132,4,infantry_grenadiers,338,457.7797345258262
16133,2,infantry_grenadiers,349,451.6774898963093
16135,2,infantry_grenadiers,283,456.0527825596731
16136,0,infantry_light,304,363.383954320185
16137,2,infantry_light,490,369.7803185585421
16138,4,infantry_light,264,335.34616989863093
16139,2,infantry_light,357,364.3933980836858
16140,1,infantry_light,555,362.6338427023515
16141,0,infantry_line,293,298.0908036048395
16142,4,infantry_line,258,299.20536463236346
16144,1,infantry_line,137,298.7241457386798
16145,4,infantry_line,661,296.96909904045515
16146,4,infantry_line,340,288.58459449231964
16147,4,cavalry_light,379,539.1479042744616
16149,3,general,236,448.79785705276055
16150,3,general,560,245.3462530870231
16152,1,general,287,308.6642865794758
16153,0,general,71,269.177845628452
16154,3,general,135,266.575469883909
16155,3,general,282,262.8227176815825
16156,3,general,103,280.4385363480692
16157,1,general,341,455.0197140172199
16158,4,general,380,449.34716279283015
16159,2,general,261,267.3272167928916
16160,4,general,203,346.5451647727256
16161,1,general,150,269.5626530721397
16162,0,general,661,981.9055726536993
16163,1,general,527,573.1517584881309
16164,2,general,331,270.1171050451588
16165,1,general,457,454.36205679371574
16168,2,infantry_light,266,363.2201619380995
16169,1,infantry_line,365,293.89952172775503
16170,3,infantry_line,327,298.06936104312973
16171,2,infantry_line,176,295.8340142468919
16172,3,infantry_line,236,291.78443382203216
16173,1,infantry_line,207,306.7488117577712
16174,3,infantry_line,391,287.6767990231248
16175,4,infantry_line,120,274.99444722683916
16177,4,artillery_foot,163,424.38968762625564
16178,0,cavalry_lancers,520,513.5046728289248
16180,2,cavalry_light,402,522.6741739838251
16181,2,cavalry_light,543,513.1360878491396
16182,2,cavalry_light,382,531.4243469584272
16184,0,general,584,304.4623403235831
16185,2,general,204,541.9664288846616
16186,1,general,300,443.6253773085349
16187,4,general,237,340.25716452041024
16188,3,general,247,267.0028802117356
16190,3,infantry_line,138,275.44916712413226
16192,4,infantry_line,374,299.20536463236346
16193,3,infantry_line,306,290.6010899500363
16194,1,infantry_line,352,292.0607980776996
16195,2,artillery_foot,333,452.1315351593488
16197,1,general,555,168.82314234855022
16199,2,general,1092,266.968201093534
16200,0,general,120,349.26474795897764
16201,1,general,188,404.79582952966473
16202,3,general,248,277.5981509924789
16203,1,general,496,580.180059798424
16204,4,general,106,338.15930905133433
16205,0,general,759,355.31513164716654
16206,2,general,431,271.4604440930835
16207,1,general,512,571.2158627714193
16208,1,general,398,270.3464929399469
16209,4,general,336,258.85831804872
16210,4,general,588,438.1564220419025
16211,2,general,366,444.39340534105685
16212,4,general,393,338.76380979527937
16213,4,infantry_grenadiers,209,439.66322729100307
16214,2,infantry_grenadiers,584,472.83066663576454
16215,2,infantry_grenadiers,816,492.51204671708507
16216,1,infantry_light,415,360.117835172309
16217,1,infantry_light,175,355.1566663752773
16218,1,infantry_light,512,366.4095478803195
16219,4,infantry_light,550,363.78914803561844
16220,2,infantry_light,451,356.53828654842175
16222,4,infantry_line,348,303.07566976411624
16223,1,infantry_line,444,288.2326433501983
16224,1,infantry_line,363,288.7227754382156
16225,0,infantry_skirmishers,129,217.23867152659767
16227,3,cavalry_heavy,1471,1242.1905072875652
16228,3,general,176,466.127560462393
16229,4,general,183,352.1634532760859
16230,4,general,1395,461.23317830983143
16231,3,general,200,275.3861224647991
16232,3,general,86,276.8689099188254
16233,0,general,368,358.06651459842544
16234,3,general,378,455.10920997829004
16235,4,general,616,354.215910087758
16236,2,general,135,446.6461565395936
16238,4,general,699,569.7607983029712
16239,0,general,338,341.6193070966701
16240,0,general,265,334.06584083331177
16241,3,general,695,1274.112333376273
16242,2,general,413,444.39340534105685
16244,3,infantry_light,250,368.5152760132839
16245,4,infantry_light,834,357.6085932639701
16246,0,infantry_light,603,354.3015315949779
16247,1,infantry_line,297,301.2255028453143
16248,1,infantry_line,423,303.2461840899274
16251,1,infantry_line,425,292.0607980776996
16252,3,infantry_line,334,282.24229368698076
16253,2,infantry_line,402,290.92297029883497
16254,1,infantry_line,178,290.41164278380114
16255,1,artillery_foot,303,461.0689902436909
16256,3,cavalry_heavy,1237,1226.571987316109
16260,1,general,260,448.9533717294402
16261,3,general,194,571.6221541793664
16262,2,general,129,354.8307261634202
16263,1,general,204,287.9732296619339
16264,2,general,76,261.2739844566172
16265,1,general,159,266.74222193376266
16267,4,general,1009,573.9743518804901
16268,4,general,394,446.36672162574126
16269,4,general,315,342.3064020445555
16270,3,general,441,255.85759761692464
16271,0,general,566,428.67804292296665
16272,3,general,409,335.2124867435753
16273,0,general,269,331.5841489492593
16275,1,infantry_grenadiers,881,484.5344687338717
16276,2,infantry_grenadiers,559,462.65007233402883
16277,2,infantry_grenadiers,472,466.5492530783907
16278,4,infantry_line,177,284.6846708436705
16279,4,infantry_line,195,300.5168619771998
16280,4,infantry_line,262,292.77251865465166
16281,3,infantry_line,194,304.2453551381
16282,2,infantry_line,374,293.8367274203211
16283,3,artillery_foot,205,459.45086207942666
16284,2,cavalry_heavy,1149,1206.2619647492338
16285,1,general,128,261.7586471761204
16286,3,general,955,269.50969425493065
16287,2,cavalry_heavy,1179,1182.92535645012
16288,4,general,979,258.85831804872
16289,3,cavalry_heavy,1462,1224.7848909910185
16290,0,cavalry_lancers,286,484.5145225689366
16292,1,general,1463,588.6049793262171
16293,3,artillery_horse,1918,691.8359823794535
16294,1,cavalry_light,679,510.68950927615384
16296,3,general,279,301.74421325511815
16297,3,general,557,298.74654173016563
16298,0,general,302,454.41984675735426
16299,4,general,564,335.0726578791718
16300,3,general,166,273.0980382540393
16301,2,general,266,457.7088863136181
16302,1,general,181,346.5886871822896
16303,4,general,121,254.75349668293495
16304,2,general,181,261.8715010083416
16305,1,general,376,723.1131168186137
16306,4,general,489,269.6654355155778
16307,2,general,197,318.2372511590114
16309,4,infantry_grenadiers,271,440.88232545772985
16310,0,infantry_light,294,367.57728747055614
16311,2,infantry_light,603,367.58290181805853
16312,4,infantry_line,245,293.25033727959243
16313,4,infantry_line,274,297.8713678961316
16314,2,infantry_line,288,284.384707613863
16315,1,infantry_line,289,286.99198626048604
16316,4,infantry_line,226,282.24225478165187
16317,1,cavalry_heavy,887,994.419233334286
16318,0,cavalry_lancers,957,568.8704091510856
16319,0,cavalry_light,459,514.2120102792893
16320,3,cavalry_light,258,498.0460626850501
16321,4,general,49,254.00206347935506
16322,0,general,151,432.6724874512746
16323,4,general,214,559.2432040635164
16324,1,general,205,375.0711952156783
16325,3,general,893,429.89448994161273
16326,4,general,456,491.98383686427707
16328,1,general,634,214.4064208948618
16329,0,general,243,360.72859161572364
16330,0,general,96,257.68868928839976
16331,0,general,81,260.488914859169
16332,1,general,245,338.5101861759175
16334,1,general,531,353.22225316409583
16335,4,general,695,598.8221526092657
16336,1,general,56,247.6414818756565
16337,1,general,469,267.15274842745725
16339,0,infantry_light,294,377.232777992418
16340,0,infantry_light,183,352.17261341209183
16341,4,infantry_light,176,342.48610468419366
16342,3,infantry_light,165,335.16768972298155
16344,4,infantry_line,151,281.40973941107717
16345,4,infantry_line,579,293.25033727959243
16346,1,infantry_line,586,299.9856184807522
16347,2,infantry_line,314,289.84654750318464
16348,2,artillery_foot,403,452.1315351593488
16349,1,cavalry_lancers,457,506.81836691711374
16350,4,cavalry_lancers,320,510.4227862975037
16351,2,cavalry_light,810,562.8765803496351
16353,2,cavalry_light,407,570.0322796886253
16354,3,cavalry_light,450,531.7568488683048
16355,2,general,284,255.79024715681814
16357,2,general,184,441.07420767308275
16358,0,general,14,318.528363880538
16361,0,general,76,328.36339260547
16362,3,general,327,441.7115075693095
16363,2,general,80,256.2331029536609
16364,3,general,119,426.3850772624983
16365,2,general,415,231.72956350909226
16366,1,general,688,324.1298988745223
16367,0,general,185,380.1370510019192
16368,2,general,489,343.7604063350472
16371,0,general,437,760.5610587455403
16372,3,infantry_grenadiers,330,479.1687650808403
16373,3,infantry_light,195,351.6162453634229
16374,4,infantry_light,543,345.85148196642035
16375,0,infantry_light,544,359.2511104504683
16376,2,infantry_light,476,357.31171585327974
16378,2,infantry_line,279,297.7669648404973
16379,0,infantry_line,150,281.27201279653235
16380,2,infantry_line,182,283.1790612185712
16381,3,infantry_line,96,268.54765586094624
16383,0,infantry_skirmishers,230,227.4368610408764
16384,0,artillery_foot,531,492.32299752010465
16386,0,artillery_horse,584,584.4332847745752
16387,1,general,763,236.99713669630822
16389,4,cavalry_heavy,1122,1195.1293042018074
16390,1,general,115,259.3264269704403
16392,0,general,1122,563.3532753532418
16393,1,general,514,571.2158627714193
16394,3,general,518,363.42335027975787
16395,0,general,662,456.9179865714329
16396,4,general,506,269.26408771428646
16397,2,general,616,467.84528762418
16398,4,general,820,455.7880729522202
16399,4,infantry_grenadiers,768,497.7158641030854
16400,3,infantry_grenadiers,447,481.2413772663921
16401,3,infantry_light,220,350.99175950258194
16403,1,infantry_line,619,299.1470874431442
16406,1,general,1033,336.43526560897357
16407,0,general,271,306.2693527957463
16408,2,general,360,431.8167414556687
16409,1,general,615,460.7685789071984
16413,2,general,476,265.8766368695069
16414,3,general,434,343.05842110530716
16415,3,infantry_grenadiers,593,487.636633278317
16416,4,infantry_light,494,350.9874002665433
16417,3,infantry_line,568,301.83742097278434
16418,0,infantry_line,368,283.48841526301794
16419,0,infantry_line,358,289.71882460549836
16421,4,cavalry_heavy,1156,1190.4865695584588
16422,3,cavalry_heavy,880,1020.1706433314741
16423,0,cavalry_lancers,542,506.46050965981067
16424,0,cavalry_lancers,267,480.01920047797717
16425,3,cavalry_light,440,507.37203805526576
16427,2,cavalry_standard,1102,603.4934755992477
16428,1,general,735,291.321543285319
16429,0,general,915,434.9940084771119
16430,3,general,119,277.47435058149284
16431,2,general,907,240.91649172824978
16432,4,general,302,222.72262755524528
16433,3,general,1307,953.6896899818597
16434,4,general,529,488.1684908366609
16435,1,general,683,590.3165370807042
16436,2,general,470,270.45603316657946
16437,0,infantry_line,581,301.50425011945623
16438,2,cavalry_heavy,1549,1175.8207258892578
16439,1,cavalry_light,613,522.327843208319
16440,1,cavalry_light,320,523.9056396789584
16441,1,general,553,393.5229723686435
16442,3,general,1313,261.6755619662991
16444,0,general,399,444.1265554836214
16445,0,infantry_line,383,294.2666536237142
16446,1,artillery_foot,560,461.0689902436909
16447,3,artillery_horse,1518,626.3551502583389
16448,4,cavalry_heavy,1132,1185.7731049626016
16449,1,general,1363,236.99713669630822
16450,0,general,1059,432.6724874512746
16451,3,cavalry_heavy,1223,1147.1395129041164
16452,2,cavalry_lancers,245,483.5882355409294
16454,3,general,1144,428.1546601098345
16457,4,cavalry_light,358,494.41761871847615
16458,2,general,292,380.76092679572525
16459,3,general,177,416.0645818353173
16460,3,general,243,294.54536709953084
16461,2,general,124,323.06275809662395
16462,3,general,596,576.5895524122658
16464,2,infantry_line,195,274.79261130691117
16465,1,infantry_line,524,288.7227754382156
16466,2,infantry_line,453,288.7500513649122
16467,1,cavalry_light,365,493.8987039168805
16468,0,cavalry_light,413,514.2120102792893
16471,4,general,257,282.38737843638114
16473,4,general,223,287.08874707544277
16474,3,general,205,377.8694197946983
16475,2,general,357,498.28460767390226
16476,4,general,666,568.6884414738308
16477,3,general,923,1000.0538010076722
16478,2,general,673,456.0028750452304
16479,0,general,231,261.6178966349341
16480,2,infantry_grenadiers,588,471.02574269944586
16481,3,infantry_line,339,285.91246489718327
16482,4,infantry_line,624,296.51398016038013
16483,3,cavalry_light,812,545.7592798556508
16484,1,cavalry_light,359,508.9341094236617
16485,3,cavalry_light,557,537.5398590979119
16486,4,cavalry_light,340,511.0445491256556
16487,2,cavalry_light,696,551.8054252170908
16488,0,general,816,533.6312820888257
16489,2,general,388,660.4081621223374
16490,3,general,262,297.71907302219245
16491,3,general,688,319.12297284457156
16492,0,general,637,412.7658914313042
16493,0,general,452,314.67017213476623
16494,0,general,380,349.26474795897764
16495,1,general,460,451.35274150586616
16496,1,infantry_line,446,295.4702274494276
16497,1,cavalry_standard,879,656.7250726740659
16498,4,cavalry_standard,539,643.3091415796189
16500,1,general,284,353.22225316409583
16502,4,infantry_line,342,299.20536463236346
16503,0,infantry_line,226,295.41396844762215
16504,1,infantry_skirmishers,116,222.23728791805888
16505,4,cavalry_standard,539,658.0736683150919
16507,1,general,550,552.435029807925
16508,0,general,449,421.92764034482525
16509,3,artillery_horse,974,626.3551502583389
16510,4,artillery_horse,325,604.1355215819544
16511,0,cavalry_lancers,369,498.96074194247575
16512,0,cavalry_lancers,558,506.46050965981067
16513,3,cavalry_lancers,541,505.7258210980869
16514,2,cavalry_light,436,545.8316760394316
16515,3,cavalry_light,411,544.4246559779533
16516,1,general,493,377.9438984981821
16517,3,general,285,245.3462530870231
16518,3,general,534,504.6655780330237
16519,0,general,229,224.5324340523909
16520,1,general,391,405.85424734016675
16521,4,cavalry_heavy,2274,1313.2971402962469
16523,3,cavalry_lancers,642,502.28324788515044
16524,1,cavalry_lancers,314,506.81836691711374
16525,4,cavalry_lancers,661,495.57557761504523
16526,4,cavalry_lancers,706,506.8656639767324
16527,0,cavalry_light,337,517.7094172592762
16528,3,cavalry_light,688,533.2270666431177
16529,1,cavalry_light,696,546.8212229164031
16531,3,cavalry_light,344,549.6841157749097
16532,2,cavalry_standard,1478,698.6459838621604
16533,0,general,356,246.38293982439376
16534,2,general,416,710.0648050299087
16537,1,general,241,295.5518861201693
16538,0,general,693,521.8918655020071
16539,0,general,267,383.6084937046346
16540,0,general,198,234.0679050549618
16541,0,general,488,231.07720587133392
16544,2,general,751,668.4155768148595
16545,4,general,1394,473.2567648736686
16546,3,infantry_line,131,288.41943318511494
16547,3,infantry_line,225,291.78443382203216
16548,1,artillery_horse,1206,655.8841202056584
16549,1,cavalry_lancers,434,503.1109756762134
16550,3,cavalry_light,595,525.7012720797366
16551,3,cavalry_light,753,554.7432486251688
16552,4,cavalry_light,278,489.904672655757
16553,0,cavalry_light,649,553.296348466774
16554,1,cavalry_light,344,531.5133862395445
16555,1,cavalry_light,357,516.6443357653691
16556,1,cavalry_light,1324,562.886493857109
16557,0,cavalry_light,716,481.6123760952385
16558,2,general,536,404.66476851341497
16559,4,general,1232,422.9935957133131
16561,4,general,470,269.101506772626
16562,4,general,310,386.23941495719373
16564,0,general,593,412.7658914313042
16565,3,cavalry_lancers,1027,535.7471524362616
16566,4,general,844,239.36701469050738
16568,4,infantry_light,282,356.14496469859205
16569,0,cavalry_heavy,1062,1086.7429504659863
16570,1,cavalry_lancers,999,564.5263193153415
16571,3,general,996,554.3976943102878
16572,1,artillery_foot,1491,527.6276999932008
16573,2,artillery_foot,1428,508.20099488469447
16574,4,artillery_foot,810,489.6239850190017
16575,0,artillery_foot,672,492.32299752010465
16576,3,cavalry_heavy,848,1050.6821313025912
16577,2,cavalry_heavy,1224,1160.9417657306813
16579,4,general,1069,329.8939864923032
16580,4,general,1706,502.79378672096055
16581,2,general,1661,738.787810803805
16582,2,general,1506,398.21190821092887
16583,1,general,713,300.02942436237015
16586,0,artillery_horse,973,630.3127537421533
16588,1,cavalry_heavy,794,1140.6575563976655
16589,3,general,1377,252.45302787730472
16590,3,general,630,247.71644102813892
16592,3,general,902,544.8817548596189
16593,3,artillery_foot,714,459.45086207942666
16594,3,artillery_foot,720,459.45086207942666
16596,1,artillery_horse,415,573.1462336492028
16597,1,general,569,201.76521797716362
16598,4,artillery_horse,788,604.1355215819544
16600,3,general,433,558.9129913926768
16601,2,general,144,243.816732912993
16602,3,infantry_grenadiers,263,441.24779261802854
16603,1,infantry_skirmishers,189,225.525839220263
16604,0,artillery_foot,296,432.6552639229582
16605,4,artillery_foot,610,461.4129114128003
16606,4,artillery_foot,307,424.38968762625564
16608,0,artillery_foot,522,466.6197800994609
16609,0,artillery_foot,614,492.32299752010465
16610,4,artillery_foot,743,461.4129114128003
16612,3,artillery_foot,607,459.45086207942666
16613,0,artillery_foot,710,492.32299752010465
16616,1,artillery_foot,383,461.0689902436909
16617,3,artillery_foot,233,459.45086207942666
16618,2,artillery_horse,733,665.9523411710283
16619,0,artillery_horse,1103,630.3127537421533
16621,4,artillery_horse,649,604.1355215819544
16622,1,artillery_horse,1126,620.1858106959884
16623,3,artillery_horse,974,626.3551502583389
16624,4,artillery_horse,912,656.8395463617164
16625,2,general,631,220.29253791555365
16626,1,general,255,253.95389868215008
16627,2,general,55,55.821556390119525
16628,3,general,548,469.4546749073554
16629,2,general,513,272.6690118167562
16630,3,general,348,342.10486768773853
16631,1,general,2221,504.16440908647706
16632,2,general,55,55.821556390119525
16635,3,general,145,143.45012393362305
16636,2,general,1,1.0
16638,2,general,895,371.8906680260355
16639,0,general,674,671.2355129960489
16641,1,general,522,512.6721783417831
16642,0,general,674,671.2355129960489
16643,2,general,534,562.0286791887474
16644,1,general,255,253.95389868215008
16645,0,infantry_grenadiers,166,432.96368395595294
16646,1,infantry_grenadiers,499,470.4870578955404
16647,1,infantry_skirmishers,208,227.09836536378643
16649,3,infantry_skirmishers,196,219.41960747958808
16650,3,infantry_skirmishers,197,220.1905229213236
16651,1,cavalry_light,597,704.8933354649824
16653,2,general,205,354.2821952183194
16654,2,general,239,465.4730413214807
16655,2,general,648,705.1741404587857
16656,1,general,73,342.36994992964384
16657,4,general,344,603.34042390809
16659,3,general,578,500.58308560583384
16660,3,general,879,599.2662655474139
16661,2,general,688,638.2311538681118
16662,1,general,382,337.5405792462455
16663,1,general,192,340.7914862092078
16664,0,infantry_grenadiers,807,637.5574398733991
16665,1,infantry_light,299,461.88597834378277
16666,2,infantry_light,291,480.1162779176602
16667,2,infantry_light,607,511.30777050739556
16669,2,infantry_line,303,395.92478338045896
16670,3,infantry_line,177,380.0499640057293
16671,3,infantry_line,329,394.7937465410572
16672,4,infantry_line,307,389.92688100482616
16673,0,general,237,435.6572876275003
16674,4,general,374,362.15356052789656
16675,1,general,428,470.3796855254151
16676,4,general,204,589.7929660644616
16678,1,general,732,363.5526086538121
16679,2,general,535,602.0726793716203
16680,0,general,804,466.4640552772057
16681,1,general,343,350.9780714528362
16682,4,infantry_light,290,454.95396299917365
16683,3,infantry_light,537,478.29408068449465
16684,1,infantry_line,219,383.5497748705242
16685,2,infantry_line,480,400.7954113765721
16686,3,infantry_line,123,358.5835990976719
16687,3,infantry_line,457,389.61096906672543
16689,1,infantry_line,845,400.56627342920467
16690,0,infantry_skirmishers,249,285.30554857973664
16692,4,cavalry_standard,662,834.9962744114587
16693,0,general,521,319.09264997224795
16694,2,artillery_foot,671,600.4103432571941
16695,1,general,533,267.5811393706734
16696,1,general,476,352.3771888394363
16697,2,general,148,355.94267289774666
16698,0,general,112,357.4995069984997
16699,0,general,409,358.4595632035148
16700,4,general,284,349.2876225996967
16704,3,infantry_line,178,383.45915829934853
16705,2,infantry_line,247,393.3742783306241
16706,1,infantry_line,211,396.7290264396058
16707,4,infantry_line,433,385.97410069609015
16708,4,infantry_line,395,386.97693045822217
16709,3,infantry_line,509,400.8304633731648
16710,1,general,343,792.7692382566362
16711,3,general,477,354.50662775175994
16712,0,general,85,342.12089419317306
16713,2,general,427,457.46784551281155
16714,0,general,681,447.46121731104756
16716,0,general,695,574.2356673027066
16717,2,general,415,473.3967931047249
16719,1,infantry_grenadiers,659,639.8239318899333
16720,3,infantry_light,587,476.3543392048815
16721,4,infantry_light,490,471.9049158154351
16722,2,infantry_line,189,382.8569298183989
16723,3,infantry_line,282,403.0344201210364
16725,1,infantry_line,469,401.63518266648373
16728,2,artillery_foot,364,560.7240743925374
16729,3,general,403,799.9533686290641
16730,2,general,125,363.08413322027445
16731,2,general,170,260.263005460833
16733,3,general,223,619.913069725809
16734,0,general,964,575.1920957405683
16735,4,general,735,447.3678639311354
16736,4,infantry_grenadiers,784,637.0303123566013
16738,0,infantry_line,233,399.0522666286084
16739,3,infantry_line,310,400.8304633731648
16740,1,artillery_horse,651,760.1068398380831
16741,4,cavalry_lancers,1645,761.8473428414813
16742,1,cavalry_light,1281,748.0387101016988
16743,4,cavalry_light,1323,702.0389444745175
16744,4,cavalry_light,860,713.3612476493303
16745,4,general,459,734.8153161152375
16746,1,general,741,405.8773766112738
16747,4,general,266,302.7508242698728
16748,4,general,476,817.5575246710551
16749,0,general,287,490.565897215106
16751,2,general,1573,579.2672297139528
16752,2,general,438,618.5616744607473
16754,2,infantry_grenadiers,443,565.5871234126331
16755,4,infantry_light,312,518.8277673883865
16756,4,infantry_light,408,447.7330399161867
16757,0,infantry_line,401,405.0503323183848
16758,2,infantry_line,434,404.9425519918172
16759,4,infantry_skirmishers,121,276.2918951687503
16760,4,general,383,474.942576559647
16761,3,general,120,456.52749093102926
16762,1,general,329,364.52274709881965
16763,1,general,427,809.1859723107294
16764,1,general,593,350.41189915947314
16765,0,general,408,353.54228048664237
16766,0,infantry_grenadiers,719,636.5720344301448
16767,3,infantry_light,524,485.02023299996046
16768,0,infantry_line,439,400.588843395461
16769,0,infantry_line,305,405.0503323183848
16770,1,infantry_line,195,382.2542848797473
16771,3,infantry_line,327,411.3852891604649
16772,4,artillery_horse,817,806.6036170355075
16773,1,cavalry_heavy,1848,1467.4759240610133
16774,4,cavalry_light,782,698.5011030666544
16775,3,general,1846,700.9205183568859
16777,0,general,796,379.009352426368
16778,0,artillery_foot,860,610.2043417871153
16779,4,artillery_foot,483,616.0493961982021
16780,4,general,209,359.50441470382367
16781,4,general,756,342.1875933805545
16783,1,infantry_line,224,360.2066233016655
16784,4,infantry_line,309,398.29614875218385
16785,0,infantry_line,182,359.29324424784096
16786,4,cavalry_light,607,721.9456296935568
16787,1,cavalry_light,1143,696.870641649833
16789,0,general,289,468.8360052384535
16790,4,general,1051,699.013059692324
16792,3,general,1075,532.5744403657001
16793,2,general,918,323.7776552094387
16794,1,general,265,354.8391153922018
16795,1,infantry_line,348,402.69244152761655
16796,2,infantry_line,511,396.9227043959218
16798,3,infantry_skirmishers,324,300.832278510863
16801,3,cavalry_standard,909,916.2408258287937
16802,2,general,102,461.2477812478464
16803,2,general,98,358.70336649409865
16805,4,general,177,598.4596453291205
16806,4,general,1059,1026.7417760731503
16807,0,general,1160,402.8158590943809
16810,4,infantry_line,196,389.92688100482616
16811,0,infantry_line,159,406.0132228917501
16812,2,infantry_line,194,396.4252916927362
16813,0,infantry_line,139,389.24301392105804
16814,2,infantry_line,254,389.6606835048273
16815,0,infantry_skirmishers,130,282.8424338829727
16816,1,general,168,354.8391153922018
16817,0,general,138,348.8461310033091
16819,1,infantry_line,269,390.96565046220655
16820,2,artillery_foot,241,560.7240743925374
16823,0,cavalry_light,653,681.4574567558891
16825,0,general,179,363.09889887054413
16826,4,general,544,392.03508858919605
16827,4,general,493,401.5846079968227
16828,0,general,215,425.9005523599404
16829,4,general,299,581.1626605737404
16830,3,general,274,369.69471909428637
16831,2,general,653,268.39034254715716
16832,3,general,349,455.3520052610487
16833,0,general,567,459.01366506082667
16834,4,infantry_light,283,443.6909426762352
16835,2,infantry_line,374,402.66461454111027
16836,3,infantry_line,269,406.2496621108464
16837,4,infantry_line,290,378.6570161624871
16838,1,infantry_line,622,393.8909790728928
16839,1,infantry_line,410,381.27059984747194
16840,0,artillery_foot,187,565.7885323390391
16841,1,cavalry_heavy,1580,1562.4278802798722
16842,0,cavalry_light,949,670.1025864701775
16843,0,general,812,386.67831260972565
16844,3,general,124,451.74814530987453
16845,3,general,109,451.74814530987453
16846,1,general,628,712.1917865539062
16847,4,general,1412,436.8337485169168
16848,2,general,447,609.3043442519855
16850,3,infantry_line,194,381.0860212604829
16851,0,infantry_line,179,378.21853100581336
16853,1,infantry_line,418,397.2866676206061
16854,1,infantry_skirmishers,488,324.0204217783991
16855,2,general,449,473.3967931047249
16856,0,general,378,361.73421166969825
16857,0,general,325,438.44594028524995
16858,4,general,457,751.9576802679359
16859,3,infantry_light,487,496.76273963771837
16860,1,infantry_light,387,461.88597834378277
16862,4,general,195,345.6112878300617
16863,3,infantry_line,298,385.11778503395755
16865,1,general,142,458.9397753528288
16866,0,general,40,357.01522717647913
16867,3,general,201,604.0080905575478
16869,1,infantry_line,208,389.76970199744534
16870,1,cavalry_light,409,638.2127352190533
16871,4,artillery_foot,860,653.715041071445
16872,4,artillery_foot,413,566.6183246029675
16874,0,artillery_horse,1134,824.2676273502
16875,2,general,87,87.41359938435802
16878,2,general,1,1.0
16879,2,infantry_skirmishers,159,286.99424831032087
16880,0,infantry_skirmishers,219,298.4224861737878
16881,4,infantry_skirmishers,181,272.1002493734561
16882,3,cavalry_light,869,633.5239530445092
16883,1,cavalry_light,986,584.6906053728233
16885,0,cavalry_standard,644,752.7853433227602
16886,3,general,96,378.2000043211163
16888,4,general,807,257.80421977738257
16889,0,general,509,288.9248652162684
16890,3,general,903,298.5630392136936
16892,1,general,76,358.2125882224159
16893,3,general,111,476.3738765331573
16895,0,general,750,366.88055173307487
16896,3,general,207,475.27778478218295
16897,2,general,970,387.927311764108
16898,3,general,1215,502.2135223923627
16899,3,general,1000,298.3031304849981
16900,3,general,399,302.5995898082
16901,2,general,600,659.6038783199765
16903,0,general,554,541.4061746146633
16904,3,infantry_grenadiers,1139,544.8013674261983
16905,1,infantry_grenadiers,1023,550.1715615009144
16907,3,infantry_line,164,319.0422282499213
16908,2,infantry_line,174,311.67039373512824
16909,2,infantry_line,150,309.7173571117424
16910,4,infantry_line,259,322.44132398458333
16911,2,infantry_line,147,313.5649047994317
16912,0,infantry_line,499,358.72158799779
16914,1,infantry_line,508,329.9987872621563
16916,0,cavalry_heavy,1024,1254.1586803384698
16917,0,cavalry_heavy,1507,1336.2902972618533
16919,3,general,76,483.76872408550804
16920,1,general,1072,465.86310738944
16922,4,general,212,290.1989342705237
16924,0,general,1499,631.2588739345422
16925,3,general,1561,896.921812563297
16926,4,general,191,367.98431966119654
16927,4,general,859,652.5637831771434
16928,3,general,527,496.83534046451507
16932,2,general,1110,406.16165055454104
16933,4,general,271,486.07937230786865
16934,4,general,847,269.202149203451
16936,4,infantry_light,396,392.0731648816784
16938,2,infantry_light,732,403.2020992457933
16939,3,infantry_line,316,323.6095488830893
16940,0,infantry_line,140,308.08229971617635
16942,1,infantry_line,117,313.37473324552406
16943,0,infantry_line,543,328.29457451128076
16944,2,infantry_line,225,318.3580650680197
16946,2,infantry_line,287,321.7327443133948
16947,4,infantry_line,501,320.88728869040324
16948,1,cavalry_heavy,1790,1335.446098461654
16949,2,cavalry_heavy,1396,1296.3876868299178
16952,4,cavalry_lancers,446,617.371231498284
16955,0,general,196,378.6968604165981
16956,0,general,472,602.5255685961787
16958,0,general,1720,290.5532348596609
16961,3,general,465,469.6341930485028
16962,2,general,1386,631.8488452123247
16963,0,general,320,491.72804880057464
16964,2,general,213,295.42187747615134
16965,1,general,220,287.93511697185545
16966,3,general,92,481.70350589545535
16968,1,general,318,308.1933473221099
16969,4,general,317,296.14318642615956
16971,1,infantry_light,326,397.69461952328567
16972,0,infantry_light,304,396.0231375952109
16973,3,infantry_light,325,390.8892912997302
16974,3,infantry_light,345,390.8892912997302
16977,2,infantry_line,136,316.60233362452607
16978,2,infantry_line,424,340.68406029175344
16980,4,infantry_line,185,316.042845185559
16981,4,cavalry_heavy,1003,1248.5353336763192
16982,1,cavalry_heavy,1396,1358.4681918620581
16984,2,cavalry_light,412,602.7426817236288
16985,4,cavalry_light,2014,687.3960020829696
16986,0,general,180,300.5040972670047
16987,4,general,613,282.19708676591847
16988,1,general,1901,505.7212552002195
16989,2,general,177,295.42187747615134
16992,3,general,285,267.7497584781222
16993,0,general,193,302.7806025565351
16994,1,general,1239,379.99027518065907
16995,2,general,287,516.5464875207664
16996,2,general,220,391.2691129793088
16998,2,general,132,379.2089535527114
16999,2,general,97,284.2878133562664
17000,4,general,214,476.61588916086595
17001,4,general,235,371.981096931533
17002,4,infantry_line,393,347.8520165750211
17003,4,infantry_line,435,326.6456810894575
17004,1,infantry_line,278,330.53197740392784
17005,1,infantry_line,273,336.66844906013296
17006,4,infantry_line,294,332.8593721263703
17007,2,infantry_line,283,326.4890014708736
17010,4,infantry_line,203,307.64079553828316
17011,1,infantry_line,232,312.03768943620724
17013,3,cavalry_standard,1478,747.010828504487
17014,4,general,1473,640.3215037798883
17016,3,cavalry_lancers,1201,598.0821629893157
17017,1,cavalry_lancers,995,587.3414079525235
17018,3,general,1055,354.50210196339515
17020,1,general,97,368.20377650584993
17022,1,general,363,378.94807901333263
17023,2,general,374,509.0801570901378
17024,4,general,367,299.6994763192728
17025,2,general,876,513.2189503717974
17027,4,general,46,272.85759794916635
17029,1,infantry_light,285,371.4165829243294
17030,2,infantry_light,296,377.38210994434894
17031,2,infantry_light,815,411.1564214726128
17032,2,infantry_line,150,309.7173571117424
17033,1,infantry_line,346,331.0616299825373
17034,0,infantry_line,171,315.5697545048016
17035,4,infantry_line,293,333.94247208787795
17036,0,infantry_line,480,334.5552720311673
17037,2,cavalry_heavy,1712,1333.618494532689
17038,1,cavalry_heavy,886,1261.0850300466707
17039,2,cavalry_standard,1129,692.7237139398177
17041,2,general,795,464.6594138081433
17043,2,general,720,276.53748324889546
17046,3,general,96,391.6699809928437
17047,3,general,1470,297.5177314765229
17049,2,general,583,675.3366126669958
17050,1,general,395,384.70370387931786
17051,2,general,305,298.1280894397103
17052,2,general,266,378.2484079668087
17053,2,general,255,297.46284572495233
17054,1,general,984,649.6885464989987
17055,1,general,864,303.9780278001043
17057,0,infantry_grenadiers,999,556.2004283027197
17059,1,infantry_line,168,329.19225195136755
17062,3,infantry_line,411,327.92475854520717
17063,3,infantry_line,458,327.92475854520717
17064,0,infantry_line,335,320.5649144641805
17065,1,infantry_line,493,339.0941989657525
17067,0,infantry_line,359,328.29457451128076
17068,3,infantry_line,291,326.5124509536084
17070,0,cavalry_heavy,844,1174.33683608474
17071,4,cavalry_standard,549,688.1451823120211
17072,3,cavalry_standard,1106,693.5201260352126
17073,1,general,918,270.43670762723576
17074,1,general,448,343.8356745090475
17075,4,general,760,425.62138225378453
17076,0,general,503,384.8318809128358
17077,3,general,556,298.82201516085695
17078,4,general,867,257.80421977738257
17080,2,infantry_light,560,403.79645084234636
17081,0,artillery_horse,550,658.3602143546971
17082,3,cavalry_heavy,1110,1255.157956685284
17084,1,cavalry_standard,1015,696.966366738173
17085,2,cavalry_standard,701,664.4131726181831
17087,0,general,227,393.4444192744838
17089,0,general,96,286.68940468662237
17090,2,general,63,372.9111084568451
17091,2,general,880,354.1437816155728
17092,0,general,323,634.0599417082075
17093,1,general,1039,463.57424829745315
17094,1,infantry_line,285,334.926343263278
17095,3,infantry_line,286,323.6095488830893
17096,3,infantry_line,201,315.8400160371379
17097,1,infantry_line,140,312.70917002712673
17099,3,cavalry_heavy,1249,1309.5652157723894
17100,3,cavalry_light,409,582.8621323662492
17101,4,cavalry_light,381,597.813739302181
17103,2,cavalry_standard,801,679.2945916472221
17104,4,cavalry_standard,811,729.6294844381905
17105,4,general,650,277.00921620803393
17106,2,general,940,382.6319797285815
17108,1,general,912,343.8356745090475
17109,2,general,341,454.15749568546715
17111,1,general,800,580.4573360320607
17113,3,general,195,366.29603665173744
17114,4,general,296,296.6613523882411
17115,1,infantry_light,291,391.01950074474263
17116,2,infantry_line,435,338.15811990198284
17117,4,infantry_line,403,328.67210890079275
17119,4,cavalry_light,314,583.2209404906356
17120,3,general,271,437.67168707566435
17121,4,cavalry_light,591,569.4879095904473
17122,2,cavalry_light,412,602.7426817236288
17123,0,cavalry_light,478,597.8932580120269
17125,3,cavalry_light,1072,606.2641311914824
17126,0,cavalry_light,537,590.7441934649337
17127,3,general,440,584.8910481827135
17128,0,general,521,268.40189011438565
17131,1,general,433,446.0727270671788
17132,0,general,468,328.25720412326547
17134,0,general,581,391.44029215592604
17135,0,general,692,506.0611579122094
17136,0,infantry_light,514,414.64758773253646
17137,0,infantry_line,640,335.30290325830254
17138,1,cavalry_lancers,725,599.1180694521165
17139,2,cavalry_lancers,314,577.6079889268087
17140,2,cavalry_lancers,376,581.2277494550084
17141,3,cavalry_lancers,941,596.4331262433736
17142,0,cavalry_standard,532,724.8426142247665
17143,2,cavalry_standard,899,679.2945916472221
17145,0,general,250,259.4341846909163
17146,0,general,272,430.62950230144816
17147,2,general,434,364.8956984407477
17148,1,general,612,346.9135221475218
17151,1,general,239,377.89387836718794
17152,2,infantry_light,227,395.70895533886267
17153,3,infantry_line,305,322.1167312909324
17154,1,artillery_foot,811,522.6386165111762
17156,2,general,652,238.02278675641182
17157,2,general,228,288.82003761318026
17158,0,artillery_foot,805,525.6440836817086
17159,4,artillery_foot,771,524.5902610314033
17160,1,artillery_foot,363,482.9977555869101
17161,3,artillery_foot,670,522.382668001717
17162,1,artillery_foot,946,552.7220443680374
17163,1,artillery_foot,600,522.6386165111762
17164,1,artillery_foot,393,482.9977555869101
17165,1,artillery_foot,530,522.6386165111762
17166,3,artillery_foot,1137,552.4689543399525
17167,4,artillery_foot,736,524.5902610314033
17169,0,artillery_foot,1199,554.5985874232049
17170,1,artillery_foot,407,482.9977555869101
17171,1,artillery_foot,326,482.9977555869101
17172,1,artillery_foot,716,522.6386165111762
17175,2,artillery_foot,496,512.8085974109235
17176,2,artillery_foot,1030,512.8085974109235
17177,1,artillery_horse,1196,703.0033702997421
17178,0,artillery_horse,512,658.3602143546971
17179,4,artillery_horse,1120,746.7750046841935
17181,2,artillery_horse,1050,755.324633346081
17182,1,artillery_horse,102,567.7267410654724
17183,2,artillery_horse,519,705.3987504632971
17184,3,artillery_horse,526,658.1039055507929
17185,1,artillery_horse,1076,703.0033702997421
17187,1,general,378,191.3672257713129
17188,3,general,498,325.42474700275767
17189,3,general,364,231.0353052538382
17190,0,general,312,313.75368630760426
17191,0,general,855,316.0725857448113
17192,3,general,1347,533.7567209561324
17193,0,general,312,313.75368630760426
17195,4,general,646,223.45607169511496
17198,0,general,623,299.57105639715536
17199,3,general,177,176.601039287184
17200,0,general,312,313.75368630760426
17201,0,general,2542,480.29937672399996
17202,1,general,737,384.9385050587984
17203,4,general,1041,379.9668722613747
17205,4,general,467,466.21359505599634
17206,1,general,1232,1199.554184122192
17207,1,general,467,462.4294696124021
17208,3,general,177,176.601039287184
17210,1,general,220,274.7385896041036
17211,1,general,230,276.1125247420409
17213,1,general,668,493.8705693902365
17214,3,general,177,176.601039287184
17215,4,infantry_grenadiers,340,494.16526671511525
17216,3,infantry_grenadiers,349,509.4593019799867
17217,1,infantry_grenadiers,360,492.3735583469257
17218,0,infantry_grenadiers,655,537.6943006705893
17219,4,infantry_grenadiers,339,503.9772028669421
17220,1,infantry_skirmishers,211,243.68956569089755
17221,2,infantry_skirmishers,216,244.23340707271458
17222,0,infantry_skirmishers,231,256.2061136623764
17223,0,infantry_skirmishers,231,256.2061136623764
17225,4,general,710,438.49214833969756
17226,1,general,172,320.2519588255034
17228,3,general,376,705.667738743054
17230,3,general,158,403.7035956472522
17232,1,general,305,323.4093175554734
17233,0,general,581,432.0216495070118
17234,3,general,330,339.874907919123
17235,4,general,93,286.9531169664692
17237,2,general,194,320.2824522484504
17239,1,general,427,552.7362303769288
17240,0,general,530,690.8898360101381
17241,2,general,501,315.03326043704993
17242,2,general,152,307.87201890395966
17243,2,general,684,317.3354752965015
17244,2,general,241,307.87201890395966
17245,4,general,868,561.2719266996941
17246,1,infantry_grenadiers,309,563.3721386088529
17247,4,infantry_grenadiers,629,575.8521930070639
17248,4,infantry_irregulars,217,364.79412186955756
17249,2,infantry_light,749,455.20966294893736
17250,0,infantry_light,431,432.27757185881484
17251,3,infantry_light,617,456.0912607329683
17252,4,infantry_light,374,424.77275864050796
17253,3,infantry_light,818,428.35837616756584
17254,4,infantry_light,815,445.9550143261416
17255,4,infantry_line,373,354.3836545247813
17256,4,infantry_line,430,371.0129724639775
17257,2,infantry_line,406,358.83681529443857
17258,0,infantry_line,234,337.0221448433389
17259,0,infantry_line,231,340.47314975091973
17260,2,infantry_line,386,363.63646675934774
17261,0,infantry_line,310,352.9375174737739
17262,3,infantry_line,300,352.67658836556114
17263,2,infantry_line,273,355.7976721497151
17266,1,infantry_line,356,335.1304214236855
17267,2,infantry_skirmishers,241,271.01545653957163
17268,1,cavalry_lancers,988,694.3706498641405
17270,2,general,264,544.6704050158248
17271,2,general,463,906.5130470598289
17272,3,general,820,313.667925051168
17273,0,general,695,268.00659825348924
17276,4,general,283,533.5968065112029
17277,3,general,342,338.06712380402433
17278,3,general,537,326.2799896324261
17279,1,general,296,514.1546512146705
17280,1,general,1308,732.2611976904783
17281,0,general,420,318.7047686348085
17282,2,general,404,406.56865983211975
17283,4,infantry_grenadiers,364,582.6821968270561
17284,0,infantry_light,504,427.29162434087726
17285,1,infantry_light,463,420.04079423705383
17286,2,infantry_light,496,434.13340171421993
17287,2,infantry_light,653,437.90536241503213
17288,3,infantry_line,260,355.67442006472305
17289,1,infantry_line,444,368.0161457669314
17290,2,infantry_line,216,355.7976721497151
17291,0,infantry_line,251,337.0221448433389
17292,4,infantry_line,282,347.66544428008183
17293,2,infantry_line,1116,370.29770068135446
17294,3,infantry_line,308,338.41324429972246
17295,0,infantry_line,527,352.9375174737739
17298,3,artillery_foot,451,520.517087359779
17299,0,artillery_foot,926,563.7074069439033
17300,3,artillery_horse,543,709.6048465111073
17302,0,general,340,325.1845546145039
17304,1,general,285,319.7130062705435
17305,1,general,99,300.0612600588567
17306,3,general,389,330.4046757473611
17307,2,general,243,398.4861197326348
17308,3,infantry_light,440,443.2910168632936
17310,1,infantry_light,318,410.42380864638903
17311,3,infantry_line,384,354.188626572849
17313,2,infantry_line,210,336.2666639989793
17315,3,cavalry_light,489,633.6586097486277
17316,1,cavalry_light,801,637.2789186534217
17318,1,cavalry_standard,752,735.4291106798127
17320,0,general,358,283.20715899343264
17321,2,general,388,438.29156999861743
17323,2,general,293,434.339639142483
17324,3,general,166,311.7754232266472
17325,2,general,682,378.3769236301289
17326,3,general,405,529.1257900178208
17327,1,general,619,552.7362303769288
17329,0,infantry_light,399,419.6961805308115
17330,1,infantry_line,344,368.511934712958
17332,4,infantry_line,434,373.5646076926335
17333,2,infantry_line,574,374.0275410273216
17336,3,artillery_horse,1973,812.1038418764765
17338,0,cavalry_light,431,610.0531955350406
17339,1,cavalry_light,1112,623.0792833866888
17340,1,general,430,457.61482718769065
17341,3,general,289,274.07859479779034
17343,4,general,106,301.5260069909892
17344,4,general,1031,467.69114682037355
17345,3,general,150,336.2184347552883
17346,4,general,120,380.58818615674136
17348,1,general,803,424.78903559262517
17349,3,infantry_grenadiers,480,575.6784061083089
17350,0,infantry_line,248,366.7143324973166
17351,3,infantry_line,212,336.95253274910044
17352,0,infantry_line,579,360.11331088041567
17354,1,infantry_line,850,360.7660627964335
17355,0,infantry_line,187,327.2477534886773
17356,4,infantry_line,500,348.327073467622
17358,0,general,72,312.1657047871247
17359,3,general,114,313.667925051168
17360,2,infantry_line,215,345.82154987175846
17361,4,infantry_line,173,343.59022742011473
17362,3,general,182,406.17985142472463
17363,2,general,87,314.24708115774865
17364,3,infantry_line,183,345.0177965365579
17365,1,infantry_line,248,340.7893441865505
17366,2,general,304,327.3313536592234
17367,4,general,79,335.3439735777197
17368,4,general,342,415.27742228209786
17369,2,general,534,895.5755760164586
17370,3,general,156,439.24138463984445
17371,3,general,302,338.06712380402433
17372,4,general,399,725.2166240276915
17373,3,general,496,341.6437619033373
17374,1,general,277,433.3257469704411
17375,4,general,441,436.07041422488965
17376,3,general,330,338.5228249217085
17377,2,general,623,433.8329828895227
17379,4,general,532,415.27742228209786
17380,1,general,520,437.3456209386586
17381,3,general,604,342.51416737213884
17382,1,general,381,313.5204789997261
17383,1,general,376,527.6857751755126
17384,2,general,570,707.6875012303576
17385,1,general,385,310.52971793480384
17386,1,infantry_grenadiers,369,565.8130024141221
17387,1,infantry_grenadiers,431,619.4882454423824
17389,3,infantry_grenadiers,496,579.527207961643
17390,1,infantry_light,600,457.4817326930419
17391,3,infantry_light,582,456.0912607329683
17394,2,infantry_line,171,371.1426378123078
17395,1,infantry_line,479,369.4953070964841
17396,1,infantry_line,397,352.85713993401635
17397,2,infantry_line,222,369.4431519660565
17398,3,infantry_line,404,361.64970950658045
17399,2,infantry_line,338,363.63646675934774
17400,3,infantry_line,306,369.03074660494093
17402,2,infantry_line,325,369.0121973255211
17404,1,infantry_line,675,376.09263292443416
17405,0,infantry_line,715,373.28707241565553
17406,1,infantry_line,672,368.0161457669314
17407,1,infantry_line,594,352.85713993401635
17408,4,infantry_line,482,353.7646674345702
17409,3,infantry_line,372,347.32447526664936
17410,1,infantry_skirmishers,250,278.9420603447516
17411,2,infantry_skirmishers,377,264.86393928160555
17412,4,artillery_foot,346,520.242866636317
17413,3,artillery_foot,822,563.2625331970643
17414,0,general,273,418.2204360571827
17415,4,general,463,552.6296520016394
17416,1,general,263,295.1420094218859
17419,3,general,836,336.2184347552883
17421,1,general,203,518.475409247253
17422,0,general,437,1129.4377801717635
17423,3,general,854,340.32069725840296
17424,1,infantry_grenadiers,378,578.5141324301586
17425,4,infantry_light,422,439.0883503199023
17426,3,infantry_light,311,438.4259043133178
17427,4,infantry_line,317,370.49445670688516
17429,4,infantry_line,330,357.4178221985702
17430,3,infantry_line,307,362.4707797543737
17431,2,infantry_line,177,355.278501345073
17432,4,infantry_line,971,371.52871486515085
17433,1,infantry_line,952,366.00482444652306
17434,3,infantry_line,234,341.25876392688633
17435,4,infantry_line,289,344.282415873371
17436,4,infantry_skirmishers,218,260.76332569609036
17437,1,artillery_foot,375,519.8713766696803
17438,0,general,595,351.9044665220395
17439,2,general,491,562.3489241644626
17440,0,general,617,333.3182964262956
17441,2,general,778,335.06195145182187
17442,4,general,399,338.9814461776741
17443,2,infantry_grenadiers,673,633.9616791249315
17444,2,infantry_light,731,452.1073908107006
17445,2,infantry_light,904,453.1531478857417
17446,3,infantry_line,445,369.03074660494093
17447,1,infantry_line,508,374.25642457518717
17449,2,general,748,563.6769994938109
17450,0,general,365,412.02734485807184
17451,0,general,313,420.4045305020106
17453,3,general,676,339.4266861500153
17455,1,infantry_line,492,370.46796139679014
17457,3,infantry_line,365,361.0980140325225
17458,2,infantry_line,664,369.0121973255211
17459,4,infantry_line,780,370.49445670688516
17460,2,general,198,310.16327329230313
17461,3,infantry_light,291,416.32747051449604
17462,2,infantry_line,308,342.78063038278736
17463,4,infantry_line,270,344.96929072303016
17465,2,general,226,318.57974453007006
17467,1,infantry_line,277,332.14576941211783
17468,3,cavalry_light,656,592.9137691236202
17469,1,cavalry_light,643,587.1413182158209
17470,3,general,498,345.1114213959464
17473,2,cavalry_standard,420,735.1540243758199
17475,2,general,205,411.6568636878923
17476,0,general,714,710.7014543741061
17477,0,general,381,482.43605382188406
17479,3,general,152,368.7480115260809
17480,2,general,152,310.16327329230313
17481,3,general,667,290.4373501039515
17482,3,general,328,319.65670597255837
17483,3,general,608,428.0539012549354
17484,2,general,349,422.7405627877895
17485,1,infantry_line,579,363.4245238634534
17486,3,infantry_line,213,336.95253274910044
17487,2,infantry_line,174,363.63646675934774
17488,1,infantry_line,266,346.4039870365757
17492,4,infantry_line,415,357.4178221985702
17494,4,infantry_line,440,347.66544428008183
17497,2,cavalry_lancers,717,673.4918573874144
17498,3,cavalry_light,584,636.6865585132161
17499,4,general,228,621.3918370054907
17500,3,general,148,353.8346888517144
17501,1,general,1,302.1410744908494
17502,1,general,58,319.7130062705435
17503,2,general,200,426.4135370007357
17504,2,general,570,305.49349281100064
17506,2,general,7,312.37401287087056
17507,3,general,616,626.7772325893624
17508,3,general,177,320.23068695721827
17509,4,general,8,307.5777492912733
17510,0,general,718,551.2392632356739
17511,0,general,100,305.5962831556259
17512,0,general,337,321.76632921409055
17513,4,general,711,687.6529097398591
17514,0,general,775,545.8769581326036
17515,2,general,241,326.8986446714754
17517,0,general,562,421.019555742692
17518,3,general,378,519.3999602216691
17519,0,infantry_grenadiers,377,582.4705459162029
17520,3,infantry_light,380,414.5501603612808
17521,2,infantry_light,250,469.7735810795363
17522,3,infantry_light,211,415.442747830009
17525,4,infantry_light,612,418.9963395329588
17526,2,infantry_line,269,362.70132162371596
17527,3,infantry_line,343,373.47148145849457
17528,2,infantry_line,166,355.278501345073
17529,2,infantry_line,114,345.82154987175846
17531,2,infantry_line,121,343.399506947801
17532,4,infantry_line,104,331.7070918137309
17534,2,infantry_line,281,352.08219367187957
17536,3,infantry_line,458,357.13496850935354
17537,4,infantry_line,614,360.0663106319832
17538,1,infantry_line,716,360.7660627964335
17539,0,infantry_line,360,360.11331088041567
17541,2,infantry_skirmishers,203,268.4637760873745
17542,1,infantry_skirmishers,78,246.11756503523532
17543,2,infantry_skirmishers,250,266.69379323468604
17544,2,artillery_horse,644,759.5128092746062
17547,1,cavalry_light,1070,641.1052687999897
17548,2,cavalry_light,840,660.4426792302485
17552,2,general,167,274.42136154323487
17554,4,general,1420,400.2329496504979
17555,3,general,128,638.1488101820299
17556,0,general,112,316.0516386398408
17557,2,general,138,272.325273185005
17558,4,general,678,287.79399213944527
17559,4,general,187,260.74417005142044
17560,4,general,190,397.64755518716663
17561,1,general,223,304.1632484552287
17562,0,general,872,731.8495239185468
17563,3,infantry_grenadiers,335,562.2211344874967
17564,2,infantry_irregulars,135,365.36071433980453
17567,4,infantry_line,267,337.8495997756716
17569,2,general,158,426.1364880464136
17570,4,general,430,545.3210833875254
17571,0,general,299,532.6764755921215
17572,1,general,184,404.04376098301987
17573,2,general,134,323.78772158280003
17574,1,infantry_grenadiers,425,597.0966716378115
17575,4,infantry_irregulars,146,358.11262559825525
17576,4,infantry_line,221,360.93271429905246
17577,0,infantry_line,254,344.74281068498084
17578,3,infantry_line,240,357.13496850935354
17579,1,infantry_line,300,351.6653183689718
17580,2,infantry_skirmishers,340,272.65300608483994
17581,2,general,255,312.37401287087056
17583,1,general,361,422.2142395667569
17584,1,infantry_light,240,409.501796366406
17586,3,infantry_line,418,360.542808896392
17587,2,infantry_skirmishers,289,262.9695629637462
17588,4,cavalry_standard,392,732.1650767156707
17589,1,general,265,281.704866449241
17590,4,artillery_foot,473,565.6282014745951
17591,3,general,143,399.43129171569836
17592,4,general,1135,947.1541774407916
17593,2,general,173,546.6078570678346
17594,1,general,299,332.18475327012555
17595,3,general,276,320.23068695721827
17598,4,general,369,325.7799619907367
17599,4,general,71,315.8762103548288
17600,2,general,539,716.0730573683072
17602,4,infantry_light,371,440.1448994766863
17603,2,infantry_light,820,445.56823578675284
17604,2,infantry_line,478,362.465667702891
17605,3,infantry_line,184,357.13496850935354
17607,1,infantry_line,162,354.32386016575475
17608,4,infantry_line,192,355.91317870731837
17609,0,infantry_line,381,349.99940921147777
17610,4,infantry_line,219,334.06167607726377
17611,2,infantry_line,453,360.7945709143609
17612,3,cavalry_light,412,605.7458245043547
17613,0,cavalry_light,464,668.4184065220173
17614,1,cavalry_light,270,592.4790020155658
17615,1,cavalry_light,271,589.8351584950124
17616,1,cavalry_light,352,670.335915526869
17617,2,cavalry_light,379,602.0254080172531
17618,3,cavalry_standard,906,769.0551757563472
17619,1,cavalry_standard,1204,770.7540004235962
17620,0,cavalry_standard,1027,758.2225971081031
17621,0,cavalry_standard,716,816.2877113777308
17622,0,cavalry_standard,584,752.0574814049403
17623,0,cavalry_standard,548,768.035835474167
17624,2,cavalry_standard,614,749.2732560631409
17625,3,cavalry_standard,283,665.4798210594569
17626,4,general,125,260.74417005142044
17627,2,general,844,295.6519076229261
17628,1,general,510,381.68204808345837
17629,0,general,1277,827.5142203320001
17630,1,general,309,728.3417544971114
17631,0,general,338,298.34546674804506
17632,0,general,120,265.7452111636083
17634,2,general,225,563.6769994938109
17636,1,general,676,527.6857751755126
17638,4,general,267,265.46655029511595
17639,3,general,377,343.37551625971406
17641,3,general,1015,575.1804105772919
17642,4,general,994,444.3310135336362
17643,2,general,920,339.8850990298035
17644,1,general,559,941.0195395523308
17645,0,infantry_grenadiers,1042,620.4588475489925
17646,0,infantry_light,361,447.69779227593165
17647,0,infantry_line,218,368.64489983386414
17648,4,infantry_line,246,368.39197159110347
17649,0,infantry_line,472,374.1859191697159
17650,2,infantry_line,1038,376.0229859105057
17651,2,infantry_line,907,372.3925333779254
17652,0,infantry_line,729,373.28707241565553
17653,0,infantry_skirmishers,257,263.56556314491183
17654,0,artillery_horse,649,706.0338749929564
17655,2,cavalry_light,389,628.6641433505603
17656,0,cavalry_light,924,612.3546969162309
17658,4,cavalry_light,430,626.4697021812054
17659,3,cavalry_standard,911,711.5337695319993
17660,2,cavalry_standard,675,708.8892781699582
17662,0,general,517,277.2706211406301
17663,3,general,295,279.31150683117346
17664,1,general,256,274.98788359492875
17665,4,general,987,774.0591110864019
17666,4,general,708,451.4018976547561
17667,0,general,462,337.89220723537574
17669,4,general,523,573.346833773377
17670,3,general,256,339.874907919123
17671,4,general,898,605.3910757550623
17676,4,infantry_light,353,452.4374239304932
17677,0,infantry_light,774,455.16899899505233
17678,2,infantry_light,1020,458.21109331737586
17679,2,artillery_foot,900,552.1482681730474
17680,1,cavalry_standard,1101,752.3402405090309
17681,4,cavalry_standard,519,744.3546368488007
17682,0,cavalry_standard,628,749.9525152699156
17684,3,general,420,375.73108794057714
17685,3,general,642,634.4513888612538
17686,0,general,911,289.4436565967719
17688,1,artillery_horse,1360,756.6729362480226
17689,1,cavalry_heavy,1845,1451.3806877222623
17690,1,cavalry_light,869,652.0496176384471
17692,4,general,1756,528.4045356546737
17694,4,general,703,288.6255190117961
17695,0,artillery_horse,1275,761.4592932599746
17697,0,cavalry_lancers,1293,632.2283881826852
17698,2,cavalry_light,1138,613.8231507365809
17699,2,cavalry_light,930,596.9689250754403
17701,2,cavalry_standard,1118,779.7491653976202
17702,4,cavalry_standard,1249,790.4906706871875
17703,1,cavalry_standard,933,787.5082253351934
17704,3,cavalry_standard,670,698.4551094718851
17705,2,cavalry_standard,1252,772.6711120550455
17706,2,cavalry_standard,979,708.8892781699582
17707,3,general,1051,308.51147410335756
17708,4,general,1131,677.6413887850891
17712,3,general,1416,1134.613113703088
17713,3,general,1147,398.55373206340136
17715,4,general,1216,475.87403663123797
17716,1,artillery_horse,1360,756.6729362480226
17717,2,artillery_horse,169,675.7162931340408
17718,2,cavalry_light,421,613.8231507365809
17719,4,cavalry_standard,534,732.1650767156707
17720,3,cavalry_standard,1160,745.7307986462375
17721,3,general,485,479.983202388469
17722,4,general,1013,374.18617155731306
17724,0,cavalry_standard,728,799.4551200561505
17725,4,cavalry_standard,1043,823.3665295511189
17726,1,general,579,306.7757554085837
17727,3,general,893,367.4894584559782
17728,0,general,1066,679.3777975228669
17729,1,artillery_horse,1360,756.6729362480226
17730,1,artillery_foot,375,519.8713766696803
17731,0,general,291,317.91893969128296
17732,3,general,178,317.31708228431893
17733,2,infantry_light,401,433.16467542814684
17734,2,infantry_line,285,349.30485308115783
17735,0,general,104,412.69860811384694
17736,0,general,143,314.6877543459352
17739,4,infantry_line,245,346.66382404741336
17740,2,infantry_line,177,355.278501345073
17741,1,general,796,346.1475178017118
17742,2,general,406,445.2599040961045
17743,0,general,731,592.6124385935718
17744,0,infantry_light,933,465.7118641913414
17745,1,infantry_line,683,393.06262127888584
17746,1,infantry_line,478,379.2193984597745
17747,2,cavalry_light,567,609.2384734079204
17748,3,cavalry_light,338,610.5782142776985
17750,1,cavalry_standard,655,694.2795739252018
17752,3,general,389,268.39634207253386
17753,0,general,518,346.4838243740305
17754,4,general,205,267.71146978774135
17756,4,artillery_foot,356,520.242866636317
17758,2,artillery_foot,967,552.1482681730474
17759,3,artillery_foot,428,520.517087359779
17762,4,artillery_foot,418,520.242866636317
17763,4,artillery_foot,634,565.6282014745951
17764,4,artillery_foot,634,565.6282014745951
17765,4,artillery_foot,634,565.6282014745951
17766,4,artillery_foot,634,565.6282014745951
17767,4,artillery_foot,634,565.6282014745951
17769,0,artillery_foot,558,563.7074069439033
17770,0,artillery_foot,558,563.7074069439033
17771,3,general,199,199.52166186296074
17773,0,general,351,353.08047696639966
17774,2,general,556,332.9865557951341
17775,0,general,351,353.08047696639966
17776,3,general,76,75.89130508912636
17777,3,general,199,199.52166186296074
17778,2,general,927,925.2101217180182
17779,3,general,199,199.52166186296074
17780,1,general,700,246.1686115459046
17781,1,general,198,227.4973243774368
17782,2,general,556,332.9865557951341
17783,1,general,718,708.3469626523155
17784,4,general,569,409.6911333324634
17785,2,infantry_grenadiers,365,531.2205216463867
17786,3,infantry_grenadiers,372,524.0198080901357
17787,3,infantry_grenadiers,372,524.0198080901357
17788,0,infantry_grenadiers,367,516.7944871486069
17789,4,infantry_grenadiers,370,528.0303024907896
17790,0,infantry_grenadiers,357,531.8582440171857
17791,0,infantry_skirmishers,209,262.4386136997757
17792,2,infantry_skirmishers,206,257.91526150389177
17794,0,infantry_skirmishers,209,262.4386136997757
17795,1,general,487,535.8125151906289
17796,2,general,650,405.8659743252678
17797,2,general,367,417.07202508265163
17798,4,general,252,690.41293263133
17799,4,general,481,700.4018432923403
17800,1,general,157,305.4810648915913
17801,0,general,1751,1162.0584842657279
17802,3,general,294,412.87566805202243
17803,3,infantry_grenadiers,1272,595.8964769378821
17805,2,infantry_light,448,433.16467542814684
17806,2,infantry_light,266,420.98706991003365
17807,4,infantry_light,169,400.5504904372111
17808,0,infantry_light,161,409.7092082610905
17809,2,infantry_light,152,415.5874772855301
17811,0,infantry_light,268,413.1563208596558
17812,2,infantry_line,163,351.5353245827823
17813,2,infantry_line,367,350.1495040829692
17814,1,infantry_line,423,350.1516242038377
17815,3,infantry_line,233,347.32447526664936
17816,2,infantry_skirmishers,231,262.9695629637462
17817,1,general,262,533.475153924121
17818,4,general,108,332.9910714540898
17819,2,general,162,311.2783169181615
17820,2,general,386,400.01655634393876
17821,4,general,306,668.5827047875352
17823,0,general,425,416.6293263900681
17824,2,general,379,324.24122782174226
17825,3,general,768,416.2461737524509
17826,0,general,379,406.119334033068
17829,4,infantry_light,255,425.57373846591196
17830,2,infantry_light,200,426.0654277132535
17831,2,infantry_light,824,431.5260035242227
17832,3,infantry_light,456,413.6495496304725
17833,2,infantry_line,206,369.0121973255211
17834,3,infantry_line,339,375.84714994151983
17836,0,infantry_line,446,347.87678861728705
17837,3,infantry_line,283,336.95253274910044
17838,0,infantry_line,492,356.87951782310125
17839,0,general,132,525.0384913095322
17840,4,general,113,411.9018154889649
17841,3,general,253,423.3560158301475
17842,2,general,295,557.5747307260355
17843,0,general,344,323.98177006310124
17844,0,general,115,391.78415633592397
17845,4,general,390,421.3796927937131
17846,4,infantry_line,158,345.9898390434408
17847,1,infantry_line,181,350.1516242038377
17848,2,infantry_line,315,357.8378514523914
17849,4,infantry_line,308,364.04290653563123
17850,1,infantry_line,452,357.74487960813633
17851,4,infantry_line,190,332.4990975399992
17852,4,general,24,390.4178492014103
17853,2,infantry_line,247,362.465667702891
17855,1,general,112,669.8618488583074
17856,3,general,7,305.79344562949666
17857,4,infantry_line,122,337.1050327225465
17859,4,general,258,409.200762803419
17860,4,infantry_line,329,347.66544428008183
17861,3,infantry_line,230,342.64548754139383
17862,1,general,197,533.475153924121
17863,3,general,285,554.5561080450811
17864,2,general,142,517.7509990475361
17866,2,general,284,707.6875012303576
17867,4,general,615,557.8766459935453
17868,1,general,271,407.878209047999
17869,4,general,685,709.2546054874911
17870,3,general,286,540.0892709445762
17871,0,general,444,545.8769581326036
17872,3,general,221,416.2461737524509
17873,2,general,970,920.8099651043625
17875,1,general,152,394.60399188003845
17876,2,infantry_grenadiers,734,583.3865612296373
17877,1,infantry_light,538,446.4008376234192
17878,3,infantry_light,230,436.6329063459016
17879,4,infantry_light,223,407.37660237196906
17880,1,infantry_light,285,429.58663972814975
17882,3,infantry_line,242,345.0177965365579
17883,0,infantry_line,165,335.5974530534828
17885,0,infantry_line,279,359.5831019586865
17886,0,infantry_line,211,350.5956777810289
17887,2,infantry_line,418,362.70132162371596
17888,0,infantry_line,338,347.87678861728705
17889,2,general,118,428.5986007662839
17890,0,general,119,319.73955760068446
17891,4,general,275,713.5261721238211
17893,0,general,109,304.9675406949853
17894,0,general,150,406.119334033068
17895,3,general,204,400.3009460108889
17896,1,infantry_light,294,413.1395520240442
17897,3,infantry_light,275,414.5501603612808
17899,0,infantry_light,222,432.27757185881484
17900,2,infantry_light,191,429.1790486605123
17901,2,infantry_light,213,428.4967195687975
17903,3,infantry_line,212,337.68615633708174
17905,3,infantry_line,160,354.188626572849
17906,4,infantry_line,137,340.76642170168014
17908,0,infantry_line,125,340.47314975091973
17909,2,infantry_line,151,342.78063038278736
17910,2,infantry_skirmishers,505,282.26587332539793
17911,1,general,114,309.29926780852463
17913,2,general,169,404.4423421180831
17915,4,general,287,657.3797531355507
17916,4,general,424,426.4952283043924
17917,4,general,158,523.0081889869421
17920,0,infantry_light,682,440.28219634760586
17921,2,infantry_line,189,345.82154987175846
17923,0,infantry_line,221,342.47266464462706
17924,4,infantry_line,357,373.5646076926335
17927,1,general,82,311.4394820821379
17929,3,infantry_line,168,336.2122403543562
17930,4,infantry_line,153,338.58790617207126
17931,1,infantry_line,145,335.8596625007249
17932,0,infantry_line,234,353.5125132599064
17933,2,infantry_line,184,347.2938992157496
17934,2,general,332,682.7663533749173
17935,2,general,223,429.13638277226596
17936,1,infantry_line,302,339.41091525469295
17937,4,infantry_line,270,364.04290653563123
17938,1,general,284,430.3569194830452
17939,4,general,439,551.7362604944548
17940,3,infantry_line,413,361.0980140325225
17941,1,infantry_line,341,365.4947713575012
17942,2,cavalry_heavy,2663,1502.656666796386
17944,4,cavalry_light,878,641.3315638223584
17947,3,general,1258,361.0970906944569
17948,3,general,815,480.7591689868334
17949,2,general,730,877.4072289023223
17950,0,general,103,395.8860698483085
17951,0,general,2417,430.364502933026
17952,3,general,33,326.2799896324261
17953,4,general,224,540.5544492130447
17954,0,general,483,701.6207807170291
17955,2,general,168,394.52798250710714
17956,2,general,379,753.9204393442728
17957,1,infantry_light,333,447.046971540307
17960,4,infantry_light,341,440.1448994766863
17962,0,infantry_line,228,370.0643910526188
17963,1,infantry_line,167,350.1516242038377
17965,1,infantry_line,234,357.184067771569
17966,3,infantry_line,222,354.188626572849
17967,3,infantry_line,229,359.70330990851335
17968,4,infantry_line,406,358.8984813207027
17969,2,infantry_militia,124,172.35466619401456
17970,4,infantry_militia,245,187.47824067545153
17971,2,infantry_skirmishers,315,267.58599821193303
17972,1,cavalry_lancers,569,609.1672417656672
17974,3,general,217,435.0312647792023
17975,1,general,421,271.8883596389192
17978,1,general,199,448.56582131031837
17979,0,infantry_line,418,365.73216768286517
17981,4,infantry_line,221,353.7646674345702
17984,0,infantry_line,168,339.7951045830704
17985,1,infantry_militia,62,156.13365043039502
17988,4,cavalry_heavy,1412,1510.310505308743
17989,1,cavalry_standard,554,760.7525446141024
17990,1,general,1544,919.0629753212743
17991,4,infantry_line,547,366.78425783613477
17992,2,infantry_line,205,385.6379177983954
17994,3,infantry_militia,165,175.91008341599365
17995,2,infantry_militia,242,183.14372425166738
17996,1,cavalry_heavy,1724,1331.0014061351665
17997,0,cavalry_lancers,1162,664.5264939979166
17999,1,cavalry_standard,623,694.2795739252018
18000,4,cavalry_standard,404,699.2266354125472
18001,1,cavalry_standard,805,681.8196157627697
18002,1,cavalry_standard,853,831.8935445539807
18003,4,cavalry_standard,1132,823.3665295511189
18004,1,cavalry_standard,609,766.8180492220487
18006,2,general,769,369.9507517487331
18007,3,general,1100,508.85645961242966
18009,3,general,180,471.1983271281205
18010,1,general,338,422.2142395667569
18011,2,general,1069,535.2903677969474
18012,2,general,470,299.11223815185764
18013,3,general,993,413.2558227092051
18014,2,general,604,601.9233018351058
18015,0,general,693,318.7047686348085
18016,4,general,889,703.6129079107116
18017,4,general,1703,628.5935043001112
18018,4,general,693,436.95999204078686
18020,2,general,289,418.297190533501
18021,0,infantry_light,258,416.4822781321358
18022,1,infantry_light,382,441.0869221962117
18023,2,infantry_line,346,355.7976721497151
18026,3,infantry_militia,145,178.7774526794886
18027,3,infantry_militia,132,186.18385311441685
18028,3,infantry_militia,196,193.64041955365465
18029,2,cavalry_lancers,927,625.8161366560283
18030,1,cavalry_lancers,1087,616.1117408298294
18032,0,cavalry_standard,1056,736.7475499812047
18034,0,cavalry_standard,811,736.7475499812047
18035,4,cavalry_standard,596,710.8678149635871
18036,1,cavalry_standard,439,708.6567754793184
18038,3,general,913,369.9224965351166
18040,4,general,368,361.22010870840813
18041,4,general,331,349.0951101031662
18043,2,general,926,622.6437215071232
18046,2,general,938,366.53121770760714
18047,1,infantry_light,259,420.87120241344996
18048,1,infantry_light,241,426.110081091756
18049,0,infantry_light,279,422.80611004203064
18050,4,infantry_line,190,366.78425783613477
18052,3,infantry_line,117,334.7110949043736
18053,2,cavalry_standard,982,722.6093431032596
18054,3,cavalry_standard,862,698.4551094718851
18057,4,cavalry_standard,769,721.8185806996096
18058,4,general,603,274.04374898302626
18059,4,general,799,278.4481444270078
18061,1,general,468,461.11973940956506
18063,2,general,681,279.3413450662952
18064,0,infantry_line,203,358.78133271314147
18065,1,cavalry_standard,849,694.2795739252018
18066,4,cavalry_standard,505,727.0626384883997
18067,0,general,365,280.9883011298588
18068,3,general,696,349.77730273502834
18070,1,cavalry_light,755,612.049856954607
18071,0,general,729,579.1058075717802
18072,0,general,687,460.17587614045726
18073,4,cavalry_light,327,606.0873927363743
18074,1,cavalry_light,775,623.0792833866888
18075,2,general,223,357.8784463473704
18076,2,general,789,626.4059052439364
18077,0,cavalry_light,920,641.1883412489553
18078,0,cavalry_light,807,625.4270513167278
18079,4,general,790,367.33265237992055
18080,0,cavalry_heavy,1117,1312.8570128149524
18081,1,cavalry_heavy,755,1261.0210693141141
18082,4,cavalry_standard,754,847.5936676316871
18083,1,general,923,286.12571343704207
18084,1,general,798,706.1821528470475
18085,4,general,572,939.6968218274883
18087,2,infantry_light,311,440.03382516311694
18088,3,infantry_light,363,443.9682890669341
18089,3,cavalry_lancers,668,624.0979831735249
18090,3,cavalry_light,281,622.0113683864674
18092,0,cavalry_light,366,651.9877641920119
18093,1,general,482,446.3750132619003
18094,2,general,519,288.0644491028488
18095,1,general,248,290.28060650830133
18096,2,general,220,344.7276851217267
18097,4,general,163,273.0270352991138
18098,3,infantry_line,224,354.78603600075024
18100,1,infantry_line,241,369.9829576297947
18101,0,infantry_skirmishers,379,251.19916577093065
18102,4,cavalry_heavy,1567,1473.4434079204145
18103,0,cavalry_light,801,683.2546169184127
18104,2,cavalry_light,1047,636.4262288250807
18105,0,cavalry_light,447,660.4260663029962
18106,4,general,902,358.6595191350431
18107,2,general,1585,699.8586343177922
18108,1,general,491,642.408394042014
18110,2,cavalry_lancers,505,595.5657828520467
18111,2,cavalry_light,861,641.9558073247202
18112,2,cavalry_light,304,641.9558073247202
18113,2,cavalry_standard,538,754.2460032693078
18114,1,general,498,498.9650155996302
18115,4,general,688,1106.3423845492036
18116,0,general,798,472.61491237594976
18117,4,cavalry_light,697,652.9468245051027
18118,4,general,547,283.49116424170376
18121,2,artillery_foot,739,552.1482681730474
18122,3,artillery_foot,545,563.2625331970643
18124,1,artillery_foot,279,519.8713766696803
18125,2,artillery_foot,642,552.1482681730474
18127,4,artillery_foot,471,565.6282014745951
18129,0,artillery_foot,351,522.676035882266
18130,1,artillery_foot,279,519.8713766696803
18131,1,artillery_foot,523,562.5385499695387
18132,4,artillery_foot,989,565.6282014745951
18135,0,artillery_horse,1262,761.4592932599746
18137,0,artillery_horse,1255,761.4592932599746
18138,3,artillery_horse,2627,812.1038418764765
18139,1,general,199,200.91006294507804
18140,4,general,1014,409.6911333324634
18141,1,general,351,350.88206535227556
18142,1,general,651,537.5227942684033
18143,1,general,351,350.88206535227556
18144,0,general,1182,377.6152520810188
18146,1,general,1634,1589.6262237189603
18147,1,general,199,200.91006294507804
18148,1,general,199,200.91006294507804
18149,2,general,76,76.56590155632465
18150,1,general,199,200.91006294507804
18151,4,infantry_grenadiers,353,531.2439360264178
18152,4,infantry_grenadiers,353,531.2439360264178
18155,3,infantry_line,84,318.8347315081705
18156,4,infantry_skirmishers,238,268.18986290511424
18157,4,infantry_skirmishers,388,258.48400179393536
18158,0,artillery_horse,404,658.3602143546971
18159,4,cavalry_light,1026,612.968845999284
18160,0,cavalry_light,692,603.0201122530576
18161,3,cavalry_light,639,586.7210886718069
18162,0,general,638,449.8604317105583
18163,2,general,102,364.8956984407477
18164,4,general,257,484.03726206523515
18165,0,general,886,350.82134174962414
18166,4,general,584,438.3727965031511
18168,0,general,705,500.30561551878674
18169,2,general,673,301.13956494372627
18170,4,general,220,364.6621873407263
18171,2,general,1174,1115.081355546435
18172,1,infantry_light,646,404.9379984733378
18173,1,infantry_light,255,389.47011604408084
18176,0,infantry_light,289,383.66620483771584
18177,3,infantry_skirmishers,178,248.58446431301036
18178,3,artillery_horse,790,712.1481349011025
18179,2,cavalry_light,1176,644.2640834226282
18180,4,cavalry_light,860,657.0257191531375
18181,3,general,981,289.14772029674435
18182,0,general,961,807.1139083511466
18184,1,general,1095,637.8068554354197
18185,4,infantry_grenadiers,954,537.8023999341535
18187,3,general,1069,824.5351767834379
18188,3,general,616,482.7406843942648
18189,3,infantry_grenadiers,850,531.2860149609076
18190,4,infantry_grenadiers,604,521.6473188080481
18191,0,general,556,688.7443123506188
18192,3,general,469,298.3031304849981
18193,0,general,1023,504.9327837740233
18194,1,general,479,302.3620950150995
18196,4,infantry_grenadiers,948,556.4909237856326
18198,3,infantry_line,475,352.8104565553447
18200,0,general,231,307.5411449875724
18201,4,general,144,402.71568510178054
18202,1,general,357,517.2592519636532
18204,4,general,138,285.86014991650893
18206,0,general,753,532.1467826306241
18207,2,general,424,507.66293163288003
18209,4,general,102,355.8056487982099
18211,0,general,571,318.38784892748737
18212,1,general,635,493.8705693902365
18213,0,infantry_light,244,391.3569549065461
18215,0,infantry_light,295,400.79359654136846
18216,3,infantry_light,336,417.2285662913868
18217,0,infantry_line,196,331.48943122203207
18218,3,infantry_line,302,328.48270357129593
18219,1,infantry_line,673,351.089166111435
18220,4,infantry_line,355,337.63055460864456
18221,0,infantry_line,396,332.2675278294939
18222,4,infantry_line,207,342.15558793258987
18223,2,infantry_line,590,326.4890014708736
18224,1,infantry_skirmishers,195,246.90780627475456
18226,0,cavalry_light,657,647.3123259336811
18227,2,general,96,298.56755368423495
18229,2,general,173,375.6264796073976
18230,0,general,134,287.25542013325577
18231,0,general,618,482.90296870544364
18232,2,general,810,267.54032317653696
18233,0,general,419,489.58621664783226
18234,2,infantry_line,240,319.50256914623196
18236,4,infantry_line,412,320.88728869040324
18238,3,general,133,287.3473500633782
18239,2,general,827,284.2878133562664
18240,1,general,170,368.9874532061399
18241,1,general,38,287.93511697185545
18242,3,general,734,697.3808171106923
18243,0,general,872,364.5432788863395
18244,1,general,662,502.03728280139967
18245,1,infantry_light,573,428.2465001391616
18246,1,infantry_line,144,317.25008719342304
18251,1,general,281,652.3891049619987
18252,1,general,836,533.7604499501998
18253,4,general,235,301.41841277857014
18254,3,general,494,320.80238471627246
18256,1,general,284,393.4708903778896
18257,4,general,136,296.6613523882411
18258,4,general,100,275.6519464257023
18260,4,general,1304,1132.7728879734764
18262,1,infantry_light,157,374.22444158466686
18263,4,infantry_light,168,366.69931238191504
18264,0,infantry_light,212,378.7074022812709
18265,0,infantry_line,605,351.3827548608924
18266,1,infantry_line,756,349.41700148783656
18268,4,infantry_line,897,332.8593721263703
18269,4,infantry_line,278,308.37533898855366
18270,3,infantry_skirmishers,247,244.88833832769956
18271,2,general,155,400.52871739875
18272,3,general,114,311.3819478130839
18273,3,infantry_line,217,340.82807913499806
18274,3,general,383,316.0324726721857
18275,3,infantry_line,486,345.9183853195065
18277,0,infantry_line,216,332.2675278294939
18278,2,general,558,497.5465311427453
18279,4,general,617,643.4668449904053
18280,4,infantry_line,522,321.51237415863744
18281,1,cavalry_light,634,604.1547581444433
18282,4,cavalry_light,505,634.8912621977073
18283,0,general,411,362.1387001055298
18287,0,general,375,280.11570608402087
18288,0,general,228,402.8501688791399
18289,1,general,489,270.43670762723576
18290,0,general,281,643.1999461389532
18291,0,general,472,384.20594349451403
18292,3,infantry_line,202,331.2152090566169
18293,3,infantry_line,250,343.6432260317109
18295,2,infantry_line,243,329.96548294510296
18297,2,cavalry_lancers,669,597.8365917007209
18298,2,cavalry_lancers,632,596.2753603395886
18299,4,cavalry_light,927,675.3753688459378
18300,0,cavalry_light,809,624.7294867294544
18301,0,general,611,447.3265453207286
18302,4,general,966,650.1855187711852
18303,1,general,74,297.0362889563992
18304,2,general,95,379.2089535527114
18305,1,general,831,605.8464851310831
18306,3,general,1,280.98287030915094
18308,0,general,483,266.8668926328135
18309,4,infantry_line,161,317.68939229102006
18310,2,infantry_line,176,329.96548294510296
18311,4,infantry_line,108,304.63304452318397
18312,0,cavalry_lancers,669,599.7763926376488
18313,2,cavalry_lancers,761,605.3557254470414
18314,1,general,521,268.1749254188306
18315,1,cavalry_lancers,782,643.8341734673688
18316,2,cavalry_lancers,601,593.0910598544874
18317,4,general,668,371.1949068012542
18318,0,cavalry_lancers,724,596.4483785847539
18319,2,general,720,596.3395874546354
18320,4,general,270,369.6030263683024
18321,3,general,603,304.7757392262115
18322,4,general,619,382.72142571598624
18323,1,general,335,367.4131323126992
18324,4,general,543,293.4985693939039
18325,4,general,747,489.0819858263818
18327,1,infantry_grenadiers,326,530.0984369358229
18328,0,infantry_grenadiers,714,552.1334012148993
18330,0,infantry_grenadiers,663,541.8010570415557
18331,0,infantry_grenadiers,511,551.3040960681985
18332,1,infantry_grenadiers,700,537.4810772023247
18333,2,general,319,366.41850207782096
18334,2,general,605,486.30132061433034
18335,0,general,169,277.54874560009813
18336,1,general,208,280.71070537592215
18337,2,general,461,288.0646418971618
18338,2,general,233,478.0245564062271
18339,3,infantry_grenadiers,576,525.8979428021463
18341,0,infantry_grenadiers,384,510.78917045061615
18342,0,infantry_grenadiers,319,515.343763740124
18344,3,general,77,368.80657414047806
18345,2,general,77,287.0103599752216
18346,2,general,200,629.5363544792767
18348,1,infantry_line,151,309.9865319410862
18349,2,general,50,284.2878133562664
18351,4,general,239,375.8191610291025
18352,0,infantry_line,156,312.2632550182155
18354,4,cavalry_light,680,686.2299138175387
18355,2,general,51,366.41850207782096
18356,2,general,537,301.13956494372627
18358,4,general,192,468.72124405301565
18359,3,general,108,281.64660478926027
18362,2,infantry_line,217,312.3082082498225
18363,3,infantry_line,364,305.3311083569076
18364,1,artillery_foot,715,552.7220443680374
18365,0,artillery_foot,529,525.6440836817086
18367,4,artillery_foot,425,482.49776177528315
18368,0,artillery_foot,104,428.3142235073992
18369,0,artillery_foot,418,525.6440836817086
18370,0,artillery_foot,266,487.3832817510985
18371,2,artillery_foot,549,512.8085974109235
18372,2,artillery_foot,603,478.91267922511787
18373,1,artillery_foot,680,552.7220443680374
18374,3,artillery_foot,222,482.7395553759536
18375,1,general,1232,1199.554184122192
18376,4,general,659,403.1982841619706
18377,3,general,629,317.0390554602144
18378,4,general,1,1.0
18379,3,general,177,176.601039287184
18380,3,general,177,176.601039287184
18381,3,general,177,176.601039287184
18382,1,infantry_grenadiers,293,503.6180295426342
18383,1,infantry_grenadiers,293,503.6180295426342
18384,2,cavalry_light,812,884.8919754163634
18386,0,general,1129,414.84759514943715
18387,4,general,247,414.5395431595499
18388,2,general,709,515.9202043247257
18389,3,general,1885,801.1747838702134
18390,2,general,610,416.5666278041279
18392,4,general,1010,1190.8541925845664
18393,4,infantry_grenadiers,1634,872.4180691307895
18394,3,infantry_light,735,563.5388545984298
18395,4,infantry_light,733,556.4456436881404
18397,3,infantry_skirmishers,472,374.2254785403522
18399,0,general,131,397.94751133356806
18400,2,general,284,479.05286310428676
18401,0,general,243,512.1682452053392
18402,4,general,476,487.094051012506
18403,3,general,394,400.0818600012592
18404,4,infantry_line,509,433.11401591425386
18405,0,infantry_militia,420,251.44896904228202
18407,4,infantry_militia,360,264.94573339661713
18408,3,infantry_militia,298,218.21490908368978
18409,2,infantry_militia,231,217.96758011601472
18410,0,general,291,415.215085222675
18411,4,general,185,527.302191879444
18412,1,infantry_militia,242,212.3751451160425
18413,2,infantry_militia,382,226.50843891025906
18415,1,cavalry_heavy,723,1619.4470043127112
18416,4,general,2706,697.233606593154
18417,1,general,556,452.9911826391649
18418,2,cavalry_light,531,808.5538026734987
18419,4,cavalry_light,626,799.3855605582897
18420,0,cavalry_light,659,815.3325589962744
18422,0,general,508,363.9199197615291
18424,1,general,34,408.8347266525119
18425,3,general,206,466.6713677982471
18426,1,general,73,453.2927507277285
18427,2,general,125,588.6500982894796
18428,1,infantry_militia,142,237.56127496883119
18429,0,infantry_militia,127,218.75860888486835
18431,3,general,120,571.8480373419758
18432,2,general,189,449.4891756124882
18433,3,general,41,437.8239165791382
18434,3,general,84,568.0869034196935
18436,4,infantry_militia,268,245.0872578947084
18437,3,infantry_militia,136,233.45708163181865
18438,1,general,187,426.97301271765036
18439,1,general,242,553.9303518723151
18441,3,general,671,638.835251572673
18442,2,infantry_militia,377,223.32208292999147
18444,2,infantry_militia,636,254.80117079492263
18445,3,cavalry_light,976,903.7489833563583
18446,1,general,862,518.3838012761975
18447,0,artillery_foot,550,690.859167272091
18448,4,general,1,1.0
18449,4,general,462,390.2876142231844
18450,0,cavalry_lancers,811,688.4390617754918
18451,2,cavalry_lancers,747,770.6654027189442
18452,2,cavalry_light,736,763.421394748783
18453,3,cavalry_light,1708,778.0612134958628
18454,2,cavalry_light,1225,776.7224952775002
18455,1,general,506,593.0854362054877
18456,1,general,651,310.0771863095043
18457,3,general,606,352.44385124760413
18458,4,general,239,338.4522800461007
18459,3,general,452,385.7988026020356
18461,1,general,717,455.33886411669044
18463,3,general,523,500.58308560583384
18465,3,general,412,384.97445537299706
18466,1,general,1084,449.3198482697544
18467,1,general,408,453.49326639090214
18468,0,general,536,361.73421166969825
18469,2,general,731,615.082057915399
18470,1,general,361,349.5554730727671
18472,3,infantry_grenadiers,502,627.0139482810024
18473,4,infantry_grenadiers,476,622.0302388740026
18474,2,infantry_grenadiers,553,615.4313674628656
18475,1,infantry_light,772,475.6921944073714
18476,1,infantry_light,474,477.5884644994321
18477,0,infantry_light,352,457.6809190435954
18478,2,infantry_line,535,417.81921331182616
18479,4,infantry_line,493,421.2174273356572
18480,3,infantry_line,638,404.65525333181773
18482,0,cavalry_light,1034,763.8524852839392
18483,4,cavalry_light,524,726.0946135959266
18484,0,general,239,460.29239589841495
18485,2,general,907,448.70602329946985
18486,2,general,395,323.7776552094387
18487,1,general,70,343.3027559529201
18488,4,general,289,347.77395757853367
18489,4,general,192,357.87814326512586
18490,4,general,106,445.67771230588573
18492,1,general,375,427.0355820158205
18493,1,general,1114,601.6977574818737
18495,0,infantry_grenadiers,1035,648.8936800130907
18496,1,infantry_line,176,378.25476241042225
18497,4,infantry_line,391,385.29993589634233
18498,3,infantry_line,297,398.0030431504964
18499,1,infantry_line,556,395.03634342306606
18500,2,infantry_line,445,368.5732430485885
18501,1,cavalry_heavy,1911,1686.1608195562565
18502,3,cavalry_standard,736,805.3348643793776
18504,3,general,625,411.6577032003821
18505,1,general,583,312.852844585773
18506,4,general,1728,473.602349361174
18507,1,general,1953,793.837251792452
18508,3,infantry_light,347,472.77815968399767
18509,3,artillery_horse,1015,836.3531730446251
18510,1,cavalry_lancers,635,667.2260434728117
18511,1,cavalry_light,1430,714.4179866171337
18512,4,cavalry_light,640,743.7187502062615
18513,1,cavalry_standard,1463,902.7057239318242
18514,2,general,119,354.2821952183194
18515,1,general,427,735.584316881287
18516,4,general,160,326.0899086205751
18517,4,general,211,334.2878053486358
18519,1,general,156,360.5760494021683
18520,4,general,603,549.0653259513258
18522,2,general,328,354.9985203753633
18523,4,general,160,458.9422957324206
18525,1,general,386,430.78627186808717
18526,3,general,500,576.3100495278243
18527,3,general,546,467.9975985210798
18529,1,infantry_grenadiers,385,627.0253777498226
18530,0,infantry_grenadiers,608,618.7025138760567
18532,2,infantry_light,276,450.1642457911204
18533,1,infantry_light,359,456.57727684406433
18534,2,infantry_light,458,454.4753456264736
18535,0,infantry_light,495,454.31446959300905
18536,4,infantry_line,225,389.92688100482616
18541,4,infantry_skirmishers,127,246.16886930259466
18543,1,infantry_skirmishers,265,273.91688410488723
18544,3,cavalry_lancers,999,717.1430885821723
18546,1,cavalry_lancers,603,739.1299921804533
18547,0,general,250,444.91334393525347
18548,3,general,216,362.0301335886714
18550,2,general,357,352.08929967532856
18552,2,general,472,334.14503769565147
18553,4,general,329,586.077266137634
18554,4,general,602,582.2686496367038
18555,1,general,442,343.91884534593066
18556,1,infantry_line,466,386.08769479417845
18557,4,infantry_line,163,368.7702887047203
18558,3,infantry_line,310,384.12616799762344
18559,0,infantry_line,324,392.632711057515
18560,4,infantry_line,550,379.3776242588101
18561,0,infantry_skirmishers,200,292.18501292710283
18562,3,general,133,447.5991405459607
18563,3,general,155,355.3756791530959
18564,3,infantry_line,201,377.5860008750397
18565,4,infantry_line,255,386.97693045822217
18566,1,cavalry_lancers,1024,754.76921476463
18567,3,cavalry_light,1230,715.8624451189628
18568,2,general,391,352.5824459048613
18570,4,general,550,594.9496945234731
18572,2,general,431,590.9968222451207
18573,2,general,980,574.4260096004551
18574,4,general,900,436.8337485169168
18578,2,general,669,471.7533771044176
18579,0,general,301,329.43574909589626
18580,4,general,416,326.86850238983595
18581,0,general,794,910.4169209527196
18582,1,general,354,428.9279006141157
18583,2,infantry_grenadiers,539,602.1647109889993
18584,2,infantry_grenadiers,418,604.4774011282473
18585,2,infantry_grenadiers,624,598.6113939711408
18586,2,infantry_grenadiers,399,596.1834473001566
18587,4,infantry_light,704,489.99130745179775
18588,2,infantry_line,422,387.7364562088257
18589,1,infantry_line,497,386.71150967068587
18590,0,infantry_line,290,385.71933825702354
18591,3,infantry_line,384,386.42372350152584
18592,0,artillery_foot,360,565.7885323390391
18593,2,general,209,472.3043190746964
18594,0,general,63,338.52946371473837
18595,0,general,506,362.6464904378108
18596,4,general,616,560.988249865884
18597,0,general,762,602.2758829558833
18599,1,general,357,323.04254529507546
18600,2,general,569,363.08413322027445
18601,2,general,610,438.2183601546693
18602,3,general,508,334.5560188469306
18603,3,general,543,589.8040764469603
18604,1,infantry_grenadiers,608,615.029214756243
18605,4,infantry_grenadiers,483,594.9815045451264
18607,0,infantry_grenadiers,672,607.0365099150359
18608,4,infantry_line,166,374.9724180433652
18609,3,infantry_line,254,403.57769458572733
18610,0,infantry_line,671,399.0522666286084
18612,4,infantry_line,491,381.15645566352686
18613,1,general,77,340.1515342344904
18614,2,general,111,368.41572813780056
18615,0,infantry_irregulars,548,472.0823780624974
18616,0,infantry_line,181,374.8916247064851
18618,4,infantry_militia,201,200.6240169639731
18620,1,cavalry_light,858,698.9122753115613
18621,0,general,212,348.3069562484554
18622,2,general,651,547.8465566747755
18623,0,general,736,403.94648233355946
18626,0,general,186,348.8461310033091
18627,2,general,546,617.1814144963189
18628,2,general,390,350.8413188288659
18629,3,general,446,459.22260149760285
18630,4,general,391,365.74150074482714
18631,2,infantry_line,318,389.11567708406125
18632,1,infantry_line,292,386.71150967068587
18633,0,infantry_line,498,402.1001145159339
18635,4,cavalry_heavy,1739,1628.1987623506514
18639,0,general,171,348.3069562484554
18640,1,general,396,481.3547597123984
18642,1,general,365,572.5084581151837
18643,2,general,2329,448.70602329946985
18646,3,general,571,363.6172322605169
18647,1,general,639,465.1410558021597
18648,4,general,498,357.87814326512586
18649,1,infantry_light,431,502.8709824280304
18651,3,infantry_light,242,443.4094850210197
18652,3,infantry_light,343,463.531993466366
18654,3,infantry_line,251,399.14396992609596
18655,2,infantry_line,279,389.11567708406125
18656,3,infantry_line,680,398.0030431504964
18657,0,infantry_militia,61,191.31144061583652
18658,3,artillery_foot,350,566.9336744789738
18659,0,cavalry_standard,821,886.7612428821857
18660,0,cavalry_standard,1598,908.9084606739349
18662,2,general,712,447.9959958743153
18663,3,general,1369,355.950198543611
18664,1,infantry_grenadiers,420,589.2164807515951
18665,3,cavalry_heavy,1874,1658.659582933694
18667,2,general,1808,612.226795030141
18668,3,general,1917,803.2615777275479
18669,1,general,791,336.87458818944685
18670,0,cavalry_heavy,2650,1639.6302566890922
18671,3,cavalry_heavy,1763,1644.8783772259826
18672,1,cavalry_heavy,2046,1683.892290868818
18673,3,cavalry_light,833,712.0020470116852
18675,0,general,782,527.9042988330814
18676,4,general,1589,468.0901054033716
18677,4,general,2324,360.5730720656837
18678,1,general,2541,607.7318406570241
18683,4,cavalry_heavy,1805,1671.4717214123255
18684,0,general,1744,359.4085247076151
18685,0,general,1738,594.2503410945593
18686,0,artillery_foot,249,565.7885323390391
18687,3,cavalry_heavy,1748,1665.3762658611051
18688,0,cavalry_heavy,1976,1646.1225995689033
18689,2,general,1511,363.92977198743404
18690,0,general,207,336.0394269233614
18691,2,general,455,745.0588693945446
18692,1,general,492,575.1856767763164
18693,1,general,167,320.81439896544805
18694,2,general,178,339.6779435947559
18695,3,general,1717,367.71479765257016
18696,3,general,1577,479.0507358198389
18697,2,general,321,439.79376456679677
18698,4,general,573,432.140157333412
18699,0,infantry_grenadiers,458,621.4742613840764
18700,1,infantry_light,363,455.6671875743116
18701,2,infantry_line,310,376.69350401996513
18702,1,infantry_line,282,370.432283913732
18703,4,infantry_line,641,367.15522904037454
18704,3,infantry_line,389,371.6901705620589
18705,4,general,109,337.7718132275097
18706,0,general,265,430.26164529945254
18707,2,general,690,573.4332109133356
18708,3,general,188,448.44172113000474
18709,1,general,540,557.6773781675533
18710,3,infantry_grenadiers,649,622.7026610241354
18712,1,infantry_line,255,375.48781771281904
18713,1,infantry_line,219,374.0720697423325
18714,1,infantry_line,528,365.0738028549802
18716,3,artillery_horse,89,675.3343557714066
18717,0,cavalry_light,808,785.1368130817896
18718,2,general,656,354.04182556887025
18719,0,cavalry_heavy,861,1304.1796155682805
18720,1,general,661,368.8941102999675
18721,1,artillery_foot,327,565.0914404639003
18723,2,general,85,331.5336236020298
18724,0,general,447,427.66833698232153
18725,2,infantry_grenadiers,512,606.74728190747
18726,1,infantry_line,192,360.2066233016655
18727,1,infantry_line,167,361.85927332062556
18728,2,artillery_foot,40,498.85978010220964
18729,4,general,162,332.12839832864347
18730,1,general,183,428.9279006141157
18731,4,infantry_line,265,367.96616824445067
18732,0,infantry_line,206,363.27892879064365
18734,1,infantry_skirmishers,236,292.446353188594
18736,0,artillery_foot,705,610.2043417871153
18737,3,artillery_foot,467,566.9336744789738
18738,4,artillery_foot,480,566.6183246029675
18739,4,artillery_foot,600,616.0493961982021
18740,1,artillery_foot,268,565.0914404639003
18741,2,artillery_foot,776,600.4103432571941
18742,0,artillery_foot,61,497.21704656653486
18743,0,artillery_foot,406,565.7885323390391
18744,0,artillery_foot,567,610.2043417871153
18745,2,artillery_horse,1057,884.354756662811
18746,2,artillery_horse,684,825.9001663333701
18747,4,general,1,1.0
18749,2,general,444,439.367505949729
18750,4,general,1,1.0
18752,0,general,1195,474.35973758872785
18753,4,general,1,1.0
18754,1,infantry_grenadiers,420,589.2164807515951
18755,1,infantry_grenadiers,420,589.2164807515951
18757,1,general,828,362.5716315618364
18758,1,general,1244,472.91095116458416
18759,3,infantry_grenadiers,952,671.5703058773057
18760,0,infantry_grenadiers,608,638.5362414999984
18762,3,infantry_grenadiers,861,673.3883477670402
18763,1,general,860,346.0399199136527
18765,4,infantry_light,851,457.265830188727
18766,0,infantry_line,567,401.5991119428722
18767,0,cavalry_lancers,823,633.6055133956331
18768,0,cavalry_lancers,823,642.00028728909
18769,2,cavalry_light,723,657.3131740584097
18770,0,general,571,370.27104844342773
18771,0,artillery_foot,755,610.2043417871153
18772,1,general,845,584.2782344378068
18773,2,general,638,473.3967931047249
18774,2,general,669,374.85957972673634
18775,3,infantry_grenadiers,682,675.1863051700041
18776,3,infantry_grenadiers,692,670.6535946511166
18777,1,infantry_line,778,415.02868570873443
18778,4,general,482,472.9267260103514
18779,2,general,847,782.2699858480266
18780,1,general,223,355.6442646202471
18781,2,infantry_grenadiers,703,643.9480384875266
18782,4,infantry_grenadiers,528,673.4249021483895
18783,0,infantry_line,327,391.2358912398742
18784,3,artillery_foot,484,566.9336744789738
18785,4,general,1691,368.7125828028094
18787,2,general,1808,478.16510372432833
18788,3,infantry_grenadiers,1594,680.4644861359761
18789,1,infantry_line,1828,406.3050631110365
18791,2,general,350,338.15840607665945
18792,3,general,1616,483.43755151025266
18793,1,general,1508,367.3707295008584
18794,0,general,2189,1021.7617478733646
18795,0,general,1486,365.76296385542423
18796,1,infantry_line,1644,404.7731210842573
18797,3,infantry_line,1630,409.3629410700123
18799,0,general,148,337.9144323308388
18800,3,general,570,372.5847593907232
18801,3,general,884,620.7486880360492
18802,4,general,946,617.5763198582531
18804,0,infantry_line,415,370.72123647002275
18807,2,infantry_line,681,405.3906456356252
18808,2,general,357,735.7060354424962
18810,2,general,558,453.5273805556268
18811,4,general,778,355.1027899913677
18813,1,general,307,334.8432222216514
18815,1,infantry_line,604,382.2542848797473
18816,1,infantry_line,416,368.93395485458973
18817,0,infantry_line,422,356.80591601709074
18820,1,general,288,446.1806281512473
18821,3,general,236,348.7869360033046
18822,2,infantry_line,335,382.8569298183989
18823,2,infantry_line,288,382.2622600957393
18824,3,general,311,362.5623652060539
18825,4,general,300,458.9422957324206
18826,1,general,247,352.93045343399194
18827,3,general,469,610.398295924674
18828,1,infantry_line,351,388.86266566815686
18829,2,infantry_line,411,395.92478338045896
18830,3,general,690,478.410292811343
18831,4,general,622,363.1926583129112
18833,2,infantry_line,733,401.7353715876194
18834,2,infantry_line,232,349.9735697962967
18835,2,general,296,359.1534477954397
18836,1,general,354,465.1410558021597
18838,1,general,119,336.2031006592682
18841,3,general,461,479.6876557631473
18843,1,general,342,340.7914862092078
18844,2,infantry_line,498,402.66461454111027
18845,4,infantry_line,452,375.7205222490839
18847,2,general,318,456.4983583662567
18849,1,infantry_line,373,385.14407508728186
18850,1,infantry_line,320,377.2269864471035
18852,2,infantry_grenadiers,942,624.5294462197506
18854,3,infantry_skirmishers,243,286.4703259194333
18855,1,artillery_horse,722,760.1068398380831
18856,2,cavalry_light,641,744.6470680624492
18857,0,cavalry_light,657,670.1025864701775
18859,0,cavalry_light,1330,725.2295937103772
18861,2,general,500,306.757841677123
18862,0,general,1359,699.453735729229
18863,3,general,502,334.5560188469306
18864,0,general,702,379.009352426368
18865,4,general,1,1.0
18866,4,general,1,1.0
18867,3,cavalry_heavy,1363,1231.3406831113211
18868,1,cavalry_heavy,1817,1378.3789410477864
18870,3,general,992,477.6284673548521
18871,1,general,574,503.8430923359779
18872,1,infantry_irregulars,568,349.8461508410752
18873,2,infantry_line,1002,397.26084886159026
18874,4,artillery_foot,1018,600.2110630089297
18876,3,general,1049,358.25979483023593
18877,3,infantry_grenadiers,1175,654.3023058457563
18878,1,artillery_foot,1306,594.9186446469673
18879,4,general,56,428.1456139720016
18880,3,infantry_militia,82,195.0681577306445
18881,3,infantry_militia,147,228.5135144068653
18882,3,infantry_skirmishers,268,306.75459725534273
18883,2,artillery_foot,256,515.6520537590942
18884,3,cavalry_light,1288,642.5696218169268
18885,2,cavalry_light,1034,772.6357626041
18886,4,general,1074,282.5997289474526
18887,2,general,925,450.4712570409938
18888,3,general,473,599.477524358898
18889,2,general,76,357.80969568585533
18890,0,infantry_line,398,387.42799553764945
18891,3,infantry_line,164,400.78476925877516
18892,4,infantry_skirmishers,272,276.70655830413693
18893,3,cavalry_light,1123,742.931425803441
18894,0,cavalry_missile,486,600.2784724277594
18895,2,general,357,294.2100104457379
18898,4,general,1190,774.0167014072242
18899,2,cavalry_light,1366,760.5998654142782
18900,3,general,1167,346.73440858638025
18901,2,cavalry_light,1124,660.4426792302485
18902,0,cavalry_light,1096,676.0141357255375
18903,4,cavalry_light,808,652.9468245051027
18905,0,general,907,301.73578537542613
18906,1,infantry_irregulars,269,357.0060369995938
18907,0,infantry_skirmishers,238,271.90123474936445
18908,4,cavalry_lancers,354,621.3469688712144
18909,2,cavalry_lancers,1156,682.5412340718402
18910,2,cavalry_light,529,684.7909827807455
18911,0,general,232,280.9883011298588
18913,0,general,1093,511.8087404986518
18914,4,infantry_line,286,362.3591804080155
18915,2,cavalry_light,218,602.0254080172531
18917,3,artillery_foot,688,563.2625331970643
18918,4,general,295,533.5968065112029
18921,3,infantry_skirmishers,171,259.8014493580716
18922,1,cavalry_standard,439,776.5062742030158
18923,0,general,254,421.52447773201243
18924,2,infantry_irregulars,192,450.02956405989136
18925,1,general,95,404.04376098301987
18926,4,infantry_militia,176,168.0096308823288
18927,1,general,1,1.0
18929,1,general,526,521.1659776787676
18930,0,cavalry_heavy,2040,1478.5810630543524
18931,1,cavalry_heavy,2068,1327.054065851941
18932,3,cavalry_heavy,1286,1336.0420161385389
18933,3,general,1949,551.9610265714925
18934,4,general,527,355.970195730869
18935,3,general,176,401.162852825297
18937,0,general,585,352.5778387241636
18938,1,general,1381,347.6901832067001
18940,1,general,1064,593.9273665622637
18941,4,general,1337,344.59019148969594
18942,1,general,1077,292.66004552809926
18943,1,infantry_line,672,390.76370377311645
18944,0,infantry_line,1464,380.22810573532865
18945,2,infantry_line,1512,382.07988543639607
18946,2,infantry_line,610,389.70447549429275
18947,4,infantry_line,245,335.59662785799554
18948,1,infantry_line,977,388.8042277113561
18949,2,infantry_line,1472,383.16447791849356
18950,0,artillery_foot,1521,660.1458473213821
18951,0,cavalry_lancers,607,650.0969466010795
18952,3,cavalry_lancers,674,690.6792687305954
18953,0,general,471,292.54375649296253
18954,4,general,535,309.4968786395518
18955,4,general,1396,374.18617155731306
18957,2,general,694,435.3442981235927
18958,3,general,582,545.7015324076458
18959,2,general,1123,717.0284064605329
18961,2,general,591,556.8759932868142
18962,4,general,365,409.9794975689493
18963,2,infantry_grenadiers,1078,592.186324298567
18965,4,infantry_line,538,363.4849939431861
18966,0,infantry_line,734,370.0643910526188
18967,0,infantry_line,386,367.6851471170516
18968,4,infantry_line,531,352.82830004535464
18970,0,infantry_line,424,349.99940921147777
18971,0,infantry_line,940,360.11331088041567
18972,3,infantry_militia,201,185.32294273446132
18973,0,artillery_foot,655,594.7585853556249
18974,3,artillery_foot,1524,622.1474954444067
18975,1,cavalry_heavy,1306,1472.6550901318683
18976,2,general,1520,471.5749357965933
18977,1,general,1103,317.51870489177475
18978,3,general,334,412.87566805202243
18979,3,general,384,406.99156326739853
18981,2,infantry_light,341,410.66713856753205
18982,1,infantry_light,1115,464.2945127017186
18983,4,infantry_line,442,340.76642170168014
18984,3,infantry_line,387,348.2939492873439
18985,4,general,933,565.4078736310017
18986,0,general,228,318.7047686348085
18987,3,infantry_line,333,353.5870186941235
18988,4,infantry_line,827,368.39197159110347
18989,4,general,150,291.0662824638332
18990,3,general,315,329.9006444722742
18992,1,general,203,310.52971793480384
18993,0,infantry_line,419,360.11331088041567
18995,0,infantry_line,264,326.44086014504586
18996,1,infantry_line,365,340.7893441865505
18997,3,cavalry_lancers,731,683.8870766689248
18998,2,cavalry_lancers,742,673.4918573874144
18999,4,cavalry_light,621,752.1325657364398
19000,4,general,594,555.2769944957723
19001,1,general,279,457.61482718769065
19002,0,general,704,504.31487235754
19003,4,general,130,360.2959061153365
19004,3,general,461,435.0312647792023
19005,4,general,767,416.3795227532122
19006,3,general,773,559.600442035504
19007,0,general,681,551.9870017968602
19008,4,general,537,320.6998188580973
19009,0,general,312,411.011410849615
19010,2,general,1333,445.70580238454005
19011,2,general,579,856.2347033082515
19012,3,general,665,320.8004426018966
19013,3,general,330,336.2184347552883
19014,0,general,940,427.5390914092047
19015,1,infantry_grenadiers,298,521.7746518491392
19016,3,infantry_grenadiers,455,546.592824103826
19017,3,infantry_line,786,351.1372428799078
19019,0,infantry_line,622,365.73216768286517
19020,0,infantry_line,522,365.73216768286517
19021,4,infantry_line,713,362.3591804080155
19022,3,infantry_line,978,367.5001086323131
19024,3,infantry_line,1368,381.7487713496947
19025,0,infantry_line,372,352.0672809922961
19026,2,infantry_line,835,356.5694948588689
19027,0,infantry_militia,193,189.672608109397
19028,3,infantry_militia,211,194.18092092767824
19029,4,infantry_skirmishers,269,262.968472341369
19031,0,artillery_foot,924,594.7585853556249
19032,0,cavalry_lancers,361,648.4044443828924
19033,4,cavalry_light,621,752.1325657364398
19034,2,cavalry_light,556,680.7966842861451
19035,3,cavalry_light,765,633.6586097486277
19036,3,general,628,774.5869574466091
19037,4,general,262,428.47696686112255
19038,0,general,431,450.48294297161016
19039,2,general,370,347.99196763276865
19041,0,general,772,759.6593398153128
19042,2,general,265,326.46309383328986
19043,0,general,442,689.7758103637237
19044,2,general,728,714.6281467114067
19046,0,infantry_line,366,359.5831019586865
19047,2,infantry_line,361,355.278501345073
19048,3,infantry_line,361,361.0980140325225
19049,0,infantry_line,616,358.78133271314147
19050,2,infantry_line,566,387.6974760920548
19051,0,infantry_militia,466,189.10171730585975
19052,2,infantry_militia,67,184.72590709651425
19053,4,infantry_skirmishers,301,273.0470933079753
19054,2,cavalry_heavy,1381,1426.9832555954845
19056,3,cavalry_light,765,633.6586097486277
19057,4,general,689,351.43222832469644
19058,2,infantry_grenadiers,887,579.5897709528093
19059,2,infantry_line,152,389.70447549429275
19060,1,infantry_line,808,387.206674554931
19061,4,general,259,409.200762803419
19062,0,infantry_line,329,349.3986731510363
19063,1,infantry_grenadiers,793,618.6547977427224
19064,1,artillery_horse,868,756.6729362480226
19066,0,cavalry_light,645,612.3546969162309
19067,0,cavalry_light,550,633.5215934189603
19070,1,general,363,328.4040159138999
19073,1,infantry_line,411,352.85713993401635
19074,3,infantry_line,407,381.30803494637445
19075,2,infantry_line,335,373.214450493602
19076,3,infantry_line,476,363.8223658601226
19077,4,infantry_militia,209,187.7038806634936
19079,0,artillery_foot,332,522.676035882266
19080,2,cavalry_heavy,1381,1426.9832555954845
19081,4,cavalry_lancers,786,653.371018772469
19083,3,cavalry_light,1137,636.6865585132161
19086,0,cavalry_light,443,605.3331108217282
19087,4,cavalry_light,461,641.3315638223584
19088,1,general,673,380.6866683867123
19090,4,general,375,588.6269844452553
19091,2,general,590,371.056760751566
19092,3,general,940,286.9242966990367
19093,2,infantry_line,249,359.5771417238571
19094,2,infantry_line,152,389.70447549429275
19095,0,infantry_skirmishers,292,283.4483698011801
19096,1,cavalry_light,449,620.9375646666427
19097,0,cavalry_light,610,631.5401090703068
19098,4,general,462,277.0097988214089
19099,4,general,315,274.04374898302626
19100,3,artillery_foot,2543,681.7497306317491
19101,4,cavalry_lancers,894,686.4233407145874
19102,2,cavalry_light,500,630.6491674364469
19103,2,cavalry_light,664,604.477145971171
19104,3,cavalry_light,732,598.1838510369354
19105,3,general,360,279.31150683117346
19106,1,general,578,442.3535902767927
19107,1,general,776,398.82225040305264
19108,3,general,1051,767.913784359186
19109,0,infantry_line,290,379.8102243323731
19110,4,infantry_line,869,384.51404703078276
19111,0,infantry_militia,94,193.29901773459503
19114,0,infantry_grenadiers,272,534.6582113557425
19116,0,general,417,316.59007285863174
19117,0,infantry_grenadiers,732,608.3932294656393
19118,1,infantry_line,534,349.2302374029779
19119,1,artillery_foot,1013,643.7451391408115
19120,2,general,694,599.7426355503593
19122,3,infantry_irregulars,582,415.2581041110975
19123,2,infantry_militia,291,179.36501273687944
19124,3,infantry_militia,263,182.40443509539233
19125,1,infantry_irregulars,356,363.96945029246734
19126,3,infantry_line,132,375.84714994151983
19128,1,cavalry_light,449,620.9375646666427
19129,2,artillery_foot,457,515.6520537590942
19131,3,artillery_foot,518,520.517087359779
19132,3,artillery_foot,496,563.2625331970643
19134,4,general,351,352.2503413169444
19135,3,general,199,199.52166186296074
19136,4,general,351,352.2503413169444
19137,4,general,351,352.2503413169444
19138,2,general,526,526.433436208629
19139,3,infantry_grenadiers,382,559.7393526387348
19140,2,artillery_horse,1031,755.324633346081
19141,3,artillery_horse,539,658.1039055507929
19142,3,general,463,428.04029222803587
19143,4,general,229,379.5120795138369
19144,0,general,352,326.22690359247656
19145,0,general,442,369.89918126473094
19147,0,general,523,478.21241638314115
19148,3,general,975,321.5694898385526
19149,0,infantry_light,292,397.75565182965744
19150,3,infantry_light,438,443.7373400907919
19151,0,infantry_light,479,440.6100406497157
19152,4,infantry_light,401,397.61605395727724
19154,1,infantry_line,1098,350.67421226453405
19155,3,infantry_line,958,351.1393686521847
19156,1,infantry_skirmishers,231,241.4421002735281
19157,2,artillery_foot,350,478.91267922511787
19159,3,cavalry_lancers,774,576.9124210108246
19160,4,cavalry_light,1150,605.5736687346595
19162,0,general,1151,579.9599500213421
19163,0,general,316,316.93482149389007
19165,3,general,789,400.570211026952
19166,4,general,780,512.5347934234048
19167,0,infantry_light,719,410.5529372324499
19168,2,infantry_line,413,349.2319565486715
19170,2,artillery_foot,1199,512.8085974109235
19171,1,artillery_foot,75,422.0689843639661
19172,4,artillery_horse,115,595.3426422950329
19173,4,cavalry_lancers,584,536.4728929288221
19174,3,cavalry_light,500,554.7695038165984
19175,3,cavalry_light,901,566.2643222295018
19177,2,general,341,254.8692835317882
19179,0,general,816,425.9779224431964
19180,4,infantry_line,345,351.0160142910092
19181,0,infantry_line,273,348.91969164445703
19182,0,artillery_horse,405,658.3602143546971
19183,2,general,271,203.94041809490258
19185,4,cavalry_light,652,571.8662073837626
19186,4,cavalry_light,1103,587.5340358941943
19188,0,general,1297,446.0357352944306
19189,0,general,988,279.48356450121565
19190,0,general,581,425.9779224431964
19191,1,cavalry_heavy,2534,1417.1865822006048
19192,2,cavalry_heavy,2344,1362.6834342918519
19193,2,cavalry_heavy,662,1167.5614469839904
19194,3,cavalry_standard,937,714.9243185491061
19195,4,cavalry_standard,1045,703.0384045909396
19196,4,general,407,409.42035760831885
19197,4,general,2288,396.1680855165249
19198,3,general,765,281.64660478926027
19199,3,general,2110,395.7623770035864
19201,0,infantry_line,454,348.91969164445703
19202,2,artillery_horse,1379,755.324633346081
19203,0,artillery_horse,1047,710.0431314829111
19205,2,general,1371,368.6529912422051
19206,3,general,332,410.59031324507805
19207,2,general,854,535.6746859529454
19208,4,infantry_grenadiers,855,577.4997180591853
19209,1,infantry_line,388,345.08522635583165
19210,0,infantry_line,345,345.9467308710919
19211,4,infantry_line,338,345.5223003467845
19212,0,infantry_line,764,352.58655675480014
19213,1,cavalry_lancers,735,565.9600119450962
19214,2,cavalry_lancers,465,566.0216232638003
19215,4,cavalry_lancers,471,563.4305308576004
19216,3,cavalry_lancers,528,562.903160069171
19217,0,general,417,331.91311193051337
19219,3,infantry_light,316,374.83046775034217
19222,0,infantry_line,703,348.91969164445703
19223,2,general,378,410.14692087641487
19224,1,general,965,513.5315593134789
19225,0,infantry_grenadiers,908,558.1862169234192
19226,4,infantry_line,431,349.67348683819085
19227,1,cavalry_lancers,445,570.2947494691165
19228,2,general,206,408.83968226540657
19231,3,infantry_line,266,349.0031253861193
19232,2,general,265,310.47118722436664
19233,3,general,248,314.7921394586918
19234,3,infantry_line,348,344.56075881093244
19236,0,general,329,313.55489091079784
19237,1,general,236,409.41720782269937
19238,3,infantry_line,434,346.81136942900366
19239,2,infantry_line,295,347.75324942281844
19240,4,artillery_foot,928,556.6640372543956
19241,4,general,828,309.20171078018643
19242,1,cavalry_standard,939,748.9855298034716
19244,0,general,767,288.3730609013883
19246,3,infantry_line,376,341.3039803072685
19247,3,infantry_line,681,346.81136942900366
19248,1,general,782,407.8834408697236
19249,4,general,297,321.1261131011279
19250,1,infantry_grenadiers,813,582.3310739739574
19251,3,infantry_line,386,356.0576214623343
19252,0,general,269,490.44785387320104
19254,4,infantry_grenadiers,768,538.850034031323
19255,0,infantry_line,173,336.28856101041015
19256,0,infantry_line,259,324.9579358726763
19257,4,infantry_line,379,337.63055460864456
19259,0,general,173,297.66897051910775
19261,0,infantry_irregulars,166,385.08384766085663
19262,3,infantry_line,212,334.37571885193495
19263,1,infantry_line,312,330.53197740392784
19264,1,infantry_line,200,333.65861498311443
19265,3,infantry_line,360,336.4160114806496
19266,0,infantry_line,362,339.64253561304474
19267,3,infantry_line,503,336.1637635047642
19268,3,infantry_line,277,328.48270357129593
19269,0,cavalry_heavy,1956,1439.4659854590393
19272,0,cavalry_standard,482,724.8426142247665
19273,3,cavalry_standard,828,706.3302047199342
19274,3,general,559,792.5992266075654
19275,1,cavalry_lancers,445,559.1883339614631
19276,4,cavalry_lancers,978,656.364424346659
19277,1,general,806,293.9560193475234
19278,0,artillery_foot,1735,598.1359583156931
19279,4,general,1,1.0
19282,3,general,177,176.601039287184
19283,3,general,177,176.601039287184
19284,0,general,1022,1016.565551349854
19285,2,general,823,823.1582221977528
19286,2,cavalry_lancers,372,604.9901449353594
19287,0,cavalry_light,553,658.7758254942707
19288,2,cavalry_standard,566,759.0622095162777
19289,0,cavalry_standard,680,792.931021174979
19290,4,cavalry_standard,994,782.8526960337374
19291,4,general,418,290.2614455473627
19292,1,general,318,448.330755077917
19294,3,general,932,511.2781301797804
19295,4,general,431,295.72409143525306
19296,1,general,673,440.1260087031439
19297,3,general,733,333.8467816786707
19298,4,general,378,547.1836606787141
19299,0,infantry_grenadiers,670,600.2861717709843
19302,3,infantry_line,368,358.28586549712946
19303,4,general,217,564.5899715050462
19305,4,general,189,318.46487066504636
19307,1,general,595,570.9942961437475
19308,0,general,301,534.406000197873
19309,4,general,386,437.891533315244
19311,0,general,405,326.36822708944214
19312,3,general,358,578.299536446808
19315,0,infantry_light,311,459.5134755471082
19317,2,infantry_light,525,457.7175534728579
19318,2,infantry_line,297,355.7976721497151
19319,1,infantry_line,190,367.0161896888581
19320,1,infantry_line,512,360.4957106760128
19321,2,infantry_line,437,371.5615758095928
19322,1,infantry_line,317,368.0161457669314
19323,3,infantry_line,499,368.0132521883002
19325,3,general,462,333.8467816786707
19326,1,general,184,358.1057422410153
19327,2,general,159,426.4135370007357
19328,3,general,166,333.36398595084756
19329,2,general,343,331.51063889108417
19330,2,general,626,414.5670972447912
19331,0,general,754,332.88863238713157
19333,0,general,1000,553.4693494247268
19334,3,general,1003,328.6264369954164
19336,3,general,697,726.0948299766524
19337,2,infantry_grenadiers,833,607.0469659201634
19338,4,infantry_grenadiers,1147,600.0244071228776
19339,4,infantry_grenadiers,948,612.9031419903482
19340,0,infantry_grenadiers,879,608.3932294656393
19341,1,infantry_grenadiers,1238,608.2709653871364
19343,2,infantry_grenadiers,678,576.1087641614497
19344,2,infantry_grenadiers,765,574.3286337850342
19345,2,infantry_light,472,463.0079352098736
19346,3,infantry_line,241,360.542808896392
19347,2,infantry_line,270,364.5599059481509
19348,3,infantry_line,223,362.74276778650847
19349,2,infantry_line,558,365.0173357138359
19351,2,infantry_line,264,352.6249075721395
19352,3,infantry_line,591,359.70330990851335
19353,4,infantry_line,574,362.3591804080155
19354,1,cavalry_lancers,663,613.8329072642073
19357,1,general,631,351.3488143248343
19358,0,general,589,272.29442455074417
19359,4,general,542,351.9309660725996
19360,4,general,651,327.06749857677755
19361,3,general,842,559.600442035504
19362,1,infantry_line,362,368.0161457669314
19364,4,cavalry_heavy,1705,1522.676842977707
19365,4,cavalry_heavy,1310,1435.707593329918
19366,4,general,1156,400.2329496504979
19368,3,cavalry_light,456,610.5782142776985
19370,0,general,470,590.590599258483
19371,4,general,402,455.2191805400263
19372,4,general,265,264.31613039623784
19373,4,infantry_light,352,468.901515082702
19374,3,general,207,326.8074713701402
19376,1,general,448,440.1260087031439
19377,3,general,355,337.1480218777654
19378,4,general,365,436.07041422488965
19379,2,general,500,421.2849866633843
19381,4,general,793,332.9910714540898
19382,4,general,441,332.9910714540898
19383,3,general,1023,569.1588981135839
19384,2,general,493,433.8329828895227
19385,3,general,469,322.20679502713256
19386,2,general,323,323.78772158280003
19387,0,infantry_grenadiers,434,588.0659088899314
19388,4,infantry_grenadiers,543,596.5052790285663
19389,2,infantry_grenadiers,582,578.2964729848487
19390,3,infantry_light,490,461.39734589551443
19391,1,infantry_light,417,454.5146163496148
19392,2,infantry_line,197,358.3390492661011
19395,4,infantry_line,285,350.6054792182274
19397,3,infantry_line,902,370.036764282768
19399,2,general,946,391.2142950994856
19400,1,general,399,419.5727405159326
19402,2,general,492,548.1338037578597
19403,2,general,412,329.03456853024863
19405,3,infantry_grenadiers,525,607.0547136623334
19406,2,infantry_grenadiers,829,572.0645188051993
19407,0,infantry_grenadiers,815,624.0276782833363
19408,4,infantry_grenadiers,770,608.2549221549124
19410,1,infantry_grenadiers,1148,610.9360360723955
19411,1,infantry_line,454,356.3359526016696
19412,0,infantry_line,299,373.28707241565553
19413,4,cavalry_light,594,603.3456666939444
19414,3,general,397,571.4478133977846
19415,1,general,673,573.8135327406922
19416,4,general,461,341.5896461632887
19418,4,general,96,358.8762076369244
19419,4,infantry_light,371,451.80511198773763
19420,1,infantry_light,588,462.06955571856633
19421,0,infantry_line,193,360.64013387975956
19422,4,general,650,322.60739998809186
19423,1,general,736,424.78903559262517
19424,1,infantry_grenadiers,780,606.4670210233501
19425,2,infantry_grenadiers,887,596.355168508856
19426,2,infantry_grenadiers,884,586.2576061863047
19430,1,general,117,331.72183079420597
19432,4,general,124,421.3796927937131
19433,2,general,888,327.9751770841431
19434,2,general,615,434.339639142483
19435,1,general,1024,429.1452646531299
19436,3,general,704,329.39340675534964
19438,4,general,675,329.58557248446715
19439,0,general,300,326.60272720197753
19440,3,infantry_grenadiers,802,611.4638010935311
19441,0,infantry_grenadiers,614,606.809301259571
19442,4,infantry_grenadiers,950,608.2549221549124
19443,1,infantry_grenadiers,1014,606.0125446687064
19444,1,infantry_grenadiers,824,602.7910107106719
19446,0,infantry_grenadiers,1058,602.7685645971436
19448,0,infantry_grenadiers,769,608.3932294656393
19450,4,infantry_line,192,358.0129154747182
19452,3,infantry_line,411,362.74276778650847
19453,0,cavalry_heavy,1736,1460.1627964925135
19454,3,general,1655,544.7826483276648
19455,2,general,187,443.9088395295702
19458,4,general,368,312.29243608924133
19460,3,general,939,436.25138380996594
19461,0,infantry_grenadiers,629,602.7685645971436
19462,2,infantry_grenadiers,892,586.2576061863047
19463,2,infantry_grenadiers,697,609.747386596838
19466,4,infantry_line,212,379.4288199069103
19467,0,infantry_line,226,359.5831019586865
19469,3,infantry_line,576,362.4707797543737
19470,4,general,180,330.5724038443287
19471,0,general,128,425.21859508239095
19472,4,general,670,321.2493000432265
19473,4,general,322,328.58723954822904
19475,4,general,482,550.8372679689381
19477,0,infantry_grenadiers,493,592.1148882832928
19478,4,infantry_grenadiers,574,613.8166961539596
19480,4,infantry_line,175,364.04290653563123
19481,3,infantry_line,279,367.5001086323131
19483,2,infantry_line,441,365.0173357138359
19484,4,infantry_skirmishers,302,270.1732081258874
19486,4,cavalry_light,787,606.0873927363743
19488,0,general,646,347.90613661440403
19489,1,general,284,334.4601981540454
19491,0,infantry_light,398,450.635588903959
19492,2,cavalry_light,988,622.5162433257486
19494,0,cavalry_heavy,1469,1406.3044668107975
19495,4,cavalry_lancers,410,597.5583498154621
19496,0,cavalry_light,1105,655.4201533021021
19497,4,general,264,319.86874264205403
19498,3,general,362,459.58163390454666
19499,1,general,195,413.0076698080979
19500,0,general,1033,488.95150779407345
19502,4,general,459,316.45853969008874
19503,3,infantry_grenadiers,566,588.4574601660862
19504,2,infantry_line,366,357.0795048255485
19505,1,infantry_line,260,350.76035033137686
19507,1,cavalry_light,394,589.8351584950124
19511,2,general,819,392.88835829795244
19513,1,general,151,433.18452631797703
19514,1,general,232,264.0268509944321
19516,4,infantry_grenadiers,730,603.4658673567723
19517,1,infantry_grenadiers,900,606.0125446687064
19518,0,infantry_grenadiers,681,601.1186157964266
19519,3,infantry_grenadiers,633,607.0547136623334
19521,2,infantry_line,292,364.0996294040609
19522,3,infantry_militia,163,201.9326795575218
19524,3,general,318,427.39574830121677
19525,2,general,122,429.13638277226596
19527,0,general,240,551.2392632356739
19528,0,general,872,300.39964915975105
19529,2,general,267,326.46309383328986
19531,3,infantry_line,368,360.542808896392
19532,3,infantry_line,151,365.41732147312786
19533,2,infantry_line,240,365.9238081110223
19534,2,cavalry_light,600,611.5519886098089
19535,3,general,316,429.68120935387867
19536,3,general,429,269.57296091861997
19537,3,general,429,269.57296091861997
19538,0,general,109,357.45742172093446
19540,4,infantry_line,208,362.3591804080155
19541,3,cavalry_light,771,598.1838510369354
19543,2,general,765,601.9233018351058
19545,1,general,699,301.454388282254
19548,0,general,123,357.45742172093446
19549,1,infantry_line,215,362.899252636835
19551,1,general,166,329.3661466932207
19553,4,infantry_line,269,365.14896294944106
19554,0,infantry_line,267,363.7325745037181
19556,2,general,385,556.1729073097374
19557,2,infantry_line,357,364.0996294040609
19561,0,infantry_line,248,366.22468733703903
19562,2,infantry_line,270,361.2759251033731
19563,0,cavalry_heavy,1570,1485.2370086866658
19564,0,cavalry_heavy,1541,1455.395812335129
19567,4,cavalry_heavy,1554,1383.3008730427148
19568,3,general,1378,392.17508233861656
19569,2,general,179,354.9739088795873
19570,3,general,154,365.4992908815068
19571,4,general,535,324.4725432195954
19572,0,infantry_grenadiers,650,594.3131188817111
19573,2,infantry_line,254,366.3729253675836
19574,0,infantry_line,250,360.11331088041567
19576,1,artillery_foot,656,562.5385499695387
19578,4,artillery_foot,525,565.6282014745951
19579,3,artillery_foot,241,520.517087359779
19580,1,artillery_foot,236,519.8713766696803
19581,2,artillery_foot,470,552.1482681730474
19582,2,artillery_foot,678,552.1482681730474
19584,1,artillery_foot,325,519.8713766696803
19585,4,artillery_foot,518,565.6282014745951
19586,3,artillery_foot,771,595.7032684959449
19587,2,artillery_horse,925,813.2687133485973
19588,1,artillery_horse,846,756.6729362480226
19589,3,artillery_horse,903,767.8783907789252
19590,4,artillery_horse,1042,805.1941375640921
19591,1,artillery_horse,565,699.2811445140061
19593,2,general,340,256.2825002482609
19594,2,general,549,332.9865557951341
19595,2,general,526,526.433436208629
19596,4,general,1,1.0
19597,3,general,199,199.52166186296074
19599,4,general,740,255.66773974077984
19600,4,general,1,1.0
19602,4,general,1,1.0
19604,1,infantry_grenadiers,359,542.0658694694285
19605,1,infantry_grenadiers,359,542.0658694694285
19606,1,infantry_grenadiers,359,542.0658694694285
19607,4,cavalry_light,1063,591.7286367511175
19608,1,general,169,468.10633107979385
19609,0,general,1058,567.9661504947558
19610,1,general,470,320.86918709416335
19611,3,general,830,404.02545364822157
19612,3,general,315,416.7475916765297
19613,2,general,347,623.56464644217
19614,0,general,173,354.4738593346566
19615,1,general,259,303.9780278001043
19616,0,general,168,315.07664697601507
19617,0,general,183,315.07664697601507
19618,3,general,867,263.5436510156741
19620,2,infantry_grenadiers,873,556.600140062523
19621,2,infantry_light,303,384.4838752050008
19622,0,infantry_light,370,411.44543215647263
19623,4,infantry_light,205,371.48940909756044
19624,4,infantry_light,247,363.7054660330213
19625,2,infantry_line,579,352.7993377407696
19626,0,infantry_line,365,351.78602268504915
19627,4,infantry_line,279,347.8520165750211
19628,0,infantry_line,266,348.91969164445703
19629,3,infantry_line,1220,371.0277304340472
19630,2,cavalry_heavy,2251,1305.6279025976353
19632,4,general,243,315.6173179606215
19633,0,general,318,313.93835681160664
19634,1,general,497,628.7222715794945
19635,0,general,2021,372.81395920354885
19636,3,general,701,544.5580699105412
19638,1,general,640,399.2711970665434
19639,4,infantry_grenadiers,685,568.4352696797511
19640,2,infantry_light,434,393.04802833365164
19641,0,infantry_light,476,384.4660452825193
19642,4,infantry_line,340,349.67348683819085
19643,1,infantry_line,417,345.96968739273314
19644,4,infantry_line,624,353.64328306439313
19646,3,artillery_horse,2117,753.1638385496103
19647,1,general,427,315.1893271024447
19648,2,general,415,410.578139497656
19649,1,general,2141,368.5858913940552
19650,4,general,386,297.43213165273767
19651,4,general,717,319.2004790664103
19652,3,general,480,412.1655891303691
19653,4,general,583,532.4639708485714
19654,0,general,440,292.9235080826358
19655,4,general,586,492.49770235231597
19656,0,general,708,643.1999461389532
19657,1,general,540,385.3578824881622
19658,4,infantry_grenadiers,825,592.7009671490046
19659,1,infantry_light,499,405.9301141519812
19660,0,infantry_light,600,402.438849791658
19661,2,infantry_light,568,397.9670215833939
19662,0,infantry_line,530,348.91969164445703
19664,4,infantry_line,527,346.92734425935646
19665,3,cavalry_light,577,578.8944774037989
19667,3,general,466,338.4981866753905
19668,0,general,210,256.7360949820254
19669,0,general,307,306.2745926540476
19671,1,cavalry_lancers,318,561.4832875593713
19672,4,general,824,509.61189719104635
19673,0,infantry_light,754,408.43687690805854
19674,4,artillery_horse,820,686.8546655849573
19675,0,cavalry_heavy,1867,1329.0198503765869
19676,4,cavalry_lancers,471,563.4305308576004
19677,3,cavalry_lancers,528,562.903160069171
19680,4,general,598,409.42035760831885
19681,0,general,835,800.8691315864443
19682,3,general,1766,492.6376223502137
19684,3,general,617,317.25298599246463
19685,3,infantry_grenadiers,759,572.6130109281539
19686,3,infantry_line,384,349.434713362215
19687,2,infantry_line,649,347.37868388489534
19688,1,infantry_line,726,345.96968739273314
19689,0,artillery_horse,1066,710.0431314829111
19691,1,cavalry_light,616,572.8284247360011
19692,0,general,399,407.3368429233243
19693,4,general,869,257.80421977738257
19695,1,general,464,256.4141573538061
19696,3,general,318,418.2296397743365
19697,2,general,456,535.6746859529454
19698,3,general,1274,592.8666760234319
19700,4,general,312,404.4322610328364
19701,0,general,271,320.1643634986492
19702,1,general,886,320.86918709416335
19705,4,infantry_line,414,351.9001760500857
19706,4,infantry_line,452,347.8520165750211
19707,2,infantry_line,317,345.4753535386657
19708,2,infantry_line,378,351.0379829782908
19709,3,infantry_line,377,344.56075881093244
19710,4,infantry_line,373,354.07393672780904
19711,4,infantry_militia,229,175.52388219554675
19713,1,general,254,407.8834408697236
19714,4,infantry_line,310,346.92734425935646
19716,4,general,619,312.71809607327646
19717,1,general,366,314.00092995847774
19718,1,infantry_line,466,345.96968739273314
19719,3,infantry_line,727,347.2543176477321
19720,2,artillery_horse,148,627.5726005196419
19721,2,cavalry_heavy,1277,1303.347980483752
19723,2,cavalry_standard,558,707.8863629396606
19724,0,cavalry_standard,523,728.1863085706824
19725,0,cavalry_standard,456,719.6972255448978
19726,4,cavalry_standard,1047,759.119746703661
19727,0,cavalry_standard,685,767.8604889786701
19728,3,cavalry_standard,934,724.7032921084784
19729,2,general,642,499.49740612888183
19730,0,general,423,280.11570608402087
19731,3,general,270,411.6432647656288
19733,3,general,938,623.6638495958885
19734,1,general,863,290.73600453022317
19735,0,general,840,283.1865015516704
19736,1,general,425,360.8193156012809
19737,3,general,230,408.45025809279804
19738,0,general,1123,372.0945675094732
19739,2,general,272,316.65938679999203
19740,1,infantry_line,293,343.2876131222215
19741,4,infantry_line,365,351.0160142910092
19742,2,infantry_line,320,346.24288326569035
19743,2,cavalry_lancers,355,568.0350239284509
19744,3,cavalry_standard,1063,748.403565738492
19745,0,general,253,326.9980767118965
19746,3,general,440,411.1181837468682
19747,0,general,877,292.6642533366753
19748,2,general,220,257.65865109644835
19749,0,general,1780,1132.4028904947054
19751,3,infantry_line,491,346.81136942900366
19755,3,infantry_line,356,350.71641048043364
19756,2,general,248,407.511509825022
19757,0,general,228,291.0872800825411
19758,0,general,214,372.81395920354885
19759,2,general,165,290.11786985761006
19760,3,general,362,404.58959785695686
19761,4,general,200,290.1989342705237
19762,0,general,555,524.7099946948335
19763,1,general,454,624.9310535106404
19764,3,general,399,317.25298599246463
19765,1,infantry_light,270,389.47011604408084
19766,0,infantry_light,332,393.5406165483424
19767,2,infantry_light,305,398.60073583129486
19768,3,infantry_light,386,388.5308777104236
19769,3,infantry_line,303,347.6949404063045
19770,2,infantry_line,410,341.0962009938645
19773,2,general,239,398.06164391039744
19774,3,general,965,441.0127340922918
19775,4,general,1217,551.7561850362281
19776,1,infantry_line,296,337.15940594884637
19777,3,infantry_line,173,334.8906289040095
19779,3,infantry_line,982,372.0298354410647
19780,0,general,251,393.4444192744838
19781,1,general,100,311.5666883302441
19782,2,general,686,305.5913878821101
19783,1,infantry_grenadiers,804,565.1273069748993
19784,2,infantry_line,207,343.914588628904
19786,3,cavalry_heavy,1166,1232.394280320532
19787,3,cavalry_heavy,1670,1296.144291325322
19788,1,cavalry_heavy,1321,1193.5042930072914
19789,2,cavalry_heavy,2453,1327.4134917727793
19790,0,cavalry_standard,555,748.4356526547956
19791,2,cavalry_standard,776,716.2684996278023
19793,2,general,967,275.2448779569355
19794,1,general,455,371.29801949520413
19795,3,general,2211,383.9641132908868
19796,1,general,1096,257.33108854736287
19797,0,general,1576,477.24978083616946
19798,1,cavalry_standard,599,716.0856877695854
19799,4,general,456,271.41809025129334
19800,4,cavalry_standard,957,722.4104711018733
19801,2,cavalry_standard,657,706.4406750419034
19802,0,general,825,360.49606230976184
19803,2,general,512,282.01333722164276
19804,3,artillery_horse,578,658.1039055507929
19805,2,cavalry_light,559,617.6835599963903
19806,4,cavalry_light,1103,587.5340358941943
19807,4,general,1016,433.7588192260529
19808,0,general,459,354.4738593346566
19810,4,artillery_foot,508,524.5902610314033
19811,2,artillery_foot,450,478.91267922511787
19813,0,artillery_foot,547,525.6440836817086
19814,4,artillery_foot,518,524.5902610314033
19815,3,artillery_foot,1917,616.0483991339454
19816,0,artillery_foot,2237,631.0835941411962
19817,1,artillery_foot,1041,577.2440086281251
19818,2,artillery_foot,1115,538.3033058274103
19819,4,artillery_horse,323,686.8546655849573
19821,4,artillery_horse,821,686.8546655849573
19822,1,artillery_horse,1674,743.4687138572446
19823,1,artillery_horse,1077,703.0033702997421
19825,2,general,2424,782.5484894041101
19826,0,general,312,313.75368630760426
19827,3,general,177,176.601039287184
19830,0,general,924,244.48338579640856
19831,4,general,834,410.1414029674849
19833,3,general,827,331.11292944664314
19834,3,general,177,176.601039287184
19836,4,general,204,184.97083255805688
19837,1,general,408,228.7082771017122
19838,2,general,823,823.1582221977528
19839,0,general,2496,601.1320956811711
19840,0,general,569,316.0725857448113
19841,0,infantry_skirmishers,136,247.81348681349132
19842,0,infantry_skirmishers,136,247.81348681349132
19843,0,infantry_skirmishers,136,247.81348681349132
19844,0,artillery_foot,330,493.7783922433476
19845,0,artillery_foot,414,493.7783922433476
19846,0,artillery_horse,303,618.4489814554727
19847,1,artillery_horse,1351,696.1161964390243
19848,0,cavalry_light,475,544.140626987151
19849,0,cavalry_light,430,554.9319913069507
19850,2,cavalry_light,443,523.3588865972517
19851,2,general,334,246.01248105540938
19852,0,general,350,380.3269082326982
19854,3,general,296,247.17379335611696
19857,0,general,256,294.90672853044
19858,1,general,273,387.9734569227963
19859,4,general,297,290.5314966778792
19860,2,general,97,284.18287405655633
19862,3,general,208,300.61034111689656
19863,0,general,300,296.32872351001197
19864,1,general,230,296.93128561719357
19865,0,general,381,480.19748448686414
19866,1,general,492,226.46767096192497
19867,3,general,59,283.33416879119386
19868,4,general,433,392.84663294226726
19870,4,general,1094,805.3370363015721
19871,0,general,513,294.18435646703807
19872,4,general,123,279.00236196778695
19873,2,general,750,503.93317768665577
19874,4,general,630,293.51602060713157
19875,3,general,453,299.5320034896646
19876,4,general,539,485.903581481203
19877,0,infantry_grenadiers,242,465.8801807411946
19878,0,infantry_grenadiers,866,515.9125657832535
19880,2,infantry_light,407,398.3367552789711
19881,4,infantry_light,458,407.0216900772167
19882,3,infantry_light,314,405.3611058998332
19883,3,infantry_light,359,387.7914236360904
19885,3,infantry_light,334,402.4843498636821
19886,4,infantry_light,370,394.9694298824098
19887,3,infantry_light,304,403.93332364202183
19888,3,infantry_light,362,373.7211704321912
19889,0,infantry_light,515,390.5798741751953
19890,0,infantry_light,688,406.61146922548227
19891,1,infantry_light,571,402.44079710952906
19892,0,infantry_line,171,312.6079103530536
19893,0,infantry_line,199,315.4405450089387
19894,1,infantry_line,629,323.10628643917147
19895,3,infantry_line,230,310.62517470810144
19896,0,infantry_skirmishers,127,220.03741423178366
19897,4,infantry_skirmishers,196,214.2676124837671
19898,4,infantry_skirmishers,134,225.10684762904168
19899,1,infantry_skirmishers,196,240.2001381416216
19900,1,artillery_foot,266,452.234982106193
19902,1,artillery_foot,208,452.234982106193
19903,1,artillery_horse,906,658.228144770106
19904,0,artillery_horse,925,666.9987673624491
19905,3,cavalry_light,746,533.4132393524546
19906,3,cavalry_light,471,546.6885694445839
19907,3,cavalry_light,929,557.092311643538
19909,0,cavalry_standard,524,669.3787730420461
19910,3,cavalry_standard,950,668.3272202835888
19911,4,cavalry_standard,455,697.9206578174753
19912,4,general,172,291.55021617342817
19913,0,general,771,263.13448069936135
19914,3,general,51,294.2747226147138
19915,0,general,65,291.21464563515326
19916,0,general,612,311.79181476867114
19917,4,general,928,543.2884045034027
19918,0,general,150,201.82804844019253
19919,1,general,366,316.8818437352299
19920,2,general,327,270.6036509334283
19921,0,general,96,201.82804844019253
19924,4,general,74,283.5735519550331
19925,0,general,558,357.9100259688082
19926,4,general,1176,383.7513049029511
19927,3,general,337,483.7203879808269
19928,2,general,945,303.0720351054674
19929,2,general,1251,506.8898012711599
19930,3,general,116,284.4642785764055
19932,3,infantry_line,277,323.79073624791874
19933,3,infantry_line,171,315.4251865370358
19935,0,infantry_line,144,324.1571740756987
19936,0,infantry_line,1075,338.6909473328708
19937,3,infantry_line,1159,333.5918927885025
19938,2,infantry_line,324,315.3072234567543
19939,0,infantry_line,219,313.80176166565553
19940,4,infantry_skirmishers,102,213.05999060234998
19941,3,artillery_foot,266,451.2757179950177
19942,3,artillery_horse,443,615.2102291710255
19943,4,cavalry_heavy,1299,1193.1777908365998
19944,0,cavalry_heavy,1661,1266.3161303106633
19945,0,cavalry_standard,1032,694.5663654098835
19946,2,general,1472,359.8410364240755
19947,4,general,891,340.90227324251384
19948,0,general,109,283.79119303257943
19949,1,general,1085,258.5265485018265
19951,0,infantry_skirmishers,98,220.03741423178366
19953,0,general,601,342.4438697965294
19954,0,general,231,293.0860632741942
19956,0,artillery_foot,460,493.7783922433476
19957,3,artillery_foot,527,488.3349850770702
19958,3,general,364,280.23522625263314
19959,4,general,142,358.7637521460591
19961,4,general,40,274.3753889852049
19964,0,general,732,298.4074184927975
19965,2,general,626,478.14228487341654
19967,4,infantry_grenadiers,873,549.9666027996476
19968,2,infantry_grenadiers,1076,549.6753476554842
19969,4,infantry_grenadiers,438,477.29446457115824
19970,1,infantry_grenadiers,588,505.1528279797487
19973,3,infantry_line,375,327.85753350776065
19974,2,infantry_line,219,308.39973593537627
19975,0,infantry_line,238,317.71905824256544
19976,2,infantry_line,251,317.3206045190931
19978,1,artillery_foot,322,452.234982106193
19979,2,artillery_foot,345,479.99918112985256
19980,0,artillery_foot,473,493.7783922433476
19981,3,general,198,384.8133176496183
19982,0,general,239,298.4074184927975
19983,4,general,505,291.1508716449585
19984,3,general,112,296.19687363862084
19985,2,general,205,372.1233006417827
19987,0,general,191,384.8998449707017
19988,2,general,187,368.00134452625264
19989,1,general,158,295.84676276126095
19990,1,general,137,382.86465961137947
19991,1,general,572,379.9545542523808
19993,3,general,247,301.67290784868146
19995,2,general,679,290.2682949822514
19997,1,general,956,391.9554733754011
19999,2,general,597,281.87270125457843
20000,2,infantry_grenadiers,627,527.7242786854462
20003,1,infantry_grenadiers,727,520.2523317863576
20004,4,infantry_grenadiers,803,536.0842202720622
20006,0,infantry_grenadiers,1005,527.9939363138911
20007,2,infantry_line,262,324.09031611144025
20008,3,infantry_line,265,326.659374415896
20010,1,infantry_line,212,304.5961378383235
20013,2,infantry_line,198,325.15344837930337
20014,0,infantry_line,214,310.15870489310856
20015,4,infantry_line,219,323.4495795277087
20016,2,infantry_line,264,316.5228146814699
20017,0,infantry_line,257,314.27380135817566
20018,1,artillery_foot,531,489.3510635442436
20019,2,artillery_foot,623,479.99918112985256
20020,3,artillery_foot,753,516.4603175009216
20021,2,cavalry_light,354,564.179296369165
20022,3,cavalry_standard,1120,681.8546805043391
20023,0,general,972,346.7756227313301
20026,4,general,440,272.4006323481139
20027,1,general,154,380.9348438632567
20028,1,general,662,293.8061960056451
20029,4,general,229,497.10227663334206
20030,2,general,351,382.26999386356516
20031,4,general,284,497.7707708214069
20032,0,general,81,279.62362793882266
20033,3,general,147,296.19687363862084
20035,2,general,503,284.5590410605276
20036,4,general,262,318.4841827381545
20037,3,general,807,399.72421782956013
20038,4,general,190,380.6987920391557
20040,4,general,766,293.51602060713157
20041,3,infantry_grenadiers,839,562.6334438269802
20043,3,infantry_grenadiers,903,543.6966764860385
20044,4,infantry_light,385,391.7233627777561
20046,2,infantry_line,236,324.09031611144025
20047,0,infantry_line,175,308.3926409843373
20048,1,infantry_line,188,306.43309400500294
20051,0,infantry_line,322,329.7004372532451
20052,4,infantry_line,225,323.4495795277087
20053,2,infantry_line,251,323.73208680291344
20054,0,infantry_skirmishers,126,222.39413530502608
20057,1,cavalry_heavy,982,1338.3633309345867
20059,0,cavalry_heavy,1800,1321.4455726426147
20060,0,cavalry_heavy,855,1261.95270538906
20061,2,cavalry_heavy,890,1336.6440545091834
20062,3,cavalry_standard,408,653.5617630429216
20063,2,cavalry_standard,773,675.431331394201
20065,2,general,1429,286.4040251156138
20066,4,general,810,286.612369447784
20067,1,general,1796,628.3216797170693
20069,0,general,688,275.89086851245685
20070,2,general,282,259.43930564717533
20071,4,general,392,225.48580297034414
20072,2,cavalry_light,559,561.1663990961854
20073,3,general,416,248.75642154198093
20074,0,general,156,282.7202603198114
20075,3,infantry_light,262,381.32956762063696
20077,0,artillery_foot,521,493.7783922433476
20078,3,artillery_foot,467,488.3349850770702
20079,4,general,361,386.225552466667
20080,4,general,247,298.03757175036753
20081,4,general,287,292.7357861237103
20082,0,general,205,297.72154098465535
20084,2,general,702,501.4023007952161
20085,0,general,428,591.9236535861529
20086,2,general,519,222.79412496232356
20087,2,general,559,377.1441269264806
20088,0,general,675,288.1065355839226
20089,0,general,714,300.09262884921236
20090,4,general,636,293.51602060713157
20091,3,general,640,390.0490387901591
20093,2,general,477,358.4356139567486
20095,0,general,675,288.1065355839226
20096,1,general,985,496.706698786723
20097,2,infantry_grenadiers,835,537.9080230625582
20098,3,infantry_grenadiers,614,535.2914315021214
20099,3,infantry_grenadiers,809,528.6089923690604
20100,1,infantry_grenadiers,538,507.4925736732553
20101,2,infantry_grenadiers,933,531.2266583729959
20102,3,infantry_grenadiers,758,543.6966764860385
20103,4,infantry_light,626,401.1696547090832
20104,1,infantry_light,391,398.97567730012616
20105,3,infantry_light,346,368.96861587457914
20106,3,infantry_light,689,403.93332364202183
20107,4,infantry_line,349,330.1968269552977
20108,4,infantry_line,299,325.61630294390056
20109,1,infantry_line,312,327.1621650155219
20110,0,infantry_line,406,330.4599863056538
20111,2,infantry_line,509,327.56950696631617
20112,3,artillery_foot,492,488.3349850770702
20113,1,artillery_foot,408,489.3510635442436
20115,4,cavalry_heavy,2198,1354.336513214003
20116,1,cavalry_heavy,972,1323.0185936143598
20117,0,cavalry_light,389,554.9319913069507
20119,0,general,912,517.3266715739803
20120,0,general,2180,631.6932929307646
20121,1,general,463,293.25018380052745
20122,3,general,342,286.4528579322925
20123,2,general,242,385.50792070019855
20124,2,general,311,295.78304398999046
20125,1,general,845,370.0743252350647
20126,4,general,1224,268.33950049063367
20127,3,general,526,372.52321003270566
20128,1,general,641,369.2461455244583
20129,3,general,656,289.018508262087
20130,1,infantry_grenadiers,498,527.1689971662263
20131,1,infantry_grenadiers,457,525.9755301168672
20132,3,infantry_grenadiers,793,527.8445394007813
20133,2,infantry_grenadiers,632,506.43121282287484
20134,2,infantry_grenadiers,583,514.8054736821591
20135,2,infantry_grenadiers,742,520.35490308224
20136,3,infantry_line,311,329.0378451627223
20137,4,infantry_line,414,327.3105870360688
20139,4,artillery_horse,516,642.1019919632016
20140,1,artillery_horse,83,531.5674651012998
20141,0,artillery_horse,547,618.4489814554727
20142,1,cavalry_heavy,983,1345.7704063373897
20145,1,cavalry_standard,485,683.4947557244843
20146,3,cavalry_standard,727,695.6879402321449
20147,3,general,352,264.51263762381717
20150,0,general,573,273.44093393939926
20151,2,general,1,169.831322824271
20153,3,general,510,264.51263762381717
20155,2,general,214,295.78304398999046
20156,2,general,258,384.30941240786467
20157,2,general,309,495.05750290835414
20158,4,general,462,500.41077486723276
20159,1,general,366,384.7550218572773
20160,2,general,1097,380.17548975745063
20161,3,infantry_grenadiers,1158,540.2600585447972
20162,2,infantry_line,319,326.88814893914997
20163,3,infantry_line,323,324.62109180447817
20164,0,infantry_line,449,328.5465911990692
20165,2,infantry_line,437,326.54482755078266
20166,1,infantry_skirmishers,132,224.98100141767338
20167,2,artillery_foot,341,448.2719186483429
20168,4,artillery_foot,475,490.410080109001
20169,3,general,144,296.19687363862084
20170,2,general,291,293.25143948538926
20171,4,general,129,293.9031642023329
20172,4,general,186,380.6987920391557
20173,4,general,129,293.9031642023329
20175,4,infantry_grenadiers,685,516.2964627946121
20176,4,infantry_line,252,323.4495795277087
20178,3,infantry_line,396,324.62109180447817
20179,3,infantry_line,239,326.2559163366447
20180,3,infantry_skirmishers,123,221.28820810348614
20181,1,artillery_horse,464,608.3031497181738
20182,3,cavalry_standard,1007,681.8546805043391
20183,3,cavalry_standard,1036,675.9804087266747
20186,4,general,849,260.81994707252073
20188,3,cavalry_heavy,871,1284.1490881970733
20189,2,general,704,283.0394050789691
20191,4,artillery_horse,132,556.5525222031024
20195,3,general,159,158.33830932176468
20197,4,general,1,1.0
20198,1,general,1721,374.5481518809848
20199,1,general,1936,495.0627689883167
20200,2,general,327,453.5273805556268
20201,0,infantry_grenadiers,1865,678.522644673374
20204,0,infantry_line,616,393.73475224472475
20207,0,general,465,356.0379750758969
20208,1,general,1308,490.30913861027796
20209,0,infantry_grenadiers,984,605.8145530968222
20210,2,infantry_light,571,485.7355922906774
20212,4,infantry_line,424,398.29614875218385
20213,3,infantry_line,401,381.0860212604829
20214,1,infantry_line,1328,416.4111657043243
20215,3,infantry_skirmishers,310,258.6658654314003
20216,4,cavalry_light,505,665.9361246239016
20217,3,general,358,434.09435978772063
20218,4,infantry_light,276,458.1781172643493
20219,0,infantry_line,484,391.5169996717272
20220,2,infantry_line,431,369.2843625384772
20221,0,infantry_line,644,394.28076206059
20222,3,infantry_line,658,403.0344201210364
20223,3,infantry_skirmishers,224,269.784800308304
20224,3,infantry_skirmishers,260,263.67000276283795
20225,4,general,341,514.1842601169268
20226,0,general,751,568.3458529298963
20228,3,infantry_grenadiers,543,606.8999364985468
20229,4,infantry_light,331,452.5959896167697
20230,1,infantry_line,366,432.8586275051853
20231,1,infantry_line,1007,412.6812842144311
20232,3,infantry_line,317,365.37990791365456
20233,0,infantry_line,543,400.588843395461
20236,1,infantry_line,464,383.5497748705242
20237,2,infantry_skirmishers,218,289.018457356265
20238,4,artillery_foot,567,616.0493961982021
20239,3,artillery_foot,633,613.4909024053335
20240,2,infantry_light,749,483.8980434022868
20241,3,cavalry_heavy,1891,1613.2650885471046
20242,1,cavalry_heavy,1593,1498.2747199731075
20244,1,cavalry_light,790,660.2311294760902
20245,2,cavalry_standard,872,871.7769433642957
20247,4,general,1706,458.56147647118917
20249,1,general,930,464.4687698200951
20252,0,infantry_light,1248,477.63457614103487
20254,2,cavalry_light,782,669.9015344426164
20255,1,general,686,579.8785174784257
20256,4,infantry_light,672,463.51020676876914
20257,2,artillery_foot,2022,630.2602457527227
20258,0,cavalry_light,480,674.7449940299254
20259,2,cavalry_standard,677,837.0300792054263
20260,4,general,575,427.2418013864699
20261,0,cavalry_light,1573,770.382386702689
20262,4,artillery_foot,1003,616.0493961982021
20263,0,artillery_foot,369,565.7885323390391
20264,4,artillery_foot,90,491.12580498325315
20265,3,artillery_horse,700,772.8831441465499
20266,1,general,820,811.1852444243866
20268,0,general,401,403.659977854093
20270,2,general,34,390.8923968345582
20271,3,infantry_grenadiers,401,589.1848918346333
20272,4,cavalry_lancers,654,584.3213085847582
20273,2,cavalry_light,1009,594.1631336465975
20274,0,cavalry_light,844,575.5918793476061
20275,3,cavalry_light,701,578.6507942314463
20277,1,cavalry_light,810,596.172365858621
20278,3,general,131,297.32584846169493
20280,2,general,665,379.74968611815177
20281,3,general,647,269.18457731614484
20282,4,general,579,290.34580082817115
20283,1,general,548,340.9830201137831
20284,2,general,141,293.89447466359866
20285,0,general,828,265.45305704879144
20286,0,general,248,285.2614796740159
20287,3,general,752,453.1904661135935
20289,1,general,880,340.9830201137831
20290,4,general,427,394.6617989785516
20291,0,general,327,364.94563742141673
20293,3,general,432,294.2747226147138
20294,2,general,341,373.061230464925
20295,2,general,340,632.1286786216064
20296,0,general,436,290.06608881953014
20297,3,general,776,739.1275330285827
20299,3,general,194,296.95149411587084
20300,3,general,162,308.3886856908496
20301,4,general,411,298.7660498056476
20302,0,general,509,601.7376354901045
20303,2,general,913,737.6837103814933
20304,1,general,880,340.9830201137831
20305,1,general,645,435.125586005995
20307,0,general,174,307.0553465181618
20308,1,general,795,383.34087790672925
20309,4,general,724,291.55021617342817
20310,1,general,687,288.9667958128743
20311,3,general,883,499.3043955348124
20312,4,general,656,293.51602060713157
20313,1,general,862,637.8331128339839
20315,2,infantry_grenadiers,692,526.5309246677963
20316,2,infantry_grenadiers,536,525.9292125811413
20317,0,infantry_grenadiers,697,536.9911485347664
20318,0,infantry_grenadiers,526,544.1212230716692
20319,1,infantry_grenadiers,544,535.2252205710165
20320,3,infantry_grenadiers,388,528.6089923690604
20321,0,infantry_grenadiers,829,541.5756848976021
20322,0,infantry_grenadiers,847,537.6566012657003
20323,0,infantry_grenadiers,809,538.9768213927058
20324,4,infantry_grenadiers,717,539.1227402346916
20326,0,infantry_grenadiers,929,538.3184780337431
20327,1,infantry_irregulars,516,350.70567622605563
20328,3,infantry_irregulars,382,339.55895413771316
20329,0,infantry_irregulars,241,390.37167402992594
20330,2,infantry_irregulars,300,364.5706759545676
20332,3,infantry_light,252,415.67088966837235
20333,4,infantry_light,250,411.6624221736339
20335,3,infantry_light,355,384.9097623902169
20336,2,infantry_light,389,381.21756685027793
20337,4,infantry_light,812,387.8005737807418
20338,1,infantry_militia,245,151.0181549684932
20339,2,infantry_militia,326,153.77964334198435
20340,4,infantry_militia,228,159.28621420424838
20341,3,infantry_skirmishers,176,225.2415692823794
20342,4,infantry_skirmishers,170,216.6071518232343
20343,3,infantry_skirmishers,171,219.1965982470623
20344,3,infantry_skirmishers,186,215.89538260830267
20345,3,infantry_skirmishers,186,215.89538260830267
20346,2,infantry_skirmishers,114,220.3650671065641
20347,3,cavalry_lancers,695,557.55900730338
20348,2,cavalry_lancers,461,597.6281211723218
20349,4,cavalry_light,440,589.0340685199614
20352,2,cavalry_light,1095,589.4651902066647
20353,4,cavalry_light,947,603.5210099712527
20355,2,general,958,588.161577378784
20357,3,general,582,330.48275352295224
20358,1,general,1165,739.4300941138705
20360,0,general,391,481.53522969639795
20361,0,general,627,340.1850618287987
20362,0,general,396,475.3826261687895
20363,2,general,431,457.6317352168885
20364,4,general,315,293.9031642023329
20365,3,general,119,306.1070188421433
20366,1,general,399,436.19166258483665
20367,4,general,357,302.65531431362206
20368,1,general,547,760.6599809281435
20369,3,general,1287,572.4236419546044
20371,0,general,91,295.621458239227
20373,0,general,903,263.13448069936135
20375,2,infantry_irregulars,190,364.96887050489386
20376,2,infantry_irregulars,426,365.7588944777282
20377,3,infantry_light,209,411.3192681650834
20379,2,infantry_light,447,408.00906083255575
20380,4,infantry_light,523,384.90214620497375
20382,0,infantry_light,360,389.5107461004587
20383,3,infantry_light,510,393.3023903148517
20385,3,infantry_skirmishers,176,225.2415692823794
20386,4,infantry_skirmishers,170,216.6071518232343
20387,1,infantry_skirmishers,169,221.5945817580759
20388,2,infantry_skirmishers,297,238.40813448064114
20389,2,cavalry_heavy,1547,1255.8363181494983
20390,4,cavalry_heavy,1414,1302.8681533917588
20393,4,general,1249,363.2012301531757
20395,3,cavalry_heavy,1402,1269.7064808992582
20396,0,general,467,394.1990403980552
20397,2,general,1237,364.16521552685464
20398,2,general,161,292.92729755590557
20399,4,general,205,640.164053228126
20401,3,general,96,297.6982627563709
20402,3,general,1372,284.23974014822676
20403,0,general,52,304.29060886223436
20404,3,general,167,378.2193922849781
20405,3,general,432,297.6982627563709
20407,4,general,651,650.8219205179685
20408,1,general,560,296.5716001756748
20409,2,general,620,301.4006054793181
20410,2,general,671,648.7785989548171
20411,1,infantry_line,136,334.7000975554007
20412,2,infantry_line,257,323.73208680291344
20413,0,infantry_line,231,329.7004372532451
20414,0,infantry_line,177,322.91377353994886
20415,2,infantry_line,230,319.2729177907324
20416,0,infantry_line,507,337.66601281416854
20417,4,infantry_line,190,325.1873852542254
20418,2,infantry_line,727,333.0964638311297
20419,4,infantry_line,533,325.1873852542254
20420,0,infantry_line,665,329.31778015391046
20421,4,infantry_line,494,326.890175877751
20422,2,infantry_line,537,326.88814893914997
20423,1,cavalry_standard,685,736.7472309251818
20426,1,general,539,282.66574598017047
20427,2,general,118,290.2682949822514
20428,1,general,130,288.5641005559142
20429,1,general,131,305.06718879829765
20430,0,general,280,290.06608881953014
20431,2,general,289,383.90578308860455
20432,3,general,781,672.2570087415431
20433,1,general,343,378.9636796464409
20434,1,general,534,502.15619798023596
20435,3,general,371,388.6498701739683
20437,1,general,1055,653.7562997932805
20439,0,infantry_line,203,338.3508066416933
20441,2,infantry_line,337,326.54482755078266
20442,0,infantry_line,225,320.79379317274305
20443,3,infantry_line,223,320.812919578253
20444,2,infantry_line,408,322.2792816129124
20445,1,infantry_line,419,327.1621650155219
20446,4,infantry_line,880,330.1968269552977
20447,3,infantry_line,681,331.72573137467907
20448,3,infantry_line,638,336.8459948878329
20449,4,infantry_line,493,328.97178302126974
20450,3,infantry_line,532,330.5848384738174
20451,1,general,337,485.0000232013708
20452,4,general,223,301.61363595922086
20453,0,general,75,306.1458359115398
20454,0,general,208,379.38289362942993
20455,1,general,117,374.8889838850088
20456,0,general,140,364.3815793536787
20457,0,general,520,287.70755848034355
20458,3,general,397,501.81894278835483
20459,1,general,176,297.9996515256266
20460,2,general,287,497.7497467513649
20461,3,general,168,295.43421380460916
20462,3,general,124,297.6982627563709
20464,2,general,931,485.9202987222793
20465,1,general,577,394.9407026809656
20466,4,general,828,370.355374445577
20467,3,general,768,378.2193922849781
20468,0,general,589,304.9145051511127
20469,1,general,914,806.2694048145648
20470,3,general,719,470.29705704938567
20471,1,infantry_grenadiers,630,530.6838040491086
20472,3,infantry_grenadiers,814,532.3642394221431
20473,3,infantry_grenadiers,867,530.1243178511033
20474,4,infantry_grenadiers,877,527.3682329187797
20475,1,infantry_grenadiers,680,527.1689971662263
20476,3,infantry_line,215,325.8503833304637
20477,4,infantry_line,259,328.55950642489853
20479,1,infantry_line,164,336.8302457051975
20480,3,infantry_line,313,318.1662323533329
20481,3,infantry_line,267,323.3722324269959
20482,2,infantry_line,186,319.2729177907324
20483,4,infantry_line,266,326.0430576866728
20484,1,infantry_line,362,325.56485135827745
20485,4,infantry_line,314,334.1587605055442
20487,1,infantry_line,618,335.41638414817544
20488,2,infantry_line,433,334.63927094590457
20489,4,infantry_line,665,303.9814151801768
20490,0,infantry_line,682,337.66601281416854
20491,3,general,380,399.72421782956013
20492,3,general,297,500.5682019208813
20493,1,general,147,375.9248983394397
20494,2,general,147,385.50792070019855
20495,1,general,96,293.62698285743
20496,3,general,224,377.16157861273126
20497,3,general,270,303.41017394948636
20498,0,general,115,294.18435646703807
20499,1,general,79,296.5716001756748
20501,0,general,314,305.840027382319
20502,3,infantry_irregulars,373,346.94434405111457
20503,3,infantry_irregulars,419,352.2693339657413
20504,2,infantry_line,213,323.3718928199339
20505,0,infantry_line,158,329.31778015391046
20506,3,infantry_line,198,329.0378451627223
20510,3,infantry_militia,239,158.5405050914458
20511,4,infantry_militia,185,158.64530490082808
20512,3,infantry_skirmishers,176,225.2415692823794
20513,0,infantry_skirmishers,128,223.5327664743372
20515,4,cavalry_heavy,1230,1279.8897260030387
20516,0,general,1027,277.7846151491967
20517,4,general,1419,352.7288544205719
20518,1,cavalry_standard,857,721.1749342903157
20519,2,cavalry_standard,1081,707.0692052725398
20520,2,general,943,366.7445097862623
20524,1,artillery_foot,832,517.5184376182888
20528,0,artillery_foot,377,493.7783922433476
20529,0,artillery_foot,377,493.7783922433476
20530,0,artillery_foot,377,493.7783922433476
20531,0,artillery_foot,377,493.7783922433476
20532,0,artillery_foot,377,493.7783922433476
20533,0,artillery_foot,377,493.7783922433476
20534,2,artillery_foot,496,479.99918112985256
20535,2,artillery_foot,496,479.99918112985256
20536,2,artillery_foot,755,503.86274196881385
20537,2,artillery_foot,496,479.99918112985256
20538,2,artillery_foot,496,479.99918112985256
20540,2,artillery_foot,496,479.99918112985256
20541,3,artillery_foot,399,488.3349850770702
20542,3,artillery_foot,399,488.3349850770702
20543,3,artillery_foot,399,488.3349850770702
20544,3,artillery_foot,399,488.3349850770702
20545,3,artillery_foot,399,488.3349850770702
20546,3,artillery_foot,399,488.3349850770702
20547,4,artillery_horse,870,698.1181639753157
20548,4,artillery_horse,870,698.1181639753157
20549,4,artillery_horse,870,698.1181639753157
20550,4,artillery_horse,870,698.1181639753157
20551,4,artillery_horse,870,698.1181639753157
20552,4,artillery_horse,870,698.1181639753157
20553,4,artillery_horse,870,698.1181639753157
20554,1,general,406,277.8149801829788
20555,2,general,359,222.79412496232356
20556,1,general,406,277.8149801829788
20557,4,general,243,326.70815711384535
20558,0,general,741,738.5411606231618
20559,4,general,1,1.0
20560,0,general,281,282.30135311851404
20561,3,general,159,158.33830932176468
20562,1,general,406,277.8149801829788
20565,3,general,420,416.2785522708913
20566,4,general,1063,640.931201322636
20567,4,general,1,1.0
20568,1,infantry_grenadiers,254,471.54192321621997
20569,1,infantry_grenadiers,280,471.54192321621997
20570,1,infantry_grenadiers,280,471.54192321621997
20571,1,infantry_grenadiers,280,471.54192321621997
20572,1,infantry_grenadiers,280,471.54192321621997
20573,1,infantry_grenadiers,280,471.54192321621997
20574,1,cavalry_heavy,1400,1688.4082611459437
20575,0,cavalry_heavy,1685,1668.1598875022912
20576,0,cavalry_light,1000,775.4360111866122
20577,0,general,1513,471.48664884304696
20578,3,general,1448,373.9988198676106
20579,0,general,1191,361.0002403124279
20580,0,general,1251,466.70770301367236
20581,4,general,825,345.9211350139099
20585,4,general,994,912.7548954250116
20587,3,infantry_line,486,442.37071387344923
20589,1,infantry_skirmishers,227,286.7541782740308
20590,1,general,919,649.38835754761
20591,3,general,552,478.0173595891405
20592,3,general,710,392.2052020628475
20593,0,infantry_light,840,516.0184707510454
20594,1,infantry_light,622,491.21491891242755
20595,1,infantry_skirmishers,334,323.27286234498456
20596,0,cavalry_light,1990,841.3652445007222
20597,4,general,1723,378.61593548115763
20598,0,general,1014,658.2639862326699
20599,4,general,885,664.2469324728748
20601,2,infantry_light,909,539.6531472704573
20605,4,infantry_light,716,523.8910798998512
20606,3,infantry_light,650,532.8584294653743
20607,3,infantry_skirmishers,292,289.2028070196234
20608,1,general,514,855.0592286688874
20609,4,general,950,705.9918497157541
20610,0,general,615,385.1663405670706
20611,1,general,877,888.7953753638513
20612,3,general,260,364.1873523214309
20613,2,general,482,384.5101122307446
20614,2,general,303,472.58753652549166
20615,1,general,279,367.1639525843375
20618,1,infantry_line,402,404.54529199732366
20619,1,infantry_line,611,420.88993671358537
20622,3,infantry_line,744,433.3908597178119
20623,3,cavalry_light,919,833.3133338900413
20624,2,general,1193,1383.1174009238105
20626,2,general,988,399.96249786159007
20628,2,general,718,693.6820989624824
20630,1,infantry_line,1124,440.4593919577371
20631,3,infantry_line,645,458.88150901660765
20632,4,general,422,406.9104571240682
20633,2,general,417,402.72570133798985
20634,4,general,643,894.984463141109
20635,4,general,601,897.4331610622955
20636,2,general,920,536.0017286519051
20638,0,general,382,407.2801732592311
20639,1,general,444,535.6449594510902
20640,3,infantry_light,771,528.7086501983581
20641,4,infantry_line,540,450.8174624031487
20642,0,infantry_line,497,441.71599193556386
20644,0,infantry_line,973,452.49996604421494
20645,3,infantry_line,494,459.4087780084508
20647,4,general,254,399.6719334699969
20648,4,general,311,521.1712360717192
20649,2,general,357,521.4795870326934
20650,3,general,448,411.1977532920122
20651,3,infantry_line,369,444.20013903487705
20652,0,infantry_line,419,438.970783010387
20653,2,infantry_line,575,446.56607216647575
20654,2,general,246,402.2716255945387
20655,2,general,925,408.410816257576
20657,3,general,417,502.5426209771524
20658,0,general,1021,522.428753193135
20659,2,general,258,381.0197807165829
20660,2,general,666,410.49728919583004
20662,1,general,383,387.0717983502953
20663,2,general,600,853.0977282969982
20664,2,infantry_light,1065,552.3535161655536
20666,2,infantry_line,683,430.7214776459973
20668,4,infantry_line,791,457.7622084115721
20669,1,infantry_line,488,419.806827518065
20670,3,infantry_line,376,420.5800473684222
20671,0,general,1212,682.2051335831933
20672,0,general,770,1122.3222952212438
20673,1,general,963,413.8190172210888
20674,0,infantry_line,545,444.91489292280613
20675,1,infantry_line,1095,455.9503567205366
20676,4,general,1894,556.1922555480588
20677,3,general,2164,726.4715381281538
20679,1,infantry_skirmishers,210,313.92559788236355
20680,4,artillery_foot,632,625.3188316124654
20681,4,artillery_foot,632,625.3188316124654
20682,0,artillery_foot,498,619.9988820307215
20683,4,artillery_foot,532,625.3188316124654
20684,0,artillery_foot,489,619.9988820307215
20685,1,artillery_foot,771,673.2731444595075
20686,2,artillery_foot,718,661.393871721169
20687,2,artillery_horse,996,909.7866397554603
20688,4,general,694,377.63753269883057
20689,4,general,534,452.9257560877638
20690,2,general,248,454.4276242624456
20691,1,general,415,353.24012684345075
20692,0,general,469,471.12450124283356
20693,4,general,1,1.0
20695,3,general,637,388.5426171763839
20696,3,general,543,359.0564958401729
20697,1,infantry_line,339,377.31407469330964
20698,4,infantry_line,337,376.33013294382005
20699,0,general,446,349.5022828445625
20701,3,general,416,463.44256353744987
20703,2,general,886,581.3925806000618
20704,4,general,240,344.1710727324283
20705,1,general,290,447.03298821099935
20706,1,infantry_light,533,476.30129463968836
20707,3,infantry_light,425,479.9393829747954
20708,1,infantry_line,413,370.9503503828098
20709,4,infantry_line,338,381.3082876719843
20711,3,cavalry_light,910,684.5886213489338
20714,4,general,947,670.1254851084734
20715,0,general,1029,506.50571180352154
20716,0,cavalry_light,1053,627.4937261114244
20717,4,general,909,358.6595191350431
20720,4,general,570,335.8070124694323
20721,3,general,758,728.2232943081833
20722,4,general,633,437.891533315244
20723,0,infantry_light,632,444.05755694140214
20725,3,infantry_line,678,372.9887646154888
20726,4,general,101,354.4822744343275
20727,3,general,128,362.8115025043876
20728,3,general,53,433.79682066794743
20729,4,general,271,316.45853969008874
20730,1,general,1413,1263.4344467328924
20731,1,infantry_line,379,350.76035033137686
20732,4,infantry_line,944,380.3730202595958
20733,2,infantry_militia,183,187.06169647978064
20734,1,infantry_militia,111,173.11213375694908
20736,2,general,163,594.7794902250242
20738,4,general,30,355.60045671919465
20739,3,infantry_militia,93,197.63414695319554
20740,1,infantry_militia,101,186.23517695716535
20742,3,general,656,600.7135948286026
20743,0,general,722,388.36215212523217
20746,2,general,721,393.7123775868903
20747,4,general,656,770.8399261581395
20748,0,general,463,453.628906344976
20749,1,general,323,270.8218844841864
20751,3,general,829,818.330274252735
20752,2,infantry_light,463,473.61338398148496
20753,2,infantry_light,527,473.19426123742636
20754,3,infantry_light,482,483.78785965288307
20755,0,infantry_militia,647,199.31561434507285
20756,4,infantry_skirmishers,841,294.0963147520375
20757,4,infantry_skirmishers,454,261.8748295812168
20759,4,infantry_skirmishers,815,291.9500805736107
20760,0,infantry_skirmishers,767,294.6332329155878
20761,2,infantry_skirmishers,535,265.78662824758953
20762,0,infantry_skirmishers,828,293.9432674516901
20763,4,general,1552,1323.5646351750765
20764,3,general,766,389.30468389105374
20765,4,general,244,453.6275532089962
20767,3,general,187,352.307412878559
20768,2,general,1069,737.4424535166158
20769,3,general,769,340.76408356121465
20770,0,infantry_line,276,383.50106057989217
20771,3,infantry_line,881,372.9887646154888
20772,1,infantry_militia,1117,183.98379863495265
20773,1,infantry_skirmishers,608,254.7363314190978
20777,3,general,786,513.6532524545588
20779,1,general,854,318.62367649543705
20780,2,general,346,296.36005218072114
20781,0,general,405,460.48185930410654
20782,4,general,450,612.060048518795
20783,2,general,712,331.1042574738158
20784,0,general,298,303.6928093113867
20785,1,general,517,397.1571566394127
20786,1,general,993,330.7878796009663
20787,4,general,1240,560.4305050625994
20788,3,infantry_grenadiers,411,560.9859218400953
20792,1,infantry_militia,461,187.85263696186738
20793,3,infantry_skirmishers,485,282.70460591373956
20794,2,infantry_skirmishers,403,273.45393499648077
20795,3,infantry_skirmishers,1018,309.468772784721
20796,4,infantry_skirmishers,386,268.18986290511424
20797,2,infantry_skirmishers,781,291.6618676227225
20798,4,cavalry_standard,854,841.7849385590434
20800,1,general,695,321.3187331036925
20802,3,general,1115,328.88291650598165
20803,2,general,210,446.1495125821058
20804,3,general,55,357.1746453861453
20806,2,general,21,277.4247130429976
20807,2,general,121,361.7122244305775
20808,1,general,116,475.4536707029244
20809,1,general,86,422.07981706808164
20810,4,general,150,344.59019148969594
20811,1,infantry_line,226,380.0934612513464
20813,3,infantry_militia,145,197.8003905720145
20814,2,infantry_skirmishers,135,264.86393928160555
20815,0,infantry_skirmishers,181,268.9063369547614
20816,1,infantry_skirmishers,235,285.92815202209226
20817,1,infantry_skirmishers,85,249.1292636453693
20818,1,general,298,590.8703269831683
20819,0,general,54,352.91243061690665
20820,1,general,83,442.29909407261783
20821,2,general,261,602.626058651275
20823,2,infantry_militia,130,187.38390706608496
20824,0,infantry_militia,174,194.50094551961868
20826,2,cavalry_light,990,676.6834151314029
20827,0,general,231,288.6455061554584
20828,0,general,861,387.48572906071274
20830,1,general,815,299.35453082345924
20831,1,infantry_skirmishers,358,285.92815202209226
20832,0,infantry_skirmishers,93,255.18953063897123
20833,1,general,449,352.87741534005227
20835,4,general,287,453.100667092929
20836,1,general,334,298.64082514047305
20837,3,general,415,507.6275193790076
20838,3,general,28,305.0980635907427
20840,1,general,546,652.0987781669086
20843,4,infantry_light,540,476.87989195607577
20844,1,infantry_militia,294,167.27047828944515
20845,2,infantry_militia,349,184.03098176046052
20847,0,infantry_skirmishers,370,286.6210296657257
20850,1,artillery_foot,685,562.5385499695387
20851,0,artillery_foot,470,563.7074069439033
20852,3,artillery_foot,726,595.7032684959449
20853,2,artillery_foot,618,552.1482681730474
20854,2,artillery_foot,618,552.1482681730474
20855,4,artillery_horse,1087,805.1941375640921
20856,2,artillery_horse,561,759.5128092746062
20857,1,general,589,319.36506887313465
20858,4,general,1,1.0
20859,4,general,1,1.0
20860,2,general,73,436.98877632122657
20861,2,general,185,323.49368327444176
20863,3,general,76,410.0596198196941
20864,2,general,185,323.49368327444176
20865,4,general,160,436.58666066880915
20866,2,general,399,393.95028819363114
20869,2,general,349,309.3783776115768
20871,0,general,377,290.28459729518846
20873,1,general,240,383.7137155643772
20876,3,general,198,298.82201516085695
20877,1,general,391,657.6553838941873
20879,1,general,434,310.73748679223746
20880,3,infantry_grenadiers,194,608.0277157157811
20881,0,infantry_grenadiers,288,510.78917045061615
20882,0,infantry_light,449,409.3496114814405
20884,1,infantry_light,271,441.5933258515639
20887,0,infantry_light,406,421.28151705502
20888,3,infantry_light,495,392.81062197946926
20890,0,infantry_line,191,347.2344805628684
20892,0,infantry_line,339,334.0527695411153
20893,3,infantry_line,377,336.1637635047642
20894,1,infantry_line,360,332.3706241154103
20895,3,infantry_line,306,327.08040445447
20896,3,infantry_militia,127,168.5152774371107
20898,2,infantry_militia,109,179.02975006853737
20900,3,infantry_militia,80,171.87277257386344
20901,1,infantry_militia,146,165.59402187786665
20902,2,general,88,382.32697818805246
20903,2,general,120,331.27519644908756
20904,3,general,199,560.4973832287048
20905,1,general,352,474.5814464059076
20906,0,general,244,283.1865015516704
20907,1,general,206,285.0166560044551
20908,1,infantry_line,210,337.6474205519128
20909,0,infantry_line,315,316.8510546214496
20911,0,infantry_militia,128,170.57929825993523
20912,3,infantry_militia,146,157.35822915290686
20913,0,infantry_militia,157,178.42169046454137
20915,1,general,119,333.642991092904
20916,4,general,243,426.41589068229644
20917,0,general,112,375.2852283606148
20918,0,general,524,426.24581268930206
20919,1,general,291,328.5134438554973
20920,3,general,76,420.17250897754553
20921,1,general,119,299.505794471124
20922,1,general,205,458.8509242468467
20923,2,general,394,675.3366126669958
20924,0,general,221,276.2253884610067
20925,0,general,351,423.82050544796056
20926,4,general,438,547.3348154050102
20927,4,general,340,286.74828865658316
20928,0,general,196,292.9235080826358
20929,3,general,211,288.552749645975
20930,1,general,236,378.94807901333263
20931,3,infantry_grenadiers,191,615.6759092684111
20932,3,infantry_grenadiers,365,606.2049427688161
20933,1,infantry_grenadiers,447,557.856885309671
20934,4,infantry_grenadiers,221,506.65012368223404
20935,1,infantry_grenadiers,230,504.95277733120184
20936,0,infantry_irregulars,300,427.7505638295534
20938,0,infantry_line,188,327.7486868515172
20939,3,infantry_line,255,362.2068843548207
20940,2,infantry_line,179,322.54977079885117
20943,0,infantry_line,335,341.0367644392434
20944,0,infantry_line,391,356.8534866384318
20945,1,infantry_line,305,321.83412238779846
20947,0,infantry_line,447,321.4646758161126
20949,3,infantry_militia,104,163.14306968310578
20950,1,infantry_militia,127,167.96908775876074
20951,3,infantry_skirmishers,341,266.35981421622125
20952,2,general,288,316.3308995664221
20953,2,general,154,310.47118722436664
20954,1,general,195,396.99304802627
20955,2,general,275,320.166395307036
20956,3,general,167,414.2279560560654
20957,3,general,215,293.17696543330305
20958,4,general,344,582.9955710716836
20959,4,general,179,393.9946498043568
20961,0,general,657,388.4971845456491
20963,3,general,801,303.5747420254864
20964,4,general,776,506.6230361992088
20965,3,general,332,299.5934205629147
20966,3,general,495,354.3399186361188
20968,2,general,1008,509.0801570901378
20969,2,general,591,648.9944523498083
20970,4,infantry_grenadiers,405,528.5636865977069
20971,1,infantry_irregulars,566,382.7549657288305
20972,3,infantry_light,386,431.06558812739013
20973,3,infantry_light,363,437.1033319107323
20974,4,infantry_light,363,403.2181015518229
20977,4,infantry_line,257,342.64439157194425
20978,2,infantry_line,322,323.3567216396074
20979,0,infantry_line,243,337.0196137115111
20980,4,infantry_line,258,337.11312016718523
20982,3,infantry_line,925,332.28257747478045
20984,4,infantry_line,504,323.0549500861335
20985,1,infantry_line,241,320.93880780893585
20986,1,infantry_line,441,326.722276148495
20987,0,infantry_line,713,332.7818737523916
20988,1,infantry_militia,320,164.9776269975674
20989,4,infantry_militia,133,174.9129690854331
20990,0,infantry_militia,82,176.68863780429123
20991,2,infantry_militia,155,169.75982893934776
20992,0,infantry_militia,111,170.164193093292
20994,3,infantry_militia,235,184.50916090567856
20995,1,general,111,429.1586830777058
20996,3,general,598,488.777906735356
20997,3,general,343,425.33178737706567
20998,3,general,60,430.24442190594453
20999,1,general,150,295.7689547103404
21000,3,general,187,286.73671844059766
21001,0,general,121,677.5260739932734
21003,0,general,208,390.56749033067797
21004,3,general,114,398.49626648956263
21005,4,general,392,311.8704329490669
21006,0,general,1176,526.6125090361644
21008,2,general,939,314.3237981253264
21009,4,general,800,383.7685602732225
21010,0,general,476,411.1515034757184
21011,2,general,460,404.32672124516137
21012,2,infantry_grenadiers,290,518.220956904096
21013,2,infantry_grenadiers,398,531.3058474089212
21014,0,infantry_light,258,400.79359654136846
21015,2,infantry_light,271,409.23837086336596
21016,0,infantry_light,510,421.28151705502
21019,0,infantry_line,184,327.7486868515172
21020,0,infantry_line,236,348.0815378920169
21021,2,infantry_line,231,335.53559996412247
21022,3,infantry_line,375,345.46829248008953
21023,0,infantry_line,858,329.1060498480565
21024,1,infantry_line,367,345.08522635583165
21025,4,infantry_line,652,333.94247208787795
21027,2,infantry_line,438,323.8892249409105
21028,2,infantry_line,1063,347.37868388489534
21029,0,infantry_militia,176,160.61507124830842
21030,0,infantry_militia,213,174.50591851040994
21031,1,infantry_militia,150,173.36444801701265
21032,2,infantry_militia,97,173.28015279509813
21033,3,infantry_militia,302,172.67120072181604
21034,0,infantry_militia,170,165.15834064310044
21035,4,infantry_militia,122,160.92527390435694
21036,1,infantry_militia,116,166.2010608052361
21037,2,infantry_militia,370,171.56448509213683
21038,4,infantry_militia,88,169.70242922175316
21040,4,general,239,637.7617284269006
21041,1,general,121,552.3619161191831
21042,3,general,237,298.82201516085695
21043,2,general,397,517.8484332867255
21044,0,general,217,490.44785387320104
21045,1,general,220,292.09557196675337
21047,3,general,250,402.88728785837054
21048,3,general,396,357.84380499279905
21049,3,general,207,310.5047647609322
21050,3,general,264,376.700564959385
21051,0,general,590,636.8080130390673
21052,3,general,161,292.3327394801358
21053,1,general,731,419.0794560577742
21054,0,general,475,483.81761751344044
21055,4,infantry_grenadiers,474,530.7936498730132
21056,3,infantry_irregulars,510,382.19103932888936
21057,4,infantry_irregulars,179,346.87494909119243
21058,3,infantry_light,326,396.54059652760714
21059,1,infantry_light,371,415.33866565053853
21060,0,infantry_light,781,436.11963215255344
21063,4,infantry_line,309,338.65636347270635
21064,2,infantry_line,266,322.54977079885117
21065,4,infantry_line,508,323.0549500861335
21066,1,infantry_militia,91,153.78024456626852
21067,4,infantry_militia,104,159.48817948586344
21068,0,infantry_militia,154,155.58446903886394
21069,3,infantry_militia,136,160.69270514429144
21070,4,infantry_militia,221,169.00602492776108
21071,1,infantry_militia,88,171.9931411478433
21072,4,infantry_militia,187,156.29698652330433
21073,1,cavalry_heavy,1019,1292.9771895386157
21074,3,general,71,342.2807378741536
21075,4,general,884,359.4494724635029
21076,1,infantry_line,139,354.3378475426507
21077,2,infantry_militia,331,164.29095363648437
21078,1,infantry_militia,175,168.91896938772624
21079,2,infantry_militia,80,174.03310686437197
21080,2,infantry_militia,267,169.5909972694408
21084,2,general,388,264.4452376871298
21087,3,cavalry_heavy,1130,1287.8071718406084
21089,4,cavalry_heavy,1115,1322.9415096786136
21090,0,cavalry_heavy,512,1186.678170996894
21091,4,cavalry_heavy,936,1233.6894729090159
21092,4,cavalry_heavy,1180,1207.9902861393905
21093,0,cavalry_heavy,648,1241.235762290422
21094,1,cavalry_standard,778,717.8854627867678
21095,2,general,721,275.894911977161
21096,2,general,499,274.5871875531448
21098,3,general,759,270.14789219234086
21099,3,general,720,468.4711164453293
21100,4,general,368,253.21814460947695
21101,1,general,511,353.68518957617
21104,0,cavalry_light,284,575.1960416060017
21105,4,cavalry_light,357,594.8011283669347
21106,2,cavalry_light,309,570.089244378337
21107,4,cavalry_standard,379,680.2078728746342
21108,1,cavalry_standard,451,683.2663343135413
21109,4,cavalry_standard,498,703.0384045909396
21110,0,general,159,256.7360949820254
21112,0,general,268,341.4127569900081
21113,2,general,169,255.81580888828452
21114,2,general,255,267.9150477187032
21115,3,general,407,445.86714464419316
21117,2,cavalry_light,275,582.0000973789735
21118,3,cavalry_light,282,564.0419036263153
21119,2,cavalry_light,366,625.8589462236575
21122,2,general,248,280.8413141573351
21123,2,general,388,264.4452376871298
21125,2,general,152,258.5562394771159
21126,0,artillery_foot,632,525.6440836817086
21127,3,artillery_foot,857,552.4689543399525
21128,2,artillery_foot,450,478.91267922511787
21129,0,artillery_foot,244,487.3832817510985
21130,4,artillery_foot,247,482.49776177528315
21131,0,artillery_foot,244,487.3832817510985
21132,1,artillery_foot,507,522.6386165111762
21133,1,artillery_foot,451,522.6386165111762
21134,0,artillery_foot,661,554.5985874232049
21135,2,artillery_foot,393,512.8085974109235
21136,1,artillery_foot,451,522.6386165111762
21137,4,artillery_foot,303,482.49776177528315
21138,0,artillery_foot,310,487.3832817510985
21140,0,artillery_horse,768,710.0431314829111
21141,3,artillery_horse,815,712.1481349011025
21143,4,general,1,1.0
21144,3,general,180,213.5022606339975
21145,4,general,817,248.28823854773748
21146,3,general,681,411.3656848322102
21147,3,general,177,176.601039287184
21148,0,general,312,313.75368630760426
21150,3,general,177,176.601039287184
21152,1,general,988,425.1569606906518
21153,1,general,775,348.5245835707207
21154,4,infantry_grenadiers,272,501.2485963772419
21155,3,infantry_grenadiers,315,510.70821042245285
21156,4,infantry_grenadiers,275,485.1142343957272
21161,0,general,332,272.6869115342686
21162,0,general,322,387.3593306144514
21163,2,general,226,311.0547851536593
21164,1,general,276,290.1611377744006
21166,2,general,751,380.17548975745063
21167,1,general,391,466.1021439029351
21168,0,general,519,462.71261747887525
21169,2,general,1028,383.90578308860455
21170,1,general,1014,297.9996515256266
21172,2,general,186,368.74540850820836
21173,4,general,559,612.237924354723
21174,0,general,417,360.91454076735266
21175,0,general,582,466.5969090768131
21177,2,infantry_grenadiers,432,493.25719984944624
21179,3,infantry_light,381,393.3023903148517
21180,1,infantry_light,314,391.646260525893
21184,2,infantry_light,790,395.7275211255512
21185,2,infantry_line,1133,327.90758313597223
21186,0,infantry_line,1082,329.31778015391046
21188,0,infantry_line,373,308.3926409843373
21189,2,infantry_line,243,313.64962742346864
21190,0,infantry_line,293,310.15870489310856
21192,2,cavalry_light,431,544.7638194247071
21193,4,cavalry_light,308,607.6170855233643
21194,3,cavalry_light,258,518.6109225327554
21195,0,general,128,234.759851593339
21197,2,general,241,276.9510026807971
21198,0,general,580,491.0850075272583
21199,0,general,393,449.22213612406466
21200,3,general,200,278.860428756331
21201,4,general,361,463.51869975930526
21203,0,infantry_line,387,297.6428522428222
21204,1,infantry_line,336,303.2553794236177
21205,4,infantry_line,294,303.42204555277937
21206,2,general,302,279.8736312839196
21207,4,general,250,347.7443122687076
21208,0,general,306,366.8904367518372
21209,4,general,168,266.1119553272684
21210,3,general,420,462.28973652135204
21211,0,general,210,271.4096093812448
21212,3,infantry_light,272,364.6832548920885
21213,1,infantry_light,502,369.6410566401881
21214,3,infantry_line,304,297.6590023940089
21215,2,infantry_line,400,309.30567226962023
21216,1,infantry_line,401,299.9334987649478
21217,0,infantry_line,360,314.27380135817566
21218,2,infantry_skirmishers,216,231.84497669191882
21220,1,general,183,283.5399567918197
21221,2,general,251,272.4925044223626
21222,4,general,604,465.69205308085714
21223,3,infantry_grenadiers,245,476.2539338861712
21224,0,infantry_line,267,310.90234098949713
21225,3,infantry_line,277,313.0632394330371
21226,1,infantry_line,558,304.5961378383235
21227,0,infantry_line,348,301.1315697973248
21228,2,artillery_foot,518,448.2719186483429
21229,0,general,383,201.82804844019253
21230,0,general,141,363.52827878419856
21231,1,general,241,610.8375697320954
21232,3,general,100,269.18457731614484
21233,1,infantry_line,195,308.2255568451315
21234,2,infantry_line,197,297.98956435257037
21236,3,general,118,284.4642785764055
21237,1,general,128,375.9248983394397
21238,4,general,178,486.63310955525816
21239,1,general,860,642.7833050905311
21240,0,general,443,368.79125017124835
21243,4,general,998,846.4142480326182
21244,2,infantry_light,175,351.6728591531255
21245,3,infantry_line,175,318.1662323533329
21246,4,infantry_line,174,318.94059372839865
21247,3,infantry_line,499,313.5415460577686
21248,1,infantry_line,724,324.3452137843725
21249,2,infantry_line,409,303.16684145574345
21250,4,infantry_militia,204,151.99355422094376
21252,3,cavalry_light,297,501.82101171701254
21254,1,general,216,294.0017904815052
21255,3,general,269,477.012261625909
21257,2,general,177,369.726122194542
21258,0,general,61,294.5465091693557
21259,4,general,242,361.6403858296691
21260,0,general,286,285.88160536193476
21261,4,general,203,277.33209782415827
21262,3,general,645,599.8318843681794
21263,3,infantry_grenadiers,231,486.36121812558935
21264,4,infantry_light,244,380.69769593159856
21265,4,infantry_light,207,370.694769763659
21266,1,infantry_line,253,305.9128971068736
21267,3,infantry_line,248,310.1279350991209
21268,4,infantry_line,310,323.8874029032306
21269,3,infantry_line,561,300.5561343773565
21273,1,infantry_militia,149,153.8837766562042
21274,1,infantry_militia,174,147.4407898846841
21275,3,infantry_skirmishers,191,226.18643998863993
21276,3,infantry_skirmishers,163,233.2137766794264
21278,0,artillery_foot,817,493.7783922433476
21280,2,general,191,370.69417832329333
21281,4,general,348,250.5435292598176
21282,1,general,147,286.92960629535554
21283,2,infantry_line,238,315.3072234567543
21284,3,infantry_line,240,316.8079744548735
21285,3,general,72,385.3015981315047
21286,2,general,142,442.8333659105347
21287,1,general,100,290.55476689546157
21288,1,infantry_line,114,324.3452137843725
21290,4,infantry_line,167,282.6032131554715
21291,0,general,536,458.6805440325069
21292,2,general,557,358.4356139567486
21293,1,infantry_light,611,371.3531445916224
21294,1,infantry_light,517,369.6410566401881
21296,1,general,168,383.81465927683945
21297,2,general,514,633.664563737508
21298,1,general,350,292.49051544073166
21299,4,general,724,478.36551113033386
21300,0,infantry_line,207,328.5465911990692
21301,1,infantry_line,99,329.1144601037042
21302,0,infantry_line,429,321.22269688596964
21303,2,infantry_line,446,322.6455148030062
21304,0,infantry_line,658,315.4405450089387
21305,4,infantry_militia,165,153.4882780703846
21306,0,infantry_militia,89,161.0060887222837
21307,0,infantry_militia,125,159.25565622650612
21308,4,infantry_militia,135,164.46398764832958
21310,4,cavalry_standard,727,694.8640571696465
21311,3,general,286,297.6982627563709
21313,4,general,367,287.03651078653
21314,2,general,59,303.34623541210556
21315,1,general,226,242.62134097598346
21316,3,general,673,613.8714615884236
21317,1,general,870,781.07352546895
21318,1,general,227,270.920529437165
21320,3,general,581,269.18457731614484
21322,3,infantry_grenadiers,466,532.3642394221431
21323,2,infantry_line,329,301.91308538652873
21324,3,infantry_line,581,307.5909072321771
21325,3,infantry_line,663,304.42749189882926
21326,2,infantry_militia,138,161.4735076737442
21327,1,infantry_skirmishers,342,241.02862905872655
21329,3,cavalry_standard,317,610.1842381101143
21330,4,general,39,388.64027382751703
21333,4,infantry_militia,161,168.05845755155755
21334,2,infantry_militia,79,158.58178184123832
21335,1,infantry_militia,95,158.1602941521519
21336,1,cavalry_light,477,576.1179820314331
21337,1,cavalry_light,425,598.6451898826671
21338,0,general,29,302.7059657320889
21339,1,general,308,267.9704694968958
21340,2,general,352,261.75304988309017
21341,4,infantry_militia,88,167.36303514017337
21344,4,infantry_skirmishers,472,245.81012378110347
21347,0,general,64,409.335852097773
21348,4,general,198,347.7443122687076
21349,2,general,322,347.74648504973186
21350,4,infantry_light,205,399.6540394882011
21351,0,infantry_line,97,330.83692096862114
21352,2,infantry_line,94,324.4466041983713
21353,3,infantry_line,260,297.6590023940089
21354,2,infantry_line,389,295.7882402249393
21355,4,infantry_militia,108,151.0948146510412
21356,2,infantry_militia,93,149.5155883315603
21357,0,infantry_militia,118,160.81566445982043
21358,2,general,441,291.27948341991316
21361,1,infantry_line,545,321.42316559827293
21363,4,artillery_foot,342,451.0601579591
21364,0,general,192,481.53522969639795
21365,1,general,941,581.4871380977056
21366,4,general,686,295.4324348538449
21367,3,general,466,393.23532100287105
21368,0,general,270,345.3579322655233
21369,4,general,1336,848.6702126767735
21370,2,infantry_light,796,400.0305522441981
21371,4,infantry_light,969,396.55471317353863
21372,0,infantry_light,506,407.05621304424835
21373,4,infantry_line,335,290.30598279535553
21375,0,infantry_militia,51,162.85831132482093
21377,3,general,208,370.54177060922564
21379,4,general,309,369.7792269437579
21380,1,general,261,353.16088407732445
21381,0,infantry_grenadiers,196,465.8801807411946
21382,0,infantry_line,271,314.9761095488055
21384,1,infantry_line,367,314.7631053677167
21385,1,infantry_line,323,299.9334987649478
21388,0,cavalry_heavy,1718,1241.4549733884562
21389,2,cavalry_heavy,941,1145.2506335019016
21390,1,cavalry_heavy,1311,1174.4009920132507
21391,0,cavalry_heavy,1363,1086.8103699159963
21392,1,cavalry_lancers,401,549.0457359372201
21394,4,cavalry_light,318,530.1227308064982
21395,1,cavalry_standard,359,652.5756460450893
21396,0,general,363,413.98610113783786
21397,1,general,770,249.64049386711616
21399,2,general,1315,565.1030953573054
21400,1,general,277,324.81813562496137
21401,0,general,1277,397.12111291170584
21402,3,general,224,307.08198845161405
21403,2,general,278,536.1866906096161
21404,2,general,1698,352.2154370895719
21405,1,cavalry_heavy,984,1183.8942386622957
21406,0,cavalry_light,998,566.4637171090435
21407,2,cavalry_light,1073,583.3204721399449
21408,3,cavalry_light,190,537.3461705436324
21409,2,cavalry_light,268,554.8897964428363
21410,3,cavalry_light,553,557.092311643538
21411,2,cavalry_standard,416,646.8967051782267
21413,4,general,80,235.82514989059945
21414,0,general,859,332.9848804320368
21415,1,general,866,324.81813562496137
21416,0,general,1002,434.73373307857565
21417,4,general,298,250.24364685330193
21418,4,cavalry_heavy,846,1129.2825220044456
21419,0,cavalry_heavy,965,1186.8877468347653
21420,2,cavalry_heavy,1632,1287.274755415737
21421,4,cavalry_light,410,520.6923859743094
21422,1,cavalry_light,294,545.6638462065004
21423,0,cavalry_light,985,561.6476639601698
21424,2,cavalry_standard,419,654.2634636443659
21425,0,general,853,324.09510926574853
21427,1,general,796,257.2401211316514
21428,2,artillery_horse,592,660.2674454014357
21430,2,general,207,270.12112364284235
21432,4,infantry_militia,62,171.3793611478094
21433,1,artillery_foot,33,395.18684586738493
21434,0,general,705,292.7159399334351
21435,2,general,986,638.9003663233963
21437,1,general,180,520.28650611062
21438,0,infantry_militia,132,167.9228334301253
21439,2,infantry_skirmishers,160,241.7015109667344
21440,3,cavalry_light,231,506.8563655950356
21441,1,general,154,381.1673447457342
21443,2,artillery_foot,255,448.2719186483429
21444,1,artillery_foot,285,452.234982106193
21446,2,artillery_foot,867,503.86274196881385
21447,4,artillery_foot,356,451.0601579591
21448,0,artillery_foot,244,457.8370436203168
21449,1,artillery_foot,476,489.3510635442436
21450,4,artillery_foot,312,451.0601579591
21451,0,artillery_horse,348,618.4489814554727
21452,1,general,341,560.6134158806976
21453,1,general,1746,1077.8700548289723
21454,2,general,163,332.31502285651334
21457,0,general,230,337.3311732337087
21459,0,general,146,260.9269866683014
21460,3,general,250,158.33830932176468
21461,1,infantry_grenadiers,244,461.0136274401751
21462,2,infantry_grenadiers,235,461.8060584221997
21463,3,infantry_grenadiers,283,477.42144139163173
21464,4,infantry_skirmishers,216,224.11039565599256
21466,1,cavalry_light,543,677.2766987629644
21467,3,cavalry_standard,664,839.6135480834284
21468,4,general,399,581.1626605737404
21469,2,general,441,403.49002239544683
21470,4,general,684,466.67223457295614
21472,3,infantry_line,725,398.0030431504964
21473,0,infantry_line,612,403.58699057664194
21474,1,infantry_militia,373,210.49342291557076
21475,1,infantry_militia,350,196.06637816442185
21476,2,general,591,615.082057915399
21478,4,infantry_light,922,489.99130745179775
21479,4,infantry_light,829,485.7083090817559
21480,1,infantry_line,539,401.63518266648373
21481,2,infantry_militia,201,196.11049342270218
21482,3,infantry_militia,179,191.88941465583076
21483,0,infantry_militia,324,204.07338142475007
21484,0,infantry_militia,242,195.30394867388836
21485,3,infantry_skirmishers,249,287.59906649259125
21486,0,cavalry_light,326,652.6421531878487
21487,3,general,183,382.8810211265072
21488,2,infantry_light,252,466.6926526414355
21489,4,infantry_light,262,470.6819997777381
21490,2,infantry_line,868,395.42113669980114
21491,1,infantry_militia,183,194.44975834915553
21495,1,cavalry_missile,880,592.5125403542645
21496,0,general,618,501.64947648616305
21497,3,general,975,627.2716752891612
21498,0,general,1098,585.280804248237
21500,2,infantry_line,873,405.3906456356252
21502,4,infantry_militia,321,214.88209179825859
21503,3,infantry_militia,223,199.67068990055245
21504,1,general,602,461.39251609501196
21505,2,general,1018,785.7963865826147
21506,1,infantry_grenadiers,1360,688.053645537235
21507,0,infantry_line,644,391.2358912398742
21508,3,infantry_line,868,400.2715607572936
21509,2,infantry_line,840,395.92478338045896
21511,1,infantry_line,406,371.90593257041627
21512,0,infantry_grenadiers,672,659.4260704254738
21513,4,infantry_line,498,404.647504962233
21514,1,infantry_line,474,409.78938741308997
21515,0,infantry_line,526,393.18541707204105
21516,3,infantry_skirmishers,300,275.37473859577443
21518,3,infantry_skirmishers,716,339.91801206933394
21519,0,general,225,457.6525720064171
21521,2,infantry_skirmishers,167,270.37731028848856
21522,3,infantry_skirmishers,263,265.2540336404591
21523,2,infantry_skirmishers,483,300.71947061142623
21525,2,infantry_line,538,400.7954113765721
21527,0,infantry_militia,389,202.79514532841904
21528,2,artillery_foot,453,560.7240743925374
21529,1,general,440,416.20624163933195
21531,2,general,458,361.36313740493955
21532,3,general,616,778.8088698772139
21534,2,infantry_line,376,384.32399960709967
21535,2,infantry_line,495,390.20195817535154
21536,3,infantry_line,740,399.14396992609596
21537,4,infantry_line,564,399.4801178333846
21538,3,infantry_line,633,391.1649756676472
21539,2,infantry_militia,302,201.43008705585302
21541,1,infantry_line,496,382.9042983155052
21542,3,infantry_line,460,385.11778503395755
21543,4,cavalry_light,317,644.6305281992572
21544,2,general,646,706.8631714340249
21545,2,general,442,322.2642375503743
21546,2,general,351,383.4439964923107
21547,2,infantry_militia,422,204.11015493875288
21548,3,infantry_militia,371,200.40769464274138
21549,4,infantry_skirmishers,584,307.8951941209608
21550,0,artillery_foot,607,643.8167507266418
21551,4,cavalry_heavy,1345,1385.722319116879
21552,1,cavalry_light,1563,692.711463412526
21553,0,infantry_line,1007,380.4735522390525
21554,2,infantry_militia,82,204.6258953684286
21555,2,infantry_skirmishers,281,298.21448762035516
21557,1,general,276,334.15461667668313
21558,0,general,383,556.250112184975
21559,1,infantry_light,397,452.8908094466109
21560,3,general,367,469.7426745024143
21561,1,infantry_light,443,483.81276612731693
21562,4,infantry_militia,117,195.3559935118194
21563,3,cavalry_missile,472,620.785460866783
21565,0,infantry_skirmishers,683,287.6791926351484
21566,3,infantry_skirmishers,1011,327.195712383104
21567,0,general,370,643.9955670800812
21568,1,infantry_skirmishers,364,295.8466765785151
21569,4,infantry_skirmishers,398,301.37271748994044
21571,4,infantry_skirmishers,662,274.9218687014643
21572,1,artillery_fixed,496,1103.2982331113328
21573,4,artillery_fixed,1387,803.9825065554112
21574,3,artillery_foot,705,566.9336744789738
21579,3,general,228,229.1252058482469
21580,1,general,820,811.1852444243866
21581,3,general,551,250.73897463516047
21582,2,general,601,601.0174315183893
21584,2,general,326,372.59372030981416
21585,3,general,309,367.63279594043894
21586,3,general,228,370.54177060922564
21587,2,general,345,481.3281388712507
21588,1,general,374,281.3330633330972
21589,2,general,236,470.03848896258495
21591,2,general,532,484.10913549179196
21592,2,general,196,370.69417832329333
21594,1,general,458,369.2461455244583
21596,4,general,264,480.67497320613325
21597,1,general,664,372.24605078933837
21598,3,general,792,368.22223522343495
21600,3,general,762,476.242342702029
21601,2,general,498,473.49844862924283
21602,3,general,343,378.2193922849781
21603,1,general,294,344.7523851890718
21604,1,general,877,794.4072813234551
21605,2,general,348,285.11873622678473
21607,1,infantry_grenadiers,504,527.1689971662263
21608,1,infantry_grenadiers,659,519.4130985698899
21609,1,infantry_line,487,315.68527214154926
21610,2,infantry_line,288,313.64962742346864
21611,2,infantry_line,336,315.1023623794927
21612,1,infantry_line,317,308.2255568451315
21613,2,infantry_line,477,311.94769127953316
21614,4,infantry_line,381,309.1076540912094
21615,2,infantry_line,377,316.9229469955444
21616,3,infantry_line,253,314.48920113396775
21618,2,infantry_line,369,311.5149682234837
21619,1,infantry_line,848,309.97587168758554
21620,4,infantry_line,706,308.0554719110459
21621,2,infantry_line,368,296.8989584088673
21623,1,infantry_line,716,316.1422044414046
21626,4,general,426,371.49743081306156
21627,0,general,221,280.74674339613364
21628,3,general,266,477.012261625909
21629,0,general,362,481.53522969639795
21630,2,general,252,484.716569070748
21631,2,general,198,287.83894040256166
21632,1,general,178,362.92448359013866
21633,4,general,164,286.612369447784
21634,4,general,377,286.185799227241
21635,3,general,181,369.0991401580447
21636,2,general,321,366.7445097862623
21637,0,general,407,472.532722025911
21638,4,general,297,474.4183231462109
21640,3,general,246,278.1262202219048
21642,3,general,592,288.59741278677905
21644,4,general,500,630.729729438536
21645,2,general,318,279.46524688535436
21646,2,general,805,616.0940940757704
21647,2,infantry_grenadiers,720,517.1261691369319
21648,1,infantry_grenadiers,1036,520.2523317863576
21649,4,infantry_line,237,307.25716283547854
21651,3,infantry_line,238,311.3649147956335
21652,0,infantry_line,265,312.6079103530536
21654,0,infantry_line,348,319.05266392005063
21655,0,infantry_line,477,319.05266392005063
21656,0,infantry_line,285,313.08783751256124
21657,0,infantry_line,235,319.05266392005063
21658,4,infantry_line,375,314.17209083431516
21659,0,infantry_line,376,313.08783751256124
21660,2,infantry_line,480,318.499059584976
21661,4,infantry_line,300,316.5908837376047
21662,0,infantry_line,260,320.79379317274305
21663,2,infantry_line,701,310.4200081649068
21664,1,infantry_line,429,306.43309400500294
21665,2,infantry_line,422,316.9229469955444
21668,2,general,543,359.28211596929015
21669,2,general,237,276.9510026807971
21670,1,general,335,581.4871380977056
21671,2,general,341,278.4312179737479
21672,4,general,383,472.80343429130636
21673,0,general,196,353.50943278687066
21674,0,general,214,276.8448100398761
21675,1,general,492,351.4767906415717
21676,1,general,228,274.7405191059404
21677,3,general,297,358.6111325334913
21678,3,general,237,275.10623112543993
21679,2,general,402,473.49844862924283
21680,1,general,404,353.16088407732445
21682,0,general,569,362.9545166661976
21683,4,infantry_grenadiers,549,497.7509535474548
21685,1,infantry_light,386,376.94205442815115
21686,3,infantry_light,450,375.359521271537
21687,1,infantry_light,330,372.3649169452094
21688,0,infantry_light,362,381.0528985605958
21689,2,infantry_light,298,364.00150367298505
21691,2,infantry_light,322,374.56123600760844
21692,3,infantry_light,376,378.5501630906186
21693,0,infantry_light,322,374.2852562997864
21694,0,infantry_light,598,373.6428362143999
21696,0,infantry_light,355,372.67007156382135
21697,1,infantry_light,338,373.03316114564495
21698,4,infantry_light,458,364.00940216458724
21699,1,infantry_light,629,378.5223957454094
21700,2,general,319,451.8252484442121
21702,1,infantry_grenadiers,331,490.07620049215376
21704,0,infantry_grenadiers,287,487.2063281538294
21705,2,cavalry_light,1193,564.179296369165
21706,0,cavalry_standard,546,700.2811369681391
21707,1,cavalry_standard,1035,677.1154966157844
21708,1,general,1022,567.2593116492334
21709,1,general,408,266.8635637271579
21710,3,general,1104,421.3943988369145
21711,2,cavalry_lancers,455,544.0408862037699
21712,3,cavalry_lancers,564,511.6118970929357
21713,4,general,320,236.71947385914643
21714,0,general,470,614.583340221132
21715,3,general,353,371.6793689799798
21717,0,general,354,281.8505819867437
21718,4,general,308,474.4183231462109
21719,3,general,202,284.4642785764055
21720,1,general,467,612.3341483004698
21721,0,general,572,809.2199923476791
21722,2,general,146,370.69417832329333
21723,3,general,297,474.2946896458081
21724,2,general,349,361.2199115916817
21727,1,general,237,364.98541622927434
21728,3,general,152,285.57611218937984
21729,4,general,253,363.2012301531757
21731,2,general,264,366.23577447742565
21732,0,general,578,462.71261747887525
21733,1,general,310,369.2461455244583
21734,3,general,399,364.6253446838946
21735,0,infantry_light,541,374.2852562997864
21736,2,infantry_line,409,307.24854621789075
21737,4,infantry_line,469,315.1481919278099
21738,3,infantry_line,299,311.3649147956335
21739,4,infantry_line,459,308.0554719110459
21740,4,infantry_line,310,306.72048961496813
21741,4,infantry_line,308,308.58328850412653
21742,4,infantry_line,371,317.538806942991
21743,2,infantry_line,208,315.3072234567543
21744,1,infantry_line,283,300.4977856062537
21746,4,infantry_line,391,311.171600914934
21747,3,infantry_line,240,310.1279350991209
21748,3,infantry_line,328,310.1279350991209
21750,4,infantry_line,500,315.1481919278099
21752,4,infantry_line,398,308.0554719110459
21753,4,infantry_line,455,305.90864182315096
21754,2,infantry_line,372,315.1023623794927
21755,2,general,190,365.72353175688966
21756,0,general,266,362.08637884812543
21757,0,general,591,810.3019255612318
21758,0,general,264,374.50202459061717
21759,1,general,274,461.15883887028804
21760,1,general,440,471.9910277637467
21761,1,general,187,283.1042485126824
21762,3,general,402,490.7486211699783
21763,1,general,347,476.4922703247925
21765,0,general,610,626.7717202101937
21766,2,general,203,286.4040251156138
21767,0,general,409,280.0752353860351
21768,0,general,133,276.8448100398761
21769,0,general,283,276.36963592197776
21770,3,general,341,281.71999435574486
21771,2,infantry_grenadiers,311,468.43913663123743
21773,1,infantry_line,380,318.3868023176877
21774,3,infantry_line,393,319.0585835622456
21775,1,infantry_line,284,311.9273830508699
21776,1,infantry_line,325,306.94966009927845
21777,0,infantry_line,275,305.25827666137684
21779,2,infantry_line,284,313.64962742346864
21780,3,infantry_line,331,312.5818900162242
21781,2,infantry_line,302,316.5228146814699
21782,4,infantry_line,317,317.538806942991
21783,2,infantry_line,205,309.30567226962023
21784,4,infantry_line,506,318.0087145570277
21785,3,infantry_line,247,309.62737487192067
21786,0,infantry_line,306,321.22269688596964
21787,0,infantry_line,517,310.15870489310856
21788,3,infantry_line,238,303.8868153321206
21789,4,infantry_line,447,306.72048961496813
21792,4,general,529,463.51869975930526
21793,0,general,354,271.4096093812448
21794,0,general,566,604.2077617824273
21795,3,general,302,374.4619797062687
21797,2,general,439,276.9510026807971
21798,4,general,456,272.0745885767732
21799,3,general,365,466.5749152569412
21800,2,general,377,597.6924939984474
21802,2,general,354,583.6690749432273
21803,2,general,251,346.4160302379699
21804,4,general,503,357.1264689496904
21805,3,general,618,616.4245940727193
21807,4,infantry_grenadiers,265,487.65888810502787
21808,1,infantry_grenadiers,246,482.32826224456426
21810,4,infantry_grenadiers,324,483.1578351582592
21812,4,infantry_light,468,360.2919455724326
21813,4,infantry_light,355,367.5862742064215
21814,4,infantry_light,468,372.3792825730783
21816,3,infantry_light,358,387.7914236360904
21818,4,infantry_light,341,362.1690254340407
21819,1,infantry_light,501,373.03316114564495
21820,4,infantry_light,554,368.28581398512375
21821,0,infantry_light,314,367.63204226230937
21822,0,infantry_light,470,381.64276361922316
21823,3,infantry_light,523,379.17512421939887
21824,3,infantry_light,324,365.412039729107
21825,0,infantry_light,563,375.87057615900403
21826,2,infantry_light,323,359.8846551867533
21828,3,general,502,246.36649102123886
21829,3,general,137,264.51263762381717
21830,1,infantry_grenadiers,247,485.71161039792554
21832,3,cavalry_standard,482,663.5552528850227
21833,2,cavalry_standard,523,670.4417496630876
21835,1,general,435,436.19166258483665
21836,0,cavalry_lancers,391,528.0016910050148
21838,3,cavalry_heavy,1991,1236.246514331923
21839,4,cavalry_standard,825,694.8640571696465
21840,2,cavalry_standard,548,677.8595215302602
21841,4,general,219,366.8453964955848
21842,1,general,440,613.3235171828605
21843,2,general,179,283.8042365460898
21844,3,general,1964,598.6938705084123
21845,3,general,447,350.7229197233053
21846,4,general,1856,352.0332436431266
21847,2,general,255,281.87270125457843
21849,3,general,256,288.17375969279993
21850,4,general,650,631.6978355896754
21851,0,general,274,366.33936679880753
21852,1,general,686,285.6779405933508
21853,4,infantry_grenadiers,547,528.9944662340531
21854,0,infantry_grenadiers,813,524.3477503529517
21855,4,infantry_light,359,376.30659432632825
21856,0,infantry_light,368,387.88263324893506
21857,1,infantry_line,368,309.47995339057627
21859,3,infantry_line,276,312.5818900162242
21861,2,infantry_militia,311,157.77574339708676
21862,2,infantry_militia,324,159.2123759814465
21864,1,cavalry_heavy,1291,1260.1589282327484
21866,3,cavalry_heavy,1253,1233.8779951075726
21867,3,cavalry_light,671,548.4799776703306
21868,4,general,1179,456.28709004032254
21869,4,general,672,467.8270664150246
21870,2,general,244,375.35648763070117
21873,1,general,64,277.64552120663024
21874,4,general,1213,457.21538058562453
21875,1,general,677,535.089964860196
21877,3,general,378,374.4619797062687
21879,1,infantry_grenadiers,646,514.2559196476125
21880,4,infantry_line,171,304.8131152711692
21881,0,infantry_line,150,307.10359305144044
21882,3,infantry_line,306,319.0585835622456
21883,4,infantry_line,434,314.6615976862049
21884,3,infantry_line,310,307.07296771576154
21885,1,cavalry_lancers,717,549.932847602727
21886,2,cavalry_lancers,548,573.2569782846825
21887,1,cavalry_lancers,376,525.7216655050232
21888,0,cavalry_lancers,496,548.7033512598887
21889,4,general,627,476.407645911292
21890,0,general,76,366.8904367518372
21891,1,general,237,234.64426755203982
21892,1,general,503,430.74943616331586
21894,1,general,739,783.1342600783588
21895,3,general,268,354.5862018762041
21896,2,general,343,454.358633095674
21898,1,infantry_grenadiers,605,523.1463338931828
21899,2,infantry_grenadiers,587,501.9741273261559
21900,2,infantry_light,328,369.4672280682923
21901,4,infantry_light,443,362.1690254340407
21903,4,infantry_light,352,355.62678572284165
21904,4,infantry_line,169,307.25716283547854
21905,1,infantry_line,131,311.20149423222364
21908,1,infantry_line,141,299.9334987649478
21910,2,cavalry_light,410,556.4919020240854
21911,4,cavalry_standard,789,668.3225455750111
21912,1,general,626,257.2401211316514
21913,3,general,422,538.1799632222031
21916,2,infantry_line,169,303.6612683734642
21917,4,cavalry_lancers,421,520.3024840189609
21918,0,cavalry_lancers,503,558.6982461905142
21919,2,cavalry_lancers,408,538.9186008837833
21920,3,general,313,308.31694174708116
21922,3,general,285,475.0777186166469
21924,4,infantry_grenadiers,281,486.5485787853046
21925,4,infantry_grenadiers,287,483.1578351582592
21926,2,infantry_grenadiers,316,486.8470603343504
21928,3,infantry_line,397,303.3421290775119
21930,1,infantry_line,274,308.2255568451315
21932,3,cavalry_standard,759,655.2716015357311
21933,0,cavalry_standard,1012,690.1415162363321
21934,1,cavalry_standard,504,685.0516958144188
21935,1,cavalry_standard,811,683.4947557244843
21936,1,cavalry_standard,730,677.1154966157844
21937,4,cavalry_standard,619,702.4111637208886
21938,3,general,600,258.1462359007489
21939,2,general,689,775.2502621584711
21940,2,general,456,449.2198475906927
21941,1,general,301,593.2773960868511
21942,4,general,646,258.9604154000512
21944,1,general,667,437.24705907222705
21945,3,general,409,490.7486211699783
21946,1,general,205,284.83070779725074
21947,0,infantry_grenadiers,292,496.0330653989809
21948,0,infantry_grenadiers,331,487.2063281538294
21949,2,infantry_grenadiers,275,495.30555163652883
21950,0,infantry_line,188,314.9761095488055
21951,1,infantry_line,433,295.2528184377815
21952,4,infantry_line,374,318.0087145570277
21953,3,infantry_line,255,299.9859128611735
21955,3,cavalry_lancers,400,526.2144460568336
21956,3,cavalry_lancers,468,531.9909851159192
21957,0,cavalry_lancers,554,519.5077254759516
21958,3,cavalry_standard,505,675.9804087266747
21960,3,cavalry_standard,473,674.4783097872258
21961,4,cavalry_standard,721,677.0526672917829
21962,4,general,462,572.3490467416193
21963,1,general,340,334.5673891065382
21964,4,general,402,357.1264689496904
21965,2,general,661,445.6258144505389
21966,0,general,474,390.7326238189631
21967,1,general,261,238.326583787777
21970,2,general,407,347.08439994564185
21971,1,general,229,269.59614400957815
21972,3,infantry_light,459,374.70773427578786
21973,0,infantry_light,337,366.9370402676218
21974,1,infantry_line,237,311.9273830508699
21975,2,infantry_militia,377,175.1668364181007
21976,1,infantry_militia,203,144.5006648315102
21977,1,cavalry_lancers,495,537.9067170480572
21978,2,cavalry_light,368,583.3204721399449
21979,4,cavalry_light,403,551.2267580531179
21980,3,cavalry_light,683,543.0311148956903
21981,3,cavalry_light,982,549.3666798307931
21983,1,general,978,535.9545277169002
21984,4,general,354,406.9542411020145
21985,4,general,305,312.082051191089
21986,2,general,842,325.8292380602707
21988,2,general,683,544.553589866119
21989,3,cavalry_heavy,1033,1152.0696978549377
21990,1,cavalry_standard,431,663.5551317344017
21992,2,cavalry_standard,498,669.165275235032
21994,2,general,738,448.33458324278183
21995,3,cavalry_lancers,336,528.1691126335913
21996,1,cavalry_light,363,538.2621704250771
21997,0,cavalry_standard,707,685.5892456506078
21998,3,general,314,409.1452681505279
21999,1,general,706,569.9573852755228
22000,4,general,209,234.9175826144428
22001,3,cavalry_lancers,396,515.9607152832257
22003,1,general,287,303.1698113640479
22004,2,cavalry_standard,771,654.2634636443659
22005,4,cavalry_standard,777,683.7374504560981
22007,3,general,617,265.11551702286107
22008,2,general,173,278.0122514589663
22009,2,general,705,440.9223503125197
22010,2,general,487,619.1261039971174
22011,4,general,504,473.6135270201786
22012,0,general,531,585.3389467559264
22015,2,infantry_line,418,311.94769127953316
22016,1,infantry_line,475,309.47995339057627
22017,3,infantry_line,365,316.8079744548735
22020,1,cavalry_lancers,905,559.3207862374477
22021,1,cavalry_standard,684,673.8302091358714
22022,3,cavalry_standard,930,648.3181030748522
22026,0,general,1136,338.6420043208527
22027,0,general,840,421.4061082972423
22028,0,general,964,556.5439553784847
22029,3,general,395,349.27336581035524
22030,4,general,795,325.37699525469776
22031,2,general,1211,444.7045753421441
22032,2,general,840,337.08817707665605
22033,3,general,227,281.0163296012129
22034,2,general,469,274.76632173069146
22037,3,infantry_line,338,307.5909072321771
22038,3,cavalry_lancers,588,497.55792450025746
22039,4,cavalry_lancers,923,561.6691493784696
22041,3,cavalry_lancers,583,541.0778479616107
22043,4,cavalry_light,826,507.8955099173042
22044,1,cavalry_light,370,592.3815717028414
22046,3,general,139,296.3751898761376
22047,1,general,472,463.2451399952937
22048,3,general,1320,546.7692149485299
22049,1,general,584,535.089964860196
22051,2,general,198,367.50115080487194
22052,2,general,911,565.1030953573054
22053,4,general,334,445.5615243886712
22055,0,infantry_light,449,374.2852562997864
22056,0,infantry_light,583,372.67007156382135
22057,4,infantry_line,264,309.8878421546634
22058,1,cavalry_standard,522,688.1223325188234
22059,3,cavalry_standard,678,661.9325655256687
22060,1,general,619,435.125586005995
22061,0,general,422,343.91437340732404
22062,1,cavalry_light,402,538.2621704250771
22063,0,cavalry_standard,546,704.4373710270949
22064,2,general,446,352.2154370895719
22065,2,general,271,246.77499621614203
22066,3,cavalry_lancers,632,531.9909851159192
22067,3,cavalry_lancers,584,526.2144460568336
22068,1,cavalry_light,784,538.2621704250771
22070,3,general,246,482.2627860044214
22071,3,infantry_line,235,313.5415460577686
22072,4,cavalry_heavy,1149,1220.0306669007582
22074,3,cavalry_heavy,1482,1198.5567252879302
22075,3,cavalry_heavy,1086,1195.8626514396285
22077,3,cavalry_lancers,523,551.2095989411381
22078,2,cavalry_lancers,538,542.35984302618
22079,2,cavalry_missile,461,504.85137068645645
22080,3,cavalry_standard,478,653.5617630429216
22081,2,cavalry_standard,600,670.4417496630876
22082,0,general,1490,450.1185377925454
22083,2,general,895,266.09912217766083
22085,0,general,1388,443.6726801095658
22086,1,general,347,255.25906772591622
22087,2,general,1147,585.9365486391576
22090,1,general,547,445.3325689893424
22092,2,cavalry_lancers,614,548.9359279760168
22093,2,cavalry_lancers,377,540.65271740513
22095,2,cavalry_light,768,561.1663990961854
22096,3,cavalry_light,798,539.2688034382414
22098,3,cavalry_standard,586,698.3224064182572
22099,1,cavalry_standard,829,683.4947557244843
22101,1,cavalry_standard,721,672.1623768689591
22102,2,general,132,272.0263242703727
22103,2,general,644,327.17788309205713
22104,0,general,881,750.8204701597177
22105,1,general,476,527.9561225636947
22106,0,general,446,274.43238693931625
22107,4,general,763,440.33880275724397
22108,4,general,413,404.0190173059341
22109,1,general,701,415.090096224966
22110,2,general,659,441.88295028036754
22112,2,general,257,275.8693218214257
22113,0,infantry_light,237,366.9370402676218
22114,0,infantry_light,364,372.67007156382135
22117,4,cavalry_lancers,630,546.1818737526467
22118,2,cavalry_lancers,588,542.35984302618
22119,4,cavalry_lancers,579,520.3024840189609
22120,4,cavalry_lancers,630,546.1818737526467
22122,0,cavalry_lancers,406,523.8298511074194
22124,4,general,516,241.00673890683657
22125,0,general,520,322.18292347482816
22126,1,cavalry_lancers,360,529.9132613231295
22127,0,general,309,400.15421119536194
22128,1,cavalry_lancers,605,523.5728805732517
22129,3,cavalry_lancers,609,502.42502601314453
22130,3,general,448,297.80310937621965
22132,1,artillery_foot,849,489.3510635442436
22133,1,artillery_foot,578,489.3510635442436
22134,2,artillery_foot,662,479.99918112985256
22136,4,artillery_foot,581,490.410080109001
22137,0,artillery_foot,612,493.7783922433476
22138,4,artillery_foot,386,451.0601579591
22139,2,artillery_foot,737,503.86274196881385
22140,1,artillery_foot,619,489.3510635442436
22141,3,artillery_foot,936,516.4603175009216
22142,1,artillery_foot,849,489.3510635442436
22144,3,artillery_foot,667,488.3349850770702
22145,3,artillery_foot,976,539.3868223031392
22146,4,artillery_foot,1821,584.0732872761888
22147,4,artillery_foot,1465,544.9082409470308
22148,3,artillery_foot,395,451.2757179950177
22149,0,artillery_foot,410,457.8370436203168
22150,3,artillery_foot,936,516.4603175009216
22151,2,artillery_foot,349,448.2719186483429
22152,4,artillery_foot,381,451.0601579591
22153,1,artillery_foot,477,489.3510635442436
22154,3,artillery_foot,395,451.2757179950177
22155,2,artillery_foot,1078,503.86274196881385
22156,3,artillery_foot,398,451.2757179950177
22157,1,artillery_foot,849,489.3510635442436
22160,3,artillery_foot,765,516.4603175009216
22161,4,artillery_foot,1142,520.3940587211663
22162,4,artillery_foot,981,490.410080109001
22163,0,artillery_foot,901,493.7783922433476
22164,0,artillery_horse,1480,703.7396323407071
22165,1,artillery_horse,1679,696.1161964390243
22166,1,artillery_horse,1554,696.1161964390243
22167,3,artillery_horse,1058,665.7319818054348
22169,0,artillery_horse,535,618.4489814554727
22170,3,artillery_horse,543,615.2102291710255
22171,2,artillery_horse,771,660.2674454014357
22172,3,artillery_horse,1549,665.7319818054348
22174,2,artillery_horse,1061,706.9990778699882
22176,0,artillery_horse,784,618.4489814554727
22177,0,artillery_horse,1185,666.9987673624491
22178,4,general,747,272.4006323481139
22179,1,general,281,279.75454667196163
22180,4,general,439,225.48580297034414
22181,2,general,60,61.35848293385772
22182,0,general,571,363.812510791583
22184,3,general,985,363.61184458547035
22185,1,general,1291,516.4438038960884
22186,1,general,281,279.75454667196163
22187,2,general,60,61.35848293385772
22188,2,general,362,351.25318116079706
22189,4,general,655,225.48580297034414
22190,1,general,881,193.88445262009674
22191,1,general,474,214.14154083790558
22192,1,general,990,398.07814484898427
22193,4,general,752,355.20976675796993
22194,1,general,159,160.18346085772984
22195,3,general,562,280.23522625263314
22196,2,general,60,61.35848293385772
22197,3,general,521,215.97696335330676
22199,4,general,1619,416.8671737361953
22200,2,general,1,1.0
22201,0,general,741,738.5411606231618
22202,4,general,839,289.055377153626
22203,0,general,741,738.5411606231618
22204,1,general,574,564.7575153899911
22205,4,general,2594,938.0440125050848
22206,1,general,281,279.75454667196163
22207,2,general,1,1.0
22208,1,general,574,564.7575153899911
22209,4,general,1073,245.15690146181296
22210,1,general,574,564.7575153899911
22211,3,general,549,363.61184458547035
22212,4,general,1600,534.3915073142313
22213,4,general,747,272.4006323481139
22214,3,infantry_grenadiers,284,458.5103962578426
22215,2,infantry_grenadiers,237,466.2794641254046
22216,3,infantry_grenadiers,238,470.2312242933496
22218,2,infantry_grenadiers,288,464.06932897182696
22219,0,infantry_grenadiers,297,473.076261644233
22220,4,infantry_grenadiers,478,490.93270461301336
22221,3,infantry_skirmishers,212,233.2137766794264
22223,0,infantry_skirmishers,249,242.28194881961784
22224,1,infantry_skirmishers,170,241.84549413725532
22226,4,infantry_skirmishers,180,221.01413713074044
22227,1,infantry_skirmishers,195,221.5945817580759
22228,4,infantry_skirmishers,184,225.10684762904168
22229,4,infantry_skirmishers,184,225.10684762904168
22231,4,general,1681,562.1085226810583
22232,3,general,1466,532.2094005382353
22233,1,infantry_skirmishers,1515,310.2879978058664
22234,3,cavalry_lancers,933,631.9875515422582
22235,3,general,1017,818.2996679218971
22236,2,general,421,273.38321923730206
22237,4,general,1267,871.8302324735305
22238,3,infantry_skirmishers,570,257.56322416816516
22239,1,general,660,394.60399188003845
22240,0,infantry_skirmishers,767,300.5463521508457
22241,3,cavalry_lancers,797,631.9875515422582
22242,1,cavalry_lancers,582,606.7777987998742
22243,4,cavalry_lancers,738,578.440394548304
22246,2,general,206,277.4247130429976
22247,4,general,745,479.0008916268269
22248,4,general,1238,337.6350179743518
22249,4,cavalry_lancers,659,594.9687843293235
22250,1,cavalry_lancers,691,627.0122818455112
22252,3,cavalry_lancers,678,584.9119736090773
22253,1,cavalry_lancers,377,586.0977966872694
22254,0,general,361,569.1444917007191
22255,4,general,737,293.43074427019314
22256,3,general,310,362.4132967540368
22259,0,cavalry_lancers,736,600.4167022315396
22260,0,cavalry_lancers,660,587.9603208301264
22261,2,cavalry_lancers,824,638.5895307156117
22262,0,cavalry_lancers,519,585.3254336663177
22263,4,general,633,968.8845624891641
22265,3,cavalry_lancers,649,611.4291769167687
22266,3,cavalry_lancers,580,587.5352447261421
22267,0,cavalry_lancers,622,582.6377295443976
22268,1,cavalry_lancers,714,618.3562010379298
22269,3,general,494,279.31150683117346
22270,4,cavalry_lancers,629,581.3229540697478
22271,3,cavalry_lancers,765,611.4291769167687
22272,4,cavalry_lancers,806,614.5768063320027
22273,0,cavalry_lancers,689,602.7774175094899
22274,2,general,670,374.80490923265273
22275,2,general,763,620.7198018043008
22276,2,infantry_irregulars,811,388.5890453620476
22277,1,cavalry_lancers,899,631.1611748099481
22279,4,cavalry_lancers,608,592.3351113633875
22280,4,cavalry_lancers,674,589.65559580155
22281,0,general,697,924.0225956263919
22282,0,general,442,269.10676235461426
22283,4,general,771,362.47465048950625
22284,3,infantry_irregulars,608,490.0427760644558
22286,3,cavalry_lancers,654,599.9740273106939
22287,2,cavalry_lancers,716,607.2369378979184
22288,1,cavalry_lancers,774,609.1672417656672
22289,3,general,768,601.0752360125196
22292,4,cavalry_lancers,741,586.92839382859
22294,0,cavalry_lancers,669,595.5699526191285
22295,1,cavalry_lancers,613,609.1672417656672
22296,0,general,547,266.8863596175131
22297,4,infantry_irregulars,670,406.6386813259899
22298,4,artillery_foot,493,520.242866636317
22299,0,cavalry_missile,665,555.8200628465904
22300,4,cavalry_lancers,803,645.9240565648068
22301,0,general,686,376.22527295106164
22302,0,cavalry_lancers,511,585.3254336663177
22303,1,general,460,279.8530996025068
22304,0,cavalry_lancers,525,595.5699526191285
22305,3,general,405,349.77730273502834
22306,3,cavalry_lancers,772,678.2450495601439
22307,2,cavalry_lancers,366,619.9239162529408
22308,2,cavalry_lancers,620,646.9976085664986
22309,4,general,480,284.37194278150844
22311,4,general,379,583.4818147726489
22312,2,general,896,528.252602501523
22313,0,infantry_skirmishers,369,268.9063369547614
22314,1,cavalry_light,1111,595.0748819930004
22316,2,artillery_horse,724,813.2687133485973
22317,2,artillery_horse,116,675.7162931340408
22320,4,artillery_foot,808,616.0493961982021
22321,4,artillery_foot,439,616.0493961982021
22323,0,artillery_foot,618,610.2043417871153
22324,0,general,392,593.4212483820633
22326,4,general,196,358.9654695352286
22328,3,general,235,596.8359163552362
22329,4,general,363,613.1219499884738
22330,4,general,1225,619.3239728885292
22331,2,general,652,787.7769716860535
22332,1,general,425,463.79243056301965
22334,0,general,1365,781.6314379588026
22335,3,general,649,1014.5207715913319
22336,4,general,441,364.22044181021255
22337,3,general,421,363.6172322605169
22338,3,infantry_light,1088,496.76273963771837
22340,0,infantry_line,361,393.18541707204105
22343,0,infantry_line,484,393.18541707204105
22344,0,infantry_line,540,400.588843395461
22345,1,infantry_line,1146,401.63518266648373
22347,3,infantry_militia,197,196.33954136513958
22348,0,infantry_militia,138,193.485453004296
22349,1,infantry_militia,343,184.9634885148806
22351,4,infantry_skirmishers,247,286.40999190409036
22352,1,infantry_skirmishers,276,295.8466765785151
22353,4,infantry_skirmishers,325,299.4053959177047
22354,2,cavalry_light,1712,709.3796645969192
22355,0,general,1607,520.7676985830129
22356,2,artillery_foot,449,600.4103432571941
22357,4,artillery_foot,480,616.0493961982021
22358,2,artillery_foot,901,600.4103432571941
22360,2,general,186,346.96010008787516
22361,1,general,199,362.5716315618364
22362,0,general,208,353.2884378281
22363,1,general,92,362.07699292968084
22365,4,general,409,359.50441470382367
22366,1,general,903,606.8849242178961
22367,3,general,604,601.6565055722293
22368,1,general,313,360.5760494021683
22369,1,general,712,786.2326434998109
22370,2,general,213,353.80064879931564
22371,4,general,357,469.4916412526834
22372,2,infantry_light,422,488.1335609078285
22373,4,infantry_line,286,380.093003993173
22375,4,infantry_line,556,389.27873996006065
22376,3,infantry_line,418,400.2715607572936
22378,0,infantry_line,517,395.89928019786737
22379,1,infantry_line,805,397.2866676206061
22380,4,infantry_militia,286,196.79554889209425
22381,0,infantry_militia,194,195.04866092208584
22382,0,infantry_militia,189,194.53366570656627
22384,1,infantry_militia,300,184.6735340819744
22385,4,infantry_skirmishers,309,302.33813345431895
22386,0,infantry_skirmishers,250,271.9191192426124
22387,4,artillery_foot,893,616.0493961982021
22388,0,artillery_foot,429,610.2043417871153
22389,0,artillery_foot,614,610.2043417871153
22390,3,general,35,359.868179998887
22391,1,general,119,339.5065580911702
22392,2,general,121,473.3967931047249
22394,1,general,329,349.5554730727671
22395,1,general,142,446.1806281512473
22397,2,general,132,362.6576465953517
22398,0,general,456,595.0744149601987
22401,4,general,369,466.67223457295614
22402,2,infantry_light,651,485.7355922906774
22403,3,infantry_line,215,402.4880987277769
22405,0,infantry_line,401,396.43242492452896
22406,0,infantry_line,609,394.28076206059
22407,1,infantry_line,426,395.03634342306606
22408,2,infantry_militia,171,193.94573532590107
22412,3,infantry_militia,211,183.59328117020803
22413,3,infantry_militia,186,193.88848955042272
22415,0,infantry_skirmishers,545,318.18893246503274
22416,2,infantry_skirmishers,288,296.48501029473204
22418,0,artillery_foot,429,610.2043417871153
22419,2,artillery_foot,442,600.4103432571941
22420,3,general,134,475.15366166830717
22421,4,general,205,336.74111627699665
22424,3,general,240,458.0755804638373
22425,4,general,284,462.6852310221715
22427,3,general,710,618.2277141961529
22428,0,general,509,747.8773073349512
22429,1,general,285,591.6771853878337
22430,3,infantry_light,325,465.70084213297747
22431,4,infantry_light,654,488.579648008934
22432,2,infantry_line,301,386.8971701611305
22434,1,infantry_line,312,372.9955116480117
22435,2,infantry_line,328,394.14800065303206
22436,2,infantry_line,432,386.8971701611305
22437,2,infantry_line,629,400.3213264396831
22438,0,infantry_militia,201,183.7177307743267
22439,0,infantry_militia,213,182.02164353576083
22440,0,infantry_militia,191,194.53366570656627
22441,2,infantry_militia,77,189.47099127663563
22442,1,infantry_militia,135,184.9634885148806
22443,3,infantry_militia,234,190.10457689431905
22444,2,infantry_skirmishers,211,262.9877954989444
22447,0,cavalry_lancers,1250,756.3237885387873
22448,0,cavalry_lancers,801,719.3394070666351
22450,1,cavalry_lancers,437,721.986991092981
22451,2,cavalry_lancers,808,698.135514078402
22453,3,cavalry_light,740,723.3344776612165
22454,1,cavalry_light,1373,746.500367470156
22456,4,cavalry_standard,1592,891.4676774202018
22457,2,cavalry_standard,1213,825.4101806335782
22458,3,cavalry_standard,794,851.0980625610748
22459,3,cavalry_standard,928,827.439712006946
22460,0,general,1610,731.490865332876
22461,3,general,754,564.4879079332829
22462,4,general,773,433.0946293591907
22463,1,general,697,541.0068373648392
22464,0,general,693,418.4889914061629
22466,1,general,735,397.2573201151832
22467,1,general,1017,324.6175527897649
22468,0,general,419,537.2377884756285
22469,2,general,804,424.4846941813183
22471,2,general,653,316.67176716663874
22472,0,general,759,320.66171119088
22473,2,general,1407,741.1215775075001
22474,2,general,1205,582.0789306007704
22475,2,artillery_horse,1075,884.354756662811
22476,2,artillery_horse,600,825.9001663333701
22477,1,cavalry_lancers,479,725.5517414968884
22478,2,cavalry_lancers,496,694.4072479047334
22479,0,cavalry_lancers,440,722.6171518787758
22481,4,cavalry_lancers,571,711.6137783774597
22482,2,cavalry_lancers,490,705.3103904161559
22483,2,cavalry_lancers,690,678.4146146952962
22484,1,cavalry_light,836,728.6438628846674
22485,2,cavalry_light,941,751.6199348861214
22486,0,cavalry_light,1466,747.103381822233
22487,2,cavalry_light,721,721.5432056646124
22488,2,cavalry_light,630,724.8399160124549
22490,2,cavalry_standard,904,797.3873024025414
22491,0,general,642,501.64947648616305
22492,3,general,790,556.8708425958197
22493,3,general,502,324.3068222734362
22494,4,general,604,539.0511226472375
22495,3,general,773,338.1741925068441
22496,0,general,403,405.0634581958753
22497,4,general,443,316.13591366713644
22498,2,general,406,409.25275045484216
22500,0,general,849,520.7676985830129
22501,2,general,299,332.1960122928546
22502,2,general,359,328.81669824831056
22503,3,general,677,708.4382009921184
22504,4,general,1304,434.0410757522441
22506,1,cavalry_lancers,440,723.7784528609619
22507,3,cavalry_lancers,471,709.9265463882028
22508,3,cavalry_lancers,434,740.2830285253232
22509,3,general,322,327.60346455091576
22510,2,cavalry_lancers,476,691.544863454805
22512,3,cavalry_lancers,477,702.3930699853217
22513,3,cavalry_lancers,455,692.4797210986455
22516,0,general,324,300.1410568423834
22517,3,general,334,316.3368083372026
22518,3,general,388,403.56132852572915
22519,3,general,393,416.3304561195668
22520,3,artillery_foot,591,613.4909024053335
22521,3,artillery_foot,591,613.4909024053335
22522,2,artillery_foot,598,600.4103432571941
22523,3,artillery_foot,591,613.4909024053335
22525,3,artillery_foot,591,613.4909024053335
22526,3,artillery_foot,529,613.4909024053335
22527,0,artillery_foot,831,610.2043417871153
22528,2,artillery_foot,457,600.4103432571941
22530,0,artillery_foot,527,610.2043417871153
22533,4,artillery_foot,584,653.715041071445
22535,0,artillery_horse,1017,824.2676273502
22536,4,artillery_horse,1166,876.9707043876423
22537,2,artillery_horse,1075,884.354756662811
22538,2,general,601,601.0174315183893
22539,4,general,1311,523.6653590357565
22540,3,general,600,456.80232929615363
22541,3,general,228,229.1252058482469
22542,0,general,401,403.659977854093
22544,3,general,228,229.1252058482469
22545,1,general,380,267.5811393706734
22546,3,general,600,456.80232929615363
22548,4,infantry_grenadiers,383,576.8602130692426
22549,0,infantry_grenadiers,508,588.8547587011603
22550,0,infantry_grenadiers,508,588.8547587011603
22551,0,infantry_grenadiers,508,588.8547587011603
22552,2,artillery_foot,681,512.8085974109235
22553,3,cavalry_heavy,1869,1406.518899364898
22554,0,cavalry_heavy,1961,1350.3336326930691
22555,1,cavalry_heavy,1132,1180.5521464274866
22556,0,general,286,415.94831859440416
22557,1,general,348,555.7988660680115
22558,2,general,1879,676.9774802414279
22559,4,general,221,315.34108893676546
22560,1,general,917,254.5384802610466
22561,3,general,532,231.0353052538382
22562,1,general,1754,382.0398510114581
22563,2,general,662,641.7697353323725
22564,4,general,960,512.5347934234048
22565,0,general,1377,405.3694888929502
22566,3,general,490,387.7286434983498
22569,0,general,1576,524.0690778192319
22570,0,general,811,1070.6359705628215
22571,3,infantry_light,971,434.62967365476976
22573,0,infantry_line,1431,347.2344805628684
22575,2,infantry_line,548,328.74460180513995
22576,3,infantry_line,751,327.92475854520717
22577,0,infantry_skirmishers,287,245.76877511766938
22578,3,infantry_skirmishers,295,246.7650308696683
22579,3,artillery_horse,856,658.1039055507929
22581,0,general,491,290.28459729518846
22582,4,general,228,362.0919199041846
22583,0,general,255,280.74168112189153
22584,1,general,189,281.9689470539051
22585,2,general,221,293.5474425827334
22586,3,general,359,482.7406843942648
22587,4,general,1343,528.8509019076188
22588,2,general,1176,317.9568090695096
22589,1,general,677,478.7032053618531
22591,4,infantry_line,607,317.68939229102006
22592,2,infantry_line,1231,344.69932535633825
22595,0,infantry_line,306,312.2632550182155
22596,3,infantry_line,651,314.5206266916348
22597,4,infantry_line,366,306.1511315919863
22598,3,infantry_line,366,313.8522501061806
22599,4,infantry_line,325,319.9407840635058
22600,1,infantry_line,300,310.67649538362116
22604,3,artillery_foot,360,482.7395553759536
22605,4,artillery_foot,481,482.49776177528315
22606,2,artillery_horse,104,627.5726005196419
22607,3,general,336,359.4455149612469
22608,2,general,20,235.74383309130667
22609,3,general,456,359.4455149612469
22610,4,general,219,205.52622200040418
22611,4,general,678,708.6347440150465
22612,0,infantry_line,280,299.7043649578185
22613,1,infantry_militia,176,168.91896938772624
22615,0,infantry_militia,223,174.50591851040994
22616,1,infantry_militia,481,167.96908775876074
22617,1,infantry_skirmishers,249,244.7818659208843
22618,4,infantry_line,308,293.97671496385345
22619,3,infantry_militia,105,172.67120072181604
22620,1,infantry_militia,139,170.21273463557
22621,3,infantry_militia,165,172.86844091739576
22622,1,infantry_militia,141,168.3517063588466
22623,4,artillery_foot,650,524.5902610314033
22624,3,cavalry_heavy,1154,1255.157956685284
22625,2,cavalry_heavy,1410,1263.8802847476056
22627,3,general,956,278.26092756671056
22628,2,general,651,401.8222950710795
22629,3,general,881,276.14470305286704
22630,1,general,1485,784.0933891552409
22631,2,general,381,645.431918248791
22634,2,general,416,297.46284572495233
22637,4,general,409,486.07937230786865
22638,0,infantry_light,688,392.4554153023865
22639,2,infantry_line,327,325.2019184394916
22640,4,infantry_line,528,325.1680509964657
22641,3,infantry_line,502,318.4123779310458
22642,2,infantry_line,668,336.64057532836205
22643,1,infantry_line,401,317.87728119453476
22644,4,infantry_line,427,333.94247208787795
22645,2,artillery_foot,602,512.8085974109235
22646,0,general,127,298.14972218119516
22648,1,general,441,499.9412634648087
22649,3,general,268,417.7380379445991
22650,2,general,187,323.49368327444176
22651,3,general,388,630.3345375761708
22653,2,general,185,377.601300624573
22655,3,general,215,389.3909611637961
22657,0,general,640,519.4839674607754
22658,2,general,247,375.6264796073976
22660,0,infantry_line,422,329.64222008353545
22661,4,infantry_line,318,314.0223871755818
22662,2,infantry_line,253,321.1823239634403
22663,2,infantry_line,285,329.96548294510296
22664,1,infantry_line,412,337.6474205519128
22665,3,infantry_line,339,315.8400160371379
22666,4,infantry_line,605,342.64439157194425
22667,3,infantry_militia,362,168.29601323224125
22669,2,infantry_militia,274,172.19814736668656
22670,4,infantry_militia,300,172.59973194473855
22671,0,infantry_skirmishers,220,240.30468649106848
22672,4,artillery_foot,725,556.6640372543956
22673,3,general,586,244.3416317724772
22674,4,general,470,367.1645827142791
22675,1,general,965,810.7497852469671
22677,2,infantry_light,533,388.8821229124412
22679,2,infantry_line,274,349.2319565486715
22680,4,infantry_line,472,342.15558793258987
22681,2,infantry_militia,55,168.5601993871691
22682,2,infantry_militia,59,169.4213330312551
22683,4,infantry_militia,57,172.59973194473855
22684,2,infantry_skirmishers,222,244.23340707271458
22688,3,infantry_line,473,312.49755251487454
22689,4,infantry_line,377,308.37533898855366
22690,0,cavalry_light,609,665.8180406738777
22691,2,general,355,690.1897993999149
22692,0,general,471,297.1848054689584
22695,0,general,582,399.2033125822675
22696,1,infantry_light,294,427.7178720404769
22697,2,infantry_light,594,427.8204143769041
22698,1,infantry_line,646,340.04470466158233
22700,1,infantry_skirmishers,210,236.66830270604362
22702,2,infantry_skirmishers,251,268.1258492252852
22703,2,artillery_foot,384,478.91267922511787
22704,4,general,261,205.52622200040418
22705,3,general,292,401.1546871723817
22706,2,general,254,304.6074763625034
22707,0,general,222,310.4109294710825
22708,0,general,69,601.0162906881466
22709,4,infantry_light,328,417.24684654436055
22710,3,infantry_line,359,338.40635591243677
22712,0,infantry_militia,57,174.69241210093702
22713,3,infantry_militia,79,173.06475435561785
22717,4,cavalry_light,380,548.9282176782802
22718,1,cavalry_light,584,545.4963508998292
22719,2,cavalry_light,849,587.5318614527056
22721,2,general,186,250.89900330156283
22722,3,general,716,337.3130608323461
22723,3,general,422,299.7737815872677
22724,3,general,314,423.48566968916845
22725,1,general,568,533.179568915794
22726,3,general,123,534.7946157320132
22728,0,general,277,303.2270556182269
22729,0,general,747,409.26357322860207
22730,0,general,510,501.4799700093482
22731,1,general,377,299.505794471124
22732,1,infantry_light,324,408.8477006454927
22733,3,infantry_light,434,390.8892912997302
22735,3,infantry_line,492,331.2152090566169
22736,1,infantry_line,385,333.65861498311443
22737,0,infantry_militia,96,165.15834064310044
22738,0,infantry_militia,114,169.53312417740534
22739,3,infantry_militia,68,170.43744873180097
22741,3,infantry_militia,196,172.67120072181604
22743,2,infantry_skirmishers,254,235.4276953458183
22744,2,infantry_skirmishers,552,275.51867250619773
22745,1,artillery_foot,448,522.6386165111762
22746,1,cavalry_light,521,545.4963508998292
22748,1,cavalry_light,1014,592.0777738606498
22750,3,general,217,347.4116543784417
22752,0,general,289,245.6111860922454
22753,4,general,375,303.3378180330814
22754,0,general,208,301.65172405149394
22759,0,general,939,446.0357352944306
22760,2,general,203,303.60764514246864
22761,0,general,274,384.8318809128358
22762,4,general,149,323.76726347162463
22763,2,general,431,495.5572056701939
22764,0,general,353,627.2438710008161
22766,0,general,834,395.40495018709134
22767,0,general,467,294.20498408537355
22768,3,general,608,499.10544299038867
22770,0,general,329,308.37303226703716
22771,4,infantry_grenadiers,473,575.8920797504866
22772,3,infantry_light,330,403.25182091699065
22773,1,infantry_light,309,410.43205277081927
22774,1,infantry_light,319,398.40832028011636
22775,1,infantry_light,488,413.526844384607
22776,1,infantry_light,188,427.7178720404769
22777,2,infantry_light,379,400.16364534088933
22778,1,infantry_line,263,340.04470466158233
22779,1,infantry_line,310,331.8495897393617
22780,1,infantry_line,585,323.3037844889548
22781,4,infantry_line,899,336.5926116976957
22784,1,infantry_line,314,318.80857162176346
22785,3,infantry_skirmishers,293,256.9427382331297
22786,3,infantry_skirmishers,212,244.88833832769956
22787,3,artillery_horse,493,658.1039055507929
22788,4,cavalry_lancers,316,546.8743993205155
22789,2,cavalry_light,591,594.5298303963295
22791,2,general,536,450.37437914949237
22794,3,cavalry_light,580,580.8923203861548
22795,3,cavalry_light,974,590.4778030045237
22796,1,general,294,308.62343546874416
22797,3,general,838,345.2713290434097
22798,3,general,935,436.1112742031862
22799,0,general,470,337.6415985454749
22801,3,general,113,417.2440307600555
22802,4,general,438,304.7472974593823
22804,1,general,266,292.09557196675337
22805,0,infantry_light,414,417.4678084558584
22806,2,infantry_line,320,341.0962009938645
22807,4,infantry_line,227,342.15558793258987
22808,0,infantry_line,548,339.64253561304474
22809,1,infantry_line,372,321.83412238779846
22810,0,infantry_militia,217,172.3947016859166
22811,1,infantry_militia,160,166.79905622003594
22812,4,infantry_militia,85,177.88911981755038
22813,2,infantry_militia,183,169.92783698811633
22814,4,artillery_foot,365,482.49776177528315
22815,1,cavalry_light,935,572.8284247360011
22817,4,cavalry_light,926,589.6456876055803
22818,1,general,162,389.18948979179294
22819,1,general,792,332.6570536718271
22820,0,general,418,259.4341846909163
22821,1,general,243,211.36131360074094
22822,4,general,992,740.2185911061557
22824,1,general,441,842.8687398273272
22826,2,general,213,299.0038524090365
22827,4,infantry_grenadiers,707,534.0724727966905
22828,3,infantry_light,713,426.29622318102315
22829,1,infantry_line,226,330.53197740392784
22830,3,infantry_line,323,329.0367548572305
22831,1,infantry_line,353,326.722276148495
22832,4,infantry_militia,74,174.9129690854331
22833,3,infantry_militia,123,170.01801869113956
22834,4,artillery_horse,667,686.8546655849573
22835,1,cavalry_light,1037,595.6327272891712
22836,0,cavalry_light,885,615.831990470723
22837,4,cavalry_light,418,587.5340358941943
22839,1,general,716,273.33560281289704
22840,1,general,286,259.12538345246617
22841,1,general,897,345.90013270002765
22842,1,cavalry_heavy,1143,1382.2861002525287
22843,1,cavalry_heavy,1359,1355.9889998199849
22844,0,cavalry_heavy,817,1333.8859960088498
22845,3,general,657,293.7342443139842
22847,3,general,950,301.1120264005018
22848,2,cavalry_light,557,602.7426817236288
22849,2,cavalry_light,276,578.1629681854671
22850,3,general,419,267.7497584781222
22851,2,general,148,259.43872618909035
22852,3,cavalry_light,714,572.723422211122
22854,0,artillery_horse,657,658.3602143546971
22855,1,general,545,248.26888714493708
22856,0,cavalry_light,910,663.6251432706762
22858,2,general,743,297.23945895026765
22860,0,artillery_horse,1138,710.0431314829111
22861,3,artillery_horse,617,658.1039055507929
22862,0,general,1022,1016.565551349854
22863,1,general,1240,452.1558493467302
22864,0,general,638,637.3693467682789
22866,2,general,467,468.3671322685985
22867,0,general,312,313.75368630760426
22870,0,general,1241,420.0648968873944
22871,4,general,233,478.7817291887037
22875,0,general,570,315.45211938157496
22878,3,general,405,367.14079329099957
22879,1,infantry_grenadiers,927,551.0990069376701
22881,0,infantry_line,1287,359.82238493511363
22882,1,infantry_line,413,306.4376736767115
22883,2,infantry_line,256,317.778121199038
22886,3,infantry_line,485,309.7128911546771
22887,3,infantry_line,306,318.4123779310458
22888,3,infantry_skirmishers,393,235.60912852711172
22889,0,general,398,560.5826275032895
22890,3,general,489,503.0870998850114
22893,4,general,971,688.6629936017096
22894,0,general,845,418.7798013198853
22895,0,general,614,624.305776383834
22896,1,general,397,294.4787293442354
22897,0,general,918,667.2200560471856
22898,1,general,80,278.7784087583916
22899,1,infantry_line,186,307.1611251047516
22903,1,infantry_line,454,321.83412238779846
22904,0,infantry_line,783,341.9526103507163
22906,4,infantry_line,886,358.68318599227524
22907,2,infantry_line,838,344.3080590043928
22908,0,infantry_skirmishers,185,221.19040910037262
22909,0,infantry_skirmishers,225,240.30468649106848
22910,1,infantry_skirmishers,349,255.64181302954825
22911,3,cavalry_light,776,654.242350769236
22913,1,general,278,300.4617976988089
22916,0,general,200,284.37515900377775
22917,4,general,240,289.63472850026596
22918,0,general,721,491.72804880057464
22919,3,general,951,537.4705856737381
22920,2,general,489,396.0322624028332
22921,2,general,323,514.2283934901182
22922,1,infantry_light,680,397.69461952328567
22924,4,infantry_line,320,334.74601569599633
22925,0,infantry_line,347,324.38703755593224
22926,2,infantry_line,548,336.8594392886032
22927,1,infantry_line,868,348.14077785388287
22928,4,infantry_skirmishers,226,232.9173316268287
22930,3,artillery_foot,458,482.7395553759536
22931,1,general,323,211.36131360074094
22933,1,general,180,283.81379575488194
22934,0,general,485,494.6598384938917
22935,4,general,376,479.85066418789063
22936,0,infantry_line,472,327.7486868515172
22937,1,infantry_line,347,321.83412238779846
22938,3,infantry_line,383,315.18317780112807
22939,2,infantry_line,290,317.19291286296396
22940,4,infantry_skirmishers,216,236.41819079916888
22941,3,artillery_foot,879,522.382668001717
22942,4,general,712,223.45607169511496
22943,2,general,638,399.55088375336277
22944,3,general,520,295.10861573407635
22945,0,general,735,678.3546630340331
22946,0,general,931,652.7863235978045
22948,2,general,638,399.55088375336277
22950,1,infantry_line,559,324.4599114674813
22951,1,infantry_line,639,321.83412238779846
22953,2,infantry_line,818,334.4123911934011
22954,1,infantry_skirmishers,292,263.2908884354515
22955,4,general,410,635.815624451076
22957,1,general,494,637.8068554354197
22958,3,general,381,296.98932694713477
22959,4,general,418,292.1411161903539
22960,4,general,400,295.3593353301223
22961,1,general,250,290.1847273256436
22962,0,general,262,485.175596424982
22963,0,general,152,304.5494686663125
22964,3,general,139,285.49906109807716
22965,1,infantry_line,492,323.88398382872106
22966,0,infantry_line,436,324.38703755593224
22968,1,infantry_line,257,335.17751975277406
22969,0,infantry_line,528,326.92233864565094
22971,2,infantry_line,371,322.54977079885117
22973,2,infantry_line,279,322.54977079885117
22974,2,infantry_line,239,316.00627368437574
22975,1,artillery_foot,283,482.9977555869101
22976,0,general,165,214.85290010691392
22977,1,general,123,460.05067966713466
22978,3,general,224,398.7952870489826
22980,4,general,161,280.29473639507046
22981,3,general,631,395.45374151156267
22982,3,general,194,371.2483324496562
22983,2,infantry_light,686,409.23837086336596
22984,4,infantry_line,150,299.07695293114426
22986,1,infantry_line,357,333.14589070044735
22987,0,infantry_line,272,314.9204923413284
22988,4,general,416,507.4839243150043
22989,0,general,735,670.7326355466618
22990,1,general,328,307.7607596815368
22991,4,general,326,397.38973994866456
22993,1,general,172,282.58944986933597
22995,3,infantry_line,629,343.18063210699296
22996,1,infantry_line,281,311.36017222849296
22998,3,infantry_line,439,340.34941260363985
22999,3,infantry_skirmishers,224,248.58446431301036
23000,0,general,69,294.7108232790596
23001,1,general,459,394.65944846494176
23002,4,general,555,516.6022268018811
23003,1,general,209,286.19885778800483
23004,0,general,130,288.3730609013883
23006,1,general,268,305.5591571886959
23007,2,infantry_line,258,346.24288326569035
23009,4,infantry_line,411,323.6641240320897
23010,2,infantry_line,320,319.50256914623196
23011,3,infantry_line,235,317.7773301282225
23012,1,infantry_line,531,336.66844906013296
23013,0,infantry_line,517,337.2617669935474
23014,0,infantry_line,375,338.69898019497754
23016,3,artillery_foot,368,482.7395553759536
23017,1,general,241,211.36131360074094
23018,4,general,169,205.52622200040418
23020,3,general,211,473.05369139252736
23021,2,general,325,301.13956494372627
23022,2,infantry_light,584,397.9670215833939
23023,0,infantry_line,433,332.7818737523916
23024,4,infantry_line,238,304.63304452318397
23025,2,artillery_foot,548,478.91267922511787
23026,0,general,404,214.85290010691392
23027,1,general,722,662.2501740890663
23029,4,general,455,310.58207329663475
23030,2,general,172,378.2484079668087
23031,2,general,676,413.94998509185456
23032,0,infantry_light,591,410.5529372324499
23033,0,infantry_light,566,400.12715763116177
23034,0,infantry_line,713,354.1642257718318
23035,3,infantry_line,245,319.0422282499213
23036,1,infantry_line,560,343.740675405836
23037,2,infantry_skirmishers,178,218.85259751917556
23038,1,general,462,504.9121715051729
23039,4,general,249,326.2936037764185
23040,4,general,202,364.6621873407263
23041,2,general,323,385.9104004806972
23042,0,infantry_light,280,383.66620483771584
23043,4,infantry_line,436,330.09066173829126
23044,0,infantry_line,393,327.7486868515172
23045,2,infantry_line,333,358.4841531453788
23046,0,infantry_skirmishers,160,247.81348681349132
23047,3,general,475,337.7356310160726
23048,4,general,560,717.0396403884156
23049,3,infantry_line,563,369.6739235626868
23050,0,infantry_line,452,358.35135660708835
23051,4,artillery_foot,366,482.49776177528315
23052,0,artillery_foot,862,525.6440836817086
23053,1,general,344,355.7418608358883
23054,0,general,304,304.3308027498128
23055,1,general,101,320.5032884142653
23058,1,infantry_light,412,411.99147997280943
23060,0,infantry_light,736,410.5529372324499
23062,3,cavalry_heavy,1701,1255.157956685284
23063,4,cavalry_heavy,1513,1279.6550293080425
23064,3,cavalry_light,1191,624.9753317625124
23065,3,general,1505,610.8553032678316
23066,1,general,1282,276.7890124164482
23067,3,general,1602,468.4711164453293
23068,2,general,176,385.9104004806972
23070,2,general,1110,477.05998614526845
23072,1,general,266,372.80594958646105
23073,1,infantry_light,338,389.47011604408084
23074,2,infantry_line,247,328.24992674293287
23075,0,infantry_line,261,346.8075466099648
23076,0,cavalry_light,433,545.1661852081418
23077,3,cavalry_standard,444,687.7166232418841
23079,4,cavalry_standard,323,621.3053300635735
23080,4,general,224,235.88315189771384
23082,2,general,457,599.349669536321
23083,2,general,510,271.87570415119586
23084,1,general,180,390.7409308251191
23085,2,general,154,295.42187747615134
23086,1,general,205,285.0166560044551
23087,2,infantry_light,321,389.59183131555176
23089,4,infantry_line,261,322.44132398458333
23090,4,general,324,250.30519513935982
23091,2,general,496,572.8366955016487
23092,0,general,779,315.45211938157496
23093,0,general,543,624.305776383834
23095,1,infantry_light,486,390.24799205351684
23096,2,infantry_skirmishers,453,249.33616640061578
23097,4,general,1056,527.3786917178825
23098,1,general,643,484.6230966611856
23100,1,infantry_light,962,422.27664270463526
23101,3,infantry_light,624,390.8892912997302
23102,4,infantry_skirmishers,419,248.7319228790065
23103,0,cavalry_heavy,1412,1269.536002680601
23104,4,cavalry_light,1109,631.7047780402237
23105,0,general,964,360.49606230976184
23106,1,general,1190,276.1125247420409
23107,1,cavalry_light,1109,610.6308809132256
23108,1,cavalry_light,1189,627.1068369487374
23111,2,artillery_horse,627,705.3987504632971
23113,3,general,532,250.8044745035451
23114,1,cavalry_light,482,653.1410772462684
23115,2,cavalry_standard,545,742.3226564734149
23116,4,general,355,289.9173594757096
23118,4,artillery_foot,366,482.49776177528315
23119,2,general,478,633.5057507863701
23120,1,general,1161,1199.554184122192
23121,0,general,294,313.75368630760426
23122,3,general,167,176.601039287184
23123,4,infantry_line,302,290.37738455079705
23124,1,artillery_foot,155,565.0914404639003
23125,4,general,600,652.9884209675321
23126,1,general,328,472.91095116458416
23128,3,general,398,397.3687880932111
23129,1,general,759,451.61603535017747
23130,1,general,684,765.1437849783481
23131,3,general,489,463.69596996384433
23132,2,general,361,799.173005563113
23133,0,general,369,455.08124722020716
23134,1,general,251,364.52274709881965
23136,3,general,69,325.33975937189484
23137,1,general,300,353.7536765696637
23138,4,general,407,335.6981359260324
23139,0,general,741,519.2878767691486
23140,4,general,363,382.75957864123944
23141,4,general,818,621.0528540093504
23142,2,general,504,598.0876315473628
23143,1,general,378,365.48231170144214
23144,3,general,1539,831.7128262507443
23146,3,general,395,342.31474111882386
23147,4,general,521,355.1027899913677
23148,3,infantry_grenadiers,455,709.7648867463275
23149,1,infantry_grenadiers,425,707.5337649256189
23151,2,infantry_light,414,506.48469869402186
23152,4,infantry_light,359,492.07989579318746
23153,4,infantry_light,786,467.7800100170785
23154,4,infantry_light,431,477.4564224503532
23155,3,infantry_light,532,480.2018097208355
23156,2,infantry_light,549,476.18171443648066
23157,2,infantry_light,1226,505.49238162139494
23158,0,infantry_line,285,400.588843395461
23159,2,infantry_line,725,403.5834057826459
23160,4,infantry_line,376,403.5210510261464
23162,2,infantry_line,407,392.3308369413044
23163,1,infantry_line,586,419.56501419207876
23164,3,infantry_line,483,405.7210690331388
23165,3,infantry_line,505,374.6860615861962
23166,4,infantry_line,632,393.41957394664774
23167,2,infantry_line,477,391.5391816744374
23168,2,infantry_militia,482,206.46405732850434
23169,1,infantry_skirmishers,749,308.97215565691675
23170,3,infantry_skirmishers,788,338.788847405496
23173,2,general,152,482.21528722432646
23175,0,general,207,436.861948877948
23176,3,general,695,864.8425266981311
23179,2,general,220,346.42610471457687
23181,2,general,342,366.4101652443532
23182,1,general,1178,404.6917443883255
23184,4,general,593,452.29605699411525
23187,3,infantry_light,442,498.7200671817234
23188,2,infantry_light,365,486.94185255193713
23189,2,infantry_light,244,438.8977250261566
23191,3,infantry_line,267,376.8696366512501
23195,2,infantry_line,666,406.7204720915225
23196,4,infantry_line,644,384.2800989022849
23198,4,infantry_militia,216,202.43743140226013
23199,4,infantry_militia,193,202.43743140226013
23201,2,cavalry_heavy,989,1384.8723757165328
23202,0,cavalry_heavy,934,1327.0057085775513
23203,1,cavalry_light,713,670.1903599518643
23204,4,cavalry_standard,659,813.2651572234341
23205,1,cavalry_standard,946,899.5751838464819
23206,2,general,849,399.8274036605421
23210,1,general,618,525.0239094551075
23212,2,general,304,346.96010008787516
23213,1,general,229,446.1806281512473
23215,3,general,248,346.5782118439126
23216,2,general,1104,581.6149469821798
23217,0,general,763,574.2356673027066
23218,3,infantry_light,413,469.50258552587167
23219,1,infantry_line,287,378.9335764978007
23220,1,infantry_line,692,380.60892478764714
23221,1,infantry_line,350,376.5353062346301
23222,0,infantry_line,559,378.86881827866796
23223,1,infantry_line,1007,376.5353062346301
23224,4,infantry_militia,192,183.91618773087416
23227,1,general,267,442.12337137988874
23228,3,general,728,473.15445349932
23230,2,general,364,484.6639738396408
23231,2,general,485,779.7022945894706
23232,4,general,165,400.0773973302288
23233,1,general,329,603.4473866879583
23235,4,general,642,357.87814326512586
23238,0,general,299,352.00713111727106
23239,4,general,254,433.0946293591907
23242,1,general,632,600.8149835468744
23244,1,infantry_grenadiers,1026,659.2194490478528
23245,0,infantry_grenadiers,364,588.8547587011603
23247,0,infantry_light,313,449.94713336392545
23249,4,infantry_light,936,473.516735725896
23250,1,infantry_light,589,483.81276612731693
23251,0,infantry_line,430,411.1385535968585
23252,2,infantry_line,306,396.9227043959218
23253,1,infantry_line,377,390.36957249394715
23254,4,infantry_line,323,375.7205222490839
23255,3,infantry_line,536,384.12616799762344
23256,0,infantry_line,485,378.86881827866796
23257,3,infantry_line,406,393.2985658182965
23258,2,infantry_line,773,397.9084095670142
23260,2,infantry_line,737,395.92478338045896
23261,1,infantry_militia,254,183.94028584524838
23263,1,infantry_skirmishers,238,308.04165378825957
23264,3,cavalry_lancers,684,642.7334801321144
23267,4,general,879,766.334326940599
23268,1,general,613,487.3279883462832
23269,4,general,284,340.1307894275563
23270,2,general,792,420.6826691138736
23271,2,general,412,349.57106471708624
23272,3,general,163,482.82089164045334
23273,1,general,135,715.4983596121057
23275,4,general,243,423.1614430236566
23276,1,general,108,387.0230077755521
23277,3,general,513,380.96834149048715
23278,2,general,1481,637.6416060504645
23280,1,general,1756,774.8108567682981
23281,4,general,1414,472.9267260103514
23282,0,general,1350,352.5220952882764
23284,3,infantry_light,319,445.49420420298577
23285,0,infantry_line,184,403.09402166877106
23286,2,infantry_line,316,395.92478338045896
23287,3,infantry_line,192,429.64734432307125
23288,3,infantry_line,392,379.3527114928008
23289,2,infantry_line,153,364.9122285203462
23290,4,infantry_line,517,383.5943774676073
23291,4,infantry_line,312,406.8648812242814
23292,4,infantry_line,1496,392.1633197882736
23294,3,infantry_line,1453,403.0344201210364
23295,0,infantry_militia,110,177.25682712515578
23297,2,infantry_skirmishers,516,310.53054239440615
23298,1,cavalry_light,306,677.2766987629644
23299,1,cavalry_light,410,674.9486865451494
23300,3,general,317,397.5353141030549
23301,2,cavalry_heavy,960,1588.9436124301371
23302,4,cavalry_light,693,728.1353600318307
23303,1,cavalry_light,1028,726.927700258434
23304,0,cavalry_light,892,728.5341777704784
23305,0,general,797,349.3816924117471
23306,0,general,190,495.7390320216748
23308,4,general,110,478.23091425237243
23309,4,general,851,322.90178380783357
23311,2,general,791,545.3207874694649
23313,2,general,300,439.79376456679677
23314,2,general,964,615.785769174783
23315,4,general,652,537.560574722212
23316,3,general,531,385.7988026020356
23317,4,general,514,736.438309608074
23318,1,general,483,572.5084581151837
23319,2,infantry_irregulars,787,426.1160261930065
23320,3,infantry_light,965,497.41872775848975
23321,2,infantry_light,636,492.7622755576315
23323,0,infantry_line,245,374.2105315093804
23325,0,infantry_line,451,374.8916247064851
23327,0,infantry_militia,158,197.53847263903103
23328,1,infantry_militia,201,203.02758003193256
23329,1,infantry_militia,353,175.48434793616755
23330,4,infantry_skirmishers,801,308.78479965398805
23331,4,cavalry_heavy,852,1474.6361400661608
23333,2,cavalry_light,448,729.6505049906445
23334,4,cavalry_light,1263,771.574174433158
23336,2,cavalry_light,825,705.7076309885923
23337,0,cavalry_light,478,707.6348287195336
23338,2,cavalry_standard,1377,814.765596123019
23339,0,cavalry_standard,638,831.3866301584163
23340,3,general,680,477.11866078994706
23341,2,general,498,325.2569860907352
23342,0,general,864,669.4076104413771
23343,0,general,362,415.5555382786076
23344,0,general,692,317.48916807375895
23345,2,general,1296,549.0882214257608
23346,4,general,1197,569.6301531503326
23347,1,general,1162,739.9118622666938
23348,2,general,465,343.13377327356073
23349,3,general,1325,380.96834149048715
23350,2,infantry_grenadiers,583,619.5564241907136
23351,2,infantry_light,788,490.47483143769796
23352,0,general,608,452.7169995685177
23353,1,general,495,590.7305841554235
23354,2,infantry_light,700,478.4962214681087
23356,2,cavalry_light,833,718.1705324375968
23357,1,general,871,690.8813448380077
23360,2,general,57,349.05652794988606
23361,2,general,452,448.35170240249835
23362,4,general,194,359.50441470382367
23363,1,general,370,351.5404873559526
23364,4,general,321,374.39252080704193
23365,0,general,997,596.7077736543062
23367,0,general,231,459.01366506082667
23368,0,general,114,342.12089419317306
23369,3,general,95,456.52749093102926
23370,2,general,306,531.7400278662536
23371,0,general,1768,640.9004734424062
23372,4,general,112,356.77795527350247
23373,3,general,995,627.2716752891612
23375,1,general,728,434.4064340899074
23376,0,general,795,593.4212483820633
23377,2,general,433,359.1534477954397
23378,2,general,278,346.42610471457687
23379,3,infantry_irregulars,1579,449.2845544391007
23380,1,infantry_light,487,476.45445529169234
23381,4,infantry_light,953,484.9801674072183
23382,1,infantry_light,493,464.02532245681675
23383,1,infantry_line,187,390.36957249394715
23384,3,infantry_line,209,396.8484215854362
23385,2,infantry_line,298,398.3967831827948
23386,0,infantry_line,269,389.24301392105804
23388,3,infantry_line,150,385.11778503395755
23389,0,infantry_line,715,393.18541707204105
23390,1,infantry_line,538,395.03634342306606
23391,3,infantry_line,881,407.8185930494066
23392,3,infantry_line,387,381.77030576206306
23393,0,infantry_line,789,369.2844407922424
23394,4,infantry_militia,152,187.80641833999422
23395,3,infantry_militia,211,185.9806582218017
23396,4,infantry_militia,267,193.87442563950586
23398,0,cavalry_light,900,672.4412780028766
23399,0,cavalry_light,525,733.3716000742838
23400,4,cavalry_light,993,665.9361246239016
23401,0,cavalry_light,1138,721.8579421831629
23402,4,general,129,364.22044181021255
23403,1,general,840,380.3813895549433
23404,0,general,982,838.4464288436037
23405,4,general,164,472.24736835884653
23406,4,general,435,425.2204533623
23408,0,general,946,322.1979565269873
23409,4,general,913,470.1864152208639
23410,1,general,645,445.3813490303426
23411,1,general,1236,1085.4807649309014
23414,4,infantry_line,212,403.5210510261464
23415,0,infantry_line,943,396.96245805706525
23416,4,infantry_line,831,425.45515024678105
23418,2,general,331,470.64188236145003
23421,2,general,70,364.3489853717408
23422,1,general,217,376.67864561802804
23423,3,general,486,466.2251768610668
23424,3,infantry_light,747,458.14833254380056
23426,0,infantry_line,289,413.37893253957947
23427,0,infantry_line,699,399.0522666286084
23428,1,infantry_line,172,401.63518266648373
23429,3,infantry_line,232,400.8304633731648
23430,2,infantry_line,535,392.854265249446
23432,3,cavalry_lancers,597,665.9527580762827
23433,2,general,186,395.9915276989282
23434,2,general,226,366.81562045093756
23435,2,general,405,452.515378499892
23436,4,general,399,584.9987994761398
23437,4,general,468,817.5575246710551
23438,4,infantry_light,445,465.66393789453883
23439,4,infantry_line,355,381.15645566352686
23441,0,infantry_line,316,403.58699057664194
23443,3,infantry_skirmishers,233,300.832278510863
23444,0,infantry_skirmishers,245,293.26544758836116
23445,3,artillery_foot,242,566.9336744789738
23446,4,cavalry_heavy,784,1539.714500124443
23447,0,cavalry_heavy,867,1554.0283790814458
23448,0,cavalry_heavy,1874,1506.8723987313374
23449,3,cavalry_heavy,1349,1324.4017523048572
23450,3,cavalry_heavy,1349,1324.4017523048572
23451,4,cavalry_light,267,665.9361246239016
23452,1,cavalry_light,859,681.8357293498742
23453,4,cavalry_light,710,785.686028503669
23455,3,cavalry_standard,719,886.9267866007016
23456,2,cavalry_standard,588,747.5089806026243
23457,1,cavalry_standard,536,857.9355345477808
23458,0,cavalry_standard,685,880.4262373384781
23459,0,general,799,509.998018061976
23460,1,general,1614,330.6203340272661
23461,2,general,757,447.2803777900946
23462,1,general,507,554.011525699043
23463,2,general,821,829.2505088011332
23464,4,general,522,485.13875250048955
23465,1,general,415,379.5799807647503
23466,4,general,317,635.0498418475199
23467,3,general,173,385.7843733597593
23468,3,general,361,386.61592584564397
23469,1,general,899,386.3507856162376
23471,1,general,583,440.45637917346124
23472,3,general,169,376.7532051670637
23474,3,general,683,585.0935341600231
23475,0,general,575,342.7037407089821
23476,1,general,1223,494.02268152818385
23477,4,general,1598,631.8625617875373
23478,2,general,1003,638.8180295081021
23480,3,infantry_light,569,518.4019685189511
23481,2,infantry_light,1492,500.90385212991816
23482,4,infantry_light,1288,515.4048184765493
23483,2,infantry_line,354,411.4214203975196
23484,2,infantry_line,491,417.04554916960916
23485,4,infantry_line,433,423.12104143974125
23487,0,infantry_line,854,417.7069396876411
23489,2,cavalry_heavy,1323,1453.72246440693
23490,4,cavalry_light,395,657.1290694074426
23491,1,general,1169,411.60026290809986
23492,2,general,244,298.40793384439536
23493,0,cavalry_lancers,911,745.3422234985807
23494,3,cavalry_light,877,756.5866940592504
23495,0,cavalry_light,816,652.6421531878487
23497,4,general,630,286.603470689294
23498,2,general,435,425.40948282787576
23499,0,general,117,375.6499201190987
23500,3,general,294,436.9361462662473
23501,3,general,834,574.0251686104523
23502,3,general,315,433.1297568657423
23503,1,general,514,350.41189915947314
23504,0,general,799,433.6166103234961
23505,4,general,1041,968.6046389180822
23506,3,general,944,612.1742360504655
23507,2,general,494,567.2910543799329
23508,3,infantry_irregulars,396,381.7089987699896
23510,3,infantry_light,852,488.59635571681235
23512,3,infantry_line,356,368.59090458750114
23513,2,infantry_militia,202,200.68479032932083
23514,2,infantry_skirmishers,500,312.5914592556792
23515,2,cavalry_light,721,669.9015344426164
23516,1,general,587,378.82665469839753
23517,1,general,511,431.70314775478136
23518,3,general,599,564.4879079332829
23522,1,infantry_irregulars,842,397.5243154906579
23523,4,artillery_foot,797,616.0493961982021
23524,3,artillery_foot,379,566.9336744789738
23525,3,artillery_foot,379,566.9336744789738
23527,3,artillery_foot,379,566.9336744789738
23530,0,artillery_foot,717,610.2043417871153
23532,3,artillery_foot,756,648.824507607581
23533,3,artillery_foot,599,613.4909024053335
23539,3,general,228,229.1252058482469
23541,1,general,654,347.1444570760452
23542,3,general,228,229.1252058482469
23543,2,general,601,601.0174315183893
23544,0,general,488,293.16522187886034
23545,3,general,228,229.1252058482469
23546,4,general,1,1.0
23547,4,general,816,446.21179541479654
23548,4,general,1,1.0
23549,1,infantry_grenadiers,534,602.6945797488721
23550,4,infantry_grenadiers,437,576.8602130692426
23551,4,infantry_grenadiers,437,576.8602130692426
23552,3,artillery_horse,1433,923.029021039334
23553,4,cavalry_light,1685,906.8745012242182
23554,1,cavalry_light,962,839.8388623396202
23555,1,cavalry_light,1308,818.5198550533346
23556,1,general,1164,475.33675284954944
23557,2,general,613,703.7026170627836
23560,4,general,597,660.4588484614218
23561,1,general,741,519.3237465246345
23562,4,general,788,536.112564257993
23563,2,general,1456,394.63789626028097
23565,3,general,1050,834.7783932933118
23566,2,general,610,886.3047240505913
23567,3,general,1628,673.6572056998313
23569,1,infantry_irregulars,797,468.44151375556635
23570,1,infantry_irregulars,357,432.62255559292936
23571,1,infantry_light,554,548.2350180654884
23572,1,infantry_light,492,548.2350180654884
23573,0,infantry_light,827,546.9542695677366
23574,3,infantry_light,481,572.7340056009722
23575,2,infantry_light,761,541.5593507726611
23577,0,infantry_skirmishers,262,292.8863788168063
23580,0,artillery_horse,704,837.4981501353033
23581,0,cavalry_lancers,775,788.2620496710673
23583,1,general,676,463.7062138728002
23584,2,general,189,374.17894740727957
23585,2,general,867,919.2788640540208
23586,0,general,974,516.3000144989454
23587,2,general,529,419.1061498076562
23588,2,general,739,545.9831896176896
23589,0,general,1627,872.1755160626892
23591,4,infantry_light,599,572.577269785162
23592,0,infantry_light,1336,545.70482104003
23593,4,infantry_line,295,408.7269790849169
23594,3,infantry_line,738,470.8971324782316
23595,2,infantry_line,911,466.80967184245065
23597,1,artillery_horse,726,836.9332467147046
23598,1,cavalry_light,1792,818.5198550533346
23599,0,cavalry_light,1260,818.6861963713134
23600,1,general,1325,805.0482344304625
23601,2,general,1610,481.8487173561335
23602,1,general,1835,800.038465420451
23603,2,artillery_foot,824,661.393871721169
23604,4,cavalry_standard,1779,1048.1232125932834
23605,4,general,1717,676.6401380883631
23606,0,general,283,388.520536262268
23607,1,general,364,546.2356681752404
23608,4,general,1948,1150.5654555080973
23610,2,general,1623,1201.7249027080936
23611,1,general,613,398.67326192971353
23612,2,general,1028,421.6713286335288
23614,2,general,1072,538.0720984879273
23615,4,infantry_light,402,531.1339573607297
23616,1,infantry_light,738,540.3350643357053
23617,1,infantry_line,365,463.9086107569534
23618,4,infantry_line,1095,462.71669297586294
23620,1,infantry_line,1422,461.4822782300184
23621,1,infantry_skirmishers,182,308.0190550900866
23622,3,general,545,429.3421552551043
23623,4,general,254,426.5285932344531
23624,0,general,610,695.6591740633007
23625,4,general,505,945.7547074618836
23626,3,general,468,557.0816171763958
23627,3,general,1003,572.6221671481529
23629,0,general,1423,898.4813681682268
23632,2,general,921,429.59799672130373
23634,3,infantry_line,447,469.9433062674439
23636,2,infantry_line,624,463.59039900127425
23638,1,infantry_line,1307,458.4991617170735
23639,1,infantry_line,1133,464.8646054545659
23640,3,infantry_line,1015,483.05301444980796
23641,4,infantry_line,1321,464.32373923423825
23642,4,infantry_skirmishers,189,291.909493773832
23643,4,infantry_skirmishers,189,291.909493773832
23644,4,infantry_skirmishers,189,291.909493773832
23645,1,general,889,723.4046151784287
23646,0,general,1321,711.7924733457694
23647,0,general,1038,425.8713608133229
23648,3,infantry_line,711,478.2541344618949
23649,4,infantry_line,1131,482.1195720649673
23650,0,cavalry_light,2219,787.2502893606833
23651,4,cavalry_standard,1029,1027.2626160336715
23652,2,general,227,428.93681596141437
23653,4,general,548,955.8903931845217
23654,0,general,998,866.0618881109134
23655,1,general,1008,656.590352234737
23657,2,general,339,724.117124157878
23658,2,infantry_light,789,548.2795152972867
23659,0,infantry_line,313,472.4259664690356
23661,2,general,842,920.0930976819812
23662,2,general,546,408.410816257576
23664,0,general,753,852.12954670184
23667,2,infantry_light,578,567.3204242167535
23668,0,infantry_light,661,546.3311044667729
23670,2,infantry_skirmishers,300,311.4369149439404
23671,1,infantry_skirmishers,182,308.0190550900866
23672,3,general,322,524.3964312066424
23677,4,infantry_line,695,429.6072263705302
23678,1,artillery_foot,400,622.2070229744106
23679,2,general,75,515.3199600971085
23680,0,general,27,430.5357948694294
23681,4,general,88,370.4757806391805
23682,1,general,114,417.0428973689953
23683,1,infantry_line,194,409.49564364520484
23685,4,infantry_militia,130,215.27127252087917
23687,3,artillery_foot,455,625.6881081033918
23688,2,general,434,483.993953688577
23689,0,cavalry_light,762,779.4614408645931
23691,0,general,1106,402.70395252278206
23692,4,general,657,453.67265980189495
23694,4,general,914,345.9211350139099
23695,0,general,1540,635.4328473650712
23697,4,general,1473,405.28377528866133
23698,2,general,1615,525.0099930283287
23699,0,infantry_grenadiers,1215,735.988959541846
23702,2,infantry_grenadiers,1398,697.8147333937961
23703,2,cavalry_heavy,1614,1505.8600612234245
23704,4,general,1514,547.1619975173377
23705,4,general,268,722.9693281477107
23706,0,general,448,688.7212498951593
23707,4,general,147,425.1736080634269
23709,2,infantry_line,349,459.40476133871795
23710,0,infantry_line,234,461.82137555008694
23711,3,infantry_line,1120,458.88150901660765
23712,4,infantry_skirmishers,189,291.909493773832
23713,4,general,147,425.1736080634269
23714,4,general,147,425.1736080634269
23716,0,general,1089,1147.5339261571862
23717,0,infantry_line,234,461.82137555008694
23719,3,infantry_line,749,463.53937091947284
23720,0,cavalry_lancers,646,786.4390202870958
23721,0,cavalry_light,801,866.7263622386422
23722,3,cavalry_light,1658,813.8056798364829
23723,1,general,658,391.29577126551663
23724,2,general,1421,365.9370782135033
23727,0,artillery_foot,1645,735.4646806066902
23728,2,artillery_foot,801,661.393871721169
23729,2,artillery_foot,801,661.393871721169
23730,2,artillery_foot,824,661.393871721169
23731,2,artillery_foot,824,661.393871721169
23732,2,artillery_foot,824,661.393871721169
23733,3,artillery_horse,1445,923.029021039334
23734,0,general,469,471.12450124283356
23735,3,general,266,268.8025518711828
23736,1,general,958,948.6043119042408
23737,1,general,923,643.3330870130512
23738,0,general,469,471.12450124283356
23739,3,general,1536,429.1618950361281
23740,4,general,448,454.947742754202
23741,2,infantry_grenadiers,523,645.4652141551054
23742,2,infantry_grenadiers,523,645.4652141551054
23743,2,infantry_grenadiers,523,645.4652141551054
23744,2,cavalry_heavy,1462,1331.5659642687046
23745,2,general,326,404.78930873661636
23747,2,general,816,701.5793791318833
23748,3,infantry_grenadiers,564,542.4019223959247
23749,1,infantry_line,377,343.740675405836
23750,3,infantry_line,682,355.65838597047156
23752,0,artillery_foot,715,554.5985874232049
23753,3,artillery_horse,418,658.1039055507929
23754,3,general,188,321.5694898385526
23755,4,general,791,402.71568510178054
23756,3,infantry_line,278,351.9790158030796
23757,3,infantry_line,842,343.18063210699296
23759,3,cavalry_heavy,1023,1319.906414182424
23760,1,cavalry_lancers,585,658.6099446999405
23761,3,general,1078,445.14749531897917
23762,0,general,841,290.5532348596609
23763,0,infantry_grenadiers,786,551.3040960681985
23764,1,cavalry_lancers,577,633.1430884264279
23765,2,general,607,374.95668070833585
23766,4,infantry_grenadiers,429,494.16526671511525
23767,0,artillery_fixed,1392,1064.355970836609
23768,1,cavalry_light,413,559.8523014426769
23769,0,cavalry_light,489,590.7441934649337
23770,2,general,438,514.5627146353274
23773,2,infantry_skirmishers,199,233.23152157229907
23774,4,artillery_foot,486,524.5902610314033
23776,3,general,556,419.69027192458975
23777,4,infantry_irregulars,585,405.7891396767077
23779,3,infantry_militia,211,175.72099616305093
23780,4,artillery_foot,330,482.49776177528315
23781,0,cavalry_heavy,938,1231.143261593911
23782,4,cavalry_light,350,585.3927719735198
23783,2,general,181,382.32697818805246
23784,0,general,802,347.9688098265787
23787,1,infantry_line,253,321.83412238779846
23788,2,artillery_horse,401,705.3987504632971
23789,4,cavalry_lancers,318,563.4305308576004
23790,3,cavalry_light,836,572.723422211122
23791,3,general,190,257.1439763993333
23792,4,general,176,664.8942462986475
23793,1,general,102,318.2707409812026
23794,0,general,85,658.6233595162068
23795,1,general,248,297.0362889563992
23796,4,general,40,327.36095142285797
23797,1,infantry_light,362,402.58311160980554
23799,0,infantry_line,180,352.18728259969055
23800,1,infantry_militia,102,179.76911168916226
23801,3,infantry_militia,139,176.6306584653178
23802,0,cavalry_lancers,183,562.075962436898
23804,3,general,185,317.6555407736413
23805,2,infantry_line,287,346.623524736168
23806,0,cavalry_lancers,295,604.622106831231
23807,3,general,187,324.1963675993632
23809,4,infantry_militia,276,173.87615921067325
23810,1,infantry_militia,146,163.92860785466223
23811,1,infantry_militia,116,169.66325972253964
23812,0,cavalry_lancers,316,559.874650189044
23814,1,general,152,298.2816228602402
23815,3,infantry_irregulars,465,347.1325248310678
23817,4,infantry_skirmishers,579,243.88935910364808
23818,1,artillery_foot,1028,552.7220443680374
23819,1,cavalry_lancers,540,586.3939515187038
23820,2,cavalry_light,668,587.5318614527056
23821,4,general,384,255.09076944131834
23822,1,general,548,333.8466277281746
23823,0,infantry_skirmishers,529,257.9174686063279
23824,0,infantry_irregulars,455,385.08384766085663
23828,0,artillery_foot,824,554.5985874232049
23829,2,cavalry_lancers,305,579.4318018201438
23830,4,cavalry_missile,512,547.7333919631933
23832,2,infantry_line,124,352.10000070582686
23833,2,infantry_line,241,353.1464595590695
23834,2,infantry_militia,182,179.79909803669045
23835,2,infantry_skirmishers,224,257.53760469237073
23836,4,cavalry_heavy,1785,1252.1427428279608
23838,3,cavalry_lancers,592,635.5332942806353
23839,3,general,680,822.8907078850579
23840,4,general,753,492.97829080502095
23841,1,cavalry_missile,611,466.5917134291133
23842,4,infantry_skirmishers,484,236.41819079916888
23843,0,cavalry_light,694,545.1661852081418
23846,1,artillery_foot,1573,577.2440086281251
23847,1,artillery_foot,368,482.9977555869101
23848,0,general,67,68.32987616121827
23849,4,general,312,312.8028252605672
23852,0,cavalry_light,659,672.4412780028766
23853,4,cavalry_missile,538,617.1443944405737
23854,0,general,502,300.1410568423834
23855,0,general,565,455.08124722020716
23856,0,infantry_light,622,475.90229078379025
23857,1,cavalry_lancers,1407,712.741726510863
23858,4,general,1249,411.08508079352345
23859,4,infantry_skirmishers,361,273.5250578817258
23860,0,general,678,611.3285575337214
23861,1,general,1525,819.720582467142
23862,2,general,506,368.0189070135744
23863,1,general,1251,487.03073258996375
23865,2,infantry_line,614,406.7204720915225
23866,2,cavalry_heavy,1047,1409.7011617547264
23868,3,general,197,490.5953079339593
23869,2,general,374,375.5828279769628
23872,3,general,475,628.067605424206
23873,1,infantry_irregulars,489,438.2252227248346
23874,3,infantry_light,483,514.4813144100722
23875,1,infantry_line,210,410.7627422990809
23876,4,infantry_line,423,407.41202578830996
23877,3,cavalry_heavy,3060,1600.3922889185822
23878,2,general,154,330.1889349344721
23879,1,general,2686,349.84191376760737
23881,0,cavalry_lancers,675,688.4390617754918
23882,3,general,529,314.4477238800989
23883,2,general,194,755.1122039121644
23884,4,infantry_militia,149,231.1576830207748
23885,0,infantry_militia,109,223.94749519573028
23886,4,cavalry_lancers,530,650.8258598798735
23887,2,cavalry_light,720,721.5432056646124
23888,4,general,814,586.077266137634
23889,0,general,570,317.48916807375895
23890,4,general,1086,1299.5267894768801
23891,1,infantry_line,741,381.27059984747194
23892,3,general,285,368.21391914513276
23895,3,general,1381,532.5744403657001
23897,4,infantry_line,1794,425.9161087592425
23898,3,artillery_foot,60,495.37862317097773
23899,4,artillery_foot,618,616.0493961982021
23901,4,artillery_horse,391,806.6036170355075
23902,3,artillery_horse,86,675.3343557714066
23903,0,general,87,87.90983979378292
23904,0,general,87,87.90983979378292
23905,3,general,195,325.33975937189484
23906,4,general,401,403.022098749153
23907,3,general,29,333.94500475611954
23908,1,infantry_skirmishers,362,309.8911975164785
23909,2,cavalry_light,724,648.9815684603245
23910,1,cavalry_light,468,630.3446157543955
23911,0,cavalry_light,692,619.0414678125827
23912,4,general,192,663.8702985814464
23913,1,general,665,480.127371261635
23915,1,general,327,404.04376098301987
23916,2,general,640,400.7710788470953
23918,2,general,321,525.4898886547431
23919,4,general,435,531.0250881596804
23920,2,infantry_light,177,413.9792252055194
23921,2,infantry_light,378,425.00216280455794
23923,0,infantry_light,412,424.700254248012
23924,0,infantry_line,709,337.7247450172433
23925,2,infantry_line,464,340.2484233446461
23928,1,infantry_skirmishers,162,258.62922498123896
23929,0,cavalry_light,756,633.5215934189603
23930,3,cavalry_standard,805,818.5875256883924
23931,4,general,650,316.7481650053986
23932,4,general,635,362.47465048950625
23933,0,general,75,309.8467035563572
23935,2,general,153,400.01655634393876
23936,1,general,420,306.13124397233634
23937,4,general,345,509.10393253329556
23938,0,general,579,424.03730220183724
23940,1,infantry_light,195,426.8928281716353
23941,0,infantry_light,357,408.8273218244156
23942,2,infantry_line,226,340.2484233446461
23943,4,infantry_line,145,358.8984813207027
23944,2,infantry_line,178,345.82154987175846
23945,4,infantry_line,544,336.35408374034796
23946,1,infantry_line,633,362.3708145009046
23947,1,infantry_line,485,357.74487960813633
23949,3,infantry_skirmishers,143,244.9561487775547
23950,2,cavalry_light,890,648.9815684603245
23951,2,cavalry_light,632,654.0150735627418
23952,0,cavalry_light,425,657.1073397741989
23953,0,general,821,478.33440069571947
23954,1,general,525,373.39802982108836
23956,3,general,124,413.634535956099
23957,3,general,91,313.04233967689873
23958,4,general,93,411.9018154889649
23959,1,general,124,329.8428810998725
23960,0,general,474,562.7056780231511
23961,0,general,391,684.0844628705695
23962,0,infantry_line,168,351.48186411665534
23963,0,infantry_line,222,364.23697894070705
23966,2,infantry_line,417,372.80460843989977
23968,3,general,90,320.23068695721827
23969,4,general,130,407.2285825011438
23971,1,infantry_line,190,348.61034157331596
23972,4,cavalry_light,848,641.3315638223584
23973,0,cavalry_light,502,633.5215934189603
23974,1,general,780,474.9030518545588
23975,4,general,331,898.5041989611769
23976,3,general,364,285.09883837980885
23977,1,general,433,317.7964418069588
23978,1,infantry_light,223,424.1267391782555
23979,3,infantry_light,537,432.20091549124396
23980,4,artillery_horse,1083,805.1941375640921
23982,2,cavalry_light,838,676.6834151314029
23983,1,cavalry_light,772,667.162668366359
23984,4,cavalry_light,622,687.9285537935673
23985,0,cavalry_standard,579,777.3304469541042
23986,1,cavalry_standard,708,772.69117612484
23987,3,general,599,389.30468389105374
23988,4,general,721,502.8521141654275
23990,2,general,1073,396.933888587066
23991,3,general,111,402.86403148764117
23992,0,general,540,498.6483648079239
23994,4,general,1686,1128.851496518685
23995,1,general,676,299.35453082345924
23996,4,general,519,389.4770183129022
23998,2,infantry_light,182,419.47903377851145
23999,3,infantry_line,232,333.9499533989072
24000,1,general,318,703.9150204087277
24001,1,general,306,317.7964418069588
24002,2,general,407,547.3734514894616
24003,3,general,19,339.874907919123
24004,3,general,305,310.48684110302577
24006,2,general,859,708.6997237679717
24007,2,infantry_light,409,432.51287533291566
24009,4,infantry_light,685,432.1585487198385
24010,2,infantry_line,378,358.3390492661011
24011,0,infantry_line,273,356.32792670761097
24012,0,infantry_line,413,339.7951045830704
24013,4,infantry_militia,113,181.97416186057515
24014,2,infantry_skirmishers,276,249.89894470141886
24015,3,infantry_skirmishers,143,244.9561487775547
24016,3,artillery_horse,892,767.8783907789252
24017,3,cavalry_light,821,651.9058607983882
24018,4,cavalry_light,400,656.9802130293281
24020,3,general,103,326.8074713701402
24021,0,general,698,376.22527295106164
24022,3,general,495,702.6285662542351
24023,3,general,214,324.13399514257463
24024,3,general,887,379.7069565162002
24025,2,general,416,318.084912874771
24026,1,general,462,414.7773577875052
24027,2,infantry_line,318,355.7976721497151
24029,1,infantry_line,398,350.1516242038377
24030,4,infantry_line,521,352.19870218485363
24032,0,artillery_foot,607,563.7074069439033
24033,0,general,178,413.3651389297593
24034,0,general,182,321.76632921409055
24035,4,general,517,314.18089881300983
24036,3,general,161,324.9456265109408
24037,3,general,452,550.2025106947151
24038,2,infantry_line,239,355.7976721497151
24039,3,infantry_line,264,355.67442006472305
24040,0,infantry_line,279,356.32792670761097
24041,1,infantry_line,425,355.7658646209009
24042,4,general,88,394.0964841327427
24043,2,general,120,327.9751770841431
24044,4,general,31,320.6998188580973
24045,4,general,39,324.4725432195954
24046,4,infantry_line,219,360.93271429905246
24047,4,infantry_line,120,355.30440665641305
24048,3,infantry_line,157,337.68615633708174
24049,4,infantry_line,128,359.48422065042536
24053,2,cavalry_light,741,669.541198337281
24054,2,general,415,430.20208636371524
24055,1,general,16,334.90768186401453
24056,3,general,87,307.8412325482399
24057,3,general,211,324.13399514257463
24058,2,general,636,365.35558717851865
24059,4,general,588,292.65073647129344
24060,4,general,583,673.170672296583
24061,1,general,330,513.0506066195226
24062,1,infantry_light,309,434.04807720995774
24063,0,infantry_light,354,444.6733516700031
24064,2,infantry_light,446,447.80058106420034
24065,1,infantry_light,504,414.9098051028172
24066,4,infantry_line,193,334.06167607726377
24067,1,infantry_line,345,335.8596625007249
24068,4,infantry_militia,111,181.46414251166252
24069,1,infantry_skirmishers,162,258.62922498123896
24071,3,cavalry_light,842,615.257357387772
24072,1,general,200,662.6989553593199
24074,1,general,695,393.73753034704447
24075,0,general,763,460.17587614045726
24076,4,general,244,407.2285825011438
24077,4,general,505,531.0250881596804
24078,1,general,178,392.86310146062993
24079,0,general,376,309.2549415844488
24082,4,infantry_light,493,414.67452672624927
24083,0,infantry_line,188,336.3130920573571
24085,3,infantry_line,253,335.46514170601324
24086,2,infantry_line,322,341.5260945278359
24087,3,infantry_line,485,348.2939492873439
24090,1,general,129,316.39757885176766
24091,1,general,481,493.8810976140032
24092,1,general,735,810.5425804827922
24093,4,general,85,311.37128325420736
24094,1,infantry_line,188,345.4403212280252
24095,2,infantry_line,228,352.08219367187957
24096,3,general,104,321.64730422687416
24097,1,general,485,529.1578463494491
24098,0,infantry_line,203,351.48186411665534
24099,2,infantry_line,457,350.1495040829692
24100,4,cavalry_heavy,1891,1450.6707971527549
24101,4,cavalry_heavy,1930,1447.7254806946391
24102,3,cavalry_heavy,1259,1385.535761494736
24105,2,general,1056,307.2858520081149
24106,4,general,702,545.3210833875254
24107,3,general,1693,410.17316678349516
24108,0,general,1924,673.286814811821
24109,0,general,731,422.2379699207879
24110,2,general,802,325.36150935254926
24111,1,general,879,710.628055324317
24112,0,infantry_grenadiers,629,588.0659088899314
24114,4,infantry_grenadiers,924,599.0270395007346
24115,2,infantry_grenadiers,720,589.4561328544556
24116,2,cavalry_heavy,1546,1363.6919098238634
24117,1,cavalry_heavy,1734,1407.6147360994512
24118,4,cavalry_heavy,1430,1350.0960658757797
24119,3,cavalry_heavy,1303,1397.5760714144042
24120,4,cavalry_lancers,560,634.0934405631997
24121,1,cavalry_light,709,616.5600115494616
24123,2,general,312,324.24122782174226
24124,3,general,1148,402.01716518944806
24125,1,general,1824,859.7476997225425
24126,0,general,463,369.99353660935225
24127,4,general,522,517.3886904178318
24128,2,general,766,806.4980976712435
24129,0,general,1209,292.54375649296253
24130,4,general,619,423.79653024049935
24131,1,general,349,722.2936516424028
24132,3,general,641,470.23983778626973
24133,4,general,953,418.90831146708825
24134,2,general,929,711.1995558362655
24135,0,infantry_grenadiers,649,595.1825613887743
24136,0,infantry_grenadiers,499,560.7809605587237
24137,4,infantry_grenadiers,991,596.5052790285663
24138,2,infantry_grenadiers,759,585.4443698967824
24139,2,infantry_light,281,447.80058106420034
24140,3,infantry_light,419,439.1346871538667
24141,4,cavalry_light,717,621.611415159271
24142,3,cavalry_light,314,644.4820429248917
24143,4,cavalry_standard,617,792.3565018285565
24144,0,general,120,406.119334033068
24145,4,general,516,392.2737579232128
24146,3,general,590,359.76073005302266
24147,0,general,723,544.3017700333206
24148,0,general,229,372.1217104764443
24150,4,general,838,546.255426525737
24152,0,general,329,324.7057726676672
24153,0,infantry_grenadiers,649,595.1825613887743
24154,4,infantry_grenadiers,991,596.5052790285663
24155,2,infantry_grenadiers,759,585.4443698967824
24156,0,infantry_irregulars,171,414.8188942427844
24157,2,infantry_line,584,361.7541385875749
24160,4,general,814,728.5863914962066
24161,2,general,648,311.2783169181615
24162,0,general,865,328.9082524647319
24164,1,infantry_grenadiers,772,570.5678773711896
24165,2,infantry_grenadiers,989,596.355168508856
24166,3,general,493,396.7742396783826
24168,2,infantry_line,564,338.28641804360694
24169,1,infantry_line,355,333.65191296478935
24171,0,general,132,396.6845909135654
24172,2,infantry_light,268,417.1656244124447
24173,4,infantry_line,196,337.1050327225465
24174,1,infantry_skirmishers,349,262.293620478258
24176,0,infantry_line,134,337.0221448433389
24177,1,infantry_line,185,352.2633160654576
24178,2,general,134,333.1120739216773
24180,0,infantry_line,232,367.6851471170516
24181,4,cavalry_light,480,611.4318994426743
24182,1,general,365,349.94229692298296
24183,2,artillery_foot,1234,601.8274355762657
24184,2,artillery_foot,1234,601.8274355762657
24186,1,artillery_foot,618,562.5385499695387
24187,1,artillery_foot,618,562.5385499695387
24189,2,artillery_foot,496,552.1482681730474
24190,2,artillery_foot,496,552.1482681730474
24191,1,artillery_horse,1086,756.6729362480226
24192,1,artillery_horse,1086,756.6729362480226
24193,3,general,527,323.23304341014796
24194,4,general,1132,349.0951101031662
24195,1,general,351,350.88206535227556
24197,2,general,563,432.647747048263
24199,1,general,199,200.91006294507804
24200,2,infantry_grenadiers,389,538.8506235085516
24201,2,infantry_grenadiers,389,538.8506235085516
24205,4,cavalry_light,1913,696.0878604825916
24206,0,cavalry_light,1663,663.6735523497593
24210,0,general,1664,640.0854977811496
24211,4,general,702,408.0218600105458
24213,1,general,1160,565.1764770961192
24214,1,general,950,430.3569194830452
24215,2,infantry_grenadiers,744,572.9754622166481
24216,3,infantry_grenadiers,989,613.1912002970065
24219,2,infantry_grenadiers,774,602.8818622751864
24220,0,infantry_line,240,353.5125132599064
24221,2,infantry_line,511,360.06655033726827
24222,0,infantry_militia,270,190.60774466816562
24224,4,infantry_militia,305,190.75842631892954
24225,2,infantry_skirmishers,238,271.01545653957163
24227,4,cavalry_lancers,407,612.254940878961
24228,1,cavalry_light,460,673.4481596162739
24229,2,general,208,561.0052061859473
24230,0,general,432,504.31487235754
24231,2,general,79,404.4423421180831
24232,0,general,525,328.9082524647319
24233,1,general,484,725.3438026473232
24234,1,infantry_line,157,339.41091525469295
24235,3,infantry_line,639,365.41732147312786
24236,0,infantry_line,465,363.7325745037181
24237,4,infantry_line,405,366.78425783613477
24238,2,infantry_militia,185,176.89439292725663
24239,2,infantry_militia,333,184.72590709651425
24240,1,infantry_skirmishers,218,247.64236930702143
24241,2,infantry_skirmishers,238,271.01545653957163
24243,1,cavalry_light,1364,678.0077162910391
24244,2,general,228,422.7405627877895
24246,4,general,231,418.1917893286292
24248,3,infantry_grenadiers,603,588.4574601660862
24249,0,infantry_line,286,358.24244264580534
24251,2,infantry_line,300,357.8378514523914
24252,0,infantry_militia,265,175.55870628336496
24253,1,infantry_skirmishers,220,270.1035214675598
24256,3,general,455,693.1693306409494
24257,3,general,131,423.3560158301475
24258,4,general,211,531.0250881596804
24259,3,infantry_line,372,347.32447526664936
24260,4,infantry_line,217,345.9898390434408
24261,4,infantry_militia,182,174.2694363953737
24262,3,infantry_skirmishers,223,244.9561487775547
24263,1,cavalry_light,909,713.0253739965739
24264,0,cavalry_standard,1378,794.5840682577768
24265,3,cavalry_standard,1289,774.452883486636
24266,4,cavalry_standard,701,801.4409223375864
24270,3,general,792,419.15019441643767
24271,2,general,404,589.073277173775
24272,1,general,596,397.9933088926754
24274,1,general,1297,513.0506066195226
24275,3,general,978,743.4200145282439
24277,2,infantry_militia,322,185.74472858062168
24279,1,infantry_skirmishers,242,265.757552025416
24280,4,cavalry_lancers,828,721.8870111127817
24281,4,cavalry_light,409,621.611415159271
24283,0,general,876,695.2692625600587
24284,4,general,359,427.8203060909418
24285,4,infantry_line,269,364.04290653563123
24288,1,infantry_militia,251,168.94793838663705
24289,2,cavalry_lancers,703,623.8824144420746
24290,2,cavalry_lancers,393,670.7926557854046
24292,3,general,547,279.31150683117346
24293,3,artillery_horse,918,767.8783907789252
24294,4,cavalry_standard,1510,851.851797055732
24295,4,cavalry_standard,819,857.4048883682955
24297,4,general,1432,549.9325944365646
24298,4,infantry_line,228,348.98390221384983
24299,0,infantry_skirmishers,487,302.40922158775857
24301,3,cavalry_lancers,455,648.3825116819888
24302,3,cavalry_lancers,364,643.107924800796
24304,4,cavalry_lancers,426,647.8168448660288
24307,1,cavalry_light,1087,618.7648161246987
24308,0,general,412,465.011954198673
24309,4,general,735,630.5464811074452
24311,3,artillery_horse,918,767.8783907789252
24313,1,cavalry_light,680,625.1909483359564
24314,1,general,701,611.0747391324594
24316,2,cavalry_lancers,736,673.4918573874144
24318,2,general,294,717.9775221604708
24319,1,general,126,313.5204789997261
24322,3,general,260,534.2247979435448
24323,2,infantry_light,373,423.20036998005634
24324,4,infantry_line,226,344.96929072303016
24325,3,infantry_line,359,361.0980140325225
24326,0,infantry_line,261,346.9495176139342
24330,1,cavalry_lancers,430,655.7063088178169
24331,0,general,223,523.638993025756
24332,0,general,138,406.119334033068
24334,4,general,372,692.455432580557
24336,2,infantry_line,203,350.1495040829692
24339,1,infantry_militia,193,174.09109981434
24340,4,infantry_skirmishers,332,278.4686006991944
24341,1,general,736,417.2035741959349
24343,1,infantry_grenadiers,776,595.6373343062237
24344,1,infantry_line,427,355.7658646209009
24345,4,cavalry_heavy,1418,1383.3008730427148
24346,2,cavalry_lancers,1122,653.3562471725342
24347,3,cavalry_light,584,600.7484580099753
24348,4,general,1409,655.7179425273465
24349,3,general,127,435.0312647792023
24350,1,general,154,565.1764770961192
24351,4,general,183,331.0615991368734
24352,2,infantry_line,134,370.72135579848896
24354,3,infantry_line,293,368.0132521883002
24355,1,infantry_line,161,364.98175405145884
24356,0,general,37,347.7412404277858
24357,1,infantry_militia,120,183.2073289329855
24358,2,infantry_militia,141,183.85521231081418
24359,1,infantry_militia,138,181.20422369895442
24360,4,infantry_militia,94,190.75842631892954
24362,3,cavalry_light,746,664.1128803032278
24363,0,general,634,382.9684805398505
24364,3,general,197,540.0892709445762
24365,2,general,303,404.0503469436978
24366,0,general,284,309.8467035563572
24367,3,general,554,402.86403148764117
24368,2,general,872,324.24122782174226
24370,4,infantry_line,216,348.98390221384983
24371,0,infantry_line,396,343.12798901330683
24372,1,infantry_line,984,355.7658646209009
24373,0,infantry_line,610,339.1111013344041
24377,1,general,363,534.8826407702422
24378,0,general,747,296.2276230159442
24379,0,general,304,686.95586419163
24380,0,general,204,302.3942844249733
24381,4,infantry_line,341,349.9603145914438
24383,2,infantry_line,189,339.6006140281709
24386,3,infantry_militia,265,174.540136021615
24387,0,infantry_skirmishers,258,262.4386136997757
24388,1,general,290,398.82225040305264
24389,2,general,345,522.6536674556987
24390,4,infantry_line,201,334.06167607726377
24393,1,infantry_skirmishers,322,259.8745762342
24394,1,general,197,307.4147087586866
24395,4,infantry_line,304,337.8495997756716
24397,0,infantry_line,507,341.1453512999571
24400,2,cavalry_heavy,768,1346.1055822971753
24401,1,cavalry_heavy,1017,1360.9578029948757
24402,1,cavalry_heavy,749,1374.9672434973602
24403,1,general,780,642.408394042014
24404,3,general,879,385.3358417374113
24405,3,cavalry_light,948,615.257357387772
24406,3,cavalry_light,415,622.0113683864674
24408,3,artillery_horse,918,767.8783907789252
24409,1,artillery_foot,671,562.5385499695387
24410,0,artillery_foot,1020,594.7585853556249
24411,2,artillery_foot,452,552.1482681730474
24412,3,artillery_foot,223,520.517087359779
24415,2,artillery_foot,656,579.5987812315481
24416,1,general,742,537.5227942684033
24417,3,general,1040,443.55774397203874
24418,3,artillery_horse,918,767.8783907789252
24421,0,artillery_foot,768,563.7074069439033
24422,3,artillery_foot,664,563.2625331970643
24423,3,artillery_foot,664,563.2625331970643
24427,1,artillery_foot,781,562.5385499695387
24428,1,artillery_horse,580,699.2811445140061
24429,3,artillery_horse,918,767.8783907789252
24430,4,artillery_horse,952,805.1941375640921
24432,1,general,358,350.88206535227556
24436,3,artillery_foot,719,522.382668001717
24437,2,general,229,300.7183702905608
24438,4,general,394,302.14369590126825
24439,4,general,235,378.41870948343194
24440,0,general,283,492.57349783499996
24441,0,general,245,286.68940468662237
24442,0,general,382,628.9782994321421
24443,1,general,279,392.2672784832913
24445,2,general,870,511.8576160800035
24446,2,general,474,631.8488452123247
24447,2,general,375,630.6978240694316
24448,4,general,410,367.1645827142791
24449,3,infantry_light,506,412.6812410084243
24450,0,infantry_light,366,386.0442741167258
24451,2,infantry_light,373,389.59183131555176
24452,1,infantry_light,387,401.8996916724822
24453,1,infantry_light,484,385.4809355333966
24454,1,infantry_light,412,386.29250533000624
24455,2,infantry_line,332,332.3424834981612
24456,4,infantry_line,296,321.51237415863744
24458,0,infantry_line,280,326.3663320329844
24460,3,infantry_line,340,334.37571885193495
24463,2,infantry_line,350,318.93284767908403
24464,4,infantry_line,407,321.51237415863744
24465,3,infantry_line,335,314.5206266916348
24466,3,infantry_line,792,334.37571885193495
24468,0,infantry_skirmishers,322,243.64699134931476
24469,3,artillery_foot,459,482.7395553759536
24470,1,general,388,623.6458819434367
24471,4,general,539,645.3260219978852
24472,1,general,363,805.7045358130905
24473,3,general,247,392.6301360906531
24475,1,general,273,296.532043954244
24476,1,general,367,367.4131323126992
24477,3,general,597,642.8612289582168
24478,0,infantry_light,489,386.82294381107016
24479,1,infantry_light,383,400.1697706752244
24480,1,infantry_light,488,399.1167664355851
24481,1,infantry_light,515,394.7854716998901
24483,1,infantry_line,386,320.33613599308364
24488,0,infantry_line,310,332.2675278294939
24489,2,infantry_line,381,329.4798038085313
24490,2,infantry_line,382,332.8079717785542
24491,1,artillery_foot,885,522.6386165111762
24493,0,general,497,636.8080130390673
24494,3,general,130,295.65102710395354
24495,2,general,513,384.43727496610677
24497,4,infantry_grenadiers,565,541.4353687115273
24499,3,infantry_light,295,393.94501740279605
24500,4,infantry_line,263,318.66177573936426
24501,1,infantry_line,357,325.315945819081
24502,1,infantry_line,236,322.42531872574733
24504,3,infantry_line,198,316.4912506558036
24505,4,infantry_line,465,319.30374394468004
24506,3,general,181,382.9104197749801
24507,2,general,342,297.0152415638337
24509,4,general,567,372.76094516358575
24510,3,general,372,642.8612289582168
24511,0,general,488,635.7150010883543
24512,1,infantry_light,472,396.6140224989877
24513,3,infantry_light,450,400.8331000920854
24514,3,infantry_light,460,396.54059652760714
24515,1,infantry_light,626,391.01950074474263
24516,0,infantry_line,252,324.38703755593224
24517,3,infantry_line,235,327.92475854520717
24518,4,infantry_line,326,319.9407840635058
24519,3,infantry_line,430,324.4917434695432
24520,3,infantry_skirmishers,322,236.71686051363767
24521,1,artillery_horse,1964,743.4687138572446
24522,2,cavalry_lancers,454,597.8365917007209
24523,4,cavalry_light,922,654.2370332735723
24524,4,cavalry_light,515,628.4552204635845
24525,1,cavalry_light,564,593.866264047586
24526,4,cavalry_light,1137,630.0880595533356
24527,0,general,1063,464.97803571512634
24528,0,general,952,621.9110672769303
24529,3,general,330,268.55901141752736
24530,0,general,424,267.63919501452744
24531,2,general,420,364.1223944961286
24532,0,artillery_foot,586,525.6440836817086
24533,3,general,354,636.7253204151898
24534,4,general,114,274.9635534108353
24535,4,general,305,391.7740782735051
24536,3,general,248,511.0886374343283
24537,2,general,357,381.4047068114538
24538,3,general,400,880.0947923701956
24539,3,general,154,379.3086545774588
24541,2,general,173,290.6201578918968
24543,2,general,1033,831.7672652167859
24544,0,general,728,488.2812169548574
24545,2,general,725,637.4541837209341
24546,0,general,165,291.0872800825411
24547,1,general,749,628.7222715794945
24548,3,infantry_light,414,395.436828267289
24549,2,infantry_light,276,397.9670215833939
24550,3,infantry_light,226,377.55968164220604
24551,0,infantry_light,466,390.61710137631246
24552,2,infantry_light,680,397.0070223843417
24553,4,infantry_line,260,338.65636347270635
24555,2,infantry_line,247,318.3580650680197
24556,3,infantry_line,280,318.4123779310458
24557,0,infantry_line,239,333.2927727223672
24559,1,infantry_line,361,333.14589070044735
24560,0,infantry_line,221,321.4646758161126
24561,1,infantry_line,636,317.25008719342304
24563,4,infantry_line,648,316.042845185559
24565,0,infantry_line,520,340.5747855543724
24567,0,general,378,485.175596424982
24568,4,general,298,373.91907593586427
24569,1,general,299,401.49676462788705
24570,1,general,157,310.31942648928475
24572,3,general,921,492.16196479812425
24573,4,general,246,285.26210568623424
24574,2,general,621,636.3524514418947
24577,0,infantry_grenadiers,611,529.0444100871391
24578,3,infantry_light,371,392.81062197946926
24579,4,infantry_light,545,384.5887062407502
24580,4,infantry_line,355,317.68939229102006
24581,1,infantry_line,274,316.61771691389725
24582,3,infantry_line,252,343.18063210699296
24583,1,infantry_line,348,340.9843354319004
24585,0,infantry_line,237,321.4646758161126
24588,3,artillery_foot,1626,552.4689543399525
24589,1,artillery_foot,1210,552.7220443680374
24590,1,artillery_foot,1023,522.6386165111762
24591,2,artillery_foot,890,538.3033058274103
24592,0,general,1117,500.69678967965314
24593,1,general,1674,407.0958225252487
24594,3,infantry_grenadiers,827,551.2966701047233
24596,0,artillery_horse,1726,749.1550460756663
24597,0,artillery_horse,1726,749.1550460756663
24598,1,cavalry_standard,885,723.1755129056867
24599,4,cavalry_standard,909,683.6530608178532
24600,2,cavalry_standard,1016,689.4857502179207
24601,1,cavalry_standard,610,729.9887139045551
24603,3,cavalry_standard,603,675.4617654122001
24604,0,cavalry_standard,730,687.0000039810586
24605,4,general,569,257.80421977738257
24606,2,general,734,269.02397919519586
24607,0,general,251,281.9756572099983
24608,1,general,1091,476.66077152999816
24609,2,general,507,368.64580348438915
24610,2,general,448,371.5160239089854
24612,4,general,495,338.457695070132
24613,0,general,1011,587.9077208520098
24614,0,general,470,472.30482956383867
24615,0,general,357,365.3296396701448
24616,4,general,448,618.6314561108468
24617,2,infantry_grenadiers,364,513.3051736751814
24619,0,infantry_grenadiers,512,518.6478953905657
24620,4,infantry_grenadiers,408,518.0524587605554
24621,0,infantry_grenadiers,426,516.4554181017735
24622,3,infantry_grenadiers,468,519.1151890705947
24623,0,artillery_horse,1726,749.1550460756663
24626,2,cavalry_light,719,602.7426817236288
24627,4,cavalry_light,811,601.7418310518414
24628,3,cavalry_light,699,599.4596266274249
24629,2,cavalry_light,725,604.3208465112268
24630,3,general,615,343.07465756161406
24632,0,general,431,614.4748195806485
24633,1,general,738,578.7092282302251
24635,0,general,343,262.8512336208289
24636,3,general,662,450.7748514284012
24637,1,general,505,798.7672104533765
24638,1,general,611,344.87429942781154
24639,1,general,434,439.0692795880725
24640,0,general,719,581.5877811567923
24641,4,general,498,473.2943661738804
24643,0,infantry_grenadiers,388,519.7291362142684
24644,4,infantry_grenadiers,616,518.0524587605554
24645,1,infantry_grenadiers,396,522.2637827871151
24647,0,infantry_grenadiers,501,516.4554181017735
24648,4,infantry_grenadiers,670,519.2614084190523
24649,0,cavalry_lancers,428,582.2554607228091
24650,0,cavalry_lancers,521,593.037274592062
24653,2,cavalry_lancers,810,602.403399792407
24654,3,cavalry_lancers,714,579.7385915821457
24655,4,cavalry_lancers,365,593.6718096469932
24656,1,cavalry_light,1245,615.3077565527663
24657,0,cavalry_light,510,601.3322932413245
24658,0,cavalry_light,1506,642.3039610292103
24659,4,general,549,257.80421977738257
24661,0,general,430,345.0103921351018
24662,1,general,467,448.75103697926573
24663,3,general,883,767.9185428138746
24664,4,general,1091,354.8718669623201
24665,2,general,1513,632.9896227483727
24666,0,infantry_light,346,386.82294381107016
24667,2,cavalry_light,359,602.7426817236288
24668,4,general,323,444.24800976632014
24669,1,artillery_foot,959,522.6386165111762
24670,4,artillery_horse,1804,792.4332949125952
24671,3,cavalry_lancers,518,589.6410245470829
24673,2,general,302,374.2809316234049
24674,4,general,535,582.9872514202257
24675,4,general,121,281.56845297372985
24676,1,general,563,344.87429942781154
24678,0,general,106,286.68940468662237
24679,1,general,494,476.66077152999816
24680,2,general,979,306.7518371188053
24682,0,general,926,398.1341330801724
24683,3,infantry_grenadiers,1110,565.4646588957138
24684,4,infantry_grenadiers,962,568.4352696797511
24685,3,infantry_light,363,386.92506177306944
24687,4,infantry_line,224,311.9506349370963
24688,0,infantry_line,202,316.8510546214496
24689,0,infantry_line,208,317.48331601549654
24691,3,infantry_skirmishers,300,251.21440553874916
24693,2,cavalry_lancers,755,606.8056716555811
24696,0,cavalry_lancers,522,585.946273484293
24697,3,cavalry_lancers,451,567.0535246130585
24698,1,general,448,440.5072177065026
24699,0,general,135,368.40336214975713
24700,0,general,637,437.92650762355953
24701,1,general,201,369.7642985563147
24702,2,general,349,341.4913356843758
24703,1,general,215,284.4178587035694
24705,1,general,738,404.208791089549
24706,1,infantry_light,269,386.29250533000624
24707,1,infantry_light,334,387.89478252732863
24708,2,infantry_line,214,317.19291286296396
24709,4,infantry_line,323,311.9506349370963
24710,4,infantry_line,226,311.9506349370963
24711,2,infantry_line,797,343.914588628904
24712,3,infantry_line,253,314.5206266916348
24713,4,artillery_horse,1329,746.7750046841935
24714,0,cavalry_heavy,1801,1350.3336326930691
24715,4,cavalry_lancers,408,569.987504896416
24716,4,cavalry_lancers,670,580.3106416773662
24717,3,cavalry_light,1694,637.6253162054327
24720,3,general,362,484.78780352793643
24721,2,general,1704,500.26735186974076
24722,4,general,371,413.1147053811915
24723,3,general,558,343.07465756161406
24724,4,general,193,477.7035319713427
24725,2,general,454,482.70889001128836
24727,0,infantry_light,443,383.66620483771584
24730,0,infantry_line,246,314.2653339736056
24731,3,infantry_line,363,315.18317780112807
24733,2,cavalry_lancers,603,568.0350239284509
24735,2,general,426,262.00091371154565
24736,0,artillery_horse,1726,749.1550460756663
24737,2,cavalry_lancers,807,593.0910598544874
24738,2,cavalry_lancers,451,581.2277494550084
24739,2,cavalry_lancers,700,588.1506314410192
24740,4,cavalry_lancers,575,572.1100569552348
24741,1,cavalry_lancers,562,576.551602426582
24742,1,general,405,433.11350942721765
24743,1,general,508,433.11350942721765
24744,1,general,466,335.0189063625227
24746,1,general,703,569.6233562643873
24747,2,cavalry_heavy,2174,1337.6774465804745
24748,1,cavalry_heavy,2105,1365.7954414123935
24751,0,general,943,457.1096144584329
24752,3,general,1112,357.3693494948856
24753,0,general,2091,637.8928965932108
24754,1,general,1954,383.3813567138159
24755,1,general,172,368.9874532061399
24756,3,general,219,287.3473500633782
24757,2,general,203,376.94868032317817
24758,2,infantry_light,244,388.8821229124412
24761,4,infantry_line,227,310.53948006073745
24764,3,cavalry_heavy,1076,1235.753920251518
24765,3,cavalry_heavy,675,1127.7176534527623
24766,0,cavalry_heavy,1213,1308.7347820344617
24768,4,general,386,529.5811328191446
24769,3,general,933,355.4685129865499
24770,4,general,1209,478.7817291887037
24771,2,general,1013,288.0646418971618
24772,3,general,653,546.1351267397978
24774,4,general,507,402.71568510178054
24776,3,infantry_light,772,422.98955743004933
24777,3,infantry_line,262,346.3660680562
24778,2,infantry_line,344,345.08841469913483
24779,0,infantry_line,553,343.7528196190443
24784,0,general,1050,352.66824044794726
24785,1,general,1346,460.05067966713466
24788,1,general,344,474.5814464059076
24789,4,general,698,269.202149203451
24790,1,general,222,368.9874532061399
24791,3,infantry_light,328,383.62813540462395
24792,3,infantry_light,275,382.7852956469497
24793,1,infantry_line,354,310.67649538362116
24794,2,infantry_line,329,344.3080590043928
24795,1,infantry_line,299,313.37473324552406
24796,4,artillery_horse,1357,746.7750046841935
24797,3,cavalry_lancers,858,573.0527629230708
24798,2,cavalry_lancers,800,582.9967527895835
24800,1,cavalry_standard,1123,760.6221006451094
24801,2,general,934,294.0215964713453
24802,1,general,797,563.8697410337738
24803,4,general,1071,328.94837222693906
24805,3,general,856,571.8513704047191
24806,0,artillery_horse,1726,749.1550460756663
24807,4,cavalry_lancers,655,584.2491892883567
24808,1,cavalry_lancers,565,563.7400482360454
24810,2,cavalry_lancers,558,579.4318018201438
24812,0,cavalry_standard,601,707.0249873855498
24814,0,cavalry_standard,425,687.0000039810586
24815,1,cavalry_standard,906,690.7828191131574
24816,2,cavalry_standard,462,670.1859152044993
24817,4,general,962,755.4036258614656
24819,3,general,614,595.1827173073611
24822,4,general,664,575.5167483838109
24823,0,artillery_horse,549,710.0431314829111
24824,2,cavalry_lancers,1213,609.65535310359
24827,0,cavalry_lancers,738,604.622106831231
24828,2,cavalry_light,271,567.9798988784834
24829,0,cavalry_light,334,579.256414941889
24830,0,cavalry_light,466,559.9025985747987
24831,1,cavalry_light,414,621.32324533273
24832,1,cavalry_light,662,604.1547581444433
24834,2,general,605,464.6594138081433
24835,1,general,327,360.8193156012809
24836,3,general,597,765.7072614370996
24837,2,general,628,461.28838885086856
24838,1,general,289,431.570224123501
24839,4,general,1065,350.0550948843205
24840,4,general,302,242.95009897722036
24841,0,artillery_horse,549,710.0431314829111
24842,0,cavalry_lancers,428,582.2554607228091
24843,0,cavalry_lancers,428,582.2554607228091
24844,0,cavalry_lancers,428,582.2554607228091
24845,3,general,333,340.8182019157609
24846,4,general,439,567.6533450459316
24847,3,general,528,456.92165854080065
24848,2,cavalry_lancers,451,581.2277494550084
24849,3,cavalry_lancers,389,562.903160069171
24850,4,cavalry_lancers,407,551.8021008556011
24851,1,cavalry_lancers,368,561.4832875593713
24852,1,general,256,254.5384802610466
24853,1,general,231,250.60567862562453
24854,4,general,318,253.21814460947695
24855,1,artillery_foot,725,522.6386165111762
24856,3,artillery_foot,534,482.7395553759536
24857,4,artillery_foot,1591,556.6640372543956
24858,1,artillery_foot,1023,522.6386165111762
24859,3,artillery_foot,1129,552.4689543399525
24860,1,artillery_foot,1023,522.6386165111762
24861,1,artillery_foot,1023,522.6386165111762
24862,1,artillery_foot,1023,522.6386165111762
24863,2,artillery_foot,890,538.3033058274103
24864,4,artillery_foot,674,524.5902610314033
24865,2,artillery_foot,886,512.8085974109235
24867,1,artillery_horse,1201,703.0033702997421
24868,1,general,182,178.26707388169515
24869,4,general,182,178.23702628039754
24870,4,general,913,291.38617786334044
24871,3,general,695,388.96358298311594
24872,2,general,69,68.12058139727216
24873,1,general,656,628.5147616500122
24874,2,general,1013,324.6370116738762
24876,3,cavalry_heavy,2526,1597.7656234508208
24877,4,cavalry_lancers,648,656.3295727112068
24879,1,cavalry_light,519,672.5869454329568
24880,2,cavalry_light,1321,694.0877948331934
24882,0,general,2205,347.2175462117604
24883,3,general,649,316.3368083372026
24884,4,artillery_horse,665,806.6036170355075
24885,0,artillery_horse,118,671.6437219229986
24886,1,cavalry_standard,765,846.0914933228095
24887,1,general,614,324.6175527897649
24888,3,cavalry_lancers,641,661.0785326371406
24889,1,cavalry_lancers,862,687.1700715475985
24893,0,cavalry_standard,1499,851.0098903068676
24894,3,general,897,286.95700939832136
24895,1,general,1415,551.5106532175314
24896,4,general,1000,408.73609575661493
24897,2,general,1482,399.8274036605421
24898,0,artillery_foot,1347,643.8167507266418
24899,2,cavalry_light,717,723.2008202557065
24900,0,cavalry_light,828,672.4412780028766
24901,0,cavalry_standard,1161,847.2414770478241
24902,2,general,1368,493.85408068243703
24903,2,general,1179,725.7275431207595
24904,3,general,656,304.21882919398666
24905,0,general,612,411.49799784870913
24906,4,general,964,779.0927589628249
24908,1,artillery_foot,448,565.0914404639003
24909,4,cavalry_lancers,672,669.3613746118261
24910,0,cavalry_lancers,560,633.6055133956331
24911,4,general,708,416.74162791363545
24912,1,general,382,367.3707295008584
24913,3,general,299,477.76628275029026
24914,4,infantry_line,362,401.80834264304934
24915,2,infantry_line,486,405.3906456356252
24916,2,general,1179,1053.3084408203335
24918,1,artillery_foot,1116,646.6665582090562
24919,4,artillery_foot,1084,616.0493961982021
24920,3,general,360,471.80197262608647
24922,2,general,305,355.94267289774666
24924,2,general,997,802.7998397398322
24925,0,general,918,607.6279507518208
24926,3,infantry_light,418,483.55871418085826
24927,0,infantry_line,823,402.5984069366626
24929,0,infantry_line,428,394.28076206059
24930,4,infantry_line,493,417.8042125016339
24931,4,infantry_skirmishers,272,281.525766955948
24932,1,general,835,825.2384619616138
24933,1,general,431,368.76111495536486
24934,0,general,912,583.0541173976484
24935,2,infantry_light,685,474.49388791178797
24938,1,infantry_line,543,406.3050631110365
24939,3,general,400,353.03831776556825
24941,2,artillery_foot,879,600.4103432571941
24942,0,general,713,268.99603946149665
24943,3,general,422,466.9374885049159
24944,0,general,635,636.6801166229114
24945,3,general,619,373.9956821526563
24948,1,general,1222,1307.0418457633236
24950,3,infantry_line,555,413.8567382968895
24951,4,infantry_line,524,409.5727982953504
24953,0,infantry_line,571,421.84761310515614
24954,3,infantry_line,475,393.89945818071175
24955,2,general,295,483.69182192167057
24956,4,general,519,632.665187726083
24957,1,general,282,367.3707295008584
24958,0,general,324,376.0380235538378
24960,0,infantry_line,451,408.37776945744287
24961,3,infantry_line,336,414.8284496343982
24962,4,infantry_line,382,406.8648812242814
24963,3,general,248,565.7169286532387
24964,0,general,290,355.04887175344595
24966,1,infantry_light,402,484.5236293898076
24967,4,infantry_light,268,444.7147766013992
24969,4,infantry_skirmishers,272,281.525766955948
24970,2,infantry_skirmishers,400,275.6451902103423
24971,3,general,228,229.1252058482469
24973,4,general,401,403.022098749153
24974,4,cavalry_heavy,1388,1416.169638037791
24976,0,cavalry_standard,901,807.168949753817
24977,4,general,920,680.2954879357684
24978,1,general,398,479.59664170999605
24981,3,general,329,297.32356842349805
24982,4,general,236,415.63383083972195
24983,3,general,1305,373.9956821526563
24984,3,general,419,345.6135135676177
24985,1,general,1417,478.4095670681919
24986,1,general,1065,603.4473866879583
24987,1,general,568,471.65234906515104
24988,1,infantry_grenadiers,1456,683.0205129097595
24989,3,infantry_light,523,459.9719710175092
24990,0,infantry_light,542,458.505879205427
24991,0,infantry_light,301,433.52429377787263
24992,3,infantry_line,440,410.37926938194227
24993,1,infantry_line,964,395.03634342306606
24994,0,infantry_line,617,399.5673290009334
24995,0,infantry_skirmishers,309,287.6791926351484
24996,1,artillery_horse,1156,822.4907519309888
24997,3,cavalry_heavy,1383,1306.7347928617858
24998,4,cavalry_lancers,525,666.8325335698287
24999,1,cavalry_light,871,684.0687199764557
25000,4,general,205,351.9502650781253
25001,2,general,197,579.2672297139528
25002,0,general,369,757.7999282872743
25005,0,general,1113,286.4061094464002
25006,1,general,590,445.3813490303426
25007,1,general,468,450.8560099720175
25008,2,general,419,399.8274036605421
25009,2,general,627,766.7587111922819
25011,4,general,383,332.85420212144004
25014,0,infantry_line,401,390.38723423766373
25016,1,infantry_line,311,388.86266566815686
25017,1,infantry_line,498,368.93395485458973
25018,4,infantry_line,344,373.0766139551737
25019,4,artillery_foot,370,566.6183246029675
25020,2,cavalry_lancers,401,660.3141933743618
25021,2,cavalry_light,501,687.8983862407513
25022,3,general,246,337.46331165333334
25023,2,general,288,389.159820290214
25024,0,general,535,650.7634421318218
25026,0,general,78,443.05365420826325
25027,0,general,86,434.4379076471038
25028,4,general,189,340.79336105710854
25032,0,infantry_line,159,372.1341278314569
25033,2,infantry_line,158,383.4470811562337
25034,4,infantry_line,522,388.2986736749119
25035,1,cavalry_heavy,1023,1381.2070661835962
25036,1,cavalry_standard,716,813.0456633377429
25037,1,general,567,311.9389517822892
25038,3,general,530,480.95109823926214
25039,4,general,829,293.9443900992377
25040,4,general,285,372.5360506331833
25041,4,general,794,588.7405210380139
25042,3,general,874,769.902668646506
25043,4,infantry_grenadiers,745,642.898563060147
25044,3,infantry_line,380,413.3673210460779
25046,4,artillery_foot,483,616.0493961982021
25049,1,cavalry_light,823,782.8190856377141
25050,4,cavalry_light,544,743.7187502062615
25052,4,general,147,442.2214713446353
25053,2,general,404,362.0921839101525
25054,1,general,337,374.11597447873004
25055,4,general,516,549.0653259513258
25056,2,general,671,352.08929967532856
25057,3,general,373,306.380004804532
25058,3,general,333,400.2599608622086
25059,0,general,477,354.5497747921951
25061,0,general,199,556.250112184975
25062,2,general,686,374.495360600907
25063,1,infantry_light,593,483.81276612731693
25065,1,infantry_line,211,375.48781771281904
25066,2,infantry_line,797,413.8780018007817
25067,2,infantry_line,224,373.41530839731234
25069,0,cavalry_lancers,1485,799.7306063992858
25070,0,cavalry_lancers,1333,790.0994804272603
25071,4,cavalry_lancers,1103,782.1418610460321
25073,3,cavalry_light,1306,672.6115367974216
25075,0,general,637,295.8664003917535
25076,2,general,29,336.65956566076557
25077,1,general,1062,586.8799896685588
25078,1,general,1140,387.78509962571377
25079,2,general,1337,471.1992451906579
25080,0,general,1381,768.2576927575125
25081,2,general,187,363.08413322027445
25082,4,general,103,443.5297280270902
25083,1,general,485,618.3210385233667
25084,3,general,1639,1042.2509256521582
25085,1,infantry_line,282,400.0273591857024
25086,1,infantry_line,422,404.7731210842573
25087,3,infantry_line,136,369.3758520592951
25089,2,cavalry_heavy,1092,1489.0020896990466
25090,1,general,909,326.16154164957976
25091,3,artillery_foot,339,566.9336744789738
25092,0,artillery_horse,728,764.2704897300667
25093,1,cavalry_standard,697,808.1931101854314
25094,2,cavalry_standard,712,793.2597059694821
25095,2,general,577,238.77902408538637
25097,2,general,603,411.4500247353242
25098,3,general,465,369.69471909428637
25099,1,general,724,677.070706038769
25100,4,infantry_grenadiers,405,575.0999475905999
25101,0,infantry_light,570,489.0529900404947
25102,0,infantry_line,205,365.5816886560372
25104,4,cavalry_lancers,481,661.6612318574454
25105,1,cavalry_lancers,361,654.2319037174741
25106,4,cavalry_light,643,756.3930760605248
25108,2,general,219,300.60451867639705
25111,1,general,705,721.9278066048204
25113,2,general,152,350.8413188288659
25114,4,general,202,578.3616942613878
25115,1,infantry_line,216,376.5353062346301
25116,1,infantry_line,255,384.50963652618003
25118,3,artillery_foot,987,613.4909024053335
25119,3,general,59,341.63894641279956
25120,1,general,559,765.1437849783481
25121,1,general,281,569.778377351161
25122,2,infantry_line,160,376.0490568072615
25123,3,infantry_line,460,388.98211970127466
25126,1,cavalry_standard,721,850.1157853823353
25127,2,cavalry_standard,848,823.6826405590281
25128,3,general,223,325.33975937189484
25129,3,general,298,347.2152246338924
25130,1,general,684,548.9619258266989
25132,2,general,741,587.0662284392948
25133,1,infantry_grenadiers,687,639.8239318899333
25136,0,cavalry_heavy,1514,1440.9131099241758
25137,2,cavalry_heavy,2247,1517.8461905158583
25139,0,cavalry_heavy,1835,1440.9131099241758
25140,0,cavalry_light,747,657.8398687585934
25141,1,cavalry_standard,705,754.6702167512054
25143,2,general,294,238.77902408538637
25144,1,general,614,380.3813895549433
25148,3,general,521,293.61185825612415
25149,4,artillery_foot,996,653.715041071445
25150,3,general,215,451.74814530987453
25151,4,general,207,704.8445710628101
25152,0,general,365,444.91334393525347
25154,4,infantry_line,278,378.6570161624871
25155,2,infantry_line,426,384.9031787109604
25156,0,cavalry_light,541,649.9740170862672
25158,1,artillery_foot,730,611.4699400362274
25159,4,artillery_foot,926,616.0493961982021
25161,1,artillery_foot,464,565.0914404639003
25163,2,general,731,362.0921839101525
25164,2,general,731,470.4645423849932
25165,2,general,329,260.263005460833
25166,1,general,1043,488.88350793355164
25167,4,general,1,1.0
25168,1,general,820,811.1852444243866
25170,1,infantry_skirmishers,160,286.38670803882013
25171,2,cavalry_light,733,685.7728348007957
25172,0,general,306,439.61774824670835
25173,4,general,401,615.8094279033795
25175,3,general,570,304.21882919398666
25176,4,general,179,328.40461996164595
25177,2,general,246,343.69338122102255
25178,3,general,276,351.8452069608848
25179,3,infantry_line,368,381.0860212604829
25180,3,infantry_line,238,374.6860615861962
25181,3,infantry_line,375,379.3527114928008
25183,0,infantry_line,308,383.28973349560994
25185,1,infantry_line,383,382.2542848797473
25186,4,infantry_militia,310,196.79554889209425
25187,4,artillery_foot,385,616.0493961982021
25188,4,cavalry_light,399,644.6305281992572
25189,0,cavalry_light,521,672.4412780028766
25190,1,cavalry_standard,860,767.2765187410025
25191,4,general,207,334.99582630588014
25194,3,general,61,332.304876186251
25196,4,infantry_grenadiers,1239,676.2953763344382
25197,4,infantry_line,173,360.40550024359254
25198,1,infantry_line,164,353.26123219302747
25199,2,infantry_line,310,376.0490568072615
25200,4,infantry_line,386,385.29993589634233
25201,0,infantry_line,269,375.5673589189435
25202,2,infantry_line,256,370.686678747717
25204,3,artillery_foot,311,566.9336744789738
25205,0,general,343,570.8322411906149
25207,3,infantry_grenadiers,359,602.6700232932376
25209,3,infantry_line,338,381.0860212604829
25210,0,infantry_line,210,353.36706196065654
25211,1,infantry_line,635,401.63518266648373
25212,1,infantry_skirmishers,334,279.74440195019275
25213,2,general,1362,464.8809239243437
25215,1,infantry_grenadiers,581,602.6945797488721
25217,3,infantry_grenadiers,1406,661.188206466095
25218,2,general,427,524.252544457815
25220,3,general,936,609.5022479520642
25222,2,general,415,449.4105553837088
25224,2,infantry_line,473,385.7639733416437
25225,0,infantry_line,462,371.43061472214663
25227,0,infantry_line,851,392.632711057515
25228,1,infantry_militia,498,197.848811622832
25229,0,infantry_militia,236,204.28305798101493
25230,0,infantry_militia,261,201.25799392523382
25231,2,infantry_militia,233,198.56178191622848
25232,0,infantry_militia,520,212.16705037006724
25233,2,infantry_militia,261,209.46093270763976
25234,3,infantry_militia,447,197.64835120587955
25235,4,infantry_skirmishers,420,294.2569718075838
25237,3,cavalry_light,378,657.0644161740328
25238,1,general,1662,476.2886827043126
25239,3,general,304,458.0755804638373
25240,3,general,549,404.0329989241957
25241,2,general,543,462.4745138428116
25242,1,general,634,505.4730215708866
25243,1,general,145,351.5404873559526
25244,1,infantry_light,181,435.65160930919654
25245,0,infantry_light,493,442.549102150226
25248,4,infantry_militia,614,217.45349317467998
25249,3,infantry_militia,562,191.88941465583076
25250,2,infantry_militia,227,187.943024966746
25251,3,infantry_militia,615,210.7103559854071
25252,0,infantry_skirmishers,177,294.32878109733724
25253,2,cavalry_light,461,674.6264400945385
25254,2,cavalry_light,459,689.9920483899685
25255,1,cavalry_standard,485,733.9510598280871
25256,0,general,1364,794.9977587283627
25258,0,general,134,322.1979565269873
25259,4,infantry_line,226,367.15522904037454
25261,2,infantry_line,1130,408.8903344569839
25262,2,artillery_horse,184,734.7791795987968
25263,0,cavalry_light,423,649.9740170862672
25264,4,cavalry_light,727,660.1151982259435
25266,2,general,596,389.159820290214
25267,0,infantry_light,428,448.1471389121969
25268,4,artillery_foot,377,566.6183246029675
25271,2,artillery_foot,292,560.7240743925374
25273,0,cavalry_standard,496,746.2227983318778
25274,1,general,318,285.68201864123813
25275,2,general,311,505.6333853726365
25276,0,infantry_militia,482,202.57865055146254
25278,1,infantry_skirmishers,345,288.87398812037856
25279,0,cavalry_standard,732,749.5027569253502
25280,0,cavalry_standard,430,755.8807302138234
25282,3,infantry_skirmishers,327,279.2786288850485
25284,2,infantry_light,261,434.80349273312146
25285,0,infantry_militia,212,189.31651878708016
25287,3,cavalry_light,900,665.0259117007683
25288,3,cavalry_standard,923,788.2214704472535
25289,4,cavalry_light,322,644.6305281992572
25290,4,infantry_militia,376,205.16668837593042
25292,4,infantry_militia,109,199.28902006278537
25293,0,infantry_militia,126,198.25939035768266
25294,0,infantry_militia,194,184.86555315637344
25296,1,general,462,535.4214075289881
25297,0,general,1257,349.3816924117471
25299,4,infantry_grenadiers,1409,650.782894660239
25300,0,artillery_foot,633,565.7885323390391
25301,2,artillery_foot,446,560.7240743925374
25302,3,general,228,229.1252058482469
25303,4,general,323,241.35847416859912
25304,1,general,820,811.1852444243866
25307,3,general,228,229.1252058482469
25308,0,general,401,403.659977854093
25309,4,infantry_grenadiers,332,565.9720954905647
25310,4,infantry_grenadiers,525,612.5933698202446
25312,4,infantry_skirmishers,721,352.0732680875598
25313,4,general,258,537.4547644872221
25315,0,general,1093,493.44231747927586
25316,2,general,555,399.0201490934986
25318,0,general,1062,405.0202741423099
25319,1,general,503,418.39354105070055
25320,3,general,574,551.8723213556129
25321,0,infantry_grenadiers,670,719.7978528931869
25322,4,infantry_grenadiers,1146,715.7579652815401
25323,0,infantry_light,573,558.2444270606084
25324,0,infantry_light,1206,547.5743507423132
25325,1,infantry_light,946,548.2350180654884
25326,2,infantry_line,283,452.7505425131469
25327,4,infantry_line,631,465.38333122056696
25328,2,infantry_skirmishers,303,311.4369149439404
25329,4,artillery_foot,485,679.8708617765853
25330,0,general,233,401.2857409636775
25331,1,general,404,382.23144736016013
25332,2,general,640,688.7505831151778
25333,1,general,1067,664.439726223014
25334,3,general,841,401.30087233918977
25336,0,general,562,406.3827883408853
25337,0,infantry_grenadiers,802,715.00472667102
25338,0,infantry_grenadiers,367,632.5610048349666
25340,1,infantry_line,349,447.928057235461
25341,4,infantry_line,723,451.41208443711224
25342,4,infantry_line,683,457.7622084115721
25343,1,infantry_line,963,434.9639184167843
25344,1,artillery_foot,530,622.2070229744106
25345,1,artillery_foot,680,673.2731444595075
25346,0,general,394,273.31376117117844
25347,0,infantry_grenadiers,808,683.999385642252
25348,1,cavalry_heavy,2498,1768.6780053928
25349,4,cavalry_lancers,1601,815.8130783546918
25350,1,general,2654,1080.2791471905132
25351,4,general,87,388.41159734564286
25352,1,general,676,697.2839953192923
25353,0,general,247,422.1252881150193
25354,0,general,1439,466.70770301367236
25355,4,general,445,955.5129108161935
25357,4,general,520,537.4547644872221
25358,4,infantry_grenadiers,870,752.5429983249268
25359,3,infantry_light,630,565.9028728114591
25360,2,infantry_light,344,574.6005889124433
25361,3,infantry_line,206,432.38173908328173
25362,3,infantry_line,585,457.2844810889585
25363,0,artillery_horse,1547,903.2438415436184
25364,1,cavalry_light,1250,745.7312008146786
25365,0,cavalry_light,703,756.0908376528972
25366,3,general,87,423.02734146930516
25367,0,general,228,511.1577493162795
25368,3,general,49,516.4987461446782
25369,3,general,19,398.0649836917849
25370,0,general,599,436.2972702781947
25372,1,general,170,494.30740800368136
25373,1,general,186,400.2980228109122
25374,3,general,129,548.8879966970125
25376,0,general,1175,555.2821388088212
25377,3,infantry_grenadiers,470,747.1222153683086
25378,4,infantry_line,305,444.06836170179315
25379,3,infantry_line,241,423.9352611190718
25380,4,infantry_line,184,462.71669297586294
25381,0,infantry_line,132,428.72168896074726
25385,3,cavalry_light,661,813.8056798364829
25386,1,cavalry_light,854,823.6453528652058
25387,1,cavalry_light,372,699.4323651869047
25388,0,general,191,312.4412890083471
25389,4,general,523,359.0049387747565
25390,2,general,828,629.4609836551366
25391,1,cavalry_light,607,820.2431205408164
25394,0,general,720,436.2972702781947
25395,2,artillery_horse,1437,1022.6105447247255
25396,2,general,1256,295.65068254294795
25398,1,general,958,948.6043119042408
25399,3,general,266,268.8025518711828
25400,3,cavalry_lancers,1062,624.0979831735249
25401,3,general,644,341.2050956726545
25402,2,general,325,559.6454338467112
25403,2,general,919,374.28068112672963
25404,3,general,144,412.87566805202243
25406,1,general,241,321.0534130188449
25408,3,infantry_line,287,352.06418878335984
25409,0,infantry_line,318,365.73216768286517
25410,3,infantry_line,189,346.6718846502243
25412,1,infantry_line,336,355.7658646209009
25413,0,infantry_line,756,371.92082794649946
25416,4,cavalry_lancers,910,602.6116056248682
25418,2,general,114,402.9935715770737
25419,2,general,476,1152.6238594592483
25421,2,infantry_light,626,443.56866925677576
25423,0,infantry_line,360,351.48186411665534
25424,2,infantry_line,326,344.01293410759314
25425,3,cavalry_lancers,1250,651.8026972114166
25426,1,cavalry_lancers,727,606.7777987998742
25428,1,cavalry_lancers,1239,662.546531359028
25429,1,general,1092,383.6411593971365
25430,4,artillery_horse,584,740.5863166529449
25431,1,general,460,340.9269343702695
25432,4,general,447,341.180788167894
25433,2,general,227,436.83018590957204
25434,0,general,487,542.7064280522931
25435,4,general,295,509.10393253329556
25440,4,infantry_line,457,358.8984813207027
25441,4,infantry_line,551,377.9953413575188
25442,1,cavalry_light,524,637.2789186534217
25443,2,cavalry_light,1246,641.9558073247202
25445,3,general,129,511.2781301797804
25446,4,general,559,624.6160059356517
25447,0,general,163,314.6877543459352
25448,4,general,248,306.92767703550277
25449,2,general,1089,374.28068112672963
25450,2,general,291,396.9261494265876
25451,2,infantry_light,366,413.1634085161728
25452,0,infantry_line,327,344.74281068498084
25454,4,infantry_line,292,348.98390221384983
25455,1,infantry_line,268,347.04031722763034
25456,0,infantry_line,351,354.0834552966996
25457,0,infantry_line,166,332.6662066544789
25459,3,cavalry_standard,452,728.3210725945962
25460,3,cavalry_standard,582,695.7138814484252
25461,1,general,421,270.8218844841864
25462,3,general,405,483.05648509585905
25463,2,general,786,1210.4639385219225
25464,2,infantry_grenadiers,699,568.8186227646966
25465,2,infantry_line,504,361.2759251033731
25466,4,infantry_line,293,341.4808292178124
25467,3,cavalry_standard,709,724.8573291520821
25469,3,general,315,401.162852825297
25470,4,infantry_grenadiers,386,562.4550371204433
25471,2,general,306,552.5901010085928
25473,1,general,634,938.3891664867605
25474,2,general,116,399.25495266214466
25475,4,infantry_line,461,365.69719191880097
25476,3,infantry_line,237,337.68615633708174
25477,4,infantry_line,304,360.0663106319832
25478,3,infantry_line,198,336.2122403543562
25479,0,cavalry_lancers,939,595.5699526191285
25481,2,cavalry_lancers,725,602.7014533386198
25482,4,general,398,347.47048021786065
25483,2,general,95,312.37401287087056
25484,1,general,76,503.8430923359779
25485,3,general,781,349.77730273502834
25486,1,general,175,299.35453082345924
25487,4,general,539,260.74417005142044
25488,1,general,589,261.5918217588362
25489,0,infantry_light,285,405.2141177700281
25490,4,infantry_line,503,384.96371230896546
25491,2,infantry_line,127,335.5799200920283
25492,1,infantry_line,202,340.7893441865505
25493,3,infantry_line,415,388.52987022394484
25495,2,cavalry_light,752,641.9558073247202
25496,1,general,591,281.704866449241
25498,3,infantry_grenadiers,510,636.2303741945117
25500,3,cavalry_standard,362,695.7138814484252
25501,1,cavalry_standard,433,719.3464807054531
25502,0,cavalry_standard,1129,768.035835474167
25503,4,general,985,379.54972943293706
25504,1,general,277,433.909520584311
25505,1,general,378,464.51770002967584
25506,3,general,233,281.295740410362
25508,1,infantry_line,415,362.3708145009046
25509,3,infantry_line,336,370.53555921192395
25510,0,cavalry_standard,970,858.1405073189309
25511,2,cavalry_standard,1043,789.1552625005488
25513,1,general,980,525.6961764987568
25514,4,infantry_irregulars,497,362.6192774409039
25516,3,cavalry_standard,618,749.8311816658834
25517,3,general,334,333.8467816786707
25518,1,infantry_grenadiers,436,610.9360360723955
25519,1,cavalry_light,599,620.9375646666427
25520,3,general,488,364.98788682775853
25521,4,general,218,446.0264479003815
25522,2,general,135,323.78772158280003
25524,1,general,281,703.9150204087277
25525,1,general,187,397.9933088926754
25526,4,general,320,429.77879059908935
25528,2,infantry_light,258,419.47903377851145
25529,0,infantry_light,192,409.7092082610905
25530,1,infantry_line,266,377.44582326473153
25532,3,infantry_line,384,366.46483709772303
25533,1,infantry_line,351,360.7660627964335
25534,0,cavalry_standard,444,734.4432027350147
25537,1,general,681,432.1483347306446
25538,1,general,478,540.3644433757745
25539,1,general,527,526.6948655797063
25540,0,infantry_grenadiers,728,606.809301259571
25541,2,infantry_light,507,426.76707153768984
25542,1,infantry_line,422,352.2633160654576
25543,1,infantry_line,240,344.1378650346878
25544,0,infantry_line,455,354.93240531595944
25545,4,cavalry_lancers,733,612.254940878961
25546,2,cavalry_lancers,852,635.9572299322842
25547,1,cavalry_light,421,595.0748819930004
25548,0,cavalry_heavy,1781,1374.058344152684
25549,3,general,472,523.814978730587
25550,1,general,382,645.7057709008133
25551,4,general,1527,297.2158011153161
25552,0,general,283,498.6483648079239
25553,4,infantry_grenadiers,481,566.2309850841518
25555,4,infantry_light,301,398.5153912960009
25556,1,cavalry_lancers,749,618.3562010379298
25557,3,cavalry_lancers,716,590.1109319964911
25558,1,cavalry_lancers,1001,650.3751636869083
25560,4,general,833,332.9910714540898
25561,4,infantry_grenadiers,958,618.3077502893105
25562,4,artillery_horse,50,641.9154396049956
25563,2,artillery_foot,800,552.1482681730474
25564,3,artillery_foot,745,563.2625331970643
25565,0,artillery_foot,374,522.676035882266
25566,3,artillery_foot,401,520.517087359779
25567,1,artillery_foot,424,519.8713766696803
25568,4,artillery_foot,457,520.242866636317
25569,1,artillery_foot,887,562.5385499695387
25570,0,artillery_horse,177,620.4651703501864
25571,4,artillery_horse,1785,854.4242100658573
25572,3,general,199,199.52166186296074
25573,0,general,1798,398.41575677355655
25574,1,general,428,496.7530048612308
25575,0,general,1150,1143.984805285516
25576,0,general,351,353.08047696639966
25578,2,infantry_skirmishers,277,263.92512880526647
25579,3,infantry_skirmishers,319,281.1366351793734
25580,3,infantry_skirmishers,347,242.08253635381357
25581,2,artillery_foot,323,515.6520537590942
25582,4,artillery_foot,159,520.242866636317
25583,1,artillery_foot,208,519.8713766696803
25584,2,artillery_foot,207,515.6520537590942
25586,2,artillery_horse,882,813.2687133485973
25589,2,cavalry_heavy,1168,1363.6919098238634
25590,4,cavalry_heavy,800,1420.1191065559094
25591,4,cavalry_heavy,705,1410.4403421830807
25592,1,cavalry_lancers,305,618.3562010379298
25593,4,cavalry_light,349,626.4697021812054
25595,3,cavalry_standard,929,770.8718289804189
25596,4,cavalry_standard,924,776.9301068225911
25597,3,cavalry_standard,1684,802.4306336928989
25601,1,general,661,462.37045825050575
25602,4,general,1,1.0
25604,4,general,1,1.0
25606,4,general,865,501.56516757676286
25607,3,general,199,199.52166186296074
25608,4,general,229,405.2189526253086
25609,4,general,1,1.0
25611,4,general,893,401.92149693802173
25614,2,infantry_grenadiers,552,557.9758321725072
25615,2,infantry_grenadiers,869,594.0991432260239
25616,4,infantry_grenadiers,790,631.8933099679105
25617,3,infantry_grenadiers,790,627.8991035775434
25618,1,infantry_grenadiers,862,619.4882454423824
25619,1,infantry_grenadiers,759,604.640582342682
25620,1,infantry_grenadiers,1067,610.9360360723955
25621,2,infantry_grenadiers,325,532.5300962113587
25622,4,infantry_light,219,392.15762071957727
25623,1,infantry_light,184,396.65184407775814
25624,2,infantry_light,220,417.1656244124447
25625,1,infantry_light,307,442.4403296691975
25626,1,infantry_light,392,454.5146163496148
25627,1,infantry_light,410,435.85228357095144
25628,0,infantry_light,215,403.353450879528
25629,1,infantry_light,641,483.0380959046774
25631,3,infantry_line,271,363.8223658601226
25632,1,infantry_line,269,372.8543776534054
25633,4,infantry_line,413,359.48422065042536
25634,2,infantry_line,200,370.72135579848896
25635,4,infantry_line,208,353.7646674345702
25636,0,infantry_line,133,379.8102243323731
25637,2,infantry_line,324,371.9781983296019
25638,2,infantry_line,225,372.3925333779254
25640,2,infantry_line,297,374.430841038526
25641,0,infantry_line,346,361.68381236527404
25642,3,infantry_line,161,371.5248949406392
25643,0,infantry_line,372,363.22509809863436
25644,2,infantry_line,220,376.8067594449107
25645,0,infantry_line,290,346.32527364416427
25646,2,infantry_line,490,364.5599059481509
25647,4,infantry_line,134,377.9953413575188
25648,2,infantry_line,275,353.43133772347187
25649,0,infantry_line,239,364.23697894070705
25650,0,infantry_line,129,374.1859191697159
25651,0,infantry_line,258,376.39269249494345
25652,2,infantry_line,401,341.5260945278356
25653,3,infantry_line,650,366.46483709772303
25654,0,infantry_line,414,360.11331088041567
25655,0,infantry_line,523,347.87678861728705
25656,2,infantry_line,340,336.2666639989793
25657,2,infantry_line,589,359.5771417238571
25660,4,infantry_line,535,399.95063014231386
25661,0,infantry_militia,393,199.0100867417072
25662,3,infantry_militia,104,204.02041740611173
25663,3,infantry_militia,109,193.4588572020588
25665,4,infantry_skirmishers,709,289.74136314035803
