row_id,fold,unit_class,base_mp_cost,pred
33,4,artillery_foot,435,426.69108882159674
34,1,artillery_foot,94,106.72536235365183
35,2,artillery_horse,747,710.8637657500359
36,4,cavalry_light,1352,1485.7896815553365
37,1,cavalry_light,1452,1691.3379632091642
38,2,cavalry_light,935,956.6653367088091
39,0,cavalry_light,701,696.936961864839
41,4,general,1,1.0
42,0,general,807,823.21991428202
44,0,general,351,353.11322421161293
46,3,general,199,200.28237394869595
47,1,general,718,704.448217602612
49,3,general,1353,1673.4412885187753
50,1,general,1446,1570.6766953353115
51,3,general,1308,1525.9472299588163
52,1,general,544,511.59306892415003
53,0,infantry_light,968,897.0306886795141
54,4,infantry_light,668,607.754047105667
56,1,infantry_light,914,770.9742096646161
58,0,infantry_line,424,405.3084275181596
60,2,infantry_line,688,721.2035403931642
61,0,infantry_line,1723,1322.0243781507822
62,1,infantry_line,427,439.3551189050608
63,1,infantry_line,544,543.3021541788626
64,2,infantry_line,496,462.0825534216973
65,1,infantry_line,785,807.8667611287303
66,4,infantry_line,528,472.3135346222985
67,2,infantry_line,605,618.4644164342627
68,2,infantry_line,519,499.775694594383
69,4,infantry_line,781,766.3153610247904
71,2,infantry_line,659,682.23977961297
72,4,infantry_line,718,723.107753401109
73,3,infantry_line,360,318.17304816308877
74,4,infantry_line,971,976.8158677599
75,1,infantry_line,832,831.4479148010189
79,3,infantry_line,537,505.6917650604615
80,3,infantry_line,640,631.4131324981347
81,3,infantry_line,1008,1043.6209568668596
82,1,infantry_line,592,591.2783313040443
83,2,infantry_skirmishers,538,553.3432763452491
84,3,infantry_skirmishers,235,243.26896563248152
86,1,artillery_foot,237,283.37720627860017
87,4,artillery_foot,284,325.0518371168018
89,2,artillery_horse,311,576.53354157672
90,3,cavalry_heavy,1615,1721.6920040932841
91,3,cavalry_heavy,1249,1415.7725014732384
92,0,cavalry_heavy,1478,1578.8666895137894
95,3,cavalry_lancers,516,503.8574642693766
96,2,cavalry_light,890,986.5995412235823
98,0,cavalry_light,590,642.1391981515743
99,4,cavalry_light,797,842.7978104174476
100,4,cavalry_light,756,780.5456482047326
102,0,cavalry_standard,674,723.324555748389
104,2,general,486,517.6958715123696
106,4,general,1,1.0
107,1,general,1647,1781.677658242348
108,4,general,1,1.0
109,3,general,228,228.86989985139894
110,4,general,639,752.7820839988358
113,0,general,401,403.5464432751571
114,1,general,158,220.1699432346431
116,0,general,46,77.18930759989838
118,3,general,327,356.3846097406551
119,3,general,827,982.3562213413516
120,2,general,429,510.88947265125336
121,2,infantry_grenadiers,748,762.769034740938
122,3,infantry_grenadiers,512,535.9269307038544
123,2,infantry_grenadiers,558,594.006195280911
124,1,infantry_grenadiers,263,262.48050565066626
125,0,infantry_grenadiers,629,891.0136743975903
126,1,infantry_grenadiers,496,632.7486147085732
127,1,infantry_grenadiers,588,657.1740798757852
128,3,infantry_grenadiers,758,928.9724967474134
129,3,infantry_grenadiers,777,852.9537487067355
130,4,infantry_light,273,309.94603240471747
131,0,infantry_light,257,298.2454573760673
132,2,infantry_light,162,231.93216194508335
133,3,infantry_light,269,295.54915121076573
134,2,infantry_light,205,242.40284444361566
135,2,infantry_line,317,315.44452233554864
136,0,infantry_line,268,283.96841157196815
137,3,infantry_line,162,216.12042325067537
138,0,infantry_line,237,242.58807095577217
139,1,infantry_line,276,273.6692653598827
140,0,infantry_line,200,183.2523352595715
141,3,infantry_line,216,217.34458207032668
142,3,infantry_line,281,282.4539098266462
144,3,infantry_line,816,800.4963067834251
145,3,infantry_line,568,605.1650567934372
146,0,infantry_line,445,467.8147490850093
148,4,infantry_line,497,626.6873588466628
149,2,infantry_line,398,414.5867714259833
151,4,infantry_line,543,592.7249971924731
152,1,infantry_line,440,459.8498031422591
153,3,infantry_militia,318,165.9710594642774
154,1,infantry_militia,405,383.78119263063786
155,1,infantry_militia,121,107.7578785612919
156,0,infantry_militia,238,237.80344964475194
157,3,infantry_militia,89,116.51093280786178
158,4,infantry_militia,235,200.5607002443725
159,2,infantry_skirmishers,238,268.8603643954357
161,2,infantry_skirmishers,138,212.78204838624225
162,3,infantry_skirmishers,543,481.6410537435515
163,0,artillery_foot,477,418.8270741104734
166,0,artillery_horse,637,584.9912745137606
167,3,artillery_horse,583,587.873509118689
168,4,cavalry_heavy,687,755.5913526938932
169,2,cavalry_heavy,830,821.7637087018728
170,2,cavalry_heavy,1056,1040.5943810683107
171,2,cavalry_heavy,688,718.87172766236
172,3,cavalry_heavy,1264,1277.0877680585113
174,4,cavalry_heavy,1060,1083.5338864586638
175,3,cavalry_heavy,1222,1238.6484472416385
176,2,cavalry_heavy,1469,1358.3172316569037
177,4,cavalry_heavy,1240,1230.0852402836188
178,2,cavalry_heavy,1074,899.9090826146777
179,1,cavalry_heavy,990,861.2860937572163
180,4,cavalry_heavy,1166,1134.1199560595371
181,4,cavalry_lancers,710,674.1264186806242
182,4,cavalry_light,228,258.33706331144936
183,2,cavalry_light,345,363.46930772713677
184,3,cavalry_light,498,482.1262123652549
185,1,cavalry_light,453,409.3084169077947
186,0,cavalry_light,316,349.56404312526354
187,1,cavalry_light,351,351.4659205160743
188,2,cavalry_light,776,608.6845892961629
189,1,cavalry_light,633,529.5867474730778
190,4,cavalry_light,254,283.3713989382633
191,0,cavalry_light,348,374.06287332788867
192,4,cavalry_light,270,307.4579570569426
193,3,cavalry_light,310,339.4490150578149
195,4,cavalry_light,326,354.21819103007886
196,0,cavalry_light,534,497.98999136495513
197,3,cavalry_light,914,871.309172102186
200,2,cavalry_light,318,344.0303210343398
201,3,cavalry_standard,970,911.0231927958317
202,4,cavalry_standard,1031,1009.896900638974
203,4,cavalry_standard,459,459.12565404907843
204,1,cavalry_standard,604,583.0342217194589
205,2,cavalry_standard,782,721.4374661438312
206,2,cavalry_standard,565,550.2170926693366
208,3,cavalry_standard,490,489.09988604234945
209,2,general,823,819.2890903132894
210,4,general,1,1.0
211,1,general,638,626.7320378623582
212,3,general,534,468.90920222844204
214,3,general,177,178.0951941202973
215,2,general,467,467.3433694355536
219,0,general,312,313.9698828718996
220,2,general,1453,1436.277173071008
221,1,general,554,530.0806685923626
222,0,general,925,1341.378546395923
223,3,infantry_grenadiers,404,472.4618804369622
224,3,infantry_grenadiers,504,474.0402728015447
227,4,infantry_grenadiers,244,197.87854484131404
229,4,infantry_light,458,446.6523072926159
230,2,infantry_light,341,346.11356361494893
231,0,infantry_light,347,331.5448128848987
232,1,infantry_light,739,813.0742317527194
233,4,infantry_light,586,598.2544301495091
234,4,infantry_light,672,704.5802231671161
235,4,infantry_light,968,942.4553993167864
236,1,infantry_line,132,157.6816077717754
237,2,infantry_line,490,492.7079613213049
238,4,infantry_line,390,418.2249379773995
240,1,infantry_line,432,438.3479656770086
241,2,infantry_line,458,443.0011468749544
242,0,infantry_line,339,325.793095593933
243,2,infantry_line,236,233.27896325840368
246,2,infantry_line,299,298.5771638978823
247,4,infantry_line,382,396.9454468677118
248,0,infantry_line,239,244.55263084169937
249,3,infantry_line,200,198.94395790062393
250,0,infantry_line,1013,878.0832520522937
251,0,infantry_line,199,205.1383130969878
255,3,infantry_line,679,683.7060822630847
256,1,infantry_line,332,327.6598419977267
257,4,infantry_line,298,301.0272003366968
259,2,infantry_line,205,293.08352206678364
262,4,infantry_line,730,778.4540931706241
264,1,infantry_line,500,513.3456387141335
265,3,infantry_line,562,601.0969703200814
266,0,infantry_line,723,780.4442429923524
267,1,infantry_line,659,652.6517523584467
269,2,infantry_line,778,849.6578348549266
271,0,infantry_line,597,583.5607643268935
272,3,infantry_line,226,249.67414027482855
273,3,infantry_skirmishers,334,386.76609848423544
13392,1,artillery_foot,300,259.2130124725726
13393,1,artillery_foot,318,239.88225055284954
13394,0,artillery_foot,300,245.90041372819354
13395,1,artillery_foot,516,448.18868878639796
13397,4,artillery_horse,441,341.0229694642815
13399,1,cavalry_heavy,1735,1444.6242875176417
13400,2,cavalry_heavy,827,782.1550295985302
13401,2,cavalry_heavy,1370,1194.162219946542
13402,3,cavalry_heavy,865,745.3970072967068
13403,1,cavalry_heavy,1327,1145.420329986292
13404,2,cavalry_heavy,1863,1587.1751967180226
13405,1,cavalry_heavy,874,741.6347615161311
13406,3,cavalry_heavy,730,653.6721446212674
13408,2,cavalry_lancers,737,592.8264688417862
13409,0,cavalry_light,405,325.1412088514534
13410,0,cavalry_light,358,333.5467515584911
13411,4,cavalry_light,1564,1399.8935364646265
13412,3,cavalry_light,1115,897.6362826516591
13414,1,cavalry_light,1452,1367.056886608928
13415,0,cavalry_light,663,584.9393972067534
13416,4,cavalry_light,679,591.7813611884774
13417,0,cavalry_light,704,618.6058825061265
13418,1,cavalry_light,1062,863.7687377890308
13419,2,cavalry_light,851,769.4788190075342
13420,0,cavalry_light,918,861.5642640490141
13422,0,cavalry_light,490,430.7928917744408
13423,0,cavalry_light,680,576.4510261394953
13424,0,cavalry_light,560,471.80820693835625
13425,3,cavalry_light,784,692.4568293862343
13428,2,cavalry_light,426,378.8935580689505
13429,0,cavalry_standard,641,609.1352868571523
13430,2,cavalry_standard,1011,1073.9691248635195
13431,1,cavalry_standard,1251,1334.6495369611148
13432,3,cavalry_standard,958,820.8627081272585
13433,0,cavalry_standard,558,545.8430122210556
13434,3,cavalry_standard,844,892.6707147660155
13436,4,cavalry_standard,478,481.4431304348873
13437,0,cavalry_standard,621,564.7978624331678
13439,4,general,537,541.5613482123958
13440,1,general,727,629.0235696329469
13441,4,general,1,1.0
13443,0,general,1668,1357.8514105428742
13444,3,general,1091,850.5296885493316
13445,4,general,1,1.0
13446,0,general,1368,1396.4259228656501
13447,3,general,202,178.31839520799244
13448,2,general,480,407.4328036791522
13449,0,general,278,257.1808171626031
13450,1,general,611,435.58067552528956
13451,4,general,1,1.0
13452,1,general,1174,1336.9774503171082
13453,3,general,183,293.5729057626943
13454,3,general,383,307.555822528712
13455,3,general,202,178.31839520799244
13456,1,general,352,308.81049977703657
13457,3,general,202,178.31839520799244
13462,0,general,133,115.49882031075528
13463,4,general,1,1.0
13465,1,general,1371,1378.232557379054
13466,2,general,1340,1365.2566664832584
13467,4,infantry_grenadiers,878,884.6232338756702
13468,1,infantry_grenadiers,777,685.0957181691825
13469,0,infantry_grenadiers,933,847.9725322261943
13471,3,infantry_grenadiers,1131,1029.0368286621647
13472,4,infantry_grenadiers,820,769.2623235107048
13473,0,infantry_grenadiers,409,317.8202561637572
13474,0,infantry_grenadiers,908,821.8701260584194
13475,2,infantry_grenadiers,1281,1196.8823689138314
13477,0,infantry_grenadiers,1279,1210.0529070034784
13478,0,infantry_irregulars,319,263.3901979469693
13480,0,infantry_irregulars,504,434.14502685461923
13481,0,infantry_irregulars,343,313.0250315838131
13482,2,infantry_irregulars,489,426.65223518848273
13483,2,infantry_irregulars,603,569.2730226934206
13484,4,infantry_irregulars,327,202.44378787579285
13485,0,infantry_irregulars,128,154.41297103780715
13486,4,infantry_irregulars,730,667.3683522053835
13487,0,infantry_irregulars,403,956.3462825305105
13488,1,infantry_irregulars,513,601.1366061671405
13489,4,infantry_irregulars,296,276.96947402278687
13490,3,infantry_irregulars,457,537.2605685088894
13491,3,infantry_light,374,335.4765761826158
13494,1,infantry_light,266,324.9848524164759
13495,0,infantry_light,243,282.9121838318288
13496,4,infantry_light,283,344.70721012051604
13497,3,infantry_light,221,242.96022211296477
13498,4,infantry_light,484,451.5895323424163
13499,3,infantry_light,390,389.67556977868185
13500,4,infantry_light,526,516.4360139985865
13502,0,infantry_line,513,384.8215096117556
13503,2,infantry_line,268,309.0172144985458
13504,4,infantry_line,297,267.53686610799133
13505,0,infantry_line,481,411.82148875974065
13506,1,infantry_line,220,246.22529550451972
13507,4,infantry_line,206,260.2094276434373
13508,2,infantry_line,218,284.9383778297
13509,1,infantry_line,311,271.57821076515546
13510,4,infantry_line,596,483.50064001193863
13511,4,infantry_line,250,235.3853732697506
13512,0,infantry_line,202,164.08703675534235
13513,1,infantry_line,374,358.19110270833096
13514,0,infantry_line,246,267.2606823386562
13516,1,infantry_line,368,329.2804552552887
13518,2,infantry_line,202,194.3543779365471
13519,2,infantry_line,271,248.4642807048353
13520,0,infantry_line,155,185.17148424334985
13521,0,infantry_line,230,231.56671725767723
13522,2,infantry_line,173,221.44638613266855
13523,1,infantry_line,174,195.75840626559938
13524,4,infantry_line,182,211.9949918683624
13525,0,infantry_line,269,243.49235049292952
13526,2,infantry_line,261,214.46893397434275
13527,2,infantry_line,312,348.71958836722257
13528,2,infantry_line,233,300.04610551955165
13529,4,infantry_line,476,413.7234526576906
13530,1,infantry_line,325,303.9144714260896
13531,3,infantry_line,550,486.93349705279036
13533,0,infantry_line,332,333.6082194763599
13534,4,infantry_line,392,380.4916456499834
13535,4,infantry_line,695,634.9572424945897
13536,0,infantry_line,765,697.6246500102188
13537,0,infantry_line,958,876.7245415294844
13538,3,infantry_line,578,548.3453561521284
13539,4,infantry_line,313,290.5204024529465
13543,1,infantry_militia,244,89.21841699185116
13544,3,infantry_skirmishers,256,247.020053195092
13545,0,infantry_skirmishers,177,165.4311609775544
13546,1,infantry_skirmishers,692,477.82188202628146
13547,1,infantry_skirmishers,306,259.16039224158885
13548,1,infantry_skirmishers,236,185.98184983856092
13551,3,general,444,569.1841135623869
13552,3,general,292,281.01775266073463
13553,2,general,890,947.0489772399521
13554,0,general,388,344.6399129716117
13557,1,general,365,344.26463765602216
13558,3,general,453,479.5549917679863
13560,0,general,1015,1181.4601525834069
13561,3,infantry_light,505,509.270326312027
13562,4,infantry_light,947,998.6246517944552
13563,1,infantry_line,187,220.2758407713857
13564,4,infantry_line,345,341.6841850759334
13565,3,infantry_line,363,354.92714770423106
13566,4,infantry_line,339,346.902484039418
13567,3,infantry_skirmishers,452,424.44192845823926
13568,2,general,252,217.56842131137276
13569,4,general,179,168.22145214642148
13571,3,general,332,324.2701740886048
13572,0,general,456,487.3116386478441
13573,2,general,187,213.26612206474329
13575,3,general,854,909.710339834466
13576,0,infantry_light,303,330.6593715240788
13577,2,infantry_line,242,227.4135923202549
13578,0,infantry_line,375,392.42539075176506
13581,3,infantry_line,442,446.99922487958037
13582,1,general,273,253.90553997718814
13583,4,general,149,150.3460708131158
13584,4,general,416,379.15848311438396
13585,2,infantry_grenadiers,482,454.74719604986785
13586,0,infantry_line,334,328.1267954603533
13587,0,infantry_line,249,238.97570014838297
13590,1,general,275,233.31082162363043
13591,3,general,524,567.8278616539939
13592,1,general,618,706.7190205668395
13593,0,general,684,748.3183839795383
13594,0,general,419,391.7125511754963
13595,4,general,1025,1030.5926120918118
13596,2,general,710,700.061551287472
13597,4,general,403,523.8655114430686
13599,3,infantry_grenadiers,626,653.0073621944236
13600,4,infantry_light,280,274.8460769495811
13602,4,infantry_light,410,394.218033847354
13603,1,infantry_line,121,128.6571336522945
13604,3,infantry_line,582,637.7838670585085
13605,1,infantry_line,494,534.9934930123984
13606,1,infantry_line,398,466.82429452007875
13607,3,general,301,277.3538495711035
13610,3,general,429,392.3974653077976
13612,2,general,57,87.69718936082302
13613,1,general,194,175.3229060218192
13614,4,general,237,208.7856855830611
13615,4,infantry_light,450,406.7565404189435
13617,2,infantry_line,297,290.8342852839331
13618,0,infantry_line,205,239.64745603115023
13623,1,general,101,147.17658617406926
13624,1,infantry_line,286,300.2684006478461
13626,4,cavalry_heavy,905,892.088449979126
13627,0,cavalry_heavy,1351,1263.8106691998362
13629,4,general,723,720.1254904639588
13631,3,general,74,122.81994586661189
13632,4,general,1127,1046.0752238384632
13633,4,general,266,237.62422496345596
13634,2,general,287,288.74365853376554
13635,1,general,632,666.3816750024357
13636,3,infantry_light,359,370.77858179221744
13637,4,infantry_line,370,383.1140769297344
13639,2,infantry_line,259,254.06192595535225
13640,4,infantry_line,153,176.56283398799715
13641,1,infantry_line,694,716.2359555360053
13642,0,cavalry_light,402,400.5385609892794
13643,3,cavalry_light,541,504.06275649477925
13644,2,cavalry_light,784,804.2312063262509
13648,4,general,306,291.9620158235408
13649,2,general,562,473.1217917494709
13651,1,general,521,509.58658646752053
13653,2,general,432,414.62260074364144
13654,3,general,514,494.17363727970616
13655,3,infantry_line,283,286.83601080477104
13660,4,general,468,390.16665197326665
13662,2,general,200,195.2011055787406
13664,3,general,540,521.8650494930474
13665,0,general,793,742.4105792318319
13666,4,general,456,401.9320704079739
13667,2,infantry_light,577,599.9172964621966
13668,2,infantry_line,305,316.59966613938127
13669,2,infantry_line,456,386.91738568993264
13671,2,general,273,278.259109318869
13673,2,general,216,205.17913745413534
13675,0,general,255,289.49440877543293
13676,3,general,61,84.21436445537373
13677,2,infantry_light,444,431.71774708444343
13678,4,infantry_light,324,308.78139860497646
13679,4,infantry_line,165,154.45258629690673
13680,1,infantry_line,328,342.5772976440258
13681,3,infantry_line,339,354.56454789929677
13682,3,infantry_line,199,197.46367748531932
13684,4,general,473,359.08657280219984
13685,2,general,594,675.3337548950076
13686,3,general,627,737.3311631007334
13687,0,general,855,896.5562586518203
13688,3,infantry_grenadiers,293,315.7891883316019
13689,4,infantry_grenadiers,725,833.3005153474397
13690,3,infantry_light,799,815.0330571482974
13692,1,infantry_line,186,190.42975023190235
13693,2,infantry_line,586,649.7608370852331
13694,1,cavalry_heavy,1408,1328.5728523680557
13696,3,general,1556,1513.3490994877288
13697,4,general,1067,1204.4413637126827
13698,4,artillery_foot,97,147.07870735760602
13699,3,general,46,169.296559588681
13700,4,cavalry_light,319,355.99384453562607
13701,4,cavalry_light,370,388.195577789287
13702,1,general,245,267.53097923130895
13704,1,general,181,236.18700150397433
13706,1,infantry_light,488,452.4289297197642
13707,1,infantry_line,116,156.11337929706457
13708,0,cavalry_light,768,763.6839422267469
13710,0,general,432,490.74073696071395
13711,4,general,440,478.7907045622592
13712,0,general,513,571.0144300123642
13713,4,infantry_line,376,387.3662998255452
13714,1,infantry_line,477,521.20592097919
13715,3,general,569,546.9303749448318
13716,0,infantry_line,665,644.0107413746928
13717,3,general,427,339.8871709139826
13718,2,infantry_line,286,271.4326734161239
13719,1,general,582,674.9326771779763
13722,1,cavalry_heavy,599,590.1227945364934
13725,1,cavalry_light,896,930.6871301125859
13726,1,cavalry_light,543,511.03388842658046
13728,1,general,836,950.9649626826667
13729,0,artillery_foot,421,443.08237694944455
13730,0,artillery_foot,454,481.6764840048882
13732,0,artillery_foot,332,387.1145457838031
13733,1,artillery_foot,412,458.3875350518129
13734,2,artillery_foot,689,668.477349126996
13735,4,artillery_foot,325,403.5393018882657
13737,3,artillery_horse,606,565.5492081113078
13738,2,general,789,818.5846939327016
13741,0,general,978,1009.4022432125724
13742,2,general,789,818.5846939327016
13743,0,general,299,313.54517273477853
13744,2,general,1391,1435.0423117086468
13745,3,infantry_grenadiers,265,177.70877499893447
13746,2,infantry_line,253,219.0979991543134
13747,0,infantry_skirmishers,217,217.58769092720684
13748,1,general,453,409.3808017677223
13749,0,general,341,288.79907621013047
13751,0,general,203,234.77463052497416
13752,4,general,950,812.2618225531978
13753,2,general,640,587.1336937810488
13754,0,general,576,695.967574100835
13755,3,general,453,362.0746520610919
13756,3,infantry_grenadiers,515,657.1052478390674
13757,3,infantry_light,315,310.7556848314867
13758,2,infantry_light,760,757.1162358393615
13759,0,infantry_light,691,659.6124929861153
13760,1,infantry_line,365,346.26704402417005
13761,4,infantry_line,1072,977.1657770656913
13762,4,infantry_line,279,317.07034775816646
13763,3,infantry_line,316,304.90217703209294
13764,0,infantry_line,567,511.5167816097297
13765,0,cavalry_light,263,310.50242284636875
13769,3,general,121,198.64047124574984
13771,2,general,724,685.9704884248305
13772,0,general,734,791.5853071583738
13773,4,general,489,446.0531967619046
13774,2,infantry_grenadiers,316,419.8532598904239
13775,1,infantry_line,294,279.1957541850957
13777,0,infantry_line,784,786.3649425285622
13778,0,infantry_line,460,424.08094742727656
13779,2,infantry_line,832,888.1348252697314
13780,0,infantry_line,556,459.70215998814456
13781,1,cavalry_heavy,747,681.9008793527253
13782,3,cavalry_heavy,1123,1043.2922952129122
13783,2,cavalry_light,450,463.2887818732828
13784,4,cavalry_light,738,786.4439587930109
13786,1,cavalry_light,609,607.1515637153221
13787,2,general,1052,937.6942635590729
13788,3,general,507,516.1255651058328
13789,2,general,585,603.4527499573892
13790,3,general,352,351.2733189764382
13791,2,general,698,593.8094536227553
13792,2,general,401,379.2304542200057
13793,4,cavalry_heavy,1230,1112.2760523977558
13794,1,general,1025,908.0225161756316
13795,2,general,629,559.6378790969516
13796,3,general,407,403.69584150214666
13797,2,general,244,218.37331425806153
13799,1,general,156,156.63788033778488
13800,0,general,311,293.47694787109475
13801,4,general,362,322.6186764155798
13802,0,general,727,732.8011619026198
13803,0,general,441,402.57538564576413
13804,3,general,1010,1179.7855387073528
13806,4,infantry_grenadiers,549,508.76962523383884
13808,2,infantry_light,348,344.5129105482585
13809,3,infantry_line,295,287.5459678185948
13810,0,infantry_line,344,331.03701172442544
13811,3,infantry_line,248,246.1879629538785
13812,4,infantry_line,569,482.2400199440921
13813,4,infantry_line,654,616.433390575976
13814,0,infantry_line,1048,1039.3059640644137
13815,3,cavalry_heavy,1514,1403.4007486280784
13816,4,cavalry_light,332,356.05701109485994
13817,1,cavalry_light,735,664.6265344469992
13818,1,cavalry_light,333,363.75570285182556
13820,2,general,212,240.24061717484201
13822,3,general,758,762.0597592394662
13824,4,general,680,664.6661199299618
13825,2,general,691,688.6581222517536
13826,2,general,241,208.58764705870433
13828,2,infantry_line,332,310.8246804144571
13829,3,infantry_line,571,544.9015532509881
13830,2,infantry_line,723,678.4293979328991
13831,2,cavalry_light,277,332.9496364815808
13832,1,cavalry_light,484,492.2575829019539
13834,3,general,307,354.6084781833927
13838,0,general,560,527.3668533902535
13840,1,general,570,547.7251128094796
13841,0,general,266,226.57105493302703
13842,0,general,713,679.6744938538875
13843,4,general,409,348.10947920774
13844,3,infantry_line,218,221.1264138887118
13847,2,infantry_line,258,229.7581927105176
13849,0,infantry_line,437,430.61913627034244
13850,4,infantry_line,587,511.87605802580873
13852,4,cavalry_light,740,900.1249772075234
13853,2,cavalry_light,339,388.70642958678104
13854,0,cavalry_standard,1062,1076.1245021543011
13855,2,general,656,808.3171509892516
13856,3,general,920,907.7217943118826
13859,2,cavalry_heavy,1357,1274.3186483747102
13860,4,cavalry_light,450,459.06553563400445
13861,1,cavalry_standard,512,514.8935576795164
13862,3,general,1198,1171.7333204268434
13863,3,general,356,366.19496357093846
13864,1,general,378,388.30218709820247
13865,3,general,497,443.73549479494227
13866,0,general,282,240.42874399292344
13867,4,infantry_line,388,362.93057760698787
13868,1,infantry_line,329,319.7471780497608
13871,2,cavalry_heavy,1402,1235.4334131427843
13873,2,cavalry_heavy,1471,1269.411236308713
13874,4,cavalry_heavy,1199,1105.0011710333463
13875,0,cavalry_light,516,517.333626366816
13877,1,general,1225,1069.8974096447425
13878,2,general,1294,1087.0117026818207
13881,1,general,1093,930.6068122150691
13882,4,infantry_line,694,651.5579359316447
13883,0,cavalry_heavy,1463,1378.4384221046555
13884,4,cavalry_heavy,1282,1231.9542320610879
13887,1,general,1074,1024.1657227179107
13888,3,general,1141,1074.8973047554098
13889,3,general,1462,1369.2558738352263
13890,2,general,1292,1214.7404773550638
13891,1,cavalry_light,330,363.13776138273914
13892,1,cavalry_standard,689,730.7594549184092
13893,0,general,318,319.4402214137745
13894,0,general,679,696.6638324195837
13896,2,infantry_line,329,311.67408366585175
13897,2,general,227,201.93447198054332
13898,4,general,188,170.23857032146336
13899,4,infantry_line,251,252.95976605349694
13900,4,infantry_line,322,301.6663134991834
13901,1,infantry_line,214,207.72590798328116
13902,2,cavalry_light,476,569.9254147046214
13903,1,general,520,536.9059270289496
13905,3,general,307,229.9355821451539
13906,3,general,343,280.3008844977269
13909,4,general,262,215.00213163563478
13910,3,infantry_line,355,324.26701378714165
13911,4,artillery_foot,826,797.3260831264885
13913,2,artillery_foot,486,431.54813529114773
13914,3,artillery_foot,326,316.72202916076935
13915,2,artillery_foot,69,85.73334401916597
13917,1,artillery_foot,734,695.7634255790341
13918,4,artillery_foot,77,90.22944644799693
13919,2,artillery_foot,407,380.98066286022356
13921,2,artillery_horse,624,580.7157162004557
13922,0,general,312,313.87950174651513
13924,0,general,863,867.854688197045
13925,1,general,638,626.1810310819378
13926,3,general,177,178.02801434916222
13927,4,general,1023,786.8489988863372
13928,0,infantry_line,201,176.42698873560687
13930,4,infantry_skirmishers,189,176.07638634252075
13931,0,infantry_skirmishers,239,256.87080785517145
13932,0,infantry_skirmishers,195,210.740212880221
13933,1,artillery_horse,1111,970.4826011347947
13934,4,cavalry_light,1015,848.113537283661
13936,4,general,848,745.082444552315
13937,4,artillery_foot,537,539.3993929327831
13938,0,general,405,375.38473013634365
13939,0,general,747,677.1099125866933
13941,0,infantry_light,466,517.2726144671913
13943,3,cavalry_light,616,545.52836065498
13944,1,general,399,262.220012520142
13947,1,general,431,398.32817040376545
13948,4,infantry_light,844,835.2257749798425
13950,4,general,772,738.1254762209177
13951,4,infantry_grenadiers,547,667.4601228499581
13952,3,infantry_line,702,717.0231521061077
13953,0,general,1197,2372.2416273209747
13954,1,infantry_militia,737,607.5041339777584
13956,4,infantry_militia,492,356.09356815341334
13957,4,infantry_skirmishers,329,318.8175271905047
13958,4,general,299,190.91080707533214
13959,0,general,557,392.2808147326039
13960,1,infantry_militia,405,277.7710566055228
13961,0,infantry_skirmishers,576,506.8701445017278
13963,0,general,563,565.0466487462083
13964,4,general,459,413.76345156171817
13969,4,infantry_line,442,485.34955721814816
13970,0,general,223,206.90948414003196
13972,0,general,561,664.0046912110125
13974,4,infantry_line,538,622.7743696331936
13975,1,general,237,231.29755405518446
13977,2,general,614,493.05865942403517
13979,0,infantry_line,349,373.55344445019847
13980,0,infantry_line,432,425.1283613502173
13981,0,general,144,138.08695501756975
13983,4,general,395,356.04266513347113
13984,2,infantry_line,248,246.08131153053853
13985,4,infantry_line,456,464.480828386757
13986,3,cavalry_light,373,497.8813497083654
13989,0,general,1036,1046.8654873928765
13990,0,infantry_skirmishers,270,236.16263908156327
13991,1,artillery_horse,848,755.4993869922677
13992,1,cavalry_light,598,677.0727599360121
13993,0,cavalry_light,629,702.3519959438337
13994,4,general,503,568.3090622561646
13995,2,general,606,688.0068417643935
13997,3,general,382,396.1890795781417
13998,3,general,479,420.93137494132384
13999,4,general,393,344.4251747905432
14000,2,infantry_line,563,454.73829414289554
14001,0,infantry_line,451,449.88239366269494
14002,3,general,158,166.33601804112962
14003,4,general,279,266.42615925806604
14004,1,general,395,405.80695404424586
14005,0,infantry_line,260,266.4293453729823
14006,2,infantry_line,391,404.82760364989144
14007,2,artillery_foot,394,408.48328611960767
14008,0,general,162,168.74340764051533
14010,1,cavalry_standard,635,610.2972387364753
14011,3,general,436,426.9728833083903
14012,1,general,673,702.9015785144029
14013,4,general,218,210.14665389442263
14014,2,general,494,454.48640235353304
14015,2,infantry_grenadiers,628,641.0971189767762
14018,1,infantry_line,285,272.2728162055383
14020,0,general,125,149.74556219178993
14021,4,general,76,112.13385411112145
14023,0,infantry_line,172,191.7684665452829
14024,3,infantry_line,173,182.7373387586344
14025,4,artillery_foot,423,516.1571638139469
14026,4,artillery_horse,86,100.81336378549655
14027,2,general,348,413.2644624076126
14028,3,cavalry_light,386,497.52593785985573
14029,0,general,335,419.236781087079
14030,3,general,118,135.81813913523771
14031,4,general,411,428.2491601190334
14032,0,general,666,709.8938721623704
14033,0,infantry_grenadiers,777,831.9535569506563
14034,2,infantry_light,379,427.431354829413
14035,0,infantry_line,226,237.15842591324002
14036,3,general,74,101.9277429805413
14037,0,general,177,179.533724212365
14038,1,general,223,232.2953138208253
14040,0,infantry_grenadiers,675,772.3947705100114
14041,4,infantry_light,281,291.3871039775862
14042,2,infantry_line,190,204.68827269239142
14043,1,infantry_line,184,183.48909736151754
14045,1,cavalry_heavy,994,998.3409316736361
14046,3,general,790,804.0379673786445
14047,2,general,1225,1183.8763112120864
14048,1,general,1283,1238.1604621909212
14049,2,general,601,600.9811315161928
14050,1,artillery_foot,412,404.64053305943196
14052,1,cavalry_light,611,638.9539317347778
14053,2,general,787,787.1832819862964
14054,4,general,1049,986.6912520844204
14055,1,general,729,695.0336734062237
14056,2,general,254,214.41937746619456
14057,4,general,287,297.9274723733099
14058,0,general,556,511.1430393197029
14059,1,general,788,818.8114299534352
14060,1,infantry_grenadiers,1110,1047.8967876332408
14061,3,infantry_grenadiers,628,598.7041543225023
14062,1,infantry_grenadiers,233,352.11564640730376
14063,1,infantry_grenadiers,314,385.23801629020596
14064,2,infantry_grenadiers,700,691.3157427646336
14065,0,infantry_grenadiers,683,654.5661302345932
14066,3,infantry_line,347,310.87762371540975
14067,0,infantry_line,328,386.9755710319391
14068,1,general,348,328.1409130566039
14069,1,general,499,451.02013825301697
14070,3,general,371,409.70420204453586
14071,2,general,647,728.9461301365775
14075,0,general,520,399.01820979348713
14076,1,general,1338,1596.4699448617525
14077,4,general,966,1656.522470800385
14078,2,general,324,299.5026865146163
14079,2,infantry_grenadiers,933,1041.1423280417398
14081,1,infantry_light,370,402.7249021845378
14082,0,infantry_light,417,411.86627270836243
14083,2,infantry_line,658,620.3605678560085
14084,4,infantry_line,843,937.7523280511563
14086,1,infantry_line,625,574.4310179174648
14087,0,infantry_line,557,620.7432789381528
14088,2,infantry_line,386,372.09745352692835
14089,2,general,487,421.6522116168494
14090,4,general,1064,1122.1934051013045
14091,2,general,984,972.1320169392208
14092,2,general,831,785.7285560164876
14093,2,general,337,295.49870851119914
14094,4,general,570,556.8996835551085
14095,0,general,1069,984.2847295610242
14096,2,general,647,638.5848658493074
14098,2,infantry_grenadiers,698,719.0477364778066
14099,1,infantry_light,583,577.0502645527406
14103,0,infantry_line,618,599.1637273897097
14104,3,cavalry_light,1360,1493.6074135363508
14105,0,general,1533,1695.3111745638405
14106,3,general,375,345.8310771821572
14109,1,general,452,419.4704349137491
14111,3,general,836,954.0246256054041
14112,3,general,627,675.5462436263438
14113,3,infantry_light,525,546.2349799385821
14114,1,infantry_light,837,861.8554022066879
14115,3,infantry_line,409,388.9334873981025
14116,3,infantry_line,416,402.9511910316891
14117,0,infantry_line,636,616.1322900416473
14118,0,infantry_line,400,396.2978766250784
14119,0,general,335,334.36929923791206
14120,3,infantry_militia,376,344.7047661063124
14121,1,cavalry_light,319,326.11760065685604
14122,0,cavalry_standard,696,691.5098477815704
14123,1,general,588,558.4444937971952
14124,4,infantry_irregulars,287,182.8163755687768
14125,0,infantry_skirmishers,403,371.3577332220729
14127,1,cavalry_standard,534,768.0688800235681
14128,2,general,394,548.2823099371492
14129,0,general,1022,1087.8210194733294
14130,2,general,1,111.6054017599263
14131,4,infantry_militia,100,161.25923865494158
14133,1,cavalry_light,319,326.11760065685604
14134,2,cavalry_standard,1381,1571.5973071128253
14136,4,cavalry_standard,528,516.2292122666419
14137,2,cavalry_standard,1089,1164.3171503095277
14138,0,general,1014,1092.0379354650552
14139,3,general,1390,1582.5304013983543
14140,4,general,495,506.7346639763586
14141,4,general,595,522.5375208436104
14142,4,infantry_irregulars,271,271.3688467153986
14143,0,artillery_foot,346,360.0424135420541
14144,3,artillery_foot,804,805.347887620777
14145,2,artillery_foot,796,794.4335869407176
14146,0,artillery_foot,316,321.4189508987434
14147,1,artillery_foot,1379,1586.1505942272313
14148,3,artillery_foot,1457,1184.714218543147
14150,2,general,1729,1974.7534859026619
14151,4,general,1284,1330.533948752487
14153,0,general,1076,1136.2013410550721
14155,2,general,1529,1614.9282820951257
14156,4,general,778,660.8342881906208
14157,4,infantry_grenadiers,322,278.9589420959587
14158,1,infantry_skirmishers,230,271.32633888420895
14159,1,infantry_skirmishers,230,271.32633888420895
14160,1,infantry_skirmishers,210,197.2290559553943
14161,0,cavalry_heavy,1203,1090.4583082476058
14162,2,cavalry_heavy,1118,1053.023992682811
14163,1,cavalry_light,423,411.8545022126235
14164,2,cavalry_light,352,346.71439217458834
14165,3,cavalry_light,554,545.7764386827675
14166,0,cavalry_light,641,575.2509538503074
14167,3,general,321,325.5525939223602
14168,4,general,994,887.5228418047319
14169,3,general,127,199.3563639856042
14171,0,general,523,457.001382240462
14173,3,general,441,432.9577976845292
14174,2,general,981,1043.3819875306867
14175,0,general,1189,1341.1136563442747
14176,4,infantry_grenadiers,382,454.1076787506694
14177,1,infantry_grenadiers,1029,1044.977149314862
14178,3,infantry_light,243,294.77897398670996
14179,1,infantry_line,409,409.68253174303186
14180,1,cavalry_heavy,1149,1103.4399179305854
14181,2,cavalry_heavy,1464,1402.2504853239989
14182,2,cavalry_light,364,376.3225625397967
14183,0,cavalry_light,336,339.1420005993225
14184,4,cavalry_light,878,907.8242957413067
14185,1,general,1073,1008.0721131435627
14186,4,general,209,237.73747048998686
14187,4,general,799,860.8310920698061
14189,0,general,1463,1454.5861325381152
14190,3,general,298,288.83092185169534
14191,3,general,702,690.7264733046733
14194,3,infantry_light,822,891.6183370325354
14195,2,infantry_line,246,247.44537275220137
14196,1,infantry_line,442,417.5200082192187
14198,1,cavalry_heavy,1469,1358.3000735956696
14199,2,general,1242,1163.2566398389026
14201,4,general,553,566.3514045764134
14203,2,general,1565,1634.774024812406
14204,0,infantry_grenadiers,429,494.1192387484371
14205,0,infantry_grenadiers,604,597.433437093721
14206,2,infantry_line,565,635.784022408098
14207,0,cavalry_heavy,752,668.2429428156871
14208,1,general,639,543.1548154583411
14209,3,cavalry_heavy,1789,1702.5308710562856
14211,0,cavalry_heavy,2239,2122.913660265945
14212,1,general,1870,1828.6591564659082
14213,0,general,928,903.0293282302912
14219,0,cavalry_standard,406,388.8020900089892
14221,1,general,885,836.8845656622764
14222,2,general,820,902.5749018755232
14223,2,general,1040,1060.7844527829714
14224,4,general,1233,1492.023196599902
14225,4,general,399,369.01171404219417
14226,3,general,1262,1186.4023935808714
14228,1,general,786,812.3787892238147
14229,1,general,345,335.246705054512
14230,1,infantry_light,570,528.1956886008527
14231,1,infantry_light,404,387.1050274092361
14232,2,artillery_horse,569,534.5748174857249
14233,2,cavalry_standard,701,701.203700349619
14234,2,general,577,563.972284240786
14235,2,general,46,102.31542591880093
14236,4,general,644,732.6576315075889
14238,1,general,546,628.4027401020062
14239,0,general,604,732.0007633712614
14240,4,infantry_line,125,142.41418985155678
14241,0,infantry_line,466,478.36809526089763
14242,1,infantry_line,461,482.6094774183886
14243,3,infantry_line,504,559.367060627258
14244,1,general,332,346.3593285212518
14245,0,general,414,443.80628548806385
14246,4,general,321,404.6591539183267
14248,0,general,409,468.44115921584836
14249,1,general,361,386.21819655345473
14251,4,infantry_grenadiers,380,426.49781323464794
14252,4,infantry_line,186,188.48391786730886
14253,0,infantry_line,385,410.64413732957456
14255,3,infantry_line,327,369.71268478749664
14256,3,cavalry_light,346,355.46488582639495
14257,4,cavalry_light,558,540.8078962557161
14258,0,general,296,319.3292191767504
14259,3,general,414,372.8429931471115
14260,2,general,555,522.6892096630366
14261,4,general,508,443.08660429226774
14262,4,infantry_light,392,356.510097669836
14263,0,infantry_light,489,408.66134788739635
14264,3,general,228,273.2998243145085
14265,2,general,232,228.50526888825917
14266,0,general,230,234.48473429232865
14267,0,general,269,386.3980539499931
14268,4,general,553,687.2989363693116
14269,3,infantry_grenadiers,343,340.6174010887752
14270,1,infantry_grenadiers,743,717.2556728394972
14271,1,infantry_line,291,294.6986171993078
14272,4,infantry_line,290,294.1813764711195
14273,0,infantry_line,338,426.8605761988102
14274,3,infantry_line,602,729.9606353524699
14275,0,general,374,392.359376328169
14276,0,general,220,247.4354749748931
14277,2,general,797,785.9625337627816
14279,3,general,584,663.6568166861666
14280,3,general,363,407.03791119410533
14281,2,infantry_grenadiers,623,571.0739886628226
14282,1,infantry_line,358,359.7465664418891
14284,4,infantry_line,661,763.7245598901079
14285,2,infantry_line,423,455.6740725497758
14286,2,general,415,391.85085912918964
14287,4,general,274,325.42592749655375
14288,4,infantry_light,463,426.3047962613418
14289,0,infantry_light,134,150.90947827328037
14290,1,infantry_light,350,388.86177597643973
14292,3,cavalry_standard,515,510.14963473445846
14293,1,general,390,406.6972894634295
14295,1,general,429,407.5373188767265
14296,0,general,249,248.54180162921037
14298,0,cavalry_standard,442,410.5285455260427
14300,3,general,410,410.59292896362797
14301,3,general,358,361.38930847104933
14302,2,general,309,301.82750277677724
14303,2,general,285,275.08640208319616
14304,1,general,359,368.58834888376265
14310,4,general,387,369.13804872244464
14311,4,cavalry_standard,618,606.0729893776919
14313,2,cavalry_standard,389,406.454145277651
14314,1,general,328,335.56501600956807
14315,3,general,466,457.0398826693044
14316,1,general,341,358.81394627866183
14317,0,general,1696,1606.36426855354
14318,3,general,1164,1015.3231722122675
14319,0,infantry_grenadiers,1123,960.6963040942377
14320,1,infantry_grenadiers,1064,1003.3137877117845
14321,3,cavalry_standard,809,810.9228780113979
14322,3,cavalry_standard,373,365.65274397576553
14323,4,cavalry_standard,613,549.8778238566993
14324,3,general,278,283.3858383449992
14327,3,general,502,442.5525588506333
14329,3,artillery_foot,533,528.8126560847151
14330,1,artillery_foot,667,624.5970422262527
14331,3,artillery_foot,1017,948.6687356339196
14332,1,artillery_foot,1044,1091.0493192214863
14333,2,artillery_foot,334,327.84353970801044
14334,3,artillery_foot,760,733.467065663732
14335,4,artillery_foot,433,427.9253721231202
14336,3,artillery_foot,430,421.5698191573879
14337,0,artillery_foot,780,756.1413459962878
14338,2,artillery_horse,496,478.41128142153474
14339,0,artillery_horse,889,919.008819793195
14340,1,artillery_horse,1561,1645.6643108457065
14342,4,general,530,533.6447278777248
14343,3,general,782,799.3500102784035
14344,4,general,338,359.0350184266479
14345,0,general,799,825.4086257700324
14346,0,general,828,797.054401174792
14347,0,general,499,518.8355360665171
14348,2,general,645,669.4135837345525
14349,1,general,365,377.3055618029466
14350,2,general,503,568.6164956380642
14352,2,general,645,669.4135837345525
14353,2,general,1137,1173.5338124592138
14354,4,general,1592,1715.4017252248211
14355,2,infantry_skirmishers,162,173.5513768732135
14356,3,infantry_skirmishers,281,250.3421810715596
14357,2,infantry_skirmishers,278,265.92336410572454
14358,0,cavalry_light,964,926.8962561813493
14359,4,general,994,913.2642849056818
14360,3,general,797,746.3187191640958
14362,2,general,579,552.5093051849697
14363,1,general,420,503.97571802964484
14366,4,infantry_light,625,660.9543935550757
14367,4,infantry_light,659,751.4165095578742
14368,1,infantry_light,939,1074.6935120435671
14369,4,infantry_line,491,605.970197484693
14370,0,infantry_line,843,832.585016533337
14371,4,cavalry_light,642,638.431813222785
14372,1,general,383,450.18888753115317
14373,3,general,341,286.3295197293321
14374,1,general,479,401.50587192117155
14375,1,general,294,239.35310904066947
14376,0,general,215,183.62040948483337
14377,4,general,474,361.7887676770393
14378,4,general,820,670.1775767180294
14379,0,general,888,834.3095676951672
14380,3,general,685,633.9611286697206
14381,4,general,1112,1205.3654710773794
14382,0,infantry_grenadiers,455,497.13818801062774
14383,4,infantry_grenadiers,377,488.64711436681756
14385,3,infantry_line,455,463.1488479648537
14387,4,infantry_line,526,485.1024949494702
14388,1,infantry_line,320,302.56873623328863
14389,0,infantry_line,948,965.497023783969
14390,3,infantry_line,993,1053.2979928070095
14391,4,infantry_line,804,835.3684959122008
14392,0,cavalry_light,526,540.8923129767786
14393,2,general,332,271.55738728972705
14394,2,general,363,369.1366671328967
14396,0,infantry_line,436,431.987396266829
14397,1,infantry_line,732,739.2265741248473
14400,4,general,382,346.412115792311
14401,0,general,262,226.31276091045686
14402,0,general,876,824.8483145718952
14403,1,general,338,318.36693970763054
14405,2,general,1353,1507.3696148923875
14406,4,infantry_grenadiers,447,433.9245832006995
14408,0,infantry_light,493,498.9447519828731
14409,4,infantry_light,674,668.9655608042702
14410,0,infantry_light,1193,1252.701289301
14411,3,infantry_line,307,295.76317118358213
14412,4,infantry_line,365,358.5405851740887
14413,4,artillery_horse,100,117.62227639158938
14414,3,cavalry_light,556,560.6472301789778
14415,0,general,426,420.76402508856114
14416,2,general,546,427.5946156087914
14417,3,general,448,412.7649022299776
14418,2,general,650,657.2564401853546
14419,1,general,546,630.0704188823144
14420,3,general,479,422.9157944780583
14421,0,general,908,916.269539856504
14423,2,general,1026,987.3043902220035
14424,3,infantry_grenadiers,536,633.1622014653107
14425,1,infantry_grenadiers,1051,1109.3847642466574
14426,4,infantry_light,485,523.5650288540655
14428,1,infantry_line,663,640.5227458867242
14430,3,infantry_line,419,608.041681581748
14431,4,infantry_line,812,802.0005410181321
14432,0,infantry_line,850,806.2111148111605
14433,1,infantry_line,937,974.461718638264
14434,1,infantry_skirmishers,223,207.35717077958736
14437,2,cavalry_light,592,615.3395293167508
14438,1,general,1132,907.8788917018335
14439,4,general,446,416.2982617498945
14440,4,general,177,239.066210449107
14441,4,general,354,320.592728117269
14443,2,infantry_line,408,404.98278343164907
14444,2,general,206,199.91830059677565
14445,4,general,78,102.96286796290474
14446,1,infantry_line,249,284.96413425258777
14447,2,infantry_line,261,327.2571952005209
14448,1,infantry_line,185,190.89342556396403
14449,4,artillery_foot,562,602.2175860811537
14452,0,general,437,387.9242414455813
14453,1,general,1051,1030.3694186095781
14454,4,general,568,463.21868112087395
14455,3,general,867,901.4367637679802
14456,3,general,496,607.4935848133833
14457,1,infantry_grenadiers,1075,1061.0777487908629
14458,3,infantry_light,479,592.6410461029968
14459,4,infantry_line,377,370.0743606853899
14460,2,infantry_line,688,687.4885406684689
14462,4,cavalry_light,1258,1202.4602666595642
14463,4,cavalry_light,1750,1833.7853869527626
14464,3,cavalry_standard,631,765.28936460309
14465,4,general,694,633.9614644555113
14466,2,general,1652,1807.2137323532497
14467,2,general,1114,1042.9152179437988
14468,0,general,1304,1225.9690141817762
14470,1,general,744,695.2798048354582
14471,3,infantry_grenadiers,1320,1306.4505139122348
14472,0,infantry_line,627,629.6261820947152
14473,4,infantry_line,866,884.0615966461153
14474,2,infantry_line,1056,1092.997986870559
14475,4,cavalry_light,1692,1594.2732747573573
14476,3,cavalry_light,774,775.7730308192666
14477,3,cavalry_standard,1388,1514.0318488118314
14478,4,general,1512,1347.83518402979
14479,0,general,574,502.4154630117846
14480,0,general,667,640.4800074544637
14481,3,infantry_line,611,580.0628878603623
14483,2,general,408,327.0822391862966
14485,4,infantry_line,285,289.0333113683027
14486,2,infantry_line,361,338.4941833196838
14487,2,artillery_foot,614,575.0245335320291
14488,0,artillery_foot,614,745.6430908100042
14489,3,cavalry_light,968,946.8019616306328
14490,2,cavalry_standard,1054,1218.0282937810132
14491,4,cavalry_standard,945,1243.638692318281
14493,4,general,800,684.2280662460645
14494,1,general,751,981.2790528319241
14495,3,general,918,1010.1912241940631
14496,0,general,823,803.3969681833759
14497,0,general,775,852.2684847957744
14499,1,general,537,490.8312661762358
14500,4,general,883,761.5393061717751
14501,2,general,372,325.94137873678676
14502,3,infantry_grenadiers,736,795.8338927336829
14503,2,infantry_grenadiers,936,856.684730190819
14506,1,infantry_line,672,659.4792954392423
14507,3,infantry_line,663,701.8821751197269
14508,0,infantry_line,483,474.9344169518358
14509,2,cavalry_light,874,765.3376096052758
14510,0,cavalry_light,727,708.8378808946661
14512,2,general,342,359.84207166550686
14513,4,general,753,632.3790574023043
14514,3,general,300,343.4551391154391
14516,1,infantry_light,328,373.04165476117436
14517,4,general,564,433.23254772355074
14518,0,infantry_light,386,506.97788230070614
14520,2,infantry_skirmishers,547,511.9105396049364
14521,0,artillery_foot,473,393.09074249405535
14522,3,cavalry_standard,1104,1045.6159401534185
14523,1,general,190,190.4304369058539
14524,2,general,1047,980.1313535727422
14526,3,general,842,905.6428931053758
14528,0,general,645,599.3680498539079
14530,3,infantry_grenadiers,611,696.4799848687642
14531,1,infantry_line,339,316.8466600972124
14532,0,infantry_line,291,322.9319641944129
14533,2,infantry_line,1103,1100.8333878422447
14534,1,infantry_line,765,782.730188194974
14536,0,artillery_foot,309,374.7395848933972
14537,4,artillery_foot,558,462.39692397778396
14538,3,cavalry_standard,1181,1331.9167439959874
14539,3,general,245,246.3646546965232
14540,0,general,1121,1208.186461869733
14541,4,general,279,317.00347206342656
14542,4,general,377,373.4240099774575
14543,0,general,580,602.074827960767
14546,4,infantry_light,624,683.6190975478936
14547,1,infantry_line,355,395.82693441590106
14548,4,artillery_horse,631,580.9638279445228
14549,4,cavalry_light,763,762.5762288980659
14550,4,general,613,576.9649225439116
14551,0,general,609,557.0658180406386
14552,0,general,706,681.727033962982
14553,2,infantry_line,828,876.6599809772313
14554,3,cavalry_light,527,548.9036186957846
14555,3,cavalry_light,404,441.322057788028
14557,1,artillery_horse,1685,1782.8700682967974
14558,2,cavalry_light,1306,1069.1667472639579
14559,1,cavalry_light,468,492.24056655004415
14560,4,general,338,333.6076370955617
14561,2,general,1154,777.5275122701919
14562,2,general,1464,1333.9952832680158
14563,2,cavalry_heavy,2153,2015.1277666371768
14564,1,cavalry_heavy,1755,1730.5732893510065
14565,0,general,1950,1764.9221235347002
14566,4,general,1511,1411.8911430947612
14567,4,cavalry_standard,1607,1814.2438882997196
14568,4,cavalry_standard,1069,1029.9678861202358
14569,2,cavalry_heavy,2461,2193.2125409004793
14570,0,general,2237,1942.5823454685608
14572,4,cavalry_standard,898,936.8103968167046
14573,3,general,1217,1310.2726442746787
14576,4,artillery_foot,1322,1118.1113773618067
14578,3,artillery_foot,935,918.0634481405384
14579,1,artillery_horse,947,854.9783948233106
14580,0,general,469,470.8778044527891
14581,0,general,469,470.8778044527891
14582,2,general,1316,1230.8819244772162
14583,4,general,1,1.0
14585,2,general,701,701.0789851996573
14587,2,infantry_skirmishers,345,349.2465608554073
14588,2,infantry_skirmishers,318,327.85473171545647
14589,1,infantry_skirmishers,331,341.0171136658724
14590,1,cavalry_heavy,1616,1618.6394649759986
14591,4,cavalry_heavy,1378,1480.1206795292103
14593,4,general,218,208.30149464349765
14594,3,general,628,662.0468255780505
14596,0,general,560,582.1605947015324
14597,0,general,173,148.75889136842278
14598,2,general,501,572.6346477524868
14600,4,general,589,607.2655672395696
14603,2,general,880,1008.751529783593
14604,2,general,640,651.2571899657592
14605,1,general,821,956.0922168794078
14606,3,general,501,517.1481993855335
14607,1,general,716,731.0978561161052
14608,0,general,954,1114.763989991497
14609,0,general,600,777.6745121816858
14610,2,general,1766,1951.2141751998959
14611,3,infantry_grenadiers,416,430.14523720759956
14614,0,infantry_grenadiers,706,701.9084280886923
14615,3,infantry_grenadiers,883,903.7307116933199
14616,2,infantry_light,281,255.9056280641686
14617,4,infantry_light,513,480.3208899907722
14618,0,infantry_light,647,612.6872419188344
14619,3,infantry_light,471,469.37468262567194
14620,4,infantry_light,560,559.6454332696321
14621,3,infantry_light,761,788.7395345884346
14622,0,infantry_line,272,279.69619604103593
14623,1,infantry_line,485,476.08222835776
14624,3,infantry_line,468,475.5431767777015
14625,1,infantry_line,561,638.7088572869648
14627,4,cavalry_heavy,1020,1062.3331928444684
14628,0,cavalry_heavy,1098,1141.4381721623063
14629,2,general,166,182.69233961208752
14630,3,general,830,895.0305505353471
14631,3,general,599,533.1806773496951
14632,1,general,379,398.8058344234376
14633,2,general,213,215.49278983995467
14634,1,general,189,187.08822576085825
14635,4,general,1012,1088.6639180069137
14636,1,general,329,338.11746925167023
14637,0,general,103,133.38188092897119
14638,2,general,292,260.93079640526554
14639,2,general,285,293.75185796871693
14640,3,general,673,652.7685864738629
14641,2,general,544,453.2860790680646
14642,0,general,869,920.874753587376
14643,0,general,359,382.9763265256544
14646,0,general,339,370.0006174704345
14647,2,general,375,414.5214432116528
14648,4,general,634,582.0152805549837
14649,0,general,814,877.9477052236205
14650,4,general,477,554.4061485272634
14651,3,general,625,711.7825806782738
14653,3,infantry_grenadiers,587,540.3842098326049
14654,2,infantry_grenadiers,625,543.4316986977113
14655,4,infantry_grenadiers,511,470.56060889711057
14657,0,infantry_grenadiers,732,690.0785925578093
14659,3,infantry_light,757,785.1249390145543
14660,4,infantry_light,570,543.9039458984178
14661,1,infantry_line,289,301.9031686547959
14662,1,infantry_line,260,267.13320388611703
14663,4,infantry_line,200,206.1303086168468
14664,1,infantry_line,327,331.7954115016657
14666,0,infantry_line,360,381.4555784445484
14667,1,infantry_line,202,207.25256561012546
14668,4,infantry_line,654,625.0594194454826
14670,0,infantry_line,528,525.9751141866525
14671,3,infantry_line,514,526.502073036247
14672,0,infantry_line,431,454.7879584991398
14673,3,infantry_line,351,343.7622818524822
14674,3,infantry_line,447,476.95167175107537
14675,1,artillery_horse,278,277.5940460015653
14676,0,cavalry_heavy,384,601.5967776840679
14678,0,general,278,295.2851844149633
14679,3,general,226,506.2441158550245
14680,1,general,373,408.15754648536046
14681,0,general,238,243.76301697321713
14682,4,infantry_line,241,243.51173836399437
14683,2,infantry_line,431,435.5792230938148
14684,4,cavalry_heavy,1661,1812.680127764738
14685,3,cavalry_heavy,1130,1187.982294705026
14686,3,cavalry_heavy,1937,1898.6482902378077
14687,3,general,440,445.09556931836295
14688,0,general,1905,2077.0141537745903
14690,4,general,933,987.4978773093115
14692,0,general,359,352.3588707707444
14693,1,general,1728,1795.8427220001875
14694,4,general,101,134.73410788847676
14696,0,general,735,730.3066935487012
14697,1,general,280,296.0496801696135
14698,1,general,215,248.86859544726676
14700,1,general,1267,1285.9604516508666
14701,4,general,267,305.52447586074214
14703,3,infantry_grenadiers,777,743.2048318330659
14704,3,infantry_light,430,409.6497320718173
14705,2,infantry_light,207,201.15692278910316
14706,1,infantry_light,405,388.8425619276223
14707,1,infantry_light,514,535.8565138522496
14709,1,infantry_light,287,307.37905575698363
14710,2,infantry_line,678,633.1034521465205
14711,4,infantry_line,339,347.65507008727405
14712,0,cavalry_heavy,1199,1180.671244529456
14713,4,cavalry_heavy,1328,1441.6590577461163
14714,3,cavalry_light,862,942.4799536685795
14716,4,general,614,677.4783475287679
14718,4,general,181,191.37829899825718
14720,3,general,176,196.90347415142782
14721,3,general,176,183.4033216903067
14722,0,general,101,139.3264548034006
14724,4,general,995,1013.4717316961169
14727,1,general,393,324.37163504024386
14728,1,general,354,378.7499971144228
14729,3,general,638,800.1149167429196
14730,0,general,520,611.2139194897532
14732,1,general,368,420.64505979955294
14733,3,general,401,453.06017042511394
14734,3,general,254,243.00418030403776
14735,4,general,370,443.6505137026523
14736,0,general,432,487.3093449715676
14737,1,infantry_grenadiers,330,322.8043416009354
14738,3,infantry_grenadiers,425,426.8834913631209
14739,2,infantry_grenadiers,710,685.2376852273644
14740,1,infantry_grenadiers,536,488.0985185318732
14741,0,infantry_grenadiers,400,388.0108286521856
14742,4,infantry_light,411,390.8932915823665
14743,1,infantry_line,249,261.7088870741316
14744,3,infantry_line,237,254.6074399772899
14745,2,infantry_line,274,278.6246879770096
14746,1,infantry_line,196,216.77275880096917
14747,0,infantry_line,329,338.3785253755058
14748,4,infantry_line,450,476.9924317891066
14749,2,infantry_line,356,339.4522674872783
14750,0,infantry_line,416,418.7910793318644
14751,2,infantry_line,575,613.0971652230136
14752,1,infantry_line,536,585.7425185462558
14753,3,infantry_line,460,482.9565385827601
14754,4,infantry_line,433,469.96171295598106
14755,0,artillery_foot,501,507.0487058375934
14756,1,cavalry_heavy,1244,1229.94741999011
14758,2,general,343,348.1955317550104
14759,0,general,93,112.54254403577565
14760,1,general,324,317.03156712434554
14761,0,general,542,535.021759642881
14763,3,general,1164,1172.8408946234256
14764,1,general,425,479.4467152720794
14766,3,infantry_grenadiers,425,419.0763158605599
14767,2,infantry_grenadiers,659,676.6609046828304
14768,3,infantry_light,256,224.9832656918301
14769,1,infantry_light,437,372.8844962190126
14770,1,infantry_line,119,174.10302802858646
14771,1,infantry_line,122,131.4903382628514
14772,2,infantry_line,314,299.7509388387162
14773,3,infantry_line,321,315.4604317458918
14775,1,infantry_line,220,213.84640095136749
14776,0,infantry_line,655,719.7150701299746
14777,4,infantry_line,473,463.48204859899744
14778,2,infantry_line,404,399.52676988434575
14779,3,cavalry_light,357,357.57633307290615
14780,0,cavalry_light,577,512.0338769656101
14781,3,cavalry_standard,626,602.5345850902045
14782,4,cavalry_standard,434,453.1475354312482
14783,2,cavalry_standard,710,710.8048870440653
14784,3,general,300,312.8912045010637
14786,2,general,462,404.38810759876924
14787,2,general,545,556.691305332788
14788,4,general,306,355.58467848759335
14789,4,general,568,618.3825746442433
14793,1,infantry_light,544,572.394948037066
14794,2,infantry_line,558,574.7854358592673
14795,3,infantry_line,478,517.5344926576773
14796,1,cavalry_light,570,539.8680604117926
14797,3,cavalry_light,284,290.8371941037779
14798,4,cavalry_light,267,286.6234566725446
14799,2,cavalry_light,332,334.24711681391335
14800,3,cavalry_light,331,324.2368492305709
14802,3,cavalry_light,486,491.6388349241216
14803,4,cavalry_light,383,383.39271997324875
14804,2,cavalry_standard,854,838.5416444256273
14805,0,cavalry_standard,416,421.62383971208243
14806,1,general,244,273.8271757655656
14807,3,general,521,520.1697857945168
14808,1,general,228,245.3253560673024
14809,2,general,450,405.9854929014683
14811,0,general,267,289.8207252830247
14812,0,general,724,712.7976173116198
14813,2,general,258,273.1347374768439
14814,4,general,260,271.72063043441005
14815,2,general,366,376.9493986587537
14817,4,general,622,621.5740963445485
14818,3,general,411,418.28935681039025
14819,1,general,571,615.685980060207
14820,1,general,327,339.00083771612776
14821,0,general,533,593.8873593288239
14822,1,general,275,286.3258782025846
14824,2,infantry_light,226,246.2956192683216
14825,0,infantry_light,202,212.80601549201262
14826,3,infantry_line,408,422.50423768774056
14827,1,infantry_line,582,608.596173890391
14828,1,infantry_line,350,355.4005297798696
14829,4,infantry_line,434,454.28716872249254
14830,4,cavalry_light,740,759.4462436544451
14831,2,cavalry_standard,876,868.4963269343839
14832,1,cavalry_standard,727,697.2558633549195
14833,0,general,723,764.526607175045
14834,3,general,34,76.92127641828898
14835,4,general,49,78.43918929614667
14838,1,infantry_line,104,106.77624903135909
14839,3,infantry_line,77,92.760379916148
14840,4,general,81,123.31508934120623
14841,0,general,18,90.22107040510183
14842,2,infantry_line,102,151.4182305136192
14843,4,infantry_line,125,164.70861506943243
14844,2,cavalry_light,256,263.91976946007594
14845,1,general,156,196.54221364756881
14846,4,artillery_foot,134,154.0994971660942
14847,4,cavalry_standard,601,555.0736232513403
14848,0,cavalry_standard,627,579.0696459029087
14849,2,general,636,562.6010308884165
14850,1,general,514,465.10977397290674
14851,2,cavalry_light,500,446.1979099109502
14852,1,cavalry_light,703,658.5790666878434
14853,4,cavalry_light,498,505.42823615569364
14854,2,cavalry_light,836,848.1119523513486
14855,2,cavalry_standard,391,387.6255372540127
14856,4,cavalry_standard,813,803.0206051325384
14857,4,general,705,717.8741799432156
14860,3,general,687,677.5065087340761
14861,0,general,340,355.70512582081534
14863,3,general,376,381.16856942413375
14864,1,general,532,418.9428363521766
14865,1,general,1046,1220.3334087604112
14866,1,infantry_grenadiers,752,733.4216125157166
14867,1,infantry_light,429,431.61926609167875
14870,3,cavalry_light,225,247.08574859932526
14871,2,cavalry_light,348,350.4463279197516
14872,3,cavalry_standard,889,886.072505032039
14873,0,cavalry_standard,567,537.2604870792692
14874,1,general,813,841.6740312777814
14875,4,general,93,160.30097358725635
14877,3,general,458,434.53738811814
14878,0,general,593,608.8562703231686
14879,2,infantry_grenadiers,571,531.1177745698134
14880,3,cavalry_standard,736,727.034560937318
14882,1,general,285,299.69974170337514
14883,4,general,670,685.3928443022904
14884,1,cavalry_standard,830,805.1952303233976
14886,0,general,301,337.15845179544425
14887,2,general,701,641.7179348512678
14889,1,cavalry_standard,361,378.54522487119704
14891,3,general,665,630.4308975818927
14892,3,cavalry_standard,535,493.5256511644745
14893,0,cavalry_standard,632,583.0492626066081
14894,4,general,567,536.7595706810974
14895,0,general,388,355.947900726625
14896,0,cavalry_standard,690,651.7974206721216
14897,2,cavalry_standard,937,946.0885757260735
14900,2,cavalry_standard,342,324.05456414166855
14901,4,cavalry_standard,341,328.0978719883616
14903,2,general,372,333.03192683709557
14905,0,cavalry_light,759,825.0533705947919
14906,3,general,1406,1650.7285743630152
14907,2,general,628,706.6707086722471
14908,3,general,787,952.7732737981787
14909,3,artillery_horse,810,890.6135231450238
14910,2,artillery_horse,444,443.7873927955093
14911,3,cavalry_light,342,339.18224411562727
14912,4,cavalry_light,263,288.6956497153126
14913,2,general,256,269.2407944948442
14914,3,general,219,237.23638305906448
14916,4,artillery_foot,934,910.6947591956842
14917,1,artillery_foot,914,857.8009579499948
14918,1,artillery_foot,300,296.7196421072461
14919,4,artillery_foot,301,298.00553372452595
14921,2,artillery_foot,542,543.8893978259438
14922,0,artillery_foot,537,539.2749709494321
14923,2,artillery_foot,776,688.4786959434924
14924,3,artillery_foot,554,574.9639987793605
14925,3,artillery_foot,51,67.85636601608809
14927,0,artillery_foot,383,351.0597205659955
14928,2,artillery_foot,611,599.2009954806994
14929,3,artillery_foot,453,479.72633653025065
14930,3,artillery_foot,579,610.0988018053564
14931,0,artillery_foot,847,838.7921989568584
14933,2,artillery_foot,864,760.2806158727108
14934,1,artillery_foot,280,269.583963366511
14935,4,artillery_horse,843,872.929476541151
14937,4,artillery_horse,923,1006.5623120836922
14938,2,artillery_horse,1409,1493.004507117031
14939,3,artillery_horse,837,889.4822964902115
14940,1,artillery_horse,807,812.5612504819284
14941,2,artillery_horse,428,431.56876610711487
14942,3,artillery_horse,784,846.3836741204868
14944,1,general,1649,1915.6392133447632
14945,4,general,739,756.0969849064901
14946,2,general,761,777.000489671988
14947,2,general,399,406.92595449250706
14948,0,general,216,234.46987519352018
14949,4,general,83,127.58000615272294
14950,0,general,679,691.938255232233
14951,0,general,707,754.8335569060387
14952,3,general,1253,1301.0180140796133
14953,4,general,1,1.0
14955,0,general,950,941.1193937545185
14956,2,general,570,612.3356436175941
14957,4,general,570,608.6459811913187
14958,2,general,783,898.926643625469
14959,3,general,335,402.7779771586323
14960,1,general,853,889.3927751466404
14961,2,general,570,612.3356436175941
14962,2,general,1006,1073.4717666622255
14967,2,infantry_skirmishers,149,178.42377556055075
14968,2,infantry_skirmishers,135,154.0650366692766
14969,2,infantry_skirmishers,135,154.0650366692766
14970,2,infantry_skirmishers,135,154.0650366692766
14972,3,infantry_skirmishers,217,215.04928575805553
14973,4,cavalry_heavy,1123,1320.3020155371119
14974,4,cavalry_heavy,821,1006.4670190072563
14975,4,cavalry_light,282,298.3267483115715
14976,0,cavalry_light,701,557.1259430643962
14977,4,cavalry_light,824,744.3840359579946
14979,2,cavalry_standard,838,726.6421021870734
14980,3,cavalry_standard,696,606.3571439790476
14981,3,general,962,1145.8788582650625
14982,0,general,639,485.90375324460445
14983,3,general,794,801.8670812779312
14984,3,general,493,457.9537388345997
14985,4,general,161,197.54945056798525
14986,4,general,671,707.3738843575535
14987,0,general,283,254.30187773722548
14988,2,general,324,352.4705449162794
14989,0,general,699,587.3720267087592
14990,1,general,661,569.4666731266349
14991,3,general,635,551.1571509661153
14993,4,general,724,762.220430863491
14994,3,general,970,992.9045062256688
14995,3,general,708,573.7695484824334
14996,3,general,1050,1089.2728986677755
14997,0,general,504,577.9371518056548
14998,0,general,563,707.4227258232287
14999,2,general,367,317.4685501790296
15000,3,general,818,840.7460197571718
15001,1,infantry_grenadiers,926,927.5075139924938
15002,0,infantry_light,313,333.3475292518538
15003,3,infantry_light,402,397.43125206234055
15004,1,infantry_light,484,439.1313664230464
15005,2,infantry_light,690,648.5316319784421
15006,2,infantry_light,833,817.9024800608396
15008,0,infantry_line,337,295.95092149922084
15009,3,infantry_line,787,851.4050751254591
15010,2,infantry_line,622,719.8947470659612
15011,0,infantry_skirmishers,216,167.08659319287042
15012,0,infantry_skirmishers,206,205.74069774042863
15014,3,cavalry_light,458,478.5774599272727
15016,3,cavalry_light,841,902.1824603197249
15017,1,general,1312,1421.921973722186
15018,1,general,1299,1198.9358278116895
15019,0,general,37,98.44882048375376
15020,2,general,211,192.66226421817834
15021,3,general,81,113.75599798874815
15022,3,general,63,97.8209638114838
15023,3,general,958,942.7483317405604
15026,4,general,21,67.11252385638618
15030,2,infantry_light,154,151.7264768460267
15031,3,infantry_light,148,163.75896278190527
15032,0,infantry_light,469,427.84476908650265
15033,4,infantry_light,433,373.3676223948437
15035,4,infantry_line,185,195.5620419108679
15036,0,infantry_line,120,141.10804208140343
15037,4,infantry_line,256,375.71142611449466
15040,3,cavalry_light,677,670.0988538157715
15041,4,cavalry_light,342,350.99993764916144
15042,0,cavalry_light,937,987.9952444382004
15043,0,cavalry_standard,1183,1143.3512213276783
15044,4,general,205,220.6222062881661
15045,3,general,188,277.5327628439424
15046,4,general,310,328.95106288543286
15047,4,general,56,93.30594522076949
15050,3,general,754,729.4888596158341
15051,4,general,562,559.5457342405176
15052,0,general,255,350.01348215704326
15053,3,general,78,116.79073644207102
15054,3,infantry_grenadiers,281,299.78101440167865
15056,1,infantry_grenadiers,371,467.44925237499166
15057,1,infantry_light,271,251.8500993752945
15058,0,infantry_line,157,150.90023590606552
15059,3,infantry_line,186,195.68352739471106
15060,4,infantry_skirmishers,159,121.90953731780726
15061,1,general,32,72.51993260515079
15064,2,general,23,70.31945142357357
15065,1,infantry_line,166,153.147358961649
15066,1,infantry_line,124,121.0401244112145
15068,1,artillery_foot,195,198.06802207301885
15069,0,artillery_foot,303,336.27618876241263
15070,0,general,84,133.12437269074113
15071,2,general,393,418.7591972701627
15072,4,cavalry_heavy,1491,1481.9089238416584
15073,0,cavalry_standard,1120,1086.1271423961198
15074,0,general,408,373.11994891552064
15076,1,general,364,315.52225645414705
15077,4,general,69,99.34612167295666
15078,4,general,274,283.1923612023017
15079,2,general,1317,1296.7552435575305
15080,1,general,285,293.68586718298735
15081,3,general,391,457.8757731308365
15082,2,general,330,320.2550503902031
15083,4,general,975,932.8498611878955
15084,0,general,1260,1224.971247892732
15085,4,general,712,868.2904310404823
15086,3,general,497,571.8447267009128
15087,0,general,405,440.8412454555129
15088,4,general,407,437.5715172043394
15089,1,general,243,251.50835805151888
15091,4,infantry_grenadiers,409,474.9734476571913
15093,2,infantry_grenadiers,379,367.52682259066887
15094,0,infantry_grenadiers,412,477.33615343540487
15095,1,infantry_light,301,295.82471745081136
15096,2,infantry_light,361,311.1840482018535
15097,3,infantry_light,322,307.7318780285949
15099,4,infantry_line,144,144.43869621024564
15100,3,infantry_line,185,191.17174142099347
15101,2,infantry_line,470,502.23099875291916
15103,0,infantry_line,525,572.8766638912765
15104,2,general,189,189.93597811702048
15105,4,general,165,181.166781655976
15106,1,general,230,231.7649402936671
15107,3,general,209,207.16889761383146
15109,1,general,374,317.7902463931029
15110,4,general,417,369.1373393635537
15111,2,general,297,268.5410356326662
15112,2,general,208,185.254732276981
15113,3,general,628,596.8920871240585
15114,0,general,125,143.7527050495787
15115,4,general,734,674.9597987473974
15116,4,general,438,471.2959846693355
15118,0,general,623,590.6490782438574
15123,1,general,429,442.64729844614925
15124,0,general,362,308.59119323944805
15125,0,general,183,178.2047087480405
15127,4,infantry_grenadiers,283,285.0653690027415
15128,4,infantry_grenadiers,596,592.8203849217355
15129,4,infantry_grenadiers,534,491.57771402503386
15130,4,infantry_grenadiers,676,679.5379187659701
15131,4,infantry_light,478,449.77101003771935
15132,2,infantry_line,355,340.60308979865954
15133,0,infantry_line,223,224.15034493108135
15134,0,infantry_line,307,294.74625986370137
15135,4,infantry_line,326,297.53295059718283
15136,0,infantry_line,207,211.69985343869004
15137,2,infantry_line,227,225.78971424824655
15138,2,infantry_line,295,295.64323655205794
15139,3,infantry_line,490,508.11003908623377
15140,1,infantry_line,288,267.68505484794133
15141,2,infantry_line,451,464.5359744637202
15142,2,infantry_line,512,515.433031228329
15143,4,infantry_line,413,399.9062734950408
15145,1,artillery_foot,1211,1011.8799416604811
15146,4,cavalry_light,517,525.7720164794902
15147,0,cavalry_light,368,356.592437629058
15148,2,general,66,83.40803828043694
15149,3,general,304,283.74961047134843
15151,2,general,1713,1520.9451382973368
15152,1,general,272,274.996526882486
15153,0,general,73,88.13133562048148
15154,1,general,79,120.68312310878625
15157,4,general,164,137.2260017300216
15158,4,general,491,405.5598015044246
15159,1,general,322,416.7267160790404
15160,0,general,247,216.32275454963477
15161,3,general,893,862.3399129314782
15162,3,general,1196,1387.2536207488095
15163,3,infantry_grenadiers,357,355.41090201760153
15164,3,infantry_grenadiers,948,904.0339835162816
15166,4,infantry_light,210,195.4141141239618
15167,1,infantry_line,268,233.00243706678464
15168,2,infantry_line,142,133.89212076015906
15171,2,infantry_line,739,764.6612203042744
15172,1,infantry_line,318,284.3657166754855
15173,3,infantry_line,254,218.4868890800601
15174,3,infantry_line,392,511.3235625203772
15175,4,infantry_skirmishers,156,121.21687426538654
15176,2,general,69,93.84159415862408
15177,1,general,150,155.1744042580295
15179,0,general,268,352.16265225934444
15180,3,general,196,298.79571902738763
15181,1,infantry_grenadiers,339,410.346887693804
15182,0,infantry_grenadiers,268,343.74963910843866
15183,2,infantry_line,167,167.67288700985435
15184,0,infantry_line,251,246.32477533906138
15186,3,artillery_foot,333,338.75212334806434
15187,4,general,433,421.44726733214276
15188,0,artillery_foot,794,716.0628789478418
15189,2,cavalry_heavy,2404,2300.65078163229
15191,4,cavalry_light,893,904.8600581556144
15192,2,cavalry_standard,1339,1350.0167903072766
15193,4,general,413,423.85377067807144
15194,2,general,70,105.71085908592961
15196,1,general,715,647.6145542198972
15198,3,general,185,171.49177545880454
15199,3,general,323,306.5247559035426
15200,0,general,1126,1151.952665452922
15202,2,general,278,241.8022371282568
15203,1,general,2164,2202.8068521503856
15205,1,general,406,373.99161623744953
15206,3,general,336,316.43878089262404
15208,3,general,216,179.82567037863936
15210,2,general,976,1174.7250800756126
15211,2,infantry_grenadiers,392,372.3196214334217
15212,2,infantry_grenadiers,823,780.1653633779742
15213,4,infantry_light,453,427.9320509725301
15214,1,infantry_light,388,384.1930855508655
15215,3,infantry_light,441,425.64850932619055
15216,2,infantry_light,489,433.54649546285214
15218,4,infantry_line,279,266.00082300451487
15221,2,infantry_line,132,164.12146575371617
15222,2,infantry_line,205,180.5513178842549
15225,0,cavalry_lancers,1103,1216.4989158083883
15228,3,cavalry_light,482,430.6544314348948
15229,3,general,650,700.6813108159664
15230,3,general,104,134.39996004336857
15231,1,general,348,289.92243950188885
15232,1,general,1481,1895.1215012061207
15233,4,general,68,109.63507177389796
15234,3,general,673,638.7956325867262
15235,3,general,57,83.65630066117052
15236,4,general,225,214.86361027301777
15237,3,general,310,290.2387836773714
15238,3,general,184,174.0245173592528
15239,4,general,176,157.748322090262
15241,4,general,65,93.07820404736574
15242,0,general,297,253.18527350377556
15245,1,general,225,197.63665141410493
15246,2,infantry_grenadiers,415,396.7551627338922
15248,2,infantry_light,163,159.37927643991944
15249,4,infantry_line,287,276.87892844237047
15251,0,infantry_line,290,258.3763849257708
15252,1,infantry_line,271,237.90794805112174
15253,1,infantry_line,168,175.53869289462068
15254,4,infantry_line,232,220.44349257026164
15255,3,infantry_line,576,597.2215180407824
15256,4,infantry_line,330,306.4143412200052
15257,0,cavalry_heavy,673,816.6110150471131
15258,4,cavalry_light,317,321.341544956757
15259,2,cavalry_standard,824,758.3142513305706
15262,1,general,496,600.1587017090475
15263,3,general,679,680.0401011425403
15264,0,general,323,317.91853511699634
15266,3,infantry_line,498,485.5790603311067
15267,4,cavalry_heavy,1324,1318.4693454073124
15268,0,cavalry_heavy,2151,2118.5717381499967
15269,0,cavalry_heavy,1409,1415.9392037623782
15270,1,cavalry_heavy,1221,1233.6762449307753
15271,3,general,1185,1219.271677158041
15273,0,general,2040,2193.0414514872527
15274,0,general,1373,1348.7489247362644
15275,0,cavalry_heavy,1542,1481.3623347250223
15277,2,cavalry_heavy,1436,1375.9424045898757
15278,2,cavalry_heavy,1624,1650.6439413958858
15279,3,general,1107,1049.8566999967838
15280,4,general,1729,1815.686663753091
15281,0,general,1269,1215.626635104442
15283,2,general,1456,1415.7646686470182
15284,0,infantry_light,301,304.8082905028798
15285,2,infantry_light,288,269.5064544522088
15286,4,general,168,168.0605396476039
15287,4,general,76,112.49130443039074
15288,1,infantry_line,131,154.98270637667522
15289,3,infantry_line,116,160.86137176463123
15290,4,general,48,89.22191752065436
15292,2,infantry_line,112,140.90124383074897
15294,2,infantry_light,525,477.17602817776213
15295,1,cavalry_light,510,532.2917551725299
15297,1,general,189,173.79444592462866
15298,0,general,234,195.94737865468664
15299,3,general,590,538.5248381941292
15301,3,infantry_light,537,482.7823561842503
15302,1,infantry_light,285,341.98573241467193
15303,1,infantry_line,199,186.6735215057424
15304,4,infantry_line,249,223.53639461058552
15307,4,cavalry_light,468,488.5458123919103
15308,4,cavalry_standard,1085,1039.3945066547296
15310,0,general,288,284.8804181952888
15312,4,general,214,232.3229047884243
15313,0,infantry_light,339,342.4860800590209
15314,4,general,124,134.56839153869248
15315,3,infantry_line,225,226.52577208419265
15316,3,infantry_line,174,175.38115906202785
15317,1,general,169,153.78936448575354
15318,4,infantry_line,124,152.59080339527992
15319,1,infantry_line,110,141.4976370402319
15320,3,cavalry_light,365,352.5179416827441
15321,3,cavalry_light,384,368.409625399869
15322,4,general,398,349.12680171132394
15323,1,general,238,232.45526193423274
15325,3,cavalry_heavy,1697,1610.9351821216144
15327,0,general,1796,1751.5775768192934
15329,3,artillery_foot,183,232.2935388970954
15330,3,artillery_foot,467,438.9311776304331
15331,2,artillery_foot,486,445.91370623653427
15332,3,artillery_foot,1628,1380.7418638061167
15333,4,artillery_foot,881,856.3953873302933
15334,2,artillery_foot,1249,1054.6431784054187
15335,0,artillery_foot,794,716.0628789478418
15336,2,artillery_foot,1197,1013.8882894892243
15337,2,artillery_foot,1127,1023.9503274215934
15339,4,artillery_foot,1268,1170.1336137432593
15340,2,artillery_foot,274,237.03946766272168
15341,0,artillery_horse,757,773.4831116031279
15342,2,artillery_horse,83,94.22361245956138
15344,4,artillery_horse,623,607.7112131305906
15345,1,artillery_horse,614,573.9196308175224
15346,2,artillery_horse,606,568.4597928552968
15347,3,artillery_horse,515,491.2131942565835
15348,2,artillery_horse,497,474.2062134871116
15349,1,artillery_horse,950,973.1411728468022
15350,2,artillery_horse,626,679.7599572997314
15351,3,general,1071,949.9013816360537
15352,2,general,741,737.4402332830249
15353,4,general,407,384.4468748198793
15354,3,general,336,280.9883811915995
15355,0,general,281,282.60130363294115
15356,0,general,281,282.60130363294115
15357,0,general,748,694.0743121060863
15358,3,general,159,160.3186149270205
15359,0,general,920,909.7840267602601
15361,2,general,1141,1143.43987267426
15362,4,general,870,853.3825954345102
15363,0,general,27,158.70512644728242
15364,1,general,1109,1072.5712272992514
15366,2,general,1308,1292.7897931163106
15367,2,general,117,86.25112252037411
15369,2,infantry_grenadiers,265,252.20225776026422
15370,3,infantry_grenadiers,258,270.4627226230511
15371,0,infantry_grenadiers,290,285.29340116477175
15373,4,infantry_skirmishers,82,92.15439274460086
15374,4,infantry_skirmishers,337,312.420529777407
15375,4,infantry_skirmishers,339,314.4013106890026
15376,1,infantry_skirmishers,304,281.72428227530844
15377,0,infantry_skirmishers,187,203.89783037950113
15378,0,infantry_skirmishers,188,236.67212472925198
15379,3,infantry_skirmishers,176,188.55479539061182
15380,4,artillery_foot,601,576.926770924038
15382,0,general,315,286.22446474725956
15383,1,general,119,128.10774347304022
15384,1,general,241,215.04419051988944
15386,3,general,130,148.18924797460292
15387,3,general,128,136.3856020224103
15390,0,general,383,482.41904473455844
15391,0,general,169,151.97574095546926
15394,3,general,501,432.4501248278314
15395,4,general,410,394.5302574575182
15396,4,general,537,431.2227586271743
15397,3,general,444,447.06229402833696
15398,1,general,485,587.3659822861772
15400,3,general,406,393.5159991978515
15402,4,general,792,809.8343013094865
15403,1,general,754,765.6630943616442
15405,3,general,302,412.2163553169802
15406,0,general,880,806.1607754939504
15407,3,general,250,234.607561714173
15408,3,general,647,641.6099536688668
15409,4,infantry_grenadiers,471,458.1710383858241
15410,4,infantry_grenadiers,617,604.6966468453259
15411,0,infantry_grenadiers,801,752.9112114824073
15413,4,infantry_light,392,391.5696298752088
15414,3,infantry_light,426,423.34269849098524
15415,1,infantry_light,189,217.64438250529346
15416,3,infantry_light,572,561.5984579902313
15417,3,infantry_light,294,372.31248669749147
15418,1,infantry_light,344,344.32367742972673
15419,4,infantry_light,496,497.31379569983653
15420,4,infantry_light,554,640.7576601402392
15421,0,infantry_line,163,167.02337569165226
15422,1,infantry_line,229,217.3401168269754
15423,2,infantry_line,334,331.7426978658227
15424,4,infantry_line,182,171.21790234962108
15425,1,infantry_line,328,295.4267509684462
15427,2,infantry_line,397,387.01361427280665
15428,2,infantry_line,313,410.6613890596072
15430,3,infantry_line,465,441.92275681317415
15431,3,infantry_line,366,326.86539003745446
15432,4,infantry_line,319,307.7443220501923
15433,2,infantry_line,739,688.0475028672637
15434,4,infantry_skirmishers,288,240.82620125350186
15436,1,general,119,125.86111980571921
15437,3,general,617,565.1439926813242
15438,1,general,205,190.65035366693252
15439,0,general,72,102.11401212654889
15441,1,general,191,191.17799887335204
15442,3,general,168,177.8752164244947
15443,1,general,158,153.24959720559025
15444,0,general,108,127.4596951288173
15445,4,general,208,210.01187116462376
15447,0,general,320,368.4349179206096
15448,4,general,132,131.52904512359382
15449,3,general,437,455.7691273898027
15450,2,general,288,283.93907239460594
15451,0,general,415,410.54706372760603
15452,1,general,589,565.0522017684305
15455,1,infantry_grenadiers,580,544.1428219112867
15456,0,infantry_light,467,395.74086973217203
15457,0,infantry_light,275,268.0108344608413
15458,4,infantry_light,570,555.9981891331171
15459,4,infantry_line,249,235.40428604627397
15460,3,infantry_line,224,208.0855780657868
15462,0,infantry_line,222,213.5880900545783
15463,4,infantry_line,206,205.41733940819404
15464,4,infantry_line,287,336.52869702308345
15465,3,infantry_line,429,430.69150575910413
15467,1,infantry_line,401,400.17491994204585
15468,4,infantry_line,396,388.8512357396331
15469,1,infantry_line,237,219.65948944250852
15470,0,infantry_skirmishers,184,187.81633109592036
15471,1,infantry_skirmishers,262,275.723620509836
15473,4,general,251,225.48826117903954
15474,3,general,190,173.34009483568562
15475,3,general,501,514.520553294318
15476,0,general,220,231.11622791867407
15477,0,general,554,592.8717838290494
15478,2,general,651,688.7826488549555
15481,0,infantry_light,364,349.62572779951694
15482,3,infantry_line,296,275.06912558027057
15483,3,infantry_line,477,474.57788688374836
15484,0,infantry_skirmishers,223,161.61400679311822
15485,0,infantry_skirmishers,332,356.88413264392574
15486,0,artillery_foot,732,729.940923161829
15487,2,artillery_horse,842,848.7827062876987
15488,0,cavalry_light,280,289.03758909929843
15489,4,cavalry_standard,988,1111.5323054009375
15490,1,general,985,1134.0758339538997
15491,4,general,141,189.20226806493957
15493,2,general,247,223.25539234399213
15494,4,general,122,148.50222342563725
15496,3,general,394,382.9833000706942
15497,2,general,140,178.00973750604578
15498,4,general,101,112.95052910171079
15500,0,general,261,229.641389178391
15501,0,general,113,146.67811538857987
15502,1,general,207,182.2748646611671
15503,2,general,338,286.7540943951777
15504,1,general,98,137.59953658497588
15506,3,general,264,274.82560691724694
15508,0,general,218,229.3019761515876
15509,2,general,342,397.727508025532
15511,4,general,244,215.65415373724363
15512,0,general,153,176.08908942703337
15513,3,general,154,147.85487180100358
15514,0,general,283,259.5932659366269
15515,1,general,245,222.86924098261403
15516,0,general,259,255.05545265075318
15518,3,general,274,239.0484983388118
15519,4,general,232,207.762583708115
15522,2,general,206,190.8698114395545
15523,3,general,274,239.0484983388118
15525,3,infantry_grenadiers,576,478.5183996343322
15527,0,infantry_light,172,175.29958117467234
15528,2,infantry_light,449,399.5305142651388
15529,3,infantry_light,315,330.47260008500075
15530,0,infantry_light,348,322.17779592155523
15531,4,infantry_line,315,301.97608545901295
15532,0,infantry_line,203,189.1248967181309
15534,0,infantry_line,182,212.6363599254926
15535,1,infantry_line,362,334.00371705687286
15536,4,infantry_line,173,197.05824686490115
15538,3,infantry_line,369,351.4195388554292
15539,4,infantry_line,247,221.12109114712413
15540,3,infantry_line,459,567.69350759502
15541,2,infantry_line,318,290.7746153308463
15542,4,infantry_line,314,283.4507670596501
15544,0,infantry_line,269,247.47082970165306
15545,1,infantry_line,306,276.6264305120994
15546,3,infantry_line,409,445.29123883802646
15547,4,infantry_line,330,321.53782797515896
15548,1,infantry_skirmishers,309,292.3153537746366
15549,3,infantry_skirmishers,292,271.9685338858489
15550,3,infantry_skirmishers,178,130.8633860134227
15551,4,infantry_skirmishers,201,178.94320574550628
15552,3,artillery_foot,196,209.5096468460294
15553,4,artillery_foot,381,435.2509673748128
15554,4,artillery_horse,635,610.5785226392742
15556,2,general,202,191.63321486660482
15557,3,general,136,142.56732623345007
15558,0,general,404,363.7587740517814
15559,0,general,300,286.94285815640325
15560,3,general,493,496.1564656500011
15561,0,general,355,344.3379748234984
15563,0,general,199,216.00881451055045
15565,4,general,67,131.45209861455973
15566,4,general,226,214.10201423610386
15568,3,general,58,87.36390990440715
15569,2,general,127,130.39449281175845
15572,2,general,391,375.0796806554221
15573,1,general,465,544.704896891555
15574,4,general,411,447.3785521024515
15575,2,general,439,457.8683139601185
15576,4,general,184,228.04895901385518
15577,2,infantry_grenadiers,337,319.38131466177464
15578,0,infantry_grenadiers,342,335.5656563617073
15579,2,infantry_light,408,390.4425066774271
15580,2,infantry_light,212,241.14487794709964
15582,1,infantry_light,528,578.3077728233735
15584,2,infantry_line,243,229.08091006578235
15585,4,infantry_line,225,202.53649296978423
15586,2,infantry_line,206,197.20270456036
15587,3,infantry_line,187,190.9277684363105
15588,1,infantry_line,286,276.03269467410723
15589,3,infantry_line,128,150.9827461201992
15590,1,infantry_line,162,146.30460067960882
15591,3,infantry_line,165,172.83539718891504
15592,1,infantry_line,119,112.18458977787435
15593,1,infantry_line,499,504.77536498745945
15594,1,artillery_horse,366,357.82317925867864
15596,0,cavalry_light,420,385.8192848581808
15597,4,general,291,269.843822599998
15598,3,general,65,83.16890577064677
15599,2,general,474,414.1481146574095
15601,1,general,133,147.5797226029609
15602,0,infantry_grenadiers,298,294.93598846418917
15603,2,infantry_line,139,119.1101800071314
15604,0,infantry_line,357,340.38008557146986
15606,1,artillery_foot,285,256.7832189256265
15607,1,cavalry_standard,690,745.5813438214054
15608,3,general,575,603.2687207280072
15609,2,general,154,155.66645356597886
15610,2,general,154,155.66645356597886
15611,4,general,449,471.1839364355566
15612,1,infantry_grenadiers,222,219.7590945412032
15614,4,infantry_line,220,210.2658784576243
15615,2,infantry_skirmishers,186,214.3242596770286
15616,3,cavalry_light,559,539.1551891925657
15617,4,cavalry_standard,584,668.3998836942233
15618,0,cavalry_standard,703,823.0143729594079
15619,3,general,245,232.4594846707812
15620,2,general,545,629.507089609906
15621,3,general,240,239.641325146847
15622,1,general,236,210.15834589157444
15623,1,general,474,527.5489937721578
15624,4,general,415,411.10318984079373
15625,4,general,191,204.60612798464416
15626,0,general,402,379.16416997052715
15627,0,general,112,146.91356466606223
15628,4,general,584,566.3132201887064
15629,4,general,464,453.7553536413348
15630,3,general,675,766.1328815969
15631,3,general,359,355.2404751286153
15632,1,general,620,667.7076672356785
15634,3,general,205,200.65853438085006
15635,2,general,880,815.3019314526227
15636,3,general,168,163.4490286007549
15637,1,general,240,209.34548319747222
15639,0,general,561,597.716165328026
15640,2,general,328,279.57100945785953
15641,4,general,80,126.32506837364792
15642,2,infantry_grenadiers,479,384.14381930639314
15643,2,infantry_grenadiers,823,750.9744822396581
15644,0,infantry_light,344,345.38855634340365
15647,3,infantry_line,300,260.76187270462884
15648,1,infantry_line,187,199.96210551955107
15649,3,infantry_line,189,209.095240612528
15651,0,infantry_line,534,530.5255466628512
15652,1,infantry_line,374,342.3956672686752
15653,2,infantry_line,355,300.4983716720911
15654,2,infantry_line,353,321.3714195781524
15656,4,infantry_line,545,480.09152089352057
15658,1,artillery_foot,632,583.4631496155457
15660,1,cavalry_light,758,676.4354771596229
15661,1,cavalry_light,588,457.8939622864467
15662,2,cavalry_light,380,361.41206921288756
15663,3,cavalry_light,707,660.9247926809612
15666,4,cavalry_standard,384,426.5526989352898
15667,0,cavalry_standard,782,901.55098131077
15668,2,general,688,595.0131583502745
15669,1,general,175,191.2082942342684
15670,2,general,250,243.94889489959826
15671,0,general,216,201.956971708161
15673,0,general,380,410.53230050972354
15674,0,general,343,271.46396466316185
15675,4,general,591,571.2288698646704
15677,2,general,310,295.6047921943006
15678,2,general,135,125.06609074538315
15679,3,general,217,260.519465544081
15680,4,general,180,214.77172079094112
15681,1,infantry_grenadiers,372,341.6774189185129
15682,0,infantry_line,319,306.7672904502005
15683,3,infantry_line,163,154.7988324919764
15684,1,infantry_line,227,221.93191702354923
15685,2,infantry_line,293,311.0121758014779
15686,2,cavalry_standard,928,1042.6198054733557
15687,0,cavalry_standard,643,651.1296231077586
15688,1,general,412,388.13748534486
15690,2,general,753,821.8644743023139
15691,0,infantry_line,392,371.7791621767964
15692,2,cavalry_standard,357,392.9733217750271
15693,4,cavalry_standard,357,395.08376959580823
15694,2,general,389,403.8599576369397
15696,3,general,251,256.2966952698502
15698,0,cavalry_light,263,295.67491593451865
15699,2,general,68,135.40460531649393
15700,2,general,86,154.797523297261
15701,2,general,147,154.61337082645295
15702,1,general,133,184.37445571810008
15703,0,general,152,196.2400581987091
15704,0,general,228,209.04892543222675
15705,0,infantry_light,205,237.410721388292
15706,2,infantry_light,194,252.82074083048116
15707,4,infantry_light,148,198.38653760936913
15708,2,infantry_line,251,239.9588046324446
15709,1,infantry_line,109,134.49494922486582
15710,1,infantry_line,234,236.35431766683297
15712,2,cavalry_heavy,1165,1020.9449606598878
15713,4,cavalry_lancers,847,872.1958861150596
15714,4,cavalry_lancers,1019,1031.9072550357819
15715,3,cavalry_light,836,724.3030637224842
15716,1,cavalry_light,805,757.344594339976
15717,1,cavalry_light,1158,1268.8181051065185
15720,0,general,621,514.4048639055635
15722,1,general,1157,1374.1729676307216
15723,4,general,966,817.3923759327931
15724,0,general,116,138.9852378852664
15725,4,general,682,626.1802582653726
15727,0,general,944,849.2209667319664
15728,4,general,255,231.51864426107824
15729,4,general,391,351.4669482192789
15733,0,infantry_line,203,197.10607477314028
15734,1,infantry_line,155,142.73967163462729
15736,3,infantry_line,249,234.10767492527012
15737,2,infantry_militia,94,114.66778224709392
15738,3,infantry_militia,120,135.31752530448492
15739,2,infantry_militia,116,163.91210215753063
15740,0,cavalry_standard,328,371.31512092896156
15741,1,general,97,151.45501828731074
15742,2,general,121,167.783788933423
15746,3,infantry_line,229,268.3741285691521
15748,2,infantry_line,400,326.90924628636986
15750,1,general,209,195.2098889366695
15752,1,infantry_line,276,262.88772196067833
15753,3,infantry_line,157,128.46691260786145
15754,1,artillery_horse,507,470.8519437087623
15755,3,cavalry_light,392,373.46416478913073
15757,2,cavalry_light,292,294.98900002584503
15758,3,cavalry_standard,688,721.2544753652382
15761,0,general,100,102.2472014253765
15762,0,general,470,429.6947017651222
15763,2,general,148,182.53984760253553
15764,0,general,267,270.25884250644606
15765,4,general,578,586.8930274652564
15767,0,general,737,809.1629119276281
15768,4,infantry_light,214,230.43252782168977
15769,0,infantry_line,140,130.73173209327712
15770,0,cavalry_standard,503,510.9844822898151
15771,1,cavalry_standard,439,457.9782115804028
15772,4,general,313,345.2885065629371
15773,2,general,456,457.1176391987807
15774,0,cavalry_standard,906,1000.0021436426292
15775,1,cavalry_standard,811,843.5662962645733
15776,4,general,688,690.046328454326
15778,1,cavalry_standard,880,974.1553910290487
15779,2,cavalry_standard,603,644.6333297061574
15780,0,cavalry_standard,695,798.361309555493
15781,3,cavalry_standard,810,870.285198222668
15782,0,general,649,692.3326560132739
15783,4,general,626,727.8867339378686
15785,0,general,875,972.8044102973679
15786,2,general,212,206.94243598493838
15787,3,general,228,238.4443512099402
15788,1,infantry_line,223,221.72364711583154
15789,3,infantry_line,248,244.6259121978807
15792,4,cavalry_standard,768,797.2405662022085
15793,2,cavalry_standard,870,994.3190594519128
15794,2,cavalry_standard,934,1053.2049978953814
15795,4,cavalry_standard,573,572.3264692626949
15796,1,general,764,767.4365665102451
15797,4,general,865,1036.8668165538795
15798,1,general,993,1161.4618550863415
15799,0,general,435,463.20870720541535
15800,1,general,26,87.67200512005161
15801,0,general,378,408.61716229798276
15802,0,infantry_line,130,127.76676227362974
15803,0,infantry_line,234,207.6476647142356
15804,1,infantry_line,87,98.25261843689702
15805,4,infantry_line,107,128.4121519963934
15806,4,artillery_foot,1136,1134.9727464375744
15807,2,artillery_foot,356,339.3908158175173
15809,2,artillery_foot,917,922.7795532199054
15811,4,artillery_foot,505,555.202590932124
15812,0,artillery_foot,502,562.3869426621035
15814,2,artillery_foot,678,660.7155182544999
15815,4,artillery_foot,1413,1318.405956518897
15816,3,artillery_foot,325,330.7523816638408
15818,4,artillery_foot,483,537.5158098169277
15819,3,artillery_foot,319,325.50112543268875
15820,1,artillery_foot,606,625.7701930535171
15823,3,artillery_foot,467,457.9917157232961
15824,0,artillery_foot,449,467.72600311168094
15825,0,artillery_foot,289,279.82919440342084
15826,4,artillery_horse,576,571.6331121921276
15827,4,artillery_horse,915,921.4489592777863
15828,1,artillery_horse,486,447.1990356681413
15830,3,general,323,319.7329196686912
15831,4,general,1569,1713.5586862631576
15832,2,general,424,479.2861771218402
15833,3,general,336,370.35067548153273
15834,3,general,1453,1445.3106024384583
15835,0,general,281,282.3739009886645
15836,0,general,583,563.53659810471
15837,0,general,281,282.3739009886645
15838,3,general,159,160.26778402488415
15839,2,general,420,420.39743500116913
15840,2,general,466,493.83679264098436
15841,2,general,741,736.9892345068231
15842,3,general,159,160.26778402488415
15843,3,general,159,160.26778402488415
15844,1,general,574,563.5488407627547
15845,1,general,574,563.5488407627547
15846,3,general,159,160.26778402488415
15849,4,infantry_skirmishers,233,215.72707744057
15851,3,infantry_skirmishers,185,184.01221378399066
15852,4,infantry_skirmishers,302,279.35430080291593
15855,0,general,393,379.0795155736631
15857,0,general,638,624.275887967665
15858,1,general,806,825.3045853766961
15860,3,general,911,985.0439806762381
15862,1,general,1239,1371.5602022942696
15863,4,general,622,577.6578777353453
15864,1,general,802,822.5587185114442
15865,0,general,831,832.2811097114273
15866,2,general,359,262.75554633333024
15867,4,general,415,322.6795437772124
15868,3,infantry_grenadiers,711,741.902815178086
15871,1,infantry_light,1018,1090.8607581193628
15872,4,infantry_light,736,752.4208936421026
15873,3,infantry_line,282,273.63474558232923
15874,2,infantry_line,522,531.9074437130232
15877,2,general,437,435.2551092343231
15879,0,general,247,212.81867077933984
15880,3,general,109,128.78178022047481
15881,0,general,184,187.99221312726024
15882,1,general,314,246.82630374346604
15883,1,general,495,444.9720991425008
15884,3,general,488,430.74017121105817
15885,4,infantry_light,424,449.7671161614218
15887,1,infantry_line,308,296.42842988880545
15888,3,infantry_line,223,235.15072830610973
15890,4,infantry_line,355,349.54412014235413
15891,1,infantry_line,478,448.3908384451454
15892,0,infantry_line,613,612.2894651923857
15893,0,infantry_line,546,551.3350075483319
15895,2,general,118,122.37598103804767
15896,2,general,385,300.0254247913036
15897,2,general,589,562.4660184122532
15898,0,general,1066,1169.9733535918524
15899,0,general,871,791.4222091388642
15900,0,general,412,331.81891257489775
15903,0,infantry_light,911,979.9344078198749
15904,2,infantry_line,496,464.6606186187386
15905,4,infantry_line,512,514.8266496829027
15906,4,infantry_line,190,191.11015485052047
15907,1,infantry_line,769,713.4359730487519
15909,0,infantry_line,390,361.8015268927731
15910,0,artillery_foot,448,413.102414871374
15911,2,artillery_foot,1071,977.0943791617065
15912,3,artillery_horse,732,754.2686082655382
15913,2,general,151,141.13474424570254
15914,2,general,317,273.97261359899136
15915,0,infantry_line,366,341.48491628077977
15916,0,infantry_line,258,250.20670865721596
15917,3,artillery_foot,287,308.15301263838654
15918,2,cavalry_light,1165,1498.4639663944465
15919,4,cavalry_light,1011,1139.1637672814402
15920,0,general,955,1113.2810121737875
15921,2,general,257,219.77898561243666
15922,3,general,330,280.4706949413531
15923,4,general,477,469.25628097969064
15924,3,general,722,766.7117233458325
15925,2,general,86,109.65595755978103
15926,1,general,188,160.65318209447491
15927,3,general,652,642.0927836200104
15928,3,general,827,822.7533746501645
15930,0,general,212,275.3402614747473
15931,4,infantry_light,625,711.3587125351879
15933,1,infantry_line,688,696.0035015691238
15934,3,infantry_line,384,369.67654983708036
15935,0,infantry_line,181,181.50639030975393
15936,3,infantry_line,166,173.07379933818405
15937,3,infantry_line,372,369.97666350222414
15938,1,infantry_line,291,344.84849271611137
15939,2,infantry_line,326,431.8784705051953
15940,1,artillery_foot,897,831.4861038530706
15941,0,general,438,456.47980046058626
15942,3,general,432,409.0093123278479
15943,2,general,404,360.55179901506443
15945,2,general,597,543.5326385294618
15946,3,general,463,336.5285750171764
15947,3,general,399,333.73886510431254
15948,4,infantry_light,552,571.0638196887219
15950,3,infantry_line,295,280.5042282133299
15951,1,infantry_line,453,447.5586215561307
15952,4,infantry_line,773,866.9519924365251
15953,3,infantry_line,502,474.77404544954675
15954,2,infantry_line,564,487.86251751200865
15955,4,infantry_line,459,459.18916969596023
15956,2,general,250,220.97936944165951
15957,2,general,435,391.2565881007211
15959,4,general,321,280.0282877615573
15960,3,general,355,464.8828278828558
15961,3,general,960,1042.8612805275927
15962,4,general,587,612.851115244099
15963,4,infantry_grenadiers,669,875.7002143272684
15964,3,infantry_light,369,459.49824642291304
15965,1,infantry_light,618,641.0939240046207
15966,4,infantry_line,397,408.5198269846168
15967,3,infantry_line,363,355.4497948576113
15968,0,infantry_line,423,438.42409283320575
15969,4,infantry_line,869,917.4304983357041
15970,4,infantry_skirmishers,306,330.1404635465194
15971,2,artillery_foot,317,326.7809954182932
15972,1,artillery_horse,901,989.1289303520354
15973,2,general,744,760.0085757515035
15975,3,artillery_foot,528,430.0496644494628
15976,4,general,446,348.4942535063421
15977,4,general,344,324.1164704046984
15979,3,general,283,264.1976828453439
15980,0,general,314,378.11815223423434
15982,1,infantry_light,398,520.6982926402248
15984,2,infantry_line,653,622.3718360730131
15986,0,infantry_line,385,479.22945051257454
15988,1,general,336,306.1533734871862
15989,0,general,174,162.5654187490937
15990,0,general,1146,1199.3771774662323
15991,0,general,736,648.0559600452692
15992,2,general,1045,857.9550768526859
15993,2,infantry_grenadiers,875,779.3523023424085
15995,3,infantry_line,392,421.4847262111694
15996,0,infantry_line,1018,1003.1213429677406
15997,4,infantry_line,849,841.2233221517206
15998,4,general,583,594.2536227252764
16000,4,infantry_line,550,575.7852417616454
16001,2,infantry_skirmishers,227,239.5432254288666
16003,0,infantry_light,484,519.6421181778494
16007,1,general,232,270.7467473150569
16008,3,general,2138,2039.2754558111033
16010,0,infantry_line,201,293.1776591954157
16011,4,infantry_line,270,317.1501539894267
16012,0,cavalry_heavy,2533,2259.809178352726
16013,0,general,2720,2423.881722151589
16014,0,infantry_light,533,601.1084956090632
16015,0,infantry_light,241,262.320069963094
16016,3,infantry_line,361,360.05912675174847
16017,3,cavalry_heavy,2290,2057.1836401314868
16018,3,cavalry_lancers,855,700.0173283057842
16021,1,general,401,326.318467034739
16022,2,infantry_line,517,507.3537270772152
16023,1,infantry_line,530,484.7154102759157
16024,0,infantry_line,637,580.2899621913385
16025,0,infantry_line,499,461.6548145294771
16026,0,general,492,422.38404927348745
16027,4,infantry_line,446,436.0331866490783
16028,3,infantry_line,548,525.4995711311366
16029,2,infantry_line,541,534.6313701074425
16030,0,cavalry_lancers,988,848.0523901446928
16032,2,cavalry_light,485,565.0006251403923
16033,0,general,559,521.7893429825762
16034,1,general,316,345.8683571848051
16035,0,cavalry_lancers,1164,1047.977461189871
16036,3,cavalry_light,1094,1119.9147331354447
16038,3,cavalry_light,916,931.5511017699781
16039,1,general,864,849.5572864182315
16040,0,general,273,234.88567144873738
16041,2,general,1105,1010.4958645028361
16042,4,general,1035,1040.4739955914608
16043,1,general,740,681.3909867128483
16044,4,infantry_light,473,505.4177801225492
16045,3,infantry_light,578,643.7304380648736
16046,4,infantry_light,433,442.2896847808391
16047,2,infantry_line,329,310.9088829024761
16048,3,infantry_line,300,316.1028654643171
16049,1,infantry_line,432,422.9445704167909
16050,4,infantry_line,417,395.1548540742051
16051,0,artillery_horse,694,708.4528354069092
16052,3,cavalry_light,1265,1357.8293836016671
16053,4,cavalry_light,1513,1744.062988421393
16054,3,general,1066,1041.873729253859
16055,3,general,1621,1914.297668464933
16056,4,general,440,389.15077471950167
16057,1,general,280,239.29875664871886
16058,4,general,677,660.327854083911
16061,3,infantry_line,411,391.9837171919813
16062,4,infantry_line,271,272.43568919832813
16064,2,general,264,230.57418935910542
16065,0,general,262,238.92726084521001
16066,2,infantry_light,431,501.17638311838914
16067,3,infantry_light,460,531.0498002499352
16068,2,infantry_line,316,329.25325537027936
16070,0,infantry_line,368,373.6441750702829
16071,4,infantry_line,526,500.36171965916094
16072,3,infantry_skirmishers,236,252.9579235413421
16073,1,cavalry_standard,1023,916.7736898353733
16074,2,cavalry_standard,1140,988.7737468876765
16076,1,cavalry_standard,699,642.8581395325184
16078,4,general,463,431.2981620558888
16081,2,general,315,354.3351282718789
16082,3,artillery_foot,918,901.6635057023025
16083,2,artillery_foot,521,549.3681038122396
16085,1,artillery_foot,444,378.6665139353398
16086,3,artillery_horse,690,683.480004765761
16087,2,artillery_horse,1233,1304.650312453025
16088,2,infantry_grenadiers,419,359.48724159336996
16089,1,infantry_skirmishers,184,232.88356730470414
16090,2,artillery_foot,898,792.9229043260023
16091,3,artillery_foot,566,571.7496416212733
16092,1,artillery_foot,1901,1733.1691521089106
16093,0,artillery_foot,1971,1808.5136125477234
16094,3,artillery_foot,1133,1100.2228720685346
16095,4,artillery_foot,525,461.0094074319581
16097,2,artillery_horse,1647,1908.4239310645764
16098,1,general,469,467.3122880879761
16099,1,general,1407,1117.999771353223
16100,1,general,266,268.4821484173241
16101,4,general,1846,1683.780193787072
16102,1,general,469,467.3122880879761
16103,2,general,1,1.0
16104,0,general,792,768.7368675524076
16105,0,infantry_grenadiers,344,356.87256250637967
16106,1,infantry_grenadiers,507,573.9957795053193
16108,2,infantry_skirmishers,331,309.5307723732926
16109,1,infantry_skirmishers,242,266.8773340447526
16110,1,cavalry_lancers,319,318.36646536637835
16111,1,cavalry_light,803,851.3390065445539
16113,4,general,382,345.34460629368186
16114,0,general,229,249.8553720589662
16115,0,general,102,100.40729505067273
16116,4,general,317,363.87987954001795
16117,2,general,149,142.83626519614748
16118,4,general,639,642.5867153157197
16120,4,general,169,205.71343197100188
16121,1,general,320,277.3391918510173
16123,0,general,443,420.1375810546594
16124,1,general,197,211.5523218453136
16125,0,general,275,232.2877342000328
16126,1,general,895,1185.5543908741706
16128,1,general,292,276.9066297168094
16129,0,general,348,318.17881027345334
16130,4,general,439,394.38338620728734
16131,4,general,547,584.4485138002536
16132,4,infantry_grenadiers,338,398.140805746256
16133,2,infantry_grenadiers,349,386.03108298178324
16135,2,infantry_grenadiers,283,299.06875963391684
16136,0,infantry_light,304,309.13257584155207
16137,2,infantry_light,490,438.6412394896868
16138,4,infantry_light,264,268.2303193597873
16139,2,infantry_light,357,330.82738196152275
16140,1,infantry_light,555,508.0747240741574
16141,0,infantry_line,293,253.12271860067563
16142,4,infantry_line,258,242.78558203812017
16144,1,infantry_line,137,127.53628424839366
16145,4,infantry_line,661,726.7651571101391
16146,4,infantry_line,340,302.8704758838137
16147,4,cavalry_light,379,366.4034064115621
16149,3,general,236,210.00355057608311
16150,3,general,560,547.2565409715083
16152,1,general,287,303.12532519507755
16153,0,general,71,95.11572257421514
16154,3,general,135,137.37114436240338
16155,3,general,282,265.67422315808426
16156,3,general,103,118.3525507851742
16157,1,general,341,300.1630177366176
16158,4,general,380,346.9382036118226
16159,2,general,261,231.77584603239774
16160,4,general,203,194.4896435345544
16161,1,general,150,150.4608960642129
16162,0,general,661,657.3090794977411
16163,1,general,527,501.9716651874395
16164,2,general,331,319.61181037750356
16165,1,general,457,482.56837329395273
16168,2,infantry_light,266,244.13022864523413
16169,1,infantry_line,365,360.14701771796643
16170,3,infantry_line,327,302.57511070120415
16171,2,infantry_line,176,159.19623620072997
16172,3,infantry_line,236,224.82393293594856
16173,1,infantry_line,207,185.93873101421235
16174,3,infantry_line,391,381.6653798719559
16175,4,infantry_line,120,120.457456504908
16177,4,artillery_foot,163,181.74806638209327
16178,0,cavalry_lancers,520,448.54478690934855
16180,2,cavalry_light,402,366.8183472031796
16181,2,cavalry_light,543,535.3493352297904
16182,2,cavalry_light,382,368.3133745312621
16184,0,general,584,515.0830657626852
16185,2,general,204,226.39500936147158
16186,1,general,300,297.5655121753055
16187,4,general,237,243.93409208953392
16188,3,general,247,221.35624206746084
16190,3,infantry_line,138,142.3111943124766
16192,4,infantry_line,374,373.3082117111978
16193,3,infantry_line,306,300.0934018666313
16194,1,infantry_line,352,335.71331308625884
16195,2,artillery_foot,333,414.80267536444546
16197,1,general,555,617.9732245166799
16199,2,general,1092,1106.984844682358
16200,0,general,120,124.5480202654809
16201,1,general,188,225.43048391016893
16202,3,general,248,220.11120652007583
16203,1,general,496,467.02746052639327
16204,4,general,106,106.13241867959941
16205,0,general,759,820.6298710066396
16206,2,general,431,402.8288299235192
16207,1,general,512,545.3067523003016
16208,1,general,398,381.7567775696842
16209,4,general,336,321.9678144964232
16210,4,general,588,559.7317186765528
16211,2,general,366,359.84770833887995
16212,4,general,393,351.8482618205635
16213,4,infantry_grenadiers,209,257.88285813954485
16214,2,infantry_grenadiers,584,550.4670636297524
16215,2,infantry_grenadiers,816,874.3945425008104
16216,1,infantry_light,415,398.4435737608725
16217,1,infantry_light,175,160.26796612663117
16218,1,infantry_light,512,491.28011592719423
16219,4,infantry_light,550,509.8117073767939
16220,2,infantry_light,451,400.7557531939625
16222,4,infantry_line,348,318.9860571257381
16223,1,infantry_line,444,421.2891841667838
16224,1,infantry_line,363,343.78827178118695
16225,0,infantry_skirmishers,129,140.32851550923812
16227,3,cavalry_heavy,1471,1482.649190408447
16228,3,general,176,162.40971347877857
16229,4,general,183,181.74087385253543
16230,4,general,1395,1419.992221715817
16231,3,general,200,181.37114927248504
16232,3,general,86,106.23824280564679
16233,0,general,368,352.6976517934713
16234,3,general,378,366.2203781599289
16235,4,general,616,579.1648106177344
16236,2,general,135,108.53106307060902
16238,4,general,699,685.2438734321706
16239,0,general,338,352.55399717934523
16240,0,general,265,301.0387821666409
16241,3,general,695,687.3982314183454
16242,2,general,413,436.2104415023023
16244,3,infantry_light,250,246.30473827818082
16245,4,infantry_light,834,769.4725744944824
16246,0,infantry_light,603,533.8148263044237
16247,1,infantry_line,297,258.7650319390217
16248,1,infantry_line,423,384.7983243350709
16251,1,infantry_line,425,441.10576628128916
16252,3,infantry_line,334,352.04060562947933
16253,2,infantry_line,402,397.6140185081472
16254,1,infantry_line,178,136.4742891361946
16255,1,artillery_foot,303,387.5121615307323
16256,3,cavalry_heavy,1237,1275.0192290486575
16260,1,general,260,228.90908575721016
16261,3,general,194,165.41019502846078
16262,2,general,129,136.2388835093562
16263,1,general,204,248.03993781750097
16264,2,general,76,95.13220055457202
16265,1,general,159,151.22812162925592
16267,4,general,1009,1006.9744430721456
16268,4,general,394,363.5266402197285
16269,4,general,315,292.156755978374
16270,3,general,441,445.9063677795413
16271,0,general,566,601.0294083874957
16272,3,general,409,409.2616742097785
16273,0,general,269,263.93870798422904
16275,1,infantry_grenadiers,881,858.1360812634281
16276,2,infantry_grenadiers,559,608.9322547862841
16277,2,infantry_grenadiers,472,462.92215677264215
16278,4,infantry_line,177,158.17182662337385
16279,4,infantry_line,195,179.7800695229481
16280,4,infantry_line,262,252.2899495718138
16281,3,infantry_line,194,172.06698818655494
16282,2,infantry_line,374,352.27535155956855
16283,3,artillery_foot,205,311.7850966897399
16284,2,cavalry_heavy,1149,1179.4944040454336
16285,1,general,128,236.9233378491152
16286,3,general,955,1016.606766137005
16287,2,cavalry_heavy,1179,1171.4866488874666
16288,4,general,979,980.6834635555671
16289,3,cavalry_heavy,1462,1403.019318439518
16290,0,cavalry_lancers,286,260.37340088490936
16292,1,general,1463,1418.8728119623747
16293,3,artillery_horse,1918,1541.4869367436997
16294,1,cavalry_light,679,670.9094894091901
16296,3,general,279,287.1824190552239
16297,3,general,557,535.8330096110549
16298,0,general,302,299.34851390929776
16299,4,general,564,472.01828333291286
16300,3,general,166,150.2188151504876
16301,2,general,266,220.39054944927562
16302,1,general,181,171.19944978853985
16303,4,general,121,141.8550567777293
16304,2,general,181,162.65843773014407
16305,1,general,376,436.07653767181813
16306,4,general,489,463.3856693998773
16307,2,general,197,217.78379716306776
16309,4,infantry_grenadiers,271,294.0076550617778
16310,0,infantry_light,294,288.59685175147854
16311,2,infantry_light,603,584.2039270355368
16312,4,infantry_line,245,218.79949741449906
16313,4,infantry_line,274,245.00229138158994
16314,2,infantry_line,288,316.70241382861565
16315,1,infantry_line,289,250.8960652402962
16316,4,infantry_line,226,225.07593876656023
16317,1,cavalry_heavy,887,928.4582985690822
16318,0,cavalry_lancers,957,948.3346672150641
16319,0,cavalry_light,459,449.1963003500925
16320,3,cavalry_light,258,272.9657292773061
16321,4,general,49,86.48758731267885
16322,0,general,151,145.33274276725933
16323,4,general,214,190.92526026097428
16324,1,general,205,225.23792938431689
16325,3,general,893,903.9576455000491
16326,4,general,456,433.323145668135
16328,1,general,634,740.8209030578122
16329,0,general,243,253.57290886409405
16330,0,general,96,113.18347965836436
16331,0,general,81,99.58016176522892
16332,1,general,245,261.08193844286274
16334,1,general,531,591.8170194154868
16335,4,general,695,817.4541815499224
16336,1,general,56,84.14376913922078
16337,1,general,469,461.8534814882154
16339,0,infantry_light,294,308.8562179348985
16340,0,infantry_light,183,179.9785349402662
16341,4,infantry_light,176,164.42080083604384
16342,3,infantry_light,165,143.313861646606
16344,4,infantry_line,151,151.2670602283056
16345,4,infantry_line,579,566.681865840629
16346,1,infantry_line,586,618.9110170414298
16347,2,infantry_line,314,312.46199953227404
16348,2,artillery_foot,403,464.0804385752369
16349,1,cavalry_lancers,457,451.5985298141194
16350,4,cavalry_lancers,320,323.06625300273794
16351,2,cavalry_light,810,826.2627232702096
16353,2,cavalry_light,407,424.0665722881532
16354,3,cavalry_light,450,421.12091662723714
16355,2,general,284,317.8968237061921
16357,2,general,184,137.97150683872803
16358,0,general,14,81.75965443774231
16361,0,general,76,109.96986330164087
16362,3,general,327,283.8990590015103
16363,2,general,80,107.1132394826774
16364,3,general,119,134.75482524346242
16365,2,general,415,389.3190268814684
16366,1,general,688,739.766617849416
16367,0,general,185,309.6937331635623
16368,2,general,489,463.44077534422695
16371,0,general,437,356.34471363262463
16372,3,infantry_grenadiers,330,308.5871786767445
16373,3,infantry_light,195,168.4131830305395
16374,4,infantry_light,543,532.5426667430107
16375,0,infantry_light,544,517.6369397787402
16376,2,infantry_light,476,441.6176058879848
16378,2,infantry_line,279,262.576817896798
16379,0,infantry_line,150,153.87085486845814
16380,2,infantry_line,182,167.957172513579
16381,3,infantry_line,96,126.03433782417149
16383,0,infantry_skirmishers,230,246.7133843256039
16384,0,artillery_foot,531,659.322973920795
16386,0,artillery_horse,584,537.3239128804078
16387,1,general,763,746.6998757403057
16389,4,cavalry_heavy,1122,1165.7486678883406
16390,1,general,115,142.1382810995974
16392,0,general,1122,1139.9006186049749
16393,1,general,514,494.89267335957453
16394,3,general,518,496.9427515122
16395,0,general,662,773.1807430927176
16396,4,general,506,493.8189493665762
16397,2,general,616,640.3305925190978
16398,4,general,820,835.9340287675851
16399,4,infantry_grenadiers,768,802.2313162501925
16400,3,infantry_grenadiers,447,434.54843239065013
16401,3,infantry_light,220,220.70342423366824
16403,1,infantry_line,619,634.9558923486576
16406,1,general,1033,1032.5786007091574
16407,0,general,271,272.965807339355
16408,2,general,360,452.17618353827623
16409,1,general,615,673.9047462824547
16413,2,general,476,469.40245529263984
16414,3,general,434,391.4398733373315
16415,3,infantry_grenadiers,593,578.5796532462399
16416,4,infantry_light,494,470.4155393638283
16417,3,infantry_line,568,553.6098123832618
16418,0,infantry_line,368,411.26566149125154
16419,0,infantry_line,358,368.97164610166556
16421,4,cavalry_heavy,1156,1166.5439479197557
16422,3,cavalry_heavy,880,929.8084282745274
16423,0,cavalry_lancers,542,478.0405992843772
16424,0,cavalry_lancers,267,250.81427612612723
16425,3,cavalry_light,440,413.2740480167977
16427,2,cavalry_standard,1102,989.3800172725624
16428,1,general,735,779.2929241104547
16429,0,general,915,930.755452904661
16430,3,general,119,179.72012212856797
16431,2,general,907,708.0329570499555
16432,4,general,302,288.4750955018625
16433,3,general,1307,1282.6616849654647
16434,4,general,529,455.2045922107012
16435,1,general,683,852.8331777675656
16436,2,general,470,494.2388631727799
16437,0,infantry_line,581,620.6605756809823
16438,2,cavalry_heavy,1549,1400.5989980285779
16439,1,cavalry_light,613,567.7525714394881
16440,1,cavalry_light,320,314.58086970223354
16441,1,general,553,512.7319354813105
16442,3,general,1313,1207.1551155025581
16444,0,general,399,448.8137276050576
16445,0,infantry_line,383,376.48839740780005
16446,1,artillery_foot,560,646.4091895068229
16447,3,artillery_horse,1518,1752.820360704312
16448,4,cavalry_heavy,1132,1115.4644733239672
16449,1,general,1363,1161.6790300645373
16450,0,general,1059,1015.60535922731
16451,3,cavalry_heavy,1223,1210.8166524484643
16452,2,cavalry_lancers,245,236.6063984492498
16454,3,general,1144,1132.658396278918
16457,4,cavalry_light,358,352.5225670940589
16458,2,general,292,290.32860570198346
16459,3,general,177,243.63231771077255
16460,3,general,243,265.6286115563803
16461,2,general,124,199.8099028281948
16462,3,general,596,677.3632419376779
16464,2,infantry_line,195,249.57191628348585
16465,1,infantry_line,524,523.3201758809214
16466,2,infantry_line,453,489.4082707205359
16467,1,cavalry_light,365,364.69433417587646
16468,0,cavalry_light,413,394.12789863485676
16471,4,general,257,268.82382219763804
16473,4,general,223,243.0908626872854
16474,3,general,205,226.4305170768865
16475,2,general,357,322.95714050732795
16476,4,general,666,654.3202704220489
16477,3,general,923,1130.6951494595419
16478,2,general,673,835.3499915758114
16479,0,general,231,239.900218926433
16480,2,infantry_grenadiers,588,578.9226532730493
16481,3,infantry_line,339,351.0342008953526
16482,4,infantry_line,624,668.3430883444519
16483,3,cavalry_light,812,830.6105825080627
16484,1,cavalry_light,359,343.2593543038687
16485,3,cavalry_light,557,525.9083977691032
16486,4,cavalry_light,340,330.56575583581
16487,2,cavalry_light,696,723.0013390370167
16488,0,general,816,852.2398809943649
16489,2,general,388,315.33098127505053
16490,3,general,262,265.08662921063654
16491,3,general,688,714.5266347523841
16492,0,general,637,767.368465320086
16493,0,general,452,415.1745100657134
16494,0,general,380,398.78543006829466
16495,1,general,460,481.1110210617058
16496,1,infantry_line,446,436.28226580117087
16497,1,cavalry_standard,879,839.4221856230307
16498,4,cavalry_standard,539,518.0227230828032
16500,1,general,284,255.78996610718622
16502,4,infantry_line,342,313.8705657942887
16503,0,infantry_line,226,223.7222953029541
16504,1,infantry_skirmishers,116,119.328059694002
16505,4,cavalry_standard,539,536.9075047015001
16507,1,general,550,540.1338550822358
16508,0,general,449,475.5809392362809
16509,3,artillery_horse,974,922.1847485759338
16510,4,artillery_horse,325,270.37342096488834
16511,0,cavalry_lancers,369,356.97573288637153
16512,0,cavalry_lancers,558,492.86763775315603
16513,3,cavalry_lancers,541,466.94827037175753
16514,2,cavalry_light,436,435.50046943515196
16515,3,cavalry_light,411,399.4075106007859
16516,1,general,493,422.1036048617983
16517,3,general,285,291.16545711110604
16518,3,general,534,472.40055176592585
16519,0,general,229,235.7172492137558
16520,1,general,391,410.9268579973714
16521,4,cavalry_heavy,2274,2497.380591288481
16523,3,cavalry_lancers,642,604.7911226598271
16524,1,cavalry_lancers,314,322.99977494478816
16525,4,cavalry_lancers,661,663.286171911837
16526,4,cavalry_lancers,706,684.1795548914155
16527,0,cavalry_light,337,323.8740855267332
16528,3,cavalry_light,688,666.0475922908964
16529,1,cavalry_light,696,695.5380894716645
16531,3,cavalry_light,344,357.1132955430989
16532,2,cavalry_standard,1478,1699.3429624980997
16533,0,general,356,321.3251814424518
16534,2,general,416,368.8013501296021
16537,1,general,241,257.2223683564459
16538,0,general,693,648.88114860531
16539,0,general,267,278.35940115380333
16540,0,general,198,235.04710276972193
16541,0,general,488,426.23609276919433
16544,2,general,751,718.1171282098531
16545,4,general,1394,1971.029825356847
16546,3,infantry_line,131,116.83472216733651
16547,3,infantry_line,225,210.45072407057327
16548,1,artillery_horse,1206,1152.2325851447379
16549,1,cavalry_lancers,434,384.8832746600665
16550,3,cavalry_light,595,540.1375224592805
16551,3,cavalry_light,753,747.9400526190715
16552,4,cavalry_light,278,277.6919689081825
16553,0,cavalry_light,649,619.8243137088267
16554,1,cavalry_light,344,347.1655578804541
16555,1,cavalry_light,357,348.9064964807599
16556,1,cavalry_light,1324,1477.206560610428
16557,0,cavalry_light,716,756.679465802801
16558,2,general,536,483.1565488458742
16559,4,general,1232,1559.0397335162947
16561,4,general,470,583.0569395939334
16562,4,general,310,316.41137955791265
16564,0,general,593,595.5366534396933
16565,3,cavalry_lancers,1027,1125.886158007664
16566,4,general,844,840.7333873135311
16568,4,infantry_light,282,263.260373328355
16569,0,cavalry_heavy,1062,1038.4973517580327
16570,1,cavalry_lancers,999,1040.1123963837097
16571,3,general,996,1129.911897197838
16572,1,artillery_foot,1491,1313.4680588796475
16573,2,artillery_foot,1428,1274.5438749475418
16574,4,artillery_foot,810,946.4842377551432
16575,0,artillery_foot,672,778.0647635983577
16576,3,cavalry_heavy,848,848.8272563596994
16577,2,cavalry_heavy,1224,1191.29088169748
16579,4,general,1069,1041.7775730149563
16580,4,general,1706,1862.866712437347
16581,2,general,1661,1573.0972787334472
16582,2,general,1506,1914.5231514996633
16583,1,general,713,708.8738558398385
16586,0,artillery_horse,973,915.2619404564254
16588,1,cavalry_heavy,794,890.1954465921674
16589,3,general,1377,1435.8646180237013
16590,3,general,630,718.4502006219882
16592,3,general,902,933.7630738440985
16593,3,artillery_foot,714,858.5627347561962
16594,3,artillery_foot,720,820.9423735077888
16596,1,artillery_horse,415,368.29075379006383
16597,1,general,569,692.9138896599139
16598,4,artillery_horse,788,782.1838513823805
16600,3,general,433,544.1845382400204
16601,2,general,144,191.26458844994875
16602,3,infantry_grenadiers,263,288.7746911127182
16603,1,infantry_skirmishers,189,210.04538307502287
16604,0,artillery_foot,296,255.3856575143475
16605,4,artillery_foot,610,698.1458106339445
16606,4,artillery_foot,307,321.06193612147746
16608,0,artillery_foot,522,623.4202127357378
16609,0,artillery_foot,614,733.046456673362
16610,4,artillery_foot,743,811.2365787393894
16612,3,artillery_foot,607,709.3190629914651
16613,0,artillery_foot,710,895.5642969810998
16616,1,artillery_foot,383,383.01985070629564
16617,3,artillery_foot,233,290.613805134659
16618,2,artillery_horse,733,748.9964340611904
16619,0,artillery_horse,1103,1110.76384610967
16621,4,artillery_horse,649,529.4383361493869
16622,1,artillery_horse,1126,1068.1456583611287
16623,3,artillery_horse,974,922.1847485759338
16624,4,artillery_horse,912,920.0917916133391
16625,2,general,631,763.7698289253347
16626,1,general,255,254.8256123292698
16627,2,general,55,56.097858002177674
16628,3,general,548,664.9248504079702
16629,2,general,513,601.51855230373
16630,3,general,348,323.4179737932693
16631,1,general,2221,2491.014148509599
16632,2,general,55,56.097858002177674
16635,3,general,145,145.6439074760188
16636,2,general,1,1.0
16638,2,general,895,1162.0290753329916
16639,0,general,674,667.8477560483906
16641,1,general,522,512.2463418736982
16642,0,general,674,667.8477560483906
16643,2,general,534,563.0736048101636
16644,1,general,255,254.8256123292698
16645,0,infantry_grenadiers,166,161.07681926369804
16646,1,infantry_grenadiers,499,531.8520084428798
16647,1,infantry_skirmishers,208,226.4608638177321
16649,3,infantry_skirmishers,196,213.5738689964682
16650,3,infantry_skirmishers,197,211.28876648938768
16651,1,cavalry_light,597,596.1787569048438
16653,2,general,205,185.63175402711548
16654,2,general,239,213.3852687674775
16655,2,general,648,599.2734205316397
16656,1,general,73,90.99475480972794
16657,4,general,344,313.0427209309174
16659,3,general,578,669.1866683853091
16660,3,general,879,955.7613152204186
16661,2,general,688,821.801782677277
16662,1,general,382,371.78356235869825
16663,1,general,192,206.38922791083627
16664,0,infantry_grenadiers,807,873.3805442818905
16665,1,infantry_light,299,319.5091215188405
16666,2,infantry_light,291,327.5880925837486
16667,2,infantry_light,607,655.5786708634848
16669,2,infantry_line,303,295.6796549985049
16670,3,infantry_line,177,177.38274870811344
16671,3,infantry_line,329,332.9634706684349
16672,4,infantry_line,307,316.09993646502414
16673,0,general,237,225.05205869705858
16674,4,general,374,344.28155630671245
16675,1,general,428,413.2124971944122
16676,4,general,204,177.68501438474726
16678,1,general,732,781.6107234270537
16679,2,general,535,486.2610126160039
16680,0,general,804,964.0079383090829
16681,1,general,343,269.23730281897184
16682,4,infantry_light,290,294.2246754792126
16683,3,infantry_light,537,552.2670819923144
16684,1,infantry_line,219,213.33962024413185
16685,2,infantry_line,480,483.0987822066532
16686,3,infantry_line,123,136.2699778349696
16687,3,infantry_line,457,433.9591036518389
16689,1,infantry_line,845,962.8486316033726
16690,0,infantry_skirmishers,249,257.96947302434035
16692,4,cavalry_standard,662,645.3459837281218
16693,0,general,521,465.14523204524875
16694,2,artillery_foot,671,650.7264653881969
16695,1,general,533,514.1401173531165
16696,1,general,476,468.50695362102107
16697,2,general,148,159.37369868536547
16698,0,general,112,142.20072733270032
16699,0,general,409,403.49208221073553
16700,4,general,284,243.2654067020016
16704,3,infantry_line,178,175.4805219031031
16705,2,infantry_line,247,256.8891945614265
16706,1,infantry_line,211,239.72136347558802
16707,4,infantry_line,433,390.1872683595787
16708,4,infantry_line,395,379.87632861437464
16709,3,infantry_line,509,557.4458019362299
16710,1,general,343,301.0914916214629
16711,3,general,477,444.8756663657129
16712,0,general,85,114.91017106938129
16713,2,general,427,385.98887158530243
16714,0,general,681,671.1390015708092
16716,0,general,695,666.4125553626689
16717,2,general,415,418.44799184926666
16719,1,infantry_grenadiers,659,622.020655049695
16720,3,infantry_light,587,577.346265474457
16721,4,infantry_light,490,487.3369382118872
16722,2,infantry_line,189,200.33944162959503
16723,3,infantry_line,282,284.05102699318275
16725,1,infantry_line,469,497.7373048501539
16728,2,artillery_foot,364,332.6491180951558
16729,3,general,403,373.58547638103965
16730,2,general,125,142.93308628619909
16731,2,general,170,194.7890604434776
16733,3,general,223,221.54175643211386
16734,0,general,964,899.1823198914454
16735,4,general,735,632.6798042162261
16736,4,infantry_grenadiers,784,736.2689726107194
16738,0,infantry_line,233,243.72096394999468
16739,3,infantry_line,310,337.57842561639677
16740,1,artillery_horse,651,598.2741157409048
16741,4,cavalry_lancers,1645,1642.7558105451556
16742,1,cavalry_light,1281,1409.9446787139664
16743,4,cavalry_light,1323,1571.6897839739074
16744,4,cavalry_light,860,866.0644437544047
16745,4,general,459,491.89187166148935
16746,1,general,741,757.7624169593382
16747,4,general,266,187.4947184168808
16748,4,general,476,417.713867021175
16749,0,general,287,444.0621946988567
16751,2,general,1573,1647.4996489318364
16752,2,general,438,362.09719321247616
16754,2,infantry_grenadiers,443,330.61822521717124
16755,4,infantry_light,312,465.61092755298546
16756,4,infantry_light,408,433.2712477123424
16757,0,infantry_line,401,404.13048220889385
16758,2,infantry_line,434,396.50674495165504
16759,4,infantry_skirmishers,121,156.7769179961939
16760,4,general,383,361.53369559436493
16761,3,general,120,131.4624358836759
16762,1,general,329,294.0065774201657
16763,1,general,427,392.86267488729317
16764,1,general,593,531.3179764520044
16765,0,general,408,365.2542358010056
16766,0,infantry_grenadiers,719,695.3168993294579
16767,3,infantry_light,524,523.6365850085278
16768,0,infantry_line,439,448.99933481534515
16769,0,infantry_line,305,345.7429130256284
16770,1,infantry_line,195,192.15130262080515
16771,3,infantry_line,327,342.9415745931132
16772,4,artillery_horse,817,763.6938436101398
16773,1,cavalry_heavy,1848,1656.2138394976723
16774,4,cavalry_light,782,763.4664823277625
16775,3,general,1846,1589.0204660427685
16777,0,general,796,758.5497498531495
16778,0,artillery_foot,860,739.9285615332406
16779,4,artillery_foot,483,492.3141557187748
16780,4,general,209,192.93567963589484
16781,4,general,756,554.8590329646494
16783,1,infantry_line,224,268.38449554635423
16784,4,infantry_line,309,320.8433091035347
16785,0,infantry_line,182,240.68393182612448
16786,4,cavalry_light,607,618.6317109643861
16787,1,cavalry_light,1143,1219.3505321890716
16789,0,general,289,233.59440778557098
16790,4,general,1051,1163.1939945383815
16792,3,general,1075,1177.4827319666197
16793,2,general,918,849.7822602951802
16794,1,general,265,198.02329458325914
16795,1,infantry_line,348,313.6003566791055
16796,2,infantry_line,511,455.86446543632286
16798,3,infantry_skirmishers,324,287.0658613172478
16801,3,cavalry_standard,909,917.4968208601682
16802,2,general,102,125.84579830452645
16803,2,general,98,125.9521623566277
16805,4,general,177,179.4269951611251
16806,4,general,1059,1044.8313629243146
16807,0,general,1160,1290.048569425184
16810,4,infantry_line,196,216.3359924190543
16811,0,infantry_line,159,229.0063642505919
16812,2,infantry_line,194,223.25993548475853
16813,0,infantry_line,139,193.71401694139135
16814,2,infantry_line,254,238.46300881865253
16815,0,infantry_skirmishers,130,167.2789776414887
16816,1,general,168,165.81614944182576
16817,0,general,138,138.54455658345384
16819,1,infantry_line,269,273.5750286540723
16820,2,artillery_foot,241,247.90157134107096
16823,0,cavalry_light,653,606.544204553619
16825,0,general,179,190.44846824078323
16826,4,general,544,486.8274932524616
16827,4,general,493,484.9778797876966
16828,0,general,215,245.18929547659744
16829,4,general,299,287.9041937997704
16830,3,general,274,255.49075906287572
16831,2,general,653,771.5894010191477
16832,3,general,349,345.28074125574454
16833,0,general,567,612.886629341234
16834,4,infantry_light,283,301.60343101386684
16835,2,infantry_line,374,382.67278094860563
16836,3,infantry_line,269,294.4484386573634
16837,4,infantry_line,290,312.5403964502983
16838,1,infantry_line,622,673.4617149070486
16839,1,infantry_line,410,399.69637914099354
16840,0,artillery_foot,187,254.8483393486584
16841,1,cavalry_heavy,1580,1569.878242024759
16842,0,cavalry_light,949,1074.4486321484667
16843,0,general,812,869.8683546155371
16844,3,general,124,147.07773027498314
16845,3,general,109,134.90688425052414
16846,1,general,628,560.8598643853977
16847,4,general,1412,1408.7115417963853
16848,2,general,447,417.82728508493983
16850,3,infantry_line,194,212.13158163965034
16851,0,infantry_line,179,200.37934822035112
16853,1,infantry_line,418,413.44677532668095
16854,1,infantry_skirmishers,488,352.6260768821092
16855,2,general,449,434.5360869402783
16856,0,general,378,362.5496406189392
16857,0,general,325,294.1633303684806
16858,4,general,457,404.4801811828237
16859,3,infantry_light,487,490.43005279044087
16860,1,infantry_light,387,375.2359061786243
16862,4,general,195,183.628246951937
16863,3,infantry_line,298,293.86828401046307
16865,1,general,142,144.95588574117212
16866,0,general,40,101.14369695300837
16867,3,general,201,181.00711871715652
16869,1,infantry_line,208,219.58654038911868
16870,1,cavalry_light,409,391.77950437570934
16871,4,artillery_foot,860,835.3700747162745
16872,4,artillery_foot,413,403.0236688287576
16874,0,artillery_horse,1134,1306.7494998921993
16875,2,general,87,88.16565065020181
16878,2,general,1,1.0
16879,2,infantry_skirmishers,159,198.65636613978435
16880,0,infantry_skirmishers,219,211.38167451025922
16881,4,infantry_skirmishers,181,155.2602694701251
16882,3,cavalry_light,869,856.5330018131817
16883,1,cavalry_light,986,1047.6516016766705
16885,0,cavalry_standard,644,682.5178455887346
16886,3,general,96,113.21348737893516
16888,4,general,807,767.7112068324543
16889,0,general,509,553.8248170077219
16890,3,general,903,880.1258459728488
16892,1,general,76,139.3856784761711
16893,3,general,111,153.70812422093704
16895,0,general,750,784.4951111850954
16896,3,general,207,326.4468895285656
16897,2,general,970,913.5366652506922
16898,3,general,1215,1132.8256745183228
16899,3,general,1000,861.0075265044412
16900,3,general,399,383.26369455652195
16901,2,general,600,668.9107837254563
16903,0,general,554,565.0666284712217
16904,3,infantry_grenadiers,1139,1075.1644268974921
16905,1,infantry_grenadiers,1023,968.9408006648118
16907,3,infantry_line,164,157.78558254363998
16908,2,infantry_line,174,234.0763298270703
16909,2,infantry_line,150,199.54061952566101
16910,4,infantry_line,259,258.01379791576943
16911,2,infantry_line,147,169.07174289898424
16912,0,infantry_line,499,487.2301077638012
16914,1,infantry_line,508,531.9118859749444
16916,0,cavalry_heavy,1024,1177.238719160002
16917,0,cavalry_heavy,1507,1760.3856354685008
16919,3,general,76,98.37724427202224
16920,1,general,1072,1315.1593258603746
16922,4,general,212,199.97192332093812
16924,0,general,1499,1677.3887534931062
16925,3,general,1561,1645.7315066621406
16926,4,general,191,258.2700938318362
16927,4,general,859,854.6553948137646
16928,3,general,527,655.0606822850617
16932,2,general,1110,1074.747591227739
16933,4,general,271,309.13824982241704
16934,4,general,847,917.3294000747362
16936,4,infantry_light,396,376.18614741098384
16938,2,infantry_light,732,668.2693796289573
16939,3,infantry_line,316,320.31478957479464
16940,0,infantry_line,140,158.72879661664376
16942,1,infantry_line,117,118.34464863945554
16943,0,infantry_line,543,556.8577196488827
16944,2,infantry_line,225,253.4786919373393
16946,2,infantry_line,287,317.3586864724233
16947,4,infantry_line,501,574.741629040764
16948,1,cavalry_heavy,1790,2024.4577830160868
16949,2,cavalry_heavy,1396,1578.6211036057405
16952,4,cavalry_lancers,446,452.01094284420117
16955,0,general,196,193.95833532747284
16956,0,general,472,457.93785050390574
16958,0,general,1720,1736.0828131028914
16961,3,general,465,479.37416716432483
16962,2,general,1386,1541.0263434700971
16963,0,general,320,285.3081009231802
16964,2,general,213,215.0329407097517
16965,1,general,220,198.36783889899763
16966,3,general,92,116.87577807762453
16968,1,general,318,287.4090650597563
16969,4,general,317,309.95252707974
16971,1,infantry_light,326,314.2405290480612
16972,0,infantry_light,304,291.25190653276474
16973,3,infantry_light,325,286.1861117581407
16974,3,infantry_light,345,308.4957361757107
16977,2,infantry_line,136,141.36843401802352
16978,2,infantry_line,424,435.3956996029732
16980,4,infantry_line,185,179.13848865076184
16981,4,cavalry_heavy,1003,1151.9968937003887
16982,1,cavalry_heavy,1396,1557.0801650667645
16984,2,cavalry_light,412,401.6968339696446
16985,4,cavalry_light,2014,2098.6694486249426
16986,0,general,180,164.28054453565446
16987,4,general,613,593.2777070569266
16988,1,general,1901,2312.6528668384767
16989,2,general,177,171.705025100359
16992,3,general,285,275.6091371831047
16993,0,general,193,181.48346911166428
16994,1,general,1239,1372.1221263122134
16995,2,general,287,251.99304270164342
16996,2,general,220,200.51042204487734
16998,2,general,132,142.03240423057895
16999,2,general,97,181.56189377041628
17000,4,general,214,279.69617590319456
17001,4,general,235,278.9932792685226
17002,4,infantry_line,393,363.3155829054574
17003,4,infantry_line,435,394.40613542894016
17004,1,infantry_line,278,265.47088340499795
17005,1,infantry_line,273,262.2072484704249
17006,4,infantry_line,294,290.453899909911
17007,2,infantry_line,283,284.19102994297435
17010,4,infantry_line,203,272.8052305023368
17011,1,infantry_line,232,282.3139166312567
17013,3,cavalry_standard,1478,1423.6423657806129
17014,4,general,1473,1517.3939619968874
17016,3,cavalry_lancers,1201,1285.935465001033
17017,1,cavalry_lancers,995,992.8194925997542
17018,3,general,1055,1065.4359305352036
17020,1,general,97,134.51832512156648
17022,1,general,363,320.1549954516754
17023,2,general,374,295.84833033354425
17024,4,general,367,356.1479986856436
17025,2,general,876,909.5478307760638
17027,4,general,46,101.16992096836452
17029,1,infantry_light,285,335.3747285758449
17030,2,infantry_light,296,349.26953561669296
17031,2,infantry_light,815,768.8865773304977
17032,2,infantry_line,150,176.7159525533748
17033,1,infantry_line,346,298.3590820129746
17034,0,infantry_line,171,188.0690404413736
17035,4,infantry_line,293,272.07956185991395
17036,0,infantry_line,480,526.66300531191
17037,2,cavalry_heavy,1712,1923.362633223021
17038,1,cavalry_heavy,886,1051.8957199517426
17039,2,cavalry_standard,1129,1093.0747417600153
17041,2,general,795,719.7439900954963
17043,2,general,720,842.1000280050562
17046,3,general,96,113.41765951876079
17047,3,general,1470,1622.7834051090265
17049,2,general,583,628.593378446895
17050,1,general,395,425.91691751927465
17051,2,general,305,294.20655266459005
17052,2,general,266,318.70941272995594
17053,2,general,255,246.25200755501376
17054,1,general,984,855.0075118883957
17055,1,general,864,740.5500558640636
17057,0,infantry_grenadiers,999,851.9768203186991
17059,1,infantry_line,168,163.263870669347
17062,3,infantry_line,411,409.57053457594884
17063,3,infantry_line,458,490.7127609589633
17064,0,infantry_line,335,374.4654449059884
17065,1,infantry_line,493,514.563707507918
17067,0,infantry_line,359,347.2798938172425
17068,3,infantry_line,291,272.75398630192933
17070,0,cavalry_heavy,844,1182.709583470053
17071,4,cavalry_standard,549,496.8554992004826
17072,3,cavalry_standard,1106,1091.41241332221
17073,1,general,918,891.1670890372079
17074,1,general,448,379.8921729794912
17075,4,general,760,1015.0496560382619
17076,0,general,503,423.30714927288443
17077,3,general,556,447.8434408538824
17078,4,general,867,1086.6351344293764
17080,2,infantry_light,560,535.2225467829954
17081,0,artillery_horse,550,544.2282682239926
17082,3,cavalry_heavy,1110,1253.1969150673417
17084,1,cavalry_standard,1015,930.1087002159435
17085,2,cavalry_standard,701,637.0944072390507
17087,0,general,227,204.6481760358379
17089,0,general,96,122.89386190078676
17090,2,general,63,97.28284006882056
17091,2,general,880,738.3420717154204
17092,0,general,323,279.21428589739094
17093,1,general,1039,1134.1813742968893
17094,1,infantry_line,285,262.217671596319
17095,3,infantry_line,286,273.31184839051576
17096,3,infantry_line,201,211.7436205386191
17097,1,infantry_line,140,143.68443187234288
17099,3,cavalry_heavy,1249,1416.5095765383155
17100,3,cavalry_light,409,403.69706644835935
17101,4,cavalry_light,381,372.8073943647717
17103,2,cavalry_standard,801,711.5902907687364
17104,4,cavalry_standard,811,725.1732381756315
17105,4,general,650,584.4528825685198
17106,2,general,940,1138.4167625670145
17108,1,general,912,748.379711464813
17109,2,general,341,323.65585232655087
17111,1,general,800,684.5003837530545
17113,3,general,195,312.3451483207775
17114,4,general,296,259.28284721422455
17115,1,infantry_light,291,258.3180713463698
17116,2,infantry_line,435,418.8627788021733
17117,4,infantry_line,403,382.8212613874563
17119,4,cavalry_light,314,325.1320324853526
17120,3,general,271,271.7035747780357
17121,4,cavalry_light,591,565.0686146482204
17122,2,cavalry_light,412,401.6968339696446
17123,0,cavalry_light,478,439.76217903647967
17125,3,cavalry_light,1072,1079.7431242910206
17126,0,cavalry_light,537,489.4143535781829
17127,3,general,440,376.5536199068709
17128,0,general,521,448.58491453194915
17131,1,general,433,390.4472254696489
17132,0,general,468,411.18337633354173
17134,0,general,581,655.881288462558
17135,0,general,692,809.016287024414
17136,0,infantry_light,514,492.37559684392454
17137,0,infantry_line,640,699.8834023045858
17138,1,cavalry_lancers,725,627.087462506744
17139,2,cavalry_lancers,314,336.9509206860435
17140,2,cavalry_lancers,376,374.53546457116613
17141,3,cavalry_lancers,941,868.2840346023935
17142,0,cavalry_standard,532,515.8967356269457
17143,2,cavalry_standard,899,770.2450331081445
17145,0,general,250,267.8352058592755
17146,0,general,272,292.56790376842105
17147,2,general,434,405.29604367844183
17148,1,general,612,504.4581546954117
17151,1,general,239,240.29387759799593
17152,2,infantry_light,227,222.01254845881127
17153,3,infantry_line,305,296.85385325023753
17154,1,artillery_foot,811,723.8887254390676
17156,2,general,652,559.0850188496214
17157,2,general,228,244.54918032507356
17158,0,artillery_foot,805,745.6524814734554
17159,4,artillery_foot,771,708.8722329126134
17160,1,artillery_foot,363,356.377027255111
17161,3,artillery_foot,670,692.5422808293407
17162,1,artillery_foot,946,905.2808933172636
17163,1,artillery_foot,600,581.109284122654
17164,1,artillery_foot,393,344.79121079757095
17165,1,artillery_foot,530,565.9606699464757
17166,3,artillery_foot,1137,1123.3044647508034
17167,4,artillery_foot,736,761.5572399452445
17169,0,artillery_foot,1199,1120.8720538440693
17170,1,artillery_foot,407,357.7575727734137
17171,1,artillery_foot,326,304.8114185920581
17172,1,artillery_foot,716,720.2079525956858
17175,2,artillery_foot,496,508.42833168199934
17176,2,artillery_foot,1030,1051.7116547315022
17177,1,artillery_horse,1196,1207.8584926038943
17178,0,artillery_horse,512,497.27251024068465
17179,4,artillery_horse,1120,1091.4740609203982
17181,2,artillery_horse,1050,1178.0789927235842
17182,1,artillery_horse,102,104.88198891694947
17183,2,artillery_horse,519,531.6180061863384
17184,3,artillery_horse,526,541.2947766471866
17185,1,artillery_horse,1076,1200.7750969761605
17187,1,general,378,369.25392791541213
17188,3,general,498,552.2405682794825
17189,3,general,364,380.640912673175
17190,0,general,312,313.8187021332518
17191,0,general,855,823.3948184288911
17192,3,general,1347,1310.6471326642754
17193,0,general,312,313.8187021332518
17195,4,general,646,565.8964555941388
17198,0,general,623,601.5848851311333
17199,3,general,177,178.0618604488168
17200,0,general,312,313.8187021332518
17201,0,general,2542,2605.8617365938967
17202,1,general,737,721.9049459842171
17203,4,general,1041,1051.6992371877584
17205,4,general,467,465.71586691111895
17206,1,general,1232,1190.3279081315043
17207,1,general,467,461.5314380269638
17208,3,general,177,178.0618604488168
17210,1,general,220,240.59886473362747
17211,1,general,230,253.26974855843443
17213,1,general,668,557.9988921148698
17214,3,general,177,178.0618604488168
17215,4,infantry_grenadiers,340,330.081029687515
17216,3,infantry_grenadiers,349,384.0974646985748
17217,1,infantry_grenadiers,360,318.2126366615454
17218,0,infantry_grenadiers,655,581.423449167295
17219,4,infantry_grenadiers,339,364.54555526673744
17220,1,infantry_skirmishers,211,204.77717586575517
17221,2,infantry_skirmishers,216,211.5468308654264
17222,0,infantry_skirmishers,231,250.19988736108144
17223,0,infantry_skirmishers,231,250.19988736108144
17225,4,general,710,616.3001696861052
17226,1,general,172,154.03044188688523
17228,3,general,376,312.14511857649416
17230,3,general,158,168.98341922195863
17232,1,general,305,246.8213908140742
17233,0,general,581,510.39041325210917
17234,3,general,330,280.19154821502605
17235,4,general,93,133.2168390843583
17237,2,general,194,172.0742122631728
17239,1,general,427,373.7632899212557
17240,0,general,530,460.18586414600554
17241,2,general,501,538.6212062258094
17242,2,general,152,197.9147870860028
17243,2,general,684,686.8442548501662
17244,2,general,241,290.61592010190935
17245,4,general,868,865.9163898955746
17246,1,infantry_grenadiers,309,386.4704594781207
17247,4,infantry_grenadiers,629,735.2048502983018
17248,4,infantry_irregulars,217,240.75150408637163
17249,2,infantry_light,749,644.8427854366432
17250,0,infantry_light,431,406.9663723227657
17251,3,infantry_light,617,581.8559686846684
17252,4,infantry_light,374,374.1991868544567
17253,3,infantry_light,818,917.6968847925181
17254,4,infantry_light,815,847.268994703787
17255,4,infantry_line,373,362.3297111254619
17256,4,infantry_line,430,416.8603498646592
17257,2,infantry_line,406,390.48734548389615
17258,0,infantry_line,234,275.3035939572787
17259,0,infantry_line,231,247.86957799264042
17260,2,infantry_line,386,365.98507088383207
17261,0,infantry_line,310,288.28720399811834
17262,3,infantry_line,300,282.7694142135342
17263,2,infantry_line,273,255.95319302265278
17266,1,infantry_line,356,450.9848882270544
17267,2,infantry_skirmishers,241,298.9027784486581
17268,1,cavalry_lancers,988,969.2393284447514
17270,2,general,264,226.0183446816248
17271,2,general,463,410.5324250593622
17272,3,general,820,714.5108865608761
17273,0,general,695,498.1334881963088
17276,4,general,283,252.49950178112763
17277,3,general,342,264.65619695733244
17278,3,general,537,475.6209233404467
17279,1,general,296,389.0997203227307
17280,1,general,1308,1618.9180316067589
17281,0,general,420,383.11696143089756
17282,2,general,404,348.9540009314016
17283,4,infantry_grenadiers,364,371.04637967672096
17284,0,infantry_light,504,502.1880896054164
17285,1,infantry_light,463,424.53982687926975
17286,2,infantry_light,496,447.15283318529674
17287,2,infantry_light,653,630.4395148298802
17288,3,infantry_line,260,253.099163799817
17289,1,infantry_line,444,403.3258573045896
17290,2,infantry_line,216,214.7420375992582
17291,0,infantry_line,251,296.90948551067527
17292,4,infantry_line,282,282.8948163919371
17293,2,infantry_line,1116,1152.2220506350884
17294,3,infantry_line,308,387.9179143335456
17295,0,infantry_line,527,509.52961737945503
17298,3,artillery_foot,451,432.6199978258585
17299,0,artillery_foot,926,909.488143455457
17300,3,artillery_horse,543,516.7696643584154
17302,0,general,340,283.7588987937111
17304,1,general,285,246.71053732074066
17305,1,general,99,150.22819229205018
17306,3,general,389,331.66829741981167
17307,2,general,243,263.6337211300298
17308,3,infantry_light,440,397.4161274933957
17310,1,infantry_light,318,348.63844911866545
17311,3,infantry_line,384,363.09177107063766
17313,2,infantry_line,210,252.98520932905123
17315,3,cavalry_light,489,472.25067321851685
17316,1,cavalry_light,801,752.1962423509516
17318,1,cavalry_standard,752,754.0257055378155
17320,0,general,358,341.08129798762076
17321,2,general,388,326.65996514816067
17323,2,general,293,263.56272906917485
17324,3,general,166,169.99873042347937
17325,2,general,682,607.1605924188987
17326,3,general,405,363.8900969919451
17327,1,general,619,586.7336315748648
17329,0,infantry_light,399,368.7216025900256
17330,1,infantry_line,344,331.9669166308576
17332,4,infantry_line,434,402.018392961498
17333,2,infantry_line,574,574.0766743382123
17336,3,artillery_horse,1973,2009.0495295798507
17338,0,cavalry_light,431,423.0132400122758
17339,1,cavalry_light,1112,1312.703634038334
17340,1,general,430,439.1711797871313
17341,3,general,289,280.93978972979835
17343,4,general,106,139.4320149064722
17344,4,general,1031,1242.7955254932642
17345,3,general,150,160.21764837352737
17346,4,general,120,161.30700492280982
17348,1,general,803,667.4638369700237
17349,3,infantry_grenadiers,480,519.5032118970422
17350,0,infantry_line,248,264.3403152488819
17351,3,infantry_line,212,225.64960786936197
17352,0,infantry_line,579,548.924907440853
17354,1,infantry_line,850,707.1620040281765
17355,0,infantry_line,187,215.80316278738326
17356,4,infantry_line,500,538.8019719536459
17358,0,general,72,101.5186098158216
17359,3,general,114,124.96471946150687
17360,2,infantry_line,215,203.1421805166533
17361,4,infantry_line,173,177.46639786283023
17362,3,general,182,190.79073867060313
17363,2,general,87,105.23040626515385
17364,3,infantry_line,183,177.79959000680756
17365,1,infantry_line,248,237.8004116593828
17366,2,general,304,247.7409660284107
17367,4,general,79,128.13179361663998
17368,4,general,342,306.3629673007193
17369,2,general,534,449.3959447725595
17370,3,general,156,167.2274116490286
17371,3,general,302,256.85038833735524
17372,4,general,399,347.74683573054045
17373,3,general,496,452.9480856440932
17374,1,general,277,255.72101907563467
17375,4,general,441,390.2932236827781
17376,3,general,330,338.1354064357899
17377,2,general,623,623.2869326955355
17379,4,general,532,581.5049985915632
17380,1,general,520,483.9486102397089
17381,3,general,604,561.710205368819
17382,1,general,381,374.08066149139984
17383,1,general,376,355.00297559399837
17384,2,general,570,562.3339896367486
17385,1,general,385,400.9626778902
17386,1,infantry_grenadiers,369,470.09871938875335
17387,1,infantry_grenadiers,431,449.78506830441444
17389,3,infantry_grenadiers,496,486.89396717832096
17390,1,infantry_light,600,611.5708859565692
17391,3,infantry_light,582,563.2859431327516
17394,2,infantry_line,171,213.12500819401254
17395,1,infantry_line,479,438.7722239084009
17396,1,infantry_line,397,384.11838046531943
17397,2,infantry_line,222,226.0255855382788
17398,3,infantry_line,404,373.1644281037794
17399,2,infantry_line,338,325.8884851011985
17400,3,infantry_line,306,321.58259325627125
17402,2,infantry_line,325,303.96757715173266
17404,1,infantry_line,675,608.8152114244431
17405,0,infantry_line,715,756.9259069179351
17406,1,infantry_line,672,650.2432242397343
17407,1,infantry_line,594,632.9186094397434
17408,4,infantry_line,482,472.5097317569973
17409,3,infantry_line,372,366.9764173607197
17410,1,infantry_skirmishers,250,278.4941038313968
17411,2,infantry_skirmishers,377,374.04773016688245
17412,4,artillery_foot,346,354.83044306388035
17413,3,artillery_foot,822,797.9379745364446
17414,0,general,273,262.48178862015993
17415,4,general,463,425.69670162951445
17416,1,general,263,265.85104128178506
17419,3,general,836,643.4741953411432
17421,1,general,203,196.2464909300965
17422,0,general,437,333.71651689310727
17423,3,general,854,737.1018984907473
17424,1,infantry_grenadiers,378,411.372262180273
17425,4,infantry_light,422,406.4667485583762
17426,3,infantry_light,311,315.94791617844265
17427,4,infantry_line,317,305.7158655659228
17429,4,infantry_line,330,338.11016778449624
17430,3,infantry_line,307,294.3055394789033
17431,2,infantry_line,177,173.66117962950358
17432,4,infantry_line,971,985.2313628241058
17433,1,infantry_line,952,888.8563318831368
17434,3,infantry_line,234,219.98308118800247
17435,4,infantry_line,289,274.61875692180297
17436,4,infantry_skirmishers,218,243.87893614123448
17437,1,artillery_foot,375,322.3242809700253
17438,0,general,595,644.8480097022649
17439,2,general,491,443.5090550697533
17440,0,general,617,508.65636738091115
17441,2,general,778,697.408172532814
17442,4,general,399,333.6409000109727
17443,2,infantry_grenadiers,673,766.3748839468153
17444,2,infantry_light,731,647.8021997458312
17445,2,infantry_light,904,875.4046658975479
17446,3,infantry_line,445,452.4819591485537
17447,1,infantry_line,508,453.7512578375317
17449,2,general,748,734.4984768134452
17450,0,general,365,339.2491457512027
17451,0,general,313,293.7109562723356
17453,3,general,676,566.0370793000498
17455,1,infantry_line,492,465.1628475784487
17457,3,infantry_line,365,356.88778157817984
17458,2,infantry_line,664,630.2027898919259
17459,4,infantry_line,780,729.7606441560656
17460,2,general,198,228.62862041737466
17461,3,infantry_light,291,302.6240999094714
17462,2,infantry_line,308,364.55031844044584
17463,4,infantry_line,270,242.8036248417302
17465,2,general,226,202.12841882498174
17467,1,infantry_line,277,352.45237760105607
17468,3,cavalry_light,656,606.3426536865121
17469,1,cavalry_light,643,649.4669261300751
17470,3,general,498,499.07282610642676
17473,2,cavalry_standard,420,453.78420811687664
17475,2,general,205,203.5819478119752
17476,0,general,714,716.664008053446
17477,0,general,381,395.13960737155753
17479,3,general,152,280.75052927517584
17480,2,general,152,179.227126164111
17481,3,general,667,555.414975108848
17482,3,general,328,304.36729980040644
17483,3,general,608,594.7501870928644
17484,2,general,349,320.37659154142625
17485,1,infantry_line,579,539.8973491616298
17486,3,infantry_line,213,249.98474825348657
17487,2,infantry_line,174,185.6020127323114
17488,1,infantry_line,266,268.6836652977631
17492,4,infantry_line,415,417.3817653383556
17494,4,infantry_line,440,462.1860837201645
17497,2,cavalry_lancers,717,689.1685804502846
17498,3,cavalry_light,584,561.4731871728155
17499,4,general,228,391.1646774082403
17500,3,general,148,217.8793811140981
17501,1,general,1,50.92134079816313
17502,1,general,58,84.02753585842689
17503,2,general,200,173.3679790465152
17504,2,general,570,524.238954579478
17506,2,general,7,53.79537034285171
17507,3,general,616,549.8287172382077
17508,3,general,177,169.17588875237468
17509,4,general,8,52.24985933598418
17510,0,general,718,692.6192577734919
17511,0,general,100,123.07866013533183
17512,0,general,337,295.52381170109413
17513,4,general,711,747.6933077212605
17514,0,general,775,708.6673209034007
17515,2,general,241,208.14187638673133
17517,0,general,562,544.3953719649771
17518,3,general,378,410.8805896491465
17519,0,infantry_grenadiers,377,402.74257684961646
17520,3,infantry_light,380,412.86840256085316
17521,2,infantry_light,250,338.1850558429051
17522,3,infantry_light,211,202.75505367910554
17525,4,infantry_light,612,618.3955805734518
17526,2,infantry_line,269,242.48262115995854
17527,3,infantry_line,343,343.3659918608022
17528,2,infantry_line,166,156.35556445637272
17529,2,infantry_line,114,101.3016993330635
17531,2,infantry_line,121,120.63162914063521
17532,4,infantry_line,104,101.08776085106268
17534,2,infantry_line,281,285.5859193053356
17536,3,infantry_line,458,460.44311706072995
17537,4,infantry_line,614,597.1806589423629
17538,1,infantry_line,716,646.2503002789156
17539,0,infantry_line,360,333.9706527766367
17541,2,infantry_skirmishers,203,253.73006633321418
17542,1,infantry_skirmishers,78,109.6810088031455
17543,2,infantry_skirmishers,250,274.71934614720806
17544,2,artillery_horse,644,624.834381676057
17547,1,cavalry_light,1070,1133.0281993438264
17548,2,cavalry_light,840,865.15852060688
17552,2,general,167,196.7012120056394
17554,4,general,1420,1353.0600100689942
17555,3,general,128,120.56840078657548
17556,0,general,112,131.65701713420577
17557,2,general,138,177.08341346429103
17558,4,general,678,628.3054022972128
17559,4,general,187,214.10770602454483
17560,4,general,190,214.43106875876245
17561,1,general,223,312.68188570022886
17562,0,general,872,942.9029566378357
17563,3,infantry_grenadiers,335,425.30184719182154
17564,2,infantry_irregulars,135,129.06528193491016
17567,4,infantry_line,267,296.28436106787524
17569,2,general,158,158.6837518639929
17570,4,general,430,425.7656925351704
17571,0,general,299,280.88333516087704
17572,1,general,184,174.97638769073782
17573,2,general,134,127.82034905432309
17574,1,infantry_grenadiers,425,418.4321581183574
17575,4,infantry_irregulars,146,143.4157000711121
17576,4,infantry_line,221,221.59906366340346
17577,0,infantry_line,254,245.51670659106563
17578,3,infantry_line,240,233.15261412672598
17579,1,infantry_line,300,294.79928394519067
17580,2,infantry_skirmishers,340,369.7766453943119
17581,2,general,255,214.20031496900444
17583,1,general,361,337.23715916035144
17584,1,infantry_light,240,224.60827081686864
17586,3,infantry_line,418,427.2717564433598
17587,2,infantry_skirmishers,289,262.2977392360674
17588,4,cavalry_standard,392,436.53255760950907
17589,1,general,265,323.336902075631
17590,4,artillery_foot,473,547.8528734690068
17591,3,general,143,198.3927674285503
17592,4,general,1135,1193.1941695306937
17593,2,general,173,165.77075753283353
17594,1,general,299,289.2079638493342
17595,3,general,276,250.53871566548307
17598,4,general,369,328.4354871585443
17599,4,general,71,102.06434827923374
17600,2,general,539,502.1300832545255
17602,4,infantry_light,371,358.88303699855663
17603,2,infantry_light,820,803.6684106081067
17604,2,infantry_line,478,473.80632660298727
17605,3,infantry_line,184,190.2370746558282
17607,1,infantry_line,162,166.6332606040994
17608,4,infantry_line,192,202.9070974235279
17609,0,infantry_line,381,389.89263681214527
17610,4,infantry_line,219,264.3614732868585
17611,2,infantry_line,453,455.9744395432636
17612,3,cavalry_light,412,396.9113629986725
17613,0,cavalry_light,464,469.1260492148703
17614,1,cavalry_light,270,294.49165269799863
17615,1,cavalry_light,271,294.2741092755885
17616,1,cavalry_light,352,411.2494222886889
17617,2,cavalry_light,379,366.2223463586235
17618,3,cavalry_standard,906,912.0363977770728
17619,1,cavalry_standard,1204,1207.6201004699135
17620,0,cavalry_standard,1027,959.2326849311562
17621,0,cavalry_standard,716,720.9663034120877
17622,0,cavalry_standard,584,559.3958452438518
17623,0,cavalry_standard,548,556.4137137943687
17624,2,cavalry_standard,614,589.7672994812383
17625,3,cavalry_standard,283,352.8429026051416
17626,4,general,125,187.37395715095695
17627,2,general,844,729.9526834512544
17628,1,general,510,458.67958141770544
17629,0,general,1277,1352.89914482099
17630,1,general,309,273.4115494774637
17631,0,general,338,324.335736985031
17632,0,general,120,177.00951593126712
17634,2,general,225,209.75032713925566
17636,1,general,676,667.2729313415041
17638,4,general,267,252.80137184960057
17639,3,general,377,314.376857592857
17641,3,general,1015,1137.8665580941192
17642,4,general,994,908.3588802297055
17643,2,general,920,884.421568209174
17644,1,general,559,477.8958189942885
17645,0,infantry_grenadiers,1042,1007.3244206352464
17646,0,infantry_light,361,378.4305129050049
17647,0,infantry_line,218,224.67796706832064
17648,4,infantry_line,246,248.50064890317535
17649,0,infantry_line,472,471.54870969883876
17650,2,infantry_line,1038,911.7314166991844
17651,2,infantry_line,907,928.9047618532386
17652,0,infantry_line,729,729.1899565191084
17653,0,infantry_skirmishers,257,274.61391761869356
17654,0,artillery_horse,649,628.4399109315431
17655,2,cavalry_light,389,406.73956845021183
17656,0,cavalry_light,924,1062.913928589724
17658,4,cavalry_light,430,419.5010216490903
17659,3,cavalry_standard,911,952.7665921217414
17660,2,cavalry_standard,675,702.7764292649665
17662,0,general,517,502.82681177741256
17663,3,general,295,275.402360787426
17664,1,general,256,269.6637724611467
17665,4,general,987,1091.7958535615753
17666,4,general,708,732.26577398798
17667,0,general,462,434.5621930476382
17669,4,general,523,514.5821111020479
17670,3,general,256,233.8067361422827
17671,4,general,898,913.3557430090865
17676,4,infantry_light,353,367.04511363559726
17677,0,infantry_light,774,740.9126749921068
17678,2,infantry_light,1020,918.8250561760171
17679,2,artillery_foot,900,801.9158825425919
17680,1,cavalry_standard,1101,1060.1961808506494
17681,4,cavalry_standard,519,507.5785777535686
17682,0,cavalry_standard,628,590.3239350098785
17684,3,general,420,401.282610720947
17685,3,general,642,554.6578772114863
17686,0,general,911,810.4742785676061
17688,1,artillery_horse,1360,1315.8803219236952
17689,1,cavalry_heavy,1845,1611.8023547925043
17690,1,cavalry_light,869,861.8178805943487
17692,4,general,1756,1466.147338229941
17694,4,general,703,635.6354962519455
17695,0,artillery_horse,1275,1342.2422193460923
17697,0,cavalry_lancers,1293,1342.7145475078958
17698,2,cavalry_light,1138,1394.859241941466
17699,2,cavalry_light,930,1086.8971557054347
17701,2,cavalry_standard,1118,1149.6559895770108
17702,4,cavalry_standard,1249,1298.414034692144
17703,1,cavalry_standard,933,852.0765884614714
17704,3,cavalry_standard,670,732.1198373956562
17705,2,cavalry_standard,1252,1320.0070176101976
17706,2,cavalry_standard,979,1094.0812554375314
17707,3,general,1051,1030.411246916378
17708,4,general,1131,1125.2539846676827
17712,3,general,1416,1535.6513344881776
17713,3,general,1147,1133.979338179327
17715,4,general,1216,1211.8121427295275
17716,1,artillery_horse,1360,1315.8803219236952
17717,2,artillery_horse,169,193.57293134943592
17718,2,cavalry_light,421,418.22819597542
17719,4,cavalry_standard,534,539.959774283373
17720,3,cavalry_standard,1160,1119.5768915511626
17721,3,general,485,470.3440325057669
17722,4,general,1013,909.2821969083479
17724,0,cavalry_standard,728,712.7218574582522
17725,4,cavalry_standard,1043,1054.897505443591
17726,1,general,579,560.9666094735301
17727,3,general,893,796.5057029662
17728,0,general,1066,1092.2370663774884
17729,1,artillery_horse,1360,1315.8803219236952
17730,1,artillery_foot,375,322.3242809700253
17731,0,general,291,250.9996709238622
17732,3,general,178,176.9426040944315
17733,2,infantry_light,401,371.32256618848794
17734,2,infantry_line,285,285.81368478962435
17735,0,general,104,119.08012792711448
17736,0,general,143,140.76214766069117
17739,4,infantry_line,245,244.65106477419715
17740,2,infantry_line,177,173.66117962950358
17741,1,general,796,632.1326164352902
17742,2,general,406,338.07795861827657
17743,0,general,731,653.0731732468913
17744,0,infantry_light,933,789.5263696028774
17745,1,infantry_line,683,554.0985848779857
17746,1,infantry_line,478,427.6169749501065
17747,2,cavalry_light,567,570.2636218328896
17748,3,cavalry_light,338,349.52136326105995
17750,1,cavalry_standard,655,711.3927279698156
17752,3,general,389,368.6385012738339
17753,0,general,518,549.2261319068048
17754,4,general,205,228.3841378190249
17756,4,artillery_foot,356,361.13576199781704
17758,2,artillery_foot,967,977.4967291800514
17759,3,artillery_foot,428,407.0083232660957
17762,4,artillery_foot,418,388.8547808951282
17763,4,artillery_foot,634,698.8366657383413
17764,4,artillery_foot,634,698.8366657383413
17765,4,artillery_foot,634,698.8366657383413
17766,4,artillery_foot,634,698.8366657383413
17767,4,artillery_foot,634,698.8366657383413
17769,0,artillery_foot,558,586.7108721245316
17770,0,artillery_foot,558,586.7108721245316
17771,3,general,199,200.3086025669977
17773,0,general,351,352.9501938815024
17774,2,general,556,600.2701742858062
17775,0,general,351,352.9501938815024
17776,3,general,76,76.72339770187136
17777,3,general,199,200.3086025669977
17778,2,general,927,921.2250179958202
17779,3,general,199,200.3086025669977
17780,1,general,700,674.6722615094728
17781,1,general,198,222.0328752177857
17782,2,general,556,600.2701742858062
17783,1,general,718,704.2586564523305
17784,4,general,569,595.3582026621641
17785,2,infantry_grenadiers,365,338.9054018359658
17786,3,infantry_grenadiers,372,329.17755719783895
17787,3,infantry_grenadiers,372,329.17755719783895
17788,0,infantry_grenadiers,367,319.3309073157374
17789,4,infantry_grenadiers,370,352.4210501807583
17790,0,infantry_grenadiers,357,364.27022646519464
17791,0,infantry_skirmishers,209,231.54971330980982
17792,2,infantry_skirmishers,206,204.47568702053843
17794,0,infantry_skirmishers,209,231.54971330980982
17795,1,general,487,436.74830790098764
17796,2,general,650,748.0908628600439
17797,2,general,367,357.3367288447631
17798,4,general,252,235.62925950060563
17799,4,general,481,481.6930203839312
17800,1,general,157,201.33441987065413
17801,0,general,1751,2020.5451582662035
17802,3,general,294,333.86130557896666
17803,3,infantry_grenadiers,1272,1334.6974023416367
17805,2,infantry_light,448,410.53641093742067
17806,2,infantry_light,266,277.75022029956546
17807,4,infantry_light,169,226.72085622242804
17808,0,infantry_light,161,167.21659815135772
17809,2,infantry_light,152,161.9914555271908
17811,0,infantry_light,268,312.0203119115814
17812,2,infantry_line,163,171.27641320435504
17813,2,infantry_line,367,414.40596430256574
17814,1,infantry_line,423,400.00774994671
17815,3,infantry_line,233,230.40588266215366
17816,2,infantry_skirmishers,231,224.79145074513528
17817,1,general,262,257.273790064547
17818,4,general,108,124.11095690160708
17819,2,general,162,179.12981299073388
17820,2,general,386,492.39278964590267
17821,4,general,306,462.53226505812876
17823,0,general,425,417.23978750762956
17824,2,general,379,335.4243410089184
17825,3,general,768,720.3920897025829
17826,0,general,379,443.4298792104384
17829,4,infantry_light,255,277.1859480069262
17830,2,infantry_light,200,217.76905745667528
17831,2,infantry_light,824,884.2740392218915
17832,3,infantry_light,456,614.2386157510846
17833,2,infantry_line,206,207.1969528916007
17834,3,infantry_line,339,358.2207689840684
17836,0,infantry_line,446,514.1417763545319
17837,3,infantry_line,283,406.72378382468054
17838,0,infantry_line,492,506.0955120429859
17839,0,general,132,132.4843633837524
17840,4,general,113,129.4660255751701
17841,3,general,253,221.35991747096895
17842,2,general,295,251.2613234300833
17843,0,general,344,290.35447351298666
17844,0,general,115,175.11361010352704
17845,4,general,390,349.2439421180083
17846,4,infantry_line,158,165.17189427551807
17847,1,infantry_line,181,180.66505901516078
17848,2,infantry_line,315,303.2732952560984
17849,4,infantry_line,308,280.9152680216664
17850,1,infantry_line,452,437.17620878267826
17851,4,infantry_line,190,239.27064425456965
17852,4,general,24,74.74964422124533
17853,2,infantry_line,247,236.1733898830843
17855,1,general,112,113.49441000290992
17856,3,general,7,72.53086040906877
17857,4,infantry_line,122,129.97887266822966
17859,4,general,258,266.46281906047324
17860,4,infantry_line,329,348.043142076131
17861,3,infantry_line,230,251.4217923000253
17862,1,general,197,174.5274237756016
17863,3,general,285,250.4410478262317
17864,2,general,142,204.26585621848452
17866,2,general,284,237.47368750830418
17867,4,general,615,638.3886857351772
17868,1,general,271,286.5040026483504
17869,4,general,685,700.4542254583594
17870,3,general,286,225.2432156707188
17871,0,general,444,422.65554350744543
17872,3,general,221,184.34115886550433
17873,2,general,970,968.8359832186095
17875,1,general,152,193.02705000801149
17876,2,infantry_grenadiers,734,745.4349057758744
17877,1,infantry_light,538,576.9357215440047
17878,3,infantry_light,230,250.39530501966482
17879,4,infantry_light,223,255.97439040850423
17880,1,infantry_light,285,256.13775801899067
17882,3,infantry_line,242,245.0555236703414
17883,0,infantry_line,165,216.54720996629524
17885,0,infantry_line,279,285.0015187737891
17886,0,infantry_line,211,199.8206636530815
17887,2,infantry_line,418,400.99300017976617
17888,0,infantry_line,338,357.4120747328371
17889,2,general,118,134.1558785352065
17890,0,general,119,132.70151247224535
17891,4,general,275,234.60560013564225
17893,0,general,109,175.37043543774047
17894,0,general,150,159.2843983595548
17895,3,general,204,243.63009575407426
17896,1,infantry_light,294,343.15614294484885
17897,3,infantry_light,275,322.83133330231067
17899,0,infantry_light,222,234.9727713321873
17900,2,infantry_light,191,207.63369623624908
17901,2,infantry_light,213,228.62039406722613
17903,3,infantry_line,212,281.68386679050036
17905,3,infantry_line,160,161.4151294858549
17906,4,infantry_line,137,135.26811852102512
17908,0,infantry_line,125,137.48700459920767
17909,2,infantry_line,151,174.9750893498013
17910,2,infantry_skirmishers,505,468.0237933401579
17911,1,general,114,141.06057980667217
17913,2,general,169,188.02657431002018
17915,4,general,287,374.77916350644693
17916,4,general,424,390.95752794904485
17917,4,general,158,177.0383450643761
17920,0,infantry_light,682,690.241726720384
17921,2,infantry_line,189,197.85286532519157
17923,0,infantry_line,221,236.1096655069823
17924,4,infantry_line,357,350.67991473863793
17927,1,general,82,111.7118091558785
17929,3,infantry_line,168,210.57706451243334
17930,4,infantry_line,153,158.29472586596063
17931,1,infantry_line,145,171.56809698941183
17932,0,infantry_line,234,227.91915158193052
17933,2,infantry_line,184,190.64871277488783
17934,2,general,332,363.0809723459889
17935,2,general,223,211.30026485411125
17936,1,infantry_line,302,307.2432016261359
17937,4,infantry_line,270,267.69152063437537
17938,1,general,284,258.5864506001838
17939,4,general,439,327.5390114246955
17940,3,infantry_line,413,347.93019222995827
17941,1,infantry_line,341,333.6623326704586
17942,2,cavalry_heavy,2663,2898.330885607232
17944,4,cavalry_light,878,706.4475038832753
17947,3,general,1258,1180.671002111781
17948,3,general,815,607.9785635567392
17949,2,general,730,677.4333892743688
17950,0,general,103,153.11666860053182
17951,0,general,2417,2747.907122252428
17952,3,general,33,84.35393478550552
17953,4,general,224,205.8864487309703
17954,0,general,483,455.4199724450607
17955,2,general,168,247.46438286130544
17956,2,general,379,319.10081596398805
17957,1,infantry_light,333,389.6209155342911
17960,4,infantry_light,341,368.7182489282928
17962,0,infantry_line,228,233.94035538979603
17963,1,infantry_line,167,165.44033531968083
17965,1,infantry_line,234,238.40538846406434
17966,3,infantry_line,222,222.40867939537156
17967,3,infantry_line,229,236.464586809473
17968,4,infantry_line,406,393.1834502159105
17969,2,infantry_militia,124,119.78583335946512
17970,4,infantry_militia,245,214.24334708191006
17971,2,infantry_skirmishers,315,267.7512239548641
17972,1,cavalry_lancers,569,570.6626513591117
17974,3,general,217,205.3753352660901
17975,1,general,421,397.3818190912054
17978,1,general,199,207.43201642657826
17979,0,infantry_line,418,424.14667396719307
17981,4,infantry_line,221,226.72352543381928
17984,0,infantry_line,168,193.2981965520186
17985,1,infantry_militia,62,87.46042320289996
17988,4,cavalry_heavy,1412,1655.7368362251061
17989,1,cavalry_standard,554,561.538626654686
17990,1,general,1544,1772.6905772649143
17991,4,infantry_line,547,480.44646598036286
17992,2,infantry_line,205,257.5974586518041
17994,3,infantry_militia,165,139.68081966060527
17995,2,infantry_militia,242,204.31521883091662
17996,1,cavalry_heavy,1724,1901.7861141814783
17997,0,cavalry_lancers,1162,1170.1112832296317
17999,1,cavalry_standard,623,623.4901705960826
18000,4,cavalry_standard,404,446.37981084838844
18001,1,cavalry_standard,805,845.8518159764146
18002,1,cavalry_standard,853,855.4669349220841
18003,4,cavalry_standard,1132,1074.6572070765405
18004,1,cavalry_standard,609,609.1126690749329
18006,2,general,769,704.0957790238594
18007,3,general,1100,1097.568519066988
18009,3,general,180,132.76453941755366
18010,1,general,338,381.1019482344197
18011,2,general,1069,1018.5056063134763
18012,2,general,470,451.56241087792273
18013,3,general,993,904.7747858248041
18014,2,general,604,542.6122025994807
18015,0,general,693,688.784314350899
18016,4,general,889,846.8552255499114
18017,4,general,1703,1871.738719412739
18018,4,general,693,748.7213769344513
18020,2,general,289,270.4603816016803
18021,0,infantry_light,258,257.3105618684387
18022,1,infantry_light,382,439.1766928629818
18023,2,infantry_line,346,341.9090418773183
18026,3,infantry_militia,145,139.12017482906188
18027,3,infantry_militia,132,130.52584949353928
18028,3,infantry_militia,196,179.88972215852203
18029,2,cavalry_lancers,927,918.6344701897349
18030,1,cavalry_lancers,1087,1210.8650925190705
18032,0,cavalry_standard,1056,1029.245446465153
18034,0,cavalry_standard,811,768.1397202873937
18035,4,cavalry_standard,596,589.3354063194703
18036,1,cavalry_standard,439,480.7314820584382
18038,3,general,913,844.3680207018452
18040,4,general,368,363.3315409282106
18041,4,general,331,377.3851528666816
18043,2,general,926,888.7981075643886
18046,2,general,938,962.7039002507817
18047,1,infantry_light,259,234.79720829378175
18048,1,infantry_light,241,263.1935981848769
18049,0,infantry_light,279,289.6839853847588
18050,4,infantry_line,190,204.89035495849484
18052,3,infantry_line,117,133.61226518697868
18053,2,cavalry_standard,982,942.7111177703133
18054,3,cavalry_standard,862,900.0924299839363
18057,4,cavalry_standard,769,785.659214954427
18058,4,general,603,594.7893212710172
18059,4,general,799,685.4773594721125
18061,1,general,468,472.8629707814252
18063,2,general,681,646.4743261328844
18064,0,infantry_line,203,218.7140669583868
18065,1,cavalry_standard,849,861.7066692181552
18066,4,cavalry_standard,505,515.330651697101
18067,0,general,365,384.97826653145205
18068,3,general,696,704.235292607062
18070,1,cavalry_light,755,721.5054880325802
18071,0,general,729,675.1102151673058
18072,0,general,687,666.3395671588007
18073,4,cavalry_light,327,349.03791566055526
18074,1,cavalry_light,775,697.4235084343187
18075,2,general,223,248.8376624449117
18076,2,general,789,667.9668253245205
18077,0,cavalry_light,920,719.7351693878641
18078,0,cavalry_light,807,688.1972536248645
18079,4,general,790,565.2891496744752
18080,0,cavalry_heavy,1117,1247.1783910074134
18081,1,cavalry_heavy,755,1026.882370525378
18082,4,cavalry_standard,754,790.6063337598923
18083,1,general,923,976.7735598004526
18084,1,general,798,812.479974044871
18085,4,general,572,517.8818629221034
18087,2,infantry_light,311,353.9485156174247
18088,3,infantry_light,363,366.1107431845143
18089,3,cavalry_lancers,668,604.3407170636066
18090,3,cavalry_light,281,336.1487376785542
18092,0,cavalry_light,366,410.96645946601234
18093,1,general,482,430.4798868166541
18094,2,general,519,451.5346987806233
18095,1,general,248,284.6815186077768
18096,2,general,220,224.26199104666094
18097,4,general,163,220.9833508422966
18098,3,infantry_line,224,219.50378236068192
18100,1,infantry_line,241,246.4023427457907
18101,0,infantry_skirmishers,379,243.9764310509322
18102,4,cavalry_heavy,1567,1719.5653917540903
18103,0,cavalry_light,801,750.6736050690906
18104,2,cavalry_light,1047,958.7662738233638
18105,0,cavalry_light,447,472.6580902805755
18106,4,general,902,809.5166325561204
18107,2,general,1585,1716.1559082312872
18108,1,general,491,450.3905589220914
18110,2,cavalry_lancers,505,472.8368953564542
18111,2,cavalry_light,861,719.499793086069
18112,2,cavalry_light,304,346.54813703597557
18113,2,cavalry_standard,538,571.1703225585156
18114,1,general,498,518.7629156272491
18115,4,general,688,608.3279918060722
18116,0,general,798,630.7083460332399
18117,4,cavalry_light,697,607.0148896884137
18118,4,general,547,444.66725043387385
18121,2,artillery_foot,739,825.471220506982
18122,3,artillery_foot,545,657.9382539701573
18124,1,artillery_foot,279,336.8506853458952
18125,2,artillery_foot,642,793.8225207150437
18127,4,artillery_foot,471,646.5750506716421
18129,0,artillery_foot,351,398.5158337717972
18130,1,artillery_foot,279,336.8506853458952
18131,1,artillery_foot,523,651.1808066585435
18132,4,artillery_foot,989,1205.590602341109
18135,0,artillery_horse,1262,1319.2132620666428
18137,0,artillery_horse,1255,1265.2269984745294
18138,3,artillery_horse,2627,2371.545863198819
18139,1,general,199,201.29406295410834
18140,4,general,1014,1161.2609708861917
18141,1,general,351,350.36664333970185
18142,1,general,651,727.2513833011682
18143,1,general,351,350.36664333970185
18144,0,general,1182,1104.3107603462965
18146,1,general,1634,1572.8230531038298
18147,1,general,199,201.29406295410834
18148,1,general,199,201.29406295410834
18149,2,general,76,77.101106432529
18150,1,general,199,201.29406295410834
18151,4,infantry_grenadiers,353,353.5068115932312
18152,4,infantry_grenadiers,353,353.5068115932312
18155,3,infantry_line,84,84.5813079120903
18156,4,infantry_skirmishers,238,253.0515030725435
18157,4,infantry_skirmishers,388,338.49954421383165
18158,0,artillery_horse,404,412.59690359287134
18159,4,cavalry_light,1026,1014.3311097292441
18160,0,cavalry_light,692,650.3103406309959
18161,3,cavalry_light,639,575.4432025603338
18162,0,general,638,626.6871682327444
18163,2,general,102,126.84449566594601
18164,4,general,257,220.13704247424877
18165,0,general,886,870.8492992361728
18166,4,general,584,502.17300113660673
18168,0,general,705,641.7059914739864
18169,2,general,673,642.0630911273889
18170,4,general,220,222.36931170074863
18171,2,general,1174,1341.6499087661057
18172,1,infantry_light,646,608.9785550563652
18173,1,infantry_light,255,229.0653901761335
18176,0,infantry_light,289,263.30137732042857
18177,3,infantry_skirmishers,178,137.698886861329
18178,3,artillery_horse,790,849.3808528112909
18179,2,cavalry_light,1176,1209.439347206289
18180,4,cavalry_light,860,865.4714263657346
18181,3,general,981,981.6515474581553
18182,0,general,961,999.0760497998791
18184,1,general,1095,1144.1586340661283
18185,4,infantry_grenadiers,954,946.0071430914435
18187,3,general,1069,1038.945692967174
18188,3,general,616,614.3121378549974
18189,3,infantry_grenadiers,850,821.8289764379069
18190,4,infantry_grenadiers,604,588.2268600473182
18191,0,general,556,500.42862142277204
18192,3,general,469,377.3029055232237
18193,0,general,1023,1150.5155853023716
18194,1,general,479,404.8552013140405
18196,4,infantry_grenadiers,948,1023.3699583626606
18198,3,infantry_line,475,424.3854142253442
18200,0,general,231,246.56804661768237
18201,4,general,144,138.59774350508462
18202,1,general,357,352.75979794822433
18204,4,general,138,139.64636266685665
18206,0,general,753,720.1369075898982
18207,2,general,424,346.54301141561217
18209,4,general,102,129.67570779537257
18211,0,general,571,476.962957592607
18212,1,general,635,693.7306791156609
18213,0,infantry_light,244,215.28419594060432
18215,0,infantry_light,295,276.5694704075919
18216,3,infantry_light,336,350.17067638343605
18217,0,infantry_line,196,180.44056706795593
18218,3,infantry_line,302,248.04700054946932
18219,1,infantry_line,673,623.0191945058039
18220,4,infantry_line,355,315.13412632431033
18221,0,infantry_line,396,347.4917496345261
18222,4,infantry_line,207,195.91794636878237
18223,2,infantry_line,590,624.4825762420164
18224,1,infantry_skirmishers,195,210.92494050184362
18226,0,cavalry_light,657,637.3719565545514
18227,2,general,96,105.2631125010725
18229,2,general,173,160.59477993206625
18230,0,general,134,127.37285813198143
18231,0,general,618,632.1351995408318
18232,2,general,810,742.2249891814254
18233,0,general,419,410.1269876403475
18234,2,infantry_line,240,204.80369843990408
18236,4,infantry_line,412,415.8699331310601
18238,3,general,133,123.16963217772565
18239,2,general,827,725.9219491143064
18240,1,general,170,149.8686026445369
18241,1,general,38,65.71413581807816
18242,3,general,734,735.2319923292101
18243,0,general,872,826.9298901939125
18244,1,general,662,691.8984692075029
18245,1,infantry_light,573,538.314692283698
18246,1,infantry_line,144,121.49809645937897
18251,1,general,281,234.92182480478115
18252,1,general,836,837.0949848701395
18253,4,general,235,231.057324396883
18254,3,general,494,397.52655189959876
18256,1,general,284,275.8498259035581
18257,4,general,136,138.75411679893298
18258,4,general,100,107.73328780367265
18260,4,general,1304,1517.2195216838527
18262,1,infantry_light,157,140.99998489254537
18263,4,infantry_light,168,157.1439064440465
18264,0,infantry_light,212,179.0812772037001
18265,0,infantry_line,605,543.5276947612003
18266,1,infantry_line,756,712.6843799913789
18268,4,infantry_line,897,889.7402365780761
18269,4,infantry_line,278,274.4668359653222
18270,3,infantry_skirmishers,247,222.8462249586703
18271,2,general,155,148.02696615520605
18272,3,general,114,121.76115937702119
18273,3,infantry_line,217,211.81701043818785
18274,3,general,383,328.671885191484
18275,3,infantry_line,486,467.0958170137852
18277,0,infantry_line,216,202.53380766187098
18278,2,general,558,579.1173689990231
18279,4,general,617,637.3137148732924
18280,4,infantry_line,522,529.3186593424758
18281,1,cavalry_light,634,592.5205666221111
18282,4,cavalry_light,505,505.65871097134436
18283,0,general,411,414.2804320934664
18287,0,general,375,368.6984713580763
18288,0,general,228,218.35095020583478
18289,1,general,489,428.31139846861254
18290,0,general,281,236.3964788615778
18291,0,general,472,452.62515909651864
18292,3,infantry_line,202,181.24540727493823
18293,3,infantry_line,250,243.55928946790186
18295,2,infantry_line,243,223.46445991138629
18297,2,cavalry_lancers,669,724.3380686708134
18298,2,cavalry_lancers,632,682.3170842299301
18299,4,cavalry_light,927,894.5839996317607
18300,0,cavalry_light,809,812.4875030263275
18301,0,general,611,675.1551260376388
18302,4,general,966,1029.1905237791254
18303,1,general,74,93.56239275690085
18304,2,general,95,98.62873824496718
18305,1,general,831,879.0765675366748
18306,3,general,1,43.689097228612006
18308,0,general,483,474.79261449652256
18309,4,infantry_line,161,142.25472163947532
18310,2,infantry_line,176,164.3319769911057
18311,4,infantry_line,108,92.17458365640967
18312,0,cavalry_lancers,669,681.1079695362926
18313,2,cavalry_lancers,761,781.3208277161808
18314,1,general,521,480.1435769535565
18315,1,cavalry_lancers,782,763.6650841196296
18316,2,cavalry_lancers,601,666.1576685493133
18317,4,general,668,652.9617795927725
18318,0,cavalry_lancers,724,781.7871997482456
18319,2,general,720,788.9331836690918
18320,4,general,270,294.739605262914
18321,3,general,603,691.0629197004589
18322,4,general,619,632.5821085738007
18323,1,general,335,318.77772213485247
18324,4,general,543,556.1828861035842
18325,4,general,747,777.5252810001451
18327,1,infantry_grenadiers,326,325.25564639071223
18328,0,infantry_grenadiers,714,791.2360186085959
18330,0,infantry_grenadiers,663,657.5064482254649
18331,0,infantry_grenadiers,511,466.13563291003356
18332,1,infantry_grenadiers,700,709.4008815935929
18333,2,general,319,394.2766497150612
18334,2,general,605,626.5401881913187
18335,0,general,169,240.3742830768745
18336,1,general,208,225.68725126723353
18337,2,general,461,474.06330636142434
18338,2,general,233,213.17943364171316
18339,3,infantry_grenadiers,576,559.9698119079881
18341,0,infantry_grenadiers,384,446.6308195232323
18342,0,infantry_grenadiers,319,273.0495152587844
18344,3,general,77,91.58733460437587
18345,2,general,77,92.99711635992502
18346,2,general,200,160.19308486818713
18348,1,infantry_line,151,132.47814426852239
18349,2,general,50,75.46078544823487
18351,4,general,239,200.96711568852618
18352,0,infantry_line,156,135.95847502644688
18354,4,cavalry_light,680,649.3460877758555
18355,2,general,51,70.71138504159836
18356,2,general,537,509.70117236894856
18358,4,general,192,196.60461155217317
18359,3,general,108,132.10190519740158
18362,2,infantry_line,217,210.06644824186853
18363,3,infantry_line,364,471.1153237170866
18364,1,artillery_foot,715,621.5936210325364
18365,0,artillery_foot,529,513.1519562732302
18367,4,artillery_foot,425,381.4319792419715
18368,0,artillery_foot,104,131.272371433379
18369,0,artillery_foot,418,524.7852280191667
18370,0,artillery_foot,266,244.7674092254782
18371,2,artillery_foot,549,485.3092015410452
18372,2,artillery_foot,603,520.1234811934412
18373,1,artillery_foot,680,631.9236467360533
18374,3,artillery_foot,222,212.24047715344943
18375,1,general,1232,1190.084891450521
18376,4,general,659,607.6746906516352
18377,3,general,629,531.4470088963383
18378,4,general,1,1.0
18379,3,general,177,178.0449532527553
18380,3,general,177,178.0449532527553
18381,3,general,177,178.0449532527553
18382,1,infantry_grenadiers,293,385.31305685487035
18383,1,infantry_grenadiers,293,385.31305685487035
18384,2,cavalry_light,812,786.0578104153324
18386,0,general,1129,1030.6207923789793
18387,4,general,247,234.32000857601957
18388,2,general,709,637.9759317873868
18389,3,general,1885,2113.4155407915105
18390,2,general,610,520.3299275584021
18392,4,general,1010,990.5850598251262
18393,4,infantry_grenadiers,1634,1710.2404839366066
18394,3,infantry_light,735,767.1589784017252
18395,4,infantry_light,733,747.2224004672862
18397,3,infantry_skirmishers,472,494.3505399414035
18399,0,general,131,170.3438240690385
18400,2,general,284,244.8385234299828
18401,0,general,243,367.7373729371957
18402,4,general,476,337.46218162497723
18403,3,general,394,480.67049922339606
18404,4,infantry_line,509,689.6356236725059
18405,0,infantry_militia,420,361.0316022743267
18407,4,infantry_militia,360,384.1716155352489
18408,3,infantry_militia,298,431.4710632758738
18409,2,infantry_militia,231,246.07705203493745
18410,0,general,291,262.61085306508954
18411,4,general,185,213.31550051594823
18412,1,infantry_militia,242,257.68976162345984
18413,2,infantry_militia,382,379.1354768392955
18415,1,cavalry_heavy,723,781.4076572257796
18416,4,general,2706,2832.0610072615796
18417,1,general,556,636.2769006766663
18418,2,cavalry_light,531,524.2296183628442
18419,4,cavalry_light,626,570.9001711033245
18420,0,cavalry_light,659,663.453870975303
18422,0,general,508,449.7940393654108
18424,1,general,34,82.56743340385432
18425,3,general,206,170.37491693792418
18426,1,general,73,111.06908958878476
18427,2,general,125,128.72951139965167
18428,1,infantry_militia,142,171.55836597692152
18429,0,infantry_militia,127,130.0910743100735
18431,3,general,120,132.4606122028609
18432,2,general,189,166.51912824336333
18433,3,general,41,85.03816266761076
18434,3,general,84,103.1329726403378
18436,4,infantry_militia,268,270.52055712451323
18437,3,infantry_militia,136,138.7573211091429
18438,1,general,187,172.1206239227813
18439,1,general,242,205.02273926764184
18441,3,general,671,486.291259624673
18442,2,infantry_militia,377,289.6576132190685
18444,2,infantry_militia,636,586.6516470750441
18445,3,cavalry_light,976,921.9154282760458
18446,1,general,862,754.2132621916405
18447,0,artillery_foot,550,508.74969254198606
18448,4,general,1,1.0
18449,4,general,462,395.4000384417448
18450,0,cavalry_lancers,811,821.464494799866
18451,2,cavalry_lancers,747,769.8225598518609
18452,2,cavalry_light,736,734.2020468755551
18453,3,cavalry_light,1708,1798.8278696129978
18454,2,cavalry_light,1225,1329.6691544141015
18455,1,general,506,461.44247820051385
18456,1,general,651,570.3578507593858
18457,3,general,606,613.5961798936545
18458,4,general,239,196.93711301598856
18459,3,general,452,418.7608491431941
18461,1,general,717,636.1619535254624
18463,3,general,523,514.0926132415412
18465,3,general,412,352.4542637815628
18466,1,general,1084,1329.9720703101548
18467,1,general,408,329.71038163830053
18468,0,general,536,502.4956189840828
18469,2,general,731,757.4176088932353
18470,1,general,361,270.5123191116834
18472,3,infantry_grenadiers,502,497.0368942680281
18473,4,infantry_grenadiers,476,477.0874438736125
18474,2,infantry_grenadiers,553,541.6379227965543
18475,1,infantry_light,772,774.0143648483676
18476,1,infantry_light,474,495.14575427252777
18477,0,infantry_light,352,316.2130298483577
18478,2,infantry_line,535,569.7258090411173
18479,4,infantry_line,493,491.9640995854296
18480,3,infantry_line,638,664.9691151330485
18482,0,cavalry_light,1034,1098.6550018594955
18483,4,cavalry_light,524,548.8409745535996
18484,0,general,239,219.12537304190704
18485,2,general,907,992.7738826195714
18486,2,general,395,390.81452470399523
18487,1,general,70,86.20059534727224
18488,4,general,289,233.37908242787188
18489,4,general,192,179.54521640088151
18490,4,general,106,106.37209114785259
18492,1,general,375,427.9661052499038
18493,1,general,1114,1174.45009668922
18495,0,infantry_grenadiers,1035,1085.4194579310008
18496,1,infantry_line,176,170.28851786312467
18497,4,infantry_line,391,370.0698061081289
18498,3,infantry_line,297,299.70328349071167
18499,1,infantry_line,556,585.6442326753835
18500,2,infantry_line,445,505.053327797629
18501,1,cavalry_heavy,1911,1998.759462385758
18502,3,cavalry_standard,736,843.0608230305927
18504,3,general,625,697.4241014103502
18505,1,general,583,676.6669914963321
18506,4,general,1728,1809.1947670975503
18507,1,general,1953,2068.511155472019
18508,3,infantry_light,347,305.7557662674464
18509,3,artillery_horse,1015,1086.5897304760526
18510,1,cavalry_lancers,635,712.0081248497173
18511,1,cavalry_light,1430,1590.2184502447171
18512,4,cavalry_light,640,626.5153855031957
18513,1,cavalry_standard,1463,1356.2825419958099
18514,2,general,119,126.7549432457872
18515,1,general,427,334.9586802201641
18516,4,general,160,132.81997318631676
18517,4,general,211,165.57474507590229
18519,1,general,156,162.9749620219157
18520,4,general,603,577.8531775190125
18522,2,general,328,259.51465864425336
18523,4,general,160,156.47261890088276
18525,1,general,386,336.1775192411347
18526,3,general,500,396.779290151031
18527,3,general,546,527.2808505658119
18529,1,infantry_grenadiers,385,397.99589886102154
18530,0,infantry_grenadiers,608,613.7279526518156
18532,2,infantry_light,276,231.0781266707736
18533,1,infantry_light,359,313.3590259378335
18534,2,infantry_light,458,427.3073343838901
18535,0,infantry_light,495,425.3888811239484
18536,4,infantry_line,225,233.1223771155636
18541,4,infantry_skirmishers,127,117.97075433807237
18543,1,infantry_skirmishers,265,252.50821712503213
18544,3,cavalry_lancers,999,951.1564764798471
18546,1,cavalry_lancers,603,643.3491698788572
18547,0,general,250,216.82293854846196
18548,3,general,216,190.47465368105793
18550,2,general,357,298.6926516906804
18552,2,general,472,487.16016068178027
18553,4,general,329,267.71058790600125
18554,4,general,602,543.1423562631018
18555,1,general,442,358.4809406158602
18556,1,infantry_line,466,454.72799925859704
18557,4,infantry_line,163,146.17355053798966
18558,3,infantry_line,310,283.1548618579867
18559,0,infantry_line,324,321.5911637876706
18560,4,infantry_line,550,533.5605428533339
18561,0,infantry_skirmishers,200,223.65440476741443
18562,3,general,133,126.3271507799286
18563,3,general,155,152.31943052452917
18564,3,infantry_line,201,188.81376850861375
18565,4,infantry_line,255,258.28173300384157
18566,1,cavalry_lancers,1024,1016.8237675915158
18567,3,cavalry_light,1230,1145.1740390144466
18568,2,general,391,315.8795484522049
18570,4,general,550,479.1091325177322
18572,2,general,431,344.3663254630255
18573,2,general,980,1074.9684748220116
18574,4,general,900,941.8369616541233
18578,2,general,669,628.2794967699641
18579,0,general,301,267.80761959471516
18580,4,general,416,437.71311633799127
18581,0,general,794,849.4808882462818
18582,1,general,354,331.4118584981483
18583,2,infantry_grenadiers,539,570.8733267411359
18584,2,infantry_grenadiers,418,377.242514933632
18585,2,infantry_grenadiers,624,680.5237539491023
18586,2,infantry_grenadiers,399,461.7131522298673
18587,4,infantry_light,704,629.9535495211849
18588,2,infantry_line,422,397.40791133726424
18589,1,infantry_line,497,479.65478941870856
18590,0,infantry_line,290,290.68487551140396
18591,3,infantry_line,384,358.35223123801313
18592,0,artillery_foot,360,326.30033985129654
18593,2,general,209,192.4569561894435
18594,0,general,63,83.96217552070597
18595,0,general,506,479.8669456363612
18596,4,general,616,639.1326446015796
18597,0,general,762,708.7232252615613
18599,1,general,357,423.51507301727963
18600,2,general,569,470.92661506243934
18601,2,general,610,627.9215024403172
18602,3,general,508,517.8564580638719
18603,3,general,543,475.89464097636267
18604,1,infantry_grenadiers,608,614.3396912581353
18605,4,infantry_grenadiers,483,574.1794634096354
18607,0,infantry_grenadiers,672,703.5985594285426
18608,4,infantry_line,166,158.78190094131023
18609,3,infantry_line,254,262.6685309930848
18610,0,infantry_line,671,631.773750990614
18612,4,infantry_line,491,451.3341739281756
18613,1,general,77,94.92277700268423
18614,2,general,111,112.41640527775698
18615,0,infantry_irregulars,548,691.8404515953786
18616,0,infantry_line,181,175.55599431765725
18618,4,infantry_militia,201,210.3306495203354
18620,1,cavalry_light,858,918.8809726310989
18621,0,general,212,187.20409351393283
18622,2,general,651,636.4934356565709
18623,0,general,736,761.6170089801017
18626,0,general,186,162.8096693021048
18627,2,general,546,525.6666718662995
18628,2,general,390,343.1159658660555
18629,3,general,446,423.4279894926241
18630,4,general,391,339.0763749673533
18631,2,infantry_line,318,297.9655189240135
18632,1,infantry_line,292,274.9953422750386
18633,0,infantry_line,498,511.84711437076015
18635,4,cavalry_heavy,1739,1771.5235687056384
18639,0,general,171,149.97948376847495
18640,1,general,396,392.10791837314866
18642,1,general,365,321.6992278451371
18643,2,general,2329,2289.2992823352142
18646,3,general,571,510.67408389810896
18647,1,general,639,644.3036590010838
18648,4,general,498,453.1114143944785
18649,1,infantry_light,431,452.95002278247176
18651,3,infantry_light,242,213.84658334408994
18652,3,infantry_light,343,322.13327512740796
18654,3,infantry_line,251,258.56373365798515
18655,2,infantry_line,279,263.3953938091493
18656,3,infantry_line,680,724.7513491737044
18657,0,infantry_militia,61,83.7701840745824
18658,3,artillery_foot,350,331.6564803886011
18659,0,cavalry_standard,821,808.9438316515425
18660,0,cavalry_standard,1598,1425.045027765905
18662,2,general,712,688.9416992200761
18663,3,general,1369,1171.2794521317471
18664,1,infantry_grenadiers,420,523.4239525260708
18665,3,cavalry_heavy,1874,1961.5799609429243
18667,2,general,1808,1871.3177944911888
18668,3,general,1917,1955.6591704528971
18669,1,general,791,872.7053089560372
18670,0,cavalry_heavy,2650,2587.475473460339
18671,3,cavalry_heavy,1763,1841.3269453535033
18672,1,cavalry_heavy,2046,2072.3955103010708
18673,3,cavalry_light,833,849.5490849533476
18675,0,general,782,802.0299471522877
18676,4,general,1589,1682.002988782397
18677,4,general,2324,2253.9277379487535
18678,1,general,2541,2550.892932756544
18683,4,cavalry_heavy,1805,1826.3223987369663
18684,0,general,1744,1770.5636277746746
18685,0,general,1738,1722.2887558589896
18686,0,artillery_foot,249,258.13419752241265
18687,3,cavalry_heavy,1748,1911.023734394252
18688,0,cavalry_heavy,1976,1979.0917166250358
18689,2,general,1511,1682.854813791887
18690,0,general,207,167.1360886780219
18691,2,general,455,343.135523822058
18692,1,general,492,464.91691478611693
18693,1,general,167,193.7434852664367
18694,2,general,178,151.09101358801757
18695,3,general,1717,1729.5961298512723
18696,3,general,1577,1712.1522268499612
18697,2,general,321,262.1196922102792
18698,4,general,573,630.2462268572575
18699,0,infantry_grenadiers,458,488.8295813384208
18700,1,infantry_light,363,308.4714909337737
18701,2,infantry_line,310,273.5952490801532
18702,1,infantry_line,282,252.4408972947249
18703,4,infantry_line,641,730.1163642135202
18704,3,infantry_line,389,335.4323273644926
18705,4,general,109,108.80966096389967
18706,0,general,265,232.25861856423634
18707,2,general,690,591.1294869602718
18708,3,general,188,165.55202588079501
18709,1,general,540,588.7349912681592
18710,3,infantry_grenadiers,649,631.4885719895788
18712,1,infantry_line,255,239.53906075572564
18713,1,infantry_line,219,201.39417543205275
18714,1,infantry_line,528,568.2552414395727
18716,3,artillery_horse,89,103.77346559884279
18717,0,cavalry_light,808,788.0768460411904
18718,2,general,656,626.0459504324535
18719,0,cavalry_heavy,861,1444.1669136010526
18720,1,general,661,1175.6921327968666
18721,1,artillery_foot,327,316.4114719416125
18723,2,general,85,95.07640656191133
18724,0,general,447,409.9803430907693
18725,2,infantry_grenadiers,512,500.88607088648615
18726,1,infantry_line,192,170.97046193634378
18727,1,infantry_line,167,150.15453360583933
18728,2,artillery_foot,40,59.72074573407133
18729,4,general,162,140.1936839075849
18730,1,general,183,155.10065090358805
18731,4,infantry_line,265,246.18190956312768
18732,0,infantry_line,206,180.71101514982
18734,1,infantry_skirmishers,236,247.40709005313502
18736,0,artillery_foot,705,622.8432499152781
18737,3,artillery_foot,467,404.7594959385312
18738,4,artillery_foot,480,433.19844395609493
18739,4,artillery_foot,600,799.2319964445385
18740,1,artillery_foot,268,322.98712485995475
18741,2,artillery_foot,776,685.9707106840755
18742,0,artillery_foot,61,80.655211773829
18743,0,artillery_foot,406,368.0390390046029
18744,0,artillery_foot,567,543.0760303599254
18745,2,artillery_horse,1057,1125.414057014736
18746,2,artillery_horse,684,648.3391403767822
18747,4,general,1,1.0
18749,2,general,444,324.22733506538435
18750,4,general,1,1.0
18752,0,general,1195,1168.7051086269223
18753,4,general,1,1.0
18754,1,infantry_grenadiers,420,523.4239525260708
18755,1,infantry_grenadiers,420,523.4239525260708
18757,1,general,828,819.6596027439434
18758,1,general,1244,1249.3990799965047
18759,3,infantry_grenadiers,952,971.8723880768752
18760,0,infantry_grenadiers,608,608.6080659612561
18762,3,infantry_grenadiers,861,844.1135923006749
18763,1,general,860,698.6958696668022
18765,4,infantry_light,851,788.2847563333946
18766,0,infantry_line,567,506.8457703274476
18767,0,cavalry_lancers,823,668.826378458418
18768,0,cavalry_lancers,823,690.0901129777711
18769,2,cavalry_light,723,798.9219804824342
18770,0,general,571,603.9364261817506
18771,0,artillery_foot,755,737.6292006253203
18772,1,general,845,710.2757440781406
18773,2,general,638,659.8684636129802
18774,2,general,669,479.31852485296906
18775,3,infantry_grenadiers,682,745.6021218173387
18776,3,infantry_grenadiers,692,725.2004596641991
18777,1,infantry_line,778,637.4884778384913
18778,4,general,482,541.0721930698614
18779,2,general,847,822.1485189922805
18780,1,general,223,175.70653213598717
18781,2,infantry_grenadiers,703,710.0377639844721
18782,4,infantry_grenadiers,528,552.01998271826
18783,0,infantry_line,327,299.3270625029567
18784,3,artillery_foot,484,426.5651602415721
18785,4,general,1691,1401.9859632273674
18787,2,general,1808,1686.4317704749767
18788,3,infantry_grenadiers,1594,1761.3508831361964
18789,1,infantry_line,1828,1632.9695694704849
18791,2,general,350,326.08146761389094
18792,3,general,1616,1627.9137216334896
18793,1,general,1508,1323.4375006852351
18794,0,general,2189,2765.275945496589
18795,0,general,1486,1419.7458841655653
18796,1,infantry_line,1644,1550.685645471301
18797,3,infantry_line,1630,1697.6909651928981
18799,0,general,148,134.93185694448823
18800,3,general,570,481.2849298199068
18801,3,general,884,897.067422880124
18802,4,general,946,987.4819841085641
18804,0,infantry_line,415,368.35848160598056
18807,2,infantry_line,681,654.0477481142804
18808,2,general,357,301.0909744200447
18810,2,general,558,475.6809827051411
18811,4,general,778,745.2923355295385
18813,1,general,307,248.97087086282997
18815,1,infantry_line,604,530.4462995203802
18816,1,infantry_line,416,360.3262281528695
18817,0,infantry_line,422,515.935143417441
18820,1,general,288,241.80425411103616
18821,3,general,236,194.95918996643704
18822,2,infantry_line,335,318.8931384544359
18823,2,infantry_line,288,276.0987084565185
18824,3,general,311,262.6264203082842
18825,4,general,300,263.03921163362196
18826,1,general,247,214.13796000576045
18827,3,general,469,401.4851954230422
18828,1,infantry_line,351,346.2791336104328
18829,2,infantry_line,411,394.34132087339634
18830,3,general,690,651.2265668899779
18831,4,general,622,531.9164209371775
18833,2,infantry_line,733,684.9169498108299
18834,2,infantry_line,232,228.59945625632974
18835,2,general,296,255.67971216141837
18836,1,general,354,312.12841400368836
18838,1,general,119,116.4573652772622
18841,3,general,461,420.87192241361976
18843,1,general,342,269.09780623889714
18844,2,infantry_line,498,483.8962925744231
18845,4,infantry_line,452,416.49234391415865
18847,2,general,318,269.04782279462154
18849,1,infantry_line,373,348.95133811013585
18850,1,infantry_line,320,297.6019630229303
18852,2,infantry_grenadiers,942,990.5234826935631
18854,3,infantry_skirmishers,243,262.63952887331243
18855,1,artillery_horse,722,679.0502273056856
18856,2,cavalry_light,641,646.8043350536457
18857,0,cavalry_light,657,721.5128334894033
18859,0,cavalry_light,1330,1358.3605905942613
18861,2,general,500,536.9705267137307
18862,0,general,1359,1460.9866540653252
18863,3,general,502,506.33900764199603
18864,0,general,702,657.2801855517913
18865,4,general,1,1.0
18866,4,general,1,1.0
18867,3,cavalry_heavy,1363,1266.7996934196344
18868,1,cavalry_heavy,1817,1749.814196052353
18870,3,general,992,1314.4865063776958
18871,1,general,574,1089.4389249199285
18872,1,infantry_irregulars,568,839.9920103831907
18873,2,infantry_line,1002,917.608481073945
18874,4,artillery_foot,1018,1022.9469800153661
18876,3,general,1049,1399.5042466164737
18877,3,infantry_grenadiers,1175,1577.960345949262
18878,1,artillery_foot,1306,2378.0460918476465
18879,4,general,56,80.08802306655392
18880,3,infantry_militia,82,110.82009835603473
18881,3,infantry_militia,147,148.1025883401323
18882,3,infantry_skirmishers,268,343.2375746293084
18883,2,artillery_foot,256,256.2126012134007
18884,3,cavalry_light,1288,1170.587230866425
18885,2,cavalry_light,1034,1275.6875285217236
18886,4,general,1074,527.2846544452036
18887,2,general,925,1162.9129843546257
18888,3,general,473,456.6715640406037
18889,2,general,76,175.89631300366148
18890,0,infantry_line,398,375.63978212768484
18891,3,infantry_line,164,215.93117254418524
18892,4,infantry_skirmishers,272,275.55601544645583
18893,3,cavalry_light,1123,1144.9842196257132
18894,0,cavalry_missile,486,362.5553000358628
18895,2,general,357,228.1980730833638
18898,4,general,1190,1827.8847587882353
18899,2,cavalry_light,1366,1668.010883336504
18900,3,general,1167,1310.1530146329926
18901,2,cavalry_light,1124,1284.2585614922452
18902,0,cavalry_light,1096,1159.4608147621711
18903,4,cavalry_light,808,842.7023051593601
18905,0,general,907,791.8860685962687
18906,1,infantry_irregulars,269,223.34807237467646
18907,0,infantry_skirmishers,238,309.8750782204271
18908,4,cavalry_lancers,354,387.9816118421289
18909,2,cavalry_lancers,1156,1003.2604272506912
18910,2,cavalry_light,529,590.8300367321883
18911,0,general,232,278.67479427825634
18913,0,general,1093,977.3878429445846
18914,4,infantry_line,286,245.33685864350028
18915,2,cavalry_light,218,394.36392845690614
18917,3,artillery_foot,688,504.49492701704486
18918,4,general,295,228.5452111198911
18921,3,infantry_skirmishers,171,202.77214077566302
18922,1,cavalry_standard,439,495.40724557515966
18923,0,general,254,139.51619057926783
18924,2,infantry_irregulars,192,124.33015801211288
18925,1,general,95,51.59613676697805
18926,4,infantry_militia,176,126.06469150162027
18927,1,general,1,1.0
18929,1,general,526,519.3283183412984
18930,0,cavalry_heavy,2040,1866.5661488746885
18931,1,cavalry_heavy,2068,1996.9138039882341
18932,3,cavalry_heavy,1286,1203.7957636270548
18933,3,general,1949,1727.8268156789768
18934,4,general,527,557.3379497313726
18935,3,general,176,170.56499602304933
18937,0,general,585,564.7001217680177
18938,1,general,1381,1381.8590559383817
18940,1,general,1064,1218.8587243105562
18941,4,general,1337,1266.8758375182658
18942,1,general,1077,955.5042317272273
18943,1,infantry_line,672,659.0780331659199
18944,0,infantry_line,1464,1485.723042615937
18945,2,infantry_line,1512,1560.3491992794038
18946,2,infantry_line,610,634.1952519907163
18947,4,infantry_line,245,234.45592234500594
18948,1,infantry_line,977,924.7074020877689
18949,2,infantry_line,1472,1612.1377881180917
18950,0,artillery_foot,1521,1264.3608926282348
18951,0,cavalry_lancers,607,580.7940350987654
18952,3,cavalry_lancers,674,637.7138310038274
18953,0,general,471,426.0723048012907
18954,4,general,535,532.5180424940346
18955,4,general,1396,1163.072092478745
18957,2,general,694,672.2378453481568
18958,3,general,582,573.9090146649834
18959,2,general,1123,1207.485377119499
18961,2,general,591,593.3190915698598
18962,4,general,365,336.6996050445563
18963,2,infantry_grenadiers,1078,510.8998047039976
18965,4,infantry_line,538,545.6792110125939
18966,0,infantry_line,734,702.1977730903646
18967,0,infantry_line,386,402.824734169115
18968,4,infantry_line,531,518.0767288049144
18970,0,infantry_line,424,423.9648712287047
18971,0,infantry_line,940,867.6814872142393
18972,3,infantry_militia,201,181.41639430220445
18973,0,artillery_foot,655,756.1476912744904
18974,3,artillery_foot,1524,1932.4040930434771
18975,1,cavalry_heavy,1306,1158.7354648947141
18976,2,general,1520,1912.3906319817206
18977,1,general,1103,957.9324860651978
18978,3,general,334,295.949769350369
18979,3,general,384,347.5107275437921
18981,2,infantry_light,341,373.6458642950957
18982,1,infantry_light,1115,1047.8237387002187
18983,4,infantry_line,442,407.8286305705844
18984,3,infantry_line,387,362.39632183943024
18985,4,general,933,1010.8398589626573
18986,0,general,228,198.1297262476624
18987,3,infantry_line,333,312.68687131887475
18988,4,infantry_line,827,792.9144540381274
18989,4,general,150,209.16723353060198
18990,3,general,315,276.09445432182525
18992,1,general,203,180.89856106743898
18993,0,infantry_line,419,393.3080349665335
18995,0,infantry_line,264,314.56200530599773
18996,1,infantry_line,365,334.0194681224983
18997,3,cavalry_lancers,731,675.7914718596486
18998,2,cavalry_lancers,742,686.9625723133432
18999,4,cavalry_light,621,748.7005466114563
19000,4,general,594,948.8487359518177
19001,1,general,279,262.43223447191093
19002,0,general,704,686.0189538843636
19003,4,general,130,159.30963472606695
19004,3,general,461,427.80661417391383
19005,4,general,767,676.9130436819777
19006,3,general,773,882.422521451824
19007,0,general,681,706.6980762681762
19008,4,general,537,484.7000488595926
19009,0,general,312,276.1004935961372
19010,2,general,1333,1567.3770724352187
19011,2,general,579,716.0038331905073
19012,3,general,665,570.203498629649
19013,3,general,330,278.2306636226574
19014,0,general,940,1156.9574329289549
19015,1,infantry_grenadiers,298,231.76667050624013
19016,3,infantry_grenadiers,455,502.4806493283196
19017,3,infantry_line,786,766.2894654221076
19019,0,infantry_line,622,645.6699760770481
19020,0,infantry_line,522,519.3563143385369
19021,4,infantry_line,713,755.975811799334
19022,3,infantry_line,978,1101.6225165506949
19024,3,infantry_line,1368,1514.642783485074
19025,0,infantry_line,372,344.78857671484667
19026,2,infantry_line,835,822.6242089778164
19027,0,infantry_militia,193,179.68498602237855
19028,3,infantry_militia,211,230.9347263727605
19029,4,infantry_skirmishers,269,283.25433640669746
19031,0,artillery_foot,924,895.398440522437
19032,0,cavalry_lancers,361,400.75380824868125
19033,4,cavalry_light,621,748.7005466114563
19034,2,cavalry_light,556,601.856467454054
19035,3,cavalry_light,765,779.1031580400296
19036,3,general,628,536.6697471544658
19037,4,general,262,198.442154122592
19038,0,general,431,322.8932712901186
19039,2,general,370,303.8368739446732
19041,0,general,772,871.6442779947048
19042,2,general,265,241.85168741670367
19043,0,general,442,363.26192142423616
19044,2,general,728,770.6664012351071
19046,0,infantry_line,366,368.42700175772103
19047,2,infantry_line,361,330.8072698754515
19048,3,infantry_line,361,335.8423726898114
19049,0,infantry_line,616,598.3082330568924
19050,2,infantry_line,566,608.3077706706507
19051,0,infantry_militia,466,405.07457934253364
19052,2,infantry_militia,67,102.74888268777626
19053,4,infantry_skirmishers,301,330.9317987742032
19054,2,cavalry_heavy,1381,1415.655791610975
19056,3,cavalry_light,765,779.1031580400296
19057,4,general,689,639.1643540615487
19058,2,infantry_grenadiers,887,839.9516193646683
19059,2,infantry_line,152,188.4026206659376
19060,1,infantry_line,808,788.6218270762521
19061,4,general,259,199.3900606897145
19062,0,infantry_line,329,280.48690409288827
19063,1,infantry_grenadiers,793,887.4280174163939
19064,1,artillery_horse,868,874.733143757949
19066,0,cavalry_light,645,691.989716950749
19067,0,cavalry_light,550,521.7430034692044
19070,1,general,363,270.85876823368636
19073,1,infantry_line,411,321.5076831386403
19074,3,infantry_line,407,422.24209168234523
19075,2,infantry_line,335,340.3563556167573
19076,3,infantry_line,476,404.14022637701163
19077,4,infantry_militia,209,196.50845609184967
19079,0,artillery_foot,332,363.5255010905954
19080,2,cavalry_heavy,1381,1415.655791610975
19081,4,cavalry_lancers,786,708.4350018440989
19083,3,cavalry_light,1137,1186.3302722450412
19086,0,cavalry_light,443,437.2998603663633
19087,4,cavalry_light,461,441.2363768954637
19088,1,general,673,591.445819635038
19090,4,general,375,358.571129059482
19091,2,general,590,642.9661925243704
19092,3,general,940,895.292398214377
19093,2,infantry_line,249,224.5806937782206
19094,2,infantry_line,152,188.4026206659376
19095,0,infantry_skirmishers,292,306.74784014395556
19096,1,cavalry_light,449,448.3343819775132
19097,0,cavalry_light,610,567.8500871745498
19098,4,general,462,410.69169229983584
19099,4,general,315,302.37172115079863
19100,3,artillery_foot,2543,1878.3640392910918
19101,4,cavalry_lancers,894,802.7642143833691
19102,2,cavalry_light,500,573.5395456320005
19103,2,cavalry_light,664,551.2638802415935
19104,3,cavalry_light,732,739.6966624315114
19105,3,general,360,414.73274536377534
19106,1,general,578,455.0944965431153
19107,1,general,776,714.902635985317
19108,3,general,1051,1330.4418394449917
19109,0,infantry_line,290,300.6555983377575
19110,4,infantry_line,869,871.1726927780012
19111,0,infantry_militia,94,90.1722471142462
19114,0,infantry_grenadiers,272,341.18993764961095
19116,0,general,417,350.40690393516553
19117,0,infantry_grenadiers,732,777.4204169562224
19118,1,infantry_line,534,490.0733336307274
19119,1,artillery_foot,1013,871.1193879878175
19120,2,general,694,671.200983914691
19122,3,infantry_irregulars,582,572.0343395069317
19123,2,infantry_militia,291,262.05539231933733
19124,3,infantry_militia,263,265.92871376416656
19125,1,infantry_irregulars,356,354.14514151027527
19126,3,infantry_line,132,183.23811433289032
19128,1,cavalry_light,449,448.3343819775132
19129,2,artillery_foot,457,454.34025503480234
19131,3,artillery_foot,518,476.37759476356774
19132,3,artillery_foot,496,510.0156966470472
19134,4,general,351,352.21539149352935
19135,3,general,199,200.275559224565
19136,4,general,351,352.21539149352935
19137,4,general,351,352.21539149352935
19138,2,general,526,525.67000737007
19139,3,infantry_grenadiers,382,404.09180900364106
19140,2,artillery_horse,1031,1047.010726222042
19141,3,artillery_horse,539,507.04502673099256
19142,3,general,463,502.26793818461147
19143,4,general,229,229.07072027679146
19144,0,general,352,382.39987150399156
19145,0,general,442,443.7670329415773
19147,0,general,523,547.1936550251419
19148,3,general,975,950.3662176835142
19149,0,infantry_light,292,282.6569096951292
19150,3,infantry_light,438,463.7301146958316
19151,0,infantry_light,479,472.39889161542453
19152,4,infantry_light,401,335.4765388521651
19154,1,infantry_line,1098,1093.644358371494
19155,3,infantry_line,958,898.5243383482307
19156,1,infantry_skirmishers,231,205.15203050098617
19157,2,artillery_foot,350,305.9947808634206
19159,3,cavalry_lancers,774,666.7102703011037
19160,4,cavalry_light,1150,1116.5001245197914
19162,0,general,1151,1159.4466723965195
19163,0,general,316,297.54903301496705
19165,3,general,789,680.9271095178466
19166,4,general,780,780.5606596274471
19167,0,infantry_light,719,650.1299656504448
19168,2,infantry_line,413,402.3795818110253
19170,2,artillery_foot,1199,1257.2061655437863
19171,1,artillery_foot,75,87.98071947711664
19172,4,artillery_horse,115,121.92863595443131
19173,4,cavalry_lancers,584,500.90461007525977
19174,3,cavalry_light,500,477.05415322766027
19175,3,cavalry_light,901,918.9958570457164
19177,2,general,341,336.1630852351609
19179,0,general,816,874.2842003797556
19180,4,infantry_line,345,336.2333107923966
19181,0,infantry_line,273,290.98729143759766
19182,0,artillery_horse,405,410.11732529867095
19183,2,general,271,319.3035764922377
19185,4,cavalry_light,652,627.9352465140568
19186,4,cavalry_light,1103,1132.5273200902266
19188,0,general,1297,1067.6697810917576
19189,0,general,988,907.1966412488599
19190,0,general,581,575.6161256459776
19191,1,cavalry_heavy,2534,2635.5611136037273
19192,2,cavalry_heavy,2344,2426.0712002221926
19193,2,cavalry_heavy,662,921.2044153687509
19194,3,cavalry_standard,937,890.3120016732933
19195,4,cavalry_standard,1045,959.8835670549569
19196,4,general,407,380.064143240914
19197,4,general,2288,2483.540241135157
19198,3,general,765,692.3182632424292
19199,3,general,2110,2184.3696334096894
19201,0,infantry_line,454,445.8039901235743
19202,2,artillery_horse,1379,1403.2733280197313
19203,0,artillery_horse,1047,1076.4640210729829
19205,2,general,1371,1300.4802266367365
19206,3,general,332,319.1590693456089
19207,2,general,854,940.5724254303682
19208,4,infantry_grenadiers,855,777.3884126367308
19209,1,infantry_line,388,375.9566800890211
19210,0,infantry_line,345,333.14944931792445
19211,4,infantry_line,338,337.276769598052
19212,0,infantry_line,764,742.0921417938506
19213,1,cavalry_lancers,735,676.292670863283
19214,2,cavalry_lancers,465,445.9089604861533
19215,4,cavalry_lancers,471,440.9875111833499
19216,3,cavalry_lancers,528,464.7483349254937
19217,0,general,417,361.29953827609904
19219,3,infantry_light,316,339.64371713486184
19222,0,infantry_line,703,712.8393537463049
19223,2,general,378,319.9749222039202
19224,1,general,965,866.3435539948617
19225,0,infantry_grenadiers,908,790.2162774614512
19226,4,infantry_line,431,371.45828627709443
19227,1,cavalry_lancers,445,419.4405811129969
19228,2,general,206,206.62361546246126
19231,3,infantry_line,266,260.10588889912714
19232,2,general,265,236.91669768050895
19233,3,general,248,229.24312127434203
19234,3,infantry_line,348,336.4095735104234
19236,0,general,329,286.7508162091465
19237,1,general,236,229.93298672565035
19238,3,infantry_line,434,412.9654022863627
19239,2,infantry_line,295,284.48899320841565
19240,4,artillery_foot,928,856.0039370334136
19241,4,general,828,715.3034912910601
19242,1,cavalry_standard,939,873.976827630238
19244,0,general,767,671.1115046550465
19246,3,infantry_line,376,370.25028141655486
19247,3,infantry_line,681,660.9431626478796
19248,1,general,782,755.632592554416
19249,4,general,297,290.5309511269081
19250,1,infantry_grenadiers,813,777.1408835321972
19251,3,infantry_line,386,381.77162680045575
19252,0,general,269,230.45594693015354
19254,4,infantry_grenadiers,768,706.3366447621883
19255,0,infantry_line,173,151.98160265676006
19256,0,infantry_line,259,240.2692603715464
19257,4,infantry_line,379,347.9343811479665
19259,0,general,173,170.81094337338214
19261,0,infantry_irregulars,166,182.28292476727447
19262,3,infantry_line,212,219.37411731552197
19263,1,infantry_line,312,286.79763560418235
19264,1,infantry_line,200,183.91904341854251
19265,3,infantry_line,360,334.2762341357754
19266,0,infantry_line,362,353.0508803540475
19267,3,infantry_line,503,478.2684697671088
19268,3,infantry_line,277,267.2819071971225
19269,0,cavalry_heavy,1956,2124.2615753479504
19272,0,cavalry_standard,482,509.4613570419579
19273,3,cavalry_standard,828,758.1117600748829
19274,3,general,559,540.1635281260532
19275,1,cavalry_lancers,445,414.5054360384526
19276,4,cavalry_lancers,978,848.696399106531
19277,1,general,806,672.1998823112249
19278,0,artillery_foot,1735,1492.7279719527203
19279,4,general,1,1.0
19282,3,general,177,178.06225693582914
19283,3,general,177,178.06225693582914
19284,0,general,1022,1010.3516856105617
19285,2,general,823,819.2875660631671
19286,2,cavalry_lancers,372,383.61412970195505
19287,0,cavalry_light,553,551.9462924660944
19288,2,cavalry_standard,566,579.552706487312
19289,0,cavalry_standard,680,658.8572371276329
19290,4,cavalry_standard,994,908.8945975378249
19291,4,general,418,403.4044182863314
19292,1,general,318,322.2579710156235
19294,3,general,932,839.3145202697183
19295,4,general,431,428.37615113527767
19296,1,general,673,649.0189572844832
19297,3,general,733,751.3068011771588
19298,4,general,378,327.61871298169604
19299,0,infantry_grenadiers,670,689.3428120367508
19302,3,infantry_line,368,361.2563549789571
19303,4,general,217,206.2200802437975
19305,4,general,189,162.274387978696
19307,1,general,595,592.9037246805029
19308,0,general,301,243.34907588286111
19309,4,general,386,359.02108392599075
19311,0,general,405,340.9962750357182
19312,3,general,358,324.7626531262114
19315,0,infantry_light,311,310.54764095227506
19317,2,infantry_light,525,534.1392484290369
19318,2,infantry_line,297,257.5250217943178
19319,1,infantry_line,190,230.66805513973634
19320,1,infantry_line,512,459.5796815140436
19321,2,infantry_line,437,418.96441879454375
19322,1,infantry_line,317,308.259283820327
19323,3,infantry_line,499,523.4844593276154
19325,3,general,462,356.89004220401995
19326,1,general,184,314.53171799966157
19327,2,general,159,149.22191736372804
19328,3,general,166,159.75028919681395
19329,2,general,343,280.98485544702214
19330,2,general,626,557.3565925351485
19331,0,general,754,726.008481549869
19333,0,general,1000,1069.3573108177927
19334,3,general,1003,1072.0293576137103
19336,3,general,697,715.3448534020636
19337,2,infantry_grenadiers,833,807.9125131243144
19338,4,infantry_grenadiers,1147,1205.4087709285195
19339,4,infantry_grenadiers,948,950.6248737497339
19340,0,infantry_grenadiers,879,860.6248458869806
19341,1,infantry_grenadiers,1238,1261.5996376831768
19343,2,infantry_grenadiers,678,609.9053081647103
19344,2,infantry_grenadiers,765,730.2958157064384
19345,2,infantry_light,472,441.48938292906865
19346,3,infantry_line,241,244.74704491760886
19347,2,infantry_line,270,265.0354409427934
19348,3,infantry_line,223,211.21506738691664
19349,2,infantry_line,558,478.80539102731836
19351,2,infantry_line,264,224.306086683965
19352,3,infantry_line,591,647.0769585252756
19353,4,infantry_line,574,569.7992916113678
19354,1,cavalry_lancers,663,613.2402490138808
19357,1,general,631,625.5335012221321
19358,0,general,589,556.739464951005
19359,4,general,542,504.1351480111412
19360,4,general,651,661.6808314563558
19361,3,general,842,1042.676559124991
19362,1,infantry_line,362,341.69072240603657
19364,4,cavalry_heavy,1705,1650.4682299410565
19365,4,cavalry_heavy,1310,1327.7755221679895
19366,4,general,1156,1151.8915725343402
19368,3,cavalry_light,456,459.65002987431154
19370,0,general,470,434.273161266298
19371,4,general,402,408.08047210033186
19372,4,general,265,278.39770203087215
19373,4,infantry_light,352,349.2431713821346
19374,3,general,207,173.4355470889287
19376,1,general,448,399.22172113510544
19377,3,general,355,298.7621012126012
19378,4,general,365,313.0022135244424
19379,2,general,500,510.622500579742
19381,4,general,793,722.3713203729794
19382,4,general,441,379.6174087736293
19383,3,general,1023,1101.3722965228494
19384,2,general,493,463.6935090650146
19385,3,general,469,434.7523151164311
19386,2,general,323,287.2575404178326
19387,0,infantry_grenadiers,434,362.15465050304243
19388,4,infantry_grenadiers,543,554.5532714799693
19389,2,infantry_grenadiers,582,545.2970787735195
19390,3,infantry_light,490,459.70524045844047
19391,1,infantry_light,417,380.8396085004446
19392,2,infantry_line,197,184.30001559514997
19395,4,infantry_line,285,253.72296420318102
19397,3,infantry_line,902,830.855006157548
19399,2,general,946,972.4237331944128
19400,1,general,399,360.7211076010462
19402,2,general,492,444.7312901123339
19403,2,general,412,364.22943194689987
19405,3,infantry_grenadiers,525,511.32730991712714
19406,2,infantry_grenadiers,829,806.4463405915992
19407,0,infantry_grenadiers,815,859.0437216126053
19408,4,infantry_grenadiers,770,737.248340368002
19410,1,infantry_grenadiers,1148,1151.7816703390026
19411,1,infantry_line,454,433.89169825091807
19412,0,infantry_line,299,306.76956760046465
19413,4,cavalry_light,594,628.2802114888714
19414,3,general,397,368.7689312168984
19415,1,general,673,617.1975897764165
19416,4,general,461,475.9785211335152
19418,4,general,96,192.1947798957686
19419,4,infantry_light,371,356.42496653975246
19420,1,infantry_light,588,523.7793213716375
19421,0,infantry_line,193,169.72043770971138
19422,4,general,650,661.6306785778437
19423,1,general,736,736.9048709071429
19424,1,infantry_grenadiers,780,779.7364893822249
19425,2,infantry_grenadiers,887,856.1739056329596
19426,2,infantry_grenadiers,884,878.2666342760864
19430,1,general,117,135.85713037475185
19432,4,general,124,130.16485419221576
19433,2,general,888,841.4069530262836
19434,2,general,615,589.9620651135112
19435,1,general,1024,1084.4044546559176
19436,3,general,704,770.0111230245665
19438,4,general,675,714.2567815595372
19439,0,general,300,238.22486673094392
19440,3,infantry_grenadiers,802,780.8561331006864
19441,0,infantry_grenadiers,614,547.6948215041316
19442,4,infantry_grenadiers,950,945.2396003206333
19443,1,infantry_grenadiers,1014,979.8615358085345
19444,1,infantry_grenadiers,824,871.2875038216442
19446,0,infantry_grenadiers,1058,1084.1198988031454
19448,0,infantry_grenadiers,769,763.6949873694597
19450,4,infantry_line,192,193.92747714800907
19452,3,infantry_line,411,372.9388019519521
19453,0,cavalry_heavy,1736,1659.8561329724905
19454,3,general,1655,1541.04681679921
19455,2,general,187,198.4865082885084
19458,4,general,368,320.91448168330106
19460,3,general,939,1015.1849548778894
19461,0,infantry_grenadiers,629,634.5570167716653
19462,2,infantry_grenadiers,892,865.9167814510063
19463,2,infantry_grenadiers,697,705.5939105604118
19466,4,infantry_line,212,262.78142607024404
19467,0,infantry_line,226,227.9078827526825
19469,3,infantry_line,576,533.5852564794995
19470,4,general,180,180.97229180609654
19471,0,general,128,123.5649442228624
19472,4,general,670,649.9458594768225
19473,4,general,322,272.9745833629942
19475,4,general,482,442.3715921359117
19477,0,infantry_grenadiers,493,515.6475546477948
19478,4,infantry_grenadiers,574,599.0903688841952
19480,4,infantry_line,175,184.03518942339375
19481,3,infantry_line,279,284.5974914974083
19483,2,infantry_line,441,429.4883748855441
19484,4,infantry_skirmishers,302,358.37369685910977
19486,4,cavalry_light,787,874.8020893457692
19488,0,general,646,678.0967824110547
19489,1,general,284,237.0233431937659
19491,0,infantry_light,398,349.3502626279423
19492,2,cavalry_light,988,1181.18422883196
19494,0,cavalry_heavy,1469,1451.9420116753672
19495,4,cavalry_lancers,410,437.08733941333264
19496,0,cavalry_light,1105,1208.97526485517
19497,4,general,264,219.15027542377445
19498,3,general,362,365.30929390706797
19499,1,general,195,166.60757893926785
19500,0,general,1033,1159.5683912982797
19502,4,general,459,428.1114429886731
19503,3,infantry_grenadiers,566,523.665986733022
19504,2,infantry_line,366,332.82876647975905
19505,1,infantry_line,260,230.07591089214927
19507,1,cavalry_light,394,397.76365860662685
19511,2,general,819,852.0972601591166
19513,1,general,151,327.62329199326126
19514,1,general,232,265.31907300224475
19516,4,infantry_grenadiers,730,685.266557812635
19517,1,infantry_grenadiers,900,888.0410655684803
19518,0,infantry_grenadiers,681,546.4279659389531
19519,3,infantry_grenadiers,633,587.1554353452498
19521,2,infantry_line,292,277.7503810348288
19522,3,infantry_militia,163,230.76441527617834
19524,3,general,318,266.99798348160897
19525,2,general,122,133.07562943552819
19527,0,general,240,218.87905093959253
19528,0,general,872,744.2890765750515
19529,2,general,267,219.5922527514631
19531,3,infantry_line,368,344.5134961085335
19532,3,infantry_line,151,190.84589589131124
19533,2,infantry_line,240,239.69535900530906
19534,2,cavalry_light,600,565.8519199201976
19535,3,general,316,273.46695796176135
19536,3,general,429,396.87857198051245
19537,3,general,429,396.87857198051245
19538,0,general,109,226.26737638206387
19540,4,infantry_line,208,183.38182725744602
19541,3,cavalry_light,771,831.6946390100741
19543,2,general,765,808.0194292282981
19545,1,general,699,621.8907664898634
19548,0,general,123,280.154752221708
19549,1,infantry_line,215,214.80224583042352
19551,1,general,166,162.49399587043254
19553,4,infantry_line,269,261.6054503096844
19554,0,infantry_line,267,262.16129073176086
19556,2,general,385,309.90358487490397
19557,2,infantry_line,357,313.61456019485405
19561,0,infantry_line,248,242.177224573028
19562,2,infantry_line,270,248.35441907300313
19563,0,cavalry_heavy,1570,1577.542013066582
19564,0,cavalry_heavy,1541,1533.845137264448
19567,4,cavalry_heavy,1554,1526.2547495066713
19568,3,general,1378,1288.6994307089883
19569,2,general,179,277.54921892685655
19570,3,general,154,260.68638534940226
19571,4,general,535,544.1297288690726
19572,0,infantry_grenadiers,650,617.0538544881974
19573,2,infantry_line,254,230.69561854485883
19574,0,infantry_line,250,225.6915056913543
19576,1,artillery_foot,656,631.3979332945407
19578,4,artillery_foot,525,697.3658153543488
19579,3,artillery_foot,241,309.4179998606522
19580,1,artillery_foot,236,280.8328309697561
19581,2,artillery_foot,470,459.9428758411714
19582,2,artillery_foot,678,600.8695595984758
19584,1,artillery_foot,325,286.4726417320575
19585,4,artillery_foot,518,497.7161903176009
19586,3,artillery_foot,771,703.9418783366505
19587,2,artillery_horse,925,985.7958047946679
19588,1,artillery_horse,846,858.6478984784943
19589,3,artillery_horse,903,958.0510397528208
19590,4,artillery_horse,1042,965.9996264345294
19591,1,artillery_horse,565,500.62065896500775
19593,2,general,340,365.6867918418206
19594,2,general,549,521.8172096749175
19595,2,general,526,525.7796350665484
19596,4,general,1,1.0
19597,3,general,199,200.27756948394403
19599,4,general,740,631.552671895022
19600,4,general,1,1.0
19602,4,general,1,1.0
19604,1,infantry_grenadiers,359,436.3300673758699
19605,1,infantry_grenadiers,359,436.330067375871
19606,1,infantry_grenadiers,359,436.3300673758699
19607,4,cavalry_light,1063,1038.8391187479176
19608,1,general,169,174.934845104069
19609,0,general,1058,1048.6418772717877
19610,1,general,470,428.9358406508756
19611,3,general,830,842.189025466843
19612,3,general,315,300.24293714654004
19613,2,general,347,270.77224110228525
19614,0,general,173,191.29514710818748
19615,1,general,259,235.40625437931527
19616,0,general,168,189.73847238192178
19617,0,general,183,197.96736370771436
19618,3,general,867,765.4032872827211
19620,2,infantry_grenadiers,873,819.3804789258368
19621,2,infantry_light,303,268.502448794799
19622,0,infantry_light,370,338.0233364757611
19623,4,infantry_light,205,204.25725201017804
19624,4,infantry_light,247,252.3761020182155
19625,2,infantry_line,579,557.3163426166755
19626,0,infantry_line,365,343.440898075481
19627,4,infantry_line,279,293.67795298038675
19628,0,infantry_line,266,289.18893494512866
19629,3,infantry_line,1220,1226.3668908318577
19630,2,cavalry_heavy,2251,2107.5444637355886
19632,4,general,243,224.56056272629368
19633,0,general,318,287.59283704626404
19634,1,general,497,399.79632181983754
19635,0,general,2021,1869.6255580742297
19636,3,general,701,765.235110187827
19638,1,general,640,711.332078135411
19639,4,infantry_grenadiers,685,727.1463093146334
19640,2,infantry_light,434,375.1068203820119
19641,0,infantry_light,476,438.1132346757304
19642,4,infantry_line,340,330.1461349723276
19643,1,infantry_line,417,412.1222738002157
19644,4,infantry_line,624,637.2894876724428
19646,3,artillery_horse,2117,2020.653012813996
19647,1,general,427,363.74954329126405
19648,2,general,415,384.21735736213026
19649,1,general,2141,2314.2066585946945
19650,4,general,386,313.9071422119554
19651,4,general,717,796.4116356971354
19652,3,general,480,466.4435544189776
19653,4,general,583,569.1618575822129
19654,0,general,440,386.27436957652293
19655,4,general,586,559.00226944963
19656,0,general,708,678.2952790862721
19657,1,general,540,480.35604991947923
19658,4,infantry_grenadiers,825,841.7245579683674
19659,1,infantry_light,499,455.28959281934095
19660,0,infantry_light,600,541.252735162533
19661,2,infantry_light,568,551.5218560509032
19662,0,infantry_line,530,505.41660763402626
19664,4,infantry_line,527,518.1028420147742
19665,3,cavalry_light,577,529.3450726879475
19667,3,general,466,433.76972762052867
19668,0,general,210,235.53187722187712
19669,0,general,307,283.95569500110986
19671,1,cavalry_lancers,318,350.3778589683481
19672,4,general,824,841.9213030272718
19673,0,infantry_light,754,717.2442414574917
19674,4,artillery_horse,820,697.0905827211088
19675,0,cavalry_heavy,1867,1719.292179670853
19676,4,cavalry_lancers,471,442.32167278858964
19677,3,cavalry_lancers,528,463.8031309180393
19680,4,general,598,613.3518349462809
19681,0,general,835,634.8770252427855
19682,3,general,1766,1655.8391448903888
19684,3,general,617,568.591337762553
19685,3,infantry_grenadiers,759,738.1983242191595
19686,3,infantry_line,384,376.9096121551041
19687,2,infantry_line,649,662.0341702596062
19688,1,infantry_line,726,726.7916151249339
19689,0,artillery_horse,1066,1060.1375957725027
19691,1,cavalry_light,616,577.6178516095077
19692,0,general,399,346.2033013673934
19693,4,general,869,730.244202177634
19695,1,general,464,413.3036333103073
19696,3,general,318,324.41832241588514
19697,2,general,456,451.697520330576
19698,3,general,1274,1104.050864120643
19700,4,general,312,295.0855380650384
19701,0,general,271,258.2694271562867
19702,1,general,886,867.5585522861498
19705,4,infantry_line,414,404.3867711497535
19706,4,infantry_line,452,407.7131866248139
19707,2,infantry_line,317,325.61640048057814
19708,2,infantry_line,378,379.7388585315058
19709,3,infantry_line,377,346.22602939731274
19710,4,infantry_line,373,370.43488367725155
19711,4,infantry_militia,229,183.09197210185454
19713,1,general,254,243.86052092193003
19714,4,infantry_line,310,314.9955548495343
19716,4,general,619,571.0230343856423
19717,1,general,366,322.73871972481055
19718,1,infantry_line,466,456.48021103096454
19719,3,infantry_line,727,714.7380811360132
19720,2,artillery_horse,148,155.63780702977687
19721,2,cavalry_heavy,1277,1236.0965316711033
19723,2,cavalry_standard,558,581.7798217065066
19724,0,cavalry_standard,523,552.2402377469504
19725,0,cavalry_standard,456,500.87754035593855
19726,4,cavalry_standard,1047,1015.0176999867175
19727,0,cavalry_standard,685,704.4275225104625
19728,3,cavalry_standard,934,924.5760049863977
19729,2,general,642,656.1797276580348
19730,0,general,423,449.423776034471
19731,3,general,270,264.63595464965607
19733,3,general,938,915.6487863732564
19734,1,general,863,791.4354844452192
19735,0,general,840,766.72015565268
19736,1,general,425,447.75757759788723
19737,3,general,230,234.63638688866098
19738,0,general,1123,1114.1015883361451
19739,2,general,272,263.8305119680765
19740,1,infantry_line,293,291.22203006068713
19741,4,infantry_line,365,368.200278537919
19742,2,infantry_line,320,330.72427187417094
19743,2,cavalry_lancers,355,371.3713515949166
19744,3,cavalry_standard,1063,1016.0307166675398
19745,0,general,253,277.06498985953317
19746,3,general,440,408.0499053347868
19747,0,general,877,809.8073293474934
19748,2,general,220,255.16084734098172
19749,0,general,1780,1894.5754351377145
19751,3,infantry_line,491,484.1151440051195
19755,3,infantry_line,356,338.5920178512265
19756,2,general,248,259.36407474628624
19757,0,general,228,181.16520875284473
19758,0,general,214,163.67410856171338
19759,2,general,165,135.4414905950388
19760,3,general,362,328.8922207292591
19761,4,general,200,190.89776543667637
19762,0,general,555,564.5670566096557
19763,1,general,454,371.6444683877351
19764,3,general,399,361.36955154786574
19765,1,infantry_light,270,220.0239278220279
19766,0,infantry_light,332,284.9365639169969
19767,2,infantry_light,305,302.50734650576163
19768,3,infantry_light,386,324.25225979749695
19769,3,infantry_line,303,317.17602054165866
19770,2,infantry_line,410,393.6550490428078
19773,2,general,239,219.24954141984858
19774,3,general,965,1359.7517542270798
19775,4,general,1217,1295.6443871571676
19776,1,infantry_line,296,286.05359429076174
19777,3,infantry_line,173,162.17257042025278
19779,3,infantry_line,982,1063.783935737948
19780,0,general,251,171.22403958217453
19781,1,general,100,107.60072638427224
19782,2,general,686,666.8769606486536
19783,1,infantry_grenadiers,804,749.881045024077
19784,2,infantry_line,207,198.83213653456238
19786,3,cavalry_heavy,1166,1078.620080648518
19787,3,cavalry_heavy,1670,1570.7250013279388
19788,1,cavalry_heavy,1321,1190.6218690177905
19789,2,cavalry_heavy,2453,2249.0020697421824
19790,0,cavalry_standard,555,588.7445462771665
19791,2,cavalry_standard,776,744.3215416516962
19793,2,general,967,885.9160899799303
19794,1,general,455,473.2809585941288
19795,3,general,2211,2027.3868712659503
19796,1,general,1096,957.1577801654804
19797,0,general,1576,1515.9151118280984
19798,1,cavalry_standard,599,594.3103211873633
19799,4,general,456,475.86061770889347
19800,4,cavalry_standard,957,957.2540840488538
19801,2,cavalry_standard,657,656.1107607292944
19802,0,general,825,797.7895492017068
19803,2,general,512,512.9208680714377
19804,3,artillery_horse,578,550.9773008064327
19805,2,cavalry_light,559,546.7932986885604
19806,4,cavalry_light,1103,1135.9536630796115
19807,4,general,1016,1068.1014876121983
19808,0,general,459,471.6709106504418
19810,4,artillery_foot,508,635.7814158105418
19811,2,artillery_foot,450,430.1056808962055
19813,0,artillery_foot,547,707.364155169196
19814,4,artillery_foot,518,678.2707776059358
19815,3,artillery_foot,1917,1544.112769764588
19816,0,artillery_foot,2237,2332.956102488115
19817,1,artillery_foot,1041,1085.765275228663
19818,2,artillery_foot,1115,1105.9229389462362
19819,4,artillery_horse,323,322.9675683498008
19821,4,artillery_horse,821,773.9645534508203
19822,1,artillery_horse,1674,1692.1314956847773
19823,1,artillery_horse,1077,1082.238287482455
19825,2,general,2424,2440.0332696783244
19826,0,general,312,313.8400929042957
19827,3,general,177,178.03282320487122
19830,0,general,924,730.503899331879
19831,4,general,834,906.9591281704294
19833,3,general,827,886.8197387078723
19834,3,general,177,178.03282320487122
19836,4,general,204,265.6637240848353
19837,1,general,408,478.6342222864894
19838,2,general,823,819.154146633233
19839,0,general,2496,3017.592003268298
19840,0,general,569,692.148865926012
19841,0,infantry_skirmishers,136,161.24486808588904
19842,0,infantry_skirmishers,136,161.24486808588904
19843,0,infantry_skirmishers,136,161.24486808588904
19844,0,artillery_foot,330,366.8113913144357
19845,0,artillery_foot,414,406.6895726700653
19846,0,artillery_horse,303,305.8438601044494
19847,1,artillery_horse,1351,1464.2707291245918
19848,0,cavalry_light,475,470.27253508676847
19849,0,cavalry_light,430,413.27348451470465
19850,2,cavalry_light,443,422.4652957467701
19851,2,general,334,339.9595282132241
19852,0,general,350,345.9690685304378
19854,3,general,296,297.51196874109746
19857,0,general,256,238.67089360193472
19858,1,general,273,285.04631969054833
19859,4,general,297,317.13580821652005
19860,2,general,97,122.18516982366354
19862,3,general,208,236.68738079456438
19863,0,general,300,294.8171486334294
19864,1,general,230,243.28941545572042
19865,0,general,381,353.79375366166266
19866,1,general,492,478.7301435921585
19867,3,general,59,90.26991139722112
19868,4,general,433,410.4917024001989
19870,4,general,1094,1077.8913781818017
19871,0,general,513,584.6809683449325
19872,4,general,123,135.77734812369712
19873,2,general,750,776.9336505426277
19874,4,general,630,625.055714971936
19875,3,general,453,395.78488714948867
19876,4,general,539,540.8447871634182
19877,0,infantry_grenadiers,242,225.96212508509964
19878,0,infantry_grenadiers,866,791.4347899844405
19880,2,infantry_light,407,387.92786732119606
19881,4,infantry_light,458,426.92806182946
19882,3,infantry_light,314,335.9415848052274
19883,3,infantry_light,359,336.00902084901253
19885,3,infantry_light,334,349.78160046008975
19886,4,infantry_light,370,362.86680980008276
19887,3,infantry_light,304,332.20701131793135
19888,3,infantry_light,362,320.42535406736584
19889,0,infantry_light,515,530.1276534652204
19890,0,infantry_light,688,669.5403416386627
19891,1,infantry_light,571,540.586704979073
19892,0,infantry_line,171,172.00524568430038
19893,0,infantry_line,199,195.0297218185084
19894,1,infantry_line,629,705.903221911448
19895,3,infantry_line,230,221.54402539124752
19896,0,infantry_skirmishers,127,128.13125947378143
19897,4,infantry_skirmishers,196,183.91316091589374
19898,4,infantry_skirmishers,134,149.02481535331123
19899,1,infantry_skirmishers,196,219.0993959806036
19900,1,artillery_foot,266,235.20243469779024
19902,1,artillery_foot,208,214.18440431321878
19903,1,artillery_horse,906,997.5257978479485
19904,0,artillery_horse,925,1000.5702688229568
19905,3,cavalry_light,746,709.5204703822453
19906,3,cavalry_light,471,453.7044191522807
19907,3,cavalry_light,929,864.5173423372457
19909,0,cavalry_standard,524,518.6092893250215
19910,3,cavalry_standard,950,935.9907612213739
19911,4,cavalry_standard,455,502.893583563215
19912,4,general,172,183.2010022883688
19913,0,general,771,744.0479355952168
19914,3,general,51,100.5368136349414
19915,0,general,65,108.32343042570095
19916,0,general,612,564.3818468688713
19917,4,general,928,917.9427657119771
19918,0,general,150,163.72833583648557
19919,1,general,366,379.9203603254298
19920,2,general,327,389.8306916193619
19921,0,general,96,149.94516659762152
19924,4,general,74,113.49834578515836
19925,0,general,558,593.4516938350018
19926,4,general,1176,1250.29658100992
19927,3,general,337,317.6892080029319
19928,2,general,945,715.5321870972746
19929,2,general,1251,1299.6743783453412
19930,3,general,116,131.80423292144644
19932,3,infantry_line,277,285.3195772447725
19933,3,infantry_line,171,180.20698865620244
19935,0,infantry_line,144,171.84044511058664
19936,0,infantry_line,1075,823.3143009713714
19937,3,infantry_line,1159,994.8784002896305
19938,2,infantry_line,324,309.60646453903615
19939,0,infantry_line,219,221.77135354167882
19940,4,infantry_skirmishers,102,103.72797905372448
19941,3,artillery_foot,266,230.50955696610083
19942,3,artillery_horse,443,430.3327404729216
19943,4,cavalry_heavy,1299,1288.7100994084697
19944,0,cavalry_heavy,1661,1639.9479331509588
19945,0,cavalry_standard,1032,1072.2586680420325
19946,2,general,1472,1457.796247534921
19947,4,general,891,917.6438273638847
19948,0,general,109,132.44919130571463
19949,1,general,1085,1070.726955894147
19951,0,infantry_skirmishers,98,103.44685123119346
19953,0,general,601,601.150189461381
19954,0,general,231,250.23352428454095
19956,0,artillery_foot,460,461.7584220630987
19957,3,artillery_foot,527,493.85963704149356
19958,3,general,364,381.10269643940165
19959,4,general,142,150.0472735814091
19961,4,general,40,81.54078510358028
19964,0,general,732,667.6706530713534
19965,2,general,626,571.013564002219
19967,4,infantry_grenadiers,873,772.3557206220737
19968,2,infantry_grenadiers,1076,1003.2224700493028
19969,4,infantry_grenadiers,438,442.9854057865255
19970,1,infantry_grenadiers,588,503.66615891264195
19973,3,infantry_line,375,392.58382398427426
19974,2,infantry_line,219,213.3579667729686
19975,0,infantry_line,238,243.05327986665608
19976,2,infantry_line,251,256.3881456043028
19978,1,artillery_foot,322,289.7814339175637
19979,2,artillery_foot,345,373.09152694416616
19980,0,artillery_foot,473,465.1182010404076
19981,3,general,198,223.40755425928955
19982,0,general,239,220.94481286504268
19983,4,general,505,475.77905482424467
19984,3,general,112,129.18091166098318
19985,2,general,205,206.9862691407288
19987,0,general,191,192.90196431919696
19988,2,general,187,185.67251563423966
19989,1,general,158,159.67446261091757
19990,1,general,137,142.55544210561447
19991,1,general,572,550.27769147293
19993,3,general,247,249.9559353398453
19995,2,general,679,559.8297288339946
19997,1,general,956,877.2635728690086
19999,2,general,597,502.6156802356525
20000,2,infantry_grenadiers,627,549.9325437435198
20003,1,infantry_grenadiers,727,641.0220675166219
20004,4,infantry_grenadiers,803,668.897214036917
20006,0,infantry_grenadiers,1005,958.2548478861687
20007,2,infantry_line,262,280.13312707457175
20008,3,infantry_line,265,252.50271529238472
20010,1,infantry_line,212,200.41273585441198
20013,2,infantry_line,198,203.87166824397235
20014,0,infantry_line,214,222.61736838822736
20015,4,infantry_line,219,223.005714064979
20016,2,infantry_line,264,266.3733686003126
20017,0,infantry_line,257,263.5069613310481
20018,1,artillery_foot,531,481.8781757499802
20019,2,artillery_foot,623,571.4431340547299
20020,3,artillery_foot,753,681.9212026828205
20021,2,cavalry_light,354,343.3228683375374
20022,3,cavalry_standard,1120,1174.9235009135912
20023,0,general,972,1029.0496911875562
20026,4,general,440,392.518474568611
20027,1,general,154,158.26665948509432
20028,1,general,662,633.3437635208312
20029,4,general,229,210.22347559509362
20030,2,general,351,325.96566313237486
20031,4,general,284,279.8527632134361
20032,0,general,81,114.8410872316959
20033,3,general,147,165.6750748360243
20035,2,general,503,442.4228758415118
20036,4,general,262,264.97694790939005
20037,3,general,807,687.2578781295857
20038,4,general,190,202.75440960337156
20040,4,general,766,727.3257922724287
20041,3,infantry_grenadiers,839,767.8623312766083
20043,3,infantry_grenadiers,903,819.5302199408993
20044,4,infantry_light,385,364.3787285541101
20046,2,infantry_line,236,228.1097096654967
20047,0,infantry_line,175,179.17972716533365
20048,1,infantry_line,188,194.93689887753084
20051,0,infantry_line,322,326.22071310761334
20052,4,infantry_line,225,226.7035838373725
20053,2,infantry_line,251,266.1584403165602
20054,0,infantry_skirmishers,126,119.3302455522966
20057,1,cavalry_heavy,982,956.7836582787667
20059,0,cavalry_heavy,1800,1709.8784014424955
20060,0,cavalry_heavy,855,827.115014924451
20061,2,cavalry_heavy,890,1026.2255439642154
20062,3,cavalry_standard,408,435.5691348359025
20063,2,cavalry_standard,773,762.6192837979825
20065,2,general,1429,1455.5554533119289
20066,4,general,810,837.0806035153734
20067,1,general,1796,1842.6327693489693
20069,0,general,688,705.2458151225653
20070,2,general,282,331.28516670001324
20071,4,general,392,437.84509402777365
20072,2,cavalry_light,559,524.6966911617757
20073,3,general,416,380.3068071215916
20074,0,general,156,166.41712415589686
20075,3,infantry_light,262,259.89508798055294
20077,0,artillery_foot,521,469.72173342701973
20078,3,artillery_foot,467,437.99946658203874
20079,4,general,361,335.67674705995904
20080,4,general,247,257.4838601054388
20081,4,general,287,293.0725720973435
20082,0,general,205,180.7963703091355
20084,2,general,702,687.8999129659377
20085,0,general,428,352.7768898339051
20086,2,general,519,473.8416764347388
20087,2,general,559,476.1919774149159
20088,0,general,675,611.1865582956717
20089,0,general,714,693.4089676860032
20090,4,general,636,615.6671064854675
20091,3,general,640,616.0403646837229
20093,2,general,477,400.3293857266532
20095,0,general,675,611.1865582956717
20096,1,general,985,1021.5619880285238
20097,2,infantry_grenadiers,835,773.0631413262072
20098,3,infantry_grenadiers,614,519.4035803712867
20099,3,infantry_grenadiers,809,729.2583253446423
20100,1,infantry_grenadiers,538,425.45514994812424
20101,2,infantry_grenadiers,933,877.0989523402346
20102,3,infantry_grenadiers,758,663.5132318677763
20103,4,infantry_light,626,591.6406040416774
20104,1,infantry_light,391,423.579434544327
20105,3,infantry_light,346,294.10754137023685
20106,3,infantry_light,689,658.3331138983183
20107,4,infantry_line,349,376.58376464030954
20108,4,infantry_line,299,283.21792190863914
20109,1,infantry_line,312,280.9106451248454
20110,0,infantry_line,406,387.1709103792581
20111,2,infantry_line,509,536.0370325755792
20112,3,artillery_foot,492,430.2260966187114
20113,1,artillery_foot,408,407.0639943858887
20115,4,cavalry_heavy,2198,2140.8693081439983
20116,1,cavalry_heavy,972,941.5831368461518
20117,0,cavalry_light,389,373.6532778839408
20119,0,general,912,888.5192681856201
20120,0,general,2180,2280.2060221638853
20121,1,general,463,397.6967652670326
20122,3,general,342,292.44458175923967
20123,2,general,242,243.13515376150517
20124,2,general,311,309.41442514680256
20125,1,general,845,853.2068038608007
20126,4,general,1224,1297.276156238924
20127,3,general,526,432.96308681859523
20128,1,general,641,564.1929950061153
20129,3,general,656,609.3216757845433
20130,1,infantry_grenadiers,498,336.61259298253566
20131,1,infantry_grenadiers,457,349.72078302897285
20132,3,infantry_grenadiers,793,726.9627922883144
20133,2,infantry_grenadiers,632,509.84453437210425
20134,2,infantry_grenadiers,583,455.7615801689024
20135,2,infantry_grenadiers,742,625.2156791879909
20136,3,infantry_line,311,313.1382356563545
20137,4,infantry_line,414,440.0185471796643
20139,4,artillery_horse,516,518.0377541089013
20140,1,artillery_horse,83,96.09363255654571
20141,0,artillery_horse,547,537.3640153787685
20142,1,cavalry_heavy,983,977.4256898243631
20145,1,cavalry_standard,485,506.9089872769957
20146,3,cavalry_standard,727,714.7139105647705
20147,3,general,352,397.9704761808436
20150,0,general,573,583.2684844386023
20151,2,general,1,140.37813437635302
20153,3,general,510,576.8093160154675
20155,2,general,214,212.3604554022001
20156,2,general,258,259.23324744465253
20157,2,general,309,283.4017602786922
20158,4,general,462,476.70736199672024
20159,1,general,366,348.76099928471854
20160,2,general,1097,1116.394282400166
20161,3,infantry_grenadiers,1158,1158.2202950921676
20162,2,infantry_line,319,322.402337058732
20163,3,infantry_line,323,321.21431759531737
20164,0,infantry_line,449,423.2927421854569
20165,2,infantry_line,437,429.5194915801643
20166,1,infantry_skirmishers,132,123.94724382831821
20167,2,artillery_foot,341,308.975782600328
20168,4,artillery_foot,475,453.468738141798
20169,3,general,144,148.2848778849749
20170,2,general,291,289.8166208200685
20171,4,general,129,130.86053083721762
20172,4,general,186,178.78299464387098
20173,4,general,129,130.86053083721762
20175,4,infantry_grenadiers,685,613.9299668318503
20176,4,infantry_line,252,253.55650765989944
20178,3,infantry_line,396,426.09797241614444
20179,3,infantry_line,239,213.9950515513866
20180,3,infantry_skirmishers,123,141.50848061448724
20181,1,artillery_horse,464,470.5947688915283
20182,3,cavalry_standard,1007,998.7412864793605
20183,3,cavalry_standard,1036,1063.2468711414579
20186,4,general,849,901.9524027239383
20188,3,cavalry_heavy,871,882.7361617696777
20189,2,general,704,769.5480897621145
20191,4,artillery_horse,132,147.77694175752143
20195,3,general,159,160.21004698420407
20197,4,general,1,1.0
20198,1,general,1721,1720.3780790015787
20199,1,general,1936,2149.8611214260886
20200,2,general,327,282.11044678014156
20201,0,infantry_grenadiers,1865,1814.94657465249
20204,0,infantry_line,616,562.5632939257647
20207,0,general,465,425.34535368607044
20208,1,general,1308,1493.0180252409739
20209,0,infantry_grenadiers,984,1018.7575141127098
20210,2,infantry_light,571,570.2160290181728
20212,4,infantry_line,424,381.2449506257431
20213,3,infantry_line,401,341.2392584722137
20214,1,infantry_line,1328,1283.0509136454536
20215,3,infantry_skirmishers,310,270.9543600507594
20216,4,cavalry_light,505,474.1094842000053
20217,3,general,358,336.55429837866996
20218,4,infantry_light,276,267.6198406126405
20219,0,infantry_line,484,417.8853696590784
20220,2,infantry_line,431,411.6920473831435
20221,0,infantry_line,644,603.2100936130572
20222,3,infantry_line,658,592.3535164752881
20223,3,infantry_skirmishers,224,200.9509040301447
20224,3,infantry_skirmishers,260,220.71298131908446
20225,4,general,341,474.147308861162
20226,0,general,751,717.4315666188276
20228,3,infantry_grenadiers,543,486.0034860612291
20229,4,infantry_light,331,268.43507063201514
20230,1,infantry_line,366,445.78204114719523
20231,1,infantry_line,1007,991.8981151027102
20232,3,infantry_line,317,272.3675367141065
20233,0,infantry_line,543,468.52487465914373
20236,1,infantry_line,464,405.8845070855771
20237,2,infantry_skirmishers,218,258.9918048014348
20238,4,artillery_foot,567,588.212545414604
20239,3,artillery_foot,633,602.3133900783172
20240,2,infantry_light,749,692.9903689730531
20241,3,cavalry_heavy,1891,1838.2050915931268
20242,1,cavalry_heavy,1593,1445.8453133861326
20244,1,cavalry_light,790,843.5417889893063
20245,2,cavalry_standard,872,870.9576822327916
20247,4,general,1706,1697.8643631685939
20249,1,general,930,1233.9135930639145
20252,0,infantry_light,1248,1605.565499092179
20254,2,cavalry_light,782,793.6253487106942
20255,1,general,686,703.7728683627179
20256,4,infantry_light,672,614.674090197281
20257,2,artillery_foot,2022,1841.5514534647932
20258,0,cavalry_light,480,490.7685512190953
20259,2,cavalry_standard,677,691.8416992965427
20260,4,general,575,530.5046669210128
20261,0,cavalry_light,1573,1639.1615339991145
20262,4,artillery_foot,1003,929.5408454406069
20263,0,artillery_foot,369,336.321336671217
20264,4,artillery_foot,90,103.92297684880837
20265,3,artillery_horse,700,690.0399120122777
20266,1,general,820,805.1971499576774
20268,0,general,401,403.62481042852113
20270,2,general,34,94.26496953190068
20271,3,infantry_grenadiers,401,416.26619159608504
20272,4,cavalry_lancers,654,610.263712094354
20273,2,cavalry_light,1009,1101.2472103641041
20274,0,cavalry_light,844,861.7568055157224
20275,3,cavalry_light,701,658.8745081987736
20277,1,cavalry_light,810,818.749368479065
20278,3,general,131,133.3532871438623
20280,2,general,665,717.3306657872067
20281,3,general,647,636.5766603167359
20282,4,general,579,630.1923515703221
20283,1,general,548,543.4115940862882
20284,2,general,141,154.1856533248358
20285,0,general,828,872.061947565787
20286,0,general,248,185.58441558035113
20287,3,general,752,810.5799770510081
20289,1,general,880,1018.4404314743576
20290,4,general,427,403.45899989160876
20291,0,general,327,252.59777786870762
20293,3,general,432,420.051853562965
20294,2,general,341,340.5042258185719
20295,2,general,340,266.9792475683615
20296,0,general,436,506.2732466833489
20297,3,general,776,772.6176028771125
20299,3,general,194,191.30249417816313
20300,3,general,162,225.69191323198078
20301,4,general,411,382.25455839931453
20302,0,general,509,391.19978990369526
20303,2,general,913,940.2411805692959
20304,1,general,880,1018.4404314743576
20305,1,general,645,696.6760864304574
20307,0,general,174,251.90067869502082
20308,1,general,795,854.3222273059623
20309,4,general,724,759.8432776661007
20310,1,general,687,654.2012268667444
20311,3,general,883,995.5365371161579
20312,4,general,656,758.5815806263622
20313,1,general,862,943.4158044010944
20315,2,infantry_grenadiers,692,686.3278417057497
20316,2,infantry_grenadiers,536,496.7202837918395
20317,0,infantry_grenadiers,697,745.9048090991446
20318,0,infantry_grenadiers,526,558.5996314164555
20319,1,infantry_grenadiers,544,606.4001934409166
20320,3,infantry_grenadiers,388,455.4843537544696
20321,0,infantry_grenadiers,829,816.8412123684506
20322,0,infantry_grenadiers,847,878.3563541491504
20323,0,infantry_grenadiers,809,859.0957833023008
20324,4,infantry_grenadiers,717,728.4222077938073
20326,0,infantry_grenadiers,929,993.129620018686
20327,1,infantry_irregulars,516,596.0783807054389
20328,3,infantry_irregulars,382,389.0846542582204
20329,0,infantry_irregulars,241,260.1375570569352
20330,2,infantry_irregulars,300,295.3279023644859
20332,3,infantry_light,252,313.6839847929893
20333,4,infantry_light,250,284.9424083689115
20335,3,infantry_light,355,285.69884164624585
20336,2,infantry_light,389,334.1792999908238
20337,4,infantry_light,812,767.8164410437968
20338,1,infantry_militia,245,227.35096616292606
20339,2,infantry_militia,326,264.0424261895758
20340,4,infantry_militia,228,205.1187606455188
20341,3,infantry_skirmishers,176,195.08395181022877
20342,4,infantry_skirmishers,170,159.53804417797193
20343,3,infantry_skirmishers,171,159.83587201216278
20344,3,infantry_skirmishers,186,162.31062777563724
20345,3,infantry_skirmishers,186,162.31062777563724
20346,2,infantry_skirmishers,114,120.20990893755305
20347,3,cavalry_lancers,695,598.0829338661786
20348,2,cavalry_lancers,461,458.62531272708355
20349,4,cavalry_light,440,447.06884430015793
20352,2,cavalry_light,1095,1258.2994420834814
20353,4,cavalry_light,947,953.7045218136661
20355,2,general,958,1055.279722358008
20357,3,general,582,512.4725399493065
20358,1,general,1165,1445.0172857332711
20360,0,general,391,339.706366620003
20361,0,general,627,636.0418150579349
20362,0,general,396,339.24235058954156
20363,2,general,431,459.4220213121748
20364,4,general,315,315.3877151085498
20365,3,general,119,196.88458520205026
20366,1,general,399,429.4910814142862
20367,4,general,357,325.13259550022383
20368,1,general,547,529.9190914307618
20369,3,general,1287,1457.745349577134
20371,0,general,91,102.7932815579294
20373,0,general,903,995.1494066840058
20375,2,infantry_irregulars,190,177.22493025693305
20376,2,infantry_irregulars,426,482.38576021304965
20377,3,infantry_light,209,259.26952594178175
20379,2,infantry_light,447,405.42163280878964
20380,4,infantry_light,523,446.32929026277355
20382,0,infantry_light,360,320.7378255248835
20383,3,infantry_light,510,415.86330117293744
20385,3,infantry_skirmishers,176,195.08395181022877
20386,4,infantry_skirmishers,170,159.53804417797193
20387,1,infantry_skirmishers,169,156.15218776058882
20388,2,infantry_skirmishers,297,307.957229159426
20389,2,cavalry_heavy,1547,1493.9182379259146
20390,4,cavalry_heavy,1414,1356.0359736716705
20393,4,general,1249,1181.5840724320421
20395,3,cavalry_heavy,1402,1371.3048491575564
20396,0,general,467,468.639191170447
20397,2,general,1237,1185.489420016585
20398,2,general,161,145.91263590079998
20399,4,general,205,175.55380335698757
20401,3,general,96,112.51255148924466
20402,3,general,1372,1300.2109975306141
20403,0,general,52,125.23958312900922
20404,3,general,167,158.5182127683025
20405,3,general,432,376.85800215757024
20407,4,general,651,638.458402919218
20408,1,general,560,555.7078227928671
20409,2,general,620,647.3410609567626
20410,2,general,671,659.8937219941306
20411,1,infantry_line,136,196.5792733535201
20412,2,infantry_line,257,228.92825800908435
20413,0,infantry_line,231,224.53038124267482
20414,0,infantry_line,177,168.54670970303363
20415,2,infantry_line,230,214.89027377515146
20416,0,infantry_line,507,476.0465664053329
20417,4,infantry_line,190,193.7608378801314
20418,2,infantry_line,727,760.8189506336919
20419,4,infantry_line,533,502.90828604349844
20420,0,infantry_line,665,635.2485788743415
20421,4,infantry_line,494,459.49703875365213
20422,2,infantry_line,537,475.9170570309155
20423,1,cavalry_standard,685,669.041774514487
20426,1,general,539,556.7056929681
20427,2,general,118,120.59500721804476
20428,1,general,130,134.72805810755636
20429,1,general,131,173.77276619774636
20430,0,general,280,239.5484246030318
20431,2,general,289,248.72442507424455
20432,3,general,781,920.3781078930543
20433,1,general,343,289.9763986745281
20434,1,general,534,532.5656274338555
20435,3,general,371,339.70553116847856
20437,1,general,1055,1269.2284836627032
20439,0,infantry_line,203,235.42991793341028
20441,2,infantry_line,337,284.16418466921334
20442,0,infantry_line,225,214.27859540156942
20443,3,infantry_line,223,199.19410630023623
20444,2,infantry_line,408,366.5196681995972
20445,1,infantry_line,419,384.38495215031236
20446,4,infantry_line,880,865.6954484662585
20447,3,infantry_line,681,656.3893375956465
20448,3,infantry_line,638,601.4914392750636
20449,4,infantry_line,493,469.49381974152675
20450,3,infantry_line,532,534.2420210341745
20451,1,general,337,285.9893837897455
20452,4,general,223,206.71984196106303
20453,0,general,75,134.21655634496088
20454,0,general,208,197.53861456480354
20455,1,general,117,114.92730885984093
20456,0,general,140,140.11096590274656
20457,0,general,520,562.2879819187882
20458,3,general,397,343.566939379825
20459,1,general,176,165.48795269185084
20460,2,general,287,249.10896117032
20461,3,general,168,157.903874432427
20462,3,general,124,132.22148152512543
20464,2,general,931,1051.602569762887
20465,1,general,577,611.1827420791329
20466,4,general,828,878.2688496691943
20467,3,general,768,874.5663161131251
20468,0,general,589,548.469512336491
20469,1,general,914,915.0882040180298
20470,3,general,719,867.1098347367512
20471,1,infantry_grenadiers,630,606.8559232275904
20472,3,infantry_grenadiers,814,855.145651848325
20473,3,infantry_grenadiers,867,912.7515863944658
20474,4,infantry_grenadiers,877,906.2907689924765
20475,1,infantry_grenadiers,680,675.729658858283
20476,3,infantry_line,215,212.79214777712363
20477,4,infantry_line,259,234.77680764033212
20479,1,infantry_line,164,208.85530888738936
20480,3,infantry_line,313,278.9641140867626
20481,3,infantry_line,267,247.6864071363404
20482,2,infantry_line,186,172.28349438396873
20483,4,infantry_line,266,239.1346034472768
20484,1,infantry_line,362,308.4215257909854
20485,4,infantry_line,314,292.1171820505611
20487,1,infantry_line,618,618.4178801625602
20488,2,infantry_line,433,397.0469615073324
20489,4,infantry_line,665,669.3072459054832
20490,0,infantry_line,682,644.3659454937881
20491,3,general,380,317.45100548090954
20492,3,general,297,238.88201733041308
20493,1,general,147,140.1940705916418
20494,2,general,147,141.2272771892317
20495,1,general,96,112.86608847443402
20496,3,general,224,190.00820963964725
20497,3,general,270,230.04574544994122
20498,0,general,115,130.2547234777349
20499,1,general,79,109.76852812783078
20501,0,general,314,328.6693209630734
20502,3,infantry_irregulars,373,380.8946015174002
20503,3,infantry_irregulars,419,456.7288416196568
20504,2,infantry_line,213,206.02556268586812
20505,0,infantry_line,158,173.9734631906773
20506,3,infantry_line,198,195.04557085989873
20510,3,infantry_militia,239,224.2821302675043
20511,4,infantry_militia,185,167.50466644913584
20512,3,infantry_skirmishers,176,195.08395181022877
20513,0,infantry_skirmishers,128,114.16420517425573
20515,4,cavalry_heavy,1230,1208.1178304769765
20516,0,general,1027,1022.1248044394151
20517,4,general,1419,1352.4930537775435
20518,1,cavalry_standard,857,759.6790078275495
20519,2,cavalry_standard,1081,1004.9120830006283
20520,2,general,943,858.3372854890898
20524,1,artillery_foot,832,788.2063278890316
20528,0,artillery_foot,377,473.7639625572664
20529,0,artillery_foot,377,473.7639625572664
20530,0,artillery_foot,377,473.7639625572664
20531,0,artillery_foot,377,473.7639625572664
20532,0,artillery_foot,377,473.7639625572664
20533,0,artillery_foot,377,473.7639625572664
20534,2,artillery_foot,496,434.49081620419275
20535,2,artillery_foot,496,434.49081620419275
20536,2,artillery_foot,755,642.6951003404901
20537,2,artillery_foot,496,434.49081620419275
20538,2,artillery_foot,496,434.49081620419275
20540,2,artillery_foot,496,434.49081620419275
20541,3,artillery_foot,399,379.7606497892855
20542,3,artillery_foot,399,379.7606497892855
20543,3,artillery_foot,399,379.7606497892855
20544,3,artillery_foot,399,379.7606497892855
20545,3,artillery_foot,399,379.7606497892855
20546,3,artillery_foot,399,379.7606497892855
20547,4,artillery_horse,870,819.8370002007017
20548,4,artillery_horse,870,819.8370002007017
20549,4,artillery_horse,870,819.8370002007017
20550,4,artillery_horse,870,819.8370002007017
20551,4,artillery_horse,870,819.8370002007017
20552,4,artillery_horse,870,819.8370002007017
20553,4,artillery_horse,870,819.8370002007017
20554,1,general,406,388.02005858616127
20555,2,general,359,346.1446893135691
20556,1,general,406,388.02005858616127
20557,4,general,243,244.82691644656924
20558,0,general,741,735.1149031448458
20559,4,general,1,1.0
20560,0,general,281,282.46827559810146
20561,3,general,159,160.23174193721232
20562,1,general,406,388.02005858616127
20565,3,general,420,418.33126889186184
20566,4,general,1063,1034.6125173494693
20567,4,general,1,1.0
20568,1,infantry_grenadiers,254,339.760621436453
20569,1,infantry_grenadiers,280,339.760621436453
20570,1,infantry_grenadiers,280,339.760621436453
20571,1,infantry_grenadiers,280,339.760621436453
20572,1,infantry_grenadiers,280,339.760621436453
20573,1,infantry_grenadiers,280,339.760621436453
20574,1,cavalry_heavy,1400,1273.8837148412485
20575,0,cavalry_heavy,1685,1525.1638941235178
20576,0,cavalry_light,1000,915.508365151173
20577,0,general,1513,1270.7536834349712
20578,3,general,1448,1233.9647220125703
20579,0,general,1191,1012.3071816056582
20580,0,general,1251,1056.148969915891
20581,4,general,825,673.6759431043184
20585,4,general,994,1076.0053992673022
20587,3,infantry_line,486,457.6244838300926
20589,1,infantry_skirmishers,227,229.08146277173722
20590,1,general,919,887.2439679143508
20591,3,general,552,541.3879647918546
20592,3,general,710,586.3974485868154
20593,0,infantry_light,840,813.2674137628222
20594,1,infantry_light,622,657.2234231746512
20595,1,infantry_skirmishers,334,411.3814360080926
20596,0,cavalry_light,1990,1824.4413099951453
20597,4,general,1723,1475.6086753853142
20598,0,general,1014,1105.125166825146
20599,4,general,885,708.344239771633
20601,2,infantry_light,909,991.220298180532
20605,4,infantry_light,716,729.0743394237281
20606,3,infantry_light,650,648.7743029730467
20607,3,infantry_skirmishers,292,259.32063382879755
20608,1,general,514,409.13419614547337
20609,4,general,950,1043.0853685609986
20610,0,general,615,515.3019600737714
20611,1,general,877,857.2375080970477
20612,3,general,260,270.61122039697403
20613,2,general,482,376.3853632221734
20614,2,general,303,323.5901052014617
20615,1,general,279,203.78119932359922
20618,1,infantry_line,402,361.15457922147596
20619,1,infantry_line,611,572.5632283266845
20622,3,infantry_line,744,762.5225331729191
20623,3,cavalry_light,919,894.1510726813334
20624,2,general,1193,951.4915627066739
20626,2,general,988,787.7930936937497
20628,2,general,718,659.8004165252742
20630,1,infantry_line,1124,1065.1713218784146
20631,3,infantry_line,645,640.3229302084632
20632,4,general,422,343.748518806034
20633,2,general,417,328.6117767177169
20634,4,general,643,563.3000196265806
20635,4,general,601,537.1184218672885
20636,2,general,920,898.2430491311679
20638,0,general,382,335.2669332180638
20639,1,general,444,392.29722888428694
20640,3,infantry_light,771,758.3982944032057
20641,4,infantry_line,540,548.3281211581024
20642,0,infantry_line,497,485.37602472788876
20644,0,infantry_line,973,920.0510127917787
20645,3,infantry_line,494,496.2663432507229
20647,4,general,254,216.1822002190188
20648,4,general,311,262.4444899318604
20649,2,general,357,292.19649841790243
20650,3,general,448,367.17430731919535
20651,3,infantry_line,369,352.9338103175706
20652,0,infantry_line,419,402.4242793754886
20653,2,infantry_line,575,548.0815268566622
20654,2,general,246,227.79670229951853
20655,2,general,925,916.0032949594091
20657,3,general,417,327.732319801901
20658,0,general,1021,1153.1781921252493
20659,2,general,258,188.86578282461238
20660,2,general,666,542.7844109829367
20662,1,general,383,302.277325542603
20663,2,general,600,502.62837321556566
20664,2,infantry_light,1065,1143.9593156816254
20666,2,infantry_line,683,673.1582210471823
20668,4,infantry_line,791,764.2652006404977
20669,1,infantry_line,488,414.5547379141555
20670,3,infantry_line,376,335.4225535402007
20671,0,general,1212,1285.8572248385758
20672,0,general,770,644.5926465790045
20673,1,general,963,858.3292841588947
20674,0,infantry_line,545,497.3704978867431
20675,1,infantry_line,1095,1026.3531818912859
20676,4,general,1894,1888.9884441620395
20677,3,general,2164,2410.819441076626
20679,1,infantry_skirmishers,210,286.66079745999747
20680,4,artillery_foot,632,892.9343922316865
20681,4,artillery_foot,632,892.9343922316865
20682,0,artillery_foot,498,487.9630490773601
20683,4,artillery_foot,532,522.9773451521482
20684,0,artillery_foot,489,528.0510979354464
20685,1,artillery_foot,771,842.9629165255056
20686,2,artillery_foot,718,790.0290634861749
20687,2,artillery_horse,996,938.446890992414
20688,4,general,694,739.3736504719258
20689,4,general,534,533.5293164493576
20690,2,general,248,141.1796379676399
20691,1,general,415,398.3260806329035
20692,0,general,469,470.8722072885068
20693,4,general,1,1.0
20695,3,general,637,708.2493329120517
20696,3,general,543,722.1622394426965
20697,1,infantry_line,339,354.61383784428307
20698,4,infantry_line,337,345.1010895455708
20699,0,general,446,441.8261160741387
20701,3,general,416,459.74952591552216
20703,2,general,886,986.8291699096884
20704,4,general,240,208.55062167978764
20705,1,general,290,251.2285218645395
20706,1,infantry_light,533,509.7188558724929
20707,3,infantry_light,425,462.78478775119765
20708,1,infantry_line,413,383.44553025101277
20709,4,infantry_line,338,329.5866061467172
20711,3,cavalry_light,910,886.069801959311
20714,4,general,947,1014.9679684459778
20715,0,general,1029,1097.133838513186
20716,0,cavalry_light,1053,989.0070932282631
20717,4,general,909,825.1176466075021
20720,4,general,570,497.4949944760967
20721,3,general,758,683.7085324204897
20722,4,general,633,607.3227723625957
20723,0,infantry_light,632,547.3244986238825
20725,3,infantry_line,678,677.6988578943425
20726,4,general,101,103.54431462252178
20727,3,general,128,130.28888087448945
20728,3,general,53,83.00221797513966
20729,4,general,271,214.45158324477183
20730,1,general,1413,1734.7604723828076
20731,1,infantry_line,379,318.58695654551303
20732,4,infantry_line,944,1001.152858228437
20733,2,infantry_militia,183,185.6979007905285
20734,1,infantry_militia,111,104.81611617063977
20736,2,general,163,119.09900602517136
20738,4,general,30,70.91312781050883
20739,3,infantry_militia,93,128.69117981868632
20740,1,infantry_militia,101,131.2942297854671
20742,3,general,656,721.3535701417915
20743,0,general,722,688.0537478065247
20746,2,general,721,747.2355963367379
20747,4,general,656,647.7975188742868
20748,0,general,463,516.588295904209
20749,1,general,323,317.7753471125096
20751,3,general,829,962.0548095392913
20752,2,infantry_light,463,505.8440733174919
20753,2,infantry_light,527,543.2365029857074
20754,3,infantry_light,482,510.94204165250915
20755,0,infantry_militia,647,526.339290403728
20756,4,infantry_skirmishers,841,689.0481923426751
20757,4,infantry_skirmishers,454,446.364563812559
20759,4,infantry_skirmishers,815,723.4780609887755
20760,0,infantry_skirmishers,767,774.0031805038994
20761,2,infantry_skirmishers,535,503.49427901101194
20762,0,infantry_skirmishers,828,912.4653132885762
20763,4,general,1552,463.50205588892686
20764,3,general,766,790.9080671249268
20765,4,general,244,231.64443636282115
20767,3,general,187,188.73400083641357
20768,2,general,1069,1275.4232010659316
20769,3,general,769,742.6860738568648
20770,0,infantry_line,276,294.11791010641826
20771,3,infantry_line,881,914.0577370753658
20772,1,infantry_militia,1117,780.813091061746
20773,1,infantry_skirmishers,608,618.5269089464903
20777,3,general,786,530.939480687652
20779,1,general,854,776.2331260196554
20780,2,general,346,346.34766015084733
20781,0,general,405,363.5556326817504
20782,4,general,450,491.502866745829
20783,2,general,712,617.0865280265704
20784,0,general,298,231.0099827072026
20785,1,general,517,439.5806726183568
20786,1,general,993,893.9767309587146
20787,4,general,1240,1227.5805287301218
20788,3,infantry_grenadiers,411,361.60152004198403
20792,1,infantry_militia,461,331.7258747403551
20793,3,infantry_skirmishers,485,419.946152583489
20794,2,infantry_skirmishers,403,401.97642074268816
20795,3,infantry_skirmishers,1018,804.1255344934051
20796,4,infantry_skirmishers,386,390.5388865740845
20797,2,infantry_skirmishers,781,571.5052445078732
20798,4,cavalry_standard,854,826.206661587885
20800,1,general,695,667.3622170903406
20802,3,general,1115,1002.2972805614056
20803,2,general,210,206.94225472011877
20804,3,general,55,89.45263832487426
20806,2,general,21,138.66781886067264
20807,2,general,121,208.04012191476593
20808,1,general,116,124.96885236046766
20809,1,general,86,101.44974211111827
20810,4,general,150,171.93094789324383
20811,1,infantry_line,226,270.75170245016443
20813,3,infantry_militia,145,173.10683230397873
20814,2,infantry_skirmishers,135,166.29369567101983
20815,0,infantry_skirmishers,181,190.89832245138604
20816,1,infantry_skirmishers,235,209.06551280810308
20817,1,infantry_skirmishers,85,120.80167167238001
20818,1,general,298,264.7656538313968
20819,0,general,54,80.73523661892351
20820,1,general,83,83.64428054723213
20821,2,general,261,202.31781368683914
20823,2,infantry_militia,130,150.2950879927415
20824,0,infantry_militia,174,191.47073660051524
20826,2,cavalry_light,990,865.4602250071589
20827,0,general,231,172.08780851805557
20828,0,general,861,750.2825359766541
20830,1,general,815,678.5053680699298
20831,1,infantry_skirmishers,358,213.46897841385473
20832,0,infantry_skirmishers,93,130.92387788554228
20833,1,general,449,396.019489482198
20835,4,general,287,229.97916697951058
20836,1,general,334,371.05886119524774
20837,3,general,415,326.1445663640517
20838,3,general,28,62.608033515662605
20840,1,general,546,551.7983234598811
20843,4,infantry_light,540,489.88825571161743
20844,1,infantry_militia,294,187.7280318210104
20845,2,infantry_militia,349,268.65735799704566
20847,0,infantry_skirmishers,370,386.5246551643181
20850,1,artillery_foot,685,665.699697118213
20851,0,artillery_foot,470,586.4515187436485
20852,3,artillery_foot,726,837.2648699261497
20853,2,artillery_foot,618,542.884676568027
20854,2,artillery_foot,618,542.884676568027
20855,4,artillery_horse,1087,1024.6265599398876
20856,2,artillery_horse,561,510.7107243082723
20857,1,general,589,549.2665784821048
20858,4,general,1,1.0
20859,4,general,1,1.0
20860,2,general,73,103.6596951826153
20861,2,general,185,261.0521007395078
20863,3,general,76,84.79280426078773
20864,2,general,185,261.0521007395078
20865,4,general,160,147.54090719630278
20866,2,general,399,376.96322911862774
20869,2,general,349,332.2010253196304
20871,0,general,377,280.388194654588
20873,1,general,240,192.70061208834804
20876,3,general,198,157.109037672604
20877,1,general,391,312.85273985084694
20879,1,general,434,368.79129390899635
20880,3,infantry_grenadiers,194,467.04006356676945
20881,0,infantry_grenadiers,288,305.85839421698194
20882,0,infantry_light,449,421.20443859660145
20884,1,infantry_light,271,331.7811795482588
20887,0,infantry_light,406,361.2348343086714
20888,3,infantry_light,495,421.96310147992347
20890,0,infantry_line,191,203.86927481684535
20892,0,infantry_line,339,293.3941769919437
20893,3,infantry_line,377,315.6782977094004
20894,1,infantry_line,360,337.3749840174063
20895,3,infantry_line,306,246.65401749279667
20896,3,infantry_militia,127,126.87589678183393
20898,2,infantry_militia,109,146.15746627402225
20900,3,infantry_militia,80,89.41622796675667
20901,1,infantry_militia,146,151.0394404403471
20902,2,general,88,131.26975715268122
20903,2,general,120,228.8044308048224
20904,3,general,199,178.50467492526002
20905,1,general,352,364.64377320935205
20906,0,general,244,234.70292905587274
20907,1,general,206,184.52856082436796
20908,1,infantry_line,210,199.29811128705322
20909,0,infantry_line,315,292.43517459585
20911,0,infantry_militia,128,135.49259435883985
20912,3,infantry_militia,146,154.8094134978903
20913,0,infantry_militia,157,164.93857062718257
20915,1,general,119,330.0353191122016
20916,4,general,243,243.37566508419334
20917,0,general,112,107.32594125073012
20918,0,general,524,479.8264992100666
20919,1,general,291,413.2389778603077
20920,3,general,76,94.65355380793795
20921,1,general,119,115.27741289030836
20922,1,general,205,218.8280451881804
20923,2,general,394,361.44557766654657
20924,0,general,221,209.3392164303166
20925,0,general,351,387.3453649305165
20926,4,general,438,357.0504574935925
20927,4,general,340,293.99501603361426
20928,0,general,196,155.07086919877088
20929,3,general,211,187.21229738101542
20930,1,general,236,186.9406256356149
20931,3,infantry_grenadiers,191,468.2098138159588
20932,3,infantry_grenadiers,365,584.6169079711523
20933,1,infantry_grenadiers,447,476.0657219904971
20934,4,infantry_grenadiers,221,225.53393015706973
20935,1,infantry_grenadiers,230,244.7281371459961
20936,0,infantry_irregulars,300,227.74246924325334
20938,0,infantry_line,188,156.0637433711584
20939,3,infantry_line,255,278.0950129300871
20940,2,infantry_line,179,155.36702800094164
20943,0,infantry_line,335,325.4122107775311
20944,0,infantry_line,391,322.26639224622613
20945,1,infantry_line,305,254.6637249300632
20947,0,infantry_line,447,401.6020590247272
20949,3,infantry_militia,104,98.84189477433961
20950,1,infantry_militia,127,135.83436515983837
20951,3,infantry_skirmishers,341,293.897393872103
20952,2,general,288,276.1567042180839
20953,2,general,154,150.28219103935746
20954,1,general,195,173.4799280558383
20955,2,general,275,273.1327469463464
20956,3,general,167,168.84065127878026
20957,3,general,215,188.33672850324155
20958,4,general,344,235.11704784661913
20959,4,general,179,162.86703825236538
20961,0,general,657,603.8711543963595
20963,3,general,801,641.9048715000855
20964,4,general,776,729.9363018432084
20965,3,general,332,283.102557405376
20966,3,general,495,291.0927931166234
20968,2,general,1008,977.9258842900696
20969,2,general,591,616.0324859287502
20970,4,infantry_grenadiers,405,350.2460232033661
20971,1,infantry_irregulars,566,428.28993962493047
20972,3,infantry_light,386,361.6306974509303
20973,3,infantry_light,363,357.8631755957542
20974,4,infantry_light,363,330.4921192923056
20977,4,infantry_line,257,237.91952430914577
20978,2,infantry_line,322,296.4632938792719
20979,0,infantry_line,243,216.4447806297312
20980,4,infantry_line,258,236.37538404631442
20982,3,infantry_line,925,908.3976176413615
20984,4,infantry_line,504,508.3764459534614
20985,1,infantry_line,241,194.88281342814477
20986,1,infantry_line,441,402.26589274393086
20987,0,infantry_line,713,651.8087002874765
20988,1,infantry_militia,320,286.7175160250868
20989,4,infantry_militia,133,132.9417998564605
20990,0,infantry_militia,82,102.76323669078039
20991,2,infantry_militia,155,158.08107897103096
20992,0,infantry_militia,111,113.05590706979761
20994,3,infantry_militia,235,216.78239576188508
20995,1,general,111,122.43496201704502
20996,3,general,598,490.1536981761885
20997,3,general,343,280.41175662566144
20998,3,general,60,74.37183918783145
20999,1,general,150,140.38525572698728
21000,3,general,187,190.98335144257084
21001,0,general,121,110.23685447806
21003,0,general,208,197.7763339805542
21004,3,general,114,126.76849137610482
21005,4,general,392,344.99729890996787
21006,0,general,1176,1189.4970236063407
21008,2,general,939,770.9474200384516
21009,4,general,800,704.0699618485435
21010,0,general,476,418.75643130356804
21011,2,general,460,399.1614500812074
21012,2,infantry_grenadiers,290,261.79846244778446
21013,2,infantry_grenadiers,398,371.3060768012047
21014,0,infantry_light,258,212.31486857202427
21015,2,infantry_light,271,268.15512647856195
21016,0,infantry_light,510,420.69579483886776
21019,0,infantry_line,184,155.41353242627014
21020,0,infantry_line,236,239.06475724277288
21021,2,infantry_line,231,206.23075647288906
21022,3,infantry_line,375,361.7924472283414
21023,0,infantry_line,858,771.401330746702
21024,1,infantry_line,367,338.78471932226927
21025,4,infantry_line,652,644.4440265526384
21027,2,infantry_line,438,414.05678956113354
21028,2,infantry_line,1063,1056.928237289661
21029,0,infantry_militia,176,192.6031499504091
21030,0,infantry_militia,213,208.21599469077327
21031,1,infantry_militia,150,166.01041999721463
21032,2,infantry_militia,97,125.76520129613418
21033,3,infantry_militia,302,262.08408608987355
21034,0,infantry_militia,170,172.8835151780595
21035,4,infantry_militia,122,129.53572710361095
21036,1,infantry_militia,116,116.81803376789446
21037,2,infantry_militia,370,360.5447348686717
21038,4,infantry_militia,88,95.54431723984588
21040,4,general,239,247.42586269985227
21041,1,general,121,127.57872287192117
21042,3,general,237,153.2452923693743
21043,2,general,397,375.6771468227272
21044,0,general,217,165.0226941804761
21045,1,general,220,208.1492122992845
21047,3,general,250,215.67961020001832
21048,3,general,396,184.8674837586432
21049,3,general,207,175.68464199620314
21050,3,general,264,216.69239220196738
21051,0,general,590,613.0344547189226
21052,3,general,161,139.84736919488404
21053,1,general,731,664.3932864003751
21054,0,general,475,397.800958940628
21055,4,infantry_grenadiers,474,407.18667170004016
21056,3,infantry_irregulars,510,342.0902585353959
21057,4,infantry_irregulars,179,224.10738205980354
21058,3,infantry_light,326,311.29651704367666
21059,1,infantry_light,371,351.59334506093484
21060,0,infantry_light,781,641.8615272624413
21063,4,infantry_line,309,283.409026758254
21064,2,infantry_line,266,228.21064411454216
21065,4,infantry_line,508,518.637480537012
21066,1,infantry_militia,91,101.71798279062926
21067,4,infantry_militia,104,103.12890903316432
21068,0,infantry_militia,154,182.68540246219703
21069,3,infantry_militia,136,139.63512504282255
21070,4,infantry_militia,221,201.87983820050965
21071,1,infantry_militia,88,117.54550484545092
21072,4,infantry_militia,187,204.9357817924973
21073,1,cavalry_heavy,1019,1078.7494125424641
21074,3,general,71,180.23786802559962
21075,4,general,884,974.3271476671817
21076,1,infantry_line,139,191.0024960537
21077,2,infantry_militia,331,269.99679125153847
21078,1,infantry_militia,175,173.90004629721298
21079,2,infantry_militia,80,108.65439479319032
21080,2,infantry_militia,267,248.1626120694747
21084,2,general,388,320.44090225819883
21087,3,cavalry_heavy,1130,1132.756040311516
21089,4,cavalry_heavy,1115,1119.1792932615922
21090,0,cavalry_heavy,512,569.4629474671751
21091,4,cavalry_heavy,936,932.1081090435885
21092,4,cavalry_heavy,1180,1093.7662176013407
21093,0,cavalry_heavy,648,657.326408429523
21094,1,cavalry_standard,778,661.8712784946628
21095,2,general,721,800.2937756339085
21096,2,general,499,547.7129246330143
21098,3,general,759,796.0869511132545
21099,3,general,720,616.6881640465058
21100,4,general,368,436.2723764774074
21101,1,general,511,584.1626137230925
21104,0,cavalry_light,284,306.6949878692504
21105,4,cavalry_light,357,351.38539062421904
21106,2,cavalry_light,309,308.56270593548726
21107,4,cavalry_standard,379,371.08187359430156
21108,1,cavalry_standard,451,414.1538763439649
21109,4,cavalry_standard,498,475.20650491607637
21110,0,general,159,199.927316352298
21112,0,general,268,257.62819394549615
21113,2,general,169,185.8329631343762
21114,2,general,255,273.9033580699043
21115,3,general,407,369.5599047512251
21117,2,cavalry_light,275,289.37527300535334
21118,3,cavalry_light,282,284.2293430345606
21119,2,cavalry_light,366,387.16775277164055
21122,2,general,248,263.3347299493265
21123,2,general,388,320.44090225819883
21125,2,general,152,166.991860335376
21126,0,artillery_foot,632,624.6081900128967
21127,3,artillery_foot,857,818.8614427591345
21128,2,artillery_foot,450,465.0850702325045
21129,0,artillery_foot,244,268.30327799211375
21130,4,artillery_foot,247,261.7712623943952
21131,0,artillery_foot,244,268.30327799211375
21132,1,artillery_foot,507,575.3288925798514
21133,1,artillery_foot,451,522.8187795763421
21134,0,artillery_foot,661,782.5576910664752
21135,2,artillery_foot,393,468.87622167210253
21136,1,artillery_foot,451,522.8187795763421
21137,4,artillery_foot,303,314.0963786490331
21138,0,artillery_foot,310,330.2340310185963
21140,0,artillery_horse,768,765.7340418212959
21141,3,artillery_horse,815,831.9494133553591
21143,4,general,1,1.0
21144,3,general,180,254.67203322194737
21145,4,general,817,790.3379777584187
21146,3,general,681,808.7932081535017
21147,3,general,177,178.0107116132837
21148,0,general,312,313.8106989277828
21150,3,general,177,178.0107116132837
21152,1,general,988,1062.6174792264992
21153,1,general,775,625.8470887980478
21154,4,infantry_grenadiers,272,269.0090784065679
21155,3,infantry_grenadiers,315,307.0325159143593
21156,4,infantry_grenadiers,275,233.83971225119205
21161,0,general,332,322.3191009885849
21162,0,general,322,302.9528430588304
21163,2,general,226,682.6270837920375
21164,1,general,276,242.32404497916127
21166,2,general,751,787.0872959282461
21167,1,general,391,384.5580905354541
21168,0,general,519,497.04445560708393
21169,2,general,1028,1064.3126091185484
21170,1,general,1014,967.1231955677441
21172,2,general,186,186.7826660354155
21173,4,general,559,517.2970991450495
21174,0,general,417,386.76143680706326
21175,0,general,582,584.9333749222558
21177,2,infantry_grenadiers,432,416.38088921921445
21179,3,infantry_light,381,333.4058462641524
21180,1,infantry_light,314,309.44549006771877
21184,2,infantry_light,790,833.6177844030371
21185,2,infantry_line,1133,1138.354800567324
21186,0,infantry_line,1082,1055.7580294792924
21188,0,infantry_line,373,365.09957689618744
21189,2,infantry_line,243,256.52765979653776
21190,0,infantry_line,293,289.06012622385913
21192,2,cavalry_light,431,402.9603608885512
21193,4,cavalry_light,308,351.95766408552913
21194,3,cavalry_light,258,249.7150179534664
21195,0,general,128,199.9280329886414
21197,2,general,241,228.37751272378165
21198,0,general,580,599.2124015968649
21199,0,general,393,438.85215197472286
21200,3,general,200,195.39330495039715
21201,4,general,361,343.8126390543348
21203,0,infantry_line,387,415.4191914856025
21204,1,infantry_line,336,342.53621647080325
21205,4,infantry_line,294,285.4994970019582
21206,2,general,302,278.9652540337704
21207,4,general,250,242.1460993548287
21208,0,general,306,283.64730833262627
21209,4,general,168,163.9223964332003
21210,3,general,420,415.4609605469654
21211,0,general,210,198.30646577015526
21212,3,infantry_light,272,246.65307728640238
21213,1,infantry_light,502,474.74850156758004
21214,3,infantry_line,304,283.41418559037504
21215,2,infantry_line,400,391.13222399257336
21216,1,infantry_line,401,383.6596362826964
21217,0,infantry_line,360,347.87727246998537
21218,2,infantry_skirmishers,216,215.2098036419771
21220,1,general,183,182.591709284271
21221,2,general,251,220.401784885877
21222,4,general,604,631.7970208261656
21223,3,infantry_grenadiers,245,271.85332050015273
21224,0,infantry_line,267,247.48966061348523
21225,3,infantry_line,277,269.1135813412548
21226,1,infantry_line,558,536.5188396035726
21227,0,infantry_line,348,320.4105050838876
21228,2,artillery_foot,518,431.0558385093509
21229,0,general,383,319.51301620713105
21230,0,general,141,140.53877122829164
21231,1,general,241,197.35001656899928
21232,3,general,100,115.27506544895292
21233,1,infantry_line,195,194.8062502310918
21234,2,infantry_line,197,196.9263546647743
21236,3,general,118,120.59136024738702
21237,1,general,128,143.16136012740913
21238,4,general,178,173.3057298406655
21239,1,general,860,1122.0964761463144
21240,0,general,443,454.82598118364825
21243,4,general,998,1297.0830272250678
21244,2,infantry_light,175,206.86530469072753
21245,3,infantry_line,175,193.5314533641423
21246,4,infantry_line,174,199.23528790823988
21247,3,infantry_line,499,502.74362123271936
21248,1,infantry_line,724,807.9471793451179
21249,2,infantry_line,409,419.99356279605377
21250,4,infantry_militia,204,186.36512785861058
21252,3,cavalry_light,297,274.5763377410468
21254,1,general,216,179.39944822497463
21255,3,general,269,242.0881654288868
21257,2,general,177,175.96762120596725
21258,0,general,61,66.25954397456479
21259,4,general,242,220.41756561784027
21260,0,general,286,271.0114857709295
21261,4,general,203,180.55742445305933
21262,3,general,645,824.4352937490786
21263,3,infantry_grenadiers,231,203.78055592821434
21264,4,infantry_light,244,214.94450178245012
21265,4,infantry_light,207,183.51100186212733
21266,1,infantry_line,253,238.30633230360075
21267,3,infantry_line,248,244.35890082062164
21268,4,infantry_line,310,278.56267642732877
21269,3,infantry_line,561,624.2416219731715
21273,1,infantry_militia,149,126.79501821871355
21274,1,infantry_militia,174,153.2922316023
21275,3,infantry_skirmishers,191,186.72181898695902
21276,3,infantry_skirmishers,163,186.45660261381633
21278,0,artillery_foot,817,758.9082528317762
21280,2,general,191,188.12356544206023
21281,4,general,348,318.4090385304859
21282,1,general,147,158.73469387884094
21283,2,infantry_line,238,236.03355627853227
21284,3,infantry_line,240,246.384150442521
21285,3,general,72,132.7911020113476
21286,2,general,142,183.64442388830773
21287,1,general,100,121.53512615478364
21288,1,infantry_line,114,183.70307680645843
21290,4,infantry_line,167,194.8986066529199
21291,0,general,536,522.3099948202519
21292,2,general,557,561.4250585995377
21293,1,infantry_light,611,610.9536908321809
21294,1,infantry_light,517,501.0456188335186
21296,1,general,168,168.31429513618102
21297,2,general,514,499.3768752139427
21298,1,general,350,330.96194372249306
21299,4,general,724,812.1710909471901
21300,0,infantry_line,207,207.53075252702217
21301,1,infantry_line,99,136.29975347017006
21302,0,infantry_line,429,425.4910932721745
21303,2,infantry_line,446,448.82130961322724
21304,0,infantry_line,658,619.8041612471311
21305,4,infantry_militia,165,139.5810276219884
21306,0,infantry_militia,89,93.13660141540784
21307,0,infantry_militia,125,115.94192798956436
21308,4,infantry_militia,135,120.89521890768569
21310,4,cavalry_standard,727,675.0884905004636
21311,3,general,286,312.93496015217295
21313,4,general,367,344.38534442712154
21314,2,general,59,84.1135427080074
21315,1,general,226,301.0427573526709
21316,3,general,673,859.2868586048852
21317,1,general,870,1024.45288112629
21318,1,general,227,190.89353412902545
21320,3,general,581,525.8852950338122
21322,3,infantry_grenadiers,466,461.6384710625198
21323,2,infantry_line,329,291.7985829506113
21324,3,infantry_line,581,635.3280235649532
21325,3,infantry_line,663,668.4272791817277
21326,2,infantry_militia,138,118.6874527735235
21327,1,infantry_skirmishers,342,408.64395732597467
21329,3,cavalry_standard,317,345.99365246775494
21330,4,general,39,58.301336154820994
21333,4,infantry_militia,161,139.2577900395511
21334,2,infantry_militia,79,88.85097274622943
21335,1,infantry_militia,95,98.03626262384557
21336,1,cavalry_light,477,444.0533781603056
21337,1,cavalry_light,425,430.80486611869287
21338,0,general,29,56.90128279935227
21339,1,general,308,305.05419116179746
21340,2,general,352,318.1564618269822
21341,4,infantry_militia,88,63.10934401060753
21344,4,infantry_skirmishers,472,360.58028919991943
21347,0,general,64,193.63230056045893
21348,4,general,198,190.86219869375475
21349,2,general,322,399.6902116837807
21350,4,infantry_light,205,238.06685082380935
21351,0,infantry_line,97,135.1713300033543
21352,2,infantry_line,94,143.80168072160595
21353,3,infantry_line,260,243.7245678836625
21354,2,infantry_line,389,435.64104515897526
21355,4,infantry_militia,108,96.12901595629539
21356,2,infantry_militia,93,87.55578513845981
21357,0,infantry_militia,118,108.6781747607446
21358,2,general,441,422.45330914745585
21361,1,infantry_line,545,543.2672934965544
21363,4,artillery_foot,342,345.92368504904243
21364,0,general,192,160.65901107197374
21365,1,general,941,1144.6218851265266
21366,4,general,686,645.5343888805792
21367,3,general,466,471.073094724507
21368,0,general,270,282.2104525503456
21369,4,general,1336,1726.7598354029742
21370,2,infantry_light,796,785.9420338564305
21371,4,infantry_light,969,1044.0267169392337
21372,0,infantry_light,506,425.2214322408675
21373,4,infantry_line,335,329.2214367522006
21375,0,infantry_militia,51,69.34630534433614
21377,3,general,208,183.6173838164824
21379,4,general,309,279.3491531713316
21380,1,general,261,226.40840166044583
21381,0,infantry_grenadiers,196,205.43592211131244
21382,0,infantry_line,271,251.91416320424068
21384,1,infantry_line,367,325.31684132779236
21385,1,infantry_line,323,280.9467796255
21388,0,cavalry_heavy,1718,1456.6584074725513
21389,2,cavalry_heavy,941,848.2819506214162
21390,1,cavalry_heavy,1311,1118.835617632041
21391,0,cavalry_heavy,1363,858.5736256248173
21392,1,cavalry_lancers,401,387.68334284510934
21394,4,cavalry_light,318,330.82002389762647
21395,1,cavalry_standard,359,368.90212066770437
21396,0,general,363,320.55303155317375
21397,1,general,770,704.4038921991744
21399,2,general,1315,1085.8807135173563
21400,1,general,277,290.1182655169109
21401,0,general,1277,712.9082878867987
21402,3,general,224,230.47968673502376
21403,2,general,278,242.48332450426847
21404,2,general,1698,1428.2903999053472
21405,1,cavalry_heavy,984,899.0010216032921
21406,0,cavalry_light,998,955.1595119223734
21407,2,cavalry_light,1073,1014.0020201470509
21408,3,cavalry_light,190,244.07635065405086
21409,2,cavalry_light,268,292.9728023412882
21410,3,cavalry_light,553,495.33144296546266
21411,2,cavalry_standard,416,419.3930786285035
21413,4,general,80,157.0798112619039
21414,0,general,859,757.6091531855831
21415,1,general,866,795.0227263344597
21416,0,general,1002,1011.5360731429888
21417,4,general,298,311.53071661273725
21418,4,cavalry_heavy,846,775.7108703648115
21419,0,cavalry_heavy,965,874.9608952495971
21420,2,cavalry_heavy,1632,1595.6661907753478
21421,4,cavalry_light,410,397.10141726501683
21422,1,cavalry_light,294,310.311614964628
21423,0,cavalry_light,985,966.8891956431893
21424,2,cavalry_standard,419,430.8635203851942
21425,0,general,853,841.1741692969139
21427,1,general,796,764.5895936967398
21428,2,artillery_horse,592,576.0877886999407
21430,2,general,207,207.87132250848745
21432,4,infantry_militia,62,91.89433662561561
21433,1,artillery_foot,33,51.68841380400814
21434,0,general,705,675.3728321838623
21435,2,general,986,1097.1106994150714
21437,1,general,180,145.2256965307005
21438,0,infantry_militia,132,141.2143297592868
21439,2,infantry_skirmishers,160,153.78545374432713
21440,3,cavalry_light,231,237.2951845851512
21441,1,general,154,172.67593594630023
21443,2,artillery_foot,255,236.16281363367258
21444,1,artillery_foot,285,249.01474939558182
21446,2,artillery_foot,867,743.0161831804807
21447,4,artillery_foot,356,326.7062032394467
21448,0,artillery_foot,244,247.71897374852938
21449,1,artillery_foot,476,481.53958646060624
21450,4,artillery_foot,312,290.09003744472363
21451,0,artillery_horse,348,341.46756244070576
21452,1,general,341,271.9815676219941
21453,1,general,1746,1077.3948964046544
21454,2,general,163,220.95332260306327
21457,0,general,230,213.9026505258386
21459,0,general,146,170.0559427238252
21460,3,general,250,161.1489761515336
21461,1,infantry_grenadiers,244,248.9252995750157
21462,2,infantry_grenadiers,235,247.87958328576374
21463,3,infantry_grenadiers,283,256.6062301328927
21464,4,infantry_skirmishers,216,233.5682094319834
21466,1,cavalry_light,543,524.1343828586502
21467,3,cavalry_standard,664,684.1793585189961
21468,4,general,399,478.38669698092974
21469,2,general,441,412.67331713772865
21470,4,general,684,700.9227742268585
21472,3,infantry_line,725,753.5875165407394
21473,0,infantry_line,612,654.4789718972763
21474,1,infantry_militia,373,328.3278932439151
21475,1,infantry_militia,350,289.13923911143894
21476,2,general,591,582.5189458640465
21478,4,infantry_light,922,929.0964723391257
21479,4,infantry_light,829,892.898179243257
21480,1,infantry_line,539,556.5483806694821
21481,2,infantry_militia,201,183.37696616584867
21482,3,infantry_militia,179,165.95921435205904
21483,0,infantry_militia,324,281.60451824691114
21484,0,infantry_militia,242,217.20805227364082
21485,3,infantry_skirmishers,249,265.1793125534402
21486,0,cavalry_light,326,373.66580234299556
21487,3,general,183,149.67358865118518
21488,2,infantry_light,252,276.1390782495192
21489,4,infantry_light,262,285.1324894760739
21490,2,infantry_line,868,964.7162166787194
21491,1,infantry_militia,183,161.37404462208914
21495,1,cavalry_missile,880,1175.7852303809298
21496,0,general,618,577.936945452
21497,3,general,975,1102.508821361027
21498,0,general,1098,1207.3471446586761
21500,2,infantry_line,873,952.1800476748106
21502,4,infantry_militia,321,293.5891616819195
21503,3,infantry_militia,223,197.17525610091428
21504,1,general,602,575.2833218808576
21505,2,general,1018,1242.1986105430306
21506,1,infantry_grenadiers,1360,1337.611872890351
21507,0,infantry_line,644,634.420196987022
21508,3,infantry_line,868,943.8303539126582
21509,2,infantry_line,840,926.0563904456998
21511,1,infantry_line,406,399.33393411375135
21512,0,infantry_grenadiers,672,652.1016147068896
21513,4,infantry_line,498,473.5625806559861
21514,1,infantry_line,474,487.5088531507538
21515,0,infantry_line,526,514.8942573044211
21516,3,infantry_skirmishers,300,271.72775210479267
21518,3,infantry_skirmishers,716,471.28145703101137
21519,0,general,225,125.90679145641357
21521,2,infantry_skirmishers,167,181.09779060159823
21522,3,infantry_skirmishers,263,196.3973960045803
21523,2,infantry_skirmishers,483,621.8500325798507
21525,2,infantry_line,538,528.4320496715242
21527,0,infantry_militia,389,354.08640377065274
21528,2,artillery_foot,453,398.8302360966037
21529,1,general,440,384.8001745420967
21531,2,general,458,411.7662777779712
21532,3,general,616,589.7794719123741
21534,2,infantry_line,376,362.4814456417143
21535,2,infantry_line,495,505.9922518238388
21536,3,infantry_line,740,809.3699940600355
21537,4,infantry_line,564,602.7739455444687
21538,3,infantry_line,633,665.6632300192817
21539,2,infantry_militia,302,259.84408406365935
21541,1,infantry_line,496,489.7325339698584
21542,3,infantry_line,460,457.3447148510286
21543,4,cavalry_light,317,328.1090418367751
21544,2,general,646,515.786899931672
21545,2,general,442,393.8315526354369
21546,2,general,351,252.54567615771603
21547,2,infantry_militia,422,385.5872504130366
21548,3,infantry_militia,371,359.2926705580289
21549,4,infantry_skirmishers,584,575.1549371373843
21550,0,artillery_foot,607,631.0298571290737
21551,4,cavalry_heavy,1345,1233.64300785517
21552,1,cavalry_light,1563,1503.140247678537
21553,0,infantry_line,1007,1027.3312588159038
21554,2,infantry_militia,82,128.00460356518406
21555,2,infantry_skirmishers,281,297.1528790340479
21557,1,general,276,245.74568403510955
21558,0,general,383,362.32532695555517
21559,1,infantry_light,397,387.4479994173807
21560,3,general,367,341.212920797392
21561,1,infantry_light,443,434.53662262305596
21562,4,infantry_militia,117,119.19292613186967
21563,3,cavalry_missile,472,531.9353002338789
21565,0,infantry_skirmishers,683,814.3722457755352
21566,3,infantry_skirmishers,1011,1057.6077633580048
21567,0,general,370,466.1514150138401
21568,1,infantry_skirmishers,364,699.3220636171939
21569,4,infantry_skirmishers,398,352.68547720412647
21571,4,infantry_skirmishers,662,665.167897691812
21572,1,artillery_fixed,496,315.0335467677511
21573,4,artillery_fixed,1387,1459.6193781148463
21574,3,artillery_foot,705,865.166745109913
21579,3,general,228,228.90903091204447
21580,1,general,820,805.2180617915333
21581,3,general,551,648.9025365145961
21582,2,general,601,600.9239031194336
21584,2,general,326,326.4637155523586
21585,3,general,309,285.0729323147205
21586,3,general,228,232.2339267025095
21587,2,general,345,317.51060697378796
21588,1,general,374,351.3338766182347
21589,2,general,236,208.69520054966938
21591,2,general,532,554.4543645826957
21592,2,general,196,204.83364822559562
21594,1,general,458,475.11932359815165
21596,4,general,264,254.8110293909092
21597,1,general,664,852.16039779032
21598,3,general,792,824.5385108734213
21600,3,general,762,866.5344514604584
21601,2,general,498,508.17803042306787
21602,3,general,343,334.46441988506456
21603,1,general,294,323.69803229868216
21604,1,general,877,895.9038547980575
21605,2,general,348,294.86365757848915
21607,1,infantry_grenadiers,504,478.95836835342385
21608,1,infantry_grenadiers,659,670.8292740491719
21609,1,infantry_line,487,491.7009698571938
21610,2,infantry_line,288,299.1666251663919
21611,2,infantry_line,336,319.7959281786594
21612,1,infantry_line,317,310.6499127297422
21613,2,infantry_line,477,488.51176355608226
21614,4,infantry_line,381,374.5614607506984
21615,2,infantry_line,377,385.9833232402288
21616,3,infantry_line,253,259.6770383524606
21618,2,infantry_line,369,353.4129729150756
21619,1,infantry_line,848,872.1247416529262
21620,4,infantry_line,706,739.2319010436321
21621,2,infantry_line,368,385.0912368532953
21623,1,infantry_line,716,837.7451962130498
21626,4,general,426,414.67965958610307
21627,0,general,221,211.65290510600562
21628,3,general,266,264.85637551681265
21629,0,general,362,348.6061253665165
21630,2,general,252,245.3145448067334
21631,2,general,198,190.94953967161453
21632,1,general,178,179.4249503647752
21633,4,general,164,172.82212921928053
21634,4,general,377,330.7451600624983
21635,3,general,181,186.72530804428388
21636,2,general,321,323.9239100449429
21637,0,general,407,406.7509949727055
21638,4,general,297,270.93170103940065
21640,3,general,246,236.32853159643508
21642,3,general,592,599.3901465377447
21644,4,general,500,460.94825234806103
21645,2,general,318,295.8938703830066
21646,2,general,805,856.497958916351
21647,2,infantry_grenadiers,720,675.5762651212818
21648,1,infantry_grenadiers,1036,1044.5986314306363
21649,4,infantry_line,237,227.01021036877248
21651,3,infantry_line,238,245.50326777953035
21652,0,infantry_line,265,275.8812123379329
21654,0,infantry_line,348,351.49749618435277
21655,0,infantry_line,477,453.031524631797
21656,0,infantry_line,285,279.7334818643701
21657,0,infantry_line,235,248.2993121456716
21658,4,infantry_line,375,357.19658697341055
21659,0,infantry_line,376,371.22902919810537
21660,2,infantry_line,480,469.6906557207968
21661,4,infantry_line,300,299.70786813445284
21662,0,infantry_line,260,270.24522052955564
21663,2,infantry_line,701,731.0465612208791
21664,1,infantry_line,429,424.40881869514646
21665,2,infantry_line,422,395.16114806524627
21668,2,general,543,534.3917528278226
21669,2,general,237,226.66612154639543
21670,1,general,335,312.50953367881806
21671,2,general,341,307.4940822036473
21672,4,general,383,380.81335116446934
21673,0,general,196,187.15475407113615
21674,0,general,214,224.4777488354728
21675,1,general,492,432.5432538299776
21676,1,general,228,232.73519710171396
21677,3,general,297,304.0620988206974
21678,3,general,237,202.2450152071812
21679,2,general,402,375.05601539107823
21680,1,general,404,420.23599772764175
21682,0,general,569,555.6290485183332
21683,4,infantry_grenadiers,549,466.64851572211643
21685,1,infantry_light,386,375.55559710684975
21686,3,infantry_light,450,406.20133820630616
21687,1,infantry_light,330,327.210021383965
21688,0,infantry_light,362,371.52234476045453
21689,2,infantry_light,298,293.5787204058293
21691,2,infantry_light,322,332.598865614985
21692,3,infantry_light,376,360.3155775176989
21693,0,infantry_light,322,336.513899625522
21694,0,infantry_light,598,607.2415381174658
21696,0,infantry_light,355,363.12405319942496
21697,1,infantry_light,338,331.0652146475005
21698,4,infantry_light,458,439.91721868083613
21699,1,infantry_light,629,624.5374894009941
21700,2,general,319,314.2653301038097
21702,1,infantry_grenadiers,331,308.7159135737841
21704,0,infantry_grenadiers,287,282.3504105774321
21705,2,cavalry_light,1193,1257.2189219222832
21706,0,cavalry_standard,546,577.6484016851023
21707,1,cavalry_standard,1035,1074.7819632917551
21708,1,general,1022,1100.2854232979462
21709,1,general,408,462.3578656973239
21710,3,general,1104,1247.3260633156635
21711,2,cavalry_lancers,455,428.0915837113306
21712,3,cavalry_lancers,564,534.7428032772483
21713,4,general,320,293.06188662555326
21714,0,general,470,457.58696074570366
21715,3,general,353,323.90690600336814
21717,0,general,354,330.88765680889713
21718,4,general,308,292.1985974599476
21719,3,general,202,182.08183530753283
21720,1,general,467,454.54266567612063
21721,0,general,572,529.4582517210533
21722,2,general,146,160.67897476436286
21723,3,general,297,300.9070286404986
21724,2,general,349,327.5512862652665
21727,1,general,237,232.18385517332757
21728,3,general,152,164.6277871592676
21729,4,general,253,243.7797628217966
21731,2,general,264,240.1241558342545
21732,0,general,578,524.8410348190419
21733,1,general,310,323.57634311732505
21734,3,general,399,369.5622018180961
21735,0,infantry_light,541,548.8290442654189
21736,2,infantry_line,409,392.62074715227084
21737,4,infantry_line,469,451.9823560130479
21738,3,infantry_line,299,286.5762368150253
21739,4,infantry_line,459,462.02192202004005
21740,4,infantry_line,310,294.1827518897531
21741,4,infantry_line,308,306.72065583140176
21742,4,infantry_line,371,375.3535251220424
21743,2,infantry_line,208,214.91417079841239
21744,1,infantry_line,283,261.7904796145535
21746,4,infantry_line,391,392.0225751041289
21747,3,infantry_line,240,244.86530293667582
21748,3,infantry_line,328,315.1280347176935
21750,4,infantry_line,500,450.5098661404615
21752,4,infantry_line,398,389.3540465873368
21753,4,infantry_line,455,417.64940454310766
21754,2,infantry_line,372,369.15154503204104
21755,2,general,190,197.0477457078787
21756,0,general,266,274.09626524755896
21757,0,general,591,561.7876471590167
21758,0,general,264,268.915355144895
21759,1,general,274,240.69651929467193
21760,1,general,440,453.8860577571041
21761,1,general,187,194.68014934806035
21762,3,general,402,400.09418800159045
21763,1,general,347,306.23886472911545
21765,0,general,610,691.4055225266285
21766,2,general,203,191.11627389607426
21767,0,general,409,421.10304314386656
21768,0,general,133,127.06525867120682
21769,0,general,283,269.44181304619264
21770,3,general,341,307.4988135136131
21771,2,infantry_grenadiers,311,364.02232911159814
21773,1,infantry_line,380,389.137352220691
21774,3,infantry_line,393,405.74317861300216
21775,1,infantry_line,284,296.45686419086815
21776,1,infantry_line,325,332.33618780636846
21777,0,infantry_line,275,261.65027478857826
21779,2,infantry_line,284,300.49403965293766
21780,3,infantry_line,331,308.9996214421158
21781,2,infantry_line,302,295.8620445198306
21782,4,infantry_line,317,322.97632822316376
21783,2,infantry_line,205,205.19246275422185
21784,4,infantry_line,506,543.9556904522661
21785,3,infantry_line,247,257.70778191409676
21786,0,infantry_line,306,327.8786169845673
21787,0,infantry_line,517,543.625720976083
21788,3,infantry_line,238,218.2335384184528
21789,4,infantry_line,447,426.6249313958435
21792,4,general,529,471.43301222378955
21793,0,general,354,314.3837792403276
21794,0,general,566,589.4651603662634
21795,3,general,302,313.21372797905826
21797,2,general,439,417.1608391074767
21798,4,general,456,411.8963759641096
21799,3,general,365,320.35672672627516
21800,2,general,377,310.1974014262956
21802,2,general,354,355.0432223025376
21803,2,general,251,263.766981562833
21804,4,general,503,498.9887931614762
21805,3,general,618,612.4590746415788
21807,4,infantry_grenadiers,265,268.58412049409054
21808,1,infantry_grenadiers,246,251.1742950066325
21810,4,infantry_grenadiers,324,311.18335334369726
21812,4,infantry_light,468,436.20465883842405
21813,4,infantry_light,355,334.57460884736093
21814,4,infantry_light,468,465.6174962117428
21816,3,infantry_light,358,362.4856631561229
21818,4,infantry_light,341,319.569746457019
21819,1,infantry_light,501,472.3528214744335
21820,4,infantry_light,554,555.2189142136397
21821,0,infantry_light,314,286.64991198155695
21822,0,infantry_light,470,465.55677224784756
21823,3,infantry_light,523,525.999552418704
21824,3,infantry_light,324,294.11090672182024
21825,0,infantry_light,563,555.5210914299622
21826,2,infantry_light,323,312.59734883007144
21828,3,general,502,444.55182936831204
21829,3,general,137,184.17669996547824
21830,1,infantry_grenadiers,247,238.94742783686968
21832,3,cavalry_standard,482,514.1050983229869
21833,2,cavalry_standard,523,545.2229294502364
21835,1,general,435,478.14571260441414
21836,0,cavalry_lancers,391,376.1545323595101
21838,3,cavalry_heavy,1991,1836.8595941238489
21839,4,cavalry_standard,825,844.3518554398813
21840,2,cavalry_standard,548,592.0903303461366
21841,4,general,219,224.6149272311107
21842,1,general,440,427.2993670505693
21843,2,general,179,182.8590534489686
21844,3,general,1964,1831.4060199801381
21845,3,general,447,484.0094059439725
21846,4,general,1856,1770.3574036260973
21847,2,general,255,260.74280244040244
21849,3,general,256,237.87282485629547
21850,4,general,650,728.8958857070021
21851,0,general,274,267.87288029004793
21852,1,general,686,769.8236143557078
21853,4,infantry_grenadiers,547,568.7649718353304
21854,0,infantry_grenadiers,813,910.8102219588529
21855,4,infantry_light,359,358.5906801066583
21856,0,infantry_light,368,332.00802979764984
21857,1,infantry_line,368,366.71571434626867
21859,3,infantry_line,276,278.7567701726392
21861,2,infantry_militia,311,231.49648749338886
21862,2,infantry_militia,324,229.69324301921122
21864,1,cavalry_heavy,1291,1273.7643534449503
21866,3,cavalry_heavy,1253,1243.3809889349618
21867,3,cavalry_light,671,642.1996167709297
21868,4,general,1179,1136.644143377765
21869,4,general,672,631.6737474529183
21870,2,general,244,238.84072016006905
21873,1,general,64,92.75705278425276
21874,4,general,1213,1182.0953818314997
21875,1,general,677,670.5378703317323
21877,3,general,378,374.1066351580641
21879,1,infantry_grenadiers,646,611.618666202952
21880,4,infantry_line,171,163.82150641401157
21881,0,infantry_line,150,147.8098678489335
21882,3,infantry_line,306,306.02544707301433
21883,4,infantry_line,434,420.9388846714418
21884,3,infantry_line,310,286.4044672584138
21885,1,cavalry_lancers,717,648.7004250531008
21886,2,cavalry_lancers,548,507.51412181295046
21887,1,cavalry_lancers,376,378.8360158642825
21888,0,cavalry_lancers,496,447.1198700961812
21889,4,general,627,634.8081593891299
21890,0,general,76,107.73183250951843
21891,1,general,237,242.55944467152946
21892,1,general,503,463.61436291739017
21894,1,general,739,636.1728554626249
21895,3,general,268,246.11897382775564
21896,2,general,343,369.39326902279504
21898,1,infantry_grenadiers,605,548.3003904204543
21899,2,infantry_grenadiers,587,470.0216986531625
21900,2,infantry_light,328,291.8733527203462
21901,4,infantry_light,443,423.79067729250295
21903,4,infantry_light,352,364.0094531470597
21904,4,infantry_line,169,164.2334132188814
21905,1,infantry_line,131,154.85145394209266
21908,1,infantry_line,141,136.46912049108053
21910,2,cavalry_light,410,398.3257476578715
21911,4,cavalry_standard,789,776.2206147842203
21912,1,general,626,618.8020088715242
21913,3,general,422,385.41306792025574
21916,2,infantry_line,169,162.43057056330815
21917,4,cavalry_lancers,421,408.7995914114527
21918,0,cavalry_lancers,503,461.723999428408
21919,2,cavalry_lancers,408,391.6633205573485
21920,3,general,313,304.0317722253777
21922,3,general,285,258.2301228551068
21924,4,infantry_grenadiers,281,267.13341362321484
21925,4,infantry_grenadiers,287,257.14437676626744
21926,2,infantry_grenadiers,316,298.7731782327203
21928,3,infantry_line,397,374.5115732147056
21930,1,infantry_line,274,274.1422775180809
21932,3,cavalry_standard,759,736.2499451052124
21933,0,cavalry_standard,1012,1035.4378893224025
21934,1,cavalry_standard,504,528.6899988294504
21935,1,cavalry_standard,811,826.1644488660029
21936,1,cavalry_standard,730,729.5290340206983
21937,4,cavalry_standard,619,640.1214397868695
21938,3,general,600,569.87140604158
21939,2,general,689,702.0108218533711
21940,2,general,456,492.6698314545756
21941,1,general,301,263.8959426789231
21942,4,general,646,640.0719713491351
21944,1,general,667,680.1765965772637
21945,3,general,409,396.74956377462854
21946,1,general,205,199.9752508145882
21947,0,infantry_grenadiers,292,285.86148479496825
21948,0,infantry_grenadiers,331,328.6354542099401
21949,2,infantry_grenadiers,275,280.6180883009796
21950,0,infantry_line,188,206.5335358154404
21951,1,infantry_line,433,411.7615767791483
21952,4,infantry_line,374,384.0229142617857
21953,3,infantry_line,255,242.38656075111936
21955,3,cavalry_lancers,400,372.16300816119616
21956,3,cavalry_lancers,468,443.8255498047406
21957,0,cavalry_lancers,554,534.2362615549152
21958,3,cavalry_standard,505,542.8189245550743
21960,3,cavalry_standard,473,517.3965508845565
21961,4,cavalry_standard,721,721.2417683873956
21962,4,general,462,517.2053316180954
21963,1,general,340,380.67088983384815
21964,4,general,402,365.9480848581518
21965,2,general,661,651.6162054019501
21966,0,general,474,440.89473999175846
21967,1,general,261,267.09496516774124
21970,2,general,407,437.38923073334576
21971,1,general,229,216.83921762833657
21972,3,infantry_light,459,415.1420295266645
21973,0,infantry_light,337,313.67760307299426
21974,1,infantry_line,237,226.70393948100076
21975,2,infantry_militia,377,388.0130355848102
21976,1,infantry_militia,203,156.9999190034333
21977,1,cavalry_lancers,495,497.11459596043363
21978,2,cavalry_light,368,386.22940066012774
21979,4,cavalry_light,403,396.942360191042
21980,3,cavalry_light,683,672.2643422932975
21981,3,cavalry_light,982,919.0422269141504
21983,1,general,978,906.3998484741369
21984,4,general,354,358.1474140584898
21985,4,general,305,315.0838359194012
21986,2,general,842,768.752470940945
21988,2,general,683,691.5994303383146
21989,3,cavalry_heavy,1033,976.4471492800817
21990,1,cavalry_standard,431,449.65205340632536
21992,2,cavalry_standard,498,526.7716164192881
21994,2,general,738,752.0790945426323
21995,3,cavalry_lancers,336,346.18230436962926
21996,1,cavalry_light,363,358.6898222879937
21997,0,cavalry_standard,707,702.422012998507
21998,3,general,314,304.97351556935314
21999,1,general,706,689.7853899068442
22000,4,general,209,237.11575277763342
22001,3,cavalry_lancers,396,393.4777531933454
22003,1,general,287,285.9807522000336
22004,2,cavalry_standard,771,747.9035931231814
22005,4,cavalry_standard,777,779.2230387254336
22007,3,general,617,618.7855103332406
22008,2,general,173,171.5588903125573
22009,2,general,705,701.5398648343788
22010,2,general,487,503.0781927465606
22011,4,general,504,517.8071423727
22012,0,general,531,499.36157663564205
22015,2,infantry_line,418,439.92377405076775
22016,1,infantry_line,475,483.2789802463605
22017,3,infantry_line,365,368.4238126549294
22020,1,cavalry_lancers,905,933.7568432835316
22021,1,cavalry_standard,684,678.4652433471699
22022,3,cavalry_standard,930,929.6827170361377
22026,0,general,1136,1079.6113784504842
22027,0,general,840,855.5814515083982
22028,0,general,964,952.8614155917344
22029,3,general,395,440.98113890491356
22030,4,general,795,801.8116513910809
22031,2,general,1211,1168.6467349116074
22032,2,general,840,768.5900620638748
22033,3,general,227,200.2532376166784
22034,2,general,469,478.50229519126293
22037,3,infantry_line,338,313.33099281704335
22038,3,cavalry_lancers,588,508.25900775764404
22039,4,cavalry_lancers,923,985.6294806513047
22041,3,cavalry_lancers,583,540.719052106406
22043,4,cavalry_light,826,761.4402115767357
22044,1,cavalry_light,370,403.4632828590057
22046,3,general,139,370.81738967568225
22047,1,general,472,481.11772490193243
22048,3,general,1320,1283.2106567377953
22049,1,general,584,526.3674243480053
22051,2,general,198,197.07847033833698
22052,2,general,911,996.7263368227017
22053,4,general,334,378.63877239948454
22055,0,infantry_light,449,466.6198401183712
22056,0,infantry_light,583,606.3411180883335
22057,4,infantry_line,264,268.5149156653902
22058,1,cavalry_standard,522,545.9944965081006
22059,3,cavalry_standard,678,667.5139373667593
22060,1,general,619,614.924110916586
22061,0,general,422,443.4571798684683
22062,1,cavalry_light,402,415.8220411673037
22063,0,cavalry_standard,546,579.6847932919119
22064,2,general,446,487.913080497016
22065,2,general,271,290.7404425933504
22066,3,cavalry_lancers,632,599.2392157715012
22067,3,cavalry_lancers,584,528.1920734747001
22068,1,cavalry_light,784,650.3978859607427
22070,3,general,246,237.54168846641613
22071,3,infantry_line,235,235.04070147542078
22072,4,cavalry_heavy,1149,1101.14045092194
22074,3,cavalry_heavy,1482,1449.8823184917105
22075,3,cavalry_heavy,1086,1038.6478978051214
22077,3,cavalry_lancers,523,471.6618028676509
22078,2,cavalry_lancers,538,505.38635988976534
22079,2,cavalry_missile,461,431.88003337336534
22080,3,cavalry_standard,478,489.68965102401506
22081,2,cavalry_standard,600,603.1133296358659
22082,0,general,1490,1436.449356405199
22083,2,general,895,866.8516984968198
22085,0,general,1388,1297.6814798232924
22086,1,general,347,363.562661892328
22087,2,general,1147,1056.9140645309387
22090,1,general,547,547.1351249099456
22092,2,cavalry_lancers,614,564.3807356097285
22093,2,cavalry_lancers,377,372.39332919276654
22095,2,cavalry_light,768,689.8575907371028
22096,3,cavalry_light,798,685.4659102089114
22098,3,cavalry_standard,586,616.2692207422865
22099,1,cavalry_standard,829,842.1755460384609
22101,1,cavalry_standard,721,713.6128381155646
22102,2,general,132,140.8989242118402
22103,2,general,644,563.3739270799271
22104,0,general,881,918.0609639793306
22105,1,general,476,435.92413047839597
22106,0,general,446,487.6059709262329
22107,4,general,763,778.8811381630821
22108,4,general,413,407.20964133687295
22109,1,general,701,644.6098736907642
22110,2,general,659,644.2217594390788
22112,2,general,257,267.3233719085148
22113,0,infantry_light,237,225.29002894738863
22114,0,infantry_light,364,362.57197956623344
22117,4,cavalry_lancers,630,545.8493356872259
22118,2,cavalry_lancers,588,554.6242939599365
22119,4,cavalry_lancers,579,560.8753431446164
22120,4,cavalry_lancers,630,545.8493356872259
22122,0,cavalry_lancers,406,391.7060955410214
22124,4,general,516,416.9171693321417
22125,0,general,520,415.1187086131572
22126,1,cavalry_lancers,360,366.5401819828447
22127,0,general,309,324.9981710678103
22128,1,cavalry_lancers,605,587.6860573324705
22129,3,cavalry_lancers,609,526.9469169550271
22130,3,general,448,396.3673249969927
22132,1,artillery_foot,849,963.68415102464
22133,1,artillery_foot,578,654.1308960411786
22134,2,artillery_foot,662,711.1028436152087
22136,4,artillery_foot,581,588.8969227814083
22137,0,artillery_foot,612,613.9084745326363
22138,4,artillery_foot,386,359.5819420827111
22139,2,artillery_foot,737,762.7727033387542
22140,1,artillery_foot,619,627.2004174702205
22141,3,artillery_foot,936,952.1257388383533
22142,1,artillery_foot,849,963.68415102464
22144,3,artillery_foot,667,727.2393493126522
22145,3,artillery_foot,976,935.4224131924736
22146,4,artillery_foot,1821,1385.4213322828134
22147,4,artillery_foot,1465,1257.9654099960665
22148,3,artillery_foot,395,366.07924296335784
22149,0,artillery_foot,410,376.2904718338767
22150,3,artillery_foot,936,952.1257388383533
22151,2,artillery_foot,349,317.61882574475885
22152,4,artillery_foot,381,411.91455172755
22153,1,artillery_foot,477,510.18395726871574
22154,3,artillery_foot,395,366.07924296335784
22155,2,artillery_foot,1078,1145.9523442516852
22156,3,artillery_foot,398,377.15737816929527
22157,1,artillery_foot,849,963.68415102464
22160,3,artillery_foot,765,803.2273754492282
22161,4,artillery_foot,1142,1057.7557916718313
22162,4,artillery_foot,981,1068.3135121891648
22163,0,artillery_foot,901,846.253510723972
22164,0,artillery_horse,1480,1536.3536326224287
22165,1,artillery_horse,1679,1841.5078039721382
22166,1,artillery_horse,1554,1661.4311214987217
22167,3,artillery_horse,1058,1150.7929506568714
22169,0,artillery_horse,535,528.5360499947351
22170,3,artillery_horse,543,549.2913120727626
22171,2,artillery_horse,771,722.9196529039019
22172,3,artillery_horse,1549,1747.1932087394584
22174,2,artillery_horse,1061,1128.5183975710772
22176,0,artillery_horse,784,677.8825570606241
22177,0,artillery_horse,1185,1207.1890104321153
22178,4,general,747,799.0352388009443
22179,1,general,281,280.1487666310311
22180,4,general,439,454.9659949383062
22181,2,general,60,61.70607639226845
22182,0,general,571,535.8594828559062
22184,3,general,985,1049.8090677573275
22185,1,general,1291,1310.317001575553
22186,1,general,281,280.1487666310311
22187,2,general,60,61.70607639226845
22188,2,general,362,349.1905957011222
22189,4,general,655,666.7325690151544
22190,1,general,881,798.5003864245261
22191,1,general,474,466.5491538247211
22192,1,general,990,1060.6021403332095
22193,4,general,752,740.892357331749
22194,1,general,159,160.95220403749116
22195,3,general,562,563.8609527161079
22196,2,general,60,61.70607639226845
22197,3,general,521,485.3186910140766
22199,4,general,1619,1716.048070272425
22200,2,general,1,1.0
22201,0,general,741,734.2704636803138
22202,4,general,839,837.1493461400263
22203,0,general,741,734.2704636803138
22204,1,general,574,563.1505388153275
22205,4,general,2594,2514.8028057952233
22206,1,general,281,280.1487666310311
22207,2,general,1,1.0
22208,1,general,574,563.1505388153275
22209,4,general,1073,970.5507019964615
22210,1,general,574,563.1505388153275
22211,3,general,549,572.7131548718191
22212,4,general,1600,1895.8843164620296
22213,4,general,747,799.0352388009443
22214,3,infantry_grenadiers,284,256.6468034678964
22215,2,infantry_grenadiers,237,275.2669520070551
22216,3,infantry_grenadiers,238,238.66347534296335
22218,2,infantry_grenadiers,288,313.1564069250124
22219,0,infantry_grenadiers,297,307.74557683142416
22220,4,infantry_grenadiers,478,424.3121029238607
22221,3,infantry_skirmishers,212,236.14289653637107
22223,0,infantry_skirmishers,249,270.67389884338303
22224,1,infantry_skirmishers,170,161.9939960668892
22226,4,infantry_skirmishers,180,185.40609163168088
22227,1,infantry_skirmishers,195,177.97875227148106
22228,4,infantry_skirmishers,184,191.76474625177534
22229,4,infantry_skirmishers,184,191.76474625177534
22231,4,general,1681,1705.6061375596587
22232,3,general,1466,1995.7219631275407
22233,1,infantry_skirmishers,1515,2210.3242568273545
22234,3,cavalry_lancers,933,989.5080748277619
22235,3,general,1017,1058.1944101772763
22236,2,general,421,367.08654537369245
22237,4,general,1267,1053.119378186659
22238,3,infantry_skirmishers,570,834.3413477332927
22239,1,general,660,1080.7405722869148
22240,0,infantry_skirmishers,767,810.7179996476444
22241,3,cavalry_lancers,797,772.0308757474407
22242,1,cavalry_lancers,582,635.0319857155064
22243,4,cavalry_lancers,738,741.4843898394348
22246,2,general,206,241.1704104520066
22247,4,general,745,802.9208936868131
22248,4,general,1238,1484.2017113618617
22249,4,cavalry_lancers,659,692.746094478523
22250,1,cavalry_lancers,691,713.8038114049189
22252,3,cavalry_lancers,678,698.9446426703817
22253,1,cavalry_lancers,377,382.5701835116695
22254,0,general,361,320.76500104957046
22255,4,general,737,724.5394591077695
22256,3,general,310,326.23343681219535
22259,0,cavalry_lancers,736,819.3471123537672
22260,0,cavalry_lancers,660,695.115944957333
22261,2,cavalry_lancers,824,816.187796395386
22262,0,cavalry_lancers,519,535.2690560281928
22263,4,general,633,523.4519828278912
22265,3,cavalry_lancers,649,663.3506377524726
22266,3,cavalry_lancers,580,611.7937125948571
22267,0,cavalry_lancers,622,584.8500159467326
22268,1,cavalry_lancers,714,766.9845911815986
22269,3,general,494,550.4803279273507
22270,4,cavalry_lancers,629,650.8905639398519
22271,3,cavalry_lancers,765,798.4874907565439
22272,4,cavalry_lancers,806,883.7162423938095
22273,0,cavalry_lancers,689,747.4806679751154
22274,2,general,670,701.0180254330975
22275,2,general,763,941.9512397827817
22276,2,infantry_irregulars,811,1174.9033627784981
22277,1,cavalry_lancers,899,956.5382123204696
22279,4,cavalry_lancers,608,635.4571622403477
22280,4,cavalry_lancers,674,720.9164368762121
22281,0,general,697,1466.4365321617133
22282,0,general,442,516.6003517219666
22283,4,general,771,835.2591174906173
22284,3,infantry_irregulars,608,474.5757314756545
22286,3,cavalry_lancers,654,689.0231466994607
22287,2,cavalry_lancers,716,767.7836257516051
22288,1,cavalry_lancers,774,856.3858529396277
22289,3,general,768,961.9822776347507
22292,4,cavalry_lancers,741,812.7467816470862
22294,0,cavalry_lancers,669,740.8928760956211
22295,1,cavalry_lancers,613,669.4009368882166
22296,0,general,547,641.2485037482654
22297,4,infantry_irregulars,670,456.2526658866721
22298,4,artillery_foot,493,312.94631859339023
22299,0,cavalry_missile,665,548.5505286933566
22300,4,cavalry_lancers,803,872.3698891234251
22301,0,general,686,736.3672750597286
22302,0,cavalry_lancers,511,466.0470777064098
22303,1,general,460,372.5873888593576
22304,0,cavalry_lancers,525,601.8519102139928
22305,3,general,405,463.73480229540763
22306,3,cavalry_lancers,772,651.9145160920915
22307,2,cavalry_lancers,366,373.9405561561046
22308,2,cavalry_lancers,620,609.2081643743471
22309,4,general,480,439.97576236780344
22311,4,general,379,392.8922087558401
22312,2,general,896,1009.5942654612968
22313,0,infantry_skirmishers,369,503.83977307935385
22314,1,cavalry_light,1111,1204.7284250517075
22316,2,artillery_horse,724,660.9075993929041
22317,2,artillery_horse,116,86.9665196366145
22320,4,artillery_foot,808,713.0282222921471
22321,4,artillery_foot,439,519.477671953023
22323,0,artillery_foot,618,637.4553498708548
22324,0,general,392,373.0744585288143
22326,4,general,196,186.73690779877728
22328,3,general,235,209.7180280053071
22329,4,general,363,333.93405702231485
22330,4,general,1225,1241.3840675853803
22331,2,general,652,586.6955926078169
22332,1,general,425,352.77450773783517
22334,0,general,1365,1562.9815786937602
22335,3,general,649,658.0299263839845
22336,4,general,441,362.2736916636987
22337,3,general,421,335.2952631650657
22338,3,infantry_light,1088,1006.8952314477111
22340,0,infantry_line,361,393.75867506212427
22343,0,infantry_line,484,450.57299736251053
22344,0,infantry_line,540,488.7780264682569
22345,1,infantry_line,1146,1159.6230315914677
22347,3,infantry_militia,197,162.47162611408368
22348,0,infantry_militia,138,102.95941707237026
22349,1,infantry_militia,343,329.1241650206228
22351,4,infantry_skirmishers,247,256.1109927958598
22352,1,infantry_skirmishers,276,340.30912481769377
22353,4,infantry_skirmishers,325,348.86502354492757
22354,2,cavalry_light,1712,1900.3139687288674
22355,0,general,1607,1609.7579142626794
22356,2,artillery_foot,449,528.8560781617755
22357,4,artillery_foot,480,553.0205561182369
22358,2,artillery_foot,901,819.2698732361397
22360,2,general,186,169.8618550039052
22361,1,general,199,158.01865341493098
22362,0,general,208,183.80874328435212
22363,1,general,92,99.74332942486889
22365,4,general,409,342.4643603077921
22366,1,general,903,1068.4780160423886
22367,3,general,604,597.0137009636212
22368,1,general,313,278.0513515975865
22369,1,general,712,650.3674995389637
22370,2,general,213,224.3642009846067
22371,4,general,357,291.9002497848313
22372,2,infantry_light,422,416.9816218734391
22373,4,infantry_line,286,275.633477677874
22375,4,infantry_line,556,571.4086967645419
22376,3,infantry_line,418,373.63824378580665
22378,0,infantry_line,517,506.748531937339
22379,1,infantry_line,805,929.8589517413643
22380,4,infantry_militia,286,255.97406947647585
22381,0,infantry_militia,194,188.28618776721268
22382,0,infantry_militia,189,176.18601412944997
22384,1,infantry_militia,300,289.8935825547856
22385,4,infantry_skirmishers,309,288.0858153087285
22386,0,infantry_skirmishers,250,227.01736817862906
22387,4,artillery_foot,893,812.4037960450563
22388,0,artillery_foot,429,521.2813546822142
22389,0,artillery_foot,614,634.4043151598398
22390,3,general,35,61.49328651694746
22391,1,general,119,119.95844033041536
22392,2,general,121,116.87872958956088
22394,1,general,329,266.0796982429114
22395,1,general,142,129.58852718890466
22397,2,general,132,155.37312509999325
22398,0,general,456,383.99396111018626
22401,4,general,369,310.9461778574301
22402,2,infantry_light,651,596.8869827635812
22403,3,infantry_line,215,251.1874951118989
22405,0,infantry_line,401,393.8429393710284
22406,0,infantry_line,609,577.02410540519
22407,1,infantry_line,426,398.7016640876601
22408,2,infantry_militia,171,169.17915547389973
22412,3,infantry_militia,211,192.76618914549445
22413,3,infantry_militia,186,172.13437698774283
22415,0,infantry_skirmishers,545,483.65679257018917
22416,2,infantry_skirmishers,288,349.72808778784844
22418,0,artillery_foot,429,521.2813546822142
22419,2,artillery_foot,442,524.2893691188116
22420,3,general,134,110.55171951447579
22421,4,general,205,175.54472265222645
22424,3,general,240,213.26778588255965
22425,4,general,284,276.6110515905001
22427,3,general,710,649.0809400110085
22428,0,general,509,440.31794826745437
22429,1,general,285,305.2494051773436
22430,3,infantry_light,325,311.19903096072755
22431,4,infantry_light,654,647.5352126694621
22432,2,infantry_line,301,289.2584359359271
22434,1,infantry_line,312,291.67865355739906
22435,2,infantry_line,328,345.7952582043331
22436,2,infantry_line,432,391.21842746550783
22437,2,infantry_line,629,627.5483729356382
22438,0,infantry_militia,201,202.274560836669
22439,0,infantry_militia,213,210.27096672433424
22440,0,infantry_militia,191,175.29360946554146
22441,2,infantry_militia,77,85.24389579055664
22442,1,infantry_militia,135,135.93564017370804
22443,3,infantry_militia,234,208.67493593481518
22444,2,infantry_skirmishers,211,186.08910301786105
22447,0,cavalry_lancers,1250,1202.7837048715546
22448,0,cavalry_lancers,801,780.4138732304071
22450,1,cavalry_lancers,437,477.4469334167917
22451,2,cavalry_lancers,808,690.20778651802
22453,3,cavalry_light,740,791.3481286377863
22454,1,cavalry_light,1373,1362.0815832375351
22456,4,cavalry_standard,1592,1626.8151859925376
22457,2,cavalry_standard,1213,1229.3838454703784
22458,3,cavalry_standard,794,764.1808535024379
22459,3,cavalry_standard,928,962.6737222127698
22460,0,general,1610,1680.82639926075
22461,3,general,754,691.3752084372704
22462,4,general,773,872.5296290702852
22463,1,general,697,775.718374232972
22464,0,general,693,628.7786230133404
22466,1,general,735,646.9176989668031
22467,1,general,1017,986.9934618498135
22468,0,general,419,446.10973955183596
22469,2,general,804,775.2046780448766
22471,2,general,653,494.497959394759
22472,0,general,759,728.986852519852
22473,2,general,1407,1423.9727557938515
22474,2,general,1205,1232.3755632837272
22475,2,artillery_horse,1075,1088.0436261135528
22476,2,artillery_horse,600,562.148336356091
22477,1,cavalry_lancers,479,504.5296022472224
22478,2,cavalry_lancers,496,456.02030226860404
22479,0,cavalry_lancers,440,491.64239266605455
22481,4,cavalry_lancers,571,572.0063139769799
22482,2,cavalry_lancers,490,471.6752501620529
22483,2,cavalry_lancers,690,677.5722489345986
22484,1,cavalry_light,836,888.9886727753269
22485,2,cavalry_light,941,1027.853014853813
22486,0,cavalry_light,1466,1611.1302198035858
22487,2,cavalry_light,721,787.6467054242229
22488,2,cavalry_light,630,639.2415590088269
22490,2,cavalry_standard,904,896.6883956525259
22491,0,general,642,592.5482173307325
22492,3,general,790,861.8500122885375
22493,3,general,502,493.4258720606082
22494,4,general,604,572.4775295643087
22495,3,general,773,838.7728477729695
22496,0,general,403,395.81807969951956
22497,4,general,443,423.06578666546113
22498,2,general,406,379.0135353874671
22500,0,general,849,805.0864927374448
22501,2,general,299,350.72742687304566
22502,2,general,359,377.8817078102459
22503,3,general,677,623.3448580790532
22504,4,general,1304,1452.8637433618812
22506,1,cavalry_lancers,440,480.38781244370546
22507,3,cavalry_lancers,471,488.42048865196455
22508,3,cavalry_lancers,434,499.26428465562526
22509,3,general,322,361.25307767394963
22510,2,cavalry_lancers,476,444.64142132983164
22512,3,cavalry_lancers,477,476.7314272327136
22513,3,cavalry_lancers,455,459.45198794210467
22516,0,general,324,314.1829631686638
22517,3,general,334,334.0148187900331
22518,3,general,388,357.4267915807719
22519,3,general,393,384.52021855501056
22520,3,artillery_foot,591,643.8339618268238
22521,3,artillery_foot,591,643.8339618268238
22522,2,artillery_foot,598,654.1083796844808
22523,3,artillery_foot,591,643.8339618268238
22525,3,artillery_foot,591,643.8339618268238
22526,3,artillery_foot,529,543.1478661780368
22527,0,artillery_foot,831,763.2312972937336
22528,2,artillery_foot,457,533.4625645351803
22530,0,artillery_foot,527,573.6641230557196
22533,4,artillery_foot,584,718.2532316660119
22535,0,artillery_horse,1017,1028.694571031027
22536,4,artillery_horse,1166,1202.0848105501477
22537,2,artillery_horse,1075,1088.0436261135528
22538,2,general,601,600.7959229942181
22539,4,general,1311,1142.2519988797821
22540,3,general,600,583.819280602244
22541,3,general,228,228.88619447595124
22542,0,general,401,403.49682567890017
22544,3,general,228,228.88619447595124
22545,1,general,380,436.95950186551096
22546,3,general,600,583.819280602244
22548,4,infantry_grenadiers,383,358.54405070461263
22549,0,infantry_grenadiers,508,531.2034136026656
22550,0,infantry_grenadiers,508,531.2034136026656
22551,0,infantry_grenadiers,508,531.2034136026656
22552,2,artillery_foot,681,646.4091557109704
22553,3,cavalry_heavy,1869,2210.2627988976733
22554,0,cavalry_heavy,1961,2156.1967824889402
22555,1,cavalry_heavy,1132,1438.2247829620542
22556,0,general,286,267.3599453952413
22557,1,general,348,423.8625372827799
22558,2,general,1879,2317.391326753736
22559,4,general,221,233.15395439846168
22560,1,general,917,1173.1721825063844
22561,3,general,532,514.0406615561523
22562,1,general,1754,2042.3340476704634
22563,2,general,662,757.8915839021294
22564,4,general,960,1062.635141748735
22565,0,general,1377,1368.941048546381
22566,3,general,490,440.74335445554794
22569,0,general,1576,1679.1224538627866
22570,0,general,811,699.3240072785358
22571,3,infantry_light,971,1115.0800625692684
22573,0,infantry_line,1431,1300.5766030729842
22575,2,infantry_line,548,490.15363304139646
22576,3,infantry_line,751,687.0681435574966
22577,0,infantry_skirmishers,287,286.46042289874936
22578,3,infantry_skirmishers,295,351.27161305353326
22579,3,artillery_horse,856,942.8839575065703
22581,0,general,491,486.3496820563862
22582,4,general,228,251.3482972705851
22583,0,general,255,291.02616331847946
22584,1,general,189,186.8564724918699
22585,2,general,221,182.04517405603306
22586,3,general,359,348.70179460988345
22587,4,general,1343,1515.1525951117462
22588,2,general,1176,1161.5689546161182
22589,1,general,677,729.8181533952848
22591,4,infantry_line,607,640.5042884874157
22592,2,infantry_line,1231,1241.9641292937245
22595,0,infantry_line,306,316.4982227205662
22596,3,infantry_line,651,691.0654052588812
22597,4,infantry_line,366,416.84452584102587
22598,3,infantry_line,366,354.12535534128654
22599,4,infantry_line,325,293.9517773206207
22600,1,infantry_line,300,292.8219095357714
22604,3,artillery_foot,360,330.63139498806424
22605,4,artillery_foot,481,449.69878670400135
22606,2,artillery_horse,104,116.20268584908503
22607,3,general,336,348.71390875868
22608,2,general,20,194.2924190639296
22609,3,general,456,467.20688370501693
22610,4,general,219,227.87770901736423
22611,4,general,678,674.3907510879255
22612,0,infantry_line,280,321.9762931713236
22613,1,infantry_militia,176,171.3339906343166
22615,0,infantry_militia,223,197.6374496229884
22616,1,infantry_militia,481,448.5036128182193
22617,1,infantry_skirmishers,249,245.85001443675736
22618,4,infantry_line,308,403.73758816944473
22619,3,infantry_militia,105,119.21576171664778
22620,1,infantry_militia,139,143.67952499499899
22621,3,infantry_militia,165,161.90283908773327
22622,1,infantry_militia,141,141.6850302362246
22623,4,artillery_foot,650,679.8939701585263
22624,3,cavalry_heavy,1154,1242.0191177627835
22625,2,cavalry_heavy,1410,1668.5939976384711
22627,3,general,956,1070.4689479508766
22628,2,general,651,646.7530725507634
22629,3,general,881,991.1233411065867
22630,1,general,1485,1778.0049364882436
22631,2,general,381,332.6206493759061
22634,2,general,416,384.5397483343974
22637,4,general,409,391.0622256530145
22638,0,infantry_light,688,695.0901271192781
22639,2,infantry_line,327,306.37182182980735
22640,4,infantry_line,528,519.4828765850044
22641,3,infantry_line,502,491.4561795102604
22642,2,infantry_line,668,652.1997855893147
22643,1,infantry_line,401,373.9708166983177
22644,4,infantry_line,427,391.3642861837015
22645,2,artillery_foot,602,583.0863139307551
22646,0,general,127,132.3424035041535
22648,1,general,441,414.9927442554756
22649,3,general,268,276.2609801284761
22650,2,general,187,196.2945496791974
22651,3,general,388,346.5583446731862
22653,2,general,185,168.8735389804842
22655,3,general,215,202.02860354664978
22657,0,general,640,641.0979616862641
22658,2,general,247,231.83184287900065
22660,0,infantry_line,422,396.6405723812039
22661,4,infantry_line,318,295.4969788333574
22662,2,infantry_line,253,227.19271014901452
22663,2,infantry_line,285,265.3426485165774
22664,1,infantry_line,412,399.33070172486197
22665,3,infantry_line,339,313.1766239236402
22666,4,infantry_line,605,589.3064186145388
22667,3,infantry_militia,362,313.0865899968334
22669,2,infantry_militia,274,288.66956873854605
22670,4,infantry_militia,300,322.27658930369216
22671,0,infantry_skirmishers,220,191.3398249184134
22672,4,artillery_foot,725,750.3717918678185
22673,3,general,586,576.9472322140284
22674,4,general,470,499.21009762109856
22675,1,general,965,1063.781646035813
22677,2,infantry_light,533,555.3378830629059
22679,2,infantry_line,274,293.62017472163876
22680,4,infantry_line,472,436.45810030124017
22681,2,infantry_militia,55,81.6004845242153
22682,2,infantry_militia,59,87.97923253961012
22683,4,infantry_militia,57,75.19063100154955
22684,2,infantry_skirmishers,222,236.99202012734958
22688,3,infantry_line,473,526.9551457812596
22689,4,infantry_line,377,413.3619222209984
22690,0,cavalry_light,609,577.3759936841575
22691,2,general,355,400.0005340583489
22692,0,general,471,428.61102874829857
22695,0,general,582,604.6637174234339
22696,1,infantry_light,294,334.9250567589827
22697,2,infantry_light,594,624.2436198751965
22698,1,infantry_line,646,691.0617233688193
22700,1,infantry_skirmishers,210,192.21791589881323
22702,2,infantry_skirmishers,251,223.06416199123717
22703,2,artillery_foot,384,355.1111146002976
22704,4,general,261,261.55442615525385
22705,3,general,292,264.3913635736115
22706,2,general,254,208.926604787285
22707,0,general,222,228.68046736922554
22708,0,general,69,150.4152417336354
22709,4,infantry_light,328,337.586137915343
22710,3,infantry_line,359,329.5248912877607
22712,0,infantry_militia,57,83.3777631028562
22713,3,infantry_militia,79,110.89872881789526
22717,4,cavalry_light,380,340.2932563937533
22718,1,cavalry_light,584,610.8592795583835
22719,2,cavalry_light,849,867.9748171537235
22721,2,general,186,219.2238392801712
22722,3,general,716,699.4661566779597
22723,3,general,422,325.629832486103
22724,3,general,314,169.96010277428246
22725,1,general,568,567.4338369238591
22726,3,general,123,112.09471367974199
22728,0,general,277,230.94769540417366
22729,0,general,747,767.780630601239
22730,0,general,510,481.79284649796085
22731,1,general,377,316.59845474937873
22732,1,infantry_light,324,338.76351998099244
22733,3,infantry_light,434,381.21763992411485
22735,3,infantry_line,492,465.0918474112187
22736,1,infantry_line,385,336.8314678378065
22737,0,infantry_militia,96,90.28672290811811
22738,0,infantry_militia,114,104.47351572415693
22739,3,infantry_militia,68,68.98070015279666
22741,3,infantry_militia,196,171.31444785790626
22743,2,infantry_skirmishers,254,235.81432268242935
22744,2,infantry_skirmishers,552,454.2041565382349
22745,1,artillery_foot,448,436.2097011780995
22746,1,cavalry_light,521,523.3747938394572
22748,1,cavalry_light,1014,999.9197712452822
22750,3,general,217,284.5798401377135
22752,0,general,289,320.5698537661263
22753,4,general,375,352.6869553217822
22754,0,general,208,183.21006099488736
22759,0,general,939,944.7296757827619
22760,2,general,203,202.9231033786543
22761,0,general,274,259.422391968843
22762,4,general,149,182.39081856308044
22763,2,general,431,378.3190049935282
22764,0,general,353,293.42622795836473
22766,0,general,834,749.019316045623
22767,0,general,467,371.78232247737185
22768,3,general,608,551.5686346847242
22770,0,general,329,248.07649226687923
22771,4,infantry_grenadiers,473,445.7074713045784
22772,3,infantry_light,330,314.0621904131877
22773,1,infantry_light,309,301.53831161460096
22774,1,infantry_light,319,306.22397491804077
22775,1,infantry_light,488,451.3713564575333
22776,1,infantry_light,188,243.64045336707267
22777,2,infantry_light,379,388.4743956204438
22778,1,infantry_line,263,260.9319216821469
22779,1,infantry_line,310,288.2565308404416
22780,1,infantry_line,585,525.178548150866
22781,4,infantry_line,899,862.7864830534784
22784,1,infantry_line,314,263.1714937733922
22785,3,infantry_skirmishers,293,332.12887867403174
22786,3,infantry_skirmishers,212,227.43477196100324
22787,3,artillery_horse,493,474.7454151784061
22788,4,cavalry_lancers,316,326.10011313635937
22789,2,cavalry_light,591,620.0347379083543
22791,2,general,536,558.0635879376385
22794,3,cavalry_light,580,598.4359760923674
22795,3,cavalry_light,974,960.3760659685746
22796,1,general,294,302.35921009213496
22797,3,general,838,811.4315624272859
22798,3,general,935,1098.552386461184
22799,0,general,470,494.87588378380013
22801,3,general,113,109.35612720811034
22802,4,general,438,364.8774745458824
22804,1,general,266,205.119219411404
22805,0,infantry_light,414,433.4534600345143
22806,2,infantry_line,320,301.3605173740671
22807,4,infantry_line,227,218.019967382848
22808,0,infantry_line,548,496.01365924424454
22809,1,infantry_line,372,315.82663376159456
22810,0,infantry_militia,217,189.5417583703686
22811,1,infantry_militia,160,145.36582078657213
22812,4,infantry_militia,85,105.2702984814345
22813,2,infantry_militia,183,164.90554459407312
22814,4,artillery_foot,365,357.0258884634202
22815,1,cavalry_light,935,1006.112051382916
22817,4,cavalry_light,926,963.0991889636311
22818,1,general,162,149.4276849618455
22819,1,general,792,803.7661401296755
22820,0,general,418,440.752494504566
22821,1,general,243,218.17871449956806
22822,4,general,992,1056.4509795548704
22824,1,general,441,331.49713651663615
22826,2,general,213,174.69457988088854
22827,4,infantry_grenadiers,707,572.2094197134297
22828,3,infantry_light,713,716.7756184411459
22829,1,infantry_line,226,215.40518914132716
22830,3,infantry_line,323,278.0456213071852
22831,1,infantry_line,353,314.9168649155852
22832,4,infantry_militia,74,95.15426925520052
22833,3,infantry_militia,123,119.1831297175147
22834,4,artillery_horse,667,509.62053680510127
22835,1,cavalry_light,1037,1039.3985031822804
22836,0,cavalry_light,885,762.4830889352362
22837,4,cavalry_light,418,390.73216666245
22839,1,general,716,567.7322446692395
22840,1,general,286,265.27977573853246
22841,1,general,897,870.5810908366608
22842,1,cavalry_heavy,1143,1355.7457060681324
22843,1,cavalry_heavy,1359,1700.4715979173711
22844,0,cavalry_heavy,817,843.0268746367526
22845,3,general,657,690.4002794592822
22847,3,general,950,1186.7010640897304
22848,2,cavalry_light,557,491.6633603399539
22849,2,cavalry_light,276,291.2637390189616
22850,3,general,419,349.90943162649694
22851,2,general,148,180.518973127597
22852,3,cavalry_light,714,606.8133259709576
22854,0,artillery_horse,657,504.224192798962
22855,1,general,545,503.9456562346867
22856,0,cavalry_light,910,915.6141255647708
22858,2,general,743,721.1712840722281
22860,0,artillery_horse,1138,1188.3984087723948
22861,3,artillery_horse,617,314.40831256977674
22862,0,general,1022,1010.5952367721966
22863,1,general,1240,1106.926942576581
22864,0,general,638,635.2401768612679
22866,2,general,467,467.45058607814883
22867,0,general,312,313.9157458875915
22870,0,general,1241,1339.1253314156484
22871,4,general,233,280.9643708928098
22875,0,general,570,524.8927295190917
22878,3,general,405,630.2573204893903
22879,1,infantry_grenadiers,927,839.0981434820327
22881,0,infantry_line,1287,1247.3790731730437
22882,1,infantry_line,413,630.1953290521292
22883,2,infantry_line,256,283.4985223830345
22886,3,infantry_line,485,701.5142671100424
22887,3,infantry_line,306,298.26479023125637
22888,3,infantry_skirmishers,393,308.1180060033824
22889,0,general,398,374.2850239686694
22890,3,general,489,526.3660346381506
22893,4,general,971,1377.7992165060325
22894,0,general,845,1093.8279239010924
22895,0,general,614,742.9432045516853
22896,1,general,397,431.6928854499679
22897,0,general,918,1013.4355388009525
22898,1,general,80,146.53579835697624
22899,1,infantry_line,186,215.39589734080016
22903,1,infantry_line,454,491.80345171458794
22904,0,infantry_line,783,743.4770655611795
22906,4,infantry_line,886,925.0038811450235
22907,2,infantry_line,838,933.5435950920364
22908,0,infantry_skirmishers,185,159.8151063120238
22909,0,infantry_skirmishers,225,204.07185471116645
22910,1,infantry_skirmishers,349,314.43794961812114
22911,3,cavalry_light,776,744.792643115563
22913,1,general,278,190.0138543550358
22916,0,general,200,267.74174752689487
22917,4,general,240,244.1572258745672
22918,0,general,721,830.8320887508881
22919,3,general,951,1071.3000960214238
22920,2,general,489,505.591436955842
22921,2,general,323,294.7311012444014
22922,1,infantry_light,680,720.2164452567653
22924,4,infantry_line,320,295.9718904932622
22925,0,infantry_line,347,349.4300493980576
22926,2,infantry_line,548,522.6980536831984
22927,1,infantry_line,868,835.2105191664376
22928,4,infantry_skirmishers,226,202.86971543256752
22930,3,artillery_foot,458,403.3203056765664
22931,1,general,323,316.62810538093447
22933,1,general,180,222.6967022458027
22934,0,general,485,512.0215712689748
22935,4,general,376,508.79973619304644
22936,0,infantry_line,472,462.03633104634747
22937,1,infantry_line,347,337.03320824766155
22938,3,infantry_line,383,476.6774586945893
22939,2,infantry_line,290,324.0528478921999
22940,4,infantry_skirmishers,216,202.39737456673492
22941,3,artillery_foot,879,799.9389850953208
22942,4,general,712,649.0542358287113
22943,2,general,638,746.3138271886091
22944,3,general,520,545.3139260604366
22945,0,general,735,826.8516946945809
22946,0,general,931,1249.8603107978113
22948,2,general,638,746.3138271886091
22950,1,infantry_line,559,587.1002013505287
22951,1,infantry_line,639,728.5022442998501
22953,2,infantry_line,818,914.9387983101082
22954,1,infantry_skirmishers,292,358.1009634678254
22955,4,general,410,477.0472305031791
22957,1,general,494,538.7400386781322
22958,3,general,381,381.27537638676137
22959,4,general,418,429.2733629483332
22960,4,general,400,393.5104924603543
22961,1,general,250,253.85092014750043
22962,0,general,262,268.28626951481084
22963,0,general,152,126.51108340368943
22964,3,general,139,195.38109310745685
22965,1,infantry_line,492,507.1119824073594
22966,0,infantry_line,436,432.65920792485883
22968,1,infantry_line,257,219.89047044724512
22969,0,infantry_line,528,522.7342009000085
22971,2,infantry_line,371,386.61647735477874
22973,2,infantry_line,279,271.01872335554884
22974,2,infantry_line,239,266.70212697135645
22975,1,artillery_foot,283,287.5317255342104
22976,0,general,165,199.95351219195206
22977,1,general,123,184.76798620949413
22978,3,general,224,236.00107307429502
22980,4,general,161,227.4646134874517
22981,3,general,631,634.1108675041439
22982,3,general,194,281.84446964400655
22983,2,infantry_light,686,725.0349055678972
22984,4,infantry_line,150,192.96740526112214
22986,1,infantry_line,357,371.817832955708
22987,0,infantry_line,272,337.28775415787044
22988,4,general,416,369.98835460816315
22989,0,general,735,847.7773049193903
22990,1,general,328,295.1975243730674
22991,4,general,326,306.4748284132384
22993,1,general,172,247.8807799410464
22995,3,infantry_line,629,626.4217365954563
22996,1,infantry_line,281,344.2945793014832
22998,3,infantry_line,439,434.5587932910205
22999,3,infantry_skirmishers,224,256.4559198167397
23000,0,general,69,103.3032702523792
23001,1,general,459,486.8139956234093
23002,4,general,555,608.1963127137166
23003,1,general,209,255.2488205338544
23004,0,general,130,143.20376060873153
23006,1,general,268,260.22559272054133
23007,2,infantry_line,258,241.1972324816827
23009,4,infantry_line,411,396.1347374180918
23010,2,infantry_line,320,350.2163938324929
23011,3,infantry_line,235,213.81601689506462
23012,1,infantry_line,531,543.2819745109917
23013,0,infantry_line,517,507.3888297551824
23014,0,infantry_line,375,369.6188170055851
23016,3,artillery_foot,368,317.3188513237234
23017,1,general,241,226.7347363482561
23018,4,general,169,187.5649624620328
23020,3,general,211,327.909035829644
23021,2,general,325,300.4077483193399
23022,2,infantry_light,584,602.4864807981373
23023,0,infantry_line,433,432.0465540869607
23024,4,infantry_line,238,338.50404136883833
23025,2,artillery_foot,548,473.89334122932405
23026,0,general,404,351.13998798947085
23027,1,general,722,768.6513865081945
23029,4,general,455,415.72738400787637
23030,2,general,172,176.06491444721004
23031,2,general,676,712.1401942053011
23032,0,infantry_light,591,560.299908127572
23033,0,infantry_light,566,557.2872948198612
23034,0,infantry_line,713,664.5854809715634
23035,3,infantry_line,245,229.3217572334717
23036,1,infantry_line,560,532.0677794169259
23037,2,infantry_skirmishers,178,140.65070913664988
23038,1,general,462,449.0225700751657
23039,4,general,249,257.1445396938682
23040,4,general,202,219.10009787621763
23041,2,general,323,313.7565379422321
23042,0,infantry_light,280,285.560368708588
23043,4,infantry_line,436,414.20150786165425
23044,0,infantry_line,393,374.8494754843412
23045,2,infantry_line,333,336.0600190217321
23046,0,infantry_skirmishers,160,173.97574667636502
23047,3,general,475,561.8371618813243
23048,4,general,560,592.3729626462706
23049,3,infantry_line,563,585.042993239377
23050,0,infantry_line,452,442.17768810181843
23051,4,artillery_foot,366,381.9448078434555
23052,0,artillery_foot,862,837.8543825178747
23053,1,general,344,360.89542575767297
23054,0,general,304,257.86205294433205
23055,1,general,101,213.78389909941018
23058,1,infantry_light,412,369.2490137170418
23060,0,infantry_light,736,762.0512398965335
23062,3,cavalry_heavy,1701,1588.057517958705
23063,4,cavalry_heavy,1513,1392.8600619118536
23064,3,cavalry_light,1191,1247.0558926979238
23065,3,general,1505,1395.4541204454383
23066,1,general,1282,1154.4373429332527
23067,3,general,1602,1473.970758223933
23068,2,general,176,178.54237648656652
23070,2,general,1110,1282.9272236608037
23072,1,general,266,276.5802395596001
23073,1,infantry_light,338,328.26083005761217
23074,2,infantry_line,247,236.0999131519344
23075,0,infantry_line,261,269.7550498600087
23076,0,cavalry_light,433,363.6484647661307
23077,3,cavalry_standard,444,473.3629373696696
23079,4,cavalry_standard,323,309.03782279197725
23080,4,general,224,220.7198732163028
23082,2,general,457,449.2363759203683
23083,2,general,510,476.6290127180466
23084,1,general,180,191.5837591060885
23085,2,general,154,155.65493508591993
23086,1,general,205,230.37530111638895
23087,2,infantry_light,321,349.43770265916663
23089,4,infantry_line,261,255.92375156925715
23090,4,general,324,348.24153255051317
23091,2,general,496,425.5782337352361
23092,0,general,779,737.0186101157647
23093,0,general,543,594.4743457813288
23095,1,infantry_light,486,506.7455629643618
23096,2,infantry_skirmishers,453,434.7710793487728
23097,4,general,1056,1302.718748173113
23098,1,general,643,745.2206965752595
23100,1,infantry_light,962,1013.7323492111218
23101,3,infantry_light,624,671.5296576633
23102,4,infantry_skirmishers,419,483.1090922628778
23103,0,cavalry_heavy,1412,1247.6427559290785
23104,4,cavalry_light,1109,1125.9230019432207
23105,0,general,964,990.4205497502606
23106,1,general,1190,1034.6369221706168
23107,1,cavalry_light,1109,1100.1002926006668
23108,1,cavalry_light,1189,1296.304656572659
23111,2,artillery_horse,627,635.8468804822926
23113,3,general,532,589.0047565000855
23114,1,cavalry_light,482,509.43985074704705
23115,2,cavalry_standard,545,607.4107293922381
23116,4,general,355,387.53981287782005
23118,4,artillery_foot,366,381.9448078434555
23119,2,general,478,438.4942302143416
23120,1,general,1161,1188.706771765516
23121,0,general,294,313.4626389986516
23122,3,general,167,177.78418806282028
23123,4,infantry_line,302,316.79621969184586
23124,1,artillery_foot,155,230.16389868111634
23125,4,general,600,717.8674173379469
23126,1,general,328,284.43867582955824
23128,3,general,398,316.8435178191551
23129,1,general,759,660.6428172550068
23130,1,general,684,583.1617074868283
23131,3,general,489,419.6335052239288
23132,2,general,361,300.0472577935279
23133,0,general,369,311.6189334913441
23134,1,general,251,243.51068074512892
23136,3,general,69,181.68324640180313
23137,1,general,300,229.58305665474936
23138,4,general,407,339.83184501401627
23139,0,general,741,949.6776412762597
23140,4,general,363,511.47038609814155
23141,4,general,818,754.9946359770228
23142,2,general,504,455.0523202412724
23143,1,general,378,341.4905655879055
23144,3,general,1539,1695.0230143470708
23146,3,general,395,302.14724591677106
23147,4,general,521,438.4733591032076
23148,3,infantry_grenadiers,455,728.3614829353016
23149,1,infantry_grenadiers,425,615.6162094478308
23151,2,infantry_light,414,438.91014785961585
23152,4,infantry_light,359,350.6248987282782
23153,4,infantry_light,786,765.1813632585812
23154,4,infantry_light,431,389.00028689498544
23155,3,infantry_light,532,503.23221669488953
23156,2,infantry_light,549,513.0240508138514
23157,2,infantry_light,1226,1124.684418004098
23158,0,infantry_line,285,289.9330142469949
23159,2,infantry_line,725,675.5807627146827
23160,4,infantry_line,376,361.68753747549096
23162,2,infantry_line,407,386.292808283406
23163,1,infantry_line,586,569.1983155807825
23164,3,infantry_line,483,487.8691113216874
23165,3,infantry_line,505,453.55199512881677
23166,4,infantry_line,632,612.3133737356999
23167,2,infantry_line,477,485.40860167150936
23168,2,infantry_militia,482,405.1655369588821
23169,1,infantry_skirmishers,749,1215.3065878685295
23170,3,infantry_skirmishers,788,679.8612185080094
23173,2,general,152,142.5106686824716
23175,0,general,207,126.0092050166315
23176,3,general,695,520.5141802962761
23179,2,general,220,163.75889193297877
23181,2,general,342,344.17430013797645
23182,1,general,1178,1373.8157679199867
23184,4,general,593,578.483650089944
23187,3,infantry_light,442,436.0196750242432
23188,2,infantry_light,365,367.00778748163236
23189,2,infantry_light,244,239.16825837217354
23191,3,infantry_line,267,199.18741260235583
23195,2,infantry_line,666,675.8028918825597
23196,4,infantry_line,644,649.5251349009877
23198,4,infantry_militia,216,219.15309095834672
23199,4,infantry_militia,193,181.48367980060766
23201,2,cavalry_heavy,989,1051.684528684647
23202,0,cavalry_heavy,934,875.5727850677445
23203,1,cavalry_light,713,653.9989058354786
23204,4,cavalry_standard,659,613.8855962571987
23205,1,cavalry_standard,946,910.5453521306173
23206,2,general,849,871.753245769798
23210,1,general,618,547.1973069423278
23212,2,general,304,234.04032058218047
23213,1,general,229,196.76106721235664
23215,3,general,248,197.78044911187504
23216,2,general,1104,1041.5617818848384
23217,0,general,763,767.5489174291507
23218,3,infantry_light,413,350.76129255681616
23219,1,infantry_line,287,279.73220041342654
23220,1,infantry_line,692,665.8524604000222
23221,1,infantry_line,350,322.68375734783814
23222,0,infantry_line,559,544.345388563005
23223,1,infantry_line,1007,963.4979275900407
23224,4,infantry_militia,192,181.6489725485513
23227,1,general,267,198.76426947225522
23228,3,general,728,686.1431198892113
23230,2,general,364,303.3127733473104
23231,2,general,485,384.64460805394697
23232,4,general,165,239.43589076726357
23233,1,general,329,281.5096075628545
23235,4,general,642,491.3361078707659
23238,0,general,299,218.57109419649618
23239,4,general,254,227.53908933548314
23242,1,general,632,616.4542960242462
23244,1,infantry_grenadiers,1026,934.5214902030377
23245,0,infantry_grenadiers,364,372.65031930283027
23247,0,infantry_light,313,288.05814933932373
23249,4,infantry_light,936,971.0676159498742
23250,1,infantry_light,589,606.5563087286857
23251,0,infantry_line,430,402.5529375995738
23252,2,infantry_line,306,306.222584007074
23253,1,infantry_line,377,343.6196215552919
23254,4,infantry_line,323,274.6630189848798
23255,3,infantry_line,536,487.30568568544186
23256,0,infantry_line,485,452.6011307923121
23257,3,infantry_line,406,353.97400962085635
23258,2,infantry_line,773,756.2749793054373
23260,2,infantry_line,737,725.316355677381
23261,1,infantry_militia,254,221.23391983156108
23263,1,infantry_skirmishers,238,217.80082897644542
23264,3,cavalry_lancers,684,501.7951106609577
23267,4,general,879,717.7208686993731
23268,1,general,613,502.4455069975515
23269,4,general,284,215.89752900867495
23270,2,general,792,733.1883344848417
23271,2,general,412,305.3254949407737
23272,3,general,163,188.48256888418845
23273,1,general,135,163.5874829081349
23275,4,general,243,206.13911520384818
23276,1,general,108,217.91063092333033
23277,3,general,513,449.2739502890623
23278,2,general,1481,1976.5192801250041
23280,1,general,1756,2230.8590374820174
23281,4,general,1414,1427.4557679732236
23282,0,general,1350,1287.276822462651
23284,3,infantry_light,319,272.9703507608267
23285,0,infantry_line,184,258.38447167143215
23286,2,infantry_line,316,290.1485647546818
23287,3,infantry_line,192,301.9526459173578
23288,3,infantry_line,392,364.0350057887464
23289,2,infantry_line,153,143.09334742681787
23290,4,infantry_line,517,457.1288095983372
23291,4,infantry_line,312,334.90180542717115
23292,4,infantry_line,1496,1613.2832921110887
23294,3,infantry_line,1453,1483.8270308875535
23295,0,infantry_militia,110,133.12979553336936
23297,2,infantry_skirmishers,516,451.04814828421667
23298,1,cavalry_light,306,360.5464547718768
23299,1,cavalry_light,410,421.7172898608862
23300,3,general,317,317.6915365172729
23301,2,cavalry_heavy,960,1131.7013220147605
23302,4,cavalry_light,693,619.7537447935135
23303,1,cavalry_light,1028,972.7843396057747
23304,0,cavalry_light,892,779.4261852868485
23305,0,general,797,958.224528730768
23306,0,general,190,150.3502110482537
23308,4,general,110,111.29084662505845
23309,4,general,851,751.3993692343403
23311,2,general,791,597.6830653980498
23313,2,general,300,312.93240427357
23314,2,general,964,1056.1869330374527
23315,4,general,652,579.0540809221023
23316,3,general,531,567.7442680560534
23317,4,general,514,472.87671346990805
23318,1,general,483,364.49299882326267
23319,2,infantry_irregulars,787,1058.4446842417665
23320,3,infantry_light,965,934.3445387003485
23321,2,infantry_light,636,506.31968115445653
23323,0,infantry_line,245,194.3344336723693
23325,0,infantry_line,451,384.5286025021418
23327,0,infantry_militia,158,163.70839440905758
23328,1,infantry_militia,201,228.7130703122113
23329,1,infantry_militia,353,358.9354590785362
23330,4,infantry_skirmishers,801,764.0097092386139
23331,4,cavalry_heavy,852,917.1275948793947
23333,2,cavalry_light,448,481.28403296443634
23334,4,cavalry_light,1263,1189.0708484213976
23336,2,cavalry_light,825,713.4633650313356
23337,0,cavalry_light,478,501.14965371804914
23338,2,cavalry_standard,1377,1256.976454037952
23339,0,cavalry_standard,638,637.3238314717548
23340,3,general,680,509.8383113843422
23341,2,general,498,480.0119118401339
23342,0,general,864,697.9347783283416
23343,0,general,362,389.2431951838815
23344,0,general,692,701.5090091899134
23345,2,general,1296,1151.4502533906486
23346,4,general,1197,1301.9839219517057
23347,1,general,1162,1100.9708268285851
23348,2,general,465,365.1690993072824
23349,3,general,1325,1136.987331944215
23350,2,infantry_grenadiers,583,504.1840975291004
23351,2,infantry_light,788,595.184885012684
23352,0,general,608,434.70027425012535
23353,1,general,495,356.05533887043185
23354,2,infantry_light,700,580.198306785209
23356,2,cavalry_light,833,708.1771687279509
23357,1,general,871,677.3688737055712
23360,2,general,57,75.72234727784057
23361,2,general,452,358.77094762146413
23362,4,general,194,184.2975970151945
23363,1,general,370,308.86824179112386
23364,4,general,321,260.85445934559704
23365,0,general,997,1089.107876207527
23367,0,general,231,178.6027661566952
23368,0,general,114,122.03776021418673
23369,3,general,95,108.90181940907199
23370,2,general,306,357.09273893031104
23371,0,general,1768,2473.4305207438456
23372,4,general,112,115.73822336473754
23373,3,general,995,1103.823030053494
23375,1,general,728,643.0321533450385
23376,0,general,795,829.0784958528355
23377,2,general,433,367.33392793921297
23378,2,general,278,226.7220368738644
23379,3,infantry_irregulars,1579,1535.9164248655998
23380,1,infantry_light,487,464.2985242049741
23381,4,infantry_light,953,998.8556065718957
23382,1,infantry_light,493,436.16765415050014
23383,1,infantry_line,187,186.31518619358022
23384,3,infantry_line,209,213.0829030797577
23385,2,infantry_line,298,303.96940186554576
23386,0,infantry_line,269,272.0230453865338
23388,3,infantry_line,150,150.47180832389927
23389,0,infantry_line,715,729.5238963728283
23390,1,infantry_line,538,533.3336361851873
23391,3,infantry_line,881,945.8166643886557
23392,3,infantry_line,387,376.1089818016383
23393,0,infantry_line,789,739.538322268675
23394,4,infantry_militia,152,136.1696168263587
23395,3,infantry_militia,211,210.486133522241
23396,4,infantry_militia,267,217.33040811182246
23398,0,cavalry_light,900,825.3463853980024
23399,0,cavalry_light,525,562.4361826348223
23400,4,cavalry_light,993,1052.678973500643
23401,0,cavalry_light,1138,1063.9256710993207
23402,4,general,129,145.54536586397938
23403,1,general,840,914.7278284774187
23404,0,general,982,916.6969416960387
23405,4,general,164,143.50842192813334
23406,4,general,435,460.5075792657448
23408,0,general,946,884.9638373933072
23409,4,general,913,968.1721812443138
23410,1,general,645,598.6457481499059
23411,1,general,1236,1450.3808819929523
23414,4,infantry_line,212,245.7856689930023
23415,0,infantry_line,943,991.701130465318
23416,4,infantry_line,831,855.5339146330094
23418,2,general,331,268.4414363719487
23421,2,general,70,111.37126021516833
23422,1,general,217,236.18748349228198
23423,3,general,486,489.06940694034824
23424,3,infantry_light,747,714.2463630353902
23426,0,infantry_line,289,350.3897838317172
23427,0,infantry_line,699,625.7932802197456
23428,1,infantry_line,172,208.13171162009692
23429,3,infantry_line,232,233.34553559779815
23430,2,infantry_line,535,547.3301186325125
23432,3,cavalry_lancers,597,595.1999072518828
23433,2,general,186,209.20623903705237
23434,2,general,226,201.02763641203492
23435,2,general,405,294.0647861372475
23436,4,general,399,338.48780979389124
23437,4,general,468,397.214234699281
23438,4,infantry_light,445,364.3037294192957
23439,4,infantry_line,355,342.36866084657976
23441,0,infantry_line,316,332.9720597141709
23443,3,infantry_skirmishers,233,200.7268295891671
23444,0,infantry_skirmishers,245,289.3763871709093
23445,3,artillery_foot,242,279.49648945092105
23446,4,cavalry_heavy,784,967.3339786467925
23447,0,cavalry_heavy,867,1042.9302340476195
23448,0,cavalry_heavy,1874,1856.6417189878036
23449,3,cavalry_heavy,1349,1160.7680112791245
23450,3,cavalry_heavy,1349,1160.7680112791245
23451,4,cavalry_light,267,332.2377869708272
23452,1,cavalry_light,859,762.0979239297993
23453,4,cavalry_light,710,691.47529468777
23455,3,cavalry_standard,719,773.1879966622799
23456,2,cavalry_standard,588,537.1837367910426
23457,1,cavalry_standard,536,605.2888158006886
23458,0,cavalry_standard,685,719.9874919253735
23459,0,general,799,695.7700509005729
23460,1,general,1614,1606.971227940971
23461,2,general,757,899.5236969391278
23462,1,general,507,537.5977836983557
23463,2,general,821,810.4343122019759
23464,4,general,522,468.86952609331126
23465,1,general,415,372.6213179475203
23466,4,general,317,389.87304487816095
23467,3,general,173,226.26458136021694
23468,3,general,361,343.360730616792
23469,1,general,899,976.8727848420568
23471,1,general,583,564.5647776793473
23472,3,general,169,188.0940176552255
23474,3,general,683,673.6564580272161
23475,0,general,575,615.9613426625458
23476,1,general,1223,1694.634414666345
23477,4,general,1598,2170.4194714938076
23478,2,general,1003,883.8597823811303
23480,3,infantry_light,569,602.320194650226
23481,2,infantry_light,1492,1617.4208559841895
23482,4,infantry_light,1288,1536.7288660117385
23483,2,infantry_line,354,352.0063911805493
23484,2,infantry_line,491,500.93089073248774
23485,4,infantry_line,433,450.61620549339557
23487,0,infantry_line,854,694.2992165443472
23489,2,cavalry_heavy,1323,1322.6141386213387
23490,4,cavalry_light,395,397.01130600763497
23491,1,general,1169,1131.5277138801646
23492,2,general,244,240.03405991321262
23493,0,cavalry_lancers,911,890.910304835879
23494,3,cavalry_light,877,772.1516060365152
23495,0,cavalry_light,816,781.5483114912334
23497,4,general,630,592.2394854335474
23498,2,general,435,400.4059527655486
23499,0,general,117,131.31191096976806
23500,3,general,294,208.6702485946884
23501,3,general,834,752.3002276400363
23502,3,general,315,190.1023586757857
23503,1,general,514,406.3661646491295
23504,0,general,799,749.510768615913
23505,4,general,1041,1002.0415044338467
23506,3,general,944,918.106890655588
23507,2,general,494,440.81282957155963
23508,3,infantry_irregulars,396,300.89344273837696
23510,3,infantry_light,852,828.8849367381363
23512,3,infantry_line,356,299.4301648298745
23513,2,infantry_militia,202,214.12987959578984
23514,2,infantry_skirmishers,500,484.5170827000304
23515,2,cavalry_light,721,660.3840509450969
23516,1,general,587,526.9411709391986
23517,1,general,511,593.5396687912463
23518,3,general,599,1082.4264450270082
23522,1,infantry_irregulars,842,1304.0753261876205
23523,4,artillery_foot,797,805.6576938265837
23524,3,artillery_foot,379,366.3793222519266
23525,3,artillery_foot,379,366.3793222519266
23527,3,artillery_foot,379,366.3793222519266
23530,0,artillery_foot,717,780.4153381678391
23532,3,artillery_foot,756,651.2474484412438
23533,3,artillery_foot,599,621.497089254879
23539,3,general,228,228.88797346269507
23541,1,general,654,621.5723973093942
23542,3,general,228,228.88797346269507
23543,2,general,601,600.7722719438204
23544,0,general,488,493.3770600516084
23545,3,general,228,228.88797346269507
23546,4,general,1,1.0
23547,4,general,816,788.2941901539837
23548,4,general,1,1.0
23549,1,infantry_grenadiers,534,570.9280019169319
23550,4,infantry_grenadiers,437,394.9980278991146
23551,4,infantry_grenadiers,437,394.9980278991146
23552,3,artillery_horse,1433,1393.545155131627
23553,4,cavalry_light,1685,1564.463191777758
23554,1,cavalry_light,962,970.0710004320229
23555,1,cavalry_light,1308,1253.2122338567563
23556,1,general,1164,1166.1765601020181
23557,2,general,613,633.6905457143566
23560,4,general,597,579.837221438783
23561,1,general,741,679.5273440138983
23562,4,general,788,768.6676830169797
23563,2,general,1456,1364.0904738706404
23565,3,general,1050,1044.3698408674925
23566,2,general,610,662.8203499814188
23567,3,general,1628,1776.6920333828589
23569,1,infantry_irregulars,797,787.8873974230153
23570,1,infantry_irregulars,357,297.17301240157707
23571,1,infantry_light,554,607.3685522734468
23572,1,infantry_light,492,536.0748117359664
23573,0,infantry_light,827,822.4341253907646
23574,3,infantry_light,481,551.6377339426598
23575,2,infantry_light,761,726.2138253393449
23577,0,infantry_skirmishers,262,224.07240465751624
23580,0,artillery_horse,704,632.1353254592495
23581,0,cavalry_lancers,775,789.5593291235015
23583,1,general,676,673.4858548223277
23584,2,general,189,134.21697301400587
23585,2,general,867,963.3091045074696
23586,0,general,974,1088.2627808318352
23587,2,general,529,579.044269534073
23588,2,general,739,652.8836123507615
23589,0,general,1627,1998.177494561208
23591,4,infantry_light,599,698.5270526431192
23592,0,infantry_light,1336,1296.1565867230158
23593,4,infantry_line,295,240.77841682503336
23594,3,infantry_line,738,683.287825352774
23595,2,infantry_line,911,910.6740903676659
23597,1,artillery_horse,726,655.1995937522595
23598,1,cavalry_light,1792,1677.944540110708
23599,0,cavalry_light,1260,1194.2436463947383
23600,1,general,1325,1346.1072993922307
23601,2,general,1610,1535.4870208406996
23602,1,general,1835,1844.6678568207585
23603,2,artillery_foot,824,732.1454415220726
23604,4,cavalry_standard,1779,1702.1745807871423
23605,4,general,1717,1694.1001784821601
23606,0,general,283,269.83045933943356
23607,1,general,364,359.6643644264205
23608,4,general,1948,1973.5241082964264
23610,2,general,1623,2026.6691538480395
23611,1,general,613,612.3966087561296
23612,2,general,1028,1017.8139457995086
23614,2,general,1072,1077.5392423589565
23615,4,infantry_light,402,418.9601361896963
23616,1,infantry_light,738,825.2804102599501
23617,1,infantry_line,365,424.089353656571
23618,4,infantry_line,1095,1083.3854627584612
23620,1,infantry_line,1422,1547.8325564259026
23621,1,infantry_skirmishers,182,184.34835425447528
23622,3,general,545,477.7527153932232
23623,4,general,254,300.0711924493468
23624,0,general,610,552.3249824854323
23625,4,general,505,516.0159663579678
23626,3,general,468,439.98564249040163
23627,3,general,1003,1477.729911992271
23629,0,general,1423,1587.0280363723873
23632,2,general,921,1201.754094826152
23634,3,infantry_line,447,487.86594380120795
23636,2,infantry_line,624,608.5058864996879
23638,1,infantry_line,1307,1393.4002910757035
23639,1,infantry_line,1133,1101.5345030585675
23640,3,infantry_line,1015,1217.256045771741
23641,4,infantry_line,1321,1404.3473499037598
23642,4,infantry_skirmishers,189,171.5625354096971
23643,4,infantry_skirmishers,189,171.5625354096971
23644,4,infantry_skirmishers,189,171.5625354096971
23645,1,general,889,1006.2173638613584
23646,0,general,1321,1851.4767982760004
23647,0,general,1038,1226.2749489888781
23648,3,infantry_line,711,730.0320434319661
23649,4,infantry_line,1131,1261.867361524472
23650,0,cavalry_light,2219,2054.0869564708323
23651,4,cavalry_standard,1029,1055.7862100979983
23652,2,general,227,274.13508221800186
23653,4,general,548,651.1814507655682
23654,0,general,998,996.2393831441101
23655,1,general,1008,1039.142678250961
23657,2,general,339,415.4219435537346
23658,2,infantry_light,789,829.4649953735188
23659,0,infantry_line,313,367.29376832950567
23661,2,general,842,952.7186212201735
23662,2,general,546,495.583224383732
23664,0,general,753,702.4167351018683
23667,2,infantry_light,578,689.0089041658501
23668,0,infantry_light,661,639.2865503990118
23670,2,infantry_skirmishers,300,289.78626771129893
23671,1,infantry_skirmishers,182,184.34835425447528
23672,3,general,322,266.81926269002014
23677,4,infantry_line,695,651.7018219732179
23678,1,artillery_foot,400,362.6839077812247
23679,2,general,75,73.96220027703109
23680,0,general,27,99.01504196753895
23681,4,general,88,96.58448573862738
23682,1,general,114,108.47994974657229
23683,1,infantry_line,194,171.6695620199489
23685,4,infantry_militia,130,117.05543213680049
23687,3,artillery_foot,455,384.02136681784697
23688,2,general,434,312.1687231289278
23689,0,cavalry_light,762,745.3497664423534
23691,0,general,1106,937.0453263897182
23692,4,general,657,600.2392223011038
23694,4,general,914,730.9148872218154
23695,0,general,1540,1309.973004227942
23697,4,general,1473,1309.2901939927283
23698,2,general,1615,1474.5336655680107
23699,0,infantry_grenadiers,1215,1085.5497807236482
23702,2,infantry_grenadiers,1398,1210.612229036746
23703,2,cavalry_heavy,1614,1541.0083621420044
23704,4,general,1514,1335.0771526388412
23705,4,general,268,332.21540831796847
23706,0,general,448,405.6719517086628
23707,4,general,147,218.70998557653536
23709,2,infantry_line,349,410.86116828216353
23710,0,infantry_line,234,327.6021527574327
23711,3,infantry_line,1120,1140.542638917446
23712,4,infantry_skirmishers,189,171.5625354096971
23713,4,general,147,218.70998557653536
23714,4,general,147,218.70998557653536
23716,0,general,1089,1056.0897738734425
23717,0,infantry_line,234,327.6021527574327
23719,3,infantry_line,749,729.0769423668049
23720,0,cavalry_lancers,646,688.9837722886722
23721,0,cavalry_light,801,843.5095196909908
23722,3,cavalry_light,1658,1509.2439855573455
23723,1,general,658,667.1967586254793
23724,2,general,1421,1205.315899840742
23727,0,artillery_foot,1645,1571.3106675323156
23728,2,artillery_foot,801,751.564636452481
23729,2,artillery_foot,801,751.564636452481
23730,2,artillery_foot,824,732.1454415220726
23731,2,artillery_foot,824,732.1454415220726
23732,2,artillery_foot,824,732.1454415220726
23733,3,artillery_horse,1445,1407.7921148675014
23734,0,general,469,470.8362031978661
23735,3,general,266,267.05829204122455
23736,1,general,958,939.3599104833592
23737,1,general,923,833.8390660503828
23738,0,general,469,470.8362031978661
23739,3,general,1536,1386.2656342833725
23740,4,general,448,379.03672008024176
23741,2,infantry_grenadiers,523,501.4376647530057
23742,2,infantry_grenadiers,523,501.4376647530057
23743,2,infantry_grenadiers,523,501.4376647530057
23744,2,cavalry_heavy,1462,1399.5649098561307
23745,2,general,326,295.96008131545267
23747,2,general,816,1019.2785835147101
23748,3,infantry_grenadiers,564,612.7613819510453
23749,1,infantry_line,377,333.5008112908276
23750,3,infantry_line,682,686.7034540217318
23752,0,artillery_foot,715,666.6230042856788
23753,3,artillery_horse,418,400.4931249256732
23754,3,general,188,175.21159494268443
23755,4,general,791,730.9318754425841
23756,3,infantry_line,278,269.3396218096963
23757,3,infantry_line,842,807.0413271899043
23759,3,cavalry_heavy,1023,938.4505533376531
23760,1,cavalry_lancers,585,577.4906355124193
23761,3,general,1078,1009.6035287921409
23762,0,general,841,737.2590246291204
23763,0,infantry_grenadiers,786,841.232099399314
23764,1,cavalry_lancers,577,560.8378327318578
23765,2,general,607,401.4476469384192
23766,4,infantry_grenadiers,429,360.76633069591725
23767,0,artillery_fixed,1392,9544.987213173545
23768,1,cavalry_light,413,394.13791585960405
23769,0,cavalry_light,489,452.03359396049336
23770,2,general,438,435.501672027562
23773,2,infantry_skirmishers,199,178.15951804192977
23774,4,artillery_foot,486,452.46830405092544
23776,3,general,556,940.298992247133
23777,4,infantry_irregulars,585,286.001036740731
23779,3,infantry_militia,211,178.9682773040288
23780,4,artillery_foot,330,223.7864366809035
23781,0,cavalry_heavy,938,902.2837927111473
23782,4,cavalry_light,350,335.41213439833615
23783,2,general,181,172.00426302279064
23784,0,general,802,682.0908706797431
23787,1,infantry_line,253,220.06409892737938
23788,2,artillery_horse,401,370.6961599305616
23789,4,cavalry_lancers,318,452.58831135621546
23790,3,cavalry_light,836,739.4353270055865
23791,3,general,190,318.80854899474974
23792,4,general,176,352.8180504036493
23793,1,general,102,132.359742511854
23794,0,general,85,100.55907463622039
23795,1,general,248,230.22371570109155
23796,4,general,40,86.19540851232156
23797,1,infantry_light,362,304.2614995656053
23799,0,infantry_line,180,212.14893601339938
23800,1,infantry_militia,102,100.39283462919417
23801,3,infantry_militia,139,112.86070191222622
23802,0,cavalry_lancers,183,277.6806665293021
23804,3,general,185,171.60713449869644
23805,2,infantry_line,287,278.69062551897485
23806,0,cavalry_lancers,295,347.2096090057072
23807,3,general,187,186.38219827814078
23809,4,infantry_militia,276,199.794465840273
23810,1,infantry_militia,146,137.54977878950123
23811,1,infantry_militia,116,130.49702761592997
23812,0,cavalry_lancers,316,452.25316858234305
23814,1,general,152,142.21251736367645
23815,3,infantry_irregulars,465,533.9834054396996
23817,4,infantry_skirmishers,579,455.3880336464465
23818,1,artillery_foot,1028,663.1815860146448
23819,1,cavalry_lancers,540,548.787761964518
23820,2,cavalry_light,668,615.6604963701711
23821,4,general,384,263.94078392030593
23822,1,general,548,487.7518871557812
23823,0,infantry_skirmishers,529,426.4679284735354
23824,0,infantry_irregulars,455,584.5732620603525
23828,0,artillery_foot,824,802.3796908196036
23829,2,cavalry_lancers,305,449.83690983303455
23830,4,cavalry_missile,512,458.62735504990536
23832,2,infantry_line,124,187.58277280027127
23833,2,infantry_line,241,247.4266205425532
23834,2,infantry_militia,182,248.81507745990368
23835,2,infantry_skirmishers,224,204.9598044554581
23836,4,cavalry_heavy,1785,1878.7100186237117
23838,3,cavalry_lancers,592,569.6791564716433
23839,3,general,680,740.3670607516517
23840,4,general,753,795.0331441276234
23841,1,cavalry_missile,611,654.1701249532525
23842,4,infantry_skirmishers,484,447.78042327875954
23843,0,cavalry_light,694,474.04720620902606
23846,1,artillery_foot,1573,1648.271248330883
23847,1,artillery_foot,368,381.91388585997373
23848,0,general,67,68.92998389486688
23849,4,general,312,313.01314331387834
23852,0,cavalry_light,659,634.2238866502489
23853,4,cavalry_missile,538,592.3475748598411
23854,0,general,502,481.9246629045401
23855,0,general,565,507.8779490279632
23856,0,infantry_light,622,540.5942795588394
23857,1,cavalry_lancers,1407,1334.234915943451
23858,4,general,1249,1078.7895121110855
23859,4,infantry_skirmishers,361,351.0200975065961
23860,0,general,678,634.716631924284
23861,1,general,1525,1757.294044709418
23862,2,general,506,407.61788824295104
23863,1,general,1251,1380.1182942552211
23865,2,infantry_line,614,613.4020755159593
23866,2,cavalry_heavy,1047,903.4550473484838
23868,3,general,197,236.40407609879608
23869,2,general,374,441.30735446907437
23872,3,general,475,429.9631260697182
23873,1,infantry_irregulars,489,362.4608438529629
23874,3,infantry_light,483,563.5521927663228
23875,1,infantry_line,210,310.52608380858925
23876,4,infantry_line,423,428.0365400468668
23877,3,cavalry_heavy,3060,2597.0547246634387
23878,2,general,154,232.86743081774097
23879,1,general,2686,2368.2745757473344
23881,0,cavalry_lancers,675,610.2932944829298
23882,3,general,529,439.70203264302444
23883,2,general,194,160.04852229717073
23884,4,infantry_militia,149,185.19502457420964
23885,0,infantry_militia,109,158.94348341224878
23886,4,cavalry_lancers,530,510.2305237862736
23887,2,cavalry_light,720,766.1607784877522
23888,4,general,814,663.4732606768553
23889,0,general,570,499.71828339111136
23890,4,general,1086,909.9818642740772
23891,1,infantry_line,741,563.6799386413388
23892,3,general,285,250.25975134771136
23895,3,general,1381,1418.9504513752358
23897,4,infantry_line,1794,1998.600815001578
23898,3,artillery_foot,60,67.38500507117556
23899,4,artillery_foot,618,563.7310061143319
23901,4,artillery_horse,391,360.7753914799616
23902,3,artillery_horse,86,88.73434261181612
23903,0,general,87,88.623871748696
23904,0,general,87,88.623871748696
23905,3,general,195,183.8971319445968
23906,4,general,401,402.42320081611655
23907,3,general,29,163.56850343606183
23908,1,infantry_skirmishers,362,411.58561449746526
23909,2,cavalry_light,724,789.3549112335488
23910,1,cavalry_light,468,498.340298694041
23911,0,cavalry_light,692,907.088503863882
23912,4,general,192,192.85559500737892
23913,1,general,665,732.4173204359432
23915,1,general,327,306.2041356732908
23916,2,general,640,665.8423464148801
23918,2,general,321,286.06474340065523
23919,4,general,435,448.8177088087428
23920,2,infantry_light,177,189.8036180701895
23921,2,infantry_light,378,375.0084164436691
23923,0,infantry_light,412,413.43660859830834
23924,0,infantry_line,709,746.8139927925243
23925,2,infantry_line,464,488.73317598676437
23928,1,infantry_skirmishers,162,163.58457549544198
23929,0,cavalry_light,756,817.8640815954041
23930,3,cavalry_standard,805,755.1129736835019
23931,4,general,650,593.9784613208607
23932,4,general,635,687.0920207074739
23933,0,general,75,86.29729404557919
23935,2,general,153,130.2534619310705
23936,1,general,420,408.96034212798156
23937,4,general,345,356.309650659779
23938,0,general,579,573.0851384166539
23940,1,infantry_light,195,219.5129338920261
23941,0,infantry_light,357,363.1939970309326
23942,2,infantry_line,226,193.4337923860876
23943,4,infantry_line,145,167.92137384026154
23944,2,infantry_line,178,159.17744081263746
23945,4,infantry_line,544,595.8897519322461
23946,1,infantry_line,633,640.1080838283523
23947,1,infantry_line,485,491.63109103841464
23949,3,infantry_skirmishers,143,142.66167546606684
23950,2,cavalry_light,890,1102.2513391639357
23951,2,cavalry_light,632,666.1272280978601
23952,0,cavalry_light,425,438.72291958752305
23953,0,general,821,955.5020891702426
23954,1,general,525,523.2825183338264
23956,3,general,124,124.51245099443517
23957,3,general,91,101.50693475783785
23958,4,general,93,107.87562811364592
23959,1,general,124,131.5556862194436
23960,0,general,474,435.69508866928373
23961,0,general,391,325.16589933828675
23962,0,infantry_line,168,150.64880113759955
23963,0,infantry_line,222,227.41048572379128
23966,2,infantry_line,417,422.95936015701756
23968,3,general,90,99.67683279680494
23969,4,general,130,124.56816014088162
23971,1,infantry_line,190,186.7077590929419
23972,4,cavalry_light,848,1024.5731373224446
23973,0,cavalry_light,502,515.6336660985338
23974,1,general,780,948.7942275866133
23975,4,general,331,299.67428454696875
23976,3,general,364,372.55106091711497
23977,1,general,433,419.0525127713852
23978,1,infantry_light,223,243.55365988658977
23979,3,infantry_light,537,520.8944540740367
23980,4,artillery_horse,1083,1037.8840725857067
23982,2,cavalry_light,838,862.286806436986
23983,1,cavalry_light,772,778.1192802530599
23984,4,cavalry_light,622,575.2594170749545
23985,0,cavalry_standard,579,571.9503498050635
23986,1,cavalry_standard,708,635.5080266526641
23987,3,general,599,518.1285074046683
23988,4,general,721,771.7979345999845
23990,2,general,1073,1003.5741463340579
23991,3,general,111,150.8213336086522
23992,0,general,540,523.3042766137171
23994,4,general,1686,2036.1768328317319
23995,1,general,676,664.4757984793051
23996,4,general,519,474.0310170621102
23998,2,infantry_light,182,208.27049013125009
23999,3,infantry_line,232,198.16073981178246
24000,1,general,318,245.68185567158167
24001,1,general,306,276.388848071316
24002,2,general,407,344.9592671732576
24003,3,general,19,62.57105833021107
24004,3,general,305,238.26014070071196
24006,2,general,859,867.7706010843679
24007,2,infantry_light,409,393.0992447487095
24009,4,infantry_light,685,687.2076039671792
24010,2,infantry_line,378,358.2996960343672
24011,0,infantry_line,273,250.75206572188347
24012,0,infantry_line,413,370.5435096413266
24013,4,infantry_militia,113,103.57508702962915
24014,2,infantry_skirmishers,276,251.37006133901045
24015,3,infantry_skirmishers,143,142.66167546606684
24016,3,artillery_horse,892,944.1097169524562
24017,3,cavalry_light,821,844.0745506741497
24018,4,cavalry_light,400,418.89546466615724
24020,3,general,103,114.31247793946264
24021,0,general,698,736.3496879200699
24022,3,general,495,409.1979958142187
24023,3,general,214,177.62684747106715
24024,3,general,887,865.5330480151348
24025,2,general,416,379.13574981064517
24026,1,general,462,396.4834608660963
24027,2,infantry_line,318,286.06255412254615
24029,1,infantry_line,398,353.71603171912295
24030,4,infantry_line,521,480.08026050249515
24032,0,artillery_foot,607,573.3024317947975
24033,0,general,178,161.98651809559473
24034,0,general,182,160.2876016445892
24035,4,general,517,432.4132420659643
24036,3,general,161,133.56314439178703
24037,3,general,452,390.6059447121608
24038,2,infantry_line,239,225.24927683220318
24039,3,infantry_line,264,227.79883475465556
24040,0,infantry_line,279,259.9602172143723
24041,1,infantry_line,425,391.636733274507
24042,4,general,88,96.61814834702771
24043,2,general,120,127.29670446645284
24044,4,general,31,81.15623862920174
24045,4,general,39,90.12679656670191
24046,4,infantry_line,219,213.01631744599308
24047,4,infantry_line,120,150.97455656505122
24048,3,infantry_line,157,144.62589227899753
24049,4,infantry_line,128,157.46247310347664
24053,2,cavalry_light,741,700.1055465483049
24054,2,general,415,442.94016106194874
24055,1,general,16,61.53813132135425
24056,3,general,87,95.51011683813151
24057,3,general,211,240.17647493675904
24058,2,general,636,837.5272622751081
24059,4,general,588,537.5039489174026
24060,4,general,583,681.5783055893513
24061,1,general,330,288.7683318160169
24062,1,infantry_light,309,324.98074866569203
24063,0,infantry_light,354,404.37897181636833
24064,2,infantry_light,446,495.95232407112485
24065,1,infantry_light,504,532.5368340858806
24066,4,infantry_line,193,175.28032385069014
24067,1,infantry_line,345,315.0499746028282
24068,4,infantry_militia,111,106.79238661454087
24069,1,infantry_skirmishers,162,163.58457549544198
24071,3,cavalry_light,842,1158.9608612216623
24072,1,general,200,151.51218012850612
24074,1,general,695,759.3559949613266
24075,0,general,763,1070.247902211793
24076,4,general,244,204.0708082474179
24077,4,general,505,490.3221532056852
24078,1,general,178,155.50433336788825
24079,0,general,376,353.52620559160493
24082,4,infantry_light,493,474.1893717627162
24083,0,infantry_line,188,162.61899061514097
24085,3,infantry_line,253,215.3075647831362
24086,2,infantry_line,322,284.3359126934395
24087,3,infantry_line,485,502.558717281098
24090,1,general,129,127.76772733107718
24091,1,general,481,471.55407283503274
24092,1,general,735,737.9059307194364
24093,4,general,85,96.0232664040111
24094,1,infantry_line,188,173.28921060212934
24095,2,infantry_line,228,222.3686994615526
24096,3,general,104,111.41601437712544
24097,1,general,485,449.805019362026
24098,0,infantry_line,203,188.86977526217493
24099,2,infantry_line,457,445.27141753604116
24100,4,cavalry_heavy,1891,1878.3226102029405
24101,4,cavalry_heavy,1930,1880.5102216065036
24102,3,cavalry_heavy,1259,1311.9349908394004
24105,2,general,1056,1077.6093697769575
24106,4,general,702,619.6545960259868
24107,3,general,1693,1623.1616462409802
24108,0,general,1924,1863.789576368521
24109,0,general,731,681.2485682350965
24110,2,general,802,729.7640016247661
24111,1,general,879,837.286680090308
24112,0,infantry_grenadiers,629,594.5589148703231
24114,4,infantry_grenadiers,924,900.7056107674912
24115,2,infantry_grenadiers,720,723.7466283951559
24116,2,cavalry_heavy,1546,1550.3412176235645
24117,1,cavalry_heavy,1734,1730.2532911891533
24118,4,cavalry_heavy,1430,1410.9620829064502
24119,3,cavalry_heavy,1303,1358.731137356769
24120,4,cavalry_lancers,560,508.82518305819775
24121,1,cavalry_light,709,925.1609987052708
24123,2,general,312,309.5396377484523
24124,3,general,1148,1188.700491360291
24125,1,general,1824,1818.0115197463113
24126,0,general,463,418.9673622897642
24127,4,general,522,460.1335129984997
24128,2,general,766,991.9989582498242
24129,0,general,1209,1119.758215556356
24130,4,general,619,576.097194678003
24131,1,general,349,380.8246791977616
24132,3,general,641,859.4523539930367
24133,4,general,953,865.1481280289132
24134,2,general,929,854.107587130112
24135,0,infantry_grenadiers,649,588.3566531322606
24136,0,infantry_grenadiers,499,471.7554303251818
24137,4,infantry_grenadiers,991,946.3689508883662
24138,2,infantry_grenadiers,759,727.4704011491641
24139,2,infantry_light,281,353.804870509129
24140,3,infantry_light,419,440.7409918094472
24141,4,cavalry_light,717,877.2592706735676
24142,3,cavalry_light,314,358.71205721498814
24143,4,cavalry_standard,617,594.7848741399191
24144,0,general,120,90.06365755366863
24145,4,general,516,462.0114758339027
24146,3,general,590,717.0072591725445
24147,0,general,723,656.5581687485868
24148,0,general,229,272.78884604052973
24150,4,general,838,786.4008293998025
24152,0,general,329,276.38475990431897
24153,0,infantry_grenadiers,649,588.3566531322606
24154,4,infantry_grenadiers,991,946.3689508883662
24155,2,infantry_grenadiers,759,727.4704011491641
24156,0,infantry_irregulars,171,130.72228019960454
24157,2,infantry_line,584,557.730159556103
24160,4,general,814,818.0607068375402
24161,2,general,648,505.41535668538734
24162,0,general,865,811.4334524497118
24164,1,infantry_grenadiers,772,677.343272141967
24165,2,infantry_grenadiers,989,969.1358974716217
24166,3,general,493,472.4743297813205
24168,2,infantry_line,564,558.8713195859541
24169,1,infantry_line,355,335.93146678564983
24171,0,general,132,118.55005388792497
24172,2,infantry_light,268,277.2419445364235
24173,4,infantry_line,196,179.5983011818578
24174,1,infantry_skirmishers,349,323.1857272429876
24176,0,infantry_line,134,115.6005055923423
24177,1,infantry_line,185,167.29147600840747
24178,2,general,134,129.68759958125605
24180,0,infantry_line,232,234.6411536277935
24181,4,cavalry_light,480,542.0263940551151
24182,1,general,365,406.0914939173185
24183,2,artillery_foot,1234,1039.285690708617
24184,2,artillery_foot,1234,1039.285690708617
24186,1,artillery_foot,618,559.2279314355991
24187,1,artillery_foot,618,559.2279314355991
24189,2,artillery_foot,496,467.72003326603607
24190,2,artillery_foot,496,467.72003326603607
24191,1,artillery_horse,1086,1057.490236140887
24192,1,artillery_horse,1086,1057.490236140887
24193,3,general,527,496.9388221673331
24194,4,general,1132,1044.233749766935
24195,1,general,351,350.48421606598214
24197,2,general,563,467.42961983701355
24199,1,general,199,201.3616113129931
24200,2,infantry_grenadiers,389,410.0852814658538
24201,2,infantry_grenadiers,389,410.0852814658538
24205,4,cavalry_light,1913,1952.161255475554
24206,0,cavalry_light,1663,1505.3235651671637
24210,0,general,1664,1484.1770904760826
24211,4,general,702,646.5225737907607
24213,1,general,1160,1192.3949917502598
24214,1,general,950,957.9478768417275
24215,2,infantry_grenadiers,744,715.6112425884822
24216,3,infantry_grenadiers,989,1067.0433343140107
24219,2,infantry_grenadiers,774,790.2899434525496
24220,0,infantry_line,240,222.9970624510109
24221,2,infantry_line,511,518.6694119441323
24222,0,infantry_militia,270,277.96444381178134
24224,4,infantry_militia,305,269.5689710262907
24225,2,infantry_skirmishers,238,280.21303850136405
24227,4,cavalry_lancers,407,402.65198731316366
24228,1,cavalry_light,460,521.1588575930103
24229,2,general,208,166.46637291685917
24230,0,general,432,477.4842116970387
24231,2,general,79,81.05974772667803
24232,0,general,525,481.08474663374403
24233,1,general,484,446.7652567221355
24234,1,infantry_line,157,128.02286678293964
24235,3,infantry_line,639,650.3262688352218
24236,0,infantry_line,465,460.89978392300566
24237,4,infantry_line,405,413.51670822766704
24238,2,infantry_militia,185,173.7447841905444
24239,2,infantry_militia,333,302.72331804568347
24240,1,infantry_skirmishers,218,169.84430554234086
24241,2,infantry_skirmishers,238,280.21303850136405
24243,1,cavalry_light,1364,1369.3149214546452
24244,2,general,228,204.65648117004432
24246,4,general,231,226.11267048114811
24248,3,infantry_grenadiers,603,593.4140727464655
24249,0,infantry_line,286,274.42120259793035
24251,2,infantry_line,300,311.5729947434738
24252,0,infantry_militia,265,273.8433493175431
24253,1,infantry_skirmishers,220,220.31781494496687
24256,3,general,455,401.39065110120987
24257,3,general,131,120.46475803829895
24258,4,general,211,175.28957494499204
24259,3,infantry_line,372,361.8830160035186
24260,4,infantry_line,217,203.24749439388128
24261,4,infantry_militia,182,161.50519839208894
24262,3,infantry_skirmishers,223,206.8226903025779
24263,1,cavalry_light,909,874.9609741002189
24264,0,cavalry_standard,1378,1346.614440177556
24265,3,cavalry_standard,1289,1202.191114291177
24266,4,cavalry_standard,701,688.1714557917351
24270,3,general,792,805.5840526866425
24271,2,general,404,327.5553316477457
24272,1,general,596,565.2382931779937
24274,1,general,1297,1294.0470209410084
24275,3,general,978,1022.951862614188
24277,2,infantry_militia,322,293.494827193619
24279,1,infantry_skirmishers,242,239.7507557242942
24280,4,cavalry_lancers,828,699.7386305369021
24281,4,cavalry_light,409,430.95936393610697
24283,0,general,876,755.7892675204001
24284,4,general,359,328.05144369659587
24285,4,infantry_line,269,263.9116079105625
24288,1,infantry_militia,251,209.41303628207774
24289,2,cavalry_lancers,703,674.2153014511257
24290,2,cavalry_lancers,393,424.57440918376125
24292,3,general,547,482.1042552611415
24293,3,artillery_horse,918,937.5636053934716
24294,4,cavalry_standard,1510,1392.468081368116
24295,4,cavalry_standard,819,830.5114661779637
24297,4,general,1432,1479.5851726647368
24298,4,infantry_line,228,207.22165103371285
24299,0,infantry_skirmishers,487,493.3509323989178
24301,3,cavalry_lancers,455,452.98145604691115
24302,3,cavalry_lancers,364,380.005707871526
24304,4,cavalry_lancers,426,423.732146445675
24307,1,cavalry_light,1087,1065.886079237003
24308,0,general,412,388.35559704913436
24309,4,general,735,687.1183245229546
24311,3,artillery_horse,918,937.5636053934716
24313,1,cavalry_light,680,639.782266942169
24314,1,general,701,638.5245595665688
24316,2,cavalry_lancers,736,688.7751470292387
24318,2,general,294,154.1602254791975
24319,1,general,126,120.13033931197552
24322,3,general,260,222.60274619467924
24323,2,infantry_light,373,318.2591734939012
24324,4,infantry_line,226,205.2077979612904
24325,3,infantry_line,359,300.48373929253825
24326,0,infantry_line,261,254.84339193142776
24330,1,cavalry_lancers,430,430.10514742741105
24331,0,general,223,171.83832246321464
24332,0,general,138,127.14598721603319
24334,4,general,372,308.1803049645628
24336,2,infantry_line,203,192.51939972772124
24339,1,infantry_militia,193,184.70364742023423
24340,4,infantry_skirmishers,332,356.49765871262
24341,1,general,736,703.2536503074989
24343,1,infantry_grenadiers,776,808.0299141759369
24344,1,infantry_line,427,407.01250481165613
24345,4,cavalry_heavy,1418,1478.8313881867196
24346,2,cavalry_lancers,1122,1021.0242986933328
24347,3,cavalry_light,584,561.6855995162927
24348,4,general,1409,1460.5282868812092
24349,3,general,127,145.65721268848898
24350,1,general,154,171.89343182311688
24351,4,general,183,151.29284604909316
24352,2,infantry_line,134,197.17510819680078
24354,3,infantry_line,293,266.87903931002893
24355,1,infantry_line,161,210.1826881057121
24356,0,general,37,75.42836189177781
24357,1,infantry_militia,120,139.22444187571605
24358,2,infantry_militia,141,144.33739758071235
24359,1,infantry_militia,138,146.5219881856275
24360,4,infantry_militia,94,118.89472871415933
24362,3,cavalry_light,746,698.9439553347053
24363,0,general,634,590.2277694261127
24364,3,general,197,154.35840760963887
24365,2,general,303,274.4456231661752
24366,0,general,284,240.83212954051135
24367,3,general,554,530.4517189405907
24368,2,general,872,641.085887675789
24370,4,infantry_line,216,175.83461341535337
24371,0,infantry_line,396,370.5613090832965
24372,1,infantry_line,984,852.6811560357378
24373,0,infantry_line,610,591.9722475987593
24377,1,general,363,292.8025084924654
24378,0,general,747,643.7299084726606
24379,0,general,304,251.42752437167215
24380,0,general,204,216.62194899543184
24381,4,infantry_line,341,294.62771563201915
24383,2,infantry_line,189,184.40326205641003
24386,3,infantry_militia,265,248.62647148404884
24387,0,infantry_skirmishers,258,258.51556680292805
24388,1,general,290,294.9828042013436
24389,2,general,345,335.65838449110294
24390,4,infantry_line,201,199.285964009548
24393,1,infantry_skirmishers,322,289.7998729600499
24394,1,general,197,191.95449790696443
24395,4,infantry_line,304,314.6885742081716
24397,0,infantry_line,507,497.3433230659444
24400,2,cavalry_heavy,768,863.705549877007
24401,1,cavalry_heavy,1017,1040.8086214474645
24402,1,cavalry_heavy,749,848.6629379795135
24403,1,general,780,853.4778832508329
24404,3,general,879,867.1378119638304
24405,3,cavalry_light,948,854.3213596833091
24406,3,cavalry_light,415,428.4388955286773
24408,3,artillery_horse,918,937.5636053934716
24409,1,artillery_foot,671,576.1825713647096
24410,0,artillery_foot,1020,886.6439319603895
24411,2,artillery_foot,452,562.7499136619593
24412,3,artillery_foot,223,231.6189046769325
24415,2,artillery_foot,656,635.2702733527314
24416,1,general,742,582.0904060340358
24417,3,general,1040,838.7267753665559
24418,3,artillery_horse,918,937.5636053934716
24421,0,artillery_foot,768,649.8051527643519
24422,3,artillery_foot,664,576.1517373496918
24423,3,artillery_foot,664,576.1517373496918
24427,1,artillery_foot,781,747.900350491096
24428,1,artillery_horse,580,527.2547254275578
24429,3,artillery_horse,918,937.5636053934716
24430,4,artillery_horse,952,988.752305874007
24432,1,general,358,350.48421606598214
24436,3,artillery_foot,719,710.1031371942912
24437,2,general,229,215.07401063601293
24438,4,general,394,366.6123213278068
24439,4,general,235,232.58367895456834
24440,0,general,283,244.3164155708943
24441,0,general,245,224.31981406023684
24442,0,general,382,324.5133634692688
24443,1,general,279,255.8951398110836
24445,2,general,870,1069.8670810615909
24446,2,general,474,482.1584954585067
24447,2,general,375,383.9895301760514
24448,4,general,410,396.38313859159405
24449,3,infantry_light,506,501.0476344749496
24450,0,infantry_light,366,325.33338628875345
24451,2,infantry_light,373,370.29697306911885
24452,1,infantry_light,387,375.98640896934296
24453,1,infantry_light,484,497.68664365807336
24454,1,infantry_light,412,407.9240351105692
24455,2,infantry_line,332,335.1468911151507
24456,4,infantry_line,296,302.76163210760205
24458,0,infantry_line,280,269.29944818182037
24460,3,infantry_line,340,338.1571787103546
24463,2,infantry_line,350,350.3376327868502
24464,4,infantry_line,407,378.2274653077537
24465,3,infantry_line,335,338.2140300710151
24466,3,infantry_line,792,926.1732201239292
24468,0,infantry_skirmishers,322,298.5850016756398
24469,3,artillery_foot,459,422.95463351177904
24470,1,general,388,352.8076570476416
24471,4,general,539,525.055422126767
24472,1,general,363,323.7996508746429
24473,3,general,247,251.9812654423327
24475,1,general,273,242.57766092048917
24476,1,general,367,385.42667137073664
24477,3,general,597,554.5050004436595
24478,0,infantry_light,489,493.2187647324713
24479,1,infantry_light,383,350.9533544139448
24480,1,infantry_light,488,398.9775840443659
24481,1,infantry_light,515,510.04292080649856
24483,1,infantry_line,386,368.391777350194
24488,0,infantry_line,310,322.110542892447
24489,2,infantry_line,381,359.836546482285
24490,2,infantry_line,382,388.52346099268885
24491,1,artillery_foot,885,833.023915291968
24493,0,general,497,508.23077168311255
24494,3,general,130,131.30386819763478
24495,2,general,513,475.8433352448266
24497,4,infantry_grenadiers,565,524.5968308810827
24499,3,infantry_light,295,289.7323437399798
24500,4,infantry_line,263,257.7692542285995
24501,1,infantry_line,357,338.523843814656
24502,1,infantry_line,236,233.23519851288194
24504,3,infantry_line,198,191.7199471292169
24505,4,infantry_line,465,469.1672026656596
24506,3,general,181,177.57995526980713
24507,2,general,342,278.2776897568665
24509,4,general,567,550.8230802068581
24510,3,general,372,288.08838890044547
24511,0,general,488,423.43166688118697
24512,1,infantry_light,472,428.7375557478717
24513,3,infantry_light,450,407.4090078315755
24514,3,infantry_light,460,454.3371518148793
24515,1,infantry_light,626,596.815372252063
24516,0,infantry_line,252,246.96245537882857
24517,3,infantry_line,235,226.75927035286782
24518,4,infantry_line,326,273.1796563176913
24519,3,infantry_line,430,388.05442413650474
24520,3,infantry_skirmishers,322,302.8480028930829
24521,1,artillery_horse,1964,2062.6475306823077
24522,2,cavalry_lancers,454,428.1478194349337
24523,4,cavalry_light,922,829.9900806373136
24524,4,cavalry_light,515,500.3944160636249
24525,1,cavalry_light,564,518.9636338998572
24526,4,cavalry_light,1137,1012.4863106188683
24527,0,general,1063,996.7650730336024
24528,0,general,952,937.2734409062977
24529,3,general,330,317.9502841307645
24530,0,general,424,377.85432456293165
24531,2,general,420,405.773029915473
24532,0,artillery_foot,586,579.6538366185222
24533,3,general,354,311.6098895802188
24534,4,general,114,144.3067351398781
24535,4,general,305,301.954150512311
24536,3,general,248,232.8167232575155
24537,2,general,357,275.5908718161122
24538,3,general,400,340.7597710807624
24539,3,general,154,160.1635766577711
24541,2,general,173,158.07103719074937
24543,2,general,1033,1113.9675764007184
24544,0,general,728,731.8188231447597
24545,2,general,725,708.6916484443004
24546,0,general,165,152.4599722112407
24547,1,general,749,856.7441222386847
24548,3,infantry_light,414,377.8418815853521
24549,2,infantry_light,276,283.75151329511164
24550,3,infantry_light,226,227.04246249286845
24551,0,infantry_light,466,432.58797164610223
24552,2,infantry_light,680,707.9381516923303
24553,4,infantry_line,260,273.7374755788556
24555,2,infantry_line,247,240.9315710877311
24556,3,infantry_line,280,249.82346802276288
24557,0,infantry_line,239,250.202077603735
24559,1,infantry_line,361,386.64641522840896
24560,0,infantry_line,221,215.8861720404761
24561,1,infantry_line,636,597.5628892985484
24563,4,infantry_line,648,649.8332176376192
24565,0,infantry_line,520,490.0864728277679
24567,0,general,378,310.9921640046261
24568,4,general,298,270.213511216846
24569,1,general,299,308.1743945661451
24570,1,general,157,177.6933495101952
24572,3,general,921,856.3038555271982
24573,4,general,246,215.8450238221419
24574,2,general,621,608.5271706801971
24577,0,infantry_grenadiers,611,541.6165408519416
24578,3,infantry_light,371,331.1658617530711
24579,4,infantry_light,545,524.903130856169
24580,4,infantry_line,355,335.69100265929615
24581,1,infantry_line,274,256.3966955590724
24582,3,infantry_line,252,267.7410653065776
24583,1,infantry_line,348,374.70198196206445
24585,0,infantry_line,237,228.5417123061416
24588,3,artillery_foot,1626,1436.007668633176
24589,1,artillery_foot,1210,1085.950132954758
24590,1,artillery_foot,1023,1079.4093460701533
24591,2,artillery_foot,890,855.4025683101887
24592,0,general,1117,1140.4217680585805
24593,1,general,1674,1422.7874832300372
24594,3,infantry_grenadiers,827,782.1667600916251
24596,0,artillery_horse,1726,1738.9219769942674
24597,0,artillery_horse,1726,1738.9219769942674
24598,1,cavalry_standard,885,833.209940996807
24599,4,cavalry_standard,909,931.73056637537
24600,2,cavalry_standard,1016,1033.585414919634
24601,1,cavalry_standard,610,610.705282409569
24603,3,cavalry_standard,603,602.0089243673381
24604,0,cavalry_standard,730,693.7625052122203
24605,4,general,569,515.9247748799968
24606,2,general,734,752.5041338171048
24607,0,general,251,254.73767894646906
24608,1,general,1091,1210.1667338555126
24609,2,general,507,493.13937179647434
24610,2,general,448,416.51238540805997
24612,4,general,495,489.3182246066508
24613,0,general,1011,1056.1376112667874
24614,0,general,470,465.1603520944642
24615,0,general,357,335.64551738030383
24616,4,general,448,408.67740238864434
24617,2,infantry_grenadiers,364,360.52977562706224
24619,0,infantry_grenadiers,512,459.8139852482557
24620,4,infantry_grenadiers,408,392.7800777473469
24621,0,infantry_grenadiers,426,390.3680752013133
24622,3,infantry_grenadiers,468,465.2151908786156
24623,0,artillery_horse,1726,1738.9219769942674
24626,2,cavalry_light,719,674.0384227378522
24627,4,cavalry_light,811,703.5134835434641
24628,3,cavalry_light,699,620.1613094843583
24629,2,cavalry_light,725,631.9592415783342
24630,3,general,615,537.482340689818
24632,0,general,431,326.3420953986333
24633,1,general,738,642.4025825566749
24635,0,general,343,329.931464671986
24636,3,general,662,599.0750389330518
24637,1,general,505,421.1363016873905
24638,1,general,611,520.2984581659279
24639,1,general,434,398.81339516325943
24640,0,general,719,619.6616947560796
24641,4,general,498,515.2837800430041
24643,0,infantry_grenadiers,388,299.03772254659725
24644,4,infantry_grenadiers,616,578.3722492317268
24645,1,infantry_grenadiers,396,344.76999778297517
24647,0,infantry_grenadiers,501,506.6799636480762
24648,4,infantry_grenadiers,670,758.0928107525185
24649,0,cavalry_lancers,428,457.85094694971133
24650,0,cavalry_lancers,521,522.7800032938989
24653,2,cavalry_lancers,810,796.1977011888357
24654,3,cavalry_lancers,714,678.4247192905357
24655,4,cavalry_lancers,365,369.77512281345236
24656,1,cavalry_light,1245,1145.6961105427108
24657,0,cavalry_light,510,478.3117761374935
24658,0,cavalry_light,1506,1601.7083012645412
24659,4,general,549,463.678025414972
24661,0,general,430,386.074300040751
24662,1,general,467,448.8497328091076
24663,3,general,883,878.6403170173049
24664,4,general,1091,989.0814738927046
24665,2,general,1513,1783.7357157907381
24666,0,infantry_light,346,311.2439489234169
24667,2,cavalry_light,359,346.7106799898436
24668,4,general,323,305.1821953656422
24669,1,artillery_foot,959,919.9345961928489
24670,4,artillery_horse,1804,1774.1885449709216
24671,3,cavalry_lancers,518,527.2556089370943
24673,2,general,302,276.0268354642418
24674,4,general,535,521.2720159434604
24675,4,general,121,122.31766284338161
24676,1,general,563,490.0937296532256
24678,0,general,106,111.50470042543388
24679,1,general,494,551.1270259804556
24680,2,general,979,935.2431353950028
24682,0,general,926,925.991348478754
24683,3,infantry_grenadiers,1110,1082.9280625976348
24684,4,infantry_grenadiers,962,944.2024368429862
24685,3,infantry_light,363,348.73034377595695
24687,4,infantry_line,224,210.75324491146839
24688,0,infantry_line,202,202.97563188064865
24689,0,infantry_line,208,202.80583454638847
24691,3,infantry_skirmishers,300,336.62303016030177
24693,2,cavalry_lancers,755,712.6785800384192
24696,0,cavalry_lancers,522,526.9570798409113
24697,3,cavalry_lancers,451,476.2887000915028
24698,1,general,448,451.1608044899551
24699,0,general,135,118.18689168206251
24700,0,general,637,607.3869322840962
24701,1,general,201,199.99507473089812
24702,2,general,349,351.20049508742585
24703,1,general,215,208.81669942308147
24705,1,general,738,714.9077933305902
24706,1,infantry_light,269,265.43988262718403
24707,1,infantry_light,334,298.3236268381671
24708,2,infantry_line,214,190.93185522272896
24709,4,infantry_line,323,324.1219468582257
24710,4,infantry_line,226,214.45468393231124
24711,2,infantry_line,797,758.5193593959749
24712,3,infantry_line,253,238.43348677751865
24713,4,artillery_horse,1329,1300.8904521041065
24714,0,cavalry_heavy,1801,1893.4309623499037
24715,4,cavalry_lancers,408,427.10189581475635
24716,4,cavalry_lancers,670,637.8171191810865
24717,3,cavalry_light,1694,1537.2025089690121
24720,3,general,362,355.56167695987875
24721,2,general,1704,1725.6513535211573
24722,4,general,371,144.43343718824042
24723,3,general,558,521.1341946369344
24724,4,general,193,181.36622339715518
24725,2,general,454,407.403653612515
24727,0,infantry_light,443,422.87366523079794
24730,0,infantry_line,246,234.51043235309893
24731,3,infantry_line,363,354.08461361311004
24733,2,cavalry_lancers,603,627.5422357526581
24735,2,general,426,403.3362914251397
24736,0,artillery_horse,1726,1738.9219769942674
24737,2,cavalry_lancers,807,775.9288610471875
24738,2,cavalry_lancers,451,477.0924107333157
24739,2,cavalry_lancers,700,689.0487431353508
24740,4,cavalry_lancers,575,562.8247728433772
24741,1,cavalry_lancers,562,565.5122689628748
24742,1,general,405,418.3803219990113
24743,1,general,508,472.384650403881
24744,1,general,466,428.9829238669661
24746,1,general,703,658.4790030136495
24747,2,cavalry_heavy,2174,2237.0144123549217
24748,1,cavalry_heavy,2105,2185.1478960391964
24751,0,general,943,987.6400576332289
24752,3,general,1112,1150.3912552303839
24753,0,general,2091,2124.5978605344053
24754,1,general,1954,2068.3289319026744
24755,1,general,172,171.53566972962034
24756,3,general,219,214.99383531750675
24757,2,general,203,195.71035964516554
24758,2,infantry_light,244,238.82192905441326
24761,4,infantry_line,227,220.51429608116638
24764,3,cavalry_heavy,1076,1198.1398018906552
24765,3,cavalry_heavy,675,815.8566987886388
24766,0,cavalry_heavy,1213,1334.8135100653978
24768,4,general,386,366.4424966853382
24769,3,general,933,1046.7324376135612
24770,4,general,1209,1298.310944466741
24771,2,general,1013,1098.357566214486
24772,3,general,653,780.2203085577961
24774,4,general,507,472.0081719642388
24776,3,infantry_light,772,803.1856759936422
24777,3,infantry_line,262,274.8501175113575
24778,2,infantry_line,344,358.25700219272363
24779,0,infantry_line,553,489.46900288013774
24784,0,general,1050,1022.1588208098065
24785,1,general,1346,1388.0653155298583
24788,1,general,344,359.2880766682669
24789,4,general,698,602.8726124857355
24790,1,general,222,207.56767953619573
24791,3,infantry_light,328,306.7841657699669
24792,3,infantry_light,275,257.55031741801065
24793,1,infantry_line,354,354.468266897553
24794,2,infantry_line,329,328.73885404421907
24795,1,infantry_line,299,281.2896572859513
24796,4,artillery_horse,1357,1282.5428310212378
24797,3,cavalry_lancers,858,958.5262323301769
24798,2,cavalry_lancers,800,855.6244681578943
24800,1,cavalry_standard,1123,1034.372362377689
24801,2,general,934,790.8448046890551
24802,1,general,797,818.8974136895216
24803,4,general,1071,933.2373846926383
24805,3,general,856,975.2615340710838
24806,0,artillery_horse,1726,1738.9219769942674
24807,4,cavalry_lancers,655,607.0710461527995
24808,1,cavalry_lancers,565,573.4659611588911
24810,2,cavalry_lancers,558,563.2346113913135
24812,0,cavalry_standard,601,558.0128694640423
24814,0,cavalry_standard,425,443.2258687710703
24815,1,cavalry_standard,906,925.0519554104912
24816,2,cavalry_standard,462,457.359140054284
24817,4,general,962,990.9928866918794
24819,3,general,614,539.5580076441305
24822,4,general,664,572.9493337338308
24823,0,artillery_horse,549,608.6068783121349
24824,2,cavalry_lancers,1213,1061.8786064877636
24827,0,cavalry_lancers,738,714.0289463455409
24828,2,cavalry_light,271,282.4321494076088
24829,0,cavalry_light,334,341.1418829579475
24830,0,cavalry_light,466,419.0365906542131
24831,1,cavalry_light,414,431.1394716256798
24832,1,cavalry_light,662,572.3217122116473
24834,2,general,605,534.5730467034374
24835,1,general,327,342.19800533904794
24836,3,general,597,592.5670107924276
24837,2,general,628,581.9811325972944
24838,1,general,289,283.6452948210104
24839,4,general,1065,839.950017467426
24840,4,general,302,281.5047936499215
24841,0,artillery_horse,549,608.6068783121349
24842,0,cavalry_lancers,428,457.85094694971133
24843,0,cavalry_lancers,428,457.85094694971133
24844,0,cavalry_lancers,428,457.85094694971133
24845,3,general,333,362.8145012279983
24846,4,general,439,436.82624113930706
24847,3,general,528,547.4398669307973
24848,2,cavalry_lancers,451,477.0924107333157
24849,3,cavalry_lancers,389,416.02909605752694
24850,4,cavalry_lancers,407,441.545675832087
24851,1,cavalry_lancers,368,422.3350385001317
24852,1,general,256,297.7635643748324
24853,1,general,231,270.41080603228716
24854,4,general,318,325.93130461045496
24855,1,artillery_foot,725,732.683008213174
24856,3,artillery_foot,534,531.9898719783267
24857,4,artillery_foot,1591,1477.8393721734808
24858,1,artillery_foot,1023,1079.4093460701533
24859,3,artillery_foot,1129,1067.7399309599193
24860,1,artillery_foot,1023,1079.4093460701533
24861,1,artillery_foot,1023,1079.4093460701533
24862,1,artillery_foot,1023,1079.4093460701533
24863,2,artillery_foot,890,855.4025683101887
24864,4,artillery_foot,674,661.7531936354591
24865,2,artillery_foot,886,813.6537301802963
24867,1,artillery_horse,1201,1239.5059794042425
24868,1,general,182,179.01212232169595
24869,4,general,182,178.97878194495516
24870,4,general,913,897.8890883083586
24871,3,general,695,642.2562477816729
24872,2,general,69,68.62560129104777
24873,1,general,656,626.3398115160709
24874,2,general,1013,960.4637181479397
24876,3,cavalry_heavy,2526,2455.860812102362
24877,4,cavalry_lancers,648,744.5122885421979
24879,1,cavalry_light,519,514.1859622227131
24880,2,cavalry_light,1321,1243.5325460612914
24882,0,general,2205,2191.8747862993187
24883,3,general,649,606.5403979269073
24884,4,artillery_horse,665,595.8569048187524
24885,0,artillery_horse,118,129.71224154856938
24886,1,cavalry_standard,765,731.6633833075367
24887,1,general,614,566.4182229773498
24888,3,cavalry_lancers,641,740.3840761225065
24889,1,cavalry_lancers,862,939.1808970269852
24893,0,cavalry_standard,1499,1402.5768228123893
24894,3,general,897,792.3519042180532
24895,1,general,1415,1341.454010033235
24896,4,general,1000,1095.0931420082575
24897,2,general,1482,1538.033948545118
24898,0,artillery_foot,1347,1337.4620433392472
24899,2,cavalry_light,717,691.7876529499739
24900,0,cavalry_light,828,788.9854117934777
24901,0,cavalry_standard,1161,1052.8043169124842
24902,2,general,1368,1155.359429176954
24903,2,general,1179,1039.767762463944
24904,3,general,656,571.0457298657385
24905,0,general,612,597.8956237504403
24906,4,general,964,1086.4552938591262
24908,1,artillery_foot,448,443.99822703362196
24909,4,cavalry_lancers,672,773.1931682344398
24910,0,cavalry_lancers,560,610.8490876114155
24911,4,general,708,765.1108212874943
24912,1,general,382,308.98586984844485
24913,3,general,299,281.11172136399
24914,4,infantry_line,362,346.8132717436757
24915,2,infantry_line,486,474.1041995863986
24916,2,general,1179,1318.3009452331567
24918,1,artillery_foot,1116,1079.4548374599233
24919,4,artillery_foot,1084,1014.7468447048549
24920,3,general,360,312.7315313580848
24922,2,general,305,345.81371169794846
24924,2,general,997,1107.8620221557271
24925,0,general,918,990.2836513405897
24926,3,infantry_light,418,469.72381173267485
24927,0,infantry_line,823,850.1076002131283
24929,0,infantry_line,428,406.54008410539024
24930,4,infantry_line,493,460.2366605745894
24931,4,infantry_skirmishers,272,278.48075269771863
24932,1,general,835,834.2352741029747
24933,1,general,431,342.1370427290845
24934,0,general,912,1009.4934015715725
24935,2,infantry_light,685,784.9562876794349
24938,1,infantry_line,543,530.2047020633928
24939,3,general,400,373.5072197408657
24941,2,artillery_foot,879,969.7099173049266
24942,0,general,713,650.010564216789
24943,3,general,422,368.6004320090909
24944,0,general,635,629.9612236360098
24945,3,general,619,532.5511063561175
24948,1,general,1222,1265.2243576090125
24950,3,infantry_line,555,548.5777486657996
24951,4,infantry_line,524,497.18459441183205
24953,0,infantry_line,571,574.5393648119426
24954,3,infantry_line,475,444.0469998512099
24955,2,general,295,287.5494971876638
24956,4,general,519,488.1261958386157
24957,1,general,282,251.05298680399576
24958,0,general,324,322.9718105686556
24960,0,infantry_line,451,449.5842758133785
24961,3,infantry_line,336,365.81513788364964
24962,4,infantry_line,382,389.409355922013
24963,3,general,248,302.06760890415325
24964,0,general,290,329.1067416708046
24966,1,infantry_light,402,486.44068991434636
24967,4,infantry_light,268,323.07108473128335
24969,4,infantry_skirmishers,272,278.48075269771863
24970,2,infantry_skirmishers,400,315.59263123775935
24971,3,general,228,228.86989985139894
24973,4,general,401,402.525651179856
24974,4,cavalry_heavy,1388,1257.9580128989483
24976,0,cavalry_standard,901,805.974855630019
24977,4,general,920,749.4436704520904
24978,1,general,398,347.97322505146013
24981,3,general,329,575.5423702726423
24982,4,general,236,306.44373801848144
24983,3,general,1305,1265.6036022525236
24984,3,general,419,363.5689973152734
24985,1,general,1417,1463.8707899450783
24986,1,general,1065,1032.8784986736346
24987,1,general,568,506.1622255185375
24988,1,infantry_grenadiers,1456,1553.654660317965
24989,3,infantry_light,523,563.3515947273842
24990,0,infantry_light,542,538.285610340067
24991,0,infantry_light,301,388.58913017077435
24992,3,infantry_line,440,407.0855325493604
24993,1,infantry_line,964,896.0753537565305
24994,0,infantry_line,617,582.6704094198069
24995,0,infantry_skirmishers,309,311.949461092476
24996,1,artillery_horse,1156,1194.4716383487548
24997,3,cavalry_heavy,1383,1143.7606625448088
24998,4,cavalry_lancers,525,840.8635655536576
24999,1,cavalry_light,871,746.9644944446259
25000,4,general,205,204.52397675062946
25001,2,general,197,185.34773670338757
25002,0,general,369,357.1155546834819
25005,0,general,1113,817.6473777031649
25006,1,general,590,575.2906310080623
25007,1,general,468,421.07632762415074
25008,2,general,419,662.7096829626604
25009,2,general,627,592.9513906937641
25011,4,general,383,472.7119210455027
25014,0,infantry_line,401,360.562443544246
25016,1,infantry_line,311,354.4953844795639
25017,1,infantry_line,498,601.567642550166
25018,4,infantry_line,344,343.22585987505556
25019,4,artillery_foot,370,324.4269233804293
25020,2,cavalry_lancers,401,758.7720039900719
25021,2,cavalry_light,501,499.49816317517093
25022,3,general,246,306.31261141278634
25023,2,general,288,602.175668957685
25024,0,general,535,452.29671573547256
25026,0,general,78,90.10511910437043
25027,0,general,86,99.73952758421116
25028,4,general,189,180.36351748345365
25032,0,infantry_line,159,156.52120316850647
25033,2,infantry_line,158,143.97021648229529
25034,4,infantry_line,522,541.8854766247139
25035,1,cavalry_heavy,1023,1043.8236341116985
25036,1,cavalry_standard,716,619.2798210308094
25037,1,general,567,484.7958265539916
25038,3,general,530,534.5018102932632
25039,4,general,829,821.4035279060217
25040,4,general,285,281.7127067726103
25041,4,general,794,815.6630729438108
25042,3,general,874,915.8241206216846
25043,4,infantry_grenadiers,745,753.9649532564475
25044,3,infantry_line,380,417.89415486285026
25046,4,artillery_foot,483,521.4626403648509
25049,1,cavalry_light,823,770.2936611583996
25050,4,cavalry_light,544,553.4737189180195
25052,4,general,147,141.41565616375138
25053,2,general,404,416.577954603044
25054,1,general,337,341.6459243878381
25055,4,general,516,516.652533951234
25056,2,general,671,604.238979589254
25057,3,general,373,371.6846314248107
25058,3,general,333,561.590751087882
25059,0,general,477,451.787446413838
25061,0,general,199,204.63877949497456
25062,2,general,686,629.1641110177463
25063,1,infantry_light,593,626.6892026560186
25065,1,infantry_line,211,209.3496662310168
25066,2,infantry_line,797,747.1274911489176
25067,2,infantry_line,224,244.65250999765072
25069,0,cavalry_lancers,1485,1899.402833319989
25070,0,cavalry_lancers,1333,1699.3608797841446
25071,4,cavalry_lancers,1103,1370.3250576254877
25073,3,cavalry_light,1306,1297.7636894699313
25075,0,general,637,536.942222267745
25076,2,general,29,69.09132781468226
25077,1,general,1062,1300.165034420328
25078,1,general,1140,1046.980231129553
25079,2,general,1337,1719.3496708804412
25080,0,general,1381,1781.9456061055346
25081,2,general,187,201.7939087562558
25082,4,general,103,116.54617271161263
25083,1,general,485,484.7582100593456
25084,3,general,1639,2388.6374109741646
25085,1,infantry_line,282,313.67404547971825
25086,1,infantry_line,422,469.4472053630837
25087,3,infantry_line,136,139.19560367630962
25089,2,cavalry_heavy,1092,1036.8063074356444
25090,1,general,909,831.3389445953565
25091,3,artillery_foot,339,312.13573252178924
25092,0,artillery_horse,728,710.8118995423466
25093,1,cavalry_standard,697,595.3387820432516
25094,2,cavalry_standard,712,618.502670180117
25095,2,general,577,569.0627555847715
25097,2,general,603,473.31865305475094
25098,3,general,465,456.51565055158056
25099,1,general,724,551.3524044856198
25100,4,infantry_grenadiers,405,370.4350134120869
25101,0,infantry_light,570,608.5115018828285
25102,0,infantry_line,205,244.21345495000577
25104,4,cavalry_lancers,481,778.2932656430262
25105,1,cavalry_lancers,361,582.1144176002234
25106,4,cavalry_light,643,655.3496333039753
25108,2,general,219,387.8450169622731
25111,1,general,705,670.4847174790615
25113,2,general,152,155.92245681225762
25114,4,general,202,163.67486727164766
25115,1,infantry_line,216,200.84142884562084
25116,1,infantry_line,255,256.63897813682615
25118,3,artillery_foot,987,945.6325250907335
25119,3,general,59,88.03229582862859
25120,1,general,559,514.6189967393327
25121,1,general,281,255.51268763767922
25122,2,infantry_line,160,164.6863450653207
25123,3,infantry_line,460,453.3673691953768
25126,1,cavalry_standard,721,683.8936852155659
25127,2,cavalry_standard,848,786.7740400612877
25128,3,general,223,234.7185010210774
25129,3,general,298,260.6867918188998
25130,1,general,684,631.6657326443849
25132,2,general,741,659.9116203294134
25133,1,infantry_grenadiers,687,664.0113502070319
25136,0,cavalry_heavy,1514,1390.8355780529573
25137,2,cavalry_heavy,2247,2143.3918371375194
25139,0,cavalry_heavy,1835,1716.832238145651
25140,0,cavalry_light,747,702.4051439781184
25141,1,cavalry_standard,705,584.1811086864715
25143,2,general,294,318.5474767246745
25144,1,general,614,558.1223936692644
25148,3,general,521,441.9713510274283
25149,4,artillery_foot,996,1108.8365081401391
25150,3,general,215,229.84876118728133
25151,4,general,207,290.88093621160425
25152,0,general,365,378.8265463244371
25154,4,infantry_line,278,313.5256259883725
25155,2,infantry_line,426,444.5697492236376
25156,0,cavalry_light,541,508.78815365668925
25158,1,artillery_foot,730,690.1008068858995
25159,4,artillery_foot,926,860.0247021218217
25161,1,artillery_foot,464,382.447795180581
25163,2,general,731,595.7416614020512
25164,2,general,731,676.4632262154574
25165,2,general,329,265.0501513391153
25166,1,general,1043,1143.4298325698549
25167,4,general,1,1.0
25168,1,general,820,805.185973142122
25170,1,infantry_skirmishers,160,190.6986496792811
25171,2,cavalry_light,733,686.0451289487817
25172,0,general,306,364.8194527116275
25173,4,general,401,411.20450160638546
25175,3,general,570,468.8797606407939
25176,4,general,179,315.017196668719
25177,2,general,246,207.02567981240477
25178,3,general,276,266.0354762844203
25179,3,infantry_line,368,364.042599666267
25180,3,infantry_line,238,221.2813464734138
25181,3,infantry_line,375,367.7307976999892
25183,0,infantry_line,308,300.7530004265491
25185,1,infantry_line,383,402.75141204015097
25186,4,infantry_militia,310,297.0924086330662
25187,4,artillery_foot,385,416.02869228802126
25188,4,cavalry_light,399,383.28669441177533
25189,0,cavalry_light,521,525.2209862914234
25190,1,cavalry_standard,860,785.559497550119
25191,4,general,207,197.8167716042832
25194,3,general,61,117.6242705807265
25196,4,infantry_grenadiers,1239,733.3144731289647
25197,4,infantry_line,173,203.46258146486605
25198,1,infantry_line,164,199.32306887196054
25199,2,infantry_line,310,294.63304090215826
25200,4,infantry_line,386,372.72792370090804
25201,0,infantry_line,269,270.9659842566239
25202,2,infantry_line,256,350.93847893094653
25204,3,artillery_foot,311,271.501424111967
25205,0,general,343,320.6739065108736
25207,3,infantry_grenadiers,359,334.2144136580761
25209,3,infantry_line,338,340.2403141456077
25210,0,infantry_line,210,291.6204337354974
25211,1,infantry_line,635,639.4555719762373
25212,1,infantry_skirmishers,334,299.81328115599985
25213,2,general,1362,1242.2222385318198
25215,1,infantry_grenadiers,581,593.348882202541
25217,3,infantry_grenadiers,1406,1189.9868007235416
25218,2,general,427,641.6331067238724
25220,3,general,936,976.2928987616061
25222,2,general,415,399.98704673621063
25224,2,infantry_line,473,459.37783625021723
25225,0,infantry_line,462,565.4872496898456
25227,0,infantry_line,851,852.8823779496819
25228,1,infantry_militia,498,517.6641421603217
25229,0,infantry_militia,236,353.0790177763349
25230,0,infantry_militia,261,354.08426025485124
25231,2,infantry_militia,233,314.29159470734066
25232,0,infantry_militia,520,614.3784600354729
25233,2,infantry_militia,261,310.09555499153805
25234,3,infantry_militia,447,389.5908510775132
25235,4,infantry_skirmishers,420,538.6809035797601
25237,3,cavalry_light,378,405.00269837506585
25238,1,general,1662,1303.6948625716147
25239,3,general,304,325.08784083548966
25240,3,general,549,656.0854993892442
25241,2,general,543,615.2983784460004
25242,1,general,634,531.9085048523672
25243,1,general,145,225.92249156124493
25244,1,infantry_light,181,131.68156496184167
25245,0,infantry_light,493,414.9921425648178
25248,4,infantry_militia,614,857.560885835558
25249,3,infantry_militia,562,621.6396810382553
25250,2,infantry_militia,227,312.7062435254349
25251,3,infantry_militia,615,473.1493356044103
25252,0,infantry_skirmishers,177,305.74910900382866
25253,2,cavalry_light,461,460.01234902310733
25254,2,cavalry_light,459,463.3503832711239
25255,1,cavalry_standard,485,409.54026125756855
25256,0,general,1364,1598.9038040944254
25258,0,general,134,224.10527282979106
25259,4,infantry_line,226,241.892069773542
25261,2,infantry_line,1130,1144.3761131068998
25262,2,artillery_horse,184,212.68420348800905
25263,0,cavalry_light,423,421.17388255305383
25264,4,cavalry_light,727,701.921990357995
25266,2,general,596,553.160373299546
25267,0,infantry_light,428,364.2899914637904
25268,4,artillery_foot,377,274.7486526826065
25271,2,artillery_foot,292,227.99467782647977
25273,0,cavalry_standard,496,448.56951490352264
25274,1,general,318,311.1146563541728
25275,2,general,311,377.4306980396931
25276,0,infantry_militia,482,537.1481447168053
25278,1,infantry_skirmishers,345,310.48891791490564
25279,0,cavalry_standard,732,613.2057983064094
25280,0,cavalry_standard,430,430.3322517361999
25282,3,infantry_skirmishers,327,329.2739386064143
25284,2,infantry_light,261,273.9780489574703
25285,0,infantry_militia,212,299.44507988541335
25287,3,cavalry_light,900,814.3075985419039
25288,3,cavalry_standard,923,815.5553268694536
25289,4,cavalry_light,322,342.88460023795966
25290,4,infantry_militia,376,353.5334527921724
25292,4,infantry_militia,109,156.3285086679438
25293,0,infantry_militia,126,198.14591661522724
25294,0,infantry_militia,194,327.6418863134844
25296,1,general,462,265.72209929011257
25297,0,general,1257,1103.719035030736
25299,4,infantry_grenadiers,1409,1217.6873860686821
25300,0,artillery_foot,633,528.891158124028
25301,2,artillery_foot,446,400.69222967600837
25302,3,general,228,228.8911779300771
25303,4,general,323,287.85972590817715
25304,1,general,820,805.0151106960345
25307,3,general,228,228.8911779300771
25308,0,general,401,403.5105482171427
25309,4,infantry_grenadiers,332,164.15093958160313
25310,4,infantry_grenadiers,525,274.6879567700857
25312,4,infantry_skirmishers,721,402.84479689703517
25313,4,general,258,282.0129891373296
25315,0,general,1093,1090.5781978476368
25316,2,general,555,662.3067768731285
25318,0,general,1062,832.7232928358047
25319,1,general,503,382.42094018103916
25320,3,general,574,484.0621133135368
25321,0,infantry_grenadiers,670,753.150996530373
25322,4,infantry_grenadiers,1146,1236.3909415742557
25323,0,infantry_light,573,616.0165023646159
25324,0,infantry_light,1206,1094.0800090122443
25325,1,infantry_light,946,904.4048858623954
25326,2,infantry_line,283,361.6868884239076
25327,4,infantry_line,631,564.165775062134
25328,2,infantry_skirmishers,303,306.0837563445239
25329,4,artillery_foot,485,529.6040522805266
25330,0,general,233,202.34856774539315
25331,1,general,404,402.4040145352238
25332,2,general,640,620.019204803308
25333,1,general,1067,1025.8828529483403
25334,3,general,841,668.6969521654399
25336,0,general,562,501.59329917351954
25337,0,infantry_grenadiers,802,825.3239620477677
25338,0,infantry_grenadiers,367,393.6696180900482
25340,1,infantry_line,349,335.19280892536665
25341,4,infantry_line,723,706.6088799027882
25342,4,infantry_line,683,710.7020957535611
25343,1,infantry_line,963,913.5391830551928
25344,1,artillery_foot,530,420.0716701018249
25345,1,artillery_foot,680,606.9864486315826
25346,0,general,394,285.4445079029665
25347,0,infantry_grenadiers,808,714.06820436478
25348,1,cavalry_heavy,2498,2406.8320732435914
25349,4,cavalry_lancers,1601,1556.1906456118304
25350,1,general,2654,2605.84801110638
25351,4,general,87,97.47073484612268
25352,1,general,676,564.8681438200762
25353,0,general,247,286.1382230458439
25354,0,general,1439,1261.9712985243793
25355,4,general,445,461.82588335703696
25357,4,general,520,465.7901336420837
25358,4,infantry_grenadiers,870,939.6189082191386
25359,3,infantry_light,630,569.6544104194478
25360,2,infantry_light,344,381.4339047976998
25361,3,infantry_line,206,196.07314715371314
25362,3,infantry_line,585,561.4199652935371
25363,0,artillery_horse,1547,1558.3469723424957
25364,1,cavalry_light,1250,960.3444234453623
25365,0,cavalry_light,703,674.0899859501158
25366,3,general,87,194.35047002782883
25367,0,general,228,197.72144764347067
25368,3,general,49,103.95297013479784
25369,3,general,19,84.67624883797386
25370,0,general,599,543.6822506943698
25372,1,general,170,172.22528991332533
25373,1,general,186,158.81163599244536
25374,3,general,129,238.5947521736042
25376,0,general,1175,784.4887199481411
25377,3,infantry_grenadiers,470,668.8744369335658
25378,4,infantry_line,305,286.7874075471201
25379,3,infantry_line,241,250.28405389369104
25380,4,infantry_line,184,298.39341761966944
25381,0,infantry_line,132,165.42452331198805
25385,3,cavalry_light,661,672.8536395412693
25386,1,cavalry_light,854,840.1048737181402
25387,1,cavalry_light,372,385.9403743742747
25388,0,general,191,231.04461018474214
25389,4,general,523,478.24236151115974
25390,2,general,828,805.1831578057108
25391,1,cavalry_light,607,637.3528009078206
25394,0,general,720,549.7480841425087
25395,2,artillery_horse,1437,1433.331635253297
25396,2,general,1256,1245.7193740647724
25398,1,general,958,939.2749582019468
25399,3,general,266,267.04648666373714
25400,3,cavalry_lancers,1062,794.4732236963467
25401,3,general,644,608.4691540286537
25402,2,general,325,303.67116779650576
25403,2,general,919,765.765782420054
25404,3,general,144,164.20776405950596
25406,1,general,241,205.5695154234728
25408,3,infantry_line,287,274.3405274241991
25409,0,infantry_line,318,324.83113158572553
25410,3,infantry_line,189,198.2320977705307
25412,1,infantry_line,336,339.5119891709884
25413,0,infantry_line,756,776.6377658271789
25416,4,cavalry_lancers,910,792.220844462546
25418,2,general,114,147.17359141447216
25419,2,general,476,543.2291546790947
25421,2,infantry_light,626,707.7641932279107
25423,0,infantry_line,360,353.6325037609975
25424,2,infantry_line,326,356.5046832633467
25425,3,cavalry_lancers,1250,1020.7913011662205
25426,1,cavalry_lancers,727,731.4182093471474
25428,1,cavalry_lancers,1239,1331.1065052790877
25429,1,general,1092,1096.2083953970698
25430,4,artillery_horse,584,512.8554870549382
25431,1,general,460,398.5602465155837
25432,4,general,447,425.00042196001783
25433,2,general,227,215.17157154242432
25434,0,general,487,463.69942930159755
25435,4,general,295,385.53438106755476
25440,4,infantry_line,457,444.4585782774643
25441,4,infantry_line,551,557.9410476587469
25442,1,cavalry_light,524,495.9361937335079
25443,2,cavalry_light,1246,1383.602621087732
25445,3,general,129,184.96423914980255
25446,4,general,559,477.3798025680124
25447,0,general,163,169.0600988795044
25448,4,general,248,266.03168689841425
25449,2,general,1089,1150.0943871206525
25450,2,general,291,420.83291316869673
25451,2,infantry_light,366,493.96801111604947
25452,0,infantry_line,327,322.58246271771935
25454,4,infantry_line,292,280.49930836621076
25455,1,infantry_line,268,277.6260195255406
25456,0,infantry_line,351,309.77654143703336
25457,0,infantry_line,166,199.28473297489077
25459,3,cavalry_standard,452,524.8826127330193
25460,3,cavalry_standard,582,669.9396167579764
25461,1,general,421,485.1273407462301
25462,3,general,405,456.947581894658
25463,2,general,786,824.1327540417318
25464,2,infantry_grenadiers,699,716.4539484438407
25465,2,infantry_line,504,523.909741881624
25466,4,infantry_line,293,295.2012841982905
25467,3,cavalry_standard,709,758.6982983944387
25469,3,general,315,396.7411534097169
25470,4,infantry_grenadiers,386,454.83607748362226
25471,2,general,306,284.3919078111066
25473,1,general,634,602.0429053063289
25474,2,general,116,163.57227555353467
25475,4,infantry_line,461,468.3317434576655
25476,3,infantry_line,237,272.58315593222414
25477,4,infantry_line,304,291.60680797700223
25478,3,infantry_line,198,218.1912271493445
25479,0,cavalry_lancers,939,796.8980556555153
25481,2,cavalry_lancers,725,556.2521268692535
25482,4,general,398,371.0245014456726
25483,2,general,95,130.15171282788663
25484,1,general,76,132.55566554845478
25485,3,general,781,718.9068951114732
25486,1,general,175,283.74474804754954
25487,4,general,539,433.4886646947737
25488,1,general,589,402.6831636836423
25489,0,infantry_light,285,406.79869962424493
25490,4,infantry_line,503,482.8699059044837
25491,2,infantry_line,127,162.10862190479935
25492,1,infantry_line,202,204.74757188967902
25493,3,infantry_line,415,392.9833482627776
25495,2,cavalry_light,752,778.6539960437556
25496,1,general,591,576.4121691988117
25498,3,infantry_grenadiers,510,601.6316106307734
25500,3,cavalry_standard,362,456.14294874141007
25501,1,cavalry_standard,433,496.35295570015694
25502,0,cavalry_standard,1129,1111.6552932380707
25503,4,general,985,905.2691904701263
25504,1,general,277,265.94846236761776
25505,1,general,378,437.14447873248696
25506,3,general,233,337.38539421957745
25508,1,infantry_line,415,408.3095396501716
25509,3,infantry_line,336,326.64005392440976
25510,0,cavalry_standard,970,946.9645049550776
25511,2,cavalry_standard,1043,1039.8258602658939
25513,1,general,980,977.8828598588017
25514,4,infantry_irregulars,497,642.0538877599581
25516,3,cavalry_standard,618,622.5317263171596
25517,3,general,334,407.0589866118255
25518,1,infantry_grenadiers,436,466.83444499216006
25519,1,cavalry_light,599,632.8880786430183
25520,3,general,488,520.8622778911504
25521,4,general,218,235.52383623017516
25522,2,general,135,155.5254430157814
25524,1,general,281,267.38056469595483
25525,1,general,187,232.4251512599096
25526,4,general,320,323.71077145559985
25528,2,infantry_light,258,310.7439985878379
25529,0,infantry_light,192,226.89074066093985
25530,1,infantry_line,266,284.07379650587444
25532,3,infantry_line,384,397.563350976004
25533,1,infantry_line,351,352.4457323775549
25534,0,cavalry_standard,444,506.9576180830754
25537,1,general,681,715.5180469213866
25538,1,general,478,516.7210722562905
25539,1,general,527,620.913152898218
25540,0,infantry_grenadiers,728,793.2675317639417
25541,2,infantry_light,507,584.9009396937179
25542,1,infantry_line,422,410.93159048955164
25543,1,infantry_line,240,252.0594078938901
25544,0,infantry_line,455,473.8201909831243
25545,4,cavalry_lancers,733,697.0752279869334
25546,2,cavalry_lancers,852,806.0612180055439
25547,1,cavalry_light,421,424.29898532949335
25548,0,cavalry_heavy,1781,1641.2972564144418
25549,3,general,472,526.0092045209494
25550,1,general,382,454.8679849824774
25551,4,general,1527,1368.7251850517528
25552,0,general,283,389.60263884865014
25553,4,infantry_grenadiers,481,487.7841259565043
25555,4,infantry_light,301,428.60516715403185
25556,1,cavalry_lancers,749,707.6274393235165
25557,3,cavalry_lancers,716,692.4451979828407
25558,1,cavalry_lancers,1001,918.0705263402637
25560,4,general,833,820.9972696385097
25561,4,infantry_grenadiers,958,901.9179253711256
25562,4,artillery_horse,50,75.78857349220637
25563,2,artillery_foot,800,822.8602652241061
25564,3,artillery_foot,745,754.9812692072201
25565,0,artillery_foot,374,356.0538088904006
25566,3,artillery_foot,401,411.8250244265962
25567,1,artillery_foot,424,399.4831708961622
25568,4,artillery_foot,457,522.3075515133283
25569,1,artillery_foot,887,843.5940374998211
25570,0,artillery_horse,177,173.39816025311103
25571,4,artillery_horse,1785,1734.457687760427
25572,3,general,199,200.29519922203136
25573,0,general,1798,2077.3533084644187
25574,1,general,428,377.59548212104136
25575,0,general,1150,1136.7164544917682
25576,0,general,351,353.0920992802161
25578,2,infantry_skirmishers,277,235.562122680948
25579,3,infantry_skirmishers,319,244.51683192237763
25580,3,infantry_skirmishers,347,249.02156171727617
25581,2,artillery_foot,323,273.99594396719544
25582,4,artillery_foot,159,231.29211420225909
25583,1,artillery_foot,208,216.45722514233555
25584,2,artillery_foot,207,212.8993037644779
25586,2,artillery_horse,882,837.0733829676167
25589,2,cavalry_heavy,1168,1264.4746737789708
25590,4,cavalry_heavy,800,895.7500255088194
25591,4,cavalry_heavy,705,835.204188183961
25592,1,cavalry_lancers,305,338.73417752535835
25593,4,cavalry_light,349,365.2642508884194
25595,3,cavalry_standard,929,814.5574117709527
25596,4,cavalry_standard,924,819.6424501399733
25597,3,cavalry_standard,1684,1823.5356290231935
25601,1,general,661,790.2087913109938
25602,4,general,1,1.0
25604,4,general,1,1.0
25606,4,general,865,803.1573583716361
25607,3,general,199,200.26255873025508
25608,4,general,229,175.93862498676899
25609,4,general,1,1.0
25611,4,general,893,911.2980180082795
25614,2,infantry_grenadiers,552,538.1593057614882
25615,2,infantry_grenadiers,869,892.3464478844277
25616,4,infantry_grenadiers,790,649.3430344974142
25617,3,infantry_grenadiers,790,786.7885879123196
25618,1,infantry_grenadiers,862,830.6662527192402
25619,1,infantry_grenadiers,759,763.2783445420737
25620,1,infantry_grenadiers,1067,1123.53005059872
25621,2,infantry_grenadiers,325,354.8462827047081
25622,4,infantry_light,219,270.57246742652904
25623,1,infantry_light,184,228.8360966962262
25624,2,infantry_light,220,238.7534256080157
25625,1,infantry_light,307,333.8723984151072
25626,1,infantry_light,392,404.22088667992307
25627,1,infantry_light,410,409.7162911403695
25628,0,infantry_light,215,218.39426285369524
25629,1,infantry_light,641,725.7444642082105
25631,3,infantry_line,271,246.03988903941843
25632,1,infantry_line,269,266.5616470639266
25633,4,infantry_line,413,356.2736974502648
25634,2,infantry_line,200,231.2519798660724
25635,4,infantry_line,208,190.75925668875558
25636,0,infantry_line,133,194.9394360875561
25637,2,infantry_line,324,316.34738887559143
25638,2,infantry_line,225,255.99380047860365
25640,2,infantry_line,297,286.2253095726193
25641,0,infantry_line,346,309.2156363595503
25642,3,infantry_line,161,208.10547568477662
25643,0,infantry_line,372,328.77598002027645
25644,2,infantry_line,220,253.72222806054415
25645,0,infantry_line,290,244.21495578639556
25646,2,infantry_line,490,439.5949380655646
25647,4,infantry_line,134,182.38137620340453
25648,2,infantry_line,275,219.92225702605944
25649,0,infantry_line,239,231.94231969373666
25650,0,infantry_line,129,186.9851405826271
25651,0,infantry_line,258,281.7378627477698
25652,2,infantry_line,401,400.3519502315166
25653,3,infantry_line,650,686.8230421915068
25654,0,infantry_line,414,356.91840295402784
25655,0,infantry_line,523,465.5663417637278
25656,2,infantry_line,340,325.1183344751215
25657,2,infantry_line,589,598.131417283177
25660,4,infantry_line,535,558.1138733333604
25661,0,infantry_militia,393,227.15428796863313
25662,3,infantry_militia,104,149.8999774612295
25663,3,infantry_militia,109,77.80199944336029
25665,4,infantry_skirmishers,709,508.07718457001096
