row_id,fold,unit_class,base_mp_cost,pred
33,4,artillery_foot,435,394.38583730126794
34,1,artillery_foot,94,109.91556645367548
35,2,artillery_horse,747,699.9148786059365
36,4,cavalry_light,1352,1477.0447197758926
37,1,cavalry_light,1452,1716.9446052545193
38,2,cavalry_light,935,905.9489671337418
39,0,cavalry_light,701,632.9857638759348
41,4,general,1,1.0
42,0,general,807,758.2139590894625
44,0,general,351,352.1215808702463
46,3,general,199,200.64879135010105
47,1,general,718,708.2379840467103
49,3,general,1353,1614.8937714436508
50,1,general,1446,1683.331051511595
51,3,general,1308,1575.84529700856
52,1,general,544,520.1589799762564
53,0,infantry_light,968,935.0061149334056
54,4,infantry_light,668,642.6132534646389
56,1,infantry_light,914,820.2995101363191
58,0,infantry_line,424,400.82073829143104
60,2,infantry_line,688,718.3099132950061
61,0,infantry_line,1723,1290.8515965757708
62,1,infantry_line,427,444.44714421596296
63,1,infantry_line,544,552.3783829846216
64,2,infantry_line,496,476.1305792336648
65,1,infantry_line,785,829.5983247415448
66,4,infantry_line,528,481.0955516108837
67,2,infantry_line,605,633.428935061056
68,2,infantry_line,519,510.79074453909993
69,4,infantry_line,781,774.1715423991216
71,2,infantry_line,659,692.2198291868941
72,4,infantry_line,718,720.7115381187318
73,3,infantry_line,360,320.2672772029343
74,4,infantry_line,971,986.191738548229
75,1,infantry_line,832,853.7406222651274
79,3,infantry_line,537,518.8310022212073
80,3,infantry_line,640,640.1997167103311
81,3,infantry_line,1008,1068.4504655013263
82,1,infantry_line,592,603.5173973067027
83,2,infantry_skirmishers,538,543.5519989555796
84,3,infantry_skirmishers,235,238.69167608187905
86,1,artillery_foot,237,264.94884549477615
87,4,artillery_foot,284,271.6514411899985
89,2,artillery_horse,311,591.4204855850707
90,3,cavalry_heavy,1615,1623.2766550108743
91,3,cavalry_heavy,1249,1313.726764765874
92,0,cavalry_heavy,1478,1455.0159710205646
95,3,cavalry_lancers,516,513.497333964975
96,2,cavalry_light,890,933.4092400344323
98,0,cavalry_light,590,608.815875836948
99,4,cavalry_light,797,792.5779293618903
100,4,cavalry_light,756,729.39799909196
102,0,cavalry_standard,674,733.7141763658719
104,2,general,486,497.7838547889087
106,4,general,1,1.0
107,1,general,1647,1609.362197104728
108,4,general,1,1.0
109,3,general,228,229.0202367257293
110,4,general,639,683.1479716283823
113,0,general,401,401.96733122005963
114,1,general,158,207.8874324292307
116,0,general,46,79.96403611528122
118,3,general,327,338.6922712247259
119,3,general,827,838.8625309850077
120,2,general,429,477.6893683160186
121,2,infantry_grenadiers,748,697.4277468072971
122,3,infantry_grenadiers,512,489.0520671939232
123,2,infantry_grenadiers,558,551.9920596211219
124,1,infantry_grenadiers,263,243.01601269539432
125,0,infantry_grenadiers,629,780.8641862241503
126,1,infantry_grenadiers,496,582.3770141326042
127,1,infantry_grenadiers,588,587.8228291565874
128,3,infantry_grenadiers,758,830.754342508986
129,3,infantry_grenadiers,777,766.7822511527244
130,4,infantry_light,273,268.50106521327257
131,0,infantry_light,257,256.8354462251247
132,2,infantry_light,162,208.88904796639474
133,3,infantry_light,269,260.03727927139226
134,2,infantry_light,205,216.15513538505985
135,2,infantry_line,317,298.96731533991544
136,0,infantry_line,268,263.8858033684166
137,3,infantry_line,162,201.30299838848512
138,0,infantry_line,237,226.34978198177603
139,1,infantry_line,276,262.41142196265224
140,0,infantry_line,200,171.27969768900553
141,3,infantry_line,216,207.36525788491147
142,3,infantry_line,281,269.9484418628537
144,3,infantry_line,816,753.6258644501534
145,3,infantry_line,568,572.0292177422114
146,0,infantry_line,445,440.91640674680986
148,4,infantry_line,497,598.7679820189085
149,2,infantry_line,398,385.7850051917659
151,4,infantry_line,543,575.0620212811943
152,1,infantry_line,440,436.10129793551533
153,3,infantry_militia,318,152.70664198417435
154,1,infantry_militia,405,417.5292759463866
155,1,infantry_militia,121,125.49030195380907
156,0,infantry_militia,238,255.06898674413404
157,3,infantry_militia,89,124.04800907309576
158,4,infantry_militia,235,202.98981023086628
159,2,infantry_skirmishers,238,274.30013496193175
161,2,infantry_skirmishers,138,223.5727573410072
162,3,infantry_skirmishers,543,425.38556020404064
163,0,artillery_foot,477,424.71473114221243
166,0,artillery_horse,637,603.9324808496955
167,3,artillery_horse,583,609.2789060273527
168,4,cavalry_heavy,687,767.6915555128797
169,2,cavalry_heavy,830,810.7598666495094
170,2,cavalry_heavy,1056,1026.6823360478734
171,2,cavalry_heavy,688,703.0019543357197
172,3,cavalry_heavy,1264,1353.6816958924023
174,4,cavalry_heavy,1060,1114.2592079180909
175,3,cavalry_heavy,1222,1288.720496009394
176,2,cavalry_heavy,1469,1417.447137909003
177,4,cavalry_heavy,1240,1296.8198776553047
178,2,cavalry_heavy,1074,909.7223802783803
179,1,cavalry_heavy,990,856.6307870413054
180,4,cavalry_heavy,1166,1190.75472866598
181,4,cavalry_lancers,710,655.1019959621859
182,4,cavalry_light,228,255.1537607840594
183,2,cavalry_light,345,360.9741345627233
184,3,cavalry_light,498,486.7038150520374
185,1,cavalry_light,453,397.3396858649332
186,0,cavalry_light,316,346.1665052230155
187,1,cavalry_light,351,347.37290435460073
188,2,cavalry_light,776,614.7310956366968
189,1,cavalry_light,633,532.7766340491179
190,4,cavalry_light,254,282.1209605795137
191,0,cavalry_light,348,375.10340630768985
192,4,cavalry_light,270,307.23731442668804
193,3,cavalry_light,310,337.56350297907125
195,4,cavalry_light,326,359.6751914419855
196,0,cavalry_light,534,501.4924860097869
197,3,cavalry_light,914,865.558906881705
200,2,cavalry_light,318,344.60421390609133
201,3,cavalry_standard,970,928.3562275996865
202,4,cavalry_standard,1031,1052.964848722554
203,4,cavalry_standard,459,462.5783195640502
204,1,cavalry_standard,604,610.059236908228
205,2,cavalry_standard,782,750.0135925673133
206,2,cavalry_standard,565,572.2706102702424
208,3,cavalry_standard,490,495.0127315284287
209,2,general,823,818.3663626475934
210,4,general,1,1.0
211,1,general,638,635.2646393600795
212,3,general,534,467.9928142145392
214,3,general,177,178.6681815521259
215,2,general,467,466.15767657458963
219,0,general,312,314.1068767887604
220,2,general,1453,1436.6887797156994
221,1,general,554,517.3564608468956
222,0,general,925,1277.2223594337768
223,3,infantry_grenadiers,404,537.7006027058059
224,3,infantry_grenadiers,504,548.8477493466213
227,4,infantry_grenadiers,244,204.8587059312327
229,4,infantry_light,458,446.41578794364517
230,2,infantry_light,341,347.1726667151566
231,0,infantry_light,347,327.1701247527083
232,1,infantry_light,739,802.4670876202831
233,4,infantry_light,586,595.6411154758789
234,4,infantry_light,672,690.3012670519221
235,4,infantry_light,968,977.3647222712517
236,1,infantry_line,132,146.82623705019063
237,2,infantry_line,490,487.51819836261745
238,4,infantry_line,390,408.62156975618046
240,1,infantry_line,432,425.6915356698703
241,2,infantry_line,458,439.78696500014945
242,0,infantry_line,339,313.61948036541474
243,2,infantry_line,236,224.43198595869436
246,2,infantry_line,299,293.1607545140652
247,4,infantry_line,382,380.27879136297645
248,0,infantry_line,239,232.98381831132778
249,3,infantry_line,200,190.34391036520083
250,0,infantry_line,1013,806.3624262787166
251,0,infantry_line,199,192.50518011963104
255,3,infantry_line,679,650.9806763271498
256,1,infantry_line,332,317.70291114737734
257,4,infantry_line,298,290.3882401192292
259,2,infantry_line,205,274.49137947773613
262,4,infantry_line,730,756.8557930288695
264,1,infantry_line,500,503.19748782554035
265,3,infantry_line,562,583.4899820631897
266,0,infantry_line,723,760.0865568880832
267,1,infantry_line,659,641.0597549665019
269,2,infantry_line,778,815.919275301549
271,0,infantry_line,597,571.0270778850343
272,3,infantry_line,226,234.03807052698335
273,3,infantry_skirmishers,334,438.0361438057706
13392,1,artillery_foot,300,302.53244415419897
13393,1,artillery_foot,318,272.26696263521234
13394,0,artillery_foot,300,291.4889137593705
13395,1,artillery_foot,516,520.4633258142644
13397,4,artillery_horse,441,331.70084850986734
13399,1,cavalry_heavy,1735,1638.9981633267996
13400,2,cavalry_heavy,827,864.5501973181648
13401,2,cavalry_heavy,1370,1387.2062841849818
13402,3,cavalry_heavy,865,844.8085549970737
13403,1,cavalry_heavy,1327,1301.6907053083278
13404,2,cavalry_heavy,1863,1808.972974232014
13405,1,cavalry_heavy,874,845.352470738691
13406,3,cavalry_heavy,730,727.7729321042883
13408,2,cavalry_lancers,737,688.3044876767649
13409,0,cavalry_light,405,374.83196228067203
13410,0,cavalry_light,358,382.12328872710987
13411,4,cavalry_light,1564,1567.017041755195
13412,3,cavalry_light,1115,1035.438875246947
13414,1,cavalry_light,1452,1550.662022660894
13415,0,cavalry_light,663,685.1237863071684
13416,4,cavalry_light,679,652.6480384480058
13417,0,cavalry_light,704,692.9562104901024
13418,1,cavalry_light,1062,981.9832647274001
13419,2,cavalry_light,851,864.7371076703113
13420,0,cavalry_light,918,975.2408647213864
13422,0,cavalry_light,490,491.8121852735775
13423,0,cavalry_light,680,677.8253987089042
13424,0,cavalry_light,560,549.3822962128193
13425,3,cavalry_light,784,770.8202891517324
13428,2,cavalry_light,426,423.5852637074864
13429,0,cavalry_standard,641,599.6552095843708
13430,2,cavalry_standard,1011,1100.851500254003
13431,1,cavalry_standard,1251,1387.6798064463294
13432,3,cavalry_standard,958,814.7352555316984
13433,0,cavalry_standard,558,528.0956185395019
13434,3,cavalry_standard,844,904.5086087229946
13436,4,cavalry_standard,478,466.9969181833127
13437,0,cavalry_standard,621,557.7620175627849
13439,4,general,537,523.9046137060784
13440,1,general,727,696.4625843410695
13441,4,general,1,1.0
13443,0,general,1668,1578.4888880500312
13444,3,general,1091,960.695700246119
13445,4,general,1,1.0
13446,0,general,1368,1622.539522730389
13447,3,general,202,192.2272210435198
13448,2,general,480,450.3950723727902
13449,0,general,278,296.4390919354987
13450,1,general,611,492.2173382530948
13451,4,general,1,1.0
13452,1,general,1174,1389.1318409690991
13453,3,general,183,262.54800705686375
13454,3,general,383,352.16884868086026
13455,3,general,202,192.2272210435198
13456,1,general,352,317.77811975025054
13457,3,general,202,192.2272210435198
13462,0,general,133,117.59250209668501
13463,4,general,1,1.0
13465,1,general,1371,1439.6347708899852
13466,2,general,1340,1401.1313535182858
13467,4,infantry_grenadiers,878,937.143502216342
13468,1,infantry_grenadiers,777,753.7325891463263
13469,0,infantry_grenadiers,933,904.1885007807824
13471,3,infantry_grenadiers,1131,1089.0942039018423
13472,4,infantry_grenadiers,820,812.1564108033
13473,0,infantry_grenadiers,409,351.8684094849991
13474,0,infantry_grenadiers,908,897.117531403287
13475,2,infantry_grenadiers,1281,1251.4427413330811
13477,0,infantry_grenadiers,1279,1229.3664158781164
13478,0,infantry_irregulars,319,278.24557636990556
13480,0,infantry_irregulars,504,513.7062418086075
13481,0,infantry_irregulars,343,370.89137013924915
13482,2,infantry_irregulars,489,457.08731591183545
13483,2,infantry_irregulars,603,638.4513662042137
13484,4,infantry_irregulars,327,175.1455735139088
13485,0,infantry_irregulars,128,191.1281211287569
13486,4,infantry_irregulars,730,663.0308476712903
13487,0,infantry_irregulars,403,1069.4911737402506
13488,1,infantry_irregulars,513,633.9127788109017
13489,4,infantry_irregulars,296,270.16145934489134
13490,3,infantry_irregulars,457,531.899944691036
13491,3,infantry_light,374,305.95144630341196
13494,1,infantry_light,266,300.58124166953706
13495,0,infantry_light,243,266.9156365405215
13496,4,infantry_light,283,309.13291393760056
13497,3,infantry_light,221,232.7815376467943
13498,4,infantry_light,484,397.2556004593053
13499,3,infantry_light,390,354.18860084204505
13500,4,infantry_light,526,455.22707360751696
13502,0,infantry_line,513,395.6844496575169
13503,2,infantry_line,268,321.951453549315
13504,4,infantry_line,297,274.7276510816616
13505,0,infantry_line,481,417.536842499379
13506,1,infantry_line,220,253.81919888131338
13507,4,infantry_line,206,270.0576857120662
13508,2,infantry_line,218,296.1820807208053
13509,1,infantry_line,311,275.70950806867927
13510,4,infantry_line,596,502.30117275097075
13511,4,infantry_line,250,239.03166802849927
13512,0,infantry_line,202,165.79837377279898
13513,1,infantry_line,374,366.28886276050457
13514,0,infantry_line,246,271.7582222357433
13516,1,infantry_line,368,334.25678380765413
13518,2,infantry_line,202,197.12428994971884
13519,2,infantry_line,271,252.58591862578706
13520,0,infantry_line,155,181.86688929277307
13521,0,infantry_line,230,229.40945248542397
13522,2,infantry_line,173,224.70985960905188
13523,1,infantry_line,174,192.40648889573035
13524,4,infantry_line,182,208.74355575359778
13525,0,infantry_line,269,241.864188456751
13526,2,infantry_line,261,220.68920391480137
13527,2,infantry_line,312,357.8350981864244
13528,2,infantry_line,233,300.9240661106088
13529,4,infantry_line,476,431.88709381393005
13530,1,infantry_line,325,309.80901390571904
13531,3,infantry_line,550,498.8725400362688
13533,0,infantry_line,332,332.3793605555299
13534,4,infantry_line,392,393.3375521471648
13535,4,infantry_line,695,658.1786278340275
13536,0,infantry_line,765,707.4079407135316
13537,0,infantry_line,958,898.2628541227878
13538,3,infantry_line,578,550.9613873409043
13539,4,infantry_line,313,297.7462929227186
13543,1,infantry_militia,244,89.06612763434845
13544,3,infantry_skirmishers,256,320.5350559128774
13545,0,infantry_skirmishers,177,196.55816200991862
13546,1,infantry_skirmishers,692,485.81222297535595
13547,1,infantry_skirmishers,306,263.6422087648329
13548,1,infantry_skirmishers,236,191.67977370823303
13551,3,general,444,604.206097885581
13552,3,general,292,268.50558768882945
13553,2,general,890,967.5525364540842
13554,0,general,388,345.98977219700726
13557,1,general,365,338.58319858085173
13558,3,general,453,462.70009816397265
13560,0,general,1015,1255.1762359692352
13561,3,infantry_light,505,498.10976123105604
13562,4,infantry_light,947,1009.3656772644422
13563,1,infantry_line,187,214.57607095038344
13564,4,infantry_line,345,330.18130806606695
13565,3,infantry_line,363,339.5193026116159
13566,4,infantry_line,339,334.43819040950694
13567,3,infantry_skirmishers,452,494.6215539545082
13568,2,general,252,209.78803485970053
13569,4,general,179,159.27799782994057
13571,3,general,332,305.0337991511458
13572,0,general,456,464.3129295680713
13573,2,general,187,219.04722183782454
13575,3,general,854,892.6859911068481
13576,0,infantry_light,303,332.120163099486
13577,2,infantry_line,242,217.65464718241773
13578,0,infantry_line,375,378.0307530234714
13581,3,infantry_line,442,418.61245677690744
13582,1,general,273,251.78135917836266
13583,4,general,149,143.2075724076391
13584,4,general,416,405.43481465887794
13585,2,infantry_grenadiers,482,487.94047810558783
13586,0,infantry_line,334,321.6451183391887
13587,0,infantry_line,249,231.59041687202426
13590,1,general,275,236.15226520193943
13591,3,general,524,550.2167140171878
13592,1,general,618,701.310512911483
13593,0,general,684,724.9782887380991
13594,0,general,419,407.6287417903991
13595,4,general,1025,1082.101115092281
13596,2,general,710,750.6679244263473
13597,4,general,403,504.8750205783341
13599,3,infantry_grenadiers,626,661.4109297419116
13600,4,infantry_light,280,282.0529134526332
13602,4,infantry_light,410,393.38257461598374
13603,1,infantry_line,121,125.24254400367286
13604,3,infantry_line,582,620.6605148219297
13605,1,infantry_line,494,526.9111852503603
13606,1,infantry_line,398,458.09902081692593
13607,3,general,301,267.2199670825864
13610,3,general,429,379.0398205058514
13612,2,general,57,81.65838984059762
13613,1,general,194,171.5684286341582
13614,4,general,237,196.22528934133302
13615,4,infantry_light,450,401.20472401268563
13617,2,infantry_line,297,280.67877094153744
13618,0,infantry_line,205,231.0664128873914
13623,1,general,101,144.71336948048796
13624,1,infantry_line,286,291.9787934892973
13626,4,cavalry_heavy,905,901.4888454196903
13627,0,cavalry_heavy,1351,1298.0555936899277
13629,4,general,723,732.3921643459889
13631,3,general,74,118.72729313024689
13632,4,general,1127,1073.7902634548052
13633,4,general,266,230.0670179869342
13634,2,general,287,297.2002879635067
13635,1,general,632,656.6298237277865
13636,3,infantry_light,359,372.51014776243665
13637,4,infantry_line,370,372.613422267317
13639,2,infantry_line,259,248.19793074913676
13640,4,infantry_line,153,170.9909200797697
13641,1,infantry_line,694,698.6444027031883
13642,0,cavalry_light,402,389.1040931471293
13643,3,cavalry_light,541,489.4517034008113
13644,2,cavalry_light,784,766.2894505249309
13648,4,general,306,279.2748407193275
13649,2,general,562,458.3795267645835
13651,1,general,521,532.7289528656866
13653,2,general,432,421.40979686745845
13654,3,general,514,475.91289436808887
13655,3,infantry_line,283,274.99087615937435
13660,4,general,468,374.27072630265906
13662,2,general,200,188.3803919132333
13664,3,general,540,494.27489670813964
13665,0,general,793,750.7630832690745
13666,4,general,456,408.8242517440646
13667,2,infantry_light,577,607.0671703956236
13668,2,infantry_line,305,307.16442491740935
13669,2,infantry_line,456,361.2353239453675
13671,2,general,273,264.0713170733743
13673,2,general,216,207.61280532344037
13675,0,general,255,275.2370126139414
13676,3,general,61,79.38545124231783
13677,2,infantry_light,444,433.288285633506
13678,4,infantry_light,324,304.9141834450742
13679,4,infantry_line,165,147.55203183679333
13680,1,infantry_line,328,329.08584395298504
13681,3,infantry_line,339,338.00847027600037
13682,3,infantry_line,199,187.54621041802753
13684,4,general,473,397.15302802473593
13685,2,general,594,751.7859803805344
13686,3,general,627,723.7663613296195
13687,0,general,855,942.5467200819969
13688,3,infantry_grenadiers,293,323.4819748688751
13689,4,infantry_grenadiers,725,917.6704699258294
13690,3,infantry_light,799,845.8843027461907
13692,1,infantry_line,186,178.12314021291883
13693,2,infantry_line,586,633.3721278454739
13694,1,cavalry_heavy,1408,1474.8135083314924
13696,3,general,1556,1628.4259641019562
13697,4,general,1067,1191.702636081792
13698,4,artillery_foot,97,143.77800717439212
13699,3,general,46,149.83170448852152
13700,4,cavalry_light,319,339.97410239983236
13701,4,cavalry_light,370,372.119474263257
13702,1,general,245,260.0579767051942
13704,1,general,181,228.12986019482236
13706,1,infantry_light,488,455.2953443595141
13707,1,infantry_line,116,150.85388144003633
13708,0,cavalry_light,768,738.5095414711238
13710,0,general,432,468.5726342379509
13711,4,general,440,470.10800537750356
13712,0,general,513,543.8157710814488
13713,4,infantry_line,376,374.8298023740412
13714,1,infantry_line,477,505.9056760072719
13715,3,general,569,536.8364643263684
13716,0,infantry_line,665,625.6883305483587
13717,3,general,427,333.61089486277325
13718,2,infantry_line,286,263.875380735067
13719,1,general,582,669.5795894708236
13722,1,cavalry_heavy,599,606.6752202460951
13725,1,cavalry_light,896,936.2463621859387
13726,1,cavalry_light,543,516.2937213280578
13728,1,general,836,945.5633413899191
13729,0,artillery_foot,421,390.9217760816297
13730,0,artillery_foot,454,429.32816021542993
13732,0,artillery_foot,332,344.60624990219554
13733,1,artillery_foot,412,410.1188777070015
13734,2,artillery_foot,689,565.0361382492978
13735,4,artillery_foot,325,374.32842026604635
13737,3,artillery_horse,606,574.40729409463
13738,2,general,789,796.3680494165537
13741,0,general,978,986.7164037811757
13742,2,general,789,796.3680494165537
13743,0,general,299,304.9433174218116
13744,2,general,1391,1398.0694873862128
13745,3,infantry_grenadiers,265,180.52839290816468
13746,2,infantry_line,253,200.82254208783417
13747,0,infantry_skirmishers,217,210.32941842272902
13748,1,general,453,440.4030501591648
13749,0,general,341,311.4266055943029
13751,0,general,203,251.12570446291147
13752,4,general,950,847.259590814274
13753,2,general,640,607.5975533557853
13754,0,general,576,649.3914736624059
13755,3,general,453,389.5186289192013
13756,3,infantry_grenadiers,515,632.2842769110939
13757,3,infantry_light,315,325.06431698360274
13758,2,infantry_light,760,783.6558035280367
13759,0,infantry_light,691,679.6489728451385
13760,1,infantry_line,365,370.50328817151075
13761,4,infantry_line,1072,1028.8540568255376
13762,4,infantry_line,279,341.960752585653
13763,3,infantry_line,316,329.00664671829384
13764,0,infantry_line,567,553.7485315546714
13765,0,cavalry_light,263,280.5643664148291
13769,3,general,121,183.8824187954226
13771,2,general,724,731.1115814143468
13772,0,general,734,859.0800554329594
13773,4,general,489,487.2424201752238
13774,2,infantry_grenadiers,316,407.4256921580474
13775,1,infantry_line,294,296.93690389044644
13777,0,infantry_line,784,857.7181501640442
13778,0,infantry_line,460,465.43335685842027
13779,2,infantry_line,832,971.4110747605743
13780,0,infantry_line,556,491.32149638465285
13781,1,cavalry_heavy,747,755.4225560271484
13782,3,cavalry_heavy,1123,1103.8129494973484
13783,2,cavalry_light,450,430.6780629080155
13784,4,cavalry_light,738,729.8016919232424
13786,1,cavalry_light,609,566.1285673233749
13787,2,general,1052,1014.8161986825432
13788,3,general,507,486.72890916478906
13789,2,general,585,562.3965424885401
13790,3,general,352,324.5142620139281
13791,2,general,698,664.684089890528
13792,2,general,401,356.91100408156444
13793,4,cavalry_heavy,1230,1230.6989633495116
13794,1,general,1025,1000.0718920381515
13795,2,general,629,553.4073141051555
13796,3,general,407,421.5193030953197
13797,2,general,244,229.64831731890334
13799,1,general,156,166.60181103110642
13800,0,general,311,312.72908507976985
13801,4,general,362,341.5894355932207
13802,0,general,727,766.778262550495
13803,0,general,441,370.3097881596852
13804,3,general,1010,1326.5111169813615
13806,4,infantry_grenadiers,549,471.1482650385783
13808,2,infantry_light,348,359.6163192918311
13809,3,infantry_line,295,304.4300354176071
13810,0,infantry_line,344,354.6254520880752
13811,3,infantry_line,248,261.67909023658996
13812,4,infantry_line,569,538.2162506156388
13813,4,infantry_line,654,643.8901203633029
13814,0,infantry_line,1048,1160.2469040001085
13815,3,cavalry_heavy,1514,1521.8322024292988
13816,4,cavalry_light,332,326.9750520128337
13817,1,cavalry_light,735,618.6084082407211
13818,1,cavalry_light,333,333.50751745732384
13820,2,general,212,224.1516131621154
13822,3,general,758,747.0427517713854
13824,4,general,680,698.0730357370511
13825,2,general,691,735.4979869871485
13826,2,general,241,221.97551396809985
13828,2,infantry_line,332,332.2831930048701
13829,3,infantry_line,571,579.8242204413714
13830,2,infantry_line,723,722.9742394195374
13831,2,cavalry_light,277,308.64334791368765
13832,1,cavalry_light,484,451.354323401476
13834,3,general,307,341.6329947346217
13838,0,general,560,567.632149395653
13840,1,general,570,589.3792746693113
13841,0,general,266,240.59343465104453
13842,0,general,713,735.7710096388146
13843,4,general,409,370.25497526865746
13844,3,infantry_line,218,235.40147825134764
13847,2,infantry_line,258,250.4327104774046
13849,0,infantry_line,437,463.2072297578505
13850,4,infantry_line,587,551.0445557191741
13852,4,cavalry_light,740,827.5925665922726
13853,2,cavalry_light,339,364.016745888417
13854,0,cavalry_standard,1062,1055.743139261224
13855,2,general,656,756.9611598750137
13856,3,general,920,888.317112287555
13859,2,cavalry_heavy,1357,1395.9954331121025
13860,4,cavalry_light,450,417.5233915846022
13861,1,cavalry_standard,512,497.5545697799179
13862,3,general,1198,1260.004402772578
13863,3,general,356,335.5549505378297
13864,1,general,378,373.2633678078567
13865,3,general,497,467.1832748823866
13866,0,general,282,248.14298588703775
13867,4,infantry_line,388,388.31627247261144
13868,1,infantry_line,329,340.57194361323405
13871,2,cavalry_heavy,1402,1381.3571534953503
13873,2,cavalry_heavy,1471,1404.1770364693498
13874,4,cavalry_heavy,1199,1212.111955433329
13875,0,cavalry_light,516,478.4401939935228
13877,1,general,1225,1173.6617526620453
13878,2,general,1294,1193.2624576349413
13881,1,general,1093,986.3222176458147
13882,4,infantry_line,694,696.3000748966588
13883,0,cavalry_heavy,1463,1481.935778372306
13884,4,cavalry_heavy,1282,1354.7261139490538
13887,1,general,1074,1136.0615159217907
13888,3,general,1141,1181.6514679231534
13889,3,general,1462,1484.4940298012752
13890,2,general,1292,1284.5350914428227
13891,1,cavalry_light,330,332.2174329971293
13892,1,cavalry_standard,689,712.4511862192711
13893,0,general,318,293.7838832846558
13894,0,general,679,688.0566404764004
13896,2,infantry_line,329,331.2114145978343
13897,2,general,227,215.04782184118488
13898,4,general,188,176.05647168071397
13899,4,infantry_line,251,268.7057461269806
13900,4,infantry_line,322,323.3592359778189
13901,1,infantry_line,214,212.52883025894994
13902,2,cavalry_light,476,527.6435739956406
13903,1,general,520,492.57324398843895
13905,3,general,307,239.19701919313823
13906,3,general,343,291.92153635776754
13909,4,general,262,226.68532791621413
13910,3,infantry_line,355,346.5915842018444
13911,4,artillery_foot,826,798.980289858309
13913,2,artillery_foot,486,437.00591371298896
13914,3,artillery_foot,326,323.00311020847255
13915,2,artillery_foot,69,86.06694475527081
13917,1,artillery_foot,734,695.9914803501265
13918,4,artillery_foot,77,89.07540746222588
13919,2,artillery_foot,407,383.3257044237864
13921,2,artillery_horse,624,644.8269747986989
13922,0,general,312,313.02830949931
13924,0,general,863,835.7800648901051
13925,1,general,638,629.6864398260877
13926,3,general,177,178.33224494486154
13927,4,general,1023,796.3273143545308
13928,0,infantry_line,201,186.22771407016606
13930,4,infantry_skirmishers,189,164.53359132341427
13931,0,infantry_skirmishers,239,269.95013991520756
13932,0,infantry_skirmishers,195,221.987859908305
13933,1,artillery_horse,1111,974.4869799675294
13934,4,cavalry_light,1015,933.3717912439658
13936,4,general,848,845.428305029574
13937,4,artillery_foot,537,545.3117687671514
13938,0,general,405,386.49868139036096
13939,0,general,747,633.8006879727014
13941,0,infantry_light,466,541.053271107894
13943,3,cavalry_light,616,578.720592942562
13944,1,general,399,320.75382910398383
13947,1,general,431,421.2773480631784
13948,4,infantry_light,844,839.8929363226247
13950,4,general,772,750.9057793976411
13951,4,infantry_grenadiers,547,728.4715057698429
13952,3,infantry_line,702,744.4975312546412
13953,0,general,1197,2540.4597986638555
13954,1,infantry_militia,737,750.048684845376
13956,4,infantry_militia,492,393.757772411029
13957,4,infantry_skirmishers,329,296.94036486443
13958,4,general,299,215.16269008531765
13959,0,general,557,511.53195443888853
13960,1,infantry_militia,405,358.52132556154095
13961,0,infantry_skirmishers,576,578.8510500128014
13963,0,general,563,566.3847366966882
13964,4,general,459,422.66129294389657
13969,4,infantry_line,442,498.3860936362846
13970,0,general,223,210.11612921546626
13972,0,general,561,673.3038909429363
13974,4,infantry_line,538,630.1717567270955
13975,1,general,237,231.6353678389001
13977,2,general,614,520.5975429344834
13979,0,infantry_line,349,376.8044450647371
13980,0,infantry_line,432,432.81138295326707
13981,0,general,144,140.21515997291596
13983,4,general,395,360.3842556578558
13984,2,infantry_line,248,249.14153942918693
13985,4,infantry_line,456,472.21755696740536
13986,3,cavalry_light,373,446.9808078687081
13989,0,general,1036,1137.347070028547
13990,0,infantry_skirmishers,270,237.25270311553572
13991,1,artillery_horse,848,703.0223294781716
13992,1,cavalry_light,598,573.8251929191977
13993,0,cavalry_light,629,602.1455130177444
13994,4,general,503,482.89701307427214
13995,2,general,606,579.7804013449525
13997,3,general,382,353.8996719865626
13998,3,general,479,419.4885409527946
13999,4,general,393,336.3796395926356
14000,2,infantry_line,563,436.79396909082584
14001,0,infantry_line,451,448.3550665317985
14002,3,general,158,166.3637143664059
14003,4,general,279,264.2413923938239
14004,1,general,395,406.02424341785365
14005,0,infantry_line,260,270.05175974506204
14006,2,infantry_line,391,406.68726927576927
14007,2,artillery_foot,394,399.6311353402563
14008,0,general,162,167.36926954973708
14010,1,cavalry_standard,635,620.4220228405451
14011,3,general,436,389.3056091102087
14012,1,general,673,672.4220190854769
14013,4,general,218,194.64948295205176
14014,2,general,494,455.96327717822334
14015,2,infantry_grenadiers,628,634.5784426061963
14018,1,infantry_line,285,254.21729939834438
14020,0,general,125,136.1090499743659
14021,4,general,76,103.13943791716501
14023,0,infantry_line,172,176.59632594805987
14024,3,infantry_line,173,171.36120681609952
14025,4,artillery_foot,423,497.1429964149367
14026,4,artillery_horse,86,108.93336305891216
14027,2,general,348,384.26337017581807
14028,3,cavalry_light,386,442.9019290554197
14029,0,general,335,359.4181466230581
14030,3,general,118,125.82246461073841
14031,4,general,411,417.54412475409197
14032,0,general,666,693.0270688773257
14033,0,infantry_grenadiers,777,845.6687707257224
14034,2,infantry_light,379,419.5608409271638
14035,0,infantry_line,226,221.8344779019352
14036,3,general,74,92.97571012935423
14037,0,general,177,165.23808549896825
14038,1,general,223,227.49375517613257
14040,0,infantry_grenadiers,675,748.403471358073
14041,4,infantry_light,281,284.7560835421803
14042,2,infantry_line,190,188.94490566545636
14043,1,infantry_line,184,169.03136744040572
14045,1,cavalry_heavy,994,985.3432790053193
14046,3,general,790,792.6918034531673
14047,2,general,1225,1220.5745650794747
14048,1,general,1283,1250.9295533639972
14049,2,general,601,602.6858616888379
14050,1,artillery_foot,412,404.0155769175339
14052,1,cavalry_light,611,591.2897318477502
14053,2,general,787,714.4437297839605
14054,4,general,1049,985.8294360691139
14055,1,general,729,646.6609216029002
14056,2,general,254,203.63014982434615
14057,4,general,287,287.9103415479753
14058,0,general,556,500.5686285578711
14059,1,general,788,822.7670114825308
14060,1,infantry_grenadiers,1110,1071.8823080034445
14061,3,infantry_grenadiers,628,573.0551215666885
14062,1,infantry_grenadiers,233,351.04677670080764
14063,1,infantry_grenadiers,314,386.62483888176314
14064,2,infantry_grenadiers,700,702.5390292323859
14065,0,infantry_grenadiers,683,649.6644792765181
14066,3,infantry_line,347,302.33196349501816
14067,0,infantry_line,328,384.9382369520597
14068,1,general,348,318.63937334932723
14069,1,general,499,439.50493920404165
14070,3,general,371,434.6533474037942
14071,2,general,647,744.8980643461804
14075,0,general,520,398.58399849634543
14076,1,general,1338,1603.302540581163
14077,4,general,966,1847.384990897813
14078,2,general,324,296.958766252794
14079,2,infantry_grenadiers,933,1020.1725442890098
14081,1,infantry_light,370,408.19603958367986
14082,0,infantry_light,417,399.7702990315675
14083,2,infantry_line,658,620.8439966610921
14084,4,infantry_line,843,1044.7392705785162
14086,1,infantry_line,625,569.0493875648916
14087,0,infantry_line,557,643.9796909621923
14088,2,infantry_line,386,370.49508954807857
14089,2,general,487,431.1654625613218
14090,4,general,1064,1178.1228345455543
14091,2,general,984,989.7281282037794
14092,2,general,831,783.0031817000425
14093,2,general,337,294.4222445294319
14094,4,general,570,575.2810006495351
14095,0,general,1069,995.4894711564634
14096,2,general,647,614.167196274478
14098,2,infantry_grenadiers,698,697.0133700737641
14099,1,infantry_light,583,567.5207705820401
14103,0,infantry_line,618,612.0749406041738
14104,3,cavalry_light,1360,1446.434055720045
14105,0,general,1533,1648.190546835977
14106,3,general,375,341.41737031653093
14109,1,general,452,418.7240271953361
14111,3,general,836,954.1159260978818
14112,3,general,627,690.7114265566407
14113,3,infantry_light,525,553.1416500369834
14114,1,infantry_light,837,832.8165714209748
14115,3,infantry_line,409,385.0074478202407
14116,3,infantry_line,416,399.83988940987734
14117,0,infantry_line,636,637.8233581256945
14118,0,infantry_line,400,390.5850951703683
14119,0,general,335,370.22436949458233
14120,3,infantry_militia,376,379.0582569257453
14121,1,cavalry_light,319,310.51140874414716
14122,0,cavalry_standard,696,658.9387669282148
14123,1,general,588,539.8837569072922
14124,4,infantry_irregulars,287,172.67264142644547
14125,0,infantry_skirmishers,403,322.92951238560374
14127,1,cavalry_standard,534,803.5094681131185
14128,2,general,394,598.5737967104385
14129,0,general,1022,1071.1708722306
14130,2,general,1,105.23693149143962
14131,4,infantry_militia,100,162.95764283959127
14133,1,cavalry_light,319,310.51140874414716
14134,2,cavalry_standard,1381,1566.2138870436393
14136,4,cavalry_standard,528,464.2531726243675
14137,2,cavalry_standard,1089,1147.9839286642773
14138,0,general,1014,1044.1004475002462
14139,3,general,1390,1563.3136171872382
14140,4,general,495,462.57255067465104
14141,4,general,595,478.6026747050994
14142,4,infantry_irregulars,271,262.90531618062994
14143,0,artillery_foot,346,347.0348505361039
14144,3,artillery_foot,804,790.9666511648837
14145,2,artillery_foot,796,788.3723568698714
14146,0,artillery_foot,316,306.93823484238146
14147,1,artillery_foot,1379,1735.8585919952843
14148,3,artillery_foot,1457,1185.218576821625
14150,2,general,1729,1864.1931485302068
14151,4,general,1284,1331.3351368405702
14153,0,general,1076,1108.058126646442
14155,2,general,1529,1568.661468681938
14156,4,general,778,671.9068154934512
14157,4,infantry_grenadiers,322,267.78798785475266
14158,1,infantry_skirmishers,230,286.59388575771953
14159,1,infantry_skirmishers,230,286.59388575771953
14160,1,infantry_skirmishers,210,205.40365783434123
14161,0,cavalry_heavy,1203,1134.7701886805041
14162,2,cavalry_heavy,1118,1127.0952952917414
14163,1,cavalry_light,423,402.239974434904
14164,2,cavalry_light,352,343.1773392867256
14165,3,cavalry_light,554,547.8407097362422
14166,0,cavalry_light,641,559.2780385986724
14167,3,general,321,314.88905666259785
14168,4,general,994,934.4387981753985
14169,3,general,127,206.74965934768719
14171,0,general,523,441.8733894016001
14173,3,general,441,429.9377003015753
14174,2,general,981,1018.7527262914192
14175,0,general,1189,1296.44745406333
14176,4,infantry_grenadiers,382,446.76458784669666
14177,1,infantry_grenadiers,1029,1005.2520010139701
14178,3,infantry_light,243,307.14866326944525
14179,1,infantry_line,409,377.66872081352574
14180,1,cavalry_heavy,1149,1167.022423718308
14181,2,cavalry_heavy,1464,1547.757071202971
14182,2,cavalry_light,364,370.5913137004629
14183,0,cavalry_light,336,332.8576326583814
14184,4,cavalry_light,878,910.3861324709118
14185,1,general,1073,1061.3735009578072
14186,4,general,209,240.32863178637922
14187,4,general,799,873.051430332168
14189,0,general,1463,1561.0140358802525
14190,3,general,298,263.2666128467058
14191,3,general,702,712.6712916875936
14194,3,infantry_light,822,942.240327315332
14195,2,infantry_line,246,227.68400362682863
14196,1,infantry_line,442,378.560429910234
14198,1,cavalry_heavy,1469,1476.350951767928
14199,2,general,1242,1272.8078747586646
14201,4,general,553,537.7002514210342
14203,2,general,1565,1732.901164718462
14204,0,infantry_grenadiers,429,486.65299147589224
14205,0,infantry_grenadiers,604,566.3233809730765
14206,2,infantry_line,565,587.1417378065006
14207,0,cavalry_heavy,752,646.457130540321
14208,1,general,639,517.7243931071096
14209,3,cavalry_heavy,1789,1856.0296827568873
14211,0,cavalry_heavy,2239,2356.52927442384
14212,1,general,1870,1966.0882217169622
14213,0,general,928,968.7799564287933
14219,0,cavalry_standard,406,394.7584784219142
14221,1,general,885,906.0433412733539
14222,2,general,820,899.8145364387466
14223,2,general,1040,1060.907363549981
14224,4,general,1233,1496.20205850481
14225,4,general,399,377.160356896517
14226,3,general,1262,1281.117178240853
14228,1,general,786,796.3690517100546
14229,1,general,345,330.9818847033763
14230,1,infantry_light,570,518.6262095476218
14231,1,infantry_light,404,380.38354556993386
14232,2,artillery_horse,569,507.2598100601369
14233,2,cavalry_standard,701,719.730383547657
14234,2,general,577,587.513960687143
14235,2,general,46,92.9674179967773
14236,4,general,644,688.5171531480424
14238,1,general,546,580.4129045544668
14239,0,general,604,681.712125351963
14240,4,infantry_line,125,132.35458846782612
14241,0,infantry_line,466,443.5515802880692
14242,1,infantry_line,461,442.83021048701784
14243,3,infantry_line,504,517.2107346820435
14244,1,general,332,322.7129964586128
14245,0,general,414,418.59094284427675
14246,4,general,321,380.33493821052605
14248,0,general,409,469.26420471951815
14249,1,general,361,362.4399528497435
14251,4,infantry_grenadiers,380,424.27709096892175
14252,4,infantry_line,186,174.80744093913415
14253,0,infantry_line,385,386.97259966296104
14255,3,infantry_line,327,340.5416910785027
14256,3,cavalry_light,346,340.9702407106508
14257,4,cavalry_light,558,547.3239290226127
14258,0,general,296,305.77943759014516
14259,3,general,414,383.72069375610624
14260,2,general,555,513.284105314343
14261,4,general,508,431.18824631342324
14262,4,infantry_light,392,338.5313945992314
14263,0,infantry_light,489,403.4084932786798
14264,3,general,228,278.94589135198385
14265,2,general,232,214.33518469654155
14266,0,general,230,220.13986698949734
14267,0,general,269,362.40228353061593
14268,4,general,553,651.5548662978005
14269,3,infantry_grenadiers,343,346.4269295251757
14270,1,infantry_grenadiers,743,685.6504346335291
14271,1,infantry_line,291,273.55782127360237
14272,4,infantry_line,290,277.71263377729343
14273,0,infantry_line,338,402.2244275254136
14274,3,infantry_line,602,680.3370137207813
14275,0,general,374,372.5136177138531
14276,0,general,220,229.06752501381277
14277,2,general,797,774.662311734087
14279,3,general,584,605.8554898698408
14280,3,general,363,369.0420410071804
14281,2,infantry_grenadiers,623,568.7842800832192
14282,1,infantry_line,358,337.70781951789644
14284,4,infantry_line,661,731.1585590970639
14285,2,infantry_line,423,416.25257145227437
14286,2,general,415,388.04158523271326
14287,4,general,274,317.06068055178247
14288,4,infantry_light,463,416.0858996176891
14289,0,infantry_light,134,146.72653827444591
14290,1,infantry_light,350,384.5073428247105
14292,3,cavalry_standard,515,512.6470802491417
14293,1,general,390,427.3756249959632
14295,1,general,429,428.173607492847
14296,0,general,249,230.117989807051
14298,0,cavalry_standard,442,421.10907924386413
14300,3,general,410,371.1144691201655
14301,3,general,358,328.2685225747636
14302,2,general,309,310.84349040376406
14303,2,general,285,251.2962321192396
14304,1,general,359,384.67094430803826
14310,4,general,387,368.99900031453114
14311,4,cavalry_standard,618,615.1473648798934
14313,2,cavalry_standard,389,413.72873908705805
14314,1,general,328,349.208038030489
14315,3,general,466,461.78938967837485
14316,1,general,341,370.9594305803587
14317,0,general,1696,1644.0128044571063
14318,3,general,1164,1011.8876949518383
14319,0,infantry_grenadiers,1123,920.083899754993
14320,1,infantry_grenadiers,1064,955.3180310982419
14321,3,cavalry_standard,809,825.5014109667674
14322,3,cavalry_standard,373,360.5850335945311
14323,4,cavalry_standard,613,552.6640223673882
14324,3,general,278,281.25259636750843
14327,3,general,502,444.90039037540475
14329,3,artillery_foot,533,529.5524026475789
14330,1,artillery_foot,667,633.792234925978
14331,3,artillery_foot,1017,957.1811655879112
14332,1,artillery_foot,1044,1139.2275274271165
14333,2,artillery_foot,334,338.1570290636571
14334,3,artillery_foot,760,747.6332790431863
14335,4,artillery_foot,433,431.24562656051074
14336,3,artillery_foot,430,425.2949329407717
14337,0,artillery_foot,780,788.8743671645478
14338,2,artillery_horse,496,461.6305370130385
14339,0,artillery_horse,889,926.6195435730243
14340,1,artillery_horse,1561,1690.140246335418
14342,4,general,530,511.2452596610216
14343,3,general,782,772.9216367976576
14344,4,general,338,352.8129223329599
14345,0,general,799,803.8002973279628
14346,0,general,828,838.0155781620401
14347,0,general,499,504.23341294530206
14348,2,general,645,649.1090220489958
14349,1,general,365,370.7346355799269
14350,2,general,503,544.8725618921734
14352,2,general,645,649.1090220489958
14353,2,general,1137,1139.54787410001
14354,4,general,1592,1731.9289397394227
14355,2,infantry_skirmishers,162,197.6473065607892
14356,3,infantry_skirmishers,281,244.65223844427982
14357,2,infantry_skirmishers,278,293.35125680339377
14358,0,cavalry_light,964,975.2200141117615
14359,4,general,994,944.2894296736865
14360,3,general,797,765.1474740219617
14362,2,general,579,527.717395070357
14363,1,general,420,521.068891313926
14366,4,infantry_light,625,622.918254118015
14367,4,infantry_light,659,694.849902086108
14368,1,infantry_light,939,1048.4668664613996
14369,4,infantry_line,491,628.3276066969873
14370,0,infantry_line,843,847.1978424945657
14371,4,cavalry_light,642,665.5273303291451
14372,1,general,383,453.13243648571
14373,3,general,341,296.29897518938657
14374,1,general,479,413.37524203859095
14375,1,general,294,247.98067284328127
14376,0,general,215,188.51817322623268
14377,4,general,474,379.1096165385041
14378,4,general,820,670.6752599980849
14379,0,general,888,827.1258591444567
14380,3,general,685,655.5683882825068
14381,4,general,1112,1281.912074032724
14382,0,infantry_grenadiers,455,470.97592707441686
14383,4,infantry_grenadiers,377,484.1753162556857
14385,3,infantry_line,455,482.7064918809995
14387,4,infantry_line,526,500.14662168412826
14388,1,infantry_line,320,313.1482657721241
14389,0,infantry_line,948,970.3703171822715
14390,3,infantry_line,993,1112.622755466325
14391,4,infantry_line,804,870.6042572866445
14392,0,cavalry_light,526,562.4564370595195
14393,2,general,332,279.5593364933915
14394,2,general,363,388.1473037509685
14396,0,infantry_line,436,445.2445721682274
14397,1,infantry_line,732,760.933973750885
14400,4,general,382,330.35265695633865
14401,0,general,262,230.35178526599339
14402,0,general,876,799.5746551844629
14403,1,general,338,322.7655215770015
14405,2,general,1353,1435.9766515045803
14406,4,infantry_grenadiers,447,440.84486135648206
14408,0,infantry_light,493,486.26488459345944
14409,4,infantry_light,674,634.7631992824782
14410,0,infantry_light,1193,1212.5326018752928
14411,3,infantry_line,307,308.3878653599629
14412,4,infantry_line,365,372.56493307791965
14413,4,artillery_horse,100,127.17676904695736
14414,3,cavalry_light,556,589.992868433136
14415,0,general,426,375.7650328327903
14416,2,general,546,450.8068081764688
14417,3,general,448,434.26354204957676
14418,2,general,650,575.5362608543743
14419,1,general,546,643.2363019379075
14420,3,general,479,437.94713826202656
14421,0,general,908,952.457502599206
14423,2,general,1026,1063.60126161602
14424,3,infantry_grenadiers,536,647.0816155179298
14425,1,infantry_grenadiers,1051,1077.895826479648
14426,4,infantry_light,485,466.85864461514666
14428,1,infantry_line,663,678.2400114174161
14430,3,infantry_line,419,652.2009004581905
14431,4,infantry_line,812,845.8627339652099
14432,0,infantry_line,850,858.4327464471486
14433,1,infantry_line,937,1030.8827572600367
14434,1,infantry_skirmishers,223,214.20108324244742
14437,2,cavalry_light,592,648.3648690640733
14438,1,general,1132,997.394627293728
14439,4,general,446,445.3084266493828
14440,4,general,177,228.7292498951311
14441,4,general,354,302.4025252929103
14443,2,infantry_line,408,378.8968327868712
14444,2,general,206,187.923159007519
14445,4,general,78,102.73840329102309
14446,1,infantry_line,249,273.5782589311592
14447,2,infantry_line,261,310.0562113630532
14448,1,infantry_line,185,191.1730842363503
14449,4,artillery_foot,562,582.6685683431671
14452,0,general,437,401.21710537831103
14453,1,general,1051,999.2952192915552
14454,4,general,568,484.4975618065226
14455,3,general,867,945.847437051148
14456,3,general,496,598.8828353136943
14457,1,infantry_grenadiers,1075,1015.9012064996319
14458,3,infantry_light,479,582.0560671816692
14459,4,infantry_line,377,386.5080704668576
14460,2,infantry_line,688,709.4035220971955
14462,4,cavalry_light,1258,1261.6493614777146
14463,4,cavalry_light,1750,1911.625617461777
14464,3,cavalry_standard,631,684.5455190776444
14465,4,general,694,668.7455461187113
14466,2,general,1652,1907.5363399145222
14467,2,general,1114,1097.0301508856523
14468,0,general,1304,1197.4759494969546
14470,1,general,744,723.1236342231255
14471,3,infantry_grenadiers,1320,1276.9550893370404
14472,0,infantry_line,627,652.896669503077
14473,4,infantry_line,866,928.2526900222732
14474,2,infantry_line,1056,1128.5013926029778
14475,4,cavalry_light,1692,1659.6394981954204
14476,3,cavalry_light,774,815.7378812643249
14477,3,cavalry_standard,1388,1359.3323921787553
14478,4,general,1512,1399.9458191706483
14479,0,general,574,518.5846096879222
14480,0,general,667,670.3866662571496
14481,3,infantry_line,611,608.850089792131
14483,2,general,408,335.90606425820664
14485,4,infantry_line,285,296.2551146108266
14486,2,infantry_line,361,345.7006010464692
14487,2,artillery_foot,614,608.8138304001881
14488,0,artillery_foot,614,745.6945408316159
14489,3,cavalry_light,968,1012.0152960420984
14490,2,cavalry_standard,1054,1137.670004914138
14491,4,cavalry_standard,945,1139.754250991315
14493,4,general,800,718.7222658687343
14494,1,general,751,901.8287830930047
14495,3,general,918,938.6869505567925
14496,0,general,823,738.6314479773157
14497,0,general,775,818.1839072418576
14499,1,general,537,482.35929230124026
14500,4,general,883,762.1263129305212
14501,2,general,372,309.12042659822515
14502,3,infantry_grenadiers,736,749.29690446992
14503,2,infantry_grenadiers,936,841.5342007864901
14506,1,infantry_line,672,694.6315163117529
14507,3,infantry_line,663,677.0621850292556
14508,0,infantry_line,483,451.9915462309817
14509,2,cavalry_light,874,798.8523923614714
14510,0,cavalry_light,727,756.3551029873972
14512,2,general,342,320.24900123662263
14513,4,general,753,667.7354600572438
14514,3,general,300,307.2982404419674
14516,1,infantry_light,328,337.6537868837786
14517,4,general,564,437.4035334542265
14518,0,infantry_light,386,489.12613956183304
14520,2,infantry_skirmishers,547,540.267897667707
14521,0,artillery_foot,473,389.616978203197
14522,3,cavalry_standard,1104,940.9541154337422
14523,1,general,190,181.26348135739718
14524,2,general,1047,885.1267732987503
14526,3,general,842,883.5085062809092
14528,0,general,645,570.3057875555836
14530,3,infantry_grenadiers,611,644.8836260469318
14531,1,infantry_line,339,331.05304552729126
14532,0,infantry_line,291,303.838180398837
14533,2,infantry_line,1103,1019.5422026822171
14534,1,infantry_line,765,767.5801627264038
14536,0,artillery_foot,309,374.41773089017124
14537,4,artillery_foot,558,457.8486970802007
14538,3,cavalry_standard,1181,1217.1756964164128
14539,3,general,245,258.9724006658379
14540,0,general,1121,1122.4613225049286
14541,4,general,279,284.63560881236924
14542,4,general,377,337.3909495113782
14543,0,general,580,546.3256424617314
14546,4,infantry_light,624,614.3991318853685
14547,1,infantry_line,355,420.5643701953938
14548,4,artillery_horse,631,594.1094569065845
14549,4,cavalry_light,763,781.8279406674272
14550,4,general,613,600.1816487908537
14551,0,general,609,569.5044691280737
14552,0,general,706,707.6748015983721
14553,2,infantry_line,828,918.9553451753842
14554,3,cavalry_light,527,563.2818773885604
14555,3,cavalry_light,404,462.7103795305981
14557,1,artillery_horse,1685,1802.7282301278342
14558,2,cavalry_light,1306,1143.7724571326858
14559,1,cavalry_light,468,508.3796557324952
14560,4,general,338,347.434540788054
14561,2,general,1154,833.4924041008284
14562,2,general,1464,1280.359751577898
14563,2,cavalry_heavy,2153,2191.935788298485
14564,1,cavalry_heavy,1755,1810.5670217500322
14565,0,general,1950,1907.8790403040318
14566,4,general,1511,1504.4074085394795
14567,4,cavalry_standard,1607,1712.0072162302247
14568,4,cavalry_standard,1069,937.7417206541081
14569,2,cavalry_heavy,2461,2419.3893210815745
14570,0,general,2237,2094.8577446647596
14572,4,cavalry_standard,898,867.3421722909875
14573,3,general,1217,1199.82665262638
14576,4,artillery_foot,1322,1143.0001101433143
14578,3,artillery_foot,935,942.3432928649385
14579,1,artillery_horse,947,867.9720138922748
14580,0,general,469,471.1617686927991
14581,0,general,469,471.1617686927991
14582,2,general,1316,1291.7299854505904
14583,4,general,1,1.0
14585,2,general,701,700.2998836156551
14587,2,infantry_skirmishers,345,386.3866573680814
14588,2,infantry_skirmishers,318,365.1886265715818
14589,1,infantry_skirmishers,331,361.29565592217807
14590,1,cavalry_heavy,1616,1529.0758702785718
14591,4,cavalry_heavy,1378,1409.923347756835
14593,4,general,218,213.20258885191257
14594,3,general,628,647.3423543168083
14596,0,general,560,576.4952282530026
14597,0,general,173,138.19984002317898
14598,2,general,501,534.7687003364538
14600,4,general,589,601.4351318819997
14603,2,general,880,1007.4394942913199
14604,2,general,640,659.0052778130882
14605,1,general,821,980.7275189645551
14606,3,general,501,512.4594088695752
14607,1,general,716,767.0692973796334
14608,0,general,954,1110.0463910924389
14609,0,general,600,741.8014731538846
14610,2,general,1766,1799.325091168714
14611,3,infantry_grenadiers,416,457.4912729480428
14614,0,infantry_grenadiers,706,685.735442132462
14615,3,infantry_grenadiers,883,893.5471157777233
14616,2,infantry_light,281,257.01206000213995
14617,4,infantry_light,513,473.7044893767652
14618,0,infantry_light,647,606.2094527017722
14619,3,infantry_light,471,463.076775302189
14620,4,infantry_light,560,560.8269600030851
14621,3,infantry_light,761,767.6962190158235
14622,0,infantry_line,272,268.2015085569305
14623,1,infantry_line,485,448.3783689166411
14624,3,infantry_line,468,444.37037316099577
14625,1,infantry_line,561,606.585748263252
14627,4,cavalry_heavy,1020,916.813157995486
14628,0,cavalry_heavy,1098,1025.0727430833606
14629,2,general,166,172.68219408218326
14630,3,general,830,803.761454930706
14631,3,general,599,562.3431211565662
14632,1,general,379,375.35707502296964
14633,2,general,213,202.46875096894001
14634,1,general,189,177.09306193076893
14635,4,general,1012,951.008500281752
14636,1,general,329,343.91494138522665
14637,0,general,103,124.178561665582
14638,2,general,292,243.51117861365296
14639,2,general,285,281.0684953055979
14640,3,general,673,669.8837640072389
14641,2,general,544,403.67177078031915
14642,0,general,869,881.7437838654929
14643,0,general,359,355.7284220020088
14646,0,general,339,348.80537579901244
14647,2,general,375,386.5415547103466
14648,4,general,634,592.879491176808
14649,0,general,814,896.6619215743336
14650,4,general,477,527.203179442918
14651,3,general,625,691.036476810791
14653,3,infantry_grenadiers,587,543.288312556841
14654,2,infantry_grenadiers,625,595.0841223804154
14655,4,infantry_grenadiers,511,483.6301978002626
14657,0,infantry_grenadiers,732,692.0192770525022
14659,3,infantry_light,757,769.0582341721365
14660,4,infantry_light,570,560.4607322000454
14661,1,infantry_line,289,284.84590517339996
14662,1,infantry_line,260,253.3033331424466
14663,4,infantry_line,200,194.5286050573037
14664,1,infantry_line,327,313.141179807405
14666,0,infantry_line,360,358.12442392173256
14667,1,infantry_line,202,191.34762767228332
14668,4,infantry_line,654,567.7770090339166
14670,0,infantry_line,528,506.6607128393012
14671,3,infantry_line,514,507.3289195420873
14672,0,infantry_line,431,427.29314023603007
14673,3,infantry_line,351,315.8042326921401
14674,3,infantry_line,447,444.112377622892
14675,1,artillery_horse,278,265.9378960666137
14676,0,cavalry_heavy,384,502.32505962805914
14678,0,general,278,293.6376511376317
14679,3,general,226,431.87048534079383
14680,1,general,373,386.84073993660616
14681,0,general,238,232.81936833074013
14682,4,infantry_line,241,231.6312714826686
14683,2,infantry_line,431,412.8202919906035
14684,4,cavalry_heavy,1661,1672.6652660832099
14685,3,cavalry_heavy,1130,1105.1751352811918
14686,3,cavalry_heavy,1937,1863.2834691742753
14687,3,general,440,435.83739052960203
14688,0,general,1905,1945.4077150687408
14690,4,general,933,934.3787179754203
14692,0,general,359,346.0231486849516
14693,1,general,1728,1694.6342120809977
14694,4,general,101,133.7760138264159
14696,0,general,735,749.192552990407
14697,1,general,280,277.8091153886641
14698,1,general,215,246.54459694184408
14700,1,general,1267,1340.017990826959
14701,4,general,267,304.5327668029617
14703,3,infantry_grenadiers,777,753.4946608045011
14704,3,infantry_light,430,401.6823349506558
14705,2,infantry_light,207,198.58634963260744
14706,1,infantry_light,405,381.802914229825
14707,1,infantry_light,514,519.5577127797139
14709,1,infantry_light,287,301.39647354320937
14710,2,infantry_line,678,592.7357646805392
14711,4,infantry_line,339,329.86165818364873
14712,0,cavalry_heavy,1199,1105.8202659843946
14713,4,cavalry_heavy,1328,1307.9494542189836
14714,3,cavalry_light,862,901.2965492259617
14716,4,general,614,657.1223009462578
14718,4,general,181,183.78632259450418
14720,3,general,176,183.06191802866704
14721,3,general,176,176.26906706521652
14722,0,general,101,129.83906234565168
14724,4,general,995,931.1025467148934
14727,1,general,393,309.2780058592501
14728,1,general,354,354.1026210176766
14729,3,general,638,750.7039136377169
14730,0,general,520,583.8308008018307
14732,1,general,368,395.5995398149145
14733,3,general,401,425.5509824784099
14734,3,general,254,227.63116411133143
14735,4,general,370,417.0497416971995
14736,0,general,432,453.2126836083032
14737,1,infantry_grenadiers,330,336.5569616467562
14738,3,infantry_grenadiers,425,422.18078399535335
14739,2,infantry_grenadiers,710,708.5681414554853
14740,1,infantry_grenadiers,536,496.987719154145
14741,0,infantry_grenadiers,400,385.1877636744501
14742,4,infantry_light,411,389.14135748862736
14743,1,infantry_line,249,247.19120663408327
14744,3,infantry_line,237,237.42692977160974
14745,2,infantry_line,274,265.8600302888748
14746,1,infantry_line,196,200.6239151858349
14747,0,infantry_line,329,313.5820453550708
14748,4,infantry_line,450,456.0942508573022
14749,2,infantry_line,356,318.8419278098584
14750,0,infantry_line,416,396.27854361503574
14751,2,infantry_line,575,580.4120979818628
14752,1,infantry_line,536,543.9058668129063
14753,3,infantry_line,460,453.41336188493324
14754,4,infantry_line,433,442.27318177166165
14755,0,artillery_foot,501,482.18496376078656
14756,1,cavalry_heavy,1244,1149.3119115321385
14758,2,general,343,330.0163022610157
14759,0,general,93,102.81306368403159
14760,1,general,324,297.5664075397935
14761,0,general,542,563.0702621095498
14763,3,general,1164,1125.929815873112
14764,1,general,425,442.87291804984983
14766,3,infantry_grenadiers,425,426.7321046177728
14767,2,infantry_grenadiers,659,681.6347634384862
14768,3,infantry_light,256,224.61313003061196
14769,1,infantry_light,437,380.717934839528
14770,1,infantry_line,119,151.16515844657053
14771,1,infantry_line,122,119.44155428243404
14772,2,infantry_line,314,281.1760354154699
14773,3,infantry_line,321,297.9294558977238
14775,1,infantry_line,220,195.07722723990344
14776,0,infantry_line,655,684.3028956864712
14777,4,infantry_line,473,433.273941394317
14778,2,infantry_line,404,361.1562248266958
14779,3,cavalry_light,357,343.2108412304217
14780,0,cavalry_light,577,488.6939579873285
14781,3,cavalry_standard,626,602.142506006945
14782,4,cavalry_standard,434,458.7544759004071
14783,2,cavalry_standard,710,737.3920010413739
14784,3,general,300,296.20322874996054
14786,2,general,462,385.8650160422232
14787,2,general,545,556.7168012081015
14788,4,general,306,356.08137826090496
14789,4,general,568,623.7661903455572
14793,1,infantry_light,544,564.4709816352535
14794,2,infantry_line,558,547.4832996989147
14795,3,infantry_line,478,492.4076938230304
14796,1,cavalry_light,570,540.7088437463732
14797,3,cavalry_light,284,280.9710655363095
14798,4,cavalry_light,267,268.0341815353455
14799,2,cavalry_light,332,318.99740921312423
14800,3,cavalry_light,331,311.82024964195034
14802,3,cavalry_light,486,474.0768119874519
14803,4,cavalry_light,383,373.9318819054229
14804,2,cavalry_standard,854,856.3930014752078
14805,0,cavalry_standard,416,426.13812177454463
14806,1,general,244,262.9216755378672
14807,3,general,521,499.2181327137215
14808,1,general,228,237.6736327801607
14809,2,general,450,400.11030614256435
14811,0,general,267,260.8859772230176
14812,0,general,724,725.9334285750245
14813,2,general,258,261.10330457854326
14814,4,general,260,254.20793684576384
14815,2,general,366,382.5229842948985
14817,4,general,622,622.0182082715243
14818,3,general,411,403.54514358584055
14819,1,general,571,596.0270002575952
14820,1,general,327,319.7460814984083
14821,0,general,533,582.1139182746473
14822,1,general,275,278.1434486835842
14824,2,infantry_light,226,220.87642446779603
14825,0,infantry_light,202,199.72107651359357
14826,3,infantry_line,408,411.0653860371259
14827,1,infantry_line,582,593.7225690383486
14828,1,infantry_line,350,342.7717163807674
14829,4,infantry_line,434,433.2496049745095
14830,4,cavalry_light,740,732.4469704277993
14831,2,cavalry_standard,876,888.2257814148155
14832,1,cavalry_standard,727,726.586412186447
14833,0,general,723,723.732586917492
14834,3,general,34,65.58762890079771
14835,4,general,49,67.56793423066908
14838,1,infantry_line,104,92.08265333479142
14839,3,infantry_line,77,79.26568595052171
14840,4,general,81,106.70282083042763
14841,0,general,18,76.95851700784063
14842,2,infantry_line,102,129.57230872536292
14843,4,infantry_line,125,144.41175889998442
14844,2,cavalry_light,256,251.97753131272776
14845,1,general,156,189.46222796697438
14846,4,artillery_foot,134,142.44645410655397
14847,4,cavalry_standard,601,564.9181192019605
14848,0,cavalry_standard,627,590.8175888852425
14849,2,general,636,579.4314146082036
14850,1,general,514,478.2154838672082
14851,2,cavalry_light,500,431.7004577488895
14852,1,cavalry_light,703,643.4258446155297
14853,4,cavalry_light,498,488.4603197221335
14854,2,cavalry_light,836,803.9500927569666
14855,2,cavalry_standard,391,395.2893369752344
14856,4,cavalry_standard,813,813.5783600013802
14857,4,general,705,695.7959717845481
14860,3,general,687,679.5934122565983
14861,0,general,340,360.468472018202
14863,3,general,376,371.4411117902396
14864,1,general,532,415.08628574985056
14865,1,general,1046,1203.745730091646
14866,1,infantry_grenadiers,752,719.7439253607023
14867,1,infantry_light,429,420.14192887204166
14870,3,cavalry_light,225,236.7522464115849
14871,2,cavalry_light,348,331.4430906038972
14872,3,cavalry_standard,889,891.6336998865105
14873,0,cavalry_standard,567,534.7850306867706
14874,1,general,813,871.8631859712078
14875,4,general,93,156.45391418606266
14877,3,general,458,432.96447662669283
14878,0,general,593,617.7494272686705
14879,2,infantry_grenadiers,571,537.6705186266249
14880,3,cavalry_standard,736,733.2619510561916
14882,1,general,285,303.73864780888186
14883,4,general,670,708.1494511194737
14884,1,cavalry_standard,830,817.3940749053245
14886,0,general,301,334.42188632955595
14887,2,general,701,671.055454581695
14889,1,cavalry_standard,361,380.47869934861603
14891,3,general,665,639.074308857074
14892,3,cavalry_standard,535,492.33437176729257
14893,0,cavalry_standard,632,600.316793110431
14894,4,general,567,554.1276546904114
14895,0,general,388,362.9493254320425
14896,0,cavalry_standard,690,673.2931295108577
14897,2,cavalry_standard,937,973.0665154649554
14900,2,cavalry_standard,342,327.13881908373367
14901,4,cavalry_standard,341,327.3729323499247
14903,2,general,372,331.96438955156356
14905,0,cavalry_light,759,778.7920310120221
14906,3,general,1406,1569.3380919647423
14907,2,general,628,672.5804280939952
14908,3,general,787,913.76432357365
14909,3,artillery_horse,810,857.3611016014717
14910,2,artillery_horse,444,414.50965910689683
14911,3,cavalry_light,342,329.10448769389893
14912,4,cavalry_light,263,273.156956902969
14913,2,general,256,255.65303310577232
14914,3,general,219,230.21575762736816
14916,4,artillery_foot,934,889.7181817862598
14917,1,artillery_foot,914,850.7517170454508
14918,1,artillery_foot,300,293.69763392285756
14919,4,artillery_foot,301,292.00754879827304
14921,2,artillery_foot,542,536.3495572435328
14922,0,artillery_foot,537,528.0470177784783
14923,2,artillery_foot,776,674.2779512910979
14924,3,artillery_foot,554,580.646753864219
14925,3,artillery_foot,51,68.38706507350237
14927,0,artillery_foot,383,346.8355579047346
14928,2,artillery_foot,611,598.1309770503552
14929,3,artillery_foot,453,487.7376099176388
14930,3,artillery_foot,579,620.1545563863764
14931,0,artillery_foot,847,841.9530082271185
14933,2,artillery_foot,864,746.37345705513
14934,1,artillery_foot,280,264.84586057669156
14935,4,artillery_horse,843,850.529363605609
14937,4,artillery_horse,923,968.1471327647032
14938,2,artillery_horse,1409,1426.815138321132
14939,3,artillery_horse,837,851.9948338053803
14940,1,artillery_horse,807,776.0017936971528
14941,2,artillery_horse,428,406.9690458516907
14942,3,artillery_horse,784,820.4922878620966
14944,1,general,1649,1772.030473666871
14945,4,general,739,760.1192869763884
14946,2,general,761,754.4515925104471
14947,2,general,399,395.5689988292966
14948,0,general,216,220.88162809665187
14949,4,general,83,115.518362119441
14950,0,general,679,657.7042668372538
14951,0,general,707,714.7148774386302
14952,3,general,1253,1356.9399748443261
14953,4,general,1,1.0
14955,0,general,950,921.723771083036
14956,2,general,570,577.1947807353134
14957,4,general,570,575.5275488139066
14958,2,general,783,828.9194580671674
14959,3,general,335,384.0910108701651
14960,1,general,853,853.8448662931229
14961,2,general,570,577.1947807353134
14962,2,general,1006,1013.2983258379368
14967,2,infantry_skirmishers,149,184.5932489099244
14968,2,infantry_skirmishers,135,161.08875663193203
14969,2,infantry_skirmishers,135,161.08875663193203
14970,2,infantry_skirmishers,135,161.08875663193203
14972,3,infantry_skirmishers,217,194.1004374153432
14973,4,cavalry_heavy,1123,1279.6511665927371
14974,4,cavalry_heavy,821,916.8415872505587
14975,4,cavalry_light,282,299.08169156150217
14976,0,cavalry_light,701,559.6114007645291
14977,4,cavalry_light,824,761.9189334586024
14979,2,cavalry_standard,838,781.636794698379
14980,3,cavalry_standard,696,631.3392057080403
14981,3,general,962,1090.4992041221399
14982,0,general,639,487.6662233088581
14983,3,general,794,814.0250867485388
14984,3,general,493,463.86361837265383
14985,4,general,161,200.10682414114538
14986,4,general,671,722.6902500773848
14987,0,general,283,248.87138797445155
14988,2,general,324,339.30473161290223
14989,0,general,699,582.6295497184083
14990,1,general,661,606.764803640577
14991,3,general,635,573.9066550224741
14993,4,general,724,685.999458507913
14994,3,general,970,976.79520001517
14995,3,general,708,621.0766359479499
14996,3,general,1050,1072.0829823700885
14997,0,general,504,531.0846244142953
14998,0,general,563,650.4912531216759
14999,2,general,367,325.0990146416687
15000,3,general,818,902.0129217277372
15001,1,infantry_grenadiers,926,903.3986780889888
15002,0,infantry_light,313,325.34880497004986
15003,3,infantry_light,402,400.821460316038
15004,1,infantry_light,484,454.9567033231394
15005,2,infantry_light,690,686.2008374122787
15006,2,infantry_light,833,834.4141938505383
15008,0,infantry_line,337,290.27053859041007
15009,3,infantry_line,787,765.0368405949638
15010,2,infantry_line,622,671.6644663672556
15011,0,infantry_skirmishers,216,177.3511470988205
15012,0,infantry_skirmishers,206,212.34548763063688
15014,3,cavalry_light,458,487.9237088619252
15016,3,cavalry_light,841,938.0164325769484
15017,1,general,1312,1548.2133908454437
15018,1,general,1299,1331.2966085734793
15019,0,general,37,99.46371862970746
15020,2,general,211,174.10372438816992
15021,3,general,81,102.67133946492174
15022,3,general,63,87.39572594110486
15023,3,general,958,982.0525988603903
15026,4,general,21,61.916381571395505
15030,2,infantry_light,154,149.67592910345195
15031,3,infantry_light,148,163.95817317962852
15032,0,infantry_light,469,451.69130856714906
15033,4,infantry_light,433,383.98166430504386
15035,4,infantry_line,185,179.3704500958802
15036,0,infantry_line,120,124.72843034265219
15037,4,infantry_line,256,348.74006495425914
15040,3,cavalry_light,677,686.4499231797911
15041,4,cavalry_light,342,347.8615112576044
15042,0,cavalry_light,937,992.6093837828415
15043,0,cavalry_standard,1183,1247.5497899269533
15044,4,general,205,226.20071102730742
15045,3,general,188,254.04315932676295
15046,4,general,310,294.1580890406112
15047,4,general,56,87.05426462769566
15050,3,general,754,749.6394787952858
15051,4,general,562,572.1830778460621
15052,0,general,255,304.11220685725743
15053,3,general,78,109.21165203426305
15054,3,infantry_grenadiers,281,279.9944338473666
15056,1,infantry_grenadiers,371,417.379932837269
15057,1,infantry_light,271,264.36954245966007
15058,0,infantry_line,157,138.58651549239502
15059,3,infantry_line,186,183.15891343944855
15060,4,infantry_skirmishers,159,122.48053471671804
15061,1,general,32,65.89680586049906
15064,2,general,23,63.69600449298872
15065,1,infantry_line,166,142.02973944876175
15066,1,infantry_line,124,109.42259387648915
15068,1,artillery_foot,195,191.32068404548326
15069,0,artillery_foot,303,323.73024492479806
15070,0,general,84,126.01139697537694
15071,2,general,393,401.641522979329
15072,4,cavalry_heavy,1491,1422.2470282589295
15073,0,cavalry_standard,1120,1185.2872470183968
15074,0,general,408,374.6531041389547
15076,1,general,364,335.4080105990307
15077,4,general,69,90.71742285876931
15078,4,general,274,264.28064453856786
15079,2,general,1317,1239.1396184194712
15080,1,general,285,316.15892210742015
15081,3,general,391,470.90592440999285
15082,2,general,330,310.7551095324343
15083,4,general,975,997.1233440152945
15084,0,general,1260,1201.7807456674589
15085,4,general,712,817.1593075322676
15086,3,general,497,532.8434116095732
15087,0,general,405,403.1773979876568
15088,4,general,407,409.0224933824266
15089,1,general,243,268.30255690401447
15091,4,infantry_grenadiers,409,455.8166876705015
15093,2,infantry_grenadiers,379,349.82593184510864
15094,0,infantry_grenadiers,412,473.0463013318163
15095,1,infantry_light,301,316.0339466319733
15096,2,infantry_light,361,318.81770546208844
15097,3,infantry_light,322,304.69594673065427
15099,4,infantry_line,144,132.4858279364997
15100,3,infantry_line,185,178.27701089140226
15101,2,infantry_line,470,467.0554570351648
15103,0,infantry_line,525,527.45027660258
15104,2,general,189,175.85419877017685
15105,4,general,165,168.20441122971795
15106,1,general,230,214.167327096527
15107,3,general,209,189.49595587147903
15109,1,general,374,323.0346045727076
15110,4,general,417,359.34919369145615
15111,2,general,297,271.20955233535983
15112,2,general,208,185.13391335538873
15113,3,general,628,593.3963846527099
15114,0,general,125,129.57365436633955
15115,4,general,734,664.0651289786383
15116,4,general,438,462.6792234665732
15118,0,general,623,582.605918658046
15123,1,general,429,438.96191794513595
15124,0,general,362,314.4871628105861
15125,0,general,183,159.463587182051
15127,4,infantry_grenadiers,283,263.9264000847416
15128,4,infantry_grenadiers,596,569.8936506023178
15129,4,infantry_grenadiers,534,474.6243079952641
15130,4,infantry_grenadiers,676,637.9077212954552
15131,4,infantry_light,478,451.5145305410936
15132,2,infantry_line,355,343.1001713387073
15133,0,infantry_line,223,204.8153241868942
15134,0,infantry_line,307,290.0882775672532
15135,4,infantry_line,326,306.770939138944
15136,0,infantry_line,207,190.23397757370947
15137,2,infantry_line,227,207.18702983802373
15138,2,infantry_line,295,273.19170707995437
15139,3,infantry_line,490,506.7775245976142
15140,1,infantry_line,288,245.36574092312463
15141,2,infantry_line,451,469.91022104989423
15142,2,infantry_line,512,515.1781547213714
15143,4,infantry_line,413,401.8904129268101
15145,1,artillery_foot,1211,1099.7176134908996
15146,4,cavalry_light,517,527.0120704253518
15147,0,cavalry_light,368,358.53854467559466
15148,2,general,66,76.9524061536766
15149,3,general,304,279.8187171891437
15151,2,general,1713,1663.3705104612886
15152,1,general,272,281.8404291483061
15153,0,general,73,79.7884870679543
15154,1,general,79,132.1258528257027
15157,4,general,164,139.20532331035227
15158,4,general,491,392.4736706756406
15159,1,general,322,401.35063334144587
15160,0,general,247,208.85325191993553
15161,3,general,893,849.6433273318945
15162,3,general,1196,1436.0324740966862
15163,3,infantry_grenadiers,357,338.9178863288775
15164,3,infantry_grenadiers,948,877.4664724805037
15166,4,infantry_light,210,203.6360514834039
15167,1,infantry_line,268,230.03752869850527
15168,2,infantry_line,142,124.07505936631392
15171,2,infantry_line,739,782.3459466597576
15172,1,infantry_line,318,274.4648435900526
15173,3,infantry_line,254,212.5476330416773
15174,3,infantry_line,392,508.04605672059853
15175,4,infantry_skirmishers,156,121.3537995875097
15176,2,general,69,86.90948599760227
15177,1,general,150,143.6582273611389
15179,0,general,268,316.4132274101238
15180,3,general,196,271.14672699331607
15181,1,infantry_grenadiers,339,375.75400404566795
15182,0,infantry_grenadiers,268,314.72104583894395
15183,2,infantry_line,167,155.7686393667214
15184,0,infantry_line,251,225.40622595609256
15186,3,artillery_foot,333,339.12989963248657
15187,4,general,433,414.4419846212072
15188,0,artillery_foot,794,761.2563138430544
15189,2,cavalry_heavy,2404,2322.275498507729
15191,4,cavalry_light,893,934.2034353948386
15192,2,cavalry_standard,1339,1472.1127603680293
15193,4,general,413,418.54515139513165
15194,2,general,70,93.77897228322888
15196,1,general,715,677.0792336087866
15198,3,general,185,169.06837140946882
15199,3,general,323,299.7482374557244
15200,0,general,1126,1247.878323173135
15202,2,general,278,244.06938727645135
15203,1,general,2164,2191.690481835424
15205,1,general,406,390.0192428729878
15206,3,general,336,314.6788385900939
15208,3,general,216,178.3694842216811
15210,2,general,976,1197.7363464494194
15211,2,infantry_grenadiers,392,366.0881947262316
15212,2,infantry_grenadiers,823,740.0818670774098
15213,4,infantry_light,453,437.37733198987183
15214,1,infantry_light,388,385.2597306828985
15215,3,infantry_light,441,441.25886227776056
15216,2,infantry_light,489,441.52423975365684
15218,4,infantry_line,279,262.04045990235556
15221,2,infantry_line,132,145.72974778376437
15222,2,infantry_line,205,179.88635506267082
15225,0,cavalry_lancers,1103,1226.690985264642
15228,3,cavalry_light,482,438.44412401699066
15229,3,general,650,694.7508394594194
15230,3,general,104,121.66013567417423
15231,1,general,348,300.87903549084774
15232,1,general,1481,1959.6739608146888
15233,4,general,68,100.19734829703383
15234,3,general,673,644.7941420167919
15235,3,general,57,85.29652941188867
15236,4,general,225,212.77726287663077
15237,3,general,310,290.4073035586038
15238,3,general,184,173.41341041462013
15239,4,general,176,156.48757037390246
15241,4,general,65,84.58060096995244
15242,0,general,297,251.84559088586164
15245,1,general,225,193.81949932601523
15246,2,infantry_grenadiers,415,398.88914783095237
15248,2,infantry_light,163,152.23021100952403
15249,4,infantry_line,287,277.43392980060736
15251,0,infantry_line,290,256.5781496213725
15252,1,infantry_line,271,232.51288383057394
15253,1,infantry_line,168,158.99264016141623
15254,4,infantry_line,232,219.02056735267468
15255,3,infantry_line,576,604.3313343099908
15256,4,infantry_line,330,306.4026751990559
15257,0,cavalry_heavy,673,730.2541792773172
15258,4,cavalry_light,317,324.28878815092463
15259,2,cavalry_standard,824,807.6323542689295
15262,1,general,496,537.9199074083765
15263,3,general,679,703.5813653201853
15264,0,general,323,317.0925324351853
15266,3,infantry_line,498,498.80025970689286
15267,4,cavalry_heavy,1324,1243.4697894841138
15268,0,cavalry_heavy,2151,2209.8463419612826
15269,0,cavalry_heavy,1409,1350.736532249405
15270,1,cavalry_heavy,1221,1179.7682526655067
15271,3,general,1185,1149.7971242927117
15273,0,general,2040,2300.718814679353
15274,0,general,1373,1274.028965757965
15275,0,cavalry_heavy,1542,1487.504804851259
15277,2,cavalry_heavy,1436,1356.0661530739942
15278,2,cavalry_heavy,1624,1682.2668899803161
15279,3,general,1107,1016.3110906432651
15280,4,general,1729,1888.0414482311753
15281,0,general,1269,1195.59412008848
15283,2,general,1456,1431.6248439725255
15284,0,infantry_light,301,306.50006370902327
15285,2,infantry_light,288,269.9129795958315
15286,4,general,168,162.70152237892032
15287,4,general,76,108.68963462030652
15288,1,infantry_line,131,146.1253257423479
15289,3,infantry_line,116,152.91460490122583
15290,4,general,48,85.48469009393447
15292,2,infantry_line,112,133.19459981049258
15294,2,infantry_light,525,488.9871611338731
15295,1,cavalry_light,510,538.2073132934921
15297,1,general,189,172.29430956173186
15298,0,general,234,192.2040143421919
15299,3,general,590,565.0877018216269
15301,3,infantry_light,537,499.44764831773546
15302,1,infantry_light,285,353.6006569952261
15303,1,infantry_line,199,184.30290484294812
15304,4,infantry_line,249,224.87310788893507
15307,4,cavalry_light,468,503.91306226084436
15308,4,cavalry_standard,1085,1113.06707924512
15310,0,general,288,290.29844079616487
15312,4,general,214,240.92187577400466
15313,0,infantry_light,339,351.0912897904331
15314,4,general,124,131.82908449521494
15315,3,infantry_line,225,220.46489563589935
15316,3,infantry_line,174,170.29396029466628
15317,1,general,169,145.74730459783015
15318,4,infantry_line,124,145.88242904372177
15319,1,infantry_line,110,132.19581073120224
15320,3,cavalry_light,365,361.3898195023208
15321,3,cavalry_light,384,375.0145048130572
15322,4,general,398,352.5898982860737
15323,1,general,238,240.95683851692695
15325,3,cavalry_heavy,1697,1618.811670798963
15327,0,general,1796,1767.93249276355
15329,3,artillery_foot,183,228.07723360915418
15330,3,artillery_foot,467,436.3966898471138
15331,2,artillery_foot,486,458.90781360814333
15332,3,artillery_foot,1628,1477.659995114217
15333,4,artillery_foot,881,895.538910254099
15334,2,artillery_foot,1249,1134.6623222307185
15335,0,artillery_foot,794,761.2563138430544
15336,2,artillery_foot,1197,1077.1650864020412
15337,2,artillery_foot,1127,1095.0064237608892
15339,4,artillery_foot,1268,1240.6686490290401
15340,2,artillery_foot,274,246.49396291072773
15341,0,artillery_horse,757,777.8409459994218
15342,2,artillery_horse,83,99.1149372144053
15344,4,artillery_horse,623,604.7827699895813
15345,1,artillery_horse,614,582.1715045516013
15346,2,artillery_horse,606,577.9904789757976
15347,3,artillery_horse,515,488.3579980441802
15348,2,artillery_horse,497,479.0118638943441
15349,1,artillery_horse,950,978.8462726356604
15350,2,artillery_horse,626,691.4507970263453
15351,3,general,1071,1013.8817577071906
15352,2,general,741,738.0127887084699
15353,4,general,407,395.1013056126077
15354,3,general,336,289.3021061959565
15355,0,general,281,283.15150468792245
15356,0,general,281,283.15150468792245
15357,0,general,748,693.4836706091567
15358,3,general,159,160.97770164432401
15359,0,general,920,916.203826970342
15361,2,general,1141,1187.0499276096612
15362,4,general,870,889.2464676621207
15363,0,general,27,176.98561257922367
15364,1,general,1109,1093.669963194817
15366,2,general,1308,1295.6235021608998
15367,2,general,117,92.02737115348036
15369,2,infantry_grenadiers,265,246.5133928515334
15370,3,infantry_grenadiers,258,258.1262879327148
15371,0,infantry_grenadiers,290,277.54425203375854
15373,4,infantry_skirmishers,82,92.82380644684189
15374,4,infantry_skirmishers,337,312.184794086998
15375,4,infantry_skirmishers,339,309.5373495910838
15376,1,infantry_skirmishers,304,291.6498363638708
15377,0,infantry_skirmishers,187,221.9214512850231
15378,0,infantry_skirmishers,188,257.44155808476836
15379,3,infantry_skirmishers,176,199.35732924700218
15380,4,artillery_foot,601,559.4303812975086
15382,0,general,315,266.5807631613516
15383,1,general,119,126.65034107307757
15384,1,general,241,213.63815914282682
15386,3,general,130,147.92841871544988
15387,3,general,128,136.479812204028
15390,0,general,383,431.7198170812154
15391,0,general,169,152.95942444777697
15394,3,general,501,463.6212104338892
15395,4,general,410,406.0142381338617
15396,4,general,537,417.17785035731396
15397,3,general,444,403.58455341722436
15398,1,general,485,531.2559078378441
15400,3,general,406,394.3342285550952
15402,4,general,792,801.3262612663375
15403,1,general,754,734.9377536930716
15405,3,general,302,426.39706627700264
15406,0,general,880,883.1252968732516
15407,3,general,250,236.4836719405524
15408,3,general,647,647.3776173621495
15409,4,infantry_grenadiers,471,476.41172766876156
15410,4,infantry_grenadiers,617,651.7640294766042
15411,0,infantry_grenadiers,801,776.1074584165704
15413,4,infantry_light,392,366.45930944187717
15414,3,infantry_light,426,395.20564767391676
15415,1,infantry_light,189,204.5835759944113
15416,3,infantry_light,572,512.3327423940669
15417,3,infantry_light,294,336.4960599328294
15418,1,infantry_light,344,316.61783885140346
15419,4,infantry_light,496,463.86749515710034
15420,4,infantry_light,554,589.479143779667
15421,0,infantry_line,163,169.11050819548925
15422,1,infantry_line,229,216.80358829835015
15423,2,infantry_line,334,338.48731918547116
15424,4,infantry_line,182,171.36187179003585
15425,1,infantry_line,328,292.22336266825545
15427,2,infantry_line,397,391.8895927049042
15428,2,infantry_line,313,423.5304354522787
15430,3,infantry_line,465,443.8935302562759
15431,3,infantry_line,366,327.44683581359794
15432,4,infantry_line,319,308.77842977346063
15433,2,infantry_line,739,666.912834609195
15434,4,infantry_skirmishers,288,251.76546805297957
15436,1,general,119,126.85345342283891
15437,3,general,617,607.6380154269208
15438,1,general,205,190.19957536249203
15439,0,general,72,101.62477669294103
15441,1,general,191,190.23982060120505
15442,3,general,168,167.89219334151264
15443,1,general,158,154.3000763093985
15444,0,general,108,127.29117140617358
15445,4,general,208,200.6172939655085
15447,0,general,320,364.2823005480623
15448,4,general,132,130.57368957461804
15449,3,general,437,463.06175094026025
15450,2,general,288,282.44309907751176
15451,0,general,415,417.97854040229356
15452,1,general,589,505.90554969995264
15455,1,infantry_grenadiers,580,578.8790586644624
15456,0,infantry_light,467,350.49619176044047
15457,0,infantry_light,275,242.9396233119881
15458,4,infantry_light,570,480.33995666558513
15459,4,infantry_line,249,237.79154176873436
15460,3,infantry_line,224,212.47375050995035
15462,0,infantry_line,222,216.6651572703972
15463,4,infantry_line,206,204.95679173082752
15464,4,infantry_line,287,348.1040102078822
15465,3,infantry_line,429,434.40871030178164
15467,1,infantry_line,401,401.9312585296681
15468,4,infantry_line,396,395.7368246991049
15469,1,infantry_line,237,218.31436193382933
15470,0,infantry_skirmishers,184,200.77309731924797
15471,1,infantry_skirmishers,262,297.499417978576
15473,4,general,251,206.95103260254572
15474,3,general,190,178.73071684704632
15475,3,general,501,532.0915265940014
15476,0,general,220,240.72054661184325
15477,0,general,554,607.0738988052191
15478,2,general,651,702.051612678362
15481,0,infantry_light,364,309.44090007508873
15482,3,infantry_line,296,282.7933235619702
15483,3,infantry_line,477,486.21265561021494
15484,0,infantry_skirmishers,223,185.37813723862146
15485,0,infantry_skirmishers,332,368.79407729019374
15486,0,artillery_foot,732,670.0087874314302
15487,2,artillery_horse,842,865.4383008090805
15488,0,cavalry_light,280,290.2082998070001
15489,4,cavalry_standard,988,1043.38538335365
15490,1,general,985,1076.2362142346994
15491,4,general,141,192.36167699995335
15493,2,general,247,228.90072588475215
15494,4,general,122,139.01230753807494
15496,3,general,394,386.80413592870383
15497,2,general,140,163.3988257606951
15498,4,general,101,112.16770978142665
15500,0,general,261,234.12676198017658
15501,0,general,113,146.65124562548752
15502,1,general,207,186.29078959934427
15503,2,general,338,275.9538371635526
15504,1,general,98,129.31519421366937
15506,3,general,264,243.6694797918554
15508,0,general,218,202.6044824818248
15509,2,general,342,402.31738891456115
15511,4,general,244,215.03325226480843
15512,0,general,153,176.67137202467342
15513,3,general,154,138.16217230357134
15514,0,general,283,233.1698729125952
15515,1,general,245,209.15444773471495
15516,0,general,259,261.5150145557041
15518,3,general,274,237.591504608018
15519,4,general,232,207.8552665176669
15522,2,general,206,186.69888298760713
15523,3,general,274,237.591504608018
15525,3,infantry_grenadiers,576,519.6279660682331
15527,0,infantry_light,172,153.18854082405457
15528,2,infantry_light,449,385.62813889740363
15529,3,infantry_light,315,289.1922849441712
15530,0,infantry_light,348,283.27881862305406
15531,4,infantry_line,315,309.79151378773514
15532,0,infantry_line,203,189.54979818922413
15534,0,infantry_line,182,200.873246200534
15535,1,infantry_line,362,336.68568311351333
15536,4,infantry_line,173,185.82154653978117
15538,3,infantry_line,369,353.5277260898617
15539,4,infantry_line,247,220.06040612961112
15540,3,infantry_line,459,575.6608839622573
15541,2,infantry_line,318,286.92235807758277
15542,4,infantry_line,314,280.7645004523158
15544,0,infantry_line,269,231.06728058277972
15545,1,infantry_line,306,274.7470390780997
15546,3,infantry_line,409,455.54934022739616
15547,4,infantry_line,330,328.29002062921984
15548,1,infantry_skirmishers,309,308.68565552603985
15549,3,infantry_skirmishers,292,281.33224156629115
15550,3,infantry_skirmishers,178,143.9776014123848
15551,4,infantry_skirmishers,201,192.72536868089261
15552,3,artillery_foot,196,205.22919981953612
15553,4,artillery_foot,381,407.2188381921568
15554,4,artillery_horse,635,645.9278378588589
15556,2,general,202,193.28036942559595
15557,3,general,136,143.2436994771605
15558,0,general,404,389.10142865433863
15559,0,general,300,251.70419034491414
15560,3,general,493,496.0604211550625
15561,0,general,355,301.5588499043007
15563,0,general,199,220.31268816902352
15565,4,general,67,123.06349754028126
15566,4,general,226,212.01631556298733
15568,3,general,58,85.90683752413246
15569,2,general,127,130.9316640009973
15572,2,general,391,369.07565715348653
15573,1,general,465,516.02744495958
15574,4,general,411,426.37835407718313
15575,2,general,439,451.5940953477252
15576,4,general,184,212.4042520712431
15577,2,infantry_grenadiers,337,349.4015656484907
15578,0,infantry_grenadiers,342,357.1567298510314
15579,2,infantry_light,408,364.27746816230524
15580,2,infantry_light,212,227.00621429534323
15582,1,infantry_light,528,550.7947709821481
15584,2,infantry_line,243,231.91529748655222
15585,4,infantry_line,225,205.6129411743486
15586,2,infantry_line,206,198.31605867983743
15587,3,infantry_line,187,192.78721928955403
15588,1,infantry_line,286,271.13279524939753
15589,3,infantry_line,128,145.10807323801504
15590,1,infantry_line,162,146.0125796231658
15591,3,infantry_line,165,175.49831125844145
15592,1,infantry_line,119,109.4718577527822
15593,1,infantry_line,499,500.556819530911
15594,1,artillery_horse,366,351.72596420912487
15596,0,cavalry_light,420,398.0498137973956
15597,4,general,291,279.48350108962035
15598,3,general,65,80.78797724865547
15599,2,general,474,418.61638995982133
15601,1,general,133,144.24209868227322
15602,0,infantry_grenadiers,298,314.24002255483776
15603,2,infantry_line,139,117.1809078444646
15604,0,infantry_line,357,343.9923141533437
15606,1,artillery_foot,285,246.28932783050857
15607,1,cavalry_standard,690,693.4566654494773
15608,3,general,575,559.3471671135943
15609,2,general,154,153.31742392759438
15610,2,general,154,153.31742392759438
15611,4,general,449,484.80465938456956
15612,1,infantry_grenadiers,222,236.15127738315257
15614,4,infantry_line,220,209.9393302550439
15615,2,infantry_skirmishers,186,230.87251550216743
15616,3,cavalry_light,559,554.8297264753052
15617,4,cavalry_standard,584,618.9370471908759
15618,0,cavalry_standard,703,748.6223532047067
15619,3,general,245,236.85517863451923
15620,2,general,545,573.457975159382
15621,3,general,240,209.14681278187592
15622,1,general,236,211.43510840575888
15623,1,general,474,493.33577870469685
15624,4,general,415,365.14660761756
15625,4,general,191,205.10286429868992
15626,0,general,402,392.98157347283194
15627,0,general,112,147.36098321881914
15628,4,general,584,587.4779233312413
15629,4,general,464,425.759637346044
15630,3,general,675,713.1643324633799
15631,3,general,359,330.86872391883765
15632,1,general,620,678.6699462691864
15634,3,general,205,202.31704720246543
15635,2,general,880,882.0077813398648
15636,3,general,168,165.07975620387435
15637,1,general,240,211.56539792421347
15639,0,general,561,610.8803203620855
15640,2,general,328,252.05818170586866
15641,4,general,80,125.53922200100835
15642,2,infantry_grenadiers,479,433.8127554848451
15643,2,infantry_grenadiers,823,794.5069525491793
15644,0,infantry_light,344,301.15101206273255
15647,3,infantry_line,300,264.32685365650696
15648,1,infantry_line,187,199.53585604345338
15649,3,infantry_line,189,209.6770229493131
15651,0,infantry_line,534,539.1745780216073
15652,1,infantry_line,374,319.81410633193985
15653,2,infantry_line,355,269.5280962138602
15654,2,infantry_line,353,322.4520592864429
15656,4,infantry_line,545,495.3752305845522
15658,1,artillery_foot,632,575.2500268763266
15660,1,cavalry_light,758,724.7504464286955
15661,1,cavalry_light,588,483.17434041314453
15662,2,cavalry_light,380,365.3131350456759
15663,3,cavalry_light,707,674.4102256904638
15666,4,cavalry_standard,384,388.41923494386697
15667,0,cavalry_standard,782,822.7491096854443
15668,2,general,688,621.6082148097256
15669,1,general,175,197.15248996141173
15670,2,general,250,247.9179161257965
15671,0,general,216,206.3324115849832
15673,0,general,380,374.0403994708989
15674,0,general,343,281.6784085343184
15675,4,general,591,581.242772945297
15677,2,general,310,323.8868671167238
15678,2,general,135,125.57979609466769
15679,3,general,217,261.42383471107297
15680,4,general,180,214.76913383869993
15681,1,infantry_grenadiers,372,369.252780849611
15682,0,infantry_line,319,314.7701445797946
15683,3,infantry_line,163,157.02475925901834
15684,1,infantry_line,227,222.60236540838932
15685,2,infantry_line,293,311.00394777064264
15686,2,cavalry_standard,928,968.0208360781245
15687,0,cavalry_standard,643,586.2001690781858
15688,1,general,412,390.2330210126925
15690,2,general,753,754.36134883749
15691,0,infantry_line,392,374.5196301346953
15692,2,cavalry_standard,357,360.3845136706301
15693,4,cavalry_standard,357,358.6771767298229
15694,2,general,389,365.7004858658685
15696,3,general,251,249.16796488669098
15698,0,cavalry_light,263,300.5137678915313
15699,2,general,68,124.4185905472035
15700,2,general,86,148.03421707210535
15701,2,general,147,151.13374661283152
15702,1,general,133,173.881065495801
15703,0,general,152,200.14001409294545
15704,0,general,228,206.47852626239117
15705,0,infantry_light,205,213.13896442199396
15706,2,infantry_light,194,241.97036426580152
15707,4,infantry_light,148,174.02141098869882
15708,2,infantry_line,251,237.12057504057807
15709,1,infantry_line,109,130.85426773237467
15710,1,infantry_line,234,233.0289101450818
15712,2,cavalry_heavy,1165,1153.8497253277353
15713,4,cavalry_lancers,847,875.8813140461098
15714,4,cavalry_lancers,1019,1059.1500975223091
15715,3,cavalry_light,836,768.5547418975601
15716,1,cavalry_light,805,813.0911089555564
15717,1,cavalry_light,1158,1344.2201649442436
15720,0,general,621,524.7906838321452
15722,1,general,1157,1458.2823801205209
15723,4,general,966,922.5980447843117
15724,0,general,116,138.0205192860953
15725,4,general,682,653.7748951412927
15727,0,general,944,943.6327709676486
15728,4,general,255,236.21478301086665
15729,4,general,391,360.2171322980217
15733,0,infantry_line,203,198.1653643698306
15734,1,infantry_line,155,144.6780918474143
15736,3,infantry_line,249,239.90563952836533
15737,2,infantry_militia,94,106.89753521142202
15738,3,infantry_militia,120,116.31426261346122
15739,2,infantry_militia,116,151.23463670880946
15740,0,cavalry_standard,328,334.43283051042044
15741,1,general,97,144.88637496839652
15742,2,general,121,169.07129058559863
15746,3,infantry_line,229,275.18501213910844
15748,2,infantry_line,400,326.37558491981866
15750,1,general,209,191.84353165074705
15752,1,infantry_line,276,257.86502109340296
15753,3,infantry_line,157,126.08628207595183
15754,1,artillery_horse,507,470.0025161517221
15755,3,cavalry_light,392,372.782486145216
15757,2,cavalry_light,292,292.48401597216986
15758,3,cavalry_standard,688,661.206671870144
15761,0,general,100,101.36361962128257
15762,0,general,470,441.90174459402084
15763,2,general,148,165.40374615402234
15764,0,general,267,275.1011033285825
15765,4,general,578,546.041544931974
15767,0,general,737,749.850094586564
15768,4,infantry_light,214,207.9090819723343
15769,0,infantry_line,140,129.5783386183626
15770,0,cavalry_standard,503,467.1077623734208
15771,1,cavalry_standard,439,417.8106310051777
15772,4,general,313,313.9708681261697
15773,2,general,456,421.39713057920517
15774,0,cavalry_standard,906,922.1928673334626
15775,1,cavalry_standard,811,797.8778519668311
15776,4,general,688,656.9878920816091
15778,1,cavalry_standard,880,897.5954102050032
15779,2,cavalry_standard,603,593.0971081110818
15780,0,cavalry_standard,695,730.4189524013283
15781,3,cavalry_standard,810,805.1876249063221
15782,0,general,649,637.7597085446945
15783,4,general,626,672.7984251985987
15785,0,general,875,907.9810076658456
15786,2,general,212,193.31603381016436
15787,3,general,228,223.00643967270304
15788,1,infantry_line,223,206.7402627862835
15789,3,infantry_line,248,226.88238219260072
15792,4,cavalry_standard,768,742.8205585611399
15793,2,cavalry_standard,870,926.8584620646371
15794,2,cavalry_standard,934,978.4923023242956
15795,4,cavalry_standard,573,523.303751668391
15796,1,general,764,734.4750639624374
15797,4,general,865,963.382712234406
15798,1,general,993,1099.413781357912
15799,0,general,435,419.04807658996
15800,1,general,26,80.84469062352399
15801,0,general,378,366.57377275141647
15802,0,infantry_line,130,126.57602919164566
15803,0,infantry_line,234,206.10586360629202
15804,1,infantry_line,87,96.15270454646377
15805,4,infantry_line,107,121.22806260335156
15806,4,artillery_foot,1136,1135.5878862195068
15807,2,artillery_foot,356,335.34420740722805
15809,2,artillery_foot,917,916.0416808025727
15811,4,artillery_foot,505,541.4649292027362
15812,0,artillery_foot,502,551.3369252290407
15814,2,artillery_foot,678,656.1062168756943
15815,4,artillery_foot,1413,1311.3020830389976
15816,3,artillery_foot,325,332.4642957792073
15818,4,artillery_foot,483,521.1104013247342
15819,3,artillery_foot,319,325.5617941757455
15820,1,artillery_foot,606,617.3902536858069
15823,3,artillery_foot,467,460.78064243846615
15824,0,artillery_foot,449,454.9059815576877
15825,0,artillery_foot,289,273.6624414391309
15826,4,artillery_horse,576,586.3596271881491
15827,4,artillery_horse,915,950.1081679012707
15828,1,artillery_horse,486,448.9907341026595
15830,3,general,323,308.40772173748707
15831,4,general,1569,1673.7893011328001
15832,2,general,424,464.5077397598787
15833,3,general,336,358.13314626860705
15834,3,general,1453,1471.8456127891204
15835,0,general,281,281.0306462254705
15836,0,general,583,550.312359738864
15837,0,general,281,281.0306462254705
15838,3,general,159,160.52082872574866
15839,2,general,420,418.4082445653139
15840,2,general,466,475.0488670210012
15841,2,general,741,734.5395140176172
15842,3,general,159,160.52082872574866
15843,3,general,159,160.52082872574866
15844,1,general,574,566.86521630053
15845,1,general,574,566.86521630053
15846,3,general,159,160.52082872574866
15849,4,infantry_skirmishers,233,229.1387952522562
15851,3,infantry_skirmishers,185,202.17042807380315
15852,4,infantry_skirmishers,302,290.08096679381003
15855,0,general,393,354.6234557431588
15857,0,general,638,660.3519917208456
15858,1,general,806,790.4068520582149
15860,3,general,911,952.3176447778466
15862,1,general,1239,1302.6131115697915
15863,4,general,622,544.6730212159811
15864,1,general,802,828.0021877094191
15865,0,general,831,804.1677765890993
15866,2,general,359,284.20010112417685
15867,4,general,415,348.317146793163
15868,3,infantry_grenadiers,711,779.7118950497256
15871,1,infantry_light,1018,1035.1602898821766
15872,4,infantry_light,736,726.7751511700989
15873,3,infantry_line,282,276.7624949997417
15874,2,infantry_line,522,517.6506180449828
15877,2,general,437,394.46472733370285
15879,0,general,247,209.45649677040598
15880,3,general,109,136.8737129422547
15881,0,general,184,205.19811552395245
15882,1,general,314,266.0957819613276
15883,1,general,495,437.56495171970397
15884,3,general,488,440.9713482972263
15885,4,infantry_light,424,396.4123157725435
15887,1,infantry_line,308,321.0453241581872
15888,3,infantry_line,223,251.87949723984417
15890,4,infantry_line,355,376.50169477744276
15891,1,infantry_line,478,438.5713264414934
15892,0,infantry_line,613,668.2608126563257
15893,0,infantry_line,546,578.1554976026866
15895,2,general,118,130.6790191849225
15896,2,general,385,323.63894968750185
15897,2,general,589,619.9096162999083
15898,0,general,1066,1118.551252887078
15899,0,general,871,865.4018880061271
15900,0,general,412,325.07210087217265
15903,0,infantry_light,911,926.5665047966947
15904,2,infantry_line,496,505.0325287536843
15905,4,infantry_line,512,565.6720443990778
15906,4,infantry_line,190,204.59188622122917
15907,1,infantry_line,769,760.5368714298316
15909,0,infantry_line,390,355.7074613113474
15910,0,artillery_foot,448,446.37177962939916
15911,2,artillery_foot,1071,1081.4557587549605
15912,3,artillery_horse,732,718.0619246936683
15913,2,general,151,146.50927095911985
15914,2,general,317,297.90772578032596
15915,0,infantry_line,366,359.7864378271237
15916,0,infantry_line,258,263.7551185537217
15917,3,artillery_foot,287,317.36999362019134
15918,2,cavalry_light,1165,1400.951615156074
15919,4,cavalry_light,1011,1041.2780649850718
15920,0,general,955,1007.7188113656955
15921,2,general,257,210.9618108312277
15922,3,general,330,284.883908397842
15923,4,general,477,428.4805230799907
15924,3,general,722,748.9397223034539
15925,2,general,86,108.54006713644465
15926,1,general,188,160.1355733774737
15927,3,general,652,630.9658628346997
15928,3,general,827,750.6804564648965
15930,0,general,212,274.2240706867838
15931,4,infantry_light,625,671.1722693671852
15933,1,infantry_line,688,693.9256901977453
15934,3,infantry_line,384,377.7519189427229
15935,0,infantry_line,181,180.06249803087474
15936,3,infantry_line,166,170.54773810974524
15937,3,infantry_line,372,355.30527847793627
15938,1,infantry_line,291,338.56768893244356
15939,2,infantry_line,326,428.32635626954175
15940,1,artillery_foot,897,871.898179542741
15941,0,general,438,424.6656271567141
15942,3,general,432,386.8907740048932
15943,2,general,404,353.83298764183826
15945,2,general,597,529.4802863933148
15946,3,general,463,346.56682283224575
15947,3,general,399,334.72709070387896
15948,4,infantry_light,552,518.3751269915861
15950,3,infantry_line,295,291.26381410601425
15951,1,infantry_line,453,441.5945827495737
15952,4,infantry_line,773,892.764667394089
15953,3,infantry_line,502,460.1118377985556
15954,2,infantry_line,564,506.26126035820306
15955,4,infantry_line,459,466.99338580112686
15956,2,general,250,212.1400223897555
15957,2,general,435,380.6645772452658
15959,4,general,321,280.0446657943544
15960,3,general,355,443.85762559209
15961,3,general,960,1055.4835799744799
15962,4,general,587,552.8779896185436
15963,4,infantry_grenadiers,669,901.2471927855416
15964,3,infantry_light,369,423.92496704737056
15965,1,infantry_light,618,584.8367917628991
15966,4,infantry_line,397,402.67507266535176
15967,3,infantry_line,363,342.26442019374906
15968,0,infantry_line,423,439.40498416415676
15969,4,infantry_line,869,952.461309266387
15970,4,infantry_skirmishers,306,314.40922432110705
15971,2,artillery_foot,317,353.14371861445704
15972,1,artillery_horse,901,958.1657799317743
15973,2,general,744,699.3856458584963
15975,3,artillery_foot,528,468.4950069191335
15976,4,general,446,385.73879810015086
15977,4,general,344,351.6733166779888
15979,3,general,283,282.0610856681058
15980,0,general,314,420.91488321915165
15982,1,infantry_light,398,482.21226276267635
15984,2,infantry_line,653,686.0041371001712
15986,0,infantry_line,385,544.6194314432049
15988,1,general,336,306.94088247936344
15989,0,general,174,163.42987536081932
15990,0,general,1146,1279.8568150446924
15991,0,general,736,690.8758584843007
15992,2,general,1045,806.4515142550906
15993,2,infantry_grenadiers,875,753.7490320234783
15995,3,infantry_line,392,421.2322173252961
15996,0,infantry_line,1018,1062.6813365540393
15997,4,infantry_line,849,895.9102579146735
15998,4,general,583,625.7619917201605
16000,4,infantry_line,550,602.3085396714471
16001,2,infantry_skirmishers,227,245.9749388466066
16003,0,infantry_light,484,490.10261184089205
16007,1,general,232,282.66796826923024
16008,3,general,2138,2212.1259937945915
16010,0,infantry_line,201,308.06987345036526
16011,4,infantry_line,270,327.0726766451079
16012,0,cavalry_heavy,2533,2427.4484515374943
16013,0,general,2720,2582.0014466460307
16014,0,infantry_light,533,582.1845273516997
16015,0,infantry_light,241,247.50348692702022
16016,3,infantry_line,361,380.288010109582
16017,3,cavalry_heavy,2290,2247.339211728981
16018,3,cavalry_lancers,855,763.553582188038
16021,1,general,401,341.8796976557917
16022,2,infantry_line,517,535.9375264445792
16023,1,infantry_line,530,507.7179271000061
16024,0,infantry_line,637,622.4321661145204
16025,0,infantry_line,499,489.8373579543001
16026,0,general,492,456.65825111990375
16027,4,infantry_line,446,467.1690416602658
16028,3,infantry_line,548,554.5396096325402
16029,2,infantry_line,541,578.0293092549531
16030,0,cavalry_lancers,988,989.400708970546
16032,2,cavalry_light,485,541.5677471533828
16033,0,general,559,497.7693345118682
16034,1,general,316,321.3277522840781
16035,0,cavalry_lancers,1164,1181.211411120314
16036,3,cavalry_light,1094,1076.511690152999
16038,3,cavalry_light,916,867.9590378258432
16039,1,general,864,788.4772926013568
16040,0,general,273,240.13289563277408
16041,2,general,1105,1083.6717761567093
16042,4,general,1035,1007.3333988155215
16043,1,general,740,640.1032969846639
16044,4,infantry_light,473,474.0085387706927
16045,3,infantry_light,578,589.9946466735613
16046,4,infantry_light,433,395.04266771797944
16047,2,infantry_line,329,323.7506674898279
16048,3,infantry_line,300,316.5518360836857
16049,1,infantry_line,432,433.93160390669135
16050,4,infantry_line,417,400.408278170241
16051,0,artillery_horse,694,667.4326774072214
16052,3,cavalry_light,1265,1255.7991617547632
16053,4,cavalry_light,1513,1647.5684244453591
16054,3,general,1066,987.516532239031
16055,3,general,1621,1807.3103701990633
16056,4,general,440,404.549636912568
16057,1,general,280,247.12225279465505
16058,4,general,677,687.7117337517825
16061,3,infantry_line,411,402.3351017210804
16062,4,infantry_line,271,283.5700770095727
16064,2,general,264,226.82287911185816
16065,0,general,262,217.2897994642586
16066,2,infantry_light,431,464.4668978155117
16067,3,infantry_light,460,482.78644785261173
16068,2,infantry_line,316,333.8756481534975
16070,0,infantry_line,368,372.5870468730276
16071,4,infantry_line,526,512.1183902303752
16072,3,infantry_skirmishers,236,243.21942434994114
16073,1,cavalry_standard,1023,984.9136682999587
16074,2,cavalry_standard,1140,1076.3423135765308
16076,1,cavalry_standard,699,696.4703686141736
16078,4,general,463,455.4621786939302
16081,2,general,315,336.0242721033423
16082,3,artillery_foot,918,984.8470520519226
16083,2,artillery_foot,521,599.6623716313708
16085,1,artillery_foot,444,401.0889784637729
16086,3,artillery_horse,690,662.8367350824515
16087,2,artillery_horse,1233,1276.9364106467592
16088,2,infantry_grenadiers,419,333.51498830570347
16089,1,infantry_skirmishers,184,227.10831728623273
16090,2,artillery_foot,898,840.9160144791115
16091,3,artillery_foot,566,618.3393665314031
16092,1,artillery_foot,1901,1893.8675785378896
16093,0,artillery_foot,1971,1982.9382617652225
16094,3,artillery_foot,1133,1212.328926429344
16095,4,artillery_foot,525,489.2769346080009
16097,2,artillery_horse,1647,1778.330739848875
16098,1,general,469,469.606816917033
16099,1,general,1407,1206.7467186130277
16100,1,general,266,268.545052135342
16101,4,general,1846,1866.5208200573386
16102,1,general,469,469.606816917033
16103,2,general,1,1.0
16104,0,general,792,707.8872582841673
16105,0,infantry_grenadiers,344,334.391858246709
16106,1,infantry_grenadiers,507,584.3317332326079
16108,2,infantry_skirmishers,331,277.30577950792446
16109,1,infantry_skirmishers,242,264.4212072994011
16110,1,cavalry_lancers,319,319.59396727688886
16111,1,cavalry_light,803,842.0268073665455
16113,4,general,382,361.29863469356746
16114,0,general,229,244.8752534609292
16115,0,general,102,97.7696814947122
16116,4,general,317,360.71639682076267
16117,2,general,149,137.91553867796836
16118,4,general,639,645.8726948331266
16120,4,general,169,218.5691122507107
16121,1,general,320,287.1051247430775
16123,0,general,443,441.30783110416485
16124,1,general,197,211.39394318912858
16125,0,general,275,239.31805027929144
16126,1,general,895,1211.337102142989
16128,1,general,292,286.69832565800186
16129,0,general,348,314.612979282389
16130,4,general,439,412.7574240190453
16131,4,general,547,593.6168490722915
16132,4,infantry_grenadiers,338,383.45160911830965
16133,2,infantry_grenadiers,349,391.45063205467403
16135,2,infantry_grenadiers,283,291.66568509307376
16136,0,infantry_light,304,314.2837543808629
16137,2,infantry_light,490,455.60271124382615
16138,4,infantry_light,264,266.20571473720236
16139,2,infantry_light,357,337.6484970634422
16140,1,infantry_light,555,528.5132236516733
16141,0,infantry_line,293,262.2654948018173
16142,4,infantry_line,258,234.06162179484087
16144,1,infantry_line,137,123.10759201281623
16145,4,infantry_line,661,736.7287481411714
16146,4,infantry_line,340,298.86391863695553
16147,4,cavalry_light,379,356.26436569255264
16149,3,general,236,209.5053983370059
16150,3,general,560,549.9197912482666
16152,1,general,287,295.37906904902275
16153,0,general,71,92.91904833851342
16154,3,general,135,136.2445923552163
16155,3,general,282,270.73029297299
16156,3,general,103,113.54974830514546
16157,1,general,341,306.8231678606827
16158,4,general,380,355.1846241165932
16159,2,general,261,237.09553003790901
16160,4,general,203,202.9620272523117
16161,1,general,150,158.4643844874962
16162,0,general,661,652.396305415994
16163,1,general,527,476.5280471128706
16164,2,general,331,314.804356665311
16165,1,general,457,479.7712416332735
16168,2,infantry_light,266,254.20283396973875
16169,1,infantry_line,365,364.4687502885955
16170,3,infantry_line,327,311.0326584785231
16171,2,infantry_line,176,157.05345269867527
16172,3,infantry_line,236,225.02959647236372
16173,1,infantry_line,207,180.42143093592432
16174,3,infantry_line,391,387.2381559651377
16175,4,infantry_line,120,116.6206595225776
16177,4,artillery_foot,163,151.12410108451786
16178,0,cavalry_lancers,520,452.75915994278125
16180,2,cavalry_light,402,366.20019688731793
16181,2,cavalry_light,543,535.4137367228533
16182,2,cavalry_light,382,362.82032848694416
16184,0,general,584,519.1521855535733
16185,2,general,204,233.98261202256
16186,1,general,300,276.6027081390204
16187,4,general,237,223.62776248368885
16188,3,general,247,219.74612847388704
16190,3,infantry_line,138,138.79814892910497
16192,4,infantry_line,374,371.45568980386497
16193,3,infantry_line,306,273.9884405976027
16194,1,infantry_line,352,333.6460843548634
16195,2,artillery_foot,333,362.26669165579176
16197,1,general,555,663.3303703380112
16199,2,general,1092,1104.4405636595613
16200,0,general,120,123.88305958692186
16201,1,general,188,225.6441010222468
16202,3,general,248,223.55143466890632
16203,1,general,496,484.37182285138147
16204,4,general,106,112.20275046381057
16205,0,general,759,737.2107461085196
16206,2,general,431,392.18681695737126
16207,1,general,512,559.4276888443269
16208,1,general,398,395.4981159860226
16209,4,general,336,326.578086402621
16210,4,general,588,532.9035406906878
16211,2,general,366,363.92511625074656
16212,4,general,393,368.83177072406755
16213,4,infantry_grenadiers,209,254.96298170512213
16214,2,infantry_grenadiers,584,524.1344655995679
16215,2,infantry_grenadiers,816,803.4156067705266
16216,1,infantry_light,415,411.96881451779586
16217,1,infantry_light,175,170.46677766590412
16218,1,infantry_light,512,509.4270720789393
16219,4,infantry_light,550,526.530831608723
16220,2,infantry_light,451,421.4780902979751
16222,4,infantry_line,348,326.6524646142078
16223,1,infantry_line,444,433.1044171167537
16224,1,infantry_line,363,344.2858784180774
16225,0,infantry_skirmishers,129,126.34218471379724
16227,3,cavalry_heavy,1471,1513.7012908477518
16228,3,general,176,160.32431578981885
16229,4,general,183,187.65009758365235
16230,4,general,1395,1504.5356531136645
16231,3,general,200,181.47616201175916
16232,3,general,86,104.26137571059691
16233,0,general,368,352.21749414565454
16234,3,general,378,368.21868782424093
16235,4,general,616,567.269365867575
16236,2,general,135,107.70354119422403
16238,4,general,699,723.3905385497595
16239,0,general,338,351.6034561483626
16240,0,general,265,301.94526688291563
16241,3,general,695,677.23492216681
16242,2,general,413,437.03906824828726
16244,3,infantry_light,250,255.74434623761414
16245,4,infantry_light,834,829.8124505140526
16246,0,infantry_light,603,575.1107744556517
16247,1,infantry_line,297,260.6897259398786
16248,1,infantry_line,423,385.30780293585434
16251,1,infantry_line,425,435.0520199270662
16252,3,infantry_line,334,353.06590373927526
16253,2,infantry_line,402,396.62663074528837
16254,1,infantry_line,178,134.60779495443703
16255,1,artillery_foot,303,338.7369925312231
16256,3,cavalry_heavy,1237,1244.917493311625
16260,1,general,260,229.45249532544736
16261,3,general,194,164.22145478052826
16262,2,general,129,131.24007947913887
16263,1,general,204,235.42853264953393
16264,2,general,76,94.6592168083933
16265,1,general,159,150.5187068080257
16267,4,general,1009,965.3065308096141
16268,4,general,394,362.24652568597685
16269,4,general,315,289.30840560051865
16270,3,general,441,426.66938701734693
16271,0,general,566,574.1345163148346
16272,3,general,409,391.07291530996116
16273,0,general,269,260.4959076018802
16275,1,infantry_grenadiers,881,810.8648595941111
16276,2,infantry_grenadiers,559,582.7537081911072
16277,2,infantry_grenadiers,472,453.03944773437905
16278,4,infantry_line,177,157.38783202137526
16279,4,infantry_line,195,173.17265495700644
16280,4,infantry_line,262,251.0216428638468
16281,3,infantry_line,194,170.23943620105655
16282,2,infantry_line,374,350.8591889391791
16283,3,artillery_foot,205,260.9181907528974
16284,2,cavalry_heavy,1149,1157.6500978936003
16285,1,general,128,197.40294338767296
16286,3,general,955,991.5643202140492
16287,2,cavalry_heavy,1179,1172.0799879452031
16288,4,general,979,999.6869255702597
16289,3,cavalry_heavy,1462,1425.5595673353941
16290,0,cavalry_lancers,286,263.2877127392332
16292,1,general,1463,1404.2310191416843
16293,3,artillery_horse,1918,1646.163597816322
16294,1,cavalry_light,679,687.7689843537154
16296,3,general,279,280.9244910896094
16297,3,general,557,544.2108794589055
16298,0,general,302,307.6158877505538
16299,4,general,564,459.2207746043505
16300,3,general,166,151.58930291782076
16301,2,general,266,225.6805030003128
16302,1,general,181,167.9266922244626
16303,4,general,121,130.66063645549409
16304,2,general,181,168.9057347145534
16305,1,general,376,410.1332135939931
16306,4,general,489,477.5186553001052
16307,2,general,197,235.93538115003963
16309,4,infantry_grenadiers,271,296.9314345304521
16310,0,infantry_light,294,297.2313289235094
16311,2,infantry_light,603,591.0312515179138
16312,4,infantry_line,245,214.03977534217765
16313,4,infantry_line,274,250.03486041886583
16314,2,infantry_line,288,296.18094132667375
16315,1,infantry_line,289,261.42357604692705
16316,4,infantry_line,226,210.34435497104124
16317,1,cavalry_heavy,887,867.5662129705347
16318,0,cavalry_lancers,957,961.3160192235284
16319,0,cavalry_light,459,453.5555604697781
16320,3,cavalry_light,258,270.4917379537986
16321,4,general,49,79.7473264747368
16322,0,general,151,152.37811189823975
16323,4,general,214,186.37133390746658
16324,1,general,205,222.6006322025645
16325,3,general,893,981.0127500144206
16326,4,general,456,434.2385968590943
16328,1,general,634,741.66397407375
16329,0,general,243,258.25672278242683
16330,0,general,96,111.25158882548126
16331,0,general,81,104.81928178100445
16332,1,general,245,244.78188766021523
16334,1,general,531,591.8269107767218
16335,4,general,695,822.218640602892
16336,1,general,56,89.91585791663874
16337,1,general,469,476.5985032349566
16339,0,infantry_light,294,317.6138029148831
16340,0,infantry_light,183,187.73838564033227
16341,4,infantry_light,176,166.99708996572647
16342,3,infantry_light,165,150.03928854998748
16344,4,infantry_line,151,141.19040476740807
16345,4,infantry_line,579,596.0130189803039
16346,1,infantry_line,586,620.6519659383337
16347,2,infantry_line,314,291.1216252340696
16348,2,artillery_foot,403,401.55056090053574
16349,1,cavalry_lancers,457,442.6295273306012
16350,4,cavalry_lancers,320,319.979396388299
16351,2,cavalry_light,810,824.9493789447469
16353,2,cavalry_light,407,418.8418548089806
16354,3,cavalry_light,450,424.8160057267574
16355,2,general,284,316.3776139808962
16357,2,general,184,144.75295257647767
16358,0,general,14,75.26376037715
16361,0,general,76,107.7100874030654
16362,3,general,327,282.7852134091655
16363,2,general,80,105.01591393765207
16364,3,general,119,130.90166853644726
16365,2,general,415,391.12468509108527
16366,1,general,688,741.1612131287046
16367,0,general,185,285.60244302423627
16368,2,general,489,478.9635409238128
16371,0,general,437,354.26270248053726
16372,3,infantry_grenadiers,330,294.72489068655767
16373,3,infantry_light,195,176.957522607534
16374,4,infantry_light,543,575.8444196261455
16375,0,infantry_light,544,548.3945514644838
16376,2,infantry_light,476,450.6184982931891
16378,2,infantry_line,279,253.47331167416587
16379,0,infantry_line,150,151.22489352721064
16380,2,infantry_line,182,165.8458931978965
16381,3,infantry_line,96,116.41458586926012
16383,0,infantry_skirmishers,230,232.39039856148332
16384,0,artillery_foot,531,583.3759717956975
16386,0,artillery_horse,584,558.1384644996544
16387,1,general,763,798.8376214172919
16389,4,cavalry_heavy,1122,1159.9473755631195
16390,1,general,115,144.70203174883304
16392,0,general,1122,1144.4503889691016
16393,1,general,514,471.2076231225061
16394,3,general,518,505.94254860747805
16395,0,general,662,776.6078644053583
16396,4,general,506,488.3698040987096
16397,2,general,616,642.0397016470429
16398,4,general,820,780.8668532217196
16399,4,infantry_grenadiers,768,728.0057677266421
16400,3,infantry_grenadiers,447,411.6014547139387
16401,3,infantry_light,220,222.03259254320892
16403,1,infantry_line,619,629.8844510083449
16406,1,general,1033,1026.9791187886944
16407,0,general,271,273.23819527193643
16408,2,general,360,440.3956166824965
16409,1,general,615,681.9418366081467
16413,2,general,476,470.83733356180113
16414,3,general,434,412.85610742272104
16415,3,infantry_grenadiers,593,551.7741321588762
16416,4,infantry_light,494,487.5588498472061
16417,3,infantry_line,568,558.7309877814209
16418,0,infantry_line,368,403.64983836123497
16419,0,infantry_line,358,372.3664915606639
16421,4,cavalry_heavy,1156,1161.6946476732178
16422,3,cavalry_heavy,880,890.9066338051207
16423,0,cavalry_lancers,542,490.83938397763103
16424,0,cavalry_lancers,267,243.75512812378986
16425,3,cavalry_light,440,407.76088911113567
16427,2,cavalry_standard,1102,873.0712854559487
16428,1,general,735,732.7808984899492
16429,0,general,915,917.3164322739689
16430,3,general,119,176.6419646235876
16431,2,general,907,686.2020893124677
16432,4,general,302,290.1135313613945
16433,3,general,1307,1259.5395076951886
16434,4,general,529,478.293451364459
16435,1,general,683,857.6290332187244
16436,2,general,470,497.24252624861845
16437,0,infantry_line,581,627.3899363264704
16438,2,cavalry_heavy,1549,1464.476023660583
16439,1,cavalry_light,613,564.070688016775
16440,1,cavalry_light,320,311.9062766514324
16441,1,general,553,508.3896098140853
16442,3,general,1313,1257.9585529129547
16444,0,general,399,444.0925428990096
16445,0,infantry_line,383,377.9634680874586
16446,1,artillery_foot,560,513.2531263395355
16447,3,artillery_horse,1518,1817.4089238735523
16448,4,cavalry_heavy,1132,1100.9672591226638
16449,1,general,1363,1178.2267774616073
16450,0,general,1059,1014.1058228938297
16451,3,cavalry_heavy,1223,1228.484323705199
16452,2,cavalry_lancers,245,234.96603945150432
16454,3,general,1144,1160.9495371257826
16457,4,cavalry_light,358,359.4567444574223
16458,2,general,292,293.58049653326754
16459,3,general,177,242.90196502085968
16460,3,general,243,262.09936054634346
16461,2,general,124,199.76810388976472
16462,3,general,596,648.3852177618606
16464,2,infantry_line,195,251.971283687736
16465,1,infantry_line,524,507.93549470539335
16466,2,infantry_line,453,489.75658836521063
16467,1,cavalry_light,365,368.963809937771
16468,0,cavalry_light,413,395.76193931386285
16471,4,general,257,270.92335579325595
16473,4,general,223,243.73268671738256
16474,3,general,205,225.06881129955752
16475,2,general,357,325.4040533952584
16476,4,general,666,640.9160991714996
16477,3,general,923,1131.5822304037827
16478,2,general,673,846.0371287196563
16479,0,general,231,240.00747052829502
16480,2,infantry_grenadiers,588,557.0915958076953
16481,3,infantry_line,339,351.02487196601504
16482,4,infantry_line,624,669.3375398982505
16483,3,cavalry_light,812,842.5821143109046
16484,1,cavalry_light,359,347.2930220257667
16485,3,cavalry_light,557,527.8492586998253
16486,4,cavalry_light,340,333.1330155648528
16487,2,cavalry_light,696,726.6347909731749
16488,0,general,816,849.9532885672295
16489,2,general,388,318.69212709187553
16490,3,general,262,268.3237538794132
16491,3,general,688,713.7275651905053
16492,0,general,637,786.3096364471965
16493,0,general,452,412.18640413959696
16494,0,general,380,398.3519104757135
16495,1,general,460,482.9991797056027
16496,1,infantry_line,446,434.4928638805033
16497,1,cavalry_standard,879,802.6395656366359
16498,4,cavalry_standard,539,508.2116189612008
16500,1,general,284,252.65826422498165
16502,4,infantry_line,342,310.42959394119947
16503,0,infantry_line,226,208.00426561986714
16504,1,infantry_skirmishers,116,111.60391647746266
16505,4,cavalry_standard,539,525.2416162646407
16507,1,general,550,512.5584265243563
16508,0,general,449,450.13053086617384
16509,3,artillery_horse,974,954.2747320316417
16510,4,artillery_horse,325,291.3877098586656
16511,0,cavalry_lancers,369,353.3233207882147
16512,0,cavalry_lancers,558,504.93266976979874
16513,3,cavalry_lancers,541,484.0658727682858
16514,2,cavalry_light,436,437.04835926858505
16515,3,cavalry_light,411,398.19986547485905
16516,1,general,493,437.5600073394173
16517,3,general,285,293.2518890027364
16518,3,general,534,487.42254163373104
16519,0,general,229,241.3695835103752
16520,1,general,391,410.4169832065054
16521,4,cavalry_heavy,2274,2710.9887254728496
16523,3,cavalry_lancers,642,616.3085037648117
16524,1,cavalry_lancers,314,317.7015953865272
16525,4,cavalry_lancers,661,655.5866059910086
16526,4,cavalry_lancers,706,679.3397967183284
16527,0,cavalry_light,337,319.5788773731227
16528,3,cavalry_light,688,689.3789455132588
16529,1,cavalry_light,696,699.3067807158544
16531,3,cavalry_light,344,352.4868733617711
16532,2,cavalry_standard,1478,1721.7797792184683
16533,0,general,356,334.7743058673964
16534,2,general,416,366.3506285540039
16537,1,general,241,254.0368831642404
16538,0,general,693,672.6491119248982
16539,0,general,267,271.3410114595446
16540,0,general,198,230.32763852856903
16541,0,general,488,451.0920483309962
16544,2,general,751,761.5888959692413
16545,4,general,1394,1990.007818263888
16546,3,infantry_line,131,114.20092217714823
16547,3,infantry_line,225,208.53189916185065
16548,1,artillery_horse,1206,1215.689267764729
16549,1,cavalry_lancers,434,392.3653637430585
16550,3,cavalry_light,595,547.8811900094731
16551,3,cavalry_light,753,756.7136166327309
16552,4,cavalry_light,278,278.1188048318676
16553,0,cavalry_light,649,620.6363317306941
16554,1,cavalry_light,344,343.1119698283819
16555,1,cavalry_light,357,346.9699192247829
16556,1,cavalry_light,1324,1479.290433323647
16557,0,cavalry_light,716,759.0924894007687
16558,2,general,536,483.55821305356227
16559,4,general,1232,1568.356708571517
16561,4,general,470,562.8491724985488
16562,4,general,310,319.00200645535097
16564,0,general,593,601.9428185108438
16565,3,cavalry_lancers,1027,1186.2972838368667
16566,4,general,844,885.8167761049507
16568,4,infantry_light,282,273.0949999253937
16569,0,cavalry_heavy,1062,967.3981320744205
16570,1,cavalry_lancers,999,1077.7266450941604
16571,3,general,996,1177.6454323648782
16572,1,artillery_foot,1491,1191.4871444204248
16573,2,artillery_foot,1428,1151.4232478035826
16574,4,artillery_foot,810,835.1920487666905
16575,0,artillery_foot,672,685.3581783240422
16576,3,cavalry_heavy,848,825.7269579565664
16577,2,cavalry_heavy,1224,1209.3963437237064
16579,4,general,1069,1063.5397306570812
16580,4,general,1706,1685.385225574062
16581,2,general,1661,1573.7268076011871
16582,2,general,1506,1702.6529655492536
16583,1,general,713,696.0494187091624
16586,0,artillery_horse,973,944.8415670046791
16588,1,cavalry_heavy,794,830.1866933150069
16589,3,general,1377,1482.7101575894176
16590,3,general,630,680.59196312236
16592,3,general,902,892.4326981639933
16593,3,artillery_foot,714,777.5890814550387
16594,3,artillery_foot,720,745.6930729678393
16596,1,artillery_horse,415,387.4360074777423
16597,1,general,569,596.8812692190398
16598,4,artillery_horse,788,818.4827481027786
16600,3,general,433,471.1250059833266
16601,2,general,144,178.16279473293184
16602,3,infantry_grenadiers,263,269.447568521546
16603,1,infantry_skirmishers,189,198.8500757634579
16604,0,artillery_foot,296,220.6685786941348
16605,4,artillery_foot,610,607.899730429332
16606,4,artillery_foot,307,282.64840524576846
16608,0,artillery_foot,522,549.1918150961213
16609,0,artillery_foot,614,649.864109023487
16610,4,artillery_foot,743,742.475763085385
16612,3,artillery_foot,607,633.2172787665158
16613,0,artillery_foot,710,788.8359938700702
16616,1,artillery_foot,383,320.1103871895358
16617,3,artillery_foot,233,250.36159114124678
16618,2,artillery_horse,733,785.9647163160107
16619,0,artillery_horse,1103,1161.9364276255092
16621,4,artillery_horse,649,566.343338971889
16622,1,artillery_horse,1126,1115.1712003742325
16623,3,artillery_horse,974,954.2747320316417
16624,4,artillery_horse,912,979.3933432136405
16625,2,general,631,665.1138656954307
16626,1,general,255,254.63659377532096
16627,2,general,55,55.76566730532121
16628,3,general,548,581.7983656508989
16629,2,general,513,530.9107297255744
16630,3,general,348,275.2835971618748
16631,1,general,2221,2423.816658879706
16632,2,general,55,55.76566730532121
16635,3,general,145,145.46935258440934
16636,2,general,1,1.0
16638,2,general,895,1024.6134392872527
16639,0,general,674,665.48185949662
16641,1,general,522,514.8827852685625
16642,0,general,674,665.48185949662
16643,2,general,534,545.5987956598316
16644,1,general,255,254.63659377532096
16645,0,infantry_grenadiers,166,147.71938540615318
16646,1,infantry_grenadiers,499,505.84336485329237
16647,1,infantry_skirmishers,208,213.4580376460464
16649,3,infantry_skirmishers,196,200.709445674871
16650,3,infantry_skirmishers,197,200.69262681026353
16651,1,cavalry_light,597,572.24847743066
16653,2,general,205,181.92109322161323
16654,2,general,239,222.85808892582617
16655,2,general,648,578.5284827317341
16656,1,general,73,93.3366750435951
16657,4,general,344,310.97157351684723
16659,3,general,578,624.9493725263859
16660,3,general,879,990.0442714806874
16661,2,general,688,758.5603721845957
16662,1,general,382,358.83869276434643
16663,1,general,192,202.08695960598033
16664,0,infantry_grenadiers,807,928.4120923762655
16665,1,infantry_light,299,315.7752835066124
16666,2,infantry_light,291,324.1325770753475
16667,2,infantry_light,607,609.7857266913946
16669,2,infantry_line,303,310.71802589225587
16670,3,infantry_line,177,183.12903062710322
16671,3,infantry_line,329,332.0479975444586
16672,4,infantry_line,307,307.19455633866244
16673,0,general,237,220.82118808641354
16674,4,general,374,336.57025829957007
16675,1,general,428,411.2016427467528
16676,4,general,204,180.93746391123668
16678,1,general,732,763.2455442203639
16679,2,general,535,473.9337573842422
16680,0,general,804,932.451495732091
16681,1,general,343,276.439612127094
16682,4,infantry_light,290,294.99381330129273
16683,3,infantry_light,537,535.6483453491091
16684,1,infantry_line,219,217.62062142675896
16685,2,infantry_line,480,475.93300322847296
16686,3,infantry_line,123,140.98152878950557
16687,3,infantry_line,457,444.95619622111485
16689,1,infantry_line,845,946.9191810992099
16690,0,infantry_skirmishers,249,263.1610842906465
16692,4,cavalry_standard,662,669.3347148909384
16693,0,general,521,466.4454406707839
16694,2,artillery_foot,671,679.1969360216142
16695,1,general,533,512.6634243848652
16696,1,general,476,491.23159899103035
16697,2,general,148,154.4324056008834
16698,0,general,112,134.89567833145736
16699,0,general,409,379.0217335180444
16700,4,general,284,229.46528975475243
16704,3,infantry_line,178,177.28391229133092
16705,2,infantry_line,247,249.6092096459855
16706,1,infantry_line,211,229.81891511516795
16707,4,infantry_line,433,388.6987849476932
16708,4,infantry_line,395,363.3434703570236
16709,3,infantry_line,509,537.9471694680825
16710,1,general,343,293.62215491788544
16711,3,general,477,434.6366677127554
16712,0,general,85,115.65859032060149
16713,2,general,427,380.0064503490076
16714,0,general,681,724.752252464976
16716,0,general,695,713.4349870490576
16717,2,general,415,391.4194598613817
16719,1,infantry_grenadiers,659,655.5067388695867
16720,3,infantry_light,587,569.5516558617703
16721,4,infantry_light,490,470.8882635999577
16722,2,infantry_line,189,200.68908572805327
16723,3,infantry_line,282,273.5110414070004
16725,1,infantry_line,469,474.0060383208236
16728,2,artillery_foot,364,353.4058622331968
16729,3,general,403,356.6615053827577
16730,2,general,125,132.95348852872218
16731,2,general,170,195.40566634251203
16733,3,general,223,209.35286356432667
16734,0,general,964,960.6654772596165
16735,4,general,735,657.4885795355739
16736,4,infantry_grenadiers,784,743.9638945664743
16738,0,infantry_line,233,231.18532554445068
16739,3,infantry_line,310,324.1290296165322
16740,1,artillery_horse,651,580.056927756492
16741,4,cavalry_lancers,1645,1607.2243771656981
16742,1,cavalry_light,1281,1407.1899836099262
16743,4,cavalry_light,1323,1522.9963493889718
16744,4,cavalry_light,860,825.0197008277013
16745,4,general,459,473.4386760425403
16746,1,general,741,724.7313031135282
16747,4,general,266,215.1005634918884
16748,4,general,476,404.269040806115
16749,0,general,287,415.99220705466894
16751,2,general,1573,1643.8326291628973
16752,2,general,438,355.61428191506576
16754,2,infantry_grenadiers,443,369.2829851253641
16755,4,infantry_light,312,440.2841056293495
16756,4,infantry_light,408,416.175791326408
16757,0,infantry_line,401,395.7347192255338
16758,2,infantry_line,434,387.2628178587084
16759,4,infantry_skirmishers,121,159.7067857086228
16760,4,general,383,354.0455801977159
16761,3,general,120,127.36110700321446
16762,1,general,329,291.02317751970617
16763,1,general,427,387.9101806611047
16764,1,general,593,577.7771989576995
16765,0,general,408,340.78346414825216
16766,0,infantry_grenadiers,719,760.1549588387375
16767,3,infantry_light,524,491.8124141937092
16768,0,infantry_line,439,444.0760578639541
16769,0,infantry_line,305,335.31599962973286
16770,1,infantry_line,195,188.1857081505514
16771,3,infantry_line,327,336.43657242008396
16772,4,artillery_horse,817,727.0690310657716
16773,1,cavalry_heavy,1848,1738.2994304195297
16774,4,cavalry_light,782,720.5577799888389
16775,3,general,1846,1705.7666772123782
16777,0,general,796,771.3222336570956
16778,0,artillery_foot,860,759.2298445449234
16779,4,artillery_foot,483,487.5721552303754
16780,4,general,209,195.57196449312505
16781,4,general,756,540.1349777432875
16783,1,infantry_line,224,282.1238826899567
16784,4,infantry_line,309,325.70916160288976
16785,0,infantry_line,182,253.08052208366828
16786,4,cavalry_light,607,591.2421588793314
16787,1,cavalry_light,1143,1181.6814771741458
16789,0,general,289,242.36510501184708
16790,4,general,1051,1147.2205210915515
16792,3,general,1075,1152.8330045231116
16793,2,general,918,842.5620209492557
16794,1,general,265,202.93051956339866
16795,1,infantry_line,348,321.3506621823461
16796,2,infantry_line,511,455.828641444893
16798,3,infantry_skirmishers,324,290.2141898893635
16801,3,cavalry_standard,909,939.9202857527913
16802,2,general,102,119.39798620210223
16803,2,general,98,118.63903667038593
16805,4,general,177,167.58939463410135
16806,4,general,1059,1105.9100468829354
16807,0,general,1160,1257.9978866593326
16810,4,infantry_line,196,201.36625506596357
16811,0,infantry_line,159,224.29957387284554
16812,2,infantry_line,194,210.83582473938245
16813,0,infantry_line,139,186.27331839313808
16814,2,infantry_line,254,242.25909121729683
16815,0,infantry_skirmishers,130,172.32708228654928
16816,1,general,168,164.63261654857908
16817,0,general,138,142.77510791433372
16819,1,infantry_line,269,272.4868562150673
16820,2,artillery_foot,241,256.0790052048504
16823,0,cavalry_light,653,602.7381599381944
16825,0,general,179,183.90934735252245
16826,4,general,544,472.5697614380211
16827,4,general,493,488.1211041524742
16828,0,general,215,228.55569117718485
16829,4,general,299,273.96130200749366
16830,3,general,274,245.04363455662337
16831,2,general,653,736.7885302848651
16832,3,general,349,329.7304539015308
16833,0,general,567,569.5343974138436
16834,4,infantry_light,283,296.08057791384897
16835,2,infantry_line,374,363.091913382376
16836,3,infantry_line,269,287.99183696754034
16837,4,infantry_line,290,297.7910160845479
16838,1,infantry_line,622,628.9998040033464
16839,1,infantry_line,410,389.8019491644907
16840,0,artillery_foot,187,256.5851988053558
16841,1,cavalry_heavy,1580,1608.7764470652482
16842,0,cavalry_light,949,1061.606496285595
16843,0,general,812,867.313411716029
16844,3,general,124,138.11111514507365
16845,3,general,109,126.55285243700953
16846,1,general,628,481.11004754110166
16847,4,general,1412,1469.0615839352797
16848,2,general,447,399.52413770803577
16850,3,infantry_line,194,202.47853085464806
16851,0,infantry_line,179,192.8788087219299
16853,1,infantry_line,418,398.02020552756585
16854,1,infantry_skirmishers,488,336.0299360761769
16855,2,general,449,423.468251642463
16856,0,general,378,356.3540877935678
16857,0,general,325,289.4154245369904
16858,4,general,457,395.5128086782473
16859,3,infantry_light,487,492.06754962757935
16860,1,infantry_light,387,367.0267350727054
16862,4,general,195,177.25340423819583
16863,3,infantry_line,298,286.8015073728296
16865,1,general,142,144.44969811971995
16866,0,general,40,101.99453548727652
16867,3,general,201,180.40726799806157
16869,1,infantry_line,208,218.7095576395776
16870,1,cavalry_light,409,387.9484669294301
16871,4,artillery_foot,860,803.9990683253492
16872,4,artillery_foot,413,379.48976669238135
16874,0,artillery_horse,1134,1315.006755725868
16875,2,general,87,87.98949782856486
16878,2,general,1,1.0
16879,2,infantry_skirmishers,159,189.5910802210129
16880,0,infantry_skirmishers,219,209.27528461614105
16881,4,infantry_skirmishers,181,162.2263645025017
16882,3,cavalry_light,869,872.5203471243052
16883,1,cavalry_light,986,1106.0063766198457
16885,0,cavalry_standard,644,742.1986408982045
16886,3,general,96,104.04780054740002
16888,4,general,807,792.4939196911694
16889,0,general,509,591.3486013433688
16890,3,general,903,955.0789423368054
16892,1,general,76,131.8688338734002
16893,3,general,111,144.74117286778045
16895,0,general,750,795.0522328988761
16896,3,general,207,309.8174482596158
16897,2,general,970,954.1430221751376
16898,3,general,1215,1241.753411389841
16899,3,general,1000,940.8243913974192
16900,3,general,399,363.5048619464445
16901,2,general,600,635.5275768128505
16903,0,general,554,527.7235579507211
16904,3,infantry_grenadiers,1139,1161.806548403194
16905,1,infantry_grenadiers,1023,998.1162163641407
16907,3,infantry_line,164,147.20927634605266
16908,2,infantry_line,174,223.0100680532044
16909,2,infantry_line,150,188.90744743820335
16910,4,infantry_line,259,237.49006555828305
16911,2,infantry_line,147,159.1967429119414
16912,0,infantry_line,499,455.25017450613024
16914,1,infantry_line,508,503.3365976021078
16916,0,cavalry_heavy,1024,1004.5425656569838
16917,0,cavalry_heavy,1507,1498.564038345977
16919,3,general,76,88.04743225219752
16920,1,general,1072,1393.9606367529248
16922,4,general,212,188.18515026385387
16924,0,general,1499,1445.5796128773966
16925,3,general,1561,1770.715639373123
16926,4,general,191,239.86681068929354
16927,4,general,859,903.5666950853937
16928,3,general,527,618.3257299287812
16932,2,general,1110,1165.2278513316094
16933,4,general,271,293.0226235758122
16934,4,general,847,814.8871885152174
16936,4,infantry_light,396,389.9180601324596
16938,2,infantry_light,732,723.9368345200891
16939,3,infantry_line,316,305.3350633978967
16940,0,infantry_line,140,143.775583727223
16942,1,infantry_line,117,107.06000987497372
16943,0,infantry_line,543,522.679756346996
16944,2,infantry_line,225,235.14534194587128
16946,2,infantry_line,287,300.2731322295215
16947,4,infantry_line,501,539.7692944480472
16948,1,cavalry_heavy,1790,1785.0793349691917
16949,2,cavalry_heavy,1396,1368.11586722777
16952,4,cavalry_lancers,446,455.81436537822805
16955,0,general,196,175.43401827450916
16956,0,general,472,456.9490835559577
16958,0,general,1720,1500.788949814585
16961,3,general,465,471.3016380183313
16962,2,general,1386,1349.0910641417634
16963,0,general,320,286.76144025289017
16964,2,general,213,218.44069749388257
16965,1,general,220,210.13353182261991
16966,3,general,92,108.50652177561913
16968,1,general,318,270.54946869813807
16969,4,general,317,287.8856803374334
16971,1,infantry_light,326,323.66365135302846
16972,0,infantry_light,304,306.3094514281449
16973,3,infantry_light,325,304.3757553432245
16974,3,infantry_light,345,330.12876287198037
16977,2,infantry_line,136,131.20272157986759
16978,2,infantry_line,424,410.4868784777774
16980,4,infantry_line,185,165.77559545777063
16981,4,cavalry_heavy,1003,1008.3791977191556
16982,1,cavalry_heavy,1396,1412.2925507615291
16984,2,cavalry_light,412,405.3481595910214
16985,4,cavalry_light,2014,2189.4753118111635
16986,0,general,180,150.76668016978945
16987,4,general,613,615.62636314924
16988,1,general,1901,2461.8655874172514
16989,2,general,177,160.54154080143982
16992,3,general,285,277.57966703620446
16993,0,general,193,167.57412652675004
16994,1,general,1239,1236.6463214690996
16995,2,general,287,233.85237708473068
16996,2,general,220,186.12976064699373
16998,2,general,132,132.71608159228654
16999,2,general,97,167.73032809372953
17000,4,general,214,261.888714733576
17001,4,general,235,256.590148582176
17002,4,infantry_line,393,339.5099401231619
17003,4,infantry_line,435,371.75080671563575
17004,1,infantry_line,278,246.7148407527286
17005,1,infantry_line,273,242.80815534555356
17006,4,infantry_line,294,270.9300970155856
17007,2,infantry_line,283,266.55449909887074
17010,4,infantry_line,203,254.82563474077512
17011,1,infantry_line,232,265.11208605363345
17013,3,cavalry_standard,1478,1553.531298473846
17014,4,general,1473,1649.0398786244402
17016,3,cavalry_lancers,1201,1353.0698685711382
17017,1,cavalry_lancers,995,972.1808780283679
17018,3,general,1055,1103.7642612268314
17020,1,general,97,125.7184054468405
17022,1,general,363,340.28619187341974
17023,2,general,374,275.30768756520104
17024,4,general,367,330.83183574947327
17025,2,general,876,932.7257072425663
17027,4,general,46,93.2698703178267
17029,1,infantry_light,285,357.7639969732775
17030,2,infantry_light,296,379.3105266885561
17031,2,infantry_light,815,818.4669929874283
17032,2,infantry_line,150,164.3095871773929
17033,1,infantry_line,346,274.8636777499652
17034,0,infantry_line,171,174.73880746945088
17035,4,infantry_line,293,257.1710215677832
17036,0,infantry_line,480,487.9017703647406
17037,2,cavalry_heavy,1712,1758.2333018306833
17038,1,cavalry_heavy,886,883.5337174585526
17039,2,cavalry_standard,1129,1165.6153784341616
17041,2,general,795,771.5673855731986
17043,2,general,720,722.214598062308
17046,3,general,96,103.46006834396955
17047,3,general,1470,1471.780794039485
17049,2,general,583,591.195092216356
17050,1,general,395,404.71014775334794
17051,2,general,305,271.2939262843337
17052,2,general,266,297.66795173345986
17053,2,general,255,230.32141294075745
17054,1,general,984,921.0940479400573
17055,1,general,864,789.7108392495877
17057,0,infantry_grenadiers,999,912.890733282624
17059,1,infantry_line,168,149.53449890782818
17062,3,infantry_line,411,379.9552721799292
17063,3,infantry_line,458,467.7985489104993
17064,0,infantry_line,335,346.97225340404543
17065,1,infantry_line,493,481.4170425584722
17067,0,infantry_line,359,324.1589407731709
17068,3,infantry_line,291,256.56664768712915
17070,0,cavalry_heavy,844,978.2392528485142
17071,4,cavalry_standard,549,526.4508842335914
17072,3,cavalry_standard,1106,1189.4884451957262
17073,1,general,918,946.3879676299991
17074,1,general,448,400.79669909803414
17075,4,general,760,863.4122486365011
17076,0,general,503,455.47104156435427
17077,3,general,556,464.78990331232376
17078,4,general,867,958.7270981186706
17080,2,infantry_light,560,572.2764572397743
17081,0,artillery_horse,550,522.7311918170452
17082,3,cavalry_heavy,1110,1090.122962748848
17084,1,cavalry_standard,1015,983.2058387477307
17085,2,cavalry_standard,701,666.5485012938898
17087,0,general,227,189.47637707977677
17089,0,general,96,112.58137865610165
17090,2,general,63,90.86924416404125
17091,2,general,880,799.1325679234953
17092,0,general,323,259.6852153016076
17093,1,general,1039,998.4502933605571
17094,1,infantry_line,285,245.24943343074509
17095,3,infantry_line,286,257.95936958755203
17096,3,infantry_line,201,197.95825960092344
17097,1,infantry_line,140,134.87728451319296
17099,3,cavalry_heavy,1249,1232.8130709574584
17100,3,cavalry_light,409,408.1958682875466
17101,4,cavalry_light,381,375.7697759591324
17103,2,cavalry_standard,801,749.0893764207383
17104,4,cavalry_standard,811,765.9513895899447
17105,4,general,650,611.7431114391856
17106,2,general,940,967.4680459383251
17108,1,general,912,790.2587254638322
17109,2,general,341,325.83970270416177
17111,1,general,800,727.8451987236051
17113,3,general,195,295.8824950738583
17114,4,general,296,240.7385814382083
17115,1,infantry_light,291,272.8505563544392
17116,2,infantry_line,435,397.12530094098145
17117,4,infantry_line,403,357.3618037973548
17119,4,cavalry_light,314,324.5482049537875
17120,3,general,271,271.0048613317666
17121,4,cavalry_light,591,576.9891314457545
17122,2,cavalry_light,412,405.3481595910214
17123,0,cavalry_light,478,445.6376974964056
17125,3,cavalry_light,1072,1102.6954160677408
17126,0,cavalry_light,537,507.62814019887435
17127,3,general,440,377.3166312665776
17128,0,general,521,448.71484441860963
17131,1,general,433,404.3894277558927
17132,0,general,468,413.47566278390957
17134,0,general,581,608.055223361624
17135,0,general,692,753.454887210569
17136,0,infantry_light,514,508.2084503924911
17137,0,infantry_line,640,647.9466529116512
17138,1,cavalry_lancers,725,624.8053064526632
17139,2,cavalry_lancers,314,338.141224487878
17140,2,cavalry_lancers,376,381.17225835195404
17141,3,cavalry_lancers,941,885.2460912825754
17142,0,cavalry_standard,532,548.106980230723
17143,2,cavalry_standard,899,821.9693486277729
17145,0,general,250,270.0703319026428
17146,0,general,272,292.5564727002825
17147,2,general,434,424.9333056323695
17148,1,general,612,505.72738830256645
17151,1,general,239,222.63781689239266
17152,2,infantry_light,227,232.29308415430503
17153,3,infantry_line,305,275.1260686664795
17154,1,artillery_foot,811,751.9072723794359
17156,2,general,652,587.6110150215292
17157,2,general,228,252.3827635745002
17158,0,artillery_foot,805,769.434214226308
17159,4,artillery_foot,771,726.1341450786097
17160,1,artillery_foot,363,364.6406371072871
17161,3,artillery_foot,670,717.3469131386912
17162,1,artillery_foot,946,920.2248775336208
17163,1,artillery_foot,600,587.9108955818189
17164,1,artillery_foot,393,348.48089765879644
17165,1,artillery_foot,530,571.3764076775149
17166,3,artillery_foot,1137,1180.7776115241486
17167,4,artillery_foot,736,772.4345064422495
17169,0,artillery_foot,1199,1163.2824527226292
17170,1,artillery_foot,407,365.1455208360911
17171,1,artillery_foot,326,311.28862773121034
17172,1,artillery_foot,716,734.6742185203383
17175,2,artillery_foot,496,531.5935843152313
17176,2,artillery_foot,1030,1141.2096241915744
17177,1,artillery_horse,1196,1183.128466896115
17178,0,artillery_horse,512,466.4198325765506
17179,4,artillery_horse,1120,1046.1999866470774
17181,2,artillery_horse,1050,1134.2695386482924
17182,1,artillery_horse,102,104.05922355742935
17183,2,artillery_horse,519,515.2018384604066
17184,3,artillery_horse,526,523.8597621263747
17185,1,artillery_horse,1076,1163.7756689071707
17187,1,general,378,363.3605813015361
17188,3,general,498,536.2418687121419
17189,3,general,364,387.07763932440815
17190,0,general,312,312.70294787129774
17191,0,general,855,835.6394316769142
17192,3,general,1347,1361.104692347416
17193,0,general,312,312.70294787129774
17195,4,general,646,584.1626323028072
17198,0,general,623,612.0630968815362
17199,3,general,177,178.24338068551722
17200,0,general,312,312.70294787129774
17201,0,general,2542,2523.0713295278724
17202,1,general,737,730.0729966790527
17203,4,general,1041,1146.8481774936288
17205,4,general,467,465.760673745372
17206,1,general,1232,1203.620855750158
17207,1,general,467,462.97959016664174
17208,3,general,177,178.24338068551722
17210,1,general,220,254.31310568867343
17211,1,general,230,266.58242650255374
17213,1,general,668,574.3443236843525
17214,3,general,177,178.24338068551722
17215,4,infantry_grenadiers,340,354.5415651187107
17216,3,infantry_grenadiers,349,410.92631140054556
17217,1,infantry_grenadiers,360,331.7319119150774
17218,0,infantry_grenadiers,655,596.2929575050538
17219,4,infantry_grenadiers,339,391.1926802571584
17220,1,infantry_skirmishers,211,200.6961754522277
17221,2,infantry_skirmishers,216,206.0237310077012
17222,0,infantry_skirmishers,231,264.48620207030393
17223,0,infantry_skirmishers,231,264.48620207030393
17225,4,general,710,653.4788467052235
17226,1,general,172,156.46462896911683
17228,3,general,376,320.4159271722417
17230,3,general,158,169.39036691946012
17232,1,general,305,253.20651726075258
17233,0,general,581,548.4685692415128
17234,3,general,330,287.3232211463308
17235,4,general,93,153.13913323504573
17237,2,general,194,175.00755524934465
17239,1,general,427,384.61090126631893
17240,0,general,530,474.3617094053577
17241,2,general,501,512.2933602166361
17242,2,general,152,199.31729518503673
17243,2,general,684,693.3568232592163
17244,2,general,241,281.5211442765549
17245,4,general,868,859.6633233289534
17246,1,infantry_grenadiers,309,379.40654125133057
17247,4,infantry_grenadiers,629,654.9117964136522
17248,4,infantry_irregulars,217,261.3778720629013
17249,2,infantry_light,749,671.852669622285
17250,0,infantry_light,431,418.387917421735
17251,3,infantry_light,617,626.6047161962796
17252,4,infantry_light,374,381.7788572817573
17253,3,infantry_light,818,973.6831047492432
17254,4,infantry_light,815,824.2082752095
17255,4,infantry_line,373,375.31026563014456
17256,4,infantry_line,430,429.6517998364131
17257,2,infantry_line,406,401.66740020061746
17258,0,infantry_line,234,277.2339806817961
17259,0,infantry_line,231,247.4892582241561
17260,2,infantry_line,386,378.7710139228753
17261,0,infantry_line,310,298.4745250947518
17262,3,infantry_line,300,291.3331205586468
17263,2,infantry_line,273,261.5743268893721
17266,1,infantry_line,356,447.93926688286797
17267,2,infantry_skirmishers,241,255.87175024318057
17268,1,cavalry_lancers,988,984.4032521391432
17270,2,general,264,231.91244372977968
17271,2,general,463,404.23535380178896
17272,3,general,820,724.1947155734813
17273,0,general,695,475.19165285863687
17276,4,general,283,258.69373052286505
17277,3,general,342,275.35928521545463
17278,3,general,537,498.87346116975266
17279,1,general,296,390.09573350711077
17280,1,general,1308,1640.7080351514446
17281,0,general,420,385.4119299168437
17282,2,general,404,374.03534951108713
17283,4,infantry_grenadiers,364,346.37023034448333
17284,0,infantry_light,504,523.78374738386
17285,1,infantry_light,463,450.6221498607178
17286,2,infantry_light,496,481.1229589394168
17287,2,infantry_light,653,658.2387273982056
17288,3,infantry_line,260,259.05858737174873
17289,1,infantry_line,444,412.8529175957353
17290,2,infantry_line,216,214.03607358928542
17291,0,infantry_line,251,305.15951771654295
17292,4,infantry_line,282,287.9740498126621
17293,2,infantry_line,1116,1158.8812736643679
17294,3,infantry_line,308,386.99208297742183
17295,0,infantry_line,527,516.395969595008
17298,3,artillery_foot,451,442.50120746806726
17299,0,artillery_foot,926,853.9073086771241
17300,3,artillery_horse,543,507.7563668931311
17302,0,general,340,297.4165729009087
17304,1,general,285,249.84844026322133
17305,1,general,99,152.42442612434078
17306,3,general,389,333.16320544154763
17307,2,general,243,273.48958694896686
17308,3,infantry_light,440,416.653672500118
17310,1,infantry_light,318,357.5033486294382
17311,3,infantry_line,384,370.9166737180561
17313,2,infantry_line,210,254.4653068534884
17315,3,cavalry_light,489,440.6132432481953
17316,1,cavalry_light,801,745.8181689087926
17318,1,cavalry_standard,752,741.173385739968
17320,0,general,358,330.2071432297053
17321,2,general,388,330.28535960959994
17323,2,general,293,265.3064080692991
17324,3,general,166,176.4118209848478
17325,2,general,682,590.5965614569349
17326,3,general,405,388.49652056623796
17327,1,general,619,585.4858182584695
17329,0,infantry_light,399,382.1918437367153
17330,1,infantry_line,344,333.55949179844305
17332,4,infantry_line,434,409.90860028983536
17333,2,infantry_line,574,583.496311055723
17336,3,artillery_horse,1973,2024.3567331408267
17338,0,cavalry_light,431,409.2235992569695
17339,1,cavalry_light,1112,1324.620842056264
17340,1,general,430,426.6218410621614
17341,3,general,289,269.52035121112544
17343,4,general,106,139.8625572971074
17344,4,general,1031,1235.6065453525089
17345,3,general,150,156.74038588645038
17346,4,general,120,160.03310328639378
17348,1,general,803,627.8122286552522
17349,3,infantry_grenadiers,480,490.1934482322956
17350,0,infantry_line,248,260.4682934199211
17351,3,infantry_line,212,227.52298814662825
17352,0,infantry_line,579,549.6755801219384
17354,1,infantry_line,850,679.4164354712249
17355,0,infantry_line,187,214.25054733272844
17356,4,infantry_line,500,534.6543102277453
17358,0,general,72,99.9401612245012
17359,3,general,114,123.0862104639277
17360,2,infantry_line,215,202.41379499415632
17361,4,infantry_line,173,177.18220631773443
17362,3,general,182,187.79719228385432
17363,2,general,87,103.8372939707091
17364,3,infantry_line,183,177.5737098290299
17365,1,infantry_line,248,236.41903550132068
17366,2,general,304,257.22292482139704
17367,4,general,79,118.68916151105658
17368,4,general,342,317.4558235585514
17369,2,general,534,470.60665442954655
17370,3,general,156,165.5403985584505
17371,3,general,302,254.9634999105279
17372,4,general,399,357.2969653592281
17373,3,general,496,457.24020884983867
17374,1,general,277,254.43381888810768
17375,4,general,441,396.188451469364
17376,3,general,330,332.9017154108762
17377,2,general,623,634.5604965870306
17379,4,general,532,597.9243176089851
17380,1,general,520,497.2465109389594
17381,3,general,604,571.5805945669591
17382,1,general,381,376.93891122048257
17383,1,general,376,360.61843476022955
17384,2,general,570,577.0094181130768
17385,1,general,385,407.48389096699964
17386,1,infantry_grenadiers,369,444.9559792353299
17387,1,infantry_grenadiers,431,448.05865123723476
17389,3,infantry_grenadiers,496,476.6562129298834
17390,1,infantry_light,600,614.1652417626478
17391,3,infantry_light,582,572.57985471974
17394,2,infantry_line,171,196.4084112812368
17395,1,infantry_line,479,440.74425803928574
17396,1,infantry_line,397,396.5026225859281
17397,2,infantry_line,222,224.14459422732503
17398,3,infantry_line,404,388.17144709853727
17399,2,infantry_line,338,331.02498642167456
17400,3,infantry_line,306,323.4849227207411
17402,2,infantry_line,325,307.40084319439546
17404,1,infantry_line,675,601.2553905351716
17405,0,infantry_line,715,766.4763233966697
17406,1,infantry_line,672,663.5295245972882
17407,1,infantry_line,594,648.4061996264239
17408,4,infantry_line,482,487.4604613285272
17409,3,infantry_line,372,372.1284911743078
17410,1,infantry_skirmishers,250,261.7812923228547
17411,2,infantry_skirmishers,377,321.2626117251993
17412,4,artillery_foot,346,351.71568951484187
17413,3,artillery_foot,822,810.7204475334397
17414,0,general,273,258.4124418554558
17415,4,general,463,443.9871547940654
17416,1,general,263,256.1892901728717
17419,3,general,836,614.8011153559578
17421,1,general,203,200.71932343790056
17422,0,general,437,332.56804423683474
17423,3,general,854,765.8205301944508
17424,1,infantry_grenadiers,378,407.26467698776395
17425,4,infantry_light,422,422.7175818379337
17426,3,infantry_light,311,322.09031011553117
17427,4,infantry_line,317,315.0126665643092
17429,4,infantry_line,330,335.98169629430714
17430,3,infantry_line,307,295.660808856637
17431,2,infantry_line,177,167.312852768003
17432,4,infantry_line,971,1035.352807868712
17433,1,infantry_line,952,860.5978442144202
17434,3,infantry_line,234,224.28442634760052
17435,4,infantry_line,289,274.9934843000849
17436,4,infantry_skirmishers,218,221.90127231978508
17437,1,artillery_foot,375,313.35686359855475
17438,0,general,595,626.5975894499953
17439,2,general,491,453.41019278714913
17440,0,general,617,535.7737165752965
17441,2,general,778,726.1655784641447
17442,4,general,399,337.6786349766666
17443,2,infantry_grenadiers,673,734.1812209390862
17444,2,infantry_light,731,689.9566826203675
17445,2,infantry_light,904,914.013181905641
17446,3,infantry_line,445,461.5035066053889
17447,1,infantry_line,508,459.07013025664247
17449,2,general,748,778.7120446452012
17450,0,general,365,340.60324064908036
17451,0,general,313,293.3423866335287
17453,3,general,676,594.5265390595897
17455,1,infantry_line,492,466.33194041118065
17457,3,infantry_line,365,357.0786569742214
17458,2,infantry_line,664,670.3934477936758
17459,4,infantry_line,780,761.4653556944011
17460,2,general,198,230.79739891278066
17461,3,infantry_light,291,313.0013291711091
17462,2,infantry_line,308,369.65065516005114
17463,4,infantry_line,270,244.08410022018853
17465,2,general,226,200.691293469739
17467,1,infantry_line,277,361.24976987498303
17468,3,cavalry_light,656,597.9290074309845
17469,1,cavalry_light,643,634.4009876230216
17470,3,general,498,471.6682648546855
17473,2,cavalry_standard,420,434.08310202440555
17475,2,general,205,199.470002925793
17476,0,general,714,712.8381374011994
17477,0,general,381,382.9804622787319
17479,3,general,152,270.89434426005545
17480,2,general,152,178.08454647626382
17481,3,general,667,538.2541505289297
17482,3,general,328,309.84327126574044
17483,3,general,608,614.9374016138174
17484,2,general,349,321.3574922452426
17485,1,infantry_line,579,535.0877897895753
17486,3,infantry_line,213,253.41468691413155
17487,2,infantry_line,174,171.0895825946115
17488,1,infantry_line,266,266.106239804235
17492,4,infantry_line,415,421.592034941145
17494,4,infantry_line,440,476.90573884307116
17497,2,cavalry_lancers,717,722.1125428007467
17498,3,cavalry_light,584,530.2729755243512
17499,4,general,228,394.2028975637306
17500,3,general,148,231.59067367941236
17501,1,general,1,48.280621406552484
17502,1,general,58,80.35478280213059
17503,2,general,200,172.60813535079515
17504,2,general,570,543.5512627835673
17506,2,general,7,50.528300161126474
17507,3,general,616,522.715354897204
17508,3,general,177,169.18050009943215
17509,4,general,8,49.117208033965355
17510,0,general,718,726.725067551499
17511,0,general,100,122.14170981018508
17512,0,general,337,295.34251129983494
17513,4,general,711,787.0328380690935
17514,0,general,775,705.1742478649516
17515,2,general,241,193.66009527191204
17517,0,general,562,567.359350334315
17518,3,general,378,439.9259266927487
17519,0,infantry_grenadiers,377,388.15939649286435
17520,3,infantry_light,380,436.98563099823895
17521,2,infantry_light,250,354.4873224278256
17522,3,infantry_light,211,206.80977374507344
17525,4,infantry_light,612,655.3382485901137
17526,2,infantry_line,269,244.02549371411678
17527,3,infantry_line,343,348.88684889560767
17528,2,infantry_line,166,149.9015439329985
17529,2,infantry_line,114,96.30354516431376
17531,2,infantry_line,121,114.24635081355595
17532,4,infantry_line,104,97.2142588619738
17534,2,infantry_line,281,288.52342460671997
17536,3,infantry_line,458,458.5027249431279
17537,4,infantry_line,614,628.7640545394949
17538,1,infantry_line,716,644.4810862107144
17539,0,infantry_line,360,313.33008764552415
17541,2,infantry_skirmishers,203,233.58415605466368
17542,1,infantry_skirmishers,78,102.19011334497337
17543,2,infantry_skirmishers,250,237.22733554577002
17544,2,artillery_horse,644,633.4330136598434
17547,1,cavalry_light,1070,1133.820984068514
17548,2,cavalry_light,840,840.2144337764039
17552,2,general,167,190.80832297754205
17554,4,general,1420,1583.8382615789176
17555,3,general,128,108.81964622108946
17556,0,general,112,120.91194951974461
17557,2,general,138,171.12270456636162
17558,4,general,678,622.6909890753128
17559,4,general,187,212.48359263623425
17560,4,general,190,210.76379121529948
17561,1,general,223,301.5740449916954
17562,0,general,872,950.8395717022569
17563,3,infantry_grenadiers,335,402.1293658752313
17564,2,infantry_irregulars,135,112.60960268465216
17567,4,infantry_line,267,292.4523169184535
17569,2,general,158,158.62020439019614
17570,4,general,430,410.50351634299795
17571,0,general,299,279.10262818701636
17572,1,general,184,179.39088458485895
17573,2,general,134,129.02000212424832
17574,1,infantry_grenadiers,425,420.16694407330954
17575,4,infantry_irregulars,146,142.94645283912502
17576,4,infantry_line,221,223.17537446484627
17577,0,infantry_line,254,252.93953970342739
17578,3,infantry_line,240,237.23595596163346
17579,1,infantry_line,300,291.378818545285
17580,2,infantry_skirmishers,340,324.69958645482245
17581,2,general,255,223.41139733017073
17583,1,general,361,332.9878000925095
17584,1,infantry_light,240,237.97196138755857
17586,3,infantry_line,418,423.9445751804967
17587,2,infantry_skirmishers,289,250.94896426055297
17588,4,cavalry_standard,392,424.44015215446035
17589,1,general,265,307.7933075064487
17590,4,artillery_foot,473,531.606085489126
17591,3,general,143,196.48704125859814
17592,4,general,1135,1223.7395185132011
17593,2,general,173,156.5226012489865
17594,1,general,299,284.0129800825963
17595,3,general,276,251.48858210969863
17598,4,general,369,337.7344721244727
17599,4,general,71,96.45864298834547
17600,2,general,539,509.3935759045819
17602,4,infantry_light,371,375.5788620144491
17603,2,infantry_light,820,836.9322740237731
17604,2,infantry_line,478,483.197034803811
17605,3,infantry_line,184,180.9220596577962
17607,1,infantry_line,162,162.72605030661174
17608,4,infantry_line,192,198.48584482599577
17609,0,infantry_line,381,394.7068489143035
17610,4,infantry_line,219,267.6840545510488
17611,2,infantry_line,453,459.8789117378291
17612,3,cavalry_light,412,383.8423866953805
17613,0,cavalry_light,464,464.77754287360295
17614,1,cavalry_light,270,286.06777835870514
17615,1,cavalry_light,271,284.829643573527
17616,1,cavalry_light,352,396.2247832634594
17617,2,cavalry_light,379,343.5711790361598
17618,3,cavalry_standard,906,906.1369837039867
17619,1,cavalry_standard,1204,1213.7492159857595
17620,0,cavalry_standard,1027,970.2449866654143
17621,0,cavalry_standard,716,711.4191214273948
17622,0,cavalry_standard,584,549.1761328994024
17623,0,cavalry_standard,548,544.2766659747929
17624,2,cavalry_standard,614,582.4585695537568
17625,3,cavalry_standard,283,338.9200544555524
17626,4,general,125,184.4380886985002
17627,2,general,844,745.8277729514984
17628,1,general,510,450.8466254931117
17629,0,general,1277,1382.963275557862
17630,1,general,309,270.1930863820767
17631,0,general,338,323.8375041940737
17632,0,general,120,172.171372568354
17634,2,general,225,206.9826186332422
17636,1,general,676,661.7398057907129
17638,4,general,267,252.00378242851667
17639,3,general,377,318.6850120449881
17641,3,general,1015,1166.2422667743865
17642,4,general,994,902.9796625728575
17643,2,general,920,852.4291105606725
17644,1,general,559,493.8038738974298
17645,0,infantry_grenadiers,1042,967.5855633251317
17646,0,infantry_light,361,392.4310089822849
17647,0,infantry_line,218,222.40107160180355
17648,4,infantry_line,246,246.0876787909778
17649,0,infantry_line,472,477.19367292617113
17650,2,infantry_line,1038,899.4573613295403
17651,2,infantry_line,907,939.9932217066774
17652,0,infantry_line,729,744.2008632493789
17653,0,infantry_skirmishers,257,249.43493759466682
17654,0,artillery_horse,649,638.2414742715769
17655,2,cavalry_light,389,390.85786804736944
17656,0,cavalry_light,924,1061.6634127400825
17658,4,cavalry_light,430,402.53543498384954
17659,3,cavalry_standard,911,947.0440741506497
17660,2,cavalry_standard,675,695.8080865205211
17662,0,general,517,499.91681277084956
17663,3,general,295,260.74481915820223
17664,1,general,256,260.27417330315967
17665,4,general,987,1099.4715640046402
17666,4,general,708,726.9669145248475
17667,0,general,462,447.8902941154919
17669,4,general,523,530.6055821383665
17670,3,general,256,243.60030669599476
17671,4,general,898,915.2800125379518
17676,4,infantry_light,353,379.98742689809933
17677,0,infantry_light,774,751.062983587287
17678,2,infantry_light,1020,966.0643549330327
17679,2,artillery_foot,900,825.7453307038309
17680,1,cavalry_standard,1101,1051.614459291649
17681,4,cavalry_standard,519,493.4555851029408
17682,0,cavalry_standard,628,581.9805921547479
17684,3,general,420,394.8061331585593
17685,3,general,642,559.7175329145861
17686,0,general,911,813.4603684248661
17688,1,artillery_horse,1360,1287.771758533346
17689,1,cavalry_heavy,1845,1836.0374239981525
17690,1,cavalry_light,869,841.407558578576
17692,4,general,1756,1669.7122663286837
17694,4,general,703,629.9952598962847
17695,0,artillery_horse,1275,1361.626013248702
17697,0,cavalry_lancers,1293,1410.4945560830256
17698,2,cavalry_light,1138,1341.280980899183
17699,2,cavalry_light,930,1057.8630721893792
17701,2,cavalry_standard,1118,1173.8081251251494
17702,4,cavalry_standard,1249,1308.7035655145169
17703,1,cavalry_standard,933,843.9861023696011
17704,3,cavalry_standard,670,733.2764718198779
17705,2,cavalry_standard,1252,1323.139585559707
17706,2,cavalry_standard,979,1115.861707639857
17707,3,general,1051,1025.5768727536895
17708,4,general,1131,1176.945065486054
17712,3,general,1416,1566.6305345731703
17713,3,general,1147,1134.244944500712
17715,4,general,1216,1288.6848680321352
17716,1,artillery_horse,1360,1287.771758533346
17717,2,artillery_horse,169,191.46032071406003
17718,2,cavalry_light,421,398.1592052325329
17719,4,cavalry_standard,534,533.0830702274958
17720,3,cavalry_standard,1160,1128.4684390464656
17721,3,general,485,466.86325598932586
17722,4,general,1013,915.0167896299029
17724,0,cavalry_standard,728,706.3454132755777
17725,4,cavalry_standard,1043,1061.7145774320493
17726,1,general,579,557.0358770969349
17727,3,general,893,814.0378357113827
17728,0,general,1066,1097.4620331352105
17729,1,artillery_horse,1360,1287.771758533346
17730,1,artillery_foot,375,313.35686359855475
17731,0,general,291,259.40461374102955
17732,3,general,178,175.5438372107388
17733,2,infantry_light,401,387.93356133269043
17734,2,infantry_line,285,287.2503628525671
17735,0,general,104,115.88942044712347
17736,0,general,143,140.52836634914289
17739,4,infantry_line,245,246.52920506932682
17740,2,infantry_line,177,167.312852768003
17741,1,general,796,650.1047915616565
17742,2,general,406,309.0439270441521
17743,0,general,731,616.3663721550593
17744,0,infantry_light,933,807.6281503230797
17745,1,infantry_line,683,528.0442772955445
17746,1,infantry_line,478,396.724736828346
17747,2,cavalry_light,567,549.9338990770078
17748,3,cavalry_light,338,332.9233876091084
17750,1,cavalry_standard,655,706.7086226278069
17752,3,general,389,351.4116483093181
17753,0,general,518,544.1800770671821
17754,4,general,205,224.61146993033157
17756,4,artillery_foot,356,359.2165059937158
17758,2,artillery_foot,967,994.7259163820677
17759,3,artillery_foot,428,412.2362094104616
17762,4,artillery_foot,418,396.170281588848
17763,4,artillery_foot,634,706.858387792182
17764,4,artillery_foot,634,706.858387792182
17765,4,artillery_foot,634,706.858387792182
17766,4,artillery_foot,634,706.858387792182
17767,4,artillery_foot,634,706.858387792182
17769,0,artillery_foot,558,584.6087237267993
17770,0,artillery_foot,558,584.6087237267993
17771,3,general,199,200.65091180334244
17773,0,general,351,351.0436304382024
17774,2,general,556,592.4834752204533
17775,0,general,351,351.0436304382024
17776,3,general,76,76.59981442921601
17777,3,general,199,200.65091180334244
17778,2,general,927,917.864673572564
17779,3,general,199,200.65091180334244
17780,1,general,700,667.797713380295
17781,1,general,198,206.37258418193935
17782,2,general,556,592.4834752204533
17783,1,general,718,707.6313711408117
17784,4,general,569,592.7669332105912
17785,2,infantry_grenadiers,365,342.12405890402204
17786,3,infantry_grenadiers,372,319.4869081520999
17787,3,infantry_grenadiers,372,319.4869081520999
17788,0,infantry_grenadiers,367,308.56632868088974
17789,4,infantry_grenadiers,370,335.8459556328663
17790,0,infantry_grenadiers,357,352.82556031282917
17791,0,infantry_skirmishers,209,208.08818979093164
17792,2,infantry_skirmishers,206,178.32550828280338
17794,0,infantry_skirmishers,209,208.08818979093164
17795,1,general,487,413.41212874036694
17796,2,general,650,733.9245783846173
17797,2,general,367,335.0121547783287
17798,4,general,252,222.0279011046689
17799,4,general,481,466.1858143648849
17800,1,general,157,187.30703589146555
17801,0,general,1751,1973.757272082896
17802,3,general,294,318.9980718533192
17803,3,infantry_grenadiers,1272,1311.7360308439613
17805,2,infantry_light,448,390.5851887776167
17806,2,infantry_light,266,267.3828748052306
17807,4,infantry_light,169,212.3468118898931
17808,0,infantry_light,161,157.30473610478882
17809,2,infantry_light,152,154.70209687984453
17811,0,infantry_light,268,283.0214516696629
17812,2,infantry_line,163,163.2469501267872
17813,2,infantry_line,367,398.0942041393948
17814,1,infantry_line,423,387.4180778744909
17815,3,infantry_line,233,220.84418950056096
17816,2,infantry_skirmishers,231,259.1479102234197
17817,1,general,262,240.4504911868984
17818,4,general,108,117.649577959643
17819,2,general,162,169.74040592421431
17820,2,general,386,461.98645927637375
17821,4,general,306,445.35111919212017
17823,0,general,425,408.0090082858405
17824,2,general,379,322.5192092354144
17825,3,general,768,700.1888892555435
17826,0,general,379,432.8393209866153
17829,4,infantry_light,255,252.13119874702812
17830,2,infantry_light,200,201.76379384174226
17831,2,infantry_light,824,820.6821068056289
17832,3,infantry_light,456,588.4193888899734
17833,2,infantry_line,206,198.58203323325066
17834,3,infantry_line,339,345.9392433818241
17836,0,infantry_line,446,502.66428380094214
17837,3,infantry_line,283,393.58102410980774
17838,0,infantry_line,492,494.15614696292556
17839,0,general,132,127.49031486905622
17840,4,general,113,121.33135474593979
17841,3,general,253,213.87657145646517
17842,2,general,295,241.3590611784753
17843,0,general,344,281.48444976211283
17844,0,general,115,170.4509933355322
17845,4,general,390,332.256260819624
17846,4,infantry_line,158,156.20371324332342
17847,1,infantry_line,181,173.03647713848466
17848,2,infantry_line,315,290.751874937514
17849,4,infantry_line,308,267.86854501416
17850,1,infantry_line,452,418.81702620746233
17851,4,infantry_line,190,228.28451687899104
17852,4,general,24,70.51362717938969
17853,2,infantry_line,247,227.12928038589075
17855,1,general,112,108.09513717294335
17856,3,general,7,68.71309077552337
17857,4,infantry_line,122,123.0649689877697
17859,4,general,258,249.52825486657196
17860,4,infantry_line,329,328.07051321485125
17861,3,infantry_line,230,243.09280788786532
17862,1,general,197,170.69800883943716
17863,3,general,285,242.3084182203998
17864,2,general,142,196.01690905199666
17866,2,general,284,224.99549483417846
17867,4,general,615,608.1683375239037
17868,1,general,271,271.1761924956285
17869,4,general,685,658.1110217431973
17870,3,general,286,213.3733612510817
17871,0,general,444,414.1499428445885
17872,3,general,221,172.79308384315036
17873,2,general,970,960.3923476166163
17875,1,general,152,179.40679895514032
17876,2,infantry_grenadiers,734,729.9020597163452
17877,1,infantry_light,538,535.5216317813508
17878,3,infantry_light,230,234.94576854953422
17879,4,infantry_light,223,237.59444250567543
17880,1,infantry_light,285,241.09569632711228
17882,3,infantry_line,242,238.08986800010103
17883,0,infantry_line,165,210.78362167534945
17885,0,infantry_line,279,275.8515601169719
17886,0,infantry_line,211,195.77765764830409
17887,2,infantry_line,418,388.5712060504428
17888,0,infantry_line,338,341.9760449889917
17889,2,general,118,124.0226753611174
17890,0,general,119,125.36378841495679
17891,4,general,275,220.95389936797864
17893,0,general,109,172.18455200432558
17894,0,general,150,146.9168558653155
17895,3,general,204,234.7025871025963
17896,1,infantry_light,294,328.3853573820768
17897,3,infantry_light,275,308.4161984953315
17899,0,infantry_light,222,219.49818386575313
17900,2,infantry_light,191,195.57096858138038
17901,2,infantry_light,213,215.50624456902156
17903,3,infantry_line,212,276.4634609584426
17905,3,infantry_line,160,152.7258928102084
17906,4,infantry_line,137,128.4603872158572
17908,0,infantry_line,125,130.2506913705856
17909,2,infantry_line,151,166.50093087940505
17910,2,infantry_skirmishers,505,542.8962087738606
17911,1,general,114,138.13284747173762
17913,2,general,169,175.69384718356895
17915,4,general,287,349.0199214299875
17916,4,general,424,378.366391590785
17917,4,general,158,170.26060609343395
17920,0,infantry_light,682,643.4799641588056
17921,2,infantry_line,189,191.65134288955431
17923,0,infantry_line,221,233.06921409171184
17924,4,infantry_line,357,337.9107682594036
17927,1,general,82,106.60861329326242
17929,3,infantry_line,168,206.15548935950602
17930,4,infantry_line,153,149.87211650083927
17931,1,infantry_line,145,165.44832740997367
17932,0,infantry_line,234,222.89732447030343
17933,2,infantry_line,184,183.0844342611123
17934,2,general,332,335.04975441623594
17935,2,general,223,198.9017251802945
17936,1,infantry_line,302,289.31588999135886
17937,4,infantry_line,270,253.15038010061986
17938,1,general,284,244.7679664678515
17939,4,general,439,307.41076883933755
17940,3,infantry_line,413,332.7061778683346
17941,1,infantry_line,341,320.38611274437403
17942,2,cavalry_heavy,2663,2652.2205424271287
17944,4,cavalry_light,878,752.5923426405385
17947,3,general,1258,1288.8778609298097
17948,3,general,815,670.751924362133
17949,2,general,730,729.7670171999218
17950,0,general,103,148.5918887077285
17951,0,general,2417,2516.167564584773
17952,3,general,33,90.9379653309767
17953,4,general,224,194.19051289245735
17954,0,general,483,441.1725241813519
17955,2,general,168,233.85326499340587
17956,2,general,379,317.46936883993556
17957,1,infantry_light,333,352.09766220096697
17960,4,infantry_light,341,341.71784057531
17962,0,infantry_line,228,225.41003448674138
17963,1,infantry_line,167,158.6390883418871
17965,1,infantry_line,234,230.5508652090563
17966,3,infantry_line,222,211.6553810921996
17967,3,infantry_line,229,227.78777886107326
17968,4,infantry_line,406,376.19382633447964
17969,2,infantry_militia,124,129.4739943323967
17970,4,infantry_militia,245,223.50530908360375
17971,2,infantry_skirmishers,315,299.15544363375756
17972,1,cavalry_lancers,569,571.4214796589647
17974,3,general,217,197.46399205422568
17975,1,general,421,404.6410563177061
17978,1,general,199,211.27957140861764
17979,0,infantry_line,418,409.8768961740189
17981,4,infantry_line,221,215.4627565783052
17984,0,infantry_line,168,188.46267037179325
17985,1,infantry_militia,62,96.03047487700978
17988,4,cavalry_heavy,1412,1449.3145190956525
17989,1,cavalry_standard,554,561.6584855341471
17990,1,general,1544,1567.2902855877483
17991,4,infantry_line,547,450.727636795271
17992,2,infantry_line,205,245.4682983519471
17994,3,infantry_militia,165,154.9031494308498
17995,2,infantry_militia,242,205.63519257314996
17996,1,cavalry_heavy,1724,1687.7749924190257
17997,0,cavalry_lancers,1162,1226.2027001511572
17999,1,cavalry_standard,623,620.5160755836503
18000,4,cavalry_standard,404,443.18704641584515
18001,1,cavalry_standard,805,852.9122183219378
18002,1,cavalry_standard,853,871.5753095175639
18003,4,cavalry_standard,1132,1098.6777831724269
18004,1,cavalry_standard,609,613.5238866422422
18006,2,general,769,765.3911074268375
18007,3,general,1100,1189.3732180195723
18009,3,general,180,148.4219090900596
18010,1,general,338,337.6705284167893
18011,2,general,1069,1058.7706656420535
18012,2,general,470,450.39295613430846
18013,3,general,993,906.4165366473816
18014,2,general,604,552.4660700582702
18015,0,general,693,686.5608326775075
18016,4,general,889,883.4138923010246
18017,4,general,1703,1647.148015921294
18018,4,general,693,746.3318693615505
18020,2,general,289,260.8098099302005
18021,0,infantry_light,258,245.80809767951936
18022,1,infantry_light,382,398.55016681948973
18023,2,infantry_line,346,329.1631044634589
18026,3,infantry_militia,145,156.22892391487252
18027,3,infantry_militia,132,137.08448528416645
18028,3,infantry_militia,196,200.23907353415672
18029,2,cavalry_lancers,927,931.3238944608642
18030,1,cavalry_lancers,1087,1276.728760992162
18032,0,cavalry_standard,1056,1033.8899401514143
18034,0,cavalry_standard,811,774.2777248639708
18035,4,cavalry_standard,596,584.3812681835885
18036,1,cavalry_standard,439,485.65832669448804
18038,3,general,913,842.3412792429419
18040,4,general,368,361.86473934842644
18041,4,general,331,373.327025423029
18043,2,general,926,912.9352625877669
18046,2,general,938,939.4412454667251
18047,1,infantry_light,259,228.93415801957798
18048,1,infantry_light,241,246.65008801571054
18049,0,infantry_light,279,270.84471013350566
18050,4,infantry_line,190,190.83585804959603
18052,3,infantry_line,117,124.49603192425928
18053,2,cavalry_standard,982,931.6677213645528
18054,3,cavalry_standard,862,906.46179627455
18057,4,cavalry_standard,769,784.9776716296773
18058,4,general,603,593.6524087147277
18059,4,general,799,681.5155805557807
18061,1,general,468,481.410918972557
18063,2,general,681,657.9766260011297
18064,0,infantry_line,203,207.1453819384841
18065,1,cavalry_standard,849,870.3013202723022
18066,4,cavalry_standard,505,513.0864745839463
18067,0,general,365,378.43627297132673
18068,3,general,696,697.4338501015235
18070,1,cavalry_light,755,774.8212334425774
18071,0,general,729,722.3463194780156
18072,0,general,687,718.1623657668082
18073,4,cavalry_light,327,361.44873508864396
18074,1,cavalry_light,775,754.3387693375983
18075,2,general,223,265.66990428710244
18076,2,general,789,719.0320955171285
18077,0,cavalry_light,920,779.3997426480817
18078,0,cavalry_light,807,748.9476864140437
18079,4,general,790,607.0703553454875
18080,0,cavalry_heavy,1117,1131.542170669151
18081,1,cavalry_heavy,755,872.1618787095744
18082,4,cavalry_standard,754,801.0538713370545
18083,1,general,923,898.9626562630356
18084,1,general,798,826.8500871403328
18085,4,general,572,470.1134578548363
18087,2,infantry_light,311,334.23491427712696
18088,3,infantry_light,363,356.0432837445837
18089,3,cavalry_lancers,668,609.8309380061484
18090,3,cavalry_light,281,351.18797385440587
18092,0,cavalry_light,366,432.3484891196997
18093,1,general,482,452.2567838083171
18094,2,general,519,445.7137246593837
18095,1,general,248,297.93320339285043
18096,2,general,220,206.50862826801915
18097,4,general,163,228.06149522477884
18098,3,infantry_line,224,208.9265406276158
18100,1,infantry_line,241,232.27148876726454
18101,0,infantry_skirmishers,379,238.55378706435295
18102,4,cavalry_heavy,1567,1582.2276608896807
18103,0,cavalry_light,801,808.7848125729008
18104,2,cavalry_light,1047,1026.0242595760233
18105,0,cavalry_light,447,504.0294921755529
18106,4,general,902,861.1454787239933
18107,2,general,1585,1578.950649244099
18108,1,general,491,474.67813820032745
18110,2,cavalry_lancers,505,463.22759614982925
18111,2,cavalry_light,861,791.2702561618418
18112,2,cavalry_light,304,368.9975964931676
18113,2,cavalry_standard,538,563.6322678565264
18114,1,general,498,517.3890585156424
18115,4,general,688,614.8787545720049
18116,0,general,798,700.1496781878245
18117,4,cavalry_light,697,629.3115824209241
18118,4,general,547,466.73302564540353
18121,2,artillery_foot,739,712.0746108419521
18122,3,artillery_foot,545,558.9931296899387
18124,1,artillery_foot,279,283.85442839211737
18125,2,artillery_foot,642,676.068591064402
18127,4,artillery_foot,471,537.7571991309362
18129,0,artillery_foot,351,333.09603069681276
18130,1,artillery_foot,279,283.85442839211737
18131,1,artillery_foot,523,545.6957386512114
18132,4,artillery_foot,989,1070.1283819106766
18135,0,artillery_horse,1262,1370.9928756719075
18137,0,artillery_horse,1255,1317.7240899854207
18138,3,artillery_horse,2627,2434.9730793413796
18139,1,general,199,199.26369008546567
18140,4,general,1014,1046.0182147938363
18141,1,general,351,348.453961389753
18142,1,general,651,623.3070394805579
18143,1,general,351,348.453961389753
18144,0,general,1182,1142.6852217754013
18146,1,general,1634,1584.128844777707
18147,1,general,199,199.26369008546567
18148,1,general,199,199.26369008546567
18149,2,general,76,76.3995573406043
18150,1,general,199,199.26369008546567
18151,4,infantry_grenadiers,353,335.65434542507046
18152,4,infantry_grenadiers,353,335.65434542507046
18155,3,infantry_line,84,78.08149504269699
18156,4,infantry_skirmishers,238,311.5318676298107
18157,4,infantry_skirmishers,388,399.62811593590845
18158,0,artillery_horse,404,387.5825316668421
18159,4,cavalry_light,1026,1040.3678490030038
18160,0,cavalry_light,692,663.4101191279592
18161,3,cavalry_light,639,609.9117580014158
18162,0,general,638,642.458953753016
18163,2,general,102,131.0350640080098
18164,4,general,257,232.3372865348682
18165,0,general,886,901.525602491733
18166,4,general,584,526.4129463450441
18168,0,general,705,658.5388722232718
18169,2,general,673,663.5375018516935
18170,4,general,220,226.03204272956685
18171,2,general,1174,1346.0494774980768
18172,1,infantry_light,646,609.034233952024
18173,1,infantry_light,255,236.2965446068992
18176,0,infantry_light,289,267.7943719107514
18177,3,infantry_skirmishers,178,124.20527732502389
18178,3,artillery_horse,790,821.5575848955334
18179,2,cavalry_light,1176,1222.1603296352682
18180,4,cavalry_light,860,908.5835396280206
18181,3,general,981,1007.773836672326
18182,0,general,961,1086.898425235157
18184,1,general,1095,1151.7783047786816
18185,4,infantry_grenadiers,954,929.4614655204371
18187,3,general,1069,1015.4225637284956
18188,3,general,616,602.3109006663063
18189,3,infantry_grenadiers,850,792.9464962305053
18190,4,infantry_grenadiers,604,589.4619269015844
18191,0,general,556,525.2371574963646
18192,3,general,469,404.5502764183508
18193,0,general,1023,1079.116010496192
18194,1,general,479,421.6959707326901
18196,4,infantry_grenadiers,948,951.0659126969534
18198,3,infantry_line,475,444.83786129448936
18200,0,general,231,241.46093416851505
18201,4,general,144,143.25666269870388
18202,1,general,357,348.84595445588036
18204,4,general,138,143.42607103864347
18206,0,general,753,769.164490425671
18207,2,general,424,373.4866181116226
18209,4,general,102,130.31494877261525
18211,0,general,571,506.78909654232257
18212,1,general,635,709.312109338589
18213,0,infantry_light,244,216.01277473168298
18215,0,infantry_light,295,269.74329965659985
18216,3,infantry_light,336,344.07135704838674
18217,0,infantry_line,196,185.39372296539787
18218,3,infantry_line,302,254.75590068441582
18219,1,infantry_line,673,656.1956709088583
18220,4,infantry_line,355,335.91185801077114
18221,0,infantry_line,396,366.7749574707305
18222,4,infantry_line,207,203.166572573853
18223,2,infantry_line,590,653.1426763462958
18224,1,infantry_skirmishers,195,238.7205219967566
18226,0,cavalry_light,657,675.7359618634752
18227,2,general,96,109.04171273196734
18229,2,general,173,166.17959742141915
18230,0,general,134,129.76002332269567
18231,0,general,618,680.9097897467174
18232,2,general,810,767.5525488382702
18233,0,general,419,408.53942163065335
18234,2,infantry_line,240,213.51019930078792
18236,4,infantry_line,412,416.04579156549363
18238,3,general,133,125.09018687819304
18239,2,general,827,752.7525161108205
18240,1,general,170,152.2938825168032
18241,1,general,38,66.07030688106748
18242,3,general,734,768.6503163311115
18243,0,general,872,847.9177744632501
18244,1,general,662,698.4580475887035
18245,1,infantry_light,573,544.7059343427177
18246,1,infantry_line,144,123.3072551276802
18251,1,general,281,239.66955149288236
18252,1,general,836,913.8524320509503
18253,4,general,235,232.92358876903907
18254,3,general,494,431.1225517409632
18256,1,general,284,272.34576651889074
18257,4,general,136,140.164715783803
18258,4,general,100,111.23354774396614
18260,4,general,1304,1617.8058909615984
18262,1,infantry_light,157,147.0149471678801
18263,4,infantry_light,168,156.51073005556125
18264,0,infantry_light,212,184.69915954201522
18265,0,infantry_line,605,578.5462429694738
18266,1,infantry_line,756,765.2192036450233
18268,4,infantry_line,897,955.3521415804979
18269,4,infantry_line,278,277.3298130145272
18270,3,infantry_skirmishers,247,222.17731482707308
18271,2,general,155,154.17349829516087
18272,3,general,114,125.63200034567764
18273,3,infantry_line,217,219.54053589541542
18274,3,general,383,334.80404359062584
18275,3,infantry_line,486,477.53212191104006
18277,0,infantry_line,216,207.81539485820167
18278,2,general,558,595.7252151573871
18279,4,general,617,652.7730617979754
18280,4,infantry_line,522,545.1124500382045
18281,1,cavalry_light,634,618.3977462342962
18282,4,cavalry_light,505,513.3244417221039
18283,0,general,411,416.1193159334699
18287,0,general,375,374.57387666726396
18288,0,general,228,220.97576295278935
18289,1,general,489,446.06975928245424
18290,0,general,281,239.45982015025334
18291,0,general,472,461.0261541441753
18292,3,infantry_line,202,187.27717471863807
18293,3,infantry_line,250,245.76620435001274
18295,2,infantry_line,243,228.62887219837546
18297,2,cavalry_lancers,669,683.4360902186593
18298,2,cavalry_lancers,632,647.5621278614016
18299,4,cavalry_light,927,910.4441040968461
18300,0,cavalry_light,809,822.5947334920211
18301,0,general,611,674.3985688668984
18302,4,general,966,1037.9304150412502
18303,1,general,74,93.73333831023335
18304,2,general,95,102.4301096201519
18305,1,general,831,878.5805610939472
18306,3,general,1,44.582601712483935
18308,0,general,483,484.6881572638795
18309,4,infantry_line,161,147.92960372956813
18310,2,infantry_line,176,165.83377681587427
18311,4,infantry_line,108,95.22346051418694
18312,0,cavalry_lancers,669,653.1408688943364
18313,2,cavalry_lancers,761,751.4181957083515
18314,1,general,521,492.4050755842434
18315,1,cavalry_lancers,782,748.5325089306946
18316,2,cavalry_lancers,601,627.535716869675
18317,4,general,668,668.9375330626976
18318,0,cavalry_lancers,724,733.7900191570001
18319,2,general,720,771.3610390338771
18320,4,general,270,275.30721790023335
18321,3,general,603,624.1614698977937
18322,4,general,619,574.9737740639744
18323,1,general,335,311.651513612135
18324,4,general,543,504.7261359917526
18325,4,general,747,727.6138594163748
18327,1,infantry_grenadiers,326,316.657330015782
18328,0,infantry_grenadiers,714,736.902033935306
18330,0,infantry_grenadiers,663,614.0712902180874
18331,0,infantry_grenadiers,511,447.64790599168424
18332,1,infantry_grenadiers,700,676.4246154006252
18333,2,general,319,359.57975502112583
18334,2,general,605,574.1234424106063
18335,0,general,169,236.63736734147386
18336,1,general,208,220.32379433657977
18337,2,general,461,435.1846009703702
18338,2,general,233,206.37859151288407
18339,3,infantry_grenadiers,576,529.9345536077138
18341,0,infantry_grenadiers,384,424.4737262007225
18342,0,infantry_grenadiers,319,269.19994967468784
18344,3,general,77,93.6034483901707
18345,2,general,77,96.2150858520772
18346,2,general,200,166.99120108238597
18348,1,infantry_line,151,136.8155201823025
18349,2,general,50,78.36383099696913
18351,4,general,239,203.29006378318033
18352,0,infantry_line,156,141.35095929554953
18354,4,cavalry_light,680,673.6312051257146
18355,2,general,51,72.87438630988439
18356,2,general,537,527.8174514004537
18358,4,general,192,200.97506638258798
18359,3,general,108,134.22015808363315
18362,2,infantry_line,217,219.62463130915245
18363,3,infantry_line,364,488.65500815228603
18364,1,artillery_foot,715,624.2472427297035
18365,0,artillery_foot,529,541.5600863549644
18367,4,artillery_foot,425,409.5473750607494
18368,0,artillery_foot,104,155.0744488905343
18369,0,artillery_foot,418,562.1886597256631
18370,0,artillery_foot,266,257.77832878759176
18371,2,artillery_foot,549,505.5051907829738
18372,2,artillery_foot,603,551.7233596435738
18373,1,artillery_foot,680,634.4142099607701
18374,3,artillery_foot,222,211.7384905280801
18375,1,general,1232,1199.1243422243372
18376,4,general,659,615.6847422714358
18377,3,general,629,546.5508680974604
18378,4,general,1,1.0
18379,3,general,177,179.23351373305067
18380,3,general,177,179.23351373305067
18381,3,general,177,179.23351373305067
18382,1,infantry_grenadiers,293,371.35799942481157
18383,1,infantry_grenadiers,293,371.35799942481157
18384,2,cavalry_light,812,851.8590313619238
18386,0,general,1129,1133.274497141621
18387,4,general,247,236.43393798979426
18388,2,general,709,690.9496219083321
18389,3,general,1885,1833.525900287637
18390,2,general,610,519.3176458559192
18392,4,general,1010,1017.3793448434776
18393,4,infantry_grenadiers,1634,1587.0846956107177
18394,3,infantry_light,735,795.8137675847438
18395,4,infantry_light,733,775.8100141080241
18397,3,infantry_skirmishers,472,484.9021213579868
18399,0,general,131,175.5485674702686
18400,2,general,284,237.3939725796113
18401,0,general,243,377.4113329178138
18402,4,general,476,365.02972577470064
18403,3,general,394,396.3361200626849
18404,4,infantry_line,509,630.85749380824
18405,0,infantry_militia,420,390.57618339221403
18407,4,infantry_militia,360,398.2342588553479
18408,3,infantry_militia,298,414.3696707286519
18409,2,infantry_militia,231,242.76827481343932
18410,0,general,291,278.7436455863062
18411,4,general,185,212.06486518727266
18412,1,infantry_militia,242,270.20198583223794
18413,2,infantry_militia,382,373.53023406425604
18415,1,cavalry_heavy,723,700.6648442443402
18416,4,general,2706,2877.35433179639
18417,1,general,556,564.9477432157628
18418,2,cavalry_light,531,553.7123262475704
18419,4,cavalry_light,626,594.9589451021114
18420,0,cavalry_light,659,710.7789181458667
18422,0,general,508,491.88850245910174
18424,1,general,34,75.90551370241302
18425,3,general,206,161.3349118982486
18426,1,general,73,101.31080935586316
18427,2,general,125,119.45567385443871
18428,1,infantry_militia,142,160.44054817555767
18429,0,infantry_militia,127,122.3086059338281
18431,3,general,120,121.65800316669515
18432,2,general,189,159.65661957681075
18433,3,general,41,74.69587686199651
18434,3,general,84,92.73173771391706
18436,4,infantry_militia,268,250.9121451624145
18437,3,infantry_militia,136,128.34733990705485
18438,1,general,187,169.69045424964875
18439,1,general,242,204.39451767362826
18441,3,general,671,508.1067919306445
18442,2,infantry_militia,377,291.53878491749117
18444,2,infantry_militia,636,573.5165386772472
18445,3,cavalry_light,976,972.3121616262041
18446,1,general,862,795.1088761054846
18447,0,artillery_foot,550,538.5336926719714
18448,4,general,1,1.0
18449,4,general,462,400.5351515137691
18450,0,cavalry_lancers,811,810.5932450024061
18451,2,cavalry_lancers,747,767.0106549938777
18452,2,cavalry_light,736,706.4673112608534
18453,3,cavalry_light,1708,1738.8494837936757
18454,2,cavalry_light,1225,1278.510030511193
18455,1,general,506,516.058684242238
18456,1,general,651,608.1701776268014
18457,3,general,606,577.5149677745283
18458,4,general,239,212.90727845682002
18459,3,general,452,444.06929493807024
18461,1,general,717,721.6561938127048
18463,3,general,523,544.2386793580843
18465,3,general,412,375.03753125371173
18466,1,general,1084,1286.7585326748494
18467,1,general,408,352.3508923967045
18468,0,general,536,508.0587083083609
18469,2,general,731,779.0552349142652
18470,1,general,361,288.5932547226257
18472,3,infantry_grenadiers,502,477.1300512142203
18473,4,infantry_grenadiers,476,465.5893028802056
18474,2,infantry_grenadiers,553,508.23416512104217
18475,1,infantry_light,772,853.9236769980427
18476,1,infantry_light,474,538.5096084632096
18477,0,infantry_light,352,358.53444114330233
18478,2,infantry_line,535,595.5553078104635
18479,4,infantry_line,493,526.596570287622
18480,3,infantry_line,638,693.8833023155597
18482,0,cavalry_light,1034,1072.3362583751716
18483,4,cavalry_light,524,525.880823972951
18484,0,general,239,227.97353389761798
18485,2,general,907,954.9449651325311
18486,2,general,395,376.41153224530206
18487,1,general,70,89.55737649868199
18488,4,general,289,250.94192210679486
18489,4,general,192,188.1459746692899
18490,4,general,106,109.65368019542612
18492,1,general,375,446.9650704945633
18493,1,general,1114,1143.4229244959915
18495,0,infantry_grenadiers,1035,1021.2629799671931
18496,1,infantry_line,176,177.59965276909554
18497,4,infantry_line,391,398.94851394473284
18498,3,infantry_line,297,314.7520530642024
18499,1,infantry_line,556,619.8640493283426
18500,2,infantry_line,445,528.0811487238968
18501,1,cavalry_heavy,1911,1923.14507248709
18502,3,cavalry_standard,736,882.1337712231069
18504,3,general,625,707.7678202863566
18505,1,general,583,677.9923170554251
18506,4,general,1728,1726.997188108718
18507,1,general,1953,1984.098562352752
18508,3,infantry_light,347,357.10538225945413
18509,3,artillery_horse,1015,1036.95698768477
18510,1,cavalry_lancers,635,701.5850430083328
18511,1,cavalry_light,1430,1565.727508440533
18512,4,cavalry_light,640,600.472345508474
18513,1,cavalry_standard,1463,1412.0253268628144
18514,2,general,119,131.113294051006
18515,1,general,427,375.26650211291366
18516,4,general,160,147.79038352202505
18517,4,general,211,186.11852051440988
18519,1,general,156,170.02591875448977
18520,4,general,603,547.5598361094563
18522,2,general,328,273.84469411009394
18523,4,general,160,161.77037542698008
18525,1,general,386,373.1960441944843
18526,3,general,500,457.6424403508189
18527,3,general,546,546.9794323508959
18529,1,infantry_grenadiers,385,382.0895221415382
18530,0,infantry_grenadiers,608,585.134433068208
18532,2,infantry_light,276,258.47047804534117
18533,1,infantry_light,359,362.5868392710173
18534,2,infantry_light,458,459.92096044101163
18535,0,infantry_light,495,483.3634886429291
18536,4,infantry_line,225,243.06783112835538
18541,4,infantry_skirmishers,127,111.96300222131885
18543,1,infantry_skirmishers,265,247.1249191865602
18544,3,cavalry_lancers,999,953.6362123136414
18546,1,cavalry_lancers,603,630.7115263336577
18547,0,general,250,229.73289976713912
18548,3,general,216,201.95107253388755
18550,2,general,357,317.7070116009569
18552,2,general,472,465.9012280062102
18553,4,general,329,286.59129316060273
18554,4,general,602,582.2410291989671
18555,1,general,442,384.74679794330257
18556,1,infantry_line,466,491.0045808523704
18557,4,infantry_line,163,148.7975927418633
18558,3,infantry_line,310,301.39550138808767
18559,0,infantry_line,324,337.6680902508066
18560,4,infantry_line,550,570.2570690090694
18561,0,infantry_skirmishers,200,229.8719315346925
18562,3,general,133,131.30282197548567
18563,3,general,155,159.3653958070308
18564,3,infantry_line,201,198.262648633232
18565,4,infantry_line,255,272.0364307877101
18566,1,cavalry_lancers,1024,1040.770342273239
18567,3,cavalry_light,1230,1128.2976260388425
18568,2,general,391,337.4368722540713
18570,4,general,550,516.2865533333758
18572,2,general,431,378.9393128962133
18573,2,general,980,1053.8054176791386
18574,4,general,900,926.5674850890565
18578,2,general,669,682.0265964370668
18579,0,general,301,268.25828652380926
18580,4,general,416,428.42826279523246
18581,0,general,794,821.4918415386066
18582,1,general,354,327.1659249769473
18583,2,infantry_grenadiers,539,573.6914849948208
18584,2,infantry_grenadiers,418,381.294584355234
18585,2,infantry_grenadiers,624,671.4519749147672
18586,2,infantry_grenadiers,399,467.61954357764677
18587,4,infantry_light,704,700.8802068913197
18588,2,infantry_line,422,423.57477633142105
18589,1,infantry_line,497,518.845490333608
18590,0,infantry_line,290,308.59836961321133
18591,3,infantry_line,384,392.34799035756606
18592,0,artillery_foot,360,316.11349320904964
18593,2,general,209,202.73540746231066
18594,0,general,63,86.28339773154879
18595,0,general,506,485.63793307009655
18596,4,general,616,617.2217888511764
18597,0,general,762,736.8044037915269
18599,1,general,357,410.3738989251299
18600,2,general,569,494.52105336048095
18601,2,general,610,616.7107682619556
18602,3,general,508,512.4236526502091
18603,3,general,543,492.74764439269353
18604,1,infantry_grenadiers,608,595.1596124749108
18605,4,infantry_grenadiers,483,552.0230764824618
18607,0,infantry_grenadiers,672,665.9628287639233
18608,4,infantry_line,166,165.7130621374125
18609,3,infantry_line,254,278.6503087429053
18610,0,infantry_line,671,661.6456376897174
18612,4,infantry_line,491,466.5941832239064
18613,1,general,77,97.5625943214988
18614,2,general,111,102.86390163772943
18615,0,infantry_irregulars,548,575.9035719246737
18616,0,infantry_line,181,178.32954910598423
18618,4,infantry_militia,201,182.15780515460767
18620,1,cavalry_light,858,906.6760526727222
18621,0,general,212,192.49060630057215
18622,2,general,651,631.2217772101528
18623,0,general,736,739.4278855985892
18626,0,general,186,169.19334632135144
18627,2,general,546,534.734660068699
18628,2,general,390,351.7089710582981
18629,3,general,446,437.001830446536
18630,4,general,391,347.29883829100004
18631,2,infantry_line,318,312.8866838417633
18632,1,infantry_line,292,294.5592811584447
18633,0,infantry_line,498,516.9765198561082
18635,4,cavalry_heavy,1739,1564.933167464108
18639,0,general,171,157.89932768688544
18640,1,general,396,429.0241564013694
18642,1,general,365,356.9284706875349
18643,2,general,2329,2136.9588778778475
18646,3,general,571,538.1967156251674
18647,1,general,639,674.8520678916295
18648,4,general,498,487.6985731074269
18649,1,infantry_light,431,500.7048347874022
18651,3,infantry_light,242,247.9660676053273
18652,3,infantry_light,343,367.5684377234216
18654,3,infantry_line,251,277.45601606355774
18655,2,infantry_line,279,282.067354539076
18656,3,infantry_line,680,765.9889396262691
18657,0,infantry_militia,61,73.49199239701628
18658,3,artillery_foot,350,326.3121269227726
18659,0,cavalry_standard,821,809.2182712669927
18660,0,cavalry_standard,1598,1465.6951047167238
18662,2,general,712,715.1366469353517
18663,3,general,1369,1220.3253015571158
18664,1,infantry_grenadiers,420,513.0176616609413
18665,3,cavalry_heavy,1874,1846.968992475429
18667,2,general,1808,1793.8621950115316
18668,3,general,1917,1881.171221649077
18669,1,general,791,859.8872829985245
18670,0,cavalry_heavy,2650,2537.1208426664643
18671,3,cavalry_heavy,1763,1669.1836748037565
18672,1,cavalry_heavy,2046,2030.6134709740047
18673,3,cavalry_light,833,826.2017300494514
18675,0,general,782,788.1987376344102
18676,4,general,1589,1514.3098682178615
18677,4,general,2324,2238.1821991072093
18678,1,general,2541,2563.3054165789795
18683,4,cavalry_heavy,1805,1650.5031534796296
18684,0,general,1744,1742.8507077366694
18685,0,general,1738,1611.0675108520606
18686,0,artillery_foot,249,255.31392818559098
18687,3,cavalry_heavy,1748,1721.6582792555932
18688,0,cavalry_heavy,1976,1897.699025685404
18689,2,general,1511,1509.4726945399914
18690,0,general,207,176.44565452914205
18691,2,general,455,382.573615668648
18692,1,general,492,457.68392439307036
18693,1,general,167,194.47872971896794
18694,2,general,178,160.90096202320143
18695,3,general,1717,1655.0129999678988
18696,3,general,1577,1577.9567193441626
18697,2,general,321,280.8750475723373
18698,4,general,573,673.9088917991453
18699,0,infantry_grenadiers,458,463.76192717811125
18700,1,infantry_light,363,355.9673666631968
18701,2,infantry_line,310,295.9647444079578
18702,1,infantry_line,282,272.99559728357235
18703,4,infantry_line,641,799.8058414107358
18704,3,infantry_line,389,359.66082412572314
18705,4,general,109,114.40202295798204
18706,0,general,265,256.2884029934632
18707,2,general,690,565.6999181633641
18708,3,general,188,175.67926172008836
18709,1,general,540,645.4416742648507
18710,3,infantry_grenadiers,649,601.7529661018149
18712,1,infantry_line,255,258.3836344196642
18713,1,infantry_line,219,215.4306261479251
18714,1,infantry_line,528,622.6750521359916
18716,3,artillery_horse,89,103.6050058476208
18717,0,cavalry_light,808,768.0981638940127
18718,2,general,656,609.2891182171194
18719,0,cavalry_heavy,861,1246.5739765809544
18720,1,general,661,1103.4816827737254
18721,1,artillery_foot,327,336.40075324026867
18723,2,general,85,102.57031277810518
18724,0,general,447,398.4130224132776
18725,2,infantry_grenadiers,512,490.26710864113676
18726,1,infantry_line,192,186.75017483455292
18727,1,infantry_line,167,162.5612075733429
18728,2,artillery_foot,40,59.922719241837555
18729,4,general,162,148.46665439838696
18730,1,general,183,166.7793501673336
18731,4,infantry_line,265,264.61179475645065
18732,0,infantry_line,206,193.61413417276512
18734,1,infantry_skirmishers,236,227.6205684151732
18736,0,artillery_foot,705,640.3574425524017
18737,3,artillery_foot,467,417.41645776577417
18738,4,artillery_foot,480,440.1449289045698
18739,4,artillery_foot,600,820.100330173771
18740,1,artillery_foot,268,332.5395639823128
18741,2,artillery_foot,776,696.4312332615782
18742,0,artillery_foot,61,78.65772702045673
18743,0,artillery_foot,406,382.22762467797594
18744,0,artillery_foot,567,519.2439467969223
18745,2,artillery_horse,1057,1023.9651176500445
18746,2,artillery_horse,684,614.0673637214784
18747,4,general,1,1.0
18749,2,general,444,329.7463437201689
18750,4,general,1,1.0
18752,0,general,1195,1145.0656931762173
18753,4,general,1,1.0
18754,1,infantry_grenadiers,420,513.0176616609413
18755,1,infantry_grenadiers,420,513.0176616609413
18757,1,general,828,797.7776913159443
18758,1,general,1244,1221.5971797774298
18759,3,infantry_grenadiers,952,968.3177359008587
18760,0,infantry_grenadiers,608,589.2017144583118
18762,3,infantry_grenadiers,861,836.2056915439854
18763,1,general,860,707.0441572303754
18765,4,infantry_light,851,753.5034277210377
18766,0,infantry_line,567,596.6447972194931
18767,0,cavalry_lancers,823,670.7325945434415
18768,0,cavalry_lancers,823,711.1107506122241
18769,2,cavalry_light,723,762.3543238000836
18770,0,general,571,574.9884438933817
18771,0,artillery_foot,755,805.8379769354435
18772,1,general,845,765.6791954018014
18773,2,general,638,645.1318816899683
18774,2,general,669,520.5302624757785
18775,3,infantry_grenadiers,682,729.9284588505737
18776,3,infantry_grenadiers,692,722.4079510042999
18777,1,infantry_line,778,701.0487622761661
18778,4,general,482,527.7645029008395
18779,2,general,847,823.1152914939915
18780,1,general,223,199.77999882159207
18781,2,infantry_grenadiers,703,716.9766442550161
18782,4,infantry_grenadiers,528,550.1101136906833
18783,0,infantry_line,327,347.70726734201
18784,3,artillery_foot,484,452.052868239531
18785,4,general,1691,1504.2140549985993
18787,2,general,1808,1843.4550608236118
18788,3,infantry_grenadiers,1594,1600.471710484247
18789,1,infantry_line,1828,1789.9266840840057
18791,2,general,350,348.0615307977299
18792,3,general,1616,1734.2586857785984
18793,1,general,1508,1412.822473572198
18794,0,general,2189,2968.103786510664
18795,0,general,1486,1515.4061647915332
18796,1,infantry_line,1644,1694.6268319180062
18797,3,infantry_line,1630,1809.3421490305782
18799,0,general,148,148.91644058379745
18800,3,general,570,518.0987955083881
18801,3,general,884,975.8528105359316
18802,4,general,946,1082.6383691422898
18804,0,infantry_line,415,408.6621969467199
18807,2,infantry_line,681,713.3280538307141
18808,2,general,357,333.71647614202425
18810,2,general,558,522.7348081329162
18811,4,general,778,811.0510585486629
18813,1,general,307,271.7895247633238
18815,1,infantry_line,604,578.042010592615
18816,1,infantry_line,416,396.6324505396516
18817,0,infantry_line,422,567.3624059953843
18820,1,general,288,260.3462211324187
18821,3,general,236,210.00706768444167
18822,2,infantry_line,335,351.45662330796563
18823,2,infantry_line,288,301.2531123934439
18824,3,general,311,284.4156633695049
18825,4,general,300,282.5556681249085
18826,1,general,247,230.0638676866765
18827,3,general,469,437.3503257447311
18828,1,infantry_line,351,375.7843076936811
18829,2,infantry_line,411,433.73445322231663
18830,3,general,690,709.0256502396775
18831,4,general,622,579.9774078177039
18833,2,infantry_line,733,755.9031799410993
18834,2,infantry_line,232,253.10126080367664
18835,2,general,296,278.0491352821159
18836,1,general,354,337.52067614490545
18838,1,general,119,126.05081383288032
18841,3,general,461,457.4238092214756
18843,1,general,342,292.685510640848
18844,2,infantry_line,498,534.7610509906448
18845,4,infantry_line,452,457.1787525583262
18847,2,general,318,294.3399306503517
18849,1,infantry_line,373,381.76591615094117
18850,1,infantry_line,320,323.1867048943969
18852,2,infantry_grenadiers,942,901.0512822889068
18854,3,infantry_skirmishers,243,248.52596781021717
18855,1,artillery_horse,722,685.1639586270876
18856,2,cavalry_light,641,618.347649887651
18857,0,cavalry_light,657,693.3813250720517
18859,0,cavalry_light,1330,1308.4712513020534
18861,2,general,500,516.4950287579715
18862,0,general,1359,1411.207090701241
18863,3,general,502,477.68720070583316
18864,0,general,702,702.3238088153429
18865,4,general,1,1.0
18866,4,general,1,1.0
18867,3,cavalry_heavy,1363,1311.8582651881325
18868,1,cavalry_heavy,1817,1760.1801414121815
18870,3,general,992,1250.0848535222365
18871,1,general,574,1524.3708042403314
18872,1,infantry_irregulars,568,976.1769221881549
18873,2,infantry_line,1002,882.3734561520383
18874,4,artillery_foot,1018,940.0199264217172
18876,3,general,1049,1195.710826902921
18877,3,infantry_grenadiers,1175,1291.941993840561
18878,1,artillery_foot,1306,2511.777541105405
18879,4,general,56,101.13230457683531
18880,3,infantry_militia,82,125.97988324011747
18881,3,infantry_militia,147,159.60513239798743
18882,3,infantry_skirmishers,268,295.0644806295305
18883,2,artillery_foot,256,236.18754464173603
18884,3,cavalry_light,1288,1056.8826260461922
18885,2,cavalry_light,1034,1184.2402911639924
18886,4,general,1074,493.68482343954435
18887,2,general,925,1078.8587579238276
18888,3,general,473,431.945840564722
18889,2,general,76,166.19761432109627
18890,0,infantry_line,398,347.5773172376005
18891,3,infantry_line,164,197.0407961001003
18892,4,infantry_skirmishers,272,233.75838204212047
18893,3,cavalry_light,1123,1059.3956393285032
18894,0,cavalry_missile,486,306.3885847711368
18895,2,general,357,187.50576203727113
18898,4,general,1190,1668.4032091476358
18899,2,cavalry_light,1366,1575.5680466546505
18900,3,general,1167,1200.718209266291
18901,2,cavalry_light,1124,1214.2100373912544
18902,0,cavalry_light,1096,1016.6152008270044
18903,4,cavalry_light,808,742.9824143118437
18905,0,general,907,688.8827663624749
18906,1,infantry_irregulars,269,287.756125951247
18907,0,infantry_skirmishers,238,285.548897062596
18908,4,cavalry_lancers,354,373.4468487981327
18909,2,cavalry_lancers,1156,1001.012712170013
18910,2,cavalry_light,529,556.7279291136422
18911,0,general,232,286.5117134653332
18913,0,general,1093,1129.431857711992
18914,4,infantry_line,286,206.85251098271655
18915,2,cavalry_light,218,360.93149694813644
18917,3,artillery_foot,688,476.5412010277072
18918,4,general,295,197.68411055090118
18921,3,infantry_skirmishers,171,189.10181632959177
18922,1,cavalry_standard,439,553.2229242312783
18923,0,general,254,156.65145878211285
18924,2,infantry_irregulars,192,142.9139825617458
18925,1,general,95,62.46766249001054
18926,4,infantry_militia,176,129.69008771061723
18927,1,general,1,1.0
18929,1,general,526,523.6080039871815
18930,0,cavalry_heavy,2040,2055.972136763903
18931,1,cavalry_heavy,2068,2013.4938009524074
18932,3,cavalry_heavy,1286,1260.4140410849996
18933,3,general,1949,1970.2434129911464
18934,4,general,527,570.6284611029357
18935,3,general,176,168.20510867406597
18937,0,general,585,576.1211164470088
18938,1,general,1381,1359.0025678297654
18940,1,general,1064,1211.2356605001842
18941,4,general,1337,1247.9026716898184
18942,1,general,1077,1017.1328713586286
18943,1,infantry_line,672,666.8308425264769
18944,0,infantry_line,1464,1474.239511309804
18945,2,infantry_line,1512,1540.4025781800744
18946,2,infantry_line,610,644.3757316657574
18947,4,infantry_line,245,235.64964217417025
18948,1,infantry_line,977,926.4430696091157
18949,2,infantry_line,1472,1642.1083538979497
18950,0,artillery_foot,1521,1279.387023424614
18951,0,cavalry_lancers,607,604.2432244537108
18952,3,cavalry_lancers,674,709.3720697698649
18953,0,general,471,458.1951677198429
18954,4,general,535,554.2476642671261
18955,4,general,1396,1194.7490984936971
18957,2,general,694,679.2958061748508
18958,3,general,582,569.6698314310146
18959,2,general,1123,1239.3549114739944
18961,2,general,591,601.4223203231546
18962,4,general,365,336.3544581617843
18963,2,infantry_grenadiers,1078,911.3875945688917
18965,4,infantry_line,538,549.3347391732945
18966,0,infantry_line,734,706.2254359918419
18967,0,infantry_line,386,397.8861532188668
18968,4,infantry_line,531,518.1185825907688
18970,0,infantry_line,424,425.520412620608
18971,0,infantry_line,940,886.7939228680038
18972,3,infantry_militia,201,191.33004967090105
18973,0,artillery_foot,655,723.7402602103007
18974,3,artillery_foot,1524,1998.9424861876344
18975,1,cavalry_heavy,1306,1252.7403287880934
18976,2,general,1520,2023.6589024037276
18977,1,general,1103,1062.3519287009346
18978,3,general,334,293.35787804878714
18979,3,general,384,345.26380972930485
18981,2,infantry_light,341,399.3862646712082
18982,1,infantry_light,1115,1085.1548944636108
18983,4,infantry_line,442,410.69882776121653
18984,3,infantry_line,387,363.1688256221209
18985,4,general,933,1025.5265279423454
18986,0,general,228,198.35158245167838
18987,3,infantry_line,333,310.74668714005406
18988,4,infantry_line,827,807.25905881857
18989,4,general,150,207.29184656012285
18990,3,general,315,272.6965269439744
18992,1,general,203,180.76019895275354
18993,0,infantry_line,419,393.93179435181986
18995,0,infantry_line,264,317.09483694348484
18996,1,infantry_line,365,334.54165942034774
18997,3,cavalry_lancers,731,742.4007259769479
18998,2,cavalry_lancers,742,734.3604067293369
18999,4,cavalry_light,621,732.1900088574394
19000,4,general,594,907.5448525367043
19001,1,general,279,260.36569213713625
19002,0,general,704,708.496445744899
19003,4,general,130,166.2282837680705
19004,3,general,461,426.7674027025695
19005,4,general,767,691.4454278652479
19006,3,general,773,894.8168894186781
19007,0,general,681,716.4071283820292
19008,4,general,537,492.1979119697332
19009,0,general,312,281.8773064478873
19010,2,general,1333,1650.964296793634
19011,2,general,579,658.2598573414739
19012,3,general,665,581.1790502882357
19013,3,general,330,282.0857348917242
19014,0,general,940,1189.5564074200754
19015,1,infantry_grenadiers,298,217.66167679051037
19016,3,infantry_grenadiers,455,513.2379751184864
19017,3,infantry_line,786,794.7178414029877
19019,0,infantry_line,622,650.0033162251858
19020,0,infantry_line,522,520.1045462292717
19021,4,infantry_line,713,775.1959139655829
19022,3,infantry_line,978,1135.547276233624
19024,3,infantry_line,1368,1588.5693250308937
19025,0,infantry_line,372,353.5746913069939
19026,2,infantry_line,835,836.950184995361
19027,0,infantry_militia,193,195.46225084191332
19028,3,infantry_militia,211,246.1551919884927
19029,4,infantry_skirmishers,269,275.74014641553066
19031,0,artillery_foot,924,880.9925207818379
19032,0,cavalry_lancers,361,422.77065568587864
19033,4,cavalry_light,621,732.1900088574394
19034,2,cavalry_light,556,604.2229210918275
19035,3,cavalry_light,765,799.1602532975902
19036,3,general,628,586.3813677399994
19037,4,general,262,196.13708569703815
19038,0,general,431,343.79489220862587
19039,2,general,370,321.2220132567082
19041,0,general,772,870.4541497065131
19042,2,general,265,235.76360332951833
19043,0,general,442,357.6978742102152
19044,2,general,728,797.9286622296123
19046,0,infantry_line,366,360.39582379116547
19047,2,infantry_line,361,324.5776992377173
19048,3,infantry_line,361,325.25408510796456
19049,0,infantry_line,616,618.479821976045
19050,2,infantry_line,566,605.0895097785682
19051,0,infantry_militia,466,441.1191068489888
19052,2,infantry_militia,67,103.4743998675769
19053,4,infantry_skirmishers,301,322.8701257024959
19054,2,cavalry_heavy,1381,1474.7658805219555
19056,3,cavalry_light,765,799.1602532975902
19057,4,general,689,690.227870289119
19058,2,infantry_grenadiers,887,864.9109288379597
19059,2,infantry_line,152,191.71357570905758
19060,1,infantry_line,808,822.5098722721073
19061,4,general,259,208.1636966723756
19062,0,infantry_line,329,289.6244992601082
19063,1,infantry_grenadiers,793,812.2150131784958
19064,1,artillery_horse,868,883.4558254929024
19066,0,cavalry_light,645,704.5216864053227
19067,0,cavalry_light,550,518.8510673868202
19070,1,general,363,278.5384029150451
19073,1,infantry_line,411,331.0437169622453
19074,3,infantry_line,407,414.9458121717408
19075,2,infantry_line,335,337.61260185009706
19076,3,infantry_line,476,421.9890625629082
19077,4,infantry_militia,209,202.88915059372084
19079,0,artillery_foot,332,349.28323421578176
19080,2,cavalry_heavy,1381,1474.7658805219555
19081,4,cavalry_lancers,786,748.1435965437447
19083,3,cavalry_light,1137,1201.468802256063
19086,0,cavalry_light,443,437.34785470433184
19087,4,cavalry_light,461,432.13465270310485
19088,1,general,673,610.4282540830955
19090,4,general,375,348.0328093494318
19091,2,general,590,643.3183905163012
19092,3,general,940,916.2430436180606
19093,2,infantry_line,249,224.61548217998927
19094,2,infantry_line,152,191.71357570905758
19095,0,infantry_skirmishers,292,269.67579555739206
19096,1,cavalry_light,449,432.23167589534313
19097,0,cavalry_light,610,578.2982188806966
19098,4,general,462,417.17036214765125
19099,4,general,315,299.96537836447794
19100,3,artillery_foot,2543,1932.842766949072
19101,4,cavalry_lancers,894,858.4902363926113
19102,2,cavalry_light,500,563.824474849818
19103,2,cavalry_light,664,554.7341555903689
19104,3,cavalry_light,732,743.9230792189761
19105,3,general,360,413.18095241111376
19106,1,general,578,446.9399068205153
19107,1,general,776,744.479352190464
19108,3,general,1051,1411.3858975761025
19109,0,infantry_line,290,308.7974938094787
19110,4,infantry_line,869,923.6979239870647
19111,0,infantry_militia,94,98.2136129651826
19114,0,infantry_grenadiers,272,318.7935142022566
19116,0,general,417,364.6834351915178
19117,0,infantry_grenadiers,732,712.5780425454476
19118,1,infantry_line,534,504.33613046683024
19119,1,artillery_foot,1013,817.4566953102111
19120,2,general,694,677.6029633878832
19122,3,infantry_irregulars,582,585.7878723266311
19123,2,infantry_militia,291,249.45217648892321
19124,3,infantry_militia,263,239.74297589556127
19125,1,infantry_irregulars,356,393.7050343060987
19126,3,infantry_line,132,186.84237793033762
19128,1,cavalry_light,449,432.23167589534313
19129,2,artillery_foot,457,481.6023405700573
19131,3,artillery_foot,518,494.12263484165686
19132,3,artillery_foot,496,525.9137471542662
19134,4,general,351,351.79665507116727
19135,3,general,199,200.25962979387398
19136,4,general,351,351.79665507116727
19137,4,general,351,351.79665507116727
19138,2,general,526,523.4269303342152
19139,3,infantry_grenadiers,382,370.10730435077824
19140,2,artillery_horse,1031,1058.6059174930192
19141,3,artillery_horse,539,508.7892149543176
19142,3,general,463,501.84069516838076
19143,4,general,229,221.34785713386412
19144,0,general,352,384.5966733993845
19145,0,general,442,437.18858480940906
19147,0,general,523,542.3623923537518
19148,3,general,975,990.502284379758
19149,0,infantry_light,292,281.4695812202007
19150,3,infantry_light,438,477.0554420970811
19151,0,infantry_light,479,476.99796595342224
19152,4,infantry_light,401,322.922747256098
19154,1,infantry_line,1098,1148.2129373291425
19155,3,infantry_line,958,940.9321815335147
19156,1,infantry_skirmishers,231,197.63245369841655
19157,2,artillery_foot,350,325.999350855451
19159,3,cavalry_lancers,774,735.5405573258811
19160,4,cavalry_light,1150,1134.4829202478613
19162,0,general,1151,1177.2200283175018
19163,0,general,316,309.8581136274253
19165,3,general,789,712.6555245233645
19166,4,general,780,780.3812785589519
19167,0,infantry_light,719,667.0143044975156
19168,2,infantry_line,413,418.841501659095
19170,2,artillery_foot,1199,1376.8164952684892
19171,1,artillery_foot,75,92.2396697462681
19172,4,artillery_horse,115,129.792732237088
19173,4,cavalry_lancers,584,539.4762868849328
19174,3,cavalry_light,500,470.1433840038414
19175,3,cavalry_light,901,924.4685151516496
19177,2,general,341,333.7051859879897
19179,0,general,816,882.8031260133428
19180,4,infantry_line,345,346.0966966150128
19181,0,infantry_line,273,298.3565014266671
19182,0,artillery_horse,405,391.8093699707065
19183,2,general,271,297.7230415706328
19185,4,cavalry_light,652,637.6940643744059
19186,4,cavalry_light,1103,1171.4976996118637
19188,0,general,1297,1071.1052174428671
19189,0,general,988,1058.9698322641445
19190,0,general,581,596.4503275081937
19191,1,cavalry_heavy,2534,2397.5186597425445
19192,2,cavalry_heavy,2344,2349.8244404250872
19193,2,cavalry_heavy,662,816.797618496839
19194,3,cavalry_standard,937,944.8444698732717
19195,4,cavalry_standard,1045,1012.0421452549778
19196,4,general,407,394.777617264393
19197,4,general,2288,2293.4272072743443
19198,3,general,765,735.6184081108634
19199,3,general,2110,2071.70959075981
19201,0,infantry_line,454,461.4095612379857
19202,2,artillery_horse,1379,1393.4669935854056
19203,0,artillery_horse,1047,1091.0898197018691
19205,2,general,1371,1307.045353319354
19206,3,general,332,333.41500549288565
19207,2,general,854,1008.1391797439836
19208,4,infantry_grenadiers,855,810.0343643628983
19209,1,infantry_line,388,394.435047344517
19210,0,infantry_line,345,350.0717618699159
19211,4,infantry_line,338,353.89358991319705
19212,0,infantry_line,764,787.3832380229081
19213,1,cavalry_lancers,735,751.6971953805385
19214,2,cavalry_lancers,465,469.31938490544377
19215,4,cavalry_lancers,471,472.2212509694562
19216,3,cavalry_lancers,528,508.591690137392
19217,0,general,417,395.56923672033184
19219,3,infantry_light,316,352.1221457653288
19222,0,infantry_line,703,758.3866559384905
19223,2,general,378,341.6412892204206
19224,1,general,965,944.5559297807329
19225,0,infantry_grenadiers,908,855.8413531962905
19226,4,infantry_line,431,395.4122037580225
19227,1,cavalry_lancers,445,449.4094888854719
19228,2,general,206,216.3493639837274
19231,3,infantry_line,266,272.7632500331862
19232,2,general,265,246.1755497534693
19233,3,general,248,239.3230912711007
19234,3,infantry_line,348,348.8996751015315
19236,0,general,329,300.31684634019234
19237,1,general,236,245.07179699082283
19238,3,infantry_line,434,434.2323516594874
19239,2,infantry_line,295,302.07481848928614
19240,4,artillery_foot,928,894.4719142535848
19241,4,general,828,763.5152910831156
19242,1,cavalry_standard,939,920.4523626517648
19244,0,general,767,721.8816555661155
19246,3,infantry_line,376,383.8255848000636
19247,3,infantry_line,681,688.7831455438635
19248,1,general,782,796.885209911937
19249,4,general,297,303.1949502100583
19250,1,infantry_grenadiers,813,832.0236189663742
19251,3,infantry_line,386,396.08467314558766
19252,0,general,269,239.87111907892395
19254,4,infantry_grenadiers,768,699.1204283264217
19255,0,infantry_line,173,157.9624865434036
19256,0,infantry_line,259,251.84670826444233
19257,4,infantry_line,379,369.66233120197705
19259,0,general,173,172.2024481852813
19261,0,infantry_irregulars,166,160.67841063912576
19262,3,infantry_line,212,227.5508125125404
19263,1,infantry_line,312,294.013758924127
19264,1,infantry_line,200,192.3150805395842
19265,3,infantry_line,360,346.97813574810186
19266,0,infantry_line,362,359.833104432524
19267,3,infantry_line,503,494.37618670105707
19268,3,infantry_line,277,278.94687585651843
19269,0,cavalry_heavy,1956,1959.2470082512748
19272,0,cavalry_standard,482,534.7808843410695
19273,3,cavalry_standard,828,795.6689258382655
19274,3,general,559,567.7375615009025
19275,1,cavalry_lancers,445,452.6983626656494
19276,4,cavalry_lancers,978,973.9139913772635
19277,1,general,806,794.8133312497496
19278,0,artillery_foot,1735,1606.1573163755354
19279,4,general,1,1.0
19282,3,general,177,179.01717623639897
19283,3,general,177,179.01717623639897
19284,0,general,1022,1011.2029381970333
19285,2,general,823,818.3851816528488
19286,2,cavalry_lancers,372,385.49552741160835
19287,0,cavalry_light,553,533.6614524614563
19288,2,cavalry_standard,566,616.9386597907416
19289,0,cavalry_standard,680,701.5648235787393
19290,4,cavalry_standard,994,983.6439196776023
19291,4,general,418,388.54524070289796
19292,1,general,318,319.96356506946654
19294,3,general,932,902.9298281655737
19295,4,general,431,455.04982878302917
19296,1,general,673,676.9749071931373
19297,3,general,733,735.7721749284652
19298,4,general,378,329.7154030717116
19299,0,infantry_grenadiers,670,698.8848423763596
19302,3,infantry_line,368,368.11561422178806
19303,4,general,217,205.77481112212635
19305,4,general,189,160.29668308704282
19307,1,general,595,614.5104814568413
19308,0,general,301,244.56849660363937
19309,4,general,386,366.349725311233
19311,0,general,405,342.64592571917797
19312,3,general,358,278.72846681499465
19315,0,infantry_light,311,333.3893437746509
19317,2,infantry_light,525,552.4913106253927
19318,2,infantry_line,297,257.6291774754008
19319,1,infantry_line,190,230.50235955544437
19320,1,infantry_line,512,467.2656327053656
19321,2,infantry_line,437,426.7613753762033
19322,1,infantry_line,317,313.2373916235652
19323,3,infantry_line,499,525.4978545909705
19325,3,general,462,358.48743730356375
19326,1,general,184,306.73117950494753
19327,2,general,159,151.82035256888386
19328,3,general,166,161.5433260590315
19329,2,general,343,284.74347110406694
19330,2,general,626,593.933396042634
19331,0,general,754,761.2768543703603
19333,0,general,1000,1074.708145804834
19334,3,general,1003,1018.0346862100805
19336,3,general,697,722.7391985037901
19337,2,infantry_grenadiers,833,807.6743887880785
19338,4,infantry_grenadiers,1147,1147.351912336284
19339,4,infantry_grenadiers,948,943.7953063756985
19340,0,infantry_grenadiers,879,879.813658871007
19341,1,infantry_grenadiers,1238,1248.230981644229
19343,2,infantry_grenadiers,678,652.0029050060625
19344,2,infantry_grenadiers,765,734.795651088741
19345,2,infantry_light,472,473.6764284159472
19346,3,infantry_line,241,247.89754866789758
19347,2,infantry_line,270,264.2988632195733
19348,3,infantry_line,223,215.11581097951998
19349,2,infantry_line,558,481.19652938205604
19351,2,infantry_line,264,228.5481472222853
19352,3,infantry_line,591,675.3983602811975
19353,4,infantry_line,574,573.6858890822587
19354,1,cavalry_lancers,663,627.4099548721605
19357,1,general,631,603.1914579883841
19358,0,general,589,533.9988021468433
19359,4,general,542,500.0157212872619
19360,4,general,651,679.8378065372972
19361,3,general,842,1081.1167072575115
19362,1,infantry_line,362,347.9056171488972
19364,4,cavalry_heavy,1705,1684.6911265648816
19365,4,cavalry_heavy,1310,1320.737301279675
19366,4,general,1156,1157.7344328704032
19368,3,cavalry_light,456,441.54079107743
19370,0,general,470,421.73877437961556
19371,4,general,402,395.75685671917057
19372,4,general,265,268.3107847230478
19373,4,infantry_light,352,387.8825961294743
19374,3,general,207,171.18183278723686
19376,1,general,448,419.57682969067764
19377,3,general,355,302.4874648537701
19378,4,general,365,337.2978608390645
19379,2,general,500,507.4508438213657
19381,4,general,793,711.6959793099834
19382,4,general,441,380.7802861273077
19383,3,general,1023,1099.390809932248
19384,2,general,493,462.5923320512695
19385,3,general,469,433.6813149086253
19386,2,general,323,288.97283050867173
19387,0,infantry_grenadiers,434,372.3009456372534
19388,4,infantry_grenadiers,543,562.523185122735
19389,2,infantry_grenadiers,582,558.2204653757544
19390,3,infantry_light,490,485.3294902688881
19391,1,infantry_light,417,399.5087837905232
19392,2,infantry_line,197,183.61313507405046
19395,4,infantry_line,285,256.29740318175095
19397,3,infantry_line,902,831.4488346238213
19399,2,general,946,981.7055944711317
19400,1,general,399,363.1697795709249
19402,2,general,492,446.53547254827106
19403,2,general,412,373.2401497450719
19405,3,infantry_grenadiers,525,513.1559274070299
19406,2,infantry_grenadiers,829,801.9686053806286
19407,0,infantry_grenadiers,815,857.9184360961406
19408,4,infantry_grenadiers,770,740.5377458370492
19410,1,infantry_grenadiers,1148,1149.3650361802406
19411,1,infantry_line,454,435.5976576309727
19412,0,infantry_line,299,312.9582243620948
19413,4,cavalry_light,594,606.9246282010398
19414,3,general,397,384.16378601988686
19415,1,general,673,652.8164443658274
19416,4,general,461,471.08624712397017
19418,4,general,96,189.56776271672513
19419,4,infantry_light,371,375.8673599256814
19420,1,infantry_light,588,552.1966635577138
19421,0,infantry_line,193,173.28562652766624
19422,4,general,650,652.9986231209223
19423,1,general,736,744.8337539690497
19424,1,infantry_grenadiers,780,778.9807647646454
19425,2,infantry_grenadiers,887,887.3791250883563
19426,2,infantry_grenadiers,884,879.6178610912577
19430,1,general,117,135.60510687523723
19432,4,general,124,128.56576352525704
19433,2,general,888,819.8086489049742
19434,2,general,615,612.4555304221508
19435,1,general,1024,1080.5264880815866
19436,3,general,704,756.7021202370735
19438,4,general,675,706.5824858940254
19439,0,general,300,237.5294857222496
19440,3,infantry_grenadiers,802,799.3148889969859
19441,0,infantry_grenadiers,614,568.6135324611536
19442,4,infantry_grenadiers,950,949.9396607748255
19443,1,infantry_grenadiers,1014,967.4338596008793
19444,1,infantry_grenadiers,824,880.655723357805
19446,0,infantry_grenadiers,1058,1080.7473005627323
19448,0,infantry_grenadiers,769,781.0253305050933
19450,4,infantry_line,192,193.1762921051696
19452,3,infantry_line,411,378.00361309881566
19453,0,cavalry_heavy,1736,1762.6060281671244
19454,3,general,1655,1653.0240167054908
19455,2,general,187,199.99102658062577
19458,4,general,368,317.4860718051861
19460,3,general,939,1010.9897392503696
19461,0,infantry_grenadiers,629,643.3844434797135
19462,2,infantry_grenadiers,892,840.1153301367914
19463,2,infantry_grenadiers,697,704.0088687026342
19466,4,infantry_line,212,266.86223735181034
19467,0,infantry_line,226,229.92057091024273
19469,3,infantry_line,576,538.5814423150912
19470,4,general,180,179.51692464258218
19471,0,general,128,123.19702979896294
19472,4,general,670,643.4907722606569
19473,4,general,322,273.63988137068054
19475,4,general,482,442.44250990544526
19477,0,infantry_grenadiers,493,513.0854854079852
19478,4,infantry_grenadiers,574,592.1133563633347
19480,4,infantry_line,175,184.24595761401702
19481,3,infantry_line,279,286.08982092759044
19483,2,infantry_line,441,437.0538847878264
19484,4,infantry_skirmishers,302,399.74237773859574
19486,4,cavalry_light,787,842.6265629130891
19488,0,general,646,656.7976354263012
19489,1,general,284,250.66238524210965
19491,0,infantry_light,398,371.19039999813225
19492,2,cavalry_light,988,1162.8868486368967
19494,0,cavalry_heavy,1469,1511.170381890374
19495,4,cavalry_lancers,410,434.0367942424866
19496,0,cavalry_light,1105,1185.278783484983
19497,4,general,264,223.29439999673448
19498,3,general,362,365.1346596613411
19499,1,general,195,172.32767511737754
19500,0,general,1033,1135.4083133175031
19502,4,general,459,437.6686899511637
19503,3,infantry_grenadiers,566,545.6941060912959
19504,2,infantry_line,366,342.60987374802386
19505,1,infantry_line,260,238.58760570980988
19507,1,cavalry_light,394,382.4656688174069
19511,2,general,819,842.3680435159059
19513,1,general,151,302.5431879848331
19514,1,general,232,257.60365296302626
19516,4,infantry_grenadiers,730,682.8228120048615
19517,1,infantry_grenadiers,900,912.4983490677594
19518,0,infantry_grenadiers,681,574.8780769839724
19519,3,infantry_grenadiers,633,587.8333680521946
19521,2,infantry_line,292,279.869946687602
19522,3,infantry_militia,163,178.98658380960745
19524,3,general,318,266.9572119743563
19525,2,general,122,133.7961743513678
19527,0,general,240,218.35488281870013
19528,0,general,872,812.6643497961934
19529,2,general,267,218.41744527025762
19531,3,infantry_line,368,346.2532252491482
19532,3,infantry_line,151,193.57520795712202
19533,2,infantry_line,240,237.08401989295913
19534,2,cavalry_light,600,548.7868549142524
19535,3,general,316,279.51139128098663
19536,3,general,429,385.37593683595304
19537,3,general,429,385.37593683595304
19538,0,general,109,224.70956532799357
19540,4,infantry_line,208,189.06537883854816
19541,3,cavalry_light,771,806.117088459405
19543,2,general,765,789.7119208564388
19545,1,general,699,641.0076572113434
19548,0,general,123,273.2478441437509
19549,1,infantry_line,215,217.43497621721016
19551,1,general,166,166.0210560051881
19553,4,infantry_line,269,268.93703161287954
19554,0,infantry_line,267,269.4789574886276
19556,2,general,385,314.22497030752277
19557,2,infantry_line,357,318.8675491826172
19561,0,infantry_line,248,249.63283099977053
19562,2,infantry_line,270,251.99658207528176
19563,0,cavalry_heavy,1570,1583.9388820707516
19564,0,cavalry_heavy,1541,1563.7315236179509
19567,4,cavalry_heavy,1554,1516.4607540822342
19568,3,general,1378,1316.044595870176
19569,2,general,179,280.4922557018783
19570,3,general,154,259.7078304047744
19571,4,general,535,525.8972715772601
19572,0,infantry_grenadiers,650,615.1828944601897
19573,2,infantry_line,254,235.50656144207215
19574,0,infantry_line,250,233.70935122320265
19576,1,artillery_foot,656,620.7581936051707
19578,4,artillery_foot,525,699.3192180428365
19579,3,artillery_foot,241,307.12280086648275
19580,1,artillery_foot,236,275.6855238179983
19581,2,artillery_foot,470,452.78765543876654
19582,2,artillery_foot,678,599.1860416104047
19584,1,artillery_foot,325,282.40569425644145
19585,4,artillery_foot,518,490.65261796888296
19586,3,artillery_foot,771,698.4853894451871
19587,2,artillery_horse,925,995.5638323516021
19588,1,artillery_horse,846,849.0042114566032
19589,3,artillery_horse,903,954.1813948535097
19590,4,artillery_horse,1042,968.2670400626649
19591,1,artillery_horse,565,485.13294015760295
19593,2,general,340,348.88196741993784
19594,2,general,549,502.2988541208002
19595,2,general,526,523.6966849703078
19596,4,general,1,1.0
19597,3,general,199,200.97488030312974
19599,4,general,740,627.3306126930102
19600,4,general,1,1.0
19602,4,general,1,1.0
19604,1,infantry_grenadiers,359,453.2407925837206
19605,1,infantry_grenadiers,359,453.2407925837198
19606,1,infantry_grenadiers,359,453.2407925837206
19607,4,cavalry_light,1063,1073.0484003848983
19608,1,general,169,188.27584559183865
19609,0,general,1058,1095.460258419029
19610,1,general,470,446.6649800855756
19611,3,general,830,848.6600410112801
19612,3,general,315,305.8490861638991
19613,2,general,347,309.31873736387223
19614,0,general,173,216.66565184430019
19615,1,general,259,254.78387051394998
19616,0,general,168,187.98845629113092
19617,0,general,183,198.10651103552317
19618,3,general,867,784.5686553646733
19620,2,infantry_grenadiers,873,871.393125839671
19621,2,infantry_light,303,303.397386092812
19622,0,infantry_light,370,367.89336284831535
19623,4,infantry_light,205,215.90077906228822
19624,4,infantry_light,247,280.89812147798267
19625,2,infantry_line,579,570.4795725577069
19626,0,infantry_line,365,345.72797355350804
19627,4,infantry_line,279,299.74301614797673
19628,0,infantry_line,266,288.8511845912726
19629,3,infantry_line,1220,1266.1591652756242
19630,2,cavalry_heavy,2251,2341.276337400611
19632,4,general,243,231.17845433029652
19633,0,general,318,292.01346971443064
19634,1,general,497,443.7655557740394
19635,0,general,2021,2083.2598709346853
19636,3,general,701,790.492892261684
19638,1,general,640,649.0247864850896
19639,4,infantry_grenadiers,685,687.8333088815946
19640,2,infantry_light,434,407.76643264762464
19641,0,infantry_light,476,486.700635578846
19642,4,infantry_line,340,341.5222429825349
19643,1,infantry_line,417,422.7038389807519
19644,4,infantry_line,624,649.5794863193963
19646,3,artillery_horse,2117,1990.7787389379107
19647,1,general,427,365.697427999072
19648,2,general,415,387.47678220335627
19649,1,general,2141,2376.9959249395124
19650,4,general,386,346.6685363262444
19651,4,general,717,696.3112382839108
19652,3,general,480,475.8885516990526
19653,4,general,583,587.7072959402954
19654,0,general,440,412.45622643372695
19655,4,general,586,600.6117704993771
19656,0,general,708,734.0469083142001
19657,1,general,540,519.1610487466193
19658,4,infantry_grenadiers,825,763.0529878203527
19659,1,infantry_light,499,492.0181583109952
19660,0,infantry_light,600,589.0298311530158
19661,2,infantry_light,568,587.386075679662
19662,0,infantry_line,530,501.35509059385026
19664,4,infantry_line,527,535.2260126011502
19665,3,cavalry_light,577,524.0213144576767
19667,3,general,466,429.0488377666228
19668,0,general,210,252.5194595018643
19669,0,general,307,298.54834988305606
19671,1,cavalry_lancers,318,344.3872481003338
19672,4,general,824,935.7149259710064
19673,0,infantry_light,754,807.577266663429
19674,4,artillery_horse,820,710.615456383901
19675,0,cavalry_heavy,1867,1848.3926085951484
19676,4,cavalry_lancers,471,427.2377077920484
19677,3,cavalry_lancers,528,459.70987827529984
19680,4,general,598,628.7670742215475
19681,0,general,835,698.2215019251086
19682,3,general,1766,1759.9644646862453
19684,3,general,617,593.3046140078609
19685,3,infantry_grenadiers,759,742.9975675406624
19686,3,infantry_line,384,386.96630058387035
19687,2,infantry_line,649,681.9329712761752
19688,1,infantry_line,726,752.354314756859
19689,0,artillery_horse,1066,1079.320930388062
19691,1,cavalry_light,616,579.9577452582531
19692,0,general,399,355.76048664243865
19693,4,general,869,766.2543130868917
19695,1,general,464,416.23207518260864
19696,3,general,318,334.47032174804104
19697,2,general,456,456.6093132972538
19698,3,general,1274,1151.3559155959754
19700,4,general,312,295.7930634188047
19701,0,general,271,260.4786375882701
19702,1,general,886,874.9653449756418
19705,4,infantry_line,414,408.3643754322412
19706,4,infantry_line,452,421.6752720819282
19707,2,infantry_line,317,323.9736041769683
19708,2,infantry_line,378,391.14381292560245
19709,3,infantry_line,377,348.74239473554206
19710,4,infantry_line,373,379.69288149474505
19711,4,infantry_militia,229,176.33767328254854
19713,1,general,254,249.7592236347616
19714,4,infantry_line,310,322.18957418577895
19716,4,general,619,584.9270828695963
19717,1,general,366,328.3147411240105
19718,1,infantry_line,466,463.05942846936193
19719,3,infantry_line,727,735.3191606499034
19720,2,artillery_horse,148,160.43084036828998
19721,2,cavalry_heavy,1277,1298.1708099296864
19723,2,cavalry_standard,558,578.7601080013135
19724,0,cavalry_standard,523,546.3045905597177
19725,0,cavalry_standard,456,489.68072031614736
19726,4,cavalry_standard,1047,1029.134790572146
19727,0,cavalry_standard,685,703.5191875972899
19728,3,cavalry_standard,934,929.1209895412093
19729,2,general,642,654.8640754645063
19730,0,general,423,444.04425880710596
19731,3,general,270,274.37093810985255
19733,3,general,938,929.727504419525
19734,1,general,863,803.0394630608886
19735,0,general,840,749.6821937966649
19736,1,general,425,439.1320058021433
19737,3,general,230,240.36831261880462
19738,0,general,1123,1123.4479361268402
19739,2,general,272,271.7196899605339
19740,1,infantry_line,293,298.65456527189417
19741,4,infantry_line,365,379.29475560419985
19742,2,infantry_line,320,340.6133382181216
19743,2,cavalry_lancers,355,371.03443255993807
19744,3,cavalry_standard,1063,1013.8127141397625
19745,0,general,253,263.1475465680651
19746,3,general,440,427.08516286802666
19747,0,general,877,820.7292295228754
19748,2,general,220,247.90012407184915
19749,0,general,1780,2093.057402168199
19751,3,infantry_line,491,501.8963977233403
19755,3,infantry_line,356,353.27565490560335
19756,2,general,248,260.5667343034115
19757,0,general,228,202.69355731461803
19758,0,general,214,184.7972702873488
19759,2,general,165,152.13234920906524
19760,3,general,362,332.5700733495505
19761,4,general,200,208.36668548471988
19762,0,general,555,564.1353658277053
19763,1,general,454,410.8992905841103
19764,3,general,399,365.33834793991895
19765,1,infantry_light,270,247.17924056822648
19766,0,infantry_light,332,322.1447871916801
19767,2,infantry_light,305,327.5877791080962
19768,3,infantry_light,386,367.5597452517212
19769,3,infantry_line,303,319.85290596720193
19770,2,infantry_line,410,397.80169023908746
19773,2,general,239,221.15364422297225
19774,3,general,965,1454.2691519676564
19775,4,general,1217,1332.0188412349764
19776,1,infantry_line,296,290.68649174492174
19777,3,infantry_line,173,164.21227706040946
19779,3,infantry_line,982,1117.2440138846464
19780,0,general,251,177.2596481233425
19781,1,general,100,110.35626874656566
19782,2,general,686,623.2065959837352
19783,1,infantry_grenadiers,804,723.1562778446907
19784,2,infantry_line,207,203.22623911624126
19786,3,cavalry_heavy,1166,1114.1262941570858
19787,3,cavalry_heavy,1670,1659.3804728459156
19788,1,cavalry_heavy,1321,1262.2185966484599
19789,2,cavalry_heavy,2453,2574.2319435739455
19790,0,cavalry_standard,555,579.8655263220837
19791,2,cavalry_standard,776,727.7707387064055
19793,2,general,967,930.3948910608975
19794,1,general,455,465.11745126350763
19795,3,general,2211,2298.334646949386
19796,1,general,1096,1014.201938461603
19797,0,general,1576,1608.5645150173034
19798,1,cavalry_standard,599,600.4455739017071
19799,4,general,456,471.2407284232488
19800,4,cavalry_standard,957,962.12744548893
19801,2,cavalry_standard,657,669.1724204428206
19802,0,general,825,808.8502687079271
19803,2,general,512,507.4935069569957
19804,3,artillery_horse,578,542.6881814107568
19805,2,cavalry_light,559,570.8683297878364
19806,4,cavalry_light,1103,1194.5145593468128
19807,4,general,1016,1135.9456545684213
19808,0,general,459,508.1339879745173
19810,4,artillery_foot,508,617.9313595346663
19811,2,artillery_foot,450,419.0353653370812
19813,0,artillery_foot,547,648.9867896327626
19814,4,artillery_foot,518,655.6239816074425
19815,3,artillery_foot,1917,1494.4137324597111
19816,0,artillery_foot,2237,2192.2935932826927
19817,1,artillery_foot,1041,1022.6807169221696
19818,2,artillery_foot,1115,1034.257099720387
19819,4,artillery_horse,323,329.97275081800257
19821,4,artillery_horse,821,770.9825894202273
19822,1,artillery_horse,1674,1750.3017946630773
19823,1,artillery_horse,1077,1118.5282447552665
19825,2,general,2424,2477.963389446995
19826,0,general,312,312.51084645884885
19827,3,general,177,178.41674486770893
19830,0,general,924,700.6536982397282
19831,4,general,834,872.1603018687672
19833,3,general,827,843.6990483088765
19834,3,general,177,178.41674486770893
19836,4,general,204,278.0472550936807
19837,1,general,408,447.9158678971986
19838,2,general,823,816.1312730597564
19839,0,general,2496,2916.6706568866994
19840,0,general,569,597.0204964053721
19841,0,infantry_skirmishers,136,149.27887016168705
19842,0,infantry_skirmishers,136,149.27887016168705
19843,0,infantry_skirmishers,136,149.27887016168705
19844,0,artillery_foot,330,371.61959581406165
19845,0,artillery_foot,414,436.50499000905427
19846,0,artillery_horse,303,289.57557129748176
19847,1,artillery_horse,1351,1411.695857039152
19848,0,cavalry_light,475,480.0557369457853
19849,0,cavalry_light,430,414.75064858881933
19850,2,cavalry_light,443,428.3163157612518
19851,2,general,334,348.45698288135327
19852,0,general,350,345.920855670062
19854,3,general,296,296.97217330071464
19857,0,general,256,236.72037620313424
19858,1,general,273,283.04981965059795
19859,4,general,297,329.1123867488202
19860,2,general,97,117.70019795791771
19862,3,general,208,232.6256267485825
19863,0,general,300,299.88752016079275
19864,1,general,230,247.1826401308877
19865,0,general,381,360.29493892292953
19866,1,general,492,490.1441083397919
19867,3,general,59,85.66272317081435
19868,4,general,433,421.96020596393026
19870,4,general,1094,1200.5346777825798
19871,0,general,513,563.1791368451843
19872,4,general,123,127.73971255401038
19873,2,general,750,782.8713751997864
19874,4,general,630,675.9165433053056
19875,3,general,453,399.03659765528795
19876,4,general,539,547.4231247004323
19877,0,infantry_grenadiers,242,269.96675166725373
19878,0,infantry_grenadiers,866,889.7384347897707
19880,2,infantry_light,407,400.1710879723843
19881,4,infantry_light,458,451.53354226198735
19882,3,infantry_light,314,332.894693858183
19883,3,infantry_light,359,348.5424422517563
19885,3,infantry_light,334,349.5126580432345
19886,4,infantry_light,370,362.97903384674595
19887,3,infantry_light,304,329.09942423113495
19888,3,infantry_light,362,318.0338185830684
19889,0,infantry_light,515,528.8572375922582
19890,0,infantry_light,688,682.962434439766
19891,1,infantry_light,571,545.8800988264393
19892,0,infantry_line,171,162.40462511809665
19893,0,infantry_line,199,188.20362244191406
19894,1,infantry_line,629,687.1657339838306
19895,3,infantry_line,230,214.18889751428327
19896,0,infantry_skirmishers,127,117.14083585419051
19897,4,infantry_skirmishers,196,172.16229697828865
19898,4,infantry_skirmishers,134,144.80826835504254
19899,1,infantry_skirmishers,196,213.06045107589128
19900,1,artillery_foot,266,232.29919919655288
19902,1,artillery_foot,208,210.22371435445146
19903,1,artillery_horse,906,957.3576809381211
19904,0,artillery_horse,925,954.8314521746757
19905,3,cavalry_light,746,733.0148652740446
19906,3,cavalry_light,471,458.4537869555046
19907,3,cavalry_light,929,898.1022115411394
19909,0,cavalry_standard,524,501.5762850794799
19910,3,cavalry_standard,950,900.9003094274258
19911,4,cavalry_standard,455,479.3843075376281
19912,4,general,172,174.12588613523215
19913,0,general,771,713.9701799662138
19914,3,general,51,97.47935656992175
19915,0,general,65,103.2339948128136
19916,0,general,612,570.84133529298
19917,4,general,928,974.3732739926714
19918,0,general,150,161.45794317217718
19919,1,general,366,388.4609664725653
19920,2,general,327,372.20254620631647
19921,0,general,96,148.36030692626545
19924,4,general,74,107.02388136087518
19925,0,general,558,572.7168433994906
19926,4,general,1176,1344.680487933647
19927,3,general,337,311.84663757708205
19928,2,general,945,686.768640452788
19929,2,general,1251,1261.4449175924262
19930,3,general,116,126.8371033174553
19932,3,infantry_line,277,275.0234737706755
19933,3,infantry_line,171,175.06040418656232
19935,0,infantry_line,144,165.69333677962814
19936,0,infantry_line,1075,791.5689672103073
19937,3,infantry_line,1159,963.4954932731449
19938,2,infantry_line,324,300.6338715082234
19939,0,infantry_line,219,214.11794357843348
19940,4,infantry_skirmishers,102,100.53185070597836
19941,3,artillery_foot,266,232.9122468969743
19942,3,artillery_horse,443,408.832540932591
19943,4,cavalry_heavy,1299,1240.4597162282666
19944,0,cavalry_heavy,1661,1678.6770699980566
19945,0,cavalry_standard,1032,1037.6273390793465
19946,2,general,1472,1508.3870331964451
19947,4,general,891,892.6700683032861
19948,0,general,109,130.1906064392343
19949,1,general,1085,1041.5420116270418
19951,0,infantry_skirmishers,98,102.7897100688183
19953,0,general,601,563.722941910019
19954,0,general,231,248.16222472459563
19956,0,artillery_foot,460,472.7938078036861
19957,3,artillery_foot,527,518.6869342539771
19958,3,general,364,371.619180608314
19959,4,general,142,144.91182829339297
19961,4,general,40,76.67104733871628
19964,0,general,732,743.3701619438232
19965,2,general,626,621.631493036153
19967,4,infantry_grenadiers,873,868.5966083012084
19968,2,infantry_grenadiers,1076,1175.975602381956
19969,4,infantry_grenadiers,438,520.3156935619761
19970,1,infantry_grenadiers,588,565.742054245817
19973,3,infantry_line,375,384.9224148373543
19974,2,infantry_line,219,208.84250623600883
19975,0,infantry_line,238,237.0088324074761
19976,2,infantry_line,251,248.8357390636022
19978,1,artillery_foot,322,301.5312114003626
19979,2,artillery_foot,345,385.9645030453122
19980,0,artillery_foot,473,495.72012340750524
19981,3,general,198,214.29794378934633
19982,0,general,239,211.2345624671537
19983,4,general,505,529.073042574615
19984,3,general,112,124.40462325574747
19985,2,general,205,205.09886848432123
19987,0,general,191,189.1618445857011
19988,2,general,187,179.68524273369326
19989,1,general,158,152.88237848713104
19990,1,general,137,133.79003740321227
19991,1,general,572,595.1592791028172
19993,3,general,247,239.92967006812117
19995,2,general,679,605.2351845576992
19997,1,general,956,936.5256697929416
19999,2,general,597,552.7447533481682
20000,2,infantry_grenadiers,627,639.6825615155133
20003,1,infantry_grenadiers,727,715.013308311345
20004,4,infantry_grenadiers,803,728.7357611874316
20006,0,infantry_grenadiers,1005,1099.9520587186673
20007,2,infantry_line,262,270.1257826576199
20008,3,infantry_line,265,243.44933646145427
20010,1,infantry_line,212,191.81317677242114
20013,2,infantry_line,198,192.27188143082526
20014,0,infantry_line,214,212.44768426353176
20015,4,infantry_line,219,212.8027984911043
20016,2,infantry_line,264,263.91835136099354
20017,0,infantry_line,257,253.5013138502795
20018,1,artillery_foot,531,500.6684708420204
20019,2,artillery_foot,623,600.6611353038048
20020,3,artillery_foot,753,718.4221120860028
20021,2,cavalry_light,354,355.20537941740986
20022,3,cavalry_standard,1120,1173.1933879807489
20023,0,general,972,1006.8075372174362
20026,4,general,440,391.4517228270159
20027,1,general,154,150.52066366698836
20028,1,general,662,663.6163081519843
20029,4,general,229,199.09396258124352
20030,2,general,351,323.44241380214834
20031,4,general,284,273.6465983687306
20032,0,general,81,108.82160525845941
20033,3,general,147,158.5494967037203
20035,2,general,503,487.1675856894332
20036,4,general,262,279.4165857353444
20037,3,general,807,732.3097180207226
20038,4,general,190,191.96915635942776
20040,4,general,766,751.6716865677273
20041,3,infantry_grenadiers,839,822.5029212622645
20043,3,infantry_grenadiers,903,875.5531870738054
20044,4,infantry_light,385,372.7979293579982
20046,2,infantry_line,236,217.4078921862045
20047,0,infantry_line,175,168.79690016097788
20048,1,infantry_line,188,184.47899939532834
20051,0,infantry_line,322,313.54499806422217
20052,4,infantry_line,225,214.2776254492871
20053,2,infantry_line,251,252.83101061993872
20054,0,infantry_skirmishers,126,113.0399064151158
20057,1,cavalry_heavy,982,949.7249194985843
20059,0,cavalry_heavy,1800,1700.4470628015208
20060,0,cavalry_heavy,855,813.2865266967366
20061,2,cavalry_heavy,890,1024.119166207201
20062,3,cavalry_standard,408,408.9593083162402
20063,2,cavalry_standard,773,734.0927839927161
20065,2,general,1429,1384.6629674386745
20066,4,general,810,836.3246344832653
20067,1,general,1796,1752.5824989231849
20069,0,general,688,705.4525458824393
20070,2,general,282,308.4288128150501
20071,4,general,392,417.5646203554979
20072,2,cavalry_light,559,528.2345220951142
20073,3,general,416,382.3092646249388
20074,0,general,156,163.87384293808879
20075,3,infantry_light,262,258.47329297490137
20077,0,artillery_foot,521,495.65604504150036
20078,3,artillery_foot,467,456.3666653197581
20079,4,general,361,326.4692974817867
20080,4,general,247,246.60743150623884
20081,4,general,287,299.49865507979973
20082,0,general,205,175.95479473713144
20084,2,general,702,703.3997571457147
20085,0,general,428,355.6346565173945
20086,2,general,519,483.25528604216356
20087,2,general,559,521.6269081615338
20088,0,general,675,630.9742726586604
20089,0,general,714,758.3938143506653
20090,4,general,636,640.3166116309504
20091,3,general,640,614.7579025280712
20093,2,general,477,428.7222370220129
20095,0,general,675,630.9742726586604
20096,1,general,985,1052.0370614663693
20097,2,infantry_grenadiers,835,888.0398475791005
20098,3,infantry_grenadiers,614,573.207441858573
20099,3,infantry_grenadiers,809,801.3243706803111
20100,1,infantry_grenadiers,538,475.3033551262466
20101,2,infantry_grenadiers,933,962.5727380186028
20102,3,infantry_grenadiers,758,720.1118619255982
20103,4,infantry_light,626,617.2218254993198
20104,1,infantry_light,391,427.02032643341437
20105,3,infantry_light,346,287.82496777209826
20106,3,infantry_light,689,648.2709647988236
20107,4,infantry_line,349,359.38359257509074
20108,4,infantry_line,299,270.02840263306285
20109,1,infantry_line,312,276.7045908184312
20110,0,infantry_line,406,376.67734086924156
20111,2,infantry_line,509,514.0925098984304
20112,3,artillery_foot,492,443.31780524051635
20113,1,artillery_foot,408,409.57131386646535
20115,4,cavalry_heavy,2198,2170.801997058662
20116,1,cavalry_heavy,972,919.1795470566652
20117,0,cavalry_light,389,382.80562975170284
20119,0,general,912,920.9257667351336
20120,0,general,2180,2278.5213495322455
20121,1,general,463,466.5541831745892
20122,3,general,342,341.01669543604197
20123,2,general,242,235.0397725322867
20124,2,general,311,301.7239861046633
20125,1,general,845,817.721797206979
20126,4,general,1224,1249.9222158289151
20127,3,general,526,497.60686551927546
20128,1,general,641,652.4668298896291
20129,3,general,656,635.831163834067
20130,1,infantry_grenadiers,498,421.8515187956923
20131,1,infantry_grenadiers,457,418.9043990576071
20132,3,infantry_grenadiers,793,786.7749711186167
20133,2,infantry_grenadiers,632,630.6034817640227
20134,2,infantry_grenadiers,583,546.735117007305
20135,2,infantry_grenadiers,742,756.6111834172682
20136,3,infantry_line,311,305.12221365026073
20137,4,infantry_line,414,426.1827907189343
20139,4,artillery_horse,516,495.11660669976277
20140,1,artillery_horse,83,93.61292207727489
20141,0,artillery_horse,547,525.2979034488303
20142,1,cavalry_heavy,983,951.6897384605551
20145,1,cavalry_standard,485,488.2019124245187
20146,3,cavalry_standard,727,683.2639437406679
20147,3,general,352,379.29469171697104
20150,0,general,573,542.2248102151145
20151,2,general,1,139.306135715541
20153,3,general,510,541.3921334652362
20155,2,general,214,210.741852935086
20156,2,general,258,257.8598034942885
20157,2,general,309,280.4718723811445
20158,4,general,462,457.85372028521925
20159,1,general,366,346.54997454973795
20160,2,general,1097,1203.706014123959
20161,3,infantry_grenadiers,1158,1281.1523330847103
20162,2,infantry_line,319,321.15387474976825
20163,3,infantry_line,323,318.9560670142794
20164,0,infantry_line,449,403.4618599258097
20165,2,infantry_line,437,418.5755497144558
20166,1,infantry_skirmishers,132,123.33216223216947
20167,2,artillery_foot,341,328.9276161361297
20168,4,artillery_foot,475,475.6211171281752
20169,3,general,144,142.880244772511
20170,2,general,291,281.80793918067434
20171,4,general,129,124.56869709800561
20172,4,general,186,170.71518295527275
20173,4,general,129,124.56869709800561
20175,4,infantry_grenadiers,685,668.5155236503455
20176,4,infantry_line,252,241.66046139430617
20178,3,infantry_line,396,418.6866832581191
20179,3,infantry_line,239,205.6653216679677
20180,3,infantry_skirmishers,123,137.3611689742759
20181,1,artillery_horse,464,450.913990370858
20182,3,cavalry_standard,1007,962.8137813062141
20183,3,cavalry_standard,1036,1026.760422331651
20186,4,general,849,859.3994570343725
20188,3,cavalry_heavy,871,867.5860155419762
20189,2,general,704,747.1401431879192
20191,4,artillery_horse,132,144.6205974239411
20195,3,general,159,160.95245367802136
20197,4,general,1,1.0
20198,1,general,1721,1590.3941514709586
20199,1,general,1936,1996.6833376886634
20200,2,general,327,298.9751794598941
20201,0,infantry_grenadiers,1865,1818.8102170430725
20204,0,infantry_line,616,582.5166695581601
20207,0,general,465,449.42223401044686
20208,1,general,1308,1588.0194729406187
20209,0,infantry_grenadiers,984,1006.0710896916353
20210,2,infantry_light,571,583.7682583562054
20212,4,infantry_line,424,397.57590382293915
20213,3,infantry_line,401,350.0739663538443
20214,1,infantry_line,1328,1364.1081177971166
20215,3,infantry_skirmishers,310,242.5061545872595
20216,4,cavalry_light,505,454.41833160250974
20217,3,general,358,337.4977341227033
20218,4,infantry_light,276,264.1285778048091
20219,0,infantry_line,484,428.073722116979
20220,2,infantry_line,431,426.3259186464836
20221,0,infantry_line,644,620.5578114950204
20222,3,infantry_line,658,602.1286811505665
20223,3,infantry_skirmishers,224,188.08459336898582
20224,3,infantry_skirmishers,260,210.8980057145686
20225,4,general,341,509.040171847058
20226,0,general,751,733.1643393539915
20228,3,infantry_grenadiers,543,514.7467000351729
20229,4,infantry_light,331,257.5421989998615
20230,1,infantry_line,366,472.5040605457146
20231,1,infantry_line,1007,1034.0819996414282
20232,3,infantry_line,317,271.2991341147734
20233,0,infantry_line,543,477.9203547719808
20236,1,infantry_line,464,429.9416788398283
20237,2,infantry_skirmishers,218,280.94602868267583
20238,4,artillery_foot,567,625.6364937642054
20239,3,artillery_foot,633,632.648401489683
20240,2,infantry_light,749,733.6975351539579
20241,3,cavalry_heavy,1891,1878.4510928745412
20242,1,cavalry_heavy,1593,1564.9835309587756
20244,1,cavalry_light,790,843.2446708241847
20245,2,cavalry_standard,872,913.9093908809369
20247,4,general,1706,1755.5236200500033
20249,1,general,930,1207.087984366888
20252,0,infantry_light,1248,1691.2902241662468
20254,2,cavalry_light,782,776.468058953225
20255,1,general,686,712.3214979610714
20256,4,infantry_light,672,608.0141445701191
20257,2,artillery_foot,2022,1831.6403730874422
20258,0,cavalry_light,480,497.3644812331789
20259,2,cavalry_standard,677,712.0085766158799
20260,4,general,575,531.5867887036112
20261,0,cavalry_light,1573,1695.5962422917514
20262,4,artillery_foot,1003,1008.5438204898911
20263,0,artillery_foot,369,337.0557901573048
20264,4,artillery_foot,90,110.90702275464152
20265,3,artillery_horse,700,697.3854243901136
20266,1,general,820,812.1917738643409
20268,0,general,401,404.23519452739856
20270,2,general,34,91.63219538534673
20271,3,infantry_grenadiers,401,441.2349668695913
20272,4,cavalry_lancers,654,644.4251588840016
20273,2,cavalry_light,1009,1031.4791876196762
20274,0,cavalry_light,844,833.5612935005959
20275,3,cavalry_light,701,607.7142556202527
20277,1,cavalry_light,810,777.8515102089032
20278,3,general,131,131.38175512892553
20280,2,general,665,655.3170279788898
20281,3,general,647,605.417274123143
20282,4,general,579,578.5378000965653
20283,1,general,548,552.3521203723757
20284,2,general,141,152.25588507088736
20285,0,general,828,812.0023543870828
20286,0,general,248,187.9781563491039
20287,3,general,752,766.8948444937653
20289,1,general,880,958.2877344454739
20290,4,general,427,401.18976596810126
20291,0,general,327,245.8675564550134
20293,3,general,432,387.0218064959326
20294,2,general,341,318.4972938972323
20295,2,general,340,282.5189541723106
20296,0,general,436,458.9805019218949
20297,3,general,776,718.2784402273638
20299,3,general,194,175.32231653108295
20300,3,general,162,244.87106911445454
20301,4,general,411,364.4140158681134
20302,0,general,509,390.78667377924677
20303,2,general,913,925.5477915627307
20304,1,general,880,958.2877344454739
20305,1,general,645,651.4191528354461
20307,0,general,174,247.52846301738165
20308,1,general,795,826.7159789627646
20309,4,general,724,719.4244704136285
20310,1,general,687,677.0666272790371
20311,3,general,883,923.2143961034968
20312,4,general,656,701.3059255463082
20313,1,general,862,904.1575136631245
20315,2,infantry_grenadiers,692,652.0484232738137
20316,2,infantry_grenadiers,536,464.1525573506677
20317,0,infantry_grenadiers,697,695.5926563836051
20318,0,infantry_grenadiers,526,517.5768690941749
20319,1,infantry_grenadiers,544,571.488160577005
20320,3,infantry_grenadiers,388,421.3025856081176
20321,0,infantry_grenadiers,829,786.1190724121649
20322,0,infantry_grenadiers,847,828.306847151555
20323,0,infantry_grenadiers,809,784.6488574566879
20324,4,infantry_grenadiers,717,702.1699267990577
20326,0,infantry_grenadiers,929,895.3068899782561
20327,1,infantry_irregulars,516,553.7625573208894
20328,3,infantry_irregulars,382,411.8737296746551
20329,0,infantry_irregulars,241,266.4307233126197
20330,2,infantry_irregulars,300,296.74948689906205
20332,3,infantry_light,252,336.3233267844183
20333,4,infantry_light,250,290.4428985862638
20335,3,infantry_light,355,309.163196352247
20336,2,infantry_light,389,323.8110246562894
20337,4,infantry_light,812,797.1925305535287
20338,1,infantry_militia,245,230.33976033962125
20339,2,infantry_militia,326,294.5612637113252
20340,4,infantry_militia,228,201.5609758961258
20341,3,infantry_skirmishers,176,194.62134859824488
20342,4,infantry_skirmishers,170,161.6886235402758
20343,3,infantry_skirmishers,171,166.74628521513938
20344,3,infantry_skirmishers,186,165.6347647365045
20345,3,infantry_skirmishers,186,165.6347647365045
20346,2,infantry_skirmishers,114,119.86058629972226
20347,3,cavalry_lancers,695,610.034803026202
20348,2,cavalry_lancers,461,499.41931236320653
20349,4,cavalry_light,440,412.40452051587783
20352,2,cavalry_light,1095,1191.9526035573265
20353,4,cavalry_light,947,879.2248925078139
20355,2,general,958,994.2128631842639
20357,3,general,582,512.3954598973335
20358,1,general,1165,1387.2210272484897
20360,0,general,391,336.5017335095481
20361,0,general,627,586.3074789727816
20362,0,general,396,327.93072168315933
20363,2,general,431,484.9419323926254
20364,4,general,315,298.0344763325991
20365,3,general,119,212.1943179338957
20366,1,general,399,401.33959117840817
20367,4,general,357,326.56013177330334
20368,1,general,547,573.2624128177328
20369,3,general,1287,1374.4776791189818
20371,0,general,91,99.38266112399573
20373,0,general,903,938.7725696842189
20375,2,infantry_irregulars,190,180.18187670678958
20376,2,infantry_irregulars,426,498.49389256350776
20377,3,infantry_light,209,284.7294522114544
20379,2,infantry_light,447,415.3950995531914
20380,4,infantry_light,523,450.95501845541395
20382,0,infantry_light,360,315.48583618151577
20383,3,infantry_light,510,453.79589700429966
20385,3,infantry_skirmishers,176,194.62134859824488
20386,4,infantry_skirmishers,170,161.6886235402758
20387,1,infantry_skirmishers,169,162.74159538254256
20388,2,infantry_skirmishers,297,311.6286515798665
20389,2,cavalry_heavy,1547,1484.6191895212464
20390,4,cavalry_heavy,1414,1390.0407198168543
20393,4,general,1249,1239.353764250814
20395,3,cavalry_heavy,1402,1432.9983439399434
20396,0,general,467,490.10558758499485
20397,2,general,1237,1253.6500233032436
20398,2,general,161,142.5413365434277
20399,4,general,205,171.92758067753323
20401,3,general,96,113.17004669097682
20402,3,general,1372,1358.8681892449085
20403,0,general,52,127.78651549954157
20404,3,general,167,154.73699456212057
20405,3,general,432,371.2588670649305
20407,4,general,651,630.528023615977
20408,1,general,560,549.5030535170467
20409,2,general,620,641.6787157642507
20410,2,general,671,645.0368463840753
20411,1,infantry_line,136,196.37912676062962
20412,2,infantry_line,257,224.0775974182955
20413,0,infantry_line,231,226.6401472670344
20414,0,infantry_line,177,170.32457781537238
20415,2,infantry_line,230,209.8350267393429
20416,0,infantry_line,507,504.18410373868227
20417,4,infantry_line,190,194.3133196059326
20418,2,infantry_line,727,758.3990136829266
20419,4,infantry_line,533,496.95561803547054
20420,0,infantry_line,665,645.7436925507247
20421,4,infantry_line,494,454.23503771499287
20422,2,infantry_line,537,469.2318806612704
20423,1,cavalry_standard,685,708.3692262233978
20426,1,general,539,584.4260398443962
20427,2,general,118,117.98864267076142
20428,1,general,130,134.5721076883509
20429,1,general,131,175.15795189630626
20430,0,general,280,246.22703418214533
20431,2,general,289,244.71955076251243
20432,3,general,781,916.7263126790742
20433,1,general,343,293.4538220126442
20434,1,general,534,532.103809059984
20435,3,general,371,335.3436975764035
20437,1,general,1055,1235.5462214289587
20439,0,infantry_line,203,242.22045644217079
20441,2,infantry_line,337,279.2110928530437
20442,0,infantry_line,225,220.5396562840311
20443,3,infantry_line,223,196.23958034311948
20444,2,infantry_line,408,365.9682187450855
20445,1,infantry_line,419,382.3700743795508
20446,4,infantry_line,880,844.6777592147118
20447,3,infantry_line,681,665.5196697731301
20448,3,infantry_line,638,598.2931337395173
20449,4,infantry_line,493,463.461335467136
20450,3,infantry_line,532,531.3160697613569
20451,1,general,337,285.4015330540721
20452,4,general,223,210.39289489332273
20453,0,general,75,138.1449838565931
20454,0,general,208,201.63611823892532
20455,1,general,117,116.1917420597095
20456,0,general,140,142.78455644532008
20457,0,general,520,499.96757357689535
20458,3,general,397,346.28929351922187
20459,1,general,176,167.07892444931602
20460,2,general,287,251.18612533242302
20461,3,general,168,158.75836728168665
20462,3,general,124,132.5785664171701
20464,2,general,931,956.4134318103141
20465,1,general,577,613.8775052824084
20466,4,general,828,807.3801379125885
20467,3,general,768,798.865991899303
20468,0,general,589,561.1356772364473
20469,1,general,914,898.8081896536121
20470,3,general,719,884.742515569607
20471,1,infantry_grenadiers,630,567.3324279530921
20472,3,infantry_grenadiers,814,787.0616438349183
20473,3,infantry_grenadiers,867,831.0636463080775
20474,4,infantry_grenadiers,877,826.5759235689654
20475,1,infantry_grenadiers,680,642.170478168982
20476,3,infantry_line,215,214.07070126399987
20477,4,infantry_line,259,237.26004137158597
20479,1,infantry_line,164,209.72040474546353
20480,3,infantry_line,313,275.84772186161496
20481,3,infantry_line,267,248.10044427745106
20482,2,infantry_line,186,171.76560629954716
20483,4,infantry_line,266,242.38633301282076
20484,1,infantry_line,362,314.43681836221543
20485,4,infantry_line,314,297.92609961098515
20487,1,infantry_line,618,618.9912810139967
20488,2,infantry_line,433,396.0860822008588
20489,4,infantry_line,665,685.5091199583416
20490,0,infantry_line,682,667.6739097517619
20491,3,general,380,350.20438224778286
20492,3,general,297,262.590933234193
20493,1,general,147,137.95197157899233
20494,2,general,147,141.6624312171035
20495,1,general,96,109.9114951917244
20496,3,general,224,212.1448384823456
20497,3,general,270,257.1965529200833
20498,0,general,115,131.21555262943244
20499,1,general,79,109.9691672630283
20501,0,general,314,334.00351512836886
20502,3,infantry_irregulars,373,426.42765713470243
20503,3,infantry_irregulars,419,489.35143819817165
20504,2,infantry_line,213,201.46465622334844
20505,0,infantry_line,158,178.95230699118306
20506,3,infantry_line,198,195.8715723060264
20510,3,infantry_militia,239,229.933069231849
20511,4,infantry_militia,185,161.76830660547927
20512,3,infantry_skirmishers,176,194.62134859824488
20513,0,infantry_skirmishers,128,114.411759714052
20515,4,cavalry_heavy,1230,1237.8997113723883
20516,0,general,1027,1065.671924083384
20517,4,general,1419,1398.8493301563408
20518,1,cavalry_standard,857,799.2525887637472
20519,2,cavalry_standard,1081,1051.6371058654029
20520,2,general,943,911.6483367481194
20524,1,artillery_foot,832,793.3282689593036
20528,0,artillery_foot,377,494.9868669269365
20529,0,artillery_foot,377,494.9868669269365
20530,0,artillery_foot,377,494.9868669269365
20531,0,artillery_foot,377,494.9868669269365
20532,0,artillery_foot,377,494.9868669269365
20533,0,artillery_foot,377,494.9868669269365
20534,2,artillery_foot,496,431.3394162321106
20535,2,artillery_foot,496,431.3394162321106
20536,2,artillery_foot,755,639.9411294623064
20537,2,artillery_foot,496,431.3394162321106
20538,2,artillery_foot,496,431.3394162321106
20540,2,artillery_foot,496,431.3394162321106
20541,3,artillery_foot,399,368.3041675313879
20542,3,artillery_foot,399,368.3041675313879
20543,3,artillery_foot,399,368.3041675313879
20544,3,artillery_foot,399,368.3041675313879
20545,3,artillery_foot,399,368.3041675313879
20546,3,artillery_foot,399,368.3041675313879
20547,4,artillery_horse,870,798.634619136826
20548,4,artillery_horse,870,798.634619136826
20549,4,artillery_horse,870,798.634619136826
20550,4,artillery_horse,870,798.634619136826
20551,4,artillery_horse,870,798.634619136826
20552,4,artillery_horse,870,798.634619136826
20553,4,artillery_horse,870,798.634619136826
20554,1,general,406,387.73410277625584
20555,2,general,359,335.2400278308218
20556,1,general,406,387.73410277625584
20557,4,general,243,237.68399756934397
20558,0,general,741,734.8281604583617
20559,4,general,1,1.0
20560,0,general,281,281.18559243950375
20561,3,general,159,160.6392958567692
20562,1,general,406,387.73410277625584
20565,3,general,420,420.7898077206542
20566,4,general,1063,1020.5277488463214
20567,4,general,1,1.0
20568,1,infantry_grenadiers,254,332.75992896772215
20569,1,infantry_grenadiers,280,332.75992896772215
20570,1,infantry_grenadiers,280,332.75992896772215
20571,1,infantry_grenadiers,280,332.75992896772215
20572,1,infantry_grenadiers,280,332.75992896772215
20573,1,infantry_grenadiers,280,332.75992896772215
20574,1,cavalry_heavy,1400,1462.8715238344287
20575,0,cavalry_heavy,1685,1580.8361737949551
20576,0,cavalry_light,1000,1028.2273056748134
20577,0,general,1513,1383.1847922518816
20578,3,general,1448,1352.539654910981
20579,0,general,1191,1115.4454425767435
20580,0,general,1251,1155.8839988363927
20581,4,general,825,728.9890141382575
20585,4,general,994,1191.9736049604421
20587,3,infantry_line,486,499.8204163621859
20589,1,infantry_skirmishers,227,227.7854444396253
20590,1,general,919,879.6701631825026
20591,3,general,552,539.5487634591195
20592,3,general,710,571.6754187690924
20593,0,infantry_light,840,845.8512592676982
20594,1,infantry_light,622,674.2370265879208
20595,1,infantry_skirmishers,334,409.4256307992307
20596,0,cavalry_light,1990,2083.0904872136884
20597,4,general,1723,1634.666871075272
20598,0,general,1014,1123.9138097418145
20599,4,general,885,724.2518169904428
20601,2,infantry_light,909,1013.480005159981
20605,4,infantry_light,716,731.9534330596358
20606,3,infantry_light,650,629.5260843115801
20607,3,infantry_skirmishers,292,231.71505599181856
20608,1,general,514,446.17503511660897
20609,4,general,950,1184.9206451223831
20610,0,general,615,564.9533331824665
20611,1,general,877,946.8672011463161
20612,3,general,260,290.49176035278055
20613,2,general,482,411.6924338790381
20614,2,general,303,348.9759325197519
20615,1,general,279,221.5541823626052
20618,1,infantry_line,402,396.25522780384625
20619,1,infantry_line,611,627.8383416549693
20622,3,infantry_line,744,846.6678125504094
20623,3,cavalry_light,919,1012.272024085121
20624,2,general,1193,1046.7126739443593
20626,2,general,988,828.8722036315619
20628,2,general,718,742.4517862585077
20630,1,infantry_line,1124,1151.55989785122
20631,3,infantry_line,645,722.6684634261912
20632,4,general,422,381.4572916840771
20633,2,general,417,358.6464413976284
20634,4,general,643,616.6383636062463
20635,4,general,601,588.7482429927028
20636,2,general,920,976.8365396376456
20638,0,general,382,362.93658279600237
20639,1,general,444,425.58928882646416
20640,3,infantry_light,771,770.7152107966489
20641,4,infantry_line,540,612.4400448011615
20642,0,infantry_line,497,535.5715780924653
20644,0,infantry_line,973,1010.967125443561
20645,3,infantry_line,494,545.9510231996608
20647,4,general,254,238.24732229243457
20648,4,general,311,289.57646731789566
20649,2,general,357,318.4496396233139
20650,3,general,448,391.31509290250614
20651,3,infantry_line,369,393.55328725978967
20652,0,infantry_line,419,441.02406021859287
20653,2,infantry_line,575,588.9125913343836
20654,2,general,246,247.14273385050817
20655,2,general,925,902.5015431732287
20657,3,general,417,350.80882386438634
20658,0,general,1021,1144.9063003311778
20659,2,general,258,202.3820027651509
20660,2,general,666,582.6061432867677
20662,1,general,383,326.0022341008875
20663,2,general,600,548.5403285040815
20664,2,infantry_light,1065,1154.3589009223576
20666,2,infantry_line,683,721.6577577270479
20668,4,infantry_line,791,837.5045949819875
20669,1,infantry_line,488,449.11479752423526
20670,3,infantry_line,376,363.39290242579807
20671,0,general,1212,1423.1264856707173
20672,0,general,770,701.9536363582611
20673,1,general,963,946.89738506924
20674,0,infantry_line,545,546.5162493507426
20675,1,infantry_line,1095,1137.8717539284505
20676,4,general,1894,2035.4863032313187
20677,3,general,2164,2582.7349578863846
20679,1,infantry_skirmishers,210,283.94065263435033
20680,4,artillery_foot,632,842.4959063098015
20681,4,artillery_foot,632,842.4959063098015
20682,0,artillery_foot,498,452.1697146791979
20683,4,artillery_foot,532,496.08890515918836
20684,0,artillery_foot,489,487.3849500785402
20685,1,artillery_foot,771,763.8156872298546
20686,2,artillery_foot,718,727.2190339555415
20687,2,artillery_horse,996,933.2198381412485
20688,4,general,694,675.3062396179529
20689,4,general,534,489.8840048483903
20690,2,general,248,163.25344159021088
20691,1,general,415,363.3029424132024
20692,0,general,469,471.9872805805734
20693,4,general,1,1.0
20695,3,general,637,634.8993934373308
20696,3,general,543,642.7870315113469
20697,1,infantry_line,339,385.9816103196948
20698,4,infantry_line,337,378.01651923951033
20699,0,general,446,440.51241966159756
20701,3,general,416,461.230836749039
20703,2,general,886,992.7621702211142
20704,4,general,240,199.11497597246034
20705,1,general,290,250.04706388845617
20706,1,infantry_light,533,513.3371193605267
20707,3,infantry_light,425,471.28149913549004
20708,1,infantry_line,413,388.6289840194282
20709,4,infantry_line,338,318.2947986275925
20711,3,cavalry_light,910,933.9205511850114
20714,4,general,947,1066.9478174044095
20715,0,general,1029,1184.8942794490154
20716,0,cavalry_light,1053,1051.0317767966153
20717,4,general,909,890.5695130720372
20720,4,general,570,478.6046829151812
20721,3,general,758,689.9267365047515
20722,4,general,633,585.6378902034429
20723,0,infantry_light,632,548.8683125826182
20725,3,infantry_line,678,677.2665275958702
20726,4,general,101,103.64033024107712
20727,3,general,128,133.08144031037583
20728,3,general,53,79.45161430956175
20729,4,general,271,206.96115809328953
20730,1,general,1413,1753.081269369901
20731,1,infantry_line,379,320.8134400193636
20732,4,infantry_line,944,976.242833860449
20733,2,infantry_militia,183,173.9322095104341
20734,1,infantry_militia,111,97.38862404486339
20736,2,general,163,115.49524288648108
20738,4,general,30,72.30235925170511
20739,3,infantry_militia,93,127.82999205892025
20740,1,infantry_militia,101,125.80452423837482
20742,3,general,656,694.2641445786886
20743,0,general,722,684.9593491107232
20746,2,general,721,800.7267382312268
20747,4,general,656,647.8747923742595
20748,0,general,463,506.83084801702915
20749,1,general,323,314.86444060722965
20751,3,general,829,1016.0769234706946
20752,2,infantry_light,463,512.4268796718931
20753,2,infantry_light,527,544.4903317912579
20754,3,infantry_light,482,520.1757606628641
20755,0,infantry_militia,647,501.46800657486614
20756,4,infantry_skirmishers,841,710.0355240413182
20757,4,infantry_skirmishers,454,443.4587106649097
20759,4,infantry_skirmishers,815,762.9767406935052
20760,0,infantry_skirmishers,767,770.071127398925
20761,2,infantry_skirmishers,535,499.3847530030721
20762,0,infantry_skirmishers,828,961.2265776510716
20763,4,general,1552,462.0562942258269
20764,3,general,766,841.9943585427218
20765,4,general,244,228.3281812185817
20767,3,general,187,191.2023662718179
20768,2,general,1069,1328.2922090375025
20769,3,general,769,753.9848872854215
20770,0,infantry_line,276,301.5172010585067
20771,3,infantry_line,881,933.2059760645535
20772,1,infantry_militia,1117,874.9266167401445
20773,1,infantry_skirmishers,608,582.209150703562
20777,3,general,786,561.7809990304443
20779,1,general,854,761.0623221420561
20780,2,general,346,325.0786549724175
20781,0,general,405,321.06687137842164
20782,4,general,450,469.5574805027181
20783,2,general,712,702.7673474608204
20784,0,general,298,275.0529158083999
20785,1,general,517,497.6837232556814
20786,1,general,993,988.2527007893632
20787,4,general,1240,1346.0674201896675
20788,3,infantry_grenadiers,411,403.4731009171174
20792,1,infantry_militia,461,302.8546264124027
20793,3,infantry_skirmishers,485,418.27922218541573
20794,2,infantry_skirmishers,403,421.0460663718545
20795,3,infantry_skirmishers,1018,816.4830195734124
20796,4,infantry_skirmishers,386,386.7706757005549
20797,2,infantry_skirmishers,781,584.4514772682558
20798,4,cavalry_standard,854,875.2897983341038
20800,1,general,695,696.6849036610508
20802,3,general,1115,1039.6343773655976
20803,2,general,210,209.69775964851155
20804,3,general,55,86.12720773884574
20806,2,general,21,134.15759142912975
20807,2,general,121,194.90897463641355
20808,1,general,116,117.73045427462216
20809,1,general,86,103.78820832725862
20810,4,general,150,165.81602783055786
20811,1,infantry_line,226,272.1833745766222
20813,3,infantry_militia,145,180.79779282986445
20814,2,infantry_skirmishers,135,170.47452672357417
20815,0,infantry_skirmishers,181,194.90835446549497
20816,1,infantry_skirmishers,235,221.01018622361752
20817,1,infantry_skirmishers,85,121.77139528070472
20818,1,general,298,259.62695687909957
20819,0,general,54,80.18971508194159
20820,1,general,83,79.21546266749905
20821,2,general,261,194.63006210835601
20823,2,infantry_militia,130,143.2115209971528
20824,0,infantry_militia,174,183.5756299624286
20826,2,cavalry_light,990,913.8063606236744
20827,0,general,231,179.42387461322204
20828,0,general,861,813.1002568685136
20830,1,general,815,716.3882175458093
20831,1,infantry_skirmishers,358,227.6590553187907
20832,0,infantry_skirmishers,93,133.87124497866265
20833,1,general,449,398.29246557519184
20835,4,general,287,243.65243608030556
20836,1,general,334,362.446412601833
20837,3,general,415,352.74358581691564
20838,3,general,28,48.905988638955314
20840,1,general,546,543.8717000588535
20843,4,infantry_light,540,494.8856898869827
20844,1,infantry_militia,294,203.04227940859158
20845,2,infantry_militia,349,277.19847011792615
20847,0,infantry_skirmishers,370,410.3234205484453
20850,1,artillery_foot,685,648.4224346995138
20851,0,artillery_foot,470,587.3102587802488
20852,3,artillery_foot,726,858.4900842631655
20853,2,artillery_foot,618,529.6210347294214
20854,2,artillery_foot,618,529.6210347294214
20855,4,artillery_horse,1087,1082.8110210405362
20856,2,artillery_horse,561,513.651103149086
20857,1,general,589,532.0323624841949
20858,4,general,1,1.0
20859,4,general,1,1.0
20860,2,general,73,102.3543769046738
20861,2,general,185,268.9152205462726
20863,3,general,76,85.1374458884793
20864,2,general,185,268.9152205462726
20865,4,general,160,150.99464011337548
20866,2,general,399,409.0349684300749
20869,2,general,349,354.17163210725045
20871,0,general,377,296.3312018343621
20873,1,general,240,206.4657747227909
20876,3,general,198,168.1993004326206
20877,1,general,391,335.2125493561764
20879,1,general,434,401.7321295867111
20880,3,infantry_grenadiers,194,412.3187977220592
20881,0,infantry_grenadiers,288,281.25391383202765
20882,0,infantry_light,449,441.0829061765239
20884,1,infantry_light,271,350.64097953715276
20887,0,infantry_light,406,369.3965817767926
20888,3,infantry_light,495,444.11013000780326
20890,0,infantry_line,191,215.6302153099013
20892,0,infantry_line,339,315.8451561431479
20893,3,infantry_line,377,341.0168696395361
20894,1,infantry_line,360,359.05677106198704
20895,3,infantry_line,306,265.3493392723873
20896,3,infantry_militia,127,123.80985349602487
20898,2,infantry_militia,109,146.47332685235114
20900,3,infantry_militia,80,89.64488445714892
20901,1,infantry_militia,146,144.41598299774498
20902,2,general,88,130.09820975178306
20903,2,general,120,239.35518136849268
20904,3,general,199,169.99729747957542
20905,1,general,352,395.1738169863615
20906,0,general,244,251.73968790443152
20907,1,general,206,195.8807725936357
20908,1,infantry_line,210,210.26520600453284
20909,0,infantry_line,315,312.04100910835683
20911,0,infantry_militia,128,132.2804793648356
20912,3,infantry_militia,146,150.1416392327108
20913,0,infantry_militia,157,161.11733475841663
20915,1,general,119,305.8170985212403
20916,4,general,243,262.30988001877944
20917,0,general,112,111.52992453600353
20918,0,general,524,494.3661023013759
20919,1,general,291,384.50163975558263
20920,3,general,76,90.32195766236153
20921,1,general,119,122.64577563269381
20922,1,general,205,210.5832862814577
20923,2,general,394,383.293932755924
20924,0,general,221,221.73745629581023
20925,0,general,351,360.3188822810687
20926,4,general,438,384.55013445320395
20927,4,general,340,313.49600681845754
20928,0,general,196,164.40079884237872
20929,3,general,211,199.27990292933399
20930,1,general,236,199.41165013807444
20931,3,infantry_grenadiers,191,414.63898061823966
20932,3,infantry_grenadiers,365,529.0509238370796
20933,1,infantry_grenadiers,447,421.574014099005
20934,4,infantry_grenadiers,221,196.50493565506855
20935,1,infantry_grenadiers,230,231.7559347957516
20936,0,infantry_irregulars,300,238.88995220355858
20938,0,infantry_line,188,164.44808570508243
20939,3,infantry_line,255,302.8212516634437
20940,2,infantry_line,179,163.20936226534513
20943,0,infantry_line,335,343.6575610296901
20944,0,infantry_line,391,348.26237276116905
20945,1,infantry_line,305,272.09805964258373
20947,0,infantry_line,447,435.54830435692554
20949,3,infantry_militia,104,95.51221360653689
20950,1,infantry_militia,127,128.71717320900015
20951,3,infantry_skirmishers,341,282.0884626603773
20952,2,general,288,298.0310776332913
20953,2,general,154,159.76279345407968
20954,1,general,195,186.72485847599384
20955,2,general,275,294.47457739117436
20956,3,general,167,150.87562067373557
20957,3,general,215,206.15387016998903
20958,4,general,344,227.97803727578452
20959,4,general,179,173.16626351456478
20961,0,general,657,629.3915729351901
20963,3,general,801,683.3347048733568
20964,4,general,776,765.3899950967551
20965,3,general,332,307.39590495621917
20966,3,general,495,273.5258623366972
20968,2,general,1008,1051.7617998587518
20969,2,general,591,670.0971207473975
20970,4,infantry_grenadiers,405,300.8962855872148
20971,1,infantry_irregulars,566,419.25096445698983
20972,3,infantry_light,386,387.23169614591626
20973,3,infantry_light,363,384.9214615184851
20974,4,infantry_light,363,351.76015644130644
20977,4,infantry_line,257,253.9208400742259
20978,2,infantry_line,322,325.678005251692
20979,0,infantry_line,243,230.89905982147542
20980,4,infantry_line,258,254.81272152255275
20982,3,infantry_line,925,983.3555456795043
20984,4,infantry_line,504,548.8050153262259
20985,1,infantry_line,241,210.01188175706784
20986,1,infantry_line,441,437.1453373887284
20987,0,infantry_line,713,692.4799065323127
20988,1,infantry_militia,320,297.53561826827877
20989,4,infantry_militia,133,128.71817966339626
20990,0,infantry_militia,82,102.33370667458426
20991,2,infantry_militia,155,153.90127584515037
20992,0,infantry_militia,111,109.80845328199919
20994,3,infantry_militia,235,193.83249722090045
20995,1,general,111,118.48223150305485
20996,3,general,598,490.64727365386034
20997,3,general,343,295.58236351888684
20998,3,general,60,70.88672563598044
20999,1,general,150,150.17186318572806
21000,3,general,187,182.4035360635751
21001,0,general,121,103.16087206797303
21003,0,general,208,202.8496650559027
21004,3,general,114,117.5868276791906
21005,4,general,392,363.7086576055158
21006,0,general,1176,1259.3228867771809
21008,2,general,939,823.0502283065931
21009,4,general,800,744.5564723743867
21010,0,general,476,435.7943816485263
21011,2,general,460,424.9453404922091
21012,2,infantry_grenadiers,290,232.29322990005298
21013,2,infantry_grenadiers,398,323.2722155918518
21014,0,infantry_light,258,223.43951081305588
21015,2,infantry_light,271,284.5891981819186
21016,0,infantry_light,510,439.85805347739904
21019,0,infantry_line,184,165.71021995988593
21020,0,infantry_line,236,254.79227109620618
21021,2,infantry_line,231,222.3890860742622
21022,3,infantry_line,375,389.090622460363
21023,0,infantry_line,858,829.8223563910701
21024,1,infantry_line,367,363.7645674382765
21025,4,infantry_line,652,711.5805741659165
21027,2,infantry_line,438,451.11959219681233
21028,2,infantry_line,1063,1133.6306176367382
21029,0,infantry_militia,176,180.54871599330247
21030,0,infantry_militia,213,214.3522705425243
21031,1,infantry_militia,150,158.2392315917732
21032,2,infantry_militia,97,125.15309498396638
21033,3,infantry_militia,302,273.63117895713276
21034,0,infantry_militia,170,159.01906500198447
21035,4,infantry_militia,122,123.5849362311095
21036,1,infantry_militia,116,113.27293467412697
21037,2,infantry_militia,370,368.2036471897736
21038,4,infantry_militia,88,92.95115030669092
21040,4,general,239,237.4926333736448
21041,1,general,121,120.47482675264332
21042,3,general,237,155.21446156707887
21043,2,general,397,400.01512523976623
21044,0,general,217,178.4358942271431
21045,1,general,220,219.8212727119612
21047,3,general,250,230.70566360219723
21048,3,general,396,196.94248914610296
21049,3,general,207,188.24333010451167
21050,3,general,264,217.9668846656714
21051,0,general,590,665.3117607930812
21052,3,general,161,146.24459324160037
21053,1,general,731,705.6763686654048
21054,0,general,475,360.45606007063174
21055,4,infantry_grenadiers,474,342.43394863212814
21056,3,infantry_irregulars,510,354.6665747348303
21057,4,infantry_irregulars,179,228.99118599915045
21058,3,infantry_light,326,339.8451212780955
21059,1,infantry_light,371,368.45362664702685
21060,0,infantry_light,781,681.2443711560762
21063,4,infantry_line,309,301.0874499417146
21064,2,infantry_line,266,239.6381933133194
21065,4,infantry_line,508,565.1605326755481
21066,1,infantry_militia,91,97.52842973456404
21067,4,infantry_militia,104,96.95870684786534
21068,0,infantry_militia,154,173.51349749937268
21069,3,infantry_militia,136,131.4945267510094
21070,4,infantry_militia,221,204.6791798431464
21071,1,infantry_militia,88,113.19340350345881
21072,4,infantry_militia,187,189.17494754560624
21073,1,cavalry_heavy,1019,1013.9771986355584
21074,3,general,71,189.43723226971466
21075,4,general,884,903.9076534514471
21076,1,infantry_line,139,199.9349655873937
21077,2,infantry_militia,331,262.88129231680995
21078,1,infantry_militia,175,169.15046341699343
21079,2,infantry_militia,80,109.48963703520825
21080,2,infantry_militia,267,227.72579835357323
21084,2,general,388,303.14999565422266
21087,3,cavalry_heavy,1130,1090.9710469856043
21089,4,cavalry_heavy,1115,1066.4037445120807
21090,0,cavalry_heavy,512,527.6357690796831
21091,4,cavalry_heavy,936,875.0942318266317
21092,4,cavalry_heavy,1180,1005.9341924761767
21093,0,cavalry_heavy,648,638.108599221084
21094,1,cavalry_standard,778,708.6107770490822
21095,2,general,721,738.0691694351406
21096,2,general,499,525.5307345700683
21098,3,general,759,741.4017678617708
21099,3,general,720,641.9495099500433
21100,4,general,368,401.85906563825057
21101,1,general,511,557.8008905678263
21104,0,cavalry_light,284,297.6969275014987
21105,4,cavalry_light,357,343.5503227671262
21106,2,cavalry_light,309,296.95524794863155
21107,4,cavalry_standard,379,396.7155657914637
21108,1,cavalry_standard,451,435.2140617307679
21109,4,cavalry_standard,498,514.2343578640925
21110,0,general,159,193.78208899605082
21112,0,general,268,256.6838603173251
21113,2,general,169,178.78694138453054
21114,2,general,255,294.8513326525646
21115,3,general,407,382.0971071784149
21117,2,cavalry_light,275,276.85062216463876
21118,3,cavalry_light,282,286.5345718083682
21119,2,cavalry_light,366,368.8777685713477
21122,2,general,248,251.25271392025283
21123,2,general,388,303.14999565422266
21125,2,general,152,159.26532098129593
21126,0,artillery_foot,632,569.4211622565629
21127,3,artillery_foot,857,757.3624275506443
21128,2,artillery_foot,450,439.8453677156418
21129,0,artillery_foot,244,242.06876222052617
21130,4,artillery_foot,247,240.5456328608067
21131,0,artillery_foot,244,242.06876222052617
21132,1,artillery_foot,507,533.0542618049781
21133,1,artillery_foot,451,485.0922880834653
21134,0,artillery_foot,661,709.8178405014414
21135,2,artillery_foot,393,425.93858801100185
21136,1,artillery_foot,451,485.0922880834653
21137,4,artillery_foot,303,290.0633861053924
21138,0,artillery_foot,310,302.70584190961836
21140,0,artillery_horse,768,788.4285201816311
21141,3,artillery_horse,815,852.3240488501788
21143,4,general,1,1.0
21144,3,general,180,228.61036574006772
21145,4,general,817,750.7414604942228
21146,3,general,681,738.1437950331625
21147,3,general,177,178.162238154028
21148,0,general,312,311.6509098605776
21150,3,general,177,178.162238154028
21152,1,general,988,1015.4199668906077
21153,1,general,775,647.8172950834698
21154,4,infantry_grenadiers,272,227.54658583819418
21155,3,infantry_grenadiers,315,290.12142903393567
21156,4,infantry_grenadiers,275,197.58525182825343
21161,0,general,332,296.454015070205
21162,0,general,322,293.9321346386464
21163,2,general,226,643.4303740607002
21164,1,general,276,237.2429575871134
21166,2,general,751,817.9923347898231
21167,1,general,391,373.17927713615876
21168,0,general,519,486.66151882197056
21169,2,general,1028,967.573596220493
21170,1,general,1014,898.6643818856636
21172,2,general,186,176.64153320362902
21173,4,general,559,509.08071437361485
21174,0,general,417,380.32918030266734
21175,0,general,582,542.2960192959077
21177,2,infantry_grenadiers,432,391.13154140590586
21179,3,infantry_light,381,326.8112155474678
21180,1,infantry_light,314,292.231757962238
21184,2,infantry_light,790,847.8793445169265
21185,2,infantry_line,1133,1054.3051155330108
21186,0,infantry_line,1082,978.7551948838103
21188,0,infantry_line,373,352.8876511572127
21189,2,infantry_line,243,242.57784855072387
21190,0,infantry_line,293,277.9407032010469
21192,2,cavalry_light,431,379.83313986256974
21193,4,cavalry_light,308,338.8613029644765
21194,3,cavalry_light,258,253.73000590488834
21195,0,general,128,234.04693495760344
21197,2,general,241,219.47673076517873
21198,0,general,580,592.2663291667158
21199,0,general,393,423.7195694285013
21200,3,general,200,188.46927796093803
21201,4,general,361,334.07464545815645
21203,0,infantry_line,387,399.0281766080093
21204,1,infantry_line,336,331.99697050882173
21205,4,infantry_line,294,277.28831158039543
21206,2,general,302,266.2962921420332
21207,4,general,250,233.505795148812
21208,0,general,306,272.5241002906925
21209,4,general,168,163.55317684843365
21210,3,general,420,404.26963722299814
21211,0,general,210,191.39120044138386
21212,3,infantry_light,272,245.78797455837284
21213,1,infantry_light,502,473.5949920974435
21214,3,infantry_line,304,274.03104932136876
21215,2,infantry_line,400,372.91008871345576
21216,1,infantry_line,401,374.36610041693297
21217,0,infantry_line,360,335.84035245492913
21218,2,infantry_skirmishers,216,193.52583646476606
21220,1,general,183,175.36114855291572
21221,2,general,251,218.05081905360575
21222,4,general,604,626.7320174859835
21223,3,infantry_grenadiers,245,270.72438531788146
21224,0,infantry_line,267,239.38211268040158
21225,3,infantry_line,277,260.4719850182655
21226,1,infantry_line,558,530.2981028891071
21227,0,infantry_line,348,319.7643487122287
21228,2,artillery_foot,518,466.35111345831183
21229,0,general,383,349.3520607938717
21230,0,general,141,135.43073273789997
21231,1,general,241,190.57856251017196
21232,3,general,100,109.5719896956697
21233,1,infantry_line,195,187.90989625227002
21234,2,infantry_line,197,186.98476310943238
21236,3,general,118,118.88367634029053
21237,1,general,128,134.50466204646696
21238,4,general,178,164.05808266827185
21239,1,general,860,1094.7161579727094
21240,0,general,443,447.1510980360517
21243,4,general,998,1265.5540795606373
21244,2,infantry_light,175,210.0006509329588
21245,3,infantry_line,175,182.93130233093066
21246,4,infantry_line,174,188.49751014781484
21247,3,infantry_line,499,493.40487700050124
21248,1,infantry_line,724,786.2219023634904
21249,2,infantry_line,409,406.1129737771184
21250,4,infantry_militia,204,188.33488619874277
21252,3,cavalry_light,297,265.3601639147876
21254,1,general,216,180.2130250548226
21255,3,general,269,228.96376827045947
21257,2,general,177,179.25356241080055
21258,0,general,61,70.9618348723134
21259,4,general,242,218.9114634770433
21260,0,general,286,258.9308293539522
21261,4,general,203,178.9024469156737
21262,3,general,645,795.0844501857503
21263,3,infantry_grenadiers,231,218.3767301427677
21264,4,infantry_light,244,210.23703354888787
21265,4,infantry_light,207,180.64924067803074
21266,1,infantry_line,253,234.55686986125798
21267,3,infantry_line,248,231.074212609905
21268,4,infantry_line,310,278.85666324639976
21269,3,infantry_line,561,603.7152552889147
21273,1,infantry_militia,149,133.14112526193827
21274,1,infantry_militia,174,159.58318142166644
21275,3,infantry_skirmishers,191,183.61036659790707
21276,3,infantry_skirmishers,163,186.1396332637777
21278,0,artillery_foot,817,817.0697101566747
21280,2,general,191,176.8482241957267
21281,4,general,348,326.3372290066991
21282,1,general,147,149.28719187820673
21283,2,infantry_line,238,222.21988038275205
21284,3,infantry_line,240,233.18246579484523
21285,3,general,72,124.91269871552578
21286,2,general,142,174.2802616276373
21287,1,general,100,114.97849635395285
21288,1,infantry_line,114,172.18502903897817
21290,4,infantry_line,167,185.8876987647279
21291,0,general,536,496.5073743846363
21292,2,general,557,559.6470139851577
21293,1,infantry_light,611,591.2673706011319
21294,1,infantry_light,517,480.8176019563512
21296,1,general,168,167.95203562660114
21297,2,general,514,476.4667860074576
21298,1,general,350,317.5022060674451
21299,4,general,724,783.6948784531427
21300,0,infantry_line,207,209.70802934177013
21301,1,infantry_line,99,132.83794189644684
21302,0,infantry_line,429,408.6091424339251
21303,2,infantry_line,446,428.15946011310797
21304,0,infantry_line,658,596.034563955747
21305,4,infantry_militia,165,142.59630716257243
21306,0,infantry_militia,89,99.23073753130754
21307,0,infantry_militia,125,123.43977005177238
21308,4,infantry_militia,135,128.34898039115282
21310,4,cavalry_standard,727,668.8250758694201
21311,3,general,286,325.1683551466635
21313,4,general,367,372.77530645917165
21314,2,general,59,88.61567121114909
21315,1,general,226,300.3297565044966
21316,3,general,673,832.1493045471357
21317,1,general,870,960.409392144581
21318,1,general,227,187.0646677690886
21320,3,general,581,515.6546381629809
21322,3,infantry_grenadiers,466,486.5227715466225
21323,2,infantry_line,329,280.9302868058875
21324,3,infantry_line,581,620.3371853473828
21325,3,infantry_line,663,625.4981439892241
21326,2,infantry_militia,138,129.25054287842576
21327,1,infantry_skirmishers,342,387.38968234322414
21329,3,cavalry_standard,317,337.0330543670838
21330,4,general,39,59.95945299029153
21333,4,infantry_militia,161,151.5353153128149
21334,2,infantry_militia,79,95.56567877934971
21335,1,infantry_militia,95,103.62889293838771
21336,1,cavalry_light,477,423.938413511834
21337,1,cavalry_light,425,421.28917439409685
21338,0,general,29,60.81024915499437
21339,1,general,308,298.2685163603609
21340,2,general,352,299.60292679437646
21341,4,infantry_militia,88,64.40150576938932
21344,4,infantry_skirmishers,472,362.8385140993958
21347,0,general,64,187.46725228099606
21348,4,general,198,185.02381164549405
21349,2,general,322,378.2375903736769
21350,4,infantry_light,205,228.83528001591853
21351,0,infantry_line,97,133.6426755280816
21352,2,infantry_line,94,142.20481028264567
21353,3,infantry_line,260,237.16391372565374
21354,2,infantry_line,389,412.4312717131761
21355,4,infantry_militia,108,94.8689481816974
21356,2,infantry_militia,93,89.1056176259807
21357,0,infantry_militia,118,119.45038440906221
21358,2,general,441,407.5462500975952
21361,1,infantry_line,545,528.8356005676333
21363,4,artillery_foot,342,365.0331967479793
21364,0,general,192,162.15249617947478
21365,1,general,941,1093.1124172292714
21366,4,general,686,645.2105945185232
21367,3,general,466,455.7248186450798
21368,0,general,270,285.5545555328305
21369,4,general,1336,1754.8635416223228
21370,2,infantry_light,796,792.8933033276486
21371,4,infantry_light,969,1076.2797095334197
21372,0,infantry_light,506,427.62930888809984
21373,4,infantry_line,335,331.6496419467369
21375,0,infantry_militia,51,76.03516500774388
21377,3,general,208,179.97943217995663
21379,4,general,309,274.7337200566685
21380,1,general,261,227.15784261152862
21381,0,infantry_grenadiers,196,229.33265778552143
21382,0,infantry_line,271,248.79485763357826
21384,1,infantry_line,367,325.4680751751245
21385,1,infantry_line,323,282.0009454925627
21388,0,cavalry_heavy,1718,1689.6192688495305
21389,2,cavalry_heavy,941,989.0976896542305
21390,1,cavalry_heavy,1311,1297.2721129404224
21391,0,cavalry_heavy,1363,966.7947570342532
21392,1,cavalry_lancers,401,390.7655101624159
21394,4,cavalry_light,318,334.65674742495855
21395,1,cavalry_standard,359,365.374245844258
21396,0,general,363,338.2038388161928
21397,1,general,770,816.4371589158603
21399,2,general,1315,1266.6188873592841
21400,1,general,277,283.77215151661625
21401,0,general,1277,813.7294305224374
21402,3,general,224,227.13910479719215
21403,2,general,278,232.16343268759988
21404,2,general,1698,1782.7042349996198
21405,1,cavalry_heavy,984,1029.3679601906497
21406,0,cavalry_light,998,947.6904351714777
21407,2,cavalry_light,1073,978.7662161006755
21408,3,cavalry_light,190,228.67649060607212
21409,2,cavalry_light,268,275.1716907143673
21410,3,cavalry_light,553,472.125582924642
21411,2,cavalry_standard,416,410.532686523138
21413,4,general,80,153.36667996233203
21414,0,general,859,828.1478801069927
21415,1,general,866,778.4129885855732
21416,0,general,1002,1018.838236259719
21417,4,general,298,300.77973758327994
21418,4,cavalry_heavy,846,857.0161550104406
21419,0,cavalry_heavy,965,975.8130268925183
21420,2,cavalry_heavy,1632,1910.4845654803296
21421,4,cavalry_light,410,381.112250642699
21422,1,cavalry_light,294,295.54775178267886
21423,0,cavalry_light,985,928.0559840218124
21424,2,cavalry_standard,419,421.04202914226966
21425,0,general,853,804.6214975077705
21427,1,general,796,894.1721949837769
21428,2,artillery_horse,592,570.1211636328685
21430,2,general,207,210.7805153013588
21432,4,infantry_militia,62,89.49418816390425
21433,1,artillery_foot,33,53.36582423274234
21434,0,general,705,668.9344809673248
21435,2,general,986,1131.2978356633935
21437,1,general,180,151.7707413300152
21438,0,infantry_militia,132,153.75895321213576
21439,2,infantry_skirmishers,160,140.30802452133705
21440,3,cavalry_light,231,226.34100044271872
21441,1,general,154,164.4810433371988
21443,2,artillery_foot,255,257.0520731278649
21444,1,artillery_foot,285,263.0241364531497
21446,2,artillery_foot,867,808.3291582897725
21447,4,artillery_foot,356,355.447398352798
21448,0,artillery_foot,244,271.4265891217691
21449,1,artillery_foot,476,515.156606196933
21450,4,artillery_foot,312,317.46576721198073
21451,0,artillery_horse,348,328.2522647119011
21452,1,general,341,283.58010677457
21453,1,general,1746,1391.342288498418
21454,2,general,163,180.8193209476638
21457,0,general,230,236.37424733673606
21459,0,general,146,190.3300550777258
21460,3,general,250,207.79440796495282
21461,1,infantry_grenadiers,244,238.31534243684237
21462,2,infantry_grenadiers,235,236.9235140137401
21463,3,infantry_grenadiers,283,273.03249039003407
21464,4,infantry_skirmishers,216,224.69578773451917
21466,1,cavalry_light,543,494.43459624317313
21467,3,cavalry_standard,664,692.2027291393007
21468,4,general,399,336.056146517285
21469,2,general,441,393.2976793371276
21470,4,general,684,676.0946867071
21472,3,infantry_line,725,734.9308130280513
21473,0,infantry_line,612,635.1020300530992
21474,1,infantry_militia,373,357.2068756891519
21475,1,infantry_militia,350,330.38485704882294
21476,2,general,591,569.797683864508
21478,4,infantry_light,922,1034.635487720873
21479,4,infantry_light,829,983.5529847185798
21480,1,infantry_line,539,534.8117655363742
21481,2,infantry_militia,201,197.29453898959255
21482,3,infantry_militia,179,176.74650654505265
21483,0,infantry_militia,324,311.3640614695755
21484,0,infantry_militia,242,235.97940479786067
21485,3,infantry_skirmishers,249,233.48940915136959
21486,0,cavalry_light,326,358.6635430324907
21487,3,general,183,162.90392275730267
21488,2,infantry_light,252,268.4643915259777
21489,4,infantry_light,262,297.93205368947326
21490,2,infantry_line,868,908.4126293998852
21491,1,infantry_militia,183,174.5168714545881
21495,1,cavalry_missile,880,1055.862058402761
21496,0,general,618,621.1681317136229
21497,3,general,975,1103.3755633578085
21498,0,general,1098,1156.046912810085
21500,2,infantry_line,873,939.2990116010226
21502,4,infantry_militia,321,327.73380731378256
21503,3,infantry_militia,223,211.34059146862816
21504,1,general,602,562.6804510524587
21505,2,general,1018,1210.02199121425
21506,1,infantry_grenadiers,1360,1264.0996645461748
21507,0,infantry_line,644,630.4917381960519
21508,3,infantry_line,868,922.9923056336452
21509,2,infantry_line,840,890.1093243934672
21511,1,infantry_line,406,388.6516482462465
21512,0,infantry_grenadiers,672,658.6252069476998
21513,4,infantry_line,498,442.18062422893735
21514,1,infantry_line,474,455.36814356971365
21515,0,infantry_line,526,489.59167845070846
21516,3,infantry_skirmishers,300,240.28816640128434
21518,3,infantry_skirmishers,716,475.34131581790666
21519,0,general,225,135.07639002936034
21521,2,infantry_skirmishers,167,168.2068719982292
21522,3,infantry_skirmishers,263,190.01993713479348
21523,2,infantry_skirmishers,483,619.4324535810476
21525,2,infantry_line,538,515.0585353455077
21527,0,infantry_militia,389,359.06093221480705
21528,2,artillery_foot,453,415.2544634948487
21529,1,general,440,377.5376357216594
21531,2,general,458,400.87711802664796
21532,3,general,616,581.5471301276273
21534,2,infantry_line,376,351.51652829700555
21535,2,infantry_line,495,503.7501606316893
21536,3,infantry_line,740,791.4189466904771
21537,4,infantry_line,564,577.1317689166818
21538,3,infantry_line,633,646.802661347687
21539,2,infantry_militia,302,286.75049243292057
21541,1,infantry_line,496,473.2737725654871
21542,3,infantry_line,460,447.9038985704209
21543,4,cavalry_light,317,314.477072846154
21544,2,general,646,517.3916982182067
21545,2,general,442,380.1153203385043
21546,2,general,351,286.85072910666565
21547,2,infantry_militia,422,421.8889709978818
21548,3,infantry_militia,371,389.6024512090157
21549,4,infantry_skirmishers,584,571.0505959799237
21550,0,artillery_foot,607,617.6203846644506
21551,4,cavalry_heavy,1345,1249.2403779836948
21552,1,cavalry_light,1563,1464.8973926396059
21553,0,infantry_line,1007,1048.7821555729258
21554,2,infantry_militia,82,129.68158712052386
21555,2,infantry_skirmishers,281,290.9600342473904
21557,1,general,276,235.66206108605027
21558,0,general,383,356.5520773191936
21559,1,infantry_light,397,372.2070469014602
21560,3,general,367,344.24060455034726
21561,1,infantry_light,443,419.48478700624355
21562,4,infantry_militia,117,116.2206569833088
21563,3,cavalry_missile,472,518.0191285976963
21565,0,infantry_skirmishers,683,800.0310170221205
21566,3,infantry_skirmishers,1011,1028.5446743975353
21567,0,general,370,443.66768477451376
21568,1,infantry_skirmishers,364,679.6137976374054
21569,4,infantry_skirmishers,398,364.890298505933
21571,4,infantry_skirmishers,662,671.6171600594231
21572,1,artillery_fixed,496,289.29101980609573
21573,4,artillery_fixed,1387,1423.41851666007
21574,3,artillery_foot,705,1011.5620713698048
21579,3,general,228,229.6342389686872
21580,1,general,820,812.3930440668227
21581,3,general,551,709.0218966443448
21582,2,general,601,600.1507515737815
21584,2,general,326,334.3638357370441
21585,3,general,309,291.5033206050633
21586,3,general,228,226.6657435539176
21587,2,general,345,322.3949954682494
21588,1,general,374,357.470048418276
21589,2,general,236,214.47798557309693
21591,2,general,532,564.0241941683022
21592,2,general,196,208.81060561646973
21594,1,general,458,463.3087332412608
21596,4,general,264,260.6161319734567
21597,1,general,664,859.4742190165854
21598,3,general,792,790.8711089179993
21600,3,general,762,845.2795460832994
21601,2,general,498,517.932903508781
21602,3,general,343,341.7194250163854
21603,1,general,294,333.504837390823
21604,1,general,877,873.130939580914
21605,2,general,348,292.15346237625977
21607,1,infantry_grenadiers,504,499.87250828346896
21608,1,infantry_grenadiers,659,668.4317626845531
21609,1,infantry_line,487,493.934707073089
21610,2,infantry_line,288,294.30407036774915
21611,2,infantry_line,336,321.50552435598723
21612,1,infantry_line,317,308.9194160541202
21613,2,infantry_line,477,495.84634500612685
21614,4,infantry_line,381,361.1051506708832
21615,2,infantry_line,377,394.54593000674294
21616,3,infantry_line,253,263.8493345164436
21618,2,infantry_line,369,363.77836971663965
21619,1,infantry_line,848,864.5369150935616
21620,4,infantry_line,706,722.7353935949417
21621,2,infantry_line,368,395.87791461288833
21623,1,infantry_line,716,844.8194914042019
21626,4,general,426,417.5013901295999
21627,0,general,221,215.5188223837347
21628,3,general,266,265.11639697195295
21629,0,general,362,359.47443083488844
21630,2,general,252,241.61656644042498
21631,2,general,198,198.3452680871078
21632,1,general,178,178.04338361607415
21633,4,general,164,172.16470493846137
21634,4,general,377,335.12690699011796
21635,3,general,181,189.20473054354753
21636,2,general,321,320.7372304418865
21637,0,general,407,403.74229670050056
21638,4,general,297,280.5543854966996
21640,3,general,246,234.21563271986773
21642,3,general,592,583.2736940129629
21644,4,general,500,476.4765346278559
21645,2,general,318,300.7984595659223
21646,2,general,805,846.6032367928639
21647,2,infantry_grenadiers,720,693.4487952936995
21648,1,infantry_grenadiers,1036,1077.4859805518402
21649,4,infantry_line,237,224.19646067811144
21651,3,infantry_line,238,251.18379462439233
21652,0,infantry_line,265,276.9760134559847
21654,0,infantry_line,348,357.3374121348214
21655,0,infantry_line,477,457.2816291664669
21656,0,infantry_line,285,290.2092630606986
21657,0,infantry_line,235,241.40076629310954
21658,4,infantry_line,375,358.6198404690629
21659,0,infantry_line,376,364.9231265426787
21660,2,infantry_line,480,471.234160443593
21661,4,infantry_line,300,309.4497779145229
21662,0,infantry_line,260,266.4060526056088
21663,2,infantry_line,701,723.1328021738292
21664,1,infantry_line,429,430.9037973265582
21665,2,infantry_line,422,404.9747193402091
21668,2,general,543,564.3575900059266
21669,2,general,237,238.66084162156756
21670,1,general,335,323.7035678932907
21671,2,general,341,315.54650808249363
21672,4,general,383,383.5417966041365
21673,0,general,196,196.02140750909024
21674,0,general,214,225.91903526847065
21675,1,general,492,437.4034134179034
21676,1,general,228,234.71215593776222
21677,3,general,297,297.5018050847979
21678,3,general,237,211.29528455290267
21679,2,general,402,390.98778707501356
21680,1,general,404,416.8214596815475
21682,0,general,569,576.1174344084344
21683,4,infantry_grenadiers,549,496.07119634323897
21685,1,infantry_light,386,388.1077687568871
21686,3,infantry_light,450,406.86353785244825
21687,1,infantry_light,330,338.69779642044347
21688,0,infantry_light,362,381.9642149474518
21689,2,infantry_light,298,302.63832053245324
21691,2,infantry_light,322,334.3237967120843
21692,3,infantry_light,376,377.94001189064045
21693,0,infantry_light,322,342.2504558897919
21694,0,infantry_light,598,642.960138489946
21696,0,infantry_light,355,368.08226934854054
21697,1,infantry_light,338,344.91136142987114
21698,4,infantry_light,458,460.70278390872886
21699,1,infantry_light,629,628.4374368400337
21700,2,general,319,310.29637268922
21702,1,infantry_grenadiers,331,317.2265194478201
21704,0,infantry_grenadiers,287,286.84264449170314
21705,2,cavalry_light,1193,1296.3898334683233
21706,0,cavalry_standard,546,554.772774645796
21707,1,cavalry_standard,1035,1044.4086133485819
21708,1,general,1022,1075.7102263740207
21709,1,general,408,439.0464994919503
21710,3,general,1104,1276.8745488924822
21711,2,cavalry_lancers,455,445.5633301986034
21712,3,cavalry_lancers,564,547.9256193792927
21713,4,general,320,310.61783356567986
21714,0,general,470,467.32507948102847
21715,3,general,353,328.7932245907529
21717,0,general,354,337.85253598677724
21718,4,general,308,292.1222682606516
21719,3,general,202,181.70912030517434
21720,1,general,467,459.4409578338343
21721,0,general,572,533.3432062197032
21722,2,general,146,162.53711298085773
21723,3,general,297,302.6731673044116
21724,2,general,349,349.01594829503193
21727,1,general,237,231.91187806324047
21728,3,general,152,166.4515450889911
21729,4,general,253,250.32522895079845
21731,2,general,264,240.7220624850367
21732,0,general,578,562.8709058709779
21733,1,general,310,319.6744238500215
21734,3,general,399,372.1483698654674
21735,0,infantry_light,541,576.8851181624685
21736,2,infantry_line,409,415.1252521404935
21737,4,infantry_line,469,455.6675347219677
21738,3,infantry_line,299,284.58312974674647
21739,4,infantry_line,459,467.70259093611986
21740,4,infantry_line,310,296.1437378204415
21741,4,infantry_line,308,312.2142772822541
21742,4,infantry_line,371,376.0414088378334
21743,2,infantry_line,208,216.94386351759167
21744,1,infantry_line,283,266.0038176290818
21746,4,infantry_line,391,395.880650938592
21747,3,infantry_line,240,245.5452289773925
21748,3,infantry_line,328,313.29320958794915
21750,4,infantry_line,500,456.64447556031854
21752,4,infantry_line,398,387.25833642271897
21753,4,infantry_line,455,422.0894401035962
21754,2,infantry_line,372,359.56726752772704
21755,2,general,190,198.06479501031816
21756,0,general,266,273.04810378942847
21757,0,general,591,551.6136098141128
21758,0,general,264,265.6476561780918
21759,1,general,274,252.3798578797302
21760,1,general,440,447.3601984566806
21761,1,general,187,192.7702675950339
21762,3,general,402,400.97981955382
21763,1,general,347,305.96095134650096
21765,0,general,610,697.3595989040771
21766,2,general,203,193.52199377528316
21767,0,general,409,412.0812621698806
21768,0,general,133,127.64765061418417
21769,0,general,283,280.0855557178017
21770,3,general,341,304.3877473056818
21771,2,infantry_grenadiers,311,368.4249328155475
21773,1,infantry_line,380,386.8439080666091
21774,3,infantry_line,393,395.21719845495267
21775,1,infantry_line,284,297.17667931770103
21776,1,infantry_line,325,333.5929944348411
21777,0,infantry_line,275,271.935906893501
21779,2,infantry_line,284,296.1904737068828
21780,3,infantry_line,331,302.45483158940834
21781,2,infantry_line,302,297.9220875813449
21782,4,infantry_line,317,316.7467831300982
21783,2,infantry_line,205,204.733699956022
21784,4,infantry_line,506,540.9932067447498
21785,3,infantry_line,247,256.9896093211691
21786,0,infantry_line,306,327.88814106073823
21787,0,infantry_line,517,528.104457751928
21788,3,infantry_line,238,217.32629508899186
21789,4,infantry_line,447,421.3749848135426
21792,4,general,529,488.155183885304
21793,0,general,354,328.5198920169779
21794,0,general,566,583.6402232521216
21795,3,general,302,317.7138788496956
21797,2,general,439,434.76467246920146
21798,4,general,456,418.66136929328735
21799,3,general,365,340.8793329993369
21800,2,general,377,327.3033736449314
21802,2,general,354,375.7919584715328
21803,2,general,251,282.6442934873564
21804,4,general,503,505.07331297777523
21805,3,general,618,642.203553808563
21807,4,infantry_grenadiers,265,265.89578014008
21808,1,infantry_grenadiers,246,263.76057236969467
21810,4,infantry_grenadiers,324,323.6142844491349
21812,4,infantry_light,468,456.6653385177585
21813,4,infantry_light,355,344.1414426877956
21814,4,infantry_light,468,468.1359759361431
21816,3,infantry_light,358,377.85058799999825
21818,4,infantry_light,341,330.5368304536808
21819,1,infantry_light,501,484.05075241143703
21820,4,infantry_light,554,579.7761314962448
21821,0,infantry_light,314,302.2336844183634
21822,0,infantry_light,470,489.60295101387203
21823,3,infantry_light,523,550.1951490248194
21824,3,infantry_light,324,303.63377840982037
21825,0,infantry_light,563,570.3233798568032
21826,2,infantry_light,323,316.93552471397754
21828,3,general,502,452.8853623272263
21829,3,general,137,180.84345782855172
21830,1,infantry_grenadiers,247,241.70363830667796
21832,3,cavalry_standard,482,498.1212848852365
21833,2,cavalry_standard,523,521.5927237108116
21835,1,general,435,456.4614019832212
21836,0,cavalry_lancers,391,392.11038693090984
21838,3,cavalry_heavy,1991,2032.9072116576733
21839,4,cavalry_standard,825,817.8230214154192
21840,2,cavalry_standard,548,573.7928634210139
21841,4,general,219,227.25114176215925
21842,1,general,440,429.33564136178853
21843,2,general,179,181.72132046572028
21844,3,general,1964,2017.014651550366
21845,3,general,447,472.477380607582
21846,4,general,1856,1964.9806875713157
21847,2,general,255,267.02567366627056
21849,3,general,256,246.7723096731537
21850,4,general,650,678.0681487799912
21851,0,general,274,263.87536807302075
21852,1,general,686,688.096501422749
21853,4,infantry_grenadiers,547,555.7665434704564
21854,0,infantry_grenadiers,813,856.5962509987457
21855,4,infantry_light,359,362.7401095493848
21856,0,infantry_light,368,343.4879574459654
21857,1,infantry_line,368,367.1489343627185
21859,3,infantry_line,276,276.76130835250547
21861,2,infantry_militia,311,258.8861342265172
21862,2,infantry_militia,324,266.48998611736465
21864,1,cavalry_heavy,1291,1277.7502724141232
21866,3,cavalry_heavy,1253,1306.2637713401675
21867,3,cavalry_light,671,661.7216440173364
21868,4,general,1179,1247.6894863424307
21869,4,general,672,624.73807025372
21870,2,general,244,242.27287501064214
21873,1,general,64,91.91342464283515
21874,4,general,1213,1223.625876825046
21875,1,general,677,680.1882737863775
21877,3,general,378,365.60498896931034
21879,1,infantry_grenadiers,646,620.0651097787555
21880,4,infantry_line,171,161.50399473613993
21881,0,infantry_line,150,145.4278645705685
21882,3,infantry_line,306,307.63901244756005
21883,4,infantry_line,434,414.3307688912852
21884,3,infantry_line,310,282.67626652321394
21885,1,cavalry_lancers,717,696.3434654331387
21886,2,cavalry_lancers,548,533.2170021319282
21887,1,cavalry_lancers,376,380.4184537193024
21888,0,cavalry_lancers,496,468.1764555254389
21889,4,general,627,614.1171701052191
21890,0,general,76,105.76243852572343
21891,1,general,237,256.66158786926064
21892,1,general,503,488.11853633645694
21894,1,general,739,654.7080089533894
21895,3,general,268,243.76880944109107
21896,2,general,343,382.27098659220184
21898,1,infantry_grenadiers,605,567.3858636459296
21899,2,infantry_grenadiers,587,509.54954936713733
21900,2,infantry_light,328,296.4052371406789
21901,4,infantry_light,443,434.51051248481144
21903,4,infantry_light,352,364.5465468134774
21904,4,infantry_line,169,161.93515688187065
21905,1,infantry_line,131,153.06157669444457
21908,1,infantry_line,141,140.00506399466764
21910,2,cavalry_light,410,406.6204809135287
21911,4,cavalry_standard,789,748.6808674713767
21912,1,general,626,593.6793503938203
21913,3,general,422,389.5050059872692
21916,2,infantry_line,169,164.3890085507263
21917,4,cavalry_lancers,421,408.67747563509255
21918,0,cavalry_lancers,503,474.7373693539085
21919,2,cavalry_lancers,408,400.5399365584089
21920,3,general,313,309.07719821883916
21922,3,general,285,265.6106268553682
21924,4,infantry_grenadiers,281,263.8116022832736
21925,4,infantry_grenadiers,287,265.74978319144907
21926,2,infantry_grenadiers,316,307.8557980206672
21928,3,infantry_line,397,371.37162112685195
21930,1,infantry_line,274,281.2668564828917
21932,3,cavalry_standard,759,715.9059700827538
21933,0,cavalry_standard,1012,995.4615107100168
21934,1,cavalry_standard,504,504.9556289892298
21935,1,cavalry_standard,811,790.9360692223663
21936,1,cavalry_standard,730,692.4821752095537
21937,4,cavalry_standard,619,619.7667923247598
21938,3,general,600,553.3660844420011
21939,2,general,689,682.6041210830134
21940,2,general,456,465.3908764723745
21941,1,general,301,270.3420437370832
21942,4,general,646,612.5107303330195
21944,1,general,667,651.7149045976366
21945,3,general,409,398.4951264455934
21946,1,general,205,202.26566352285627
21947,0,infantry_grenadiers,292,289.7799901717632
21948,0,infantry_grenadiers,331,346.2858902057018
21949,2,infantry_grenadiers,275,282.0971107390428
21950,0,infantry_line,188,206.0559581282155
21951,1,infantry_line,433,417.37534532130644
21952,4,infantry_line,374,382.2806226835951
21953,3,infantry_line,255,247.00630243697248
21955,3,cavalry_lancers,400,385.7773531437428
21956,3,cavalry_lancers,468,456.2171519477881
21957,0,cavalry_lancers,554,542.3965354548491
21958,3,cavalry_standard,505,525.818662522291
21960,3,cavalry_standard,473,496.7900906465913
21961,4,cavalry_standard,721,688.3655190472253
21962,4,general,462,618.4723883973498
21963,1,general,340,356.07682989320205
21964,4,general,402,374.52322184486934
21965,2,general,661,636.2497162962856
21966,0,general,474,471.5197439740093
21967,1,general,261,285.6954357164593
21970,2,general,407,417.6722770295344
21971,1,general,229,221.50015312646448
21972,3,infantry_light,459,432.2355867362774
21973,0,infantry_light,337,328.1992153952368
21974,1,infantry_line,237,230.00271818239884
21975,2,infantry_militia,377,423.71323840200165
21976,1,infantry_militia,203,171.86409878318932
21977,1,cavalry_lancers,495,505.40842531820215
21978,2,cavalry_light,368,392.58104944533034
21979,4,cavalry_light,403,405.42413950251006
21980,3,cavalry_light,683,693.7424764014826
21981,3,cavalry_light,982,957.8562928272372
21983,1,general,978,940.948331329624
21984,4,general,354,368.708014353649
21985,4,general,305,323.70594947041843
21986,2,general,842,792.0030502253996
21988,2,general,683,709.9029302769912
21989,3,cavalry_heavy,1033,973.5691024571347
21990,1,cavalry_standard,431,425.2098116763576
21992,2,cavalry_standard,498,501.0515639010325
21994,2,general,738,724.555177020964
21995,3,cavalry_lancers,336,353.5542007661448
21996,1,cavalry_light,363,367.4486558523996
21997,0,cavalry_standard,707,674.2166199860409
21998,3,general,314,312.38212175209384
21999,1,general,706,654.6764292538993
22000,4,general,209,248.54967788801733
22001,3,cavalry_lancers,396,400.83714718867833
22003,1,general,287,293.4149983227933
22004,2,cavalry_standard,771,720.5854117413942
22005,4,cavalry_standard,777,743.1279938333842
22007,3,general,617,598.1068035057389
22008,2,general,173,177.28039473306174
22009,2,general,705,680.749833567719
22010,2,general,487,514.8881336561872
22011,4,general,504,540.0521185573749
22012,0,general,531,507.72368537468753
22015,2,infantry_line,418,443.1370384859452
22016,1,infantry_line,475,502.312218842935
22017,3,infantry_line,365,369.4799719421327
22020,1,cavalry_lancers,905,1010.5772481982438
22021,1,cavalry_standard,684,637.9911908799264
22022,3,cavalry_standard,930,907.9339580534427
22026,0,general,1136,1130.0693350211975
22027,0,general,840,919.1084181332827
22028,0,general,964,917.4814526098559
22029,3,general,395,424.9050302997084
22030,4,general,795,764.703952950077
22031,2,general,1211,1207.4702235525267
22032,2,general,840,737.7046190799184
22033,3,general,227,202.12568588092816
22034,2,general,469,494.222807123539
22037,3,infantry_line,338,314.957892186605
22038,3,cavalry_lancers,588,531.3617139792897
22039,4,cavalry_lancers,923,1047.5137564273869
22041,3,cavalry_lancers,583,564.5705685318813
22043,4,cavalry_light,826,769.2210333390756
22044,1,cavalry_light,370,405.64092535113696
22046,3,general,139,362.1100441692426
22047,1,general,472,489.8348129725169
22048,3,general,1320,1336.7054434153822
22049,1,general,584,558.3708713669872
22051,2,general,198,201.0342826289591
22052,2,general,911,1052.5595035907231
22053,4,general,334,386.48149149377826
22055,0,infantry_light,449,477.2483020435905
22056,0,infantry_light,583,632.8868895820115
22057,4,infantry_line,264,272.3201633928775
22058,1,cavalry_standard,522,522.6918250165196
22059,3,cavalry_standard,678,637.8045172629901
22060,1,general,619,579.0730687753751
22061,0,general,422,423.11043127199315
22062,1,cavalry_light,402,418.8096454061449
22063,0,cavalry_standard,546,553.1056783655067
22064,2,general,446,461.91681137788953
22065,2,general,271,297.6797522824865
22066,3,cavalry_lancers,632,631.5566293720975
22067,3,cavalry_lancers,584,577.0236260146493
22068,1,cavalry_light,784,695.1191747455848
22070,3,general,246,235.03899722982834
22071,3,infantry_line,235,231.93574428971314
22072,4,cavalry_heavy,1149,1141.834172746302
22074,3,cavalry_heavy,1482,1503.8144988995907
22075,3,cavalry_heavy,1086,1041.1580398420447
22077,3,cavalry_lancers,523,488.8137000272548
22078,2,cavalry_lancers,538,533.655566171749
22079,2,cavalry_missile,461,419.8881626227866
22080,3,cavalry_standard,478,476.2378800968299
22081,2,cavalry_standard,600,586.9011962164922
22082,0,general,1490,1559.6332198055973
22083,2,general,895,854.3751178988388
22085,0,general,1388,1363.709040027915
22086,1,general,347,345.6410336705555
22087,2,general,1147,1096.5624321170808
22090,1,general,547,533.897056634535
22092,2,cavalry_lancers,614,593.4776294895579
22093,2,cavalry_lancers,377,395.4923298593996
22095,2,cavalry_light,768,706.1995614355952
22096,3,cavalry_light,798,741.2314434525307
22098,3,cavalry_standard,586,598.2657458980161
22099,1,cavalry_standard,829,813.1705352029051
22101,1,cavalry_standard,721,678.3533606769957
22102,2,general,132,145.19439093935546
22103,2,general,644,580.0095615672385
22104,0,general,881,901.3928196267134
22105,1,general,476,455.11254853590566
22106,0,general,446,462.31249084821116
22107,4,general,763,764.9637923942835
22108,4,general,413,432.49029713537067
22109,1,general,701,661.7201068509564
22110,2,general,659,626.8630131477228
22112,2,general,257,271.2720254325827
22113,0,infantry_light,237,230.57450275431663
22114,0,infantry_light,364,366.7892155756209
22117,4,cavalry_lancers,630,590.0335645728085
22118,2,cavalry_lancers,588,587.1646634579328
22119,4,cavalry_lancers,579,597.005822682453
22120,4,cavalry_lancers,630,590.0335645728085
22122,0,cavalry_lancers,406,394.63342506426227
22124,4,general,516,476.8735110140283
22125,0,general,520,476.56444988461385
22126,1,cavalry_lancers,360,382.06235881829133
22127,0,general,309,334.35635787183855
22128,1,cavalry_lancers,605,630.139036138385
22129,3,cavalry_lancers,609,547.3608720825146
22130,3,general,448,422.9463218937343
22132,1,artillery_foot,849,985.1312019467159
22133,1,artillery_foot,578,621.5189238565689
22134,2,artillery_foot,662,699.8526970308783
22136,4,artillery_foot,581,576.761055193021
22137,0,artillery_foot,612,602.2440598535273
22138,4,artillery_foot,386,354.5029456157389
22139,2,artillery_foot,737,743.6104160272909
22140,1,artillery_foot,619,622.0939056554143
22141,3,artillery_foot,936,949.6262174635295
22142,1,artillery_foot,849,985.1312019467159
22144,3,artillery_foot,667,715.3591535585812
22145,3,artillery_foot,976,919.9101832055686
22146,4,artillery_foot,1821,1392.3617527863116
22147,4,artillery_foot,1465,1270.6041329259301
22148,3,artillery_foot,395,366.6987282089094
22149,0,artillery_foot,410,377.2497808676734
22150,3,artillery_foot,936,949.6262174635295
22151,2,artillery_foot,349,306.7015647195937
22152,4,artillery_foot,381,404.2952170036403
22153,1,artillery_foot,477,492.7100835829982
22154,3,artillery_foot,395,366.6987282089094
22155,2,artillery_foot,1078,1142.3107603990888
22156,3,artillery_foot,398,369.60714440827644
22157,1,artillery_foot,849,985.1312019467159
22160,3,artillery_foot,765,794.8244787096473
22161,4,artillery_foot,1142,1069.5352990860415
22162,4,artillery_foot,981,1045.9115834843328
22163,0,artillery_foot,901,842.5918556195729
22164,0,artillery_horse,1480,1509.107632222976
22165,1,artillery_horse,1679,1810.0103929787892
22166,1,artillery_horse,1554,1648.7937155789443
22167,3,artillery_horse,1058,1134.683564979115
22169,0,artillery_horse,535,514.0601804426132
22170,3,artillery_horse,543,541.928375850844
22171,2,artillery_horse,771,725.4088778750189
22172,3,artillery_horse,1549,1740.3614331523438
22174,2,artillery_horse,1061,1117.870959255057
22176,0,artillery_horse,784,644.656717081073
22177,0,artillery_horse,1185,1174.579220562364
22178,4,general,747,785.2303142858143
22179,1,general,281,278.1742486763617
22180,4,general,439,475.5025852557481
22181,2,general,60,61.34550524848656
22182,0,general,571,530.8497592862012
22184,3,general,985,1032.363568339676
22185,1,general,1291,1319.9939414186797
22186,1,general,281,278.1742486763617
22187,2,general,60,61.34550524848656
22188,2,general,362,345.4471389166358
22189,4,general,655,672.1123652534613
22190,1,general,881,779.269918944952
22191,1,general,474,448.0383710478739
22192,1,general,990,1036.6825644705102
22193,4,general,752,736.4451664283686
22194,1,general,159,159.0741774234105
22195,3,general,562,551.5856721425597
22196,2,general,60,61.34550524848656
22197,3,general,521,480.73444774082907
22199,4,general,1619,1659.9275634561309
22200,2,general,1,1.0
22201,0,general,741,731.1687563646448
22202,4,general,839,846.3937237558214
22203,0,general,741,731.1687563646448
22204,1,general,574,562.4766253151013
22205,4,general,2594,2493.467113278599
22206,1,general,281,278.1742486763617
22207,2,general,1,1.0
22208,1,general,574,562.4766253151013
22209,4,general,1073,986.6434687522533
22210,1,general,574,562.4766253151013
22211,3,general,549,548.959723360058
22212,4,general,1600,1879.2986509564241
22213,4,general,747,785.2303142858143
22214,3,infantry_grenadiers,284,253.7243117207182
22215,2,infantry_grenadiers,237,269.36223578068405
22216,3,infantry_grenadiers,238,234.9751135637261
22218,2,infantry_grenadiers,288,317.80869759922433
22219,0,infantry_grenadiers,297,315.43501328872105
22220,4,infantry_grenadiers,478,428.596113757378
22221,3,infantry_skirmishers,212,239.63095591662744
22223,0,infantry_skirmishers,249,275.6932972166713
22224,1,infantry_skirmishers,170,151.77288049468729
22226,4,infantry_skirmishers,180,184.1846099285019
22227,1,infantry_skirmishers,195,162.0941465609028
22228,4,infantry_skirmishers,184,190.85777813754183
22229,4,infantry_skirmishers,184,190.85777813754183
22231,4,general,1681,1758.7477186252306
22232,3,general,1466,1814.2126585514332
22233,1,infantry_skirmishers,1515,2065.885674422296
22234,3,cavalry_lancers,933,968.1290274799013
22235,3,general,1017,1035.9773175861772
22236,2,general,421,358.31566413194224
22237,4,general,1267,1115.8357121447805
22238,3,infantry_skirmishers,570,717.4477762827103
22239,1,general,660,981.3106155620862
22240,0,infantry_skirmishers,767,680.4442357897051
22241,3,cavalry_lancers,797,783.1350117536706
22242,1,cavalry_lancers,582,597.1271492042848
22243,4,cavalry_lancers,738,710.0459993173047
22246,2,general,206,226.64837761902635
22247,4,general,745,765.3196978654449
22248,4,general,1238,1620.8802629953227
22249,4,cavalry_lancers,659,695.8241564477596
22250,1,cavalry_lancers,691,685.7382730221938
22252,3,cavalry_lancers,678,680.6957869616772
22253,1,cavalry_lancers,377,362.5433669844878
22254,0,general,361,313.2938403185166
22255,4,general,737,779.1601921554037
22256,3,general,310,320.0718591017722
22259,0,cavalry_lancers,736,802.8880786596452
22260,0,cavalry_lancers,660,657.2451842510395
22261,2,cavalry_lancers,824,798.9746700280817
22262,0,cavalry_lancers,519,471.80507380275765
22263,4,general,633,487.82303295150183
22265,3,cavalry_lancers,649,659.5357246155193
22266,3,cavalry_lancers,580,576.5488278882241
22267,0,cavalry_lancers,622,576.6456719948775
22268,1,cavalry_lancers,714,733.6013777610273
22269,3,general,494,519.2698307587933
22270,4,cavalry_lancers,629,642.3670539146622
22271,3,cavalry_lancers,765,779.1398518888877
22272,4,cavalry_lancers,806,846.673305925564
22273,0,cavalry_lancers,689,744.9874881555913
22274,2,general,670,675.7568339181356
22275,2,general,763,872.3276841643747
22276,2,infantry_irregulars,811,1234.0850410622575
22277,1,cavalry_lancers,899,916.8872365385229
22279,4,cavalry_lancers,608,634.9316637567639
22280,4,cavalry_lancers,674,678.2160726121663
22281,0,general,697,1418.5593410469191
22282,0,general,442,494.5738282348291
22283,4,general,771,783.9615963794279
22284,3,infantry_irregulars,608,421.60343615599834
22286,3,cavalry_lancers,654,676.1685803111958
22287,2,cavalry_lancers,716,752.6166550496234
22288,1,cavalry_lancers,774,832.0393015367144
22289,3,general,768,888.2875113439347
22292,4,cavalry_lancers,741,789.4168227034858
22294,0,cavalry_lancers,669,712.0833756517563
22295,1,cavalry_lancers,613,632.277097498102
22296,0,general,547,588.4527084007364
22297,4,infantry_irregulars,670,423.81169401523834
22298,4,artillery_foot,493,307.507175182081
22299,0,cavalry_missile,665,552.0325365386152
22300,4,cavalry_lancers,803,811.1095297044047
22301,0,general,686,695.159711410502
22302,0,cavalry_lancers,511,429.99907826025697
22303,1,general,460,368.6139860437451
22304,0,cavalry_lancers,525,542.4063785520001
22305,3,general,405,437.5521677222503
22306,3,cavalry_lancers,772,629.5266930255524
22307,2,cavalry_lancers,366,330.8809615901057
22308,2,cavalry_lancers,620,560.620293505499
22309,4,general,480,410.4999829221184
22311,4,general,379,350.6524928982821
22312,2,general,896,978.0696235417773
22313,0,infantry_skirmishers,369,433.94436484207614
22314,1,cavalry_light,1111,1257.6174333456152
22316,2,artillery_horse,724,677.9986225581106
22317,2,artillery_horse,116,90.74915090254636
22320,4,artillery_foot,808,674.536469420468
22321,4,artillery_foot,439,483.78633711061707
22323,0,artillery_foot,618,598.7977630952188
22324,0,general,392,386.72140097098804
22326,4,general,196,192.12816153054453
22328,3,general,235,226.87905781517338
22329,4,general,363,340.18124625710675
22330,4,general,1225,1360.0623825557434
22331,2,general,652,640.874823746386
22332,1,general,425,387.57852950862065
22334,0,general,1365,1694.3429397246443
22335,3,general,649,684.217384741925
22336,4,general,441,379.8573278890885
22337,3,general,421,365.814813277852
22338,3,infantry_light,1088,1105.9938108753763
22340,0,infantry_line,361,405.0170528695239
22343,0,infantry_line,484,499.81650215935736
22344,0,infantry_line,540,532.3113237574065
22345,1,infantry_line,1146,1258.1931172029078
22347,3,infantry_militia,197,179.15784877604972
22348,0,infantry_militia,138,115.8249051963211
22349,1,infantry_militia,343,332.4414236357762
22351,4,infantry_skirmishers,247,261.06192850249244
22352,1,infantry_skirmishers,276,346.2867276932702
22353,4,infantry_skirmishers,325,352.209484815923
22354,2,cavalry_light,1712,1775.541467502519
22355,0,general,1607,1516.991920012124
22356,2,artillery_foot,449,498.1868104378444
22357,4,artillery_foot,480,517.2269749681031
22358,2,artillery_foot,901,784.4772310530842
22360,2,general,186,174.5790956874375
22361,1,general,199,182.93362609685062
22362,0,general,208,194.93238135054594
22363,1,general,92,104.92108703626675
22365,4,general,409,357.08907369684516
22366,1,general,903,1101.2504858048019
22367,3,general,604,637.7401663389805
22368,1,general,313,278.71391596847997
22369,1,general,712,719.1377624409135
22370,2,general,213,241.91671002488215
22371,4,general,357,296.62609317662253
22372,2,infantry_light,422,420.85712088952425
22373,4,infantry_line,286,282.94847102991446
22375,4,infantry_line,556,594.3427352975774
22376,3,infantry_line,418,387.76882477201656
22378,0,infantry_line,517,547.702217034058
22379,1,infantry_line,805,950.5164095912633
22380,4,infantry_militia,286,285.8435570318506
22381,0,infantry_militia,194,196.7968042659119
22382,0,infantry_militia,189,186.4650963753285
22384,1,infantry_militia,300,304.2951695683222
22385,4,infantry_skirmishers,309,286.18698876141315
22386,0,infantry_skirmishers,250,216.47835120617825
22387,4,artillery_foot,893,775.7348290420714
22388,0,artillery_foot,429,485.40027579424066
22389,0,artillery_foot,614,595.4158651127966
22390,3,general,35,65.63809554535358
22391,1,general,119,136.50826686529714
22392,2,general,121,123.8480686259518
22394,1,general,329,285.21835254797537
22395,1,general,142,149.41930270886974
22397,2,general,132,161.2634476968236
22398,0,general,456,413.37430142953104
22401,4,general,369,323.6314754596717
22402,2,infantry_light,651,612.217685733658
22403,3,infantry_line,215,263.7706567808083
22405,0,infantry_line,401,443.11133438226125
22406,0,infantry_line,609,617.6293738239407
22407,1,infantry_line,426,424.732399499542
22408,2,infantry_militia,171,175.81431445398636
22412,3,infantry_militia,211,208.80285125727707
22413,3,infantry_militia,186,167.100165714617
22415,0,infantry_skirmishers,545,468.576623081453
22416,2,infantry_skirmishers,288,343.12642549106533
22418,0,artillery_foot,429,485.40027579424066
22419,2,artillery_foot,442,492.47482365974423
22420,3,general,134,118.62435524463375
22421,4,general,205,183.496683826599
22424,3,general,240,224.8143809238806
22425,4,general,284,272.78742196443534
22427,3,general,710,702.547313606355
22428,0,general,509,467.186912621884
22429,1,general,285,302.15599996935447
22430,3,infantry_light,325,339.41875520431756
22431,4,infantry_light,654,688.4251739421309
22432,2,infantry_line,301,304.0324000553627
22434,1,infantry_line,312,317.58452906618373
22435,2,infantry_line,328,342.42356253848686
22436,2,infantry_line,432,407.9545011725746
22437,2,infantry_line,629,671.2947918623087
22438,0,infantry_militia,201,205.3988241096373
22439,0,infantry_militia,213,215.26179110935576
22440,0,infantry_militia,191,183.41816329008182
22441,2,infantry_militia,77,98.0063462753377
22442,1,infantry_militia,135,135.1208232534808
22443,3,infantry_militia,234,209.34022363332434
22444,2,infantry_skirmishers,211,177.704806251126
22447,0,cavalry_lancers,1250,1196.9119127327847
22448,0,cavalry_lancers,801,752.1637098581024
22450,1,cavalry_lancers,437,487.4242729195389
22451,2,cavalry_lancers,808,673.5949890557526
22453,3,cavalry_light,740,737.9728109082226
22454,1,cavalry_light,1373,1298.7335520910203
22456,4,cavalry_standard,1592,1691.7069391296297
22457,2,cavalry_standard,1213,1243.5316632835227
22458,3,cavalry_standard,794,767.9380978508937
22459,3,cavalry_standard,928,964.4371148198212
22460,0,general,1610,1756.5879442157868
22461,3,general,754,694.4014683830628
22462,4,general,773,804.3093423594154
22463,1,general,697,719.998837016769
22464,0,general,693,612.7330940357062
22466,1,general,735,623.1822496471068
22467,1,general,1017,984.3088600219179
22468,0,general,419,457.05756338609604
22469,2,general,804,808.0282209282252
22471,2,general,653,478.72441414209885
22472,0,general,759,759.5090918945166
22473,2,general,1407,1355.5806902578106
22474,2,general,1205,1189.5637098288878
22475,2,artillery_horse,1075,1097.7518575820213
22476,2,artillery_horse,600,567.2839757549796
22477,1,cavalry_lancers,479,517.8571426229581
22478,2,cavalry_lancers,496,468.9944697727956
22479,0,cavalry_lancers,440,498.9675365407962
22481,4,cavalry_lancers,571,588.7135592921411
22482,2,cavalry_lancers,490,478.87300473184456
22483,2,cavalry_lancers,690,641.9956348239483
22484,1,cavalry_light,836,841.0918502486599
22485,2,cavalry_light,941,963.9253724379662
22486,0,cavalry_light,1466,1527.5557997713838
22487,2,cavalry_light,721,735.7915384549148
22488,2,cavalry_light,630,610.7033700478854
22490,2,cavalry_standard,904,923.4616470787664
22491,0,general,642,559.4961612766751
22492,3,general,790,810.4303405642036
22493,3,general,502,482.3400444967263
22494,4,general,604,573.0866526915177
22495,3,general,773,781.4431826917204
22496,0,general,403,400.9166909901154
22497,4,general,443,448.17703106969964
22498,2,general,406,383.3080701656963
22500,0,general,849,847.8961175413089
22501,2,general,299,365.64879177367
22502,2,general,359,390.41300906273085
22503,3,general,677,588.2143776136013
22504,4,general,1304,1383.0291774025186
22506,1,cavalry_lancers,440,491.5284786426512
22507,3,cavalry_lancers,471,510.8914295728731
22508,3,cavalry_lancers,434,523.0220200471377
22509,3,general,322,368.2481968214092
22510,2,cavalry_lancers,476,450.7107250871198
22512,3,cavalry_lancers,477,500.1338649756264
22513,3,cavalry_lancers,455,466.98738113705133
22516,0,general,324,321.80149472100277
22517,3,general,334,339.1732434629585
22518,3,general,388,367.77400359842494
22519,3,general,393,398.8696313531378
22520,3,artillery_foot,591,603.339304499927
22521,3,artillery_foot,591,603.339304499927
22522,2,artillery_foot,598,615.0528360691682
22523,3,artillery_foot,591,603.339304499927
22525,3,artillery_foot,591,603.339304499927
22526,3,artillery_foot,529,504.98695103962035
22527,0,artillery_foot,831,722.4617609097531
22528,2,artillery_foot,457,503.96504789798087
22530,0,artillery_foot,527,540.9710266264867
22533,4,artillery_foot,584,672.8944461497715
22535,0,artillery_horse,1017,1050.2510663673831
22536,4,artillery_horse,1166,1186.2893231800772
22537,2,artillery_horse,1075,1097.7518575820213
22538,2,general,601,598.2456454576774
22539,4,general,1311,1132.1981265427373
22540,3,general,600,525.4396153210247
22541,3,general,228,229.16890730315384
22542,0,general,401,401.8012430359741
22544,3,general,228,229.16890730315384
22545,1,general,380,398.0979680206141
22546,3,general,600,525.4396153210247
22548,4,infantry_grenadiers,383,349.28106838481733
22549,0,infantry_grenadiers,508,540.6394644019604
22550,0,infantry_grenadiers,508,540.6394644019604
22551,0,infantry_grenadiers,508,540.6394644019604
22552,2,artillery_foot,681,668.0690662645311
22553,3,cavalry_heavy,1869,1932.124127485365
22554,0,cavalry_heavy,1961,1954.9908221429664
22555,1,cavalry_heavy,1132,1296.768311640677
22556,0,general,286,261.81297070728937
22557,1,general,348,405.64973675440035
22558,2,general,1879,2079.299306880547
22559,4,general,221,230.48377666876837
22560,1,general,917,1084.2317279724016
22561,3,general,532,521.2836660522535
22562,1,general,1754,1912.6394265352328
22563,2,general,662,797.8314485554965
22564,4,general,960,1077.1552668308964
22565,0,general,1377,1396.7302079152737
22566,3,general,490,467.1637214857085
22569,0,general,1576,1719.5115687433336
22570,0,general,811,738.4658562016112
22571,3,infantry_light,971,1081.530697276562
22573,0,infantry_line,1431,1337.1063218783406
22575,2,infantry_line,548,518.5545711500362
22576,3,infantry_line,751,736.4971639343511
22577,0,infantry_skirmishers,287,262.0233452899137
22578,3,infantry_skirmishers,295,325.24409329811334
22579,3,artillery_horse,856,1020.3822195466186
22581,0,general,491,516.8075024715961
22582,4,general,228,266.74198005512636
22583,0,general,255,312.44710363240694
22584,1,general,189,199.27530381475842
22585,2,general,221,193.98079692638933
22586,3,general,359,372.6898433538422
22587,4,general,1343,1556.1395366618817
22588,2,general,1176,1166.865215166303
22589,1,general,677,783.7975355198294
22591,4,infantry_line,607,683.4373152198391
22592,2,infantry_line,1231,1259.4752676808828
22595,0,infantry_line,306,333.07966121124406
22596,3,infantry_line,651,751.6542878453016
22597,4,infantry_line,366,451.47491373806736
22598,3,infantry_line,366,381.14275854129687
22599,4,infantry_line,325,315.51049062403456
22600,1,infantry_line,300,315.19436539787347
22604,3,artillery_foot,360,336.50533694880073
22605,4,artillery_foot,481,466.65484215532973
22606,2,artillery_horse,104,124.98185533742304
22607,3,general,336,349.5808904764528
22608,2,general,20,214.28987544906434
22609,3,general,456,470.4116163953346
22610,4,general,219,233.11766762575283
22611,4,general,678,720.3174166500804
22612,0,infantry_line,280,323.0594745974342
22613,1,infantry_militia,176,158.85980870604433
22615,0,infantry_militia,223,183.93227761410466
22616,1,infantry_militia,481,466.02986029815816
22617,1,infantry_skirmishers,249,240.1153200241233
22618,4,infantry_line,308,424.6210385362208
22619,3,infantry_militia,105,103.6554362080972
22620,1,infantry_militia,139,133.3788439946893
22621,3,infantry_militia,165,141.7287505111044
22622,1,infantry_militia,141,131.56624192825475
22623,4,artillery_foot,650,700.8070201673239
22624,3,cavalry_heavy,1154,1064.0078907357786
22625,2,cavalry_heavy,1410,1495.3290122381954
22627,3,general,956,915.1447463283657
22628,2,general,651,677.4491942489531
22629,3,general,881,825.3141358713384
22630,1,general,1485,1605.4757142788221
22631,2,general,381,348.24928716389894
22634,2,general,416,402.5139010946578
22637,4,general,409,413.6083376322669
22638,0,infantry_light,688,708.3386912779954
22639,2,infantry_line,327,321.73321946079784
22640,4,infantry_line,528,553.5595612783421
22641,3,infantry_line,502,512.8949901206495
22642,2,infantry_line,668,680.8044006074255
22643,1,infantry_line,401,392.3854604000585
22644,4,infantry_line,427,411.86351369459334
22645,2,artillery_foot,602,614.012453744818
22646,0,general,127,137.821028568062
22648,1,general,441,436.874796824326
22649,3,general,268,268.39760177363127
22650,2,general,187,193.07239569078396
22651,3,general,388,360.81839412502364
22653,2,general,185,176.31499994889015
22655,3,general,215,208.00718975156155
22657,0,general,640,681.6135373442614
22658,2,general,247,245.20884354737584
22660,0,infantry_line,422,418.8726540900855
22661,4,infantry_line,318,316.44676052999347
22662,2,infantry_line,253,238.43290180871952
22663,2,infantry_line,285,273.93483763466486
22664,1,infantry_line,412,421.04609231718723
22665,3,infantry_line,339,330.6548763792659
22666,4,infantry_line,605,631.7118477998098
22667,3,infantry_militia,362,331.4351954479752
22669,2,infantry_militia,274,279.24368039012535
22670,4,infantry_militia,300,298.4513041837732
22671,0,infantry_skirmishers,220,178.0228070959954
22672,4,artillery_foot,725,797.5326846460828
22673,3,general,586,594.800823524056
22674,4,general,470,493.06827300335004
22675,1,general,965,1043.4353768219767
22677,2,infantry_light,533,537.447318293318
22679,2,infantry_line,274,297.0011110020457
22680,4,infantry_line,472,451.2807892557979
22681,2,infantry_militia,55,73.12412409944596
22682,2,infantry_militia,59,79.12017112066974
22683,4,infantry_militia,57,65.32058671137908
22684,2,infantry_skirmishers,222,224.90975149045767
22688,3,infantry_line,473,562.6674135223429
22689,4,infantry_line,377,440.5150006040647
22690,0,cavalry_light,609,595.1819207919517
22691,2,general,355,367.816352413504
22692,0,general,471,439.6505840919805
22695,0,general,582,631.243056978997
22696,1,infantry_light,294,321.57661139985174
22697,2,infantry_light,594,591.6756284717493
22698,1,infantry_line,646,714.4855178861628
22700,1,infantry_skirmishers,210,187.57928421320526
22702,2,infantry_skirmishers,251,220.3104231004311
22703,2,artillery_foot,384,365.61960234145295
22704,4,general,261,265.60647999956797
22705,3,general,292,281.5570202611033
22706,2,general,254,225.5500755966481
22707,0,general,222,221.2188540426045
22708,0,general,69,150.88301496643922
22709,4,infantry_light,328,317.635081056304
22710,3,infantry_line,359,352.6400754461235
22712,0,infantry_militia,57,78.9440833155894
22713,3,infantry_militia,79,95.69961470525237
22717,4,cavalry_light,380,331.62403312233283
22718,1,cavalry_light,584,611.2996276035069
22719,2,cavalry_light,849,870.6367977467094
22721,2,general,186,219.62961372492632
22722,3,general,716,695.6018728160465
22723,3,general,422,311.5099040137498
22724,3,general,314,161.87256282542617
22725,1,general,568,565.0084411800183
22726,3,general,123,100.72211001277896
22728,0,general,277,247.8285576600417
22729,0,general,747,750.8383544498561
22730,0,general,510,518.6884581690482
22731,1,general,377,339.21221578004867
22732,1,infantry_light,324,326.86138419703525
22733,3,infantry_light,434,365.9468387554612
22735,3,infantry_line,492,498.57906021969836
22736,1,infantry_line,385,360.79422718013774
22737,0,infantry_militia,96,83.4968807983395
22738,0,infantry_militia,114,99.8683312365585
22739,3,infantry_militia,68,59.746328771223
22741,3,infantry_militia,196,169.34978222547196
22743,2,infantry_skirmishers,254,215.81548937882414
22744,2,infantry_skirmishers,552,443.8446345442498
22745,1,artillery_foot,448,443.932998329205
22746,1,cavalry_light,521,516.9002943823876
22748,1,cavalry_light,1014,1002.1699388261771
22750,3,general,217,303.22495736663075
22752,0,general,289,314.25692686240745
22753,4,general,375,328.5462859536078
22754,0,general,208,195.94650144969648
22759,0,general,939,974.4921309116398
22760,2,general,203,200.50536837217393
22761,0,general,274,251.06116658085412
22762,4,general,149,177.21107576637965
22763,2,general,431,400.6253472092671
22764,0,general,353,312.7422163604643
22766,0,general,834,793.9960032098018
22767,0,general,467,381.357497035138
22768,3,general,608,566.0502068749337
22770,0,general,329,262.92308392944153
22771,4,infantry_grenadiers,473,444.65362182964105
22772,3,infantry_light,330,300.2735188783304
22773,1,infantry_light,309,295.08810837048094
22774,1,infantry_light,319,293.69382396188416
22775,1,infantry_light,488,439.3071337382077
22776,1,infantry_light,188,241.01613535184302
22777,2,infantry_light,379,369.8585434390789
22778,1,infantry_line,263,276.86536413749667
22779,1,infantry_line,310,307.8127802610168
22780,1,infantry_line,585,546.212528506617
22781,4,infantry_line,899,925.7330871023355
22784,1,infantry_line,314,279.54389435954647
22785,3,infantry_skirmishers,293,348.75224400537047
22786,3,infantry_skirmishers,212,247.07763994796676
22787,3,artillery_horse,493,511.14135047803313
22788,4,cavalry_lancers,316,328.16081002081694
22789,2,cavalry_light,591,621.7283273243202
22791,2,general,536,561.3843402710244
22794,3,cavalry_light,580,596.6766518249307
22795,3,cavalry_light,974,961.6621756983458
22796,1,general,294,295.3339369524724
22797,3,general,838,815.9886685185587
22798,3,general,935,1124.3328556307752
22799,0,general,470,500.8558246569734
22801,3,general,113,101.23945382404546
22802,4,general,438,394.60340339224933
22804,1,general,266,218.35035722978225
22805,0,infantry_light,414,420.0717090323202
22806,2,infantry_line,320,322.7413826565436
22807,4,infantry_line,227,235.31214189768087
22808,0,infantry_line,548,543.8106001959933
22809,1,infantry_line,372,336.48537783963104
22810,0,infantry_militia,217,176.94051800689482
22811,1,infantry_militia,160,141.13475544551264
22812,4,infantry_militia,85,102.2051719141087
22813,2,infantry_militia,183,165.2957242312003
22814,4,artillery_foot,365,402.2170502683472
22815,1,cavalry_light,935,1015.4029430956696
22817,4,cavalry_light,926,963.5783827616201
22818,1,general,162,160.31754191313956
22819,1,general,792,806.9165911884244
22820,0,general,418,438.5878112632959
22821,1,general,243,210.0563460601556
22822,4,general,992,1079.5528573755955
22824,1,general,441,359.4703337612938
22826,2,general,213,188.3366905507406
22827,4,infantry_grenadiers,707,538.0347158575664
22828,3,infantry_light,713,687.8830736046364
22829,1,infantry_line,226,229.76234771749165
22830,3,infantry_line,323,299.49757893404177
22831,1,infantry_line,353,336.6787910649394
22832,4,infantry_militia,74,89.42889758404839
22833,3,infantry_militia,123,110.674174828019
22834,4,artillery_horse,667,538.8107396573979
22835,1,cavalry_light,1037,1044.7181530029122
22836,0,cavalry_light,885,766.1122138389359
22837,4,cavalry_light,418,389.39310521975995
22839,1,general,716,568.6765134699647
22840,1,general,286,266.3770172135778
22841,1,general,897,874.6967884322356
22842,1,cavalry_heavy,1143,1187.6951112179092
22843,1,cavalry_heavy,1359,1489.6711040592108
22844,0,cavalry_heavy,817,706.7582689855232
22845,3,general,657,577.0708991871692
22847,3,general,950,970.4384249358561
22848,2,cavalry_light,557,512.9651337660412
22849,2,cavalry_light,276,291.8355669723738
22850,3,general,419,362.37142524931613
22851,2,general,148,180.97352657098597
22852,3,cavalry_light,714,612.2490676772726
22854,0,artillery_horse,657,538.0376359086243
22855,1,general,545,541.9958404345092
22856,0,cavalry_light,910,966.5673762791087
22858,2,general,743,746.14762253133
22860,0,artillery_horse,1138,1243.9432609592739
22861,3,artillery_horse,617,309.0661647878214
22862,0,general,1022,1015.9659581471216
22863,1,general,1240,1157.9390083566325
22864,0,general,638,637.3274359511058
22866,2,general,467,467.9464738089236
22867,0,general,312,313.982851078373
22870,0,general,1241,1187.715298524987
22871,4,general,233,253.61088120206063
22875,0,general,570,486.5136672389106
22878,3,general,405,562.1494430454716
22879,1,infantry_grenadiers,927,835.8529732445961
22881,0,infantry_line,1287,1105.7259274234093
22882,1,infantry_line,413,571.6780936653626
22883,2,infantry_line,256,257.0535467574149
22886,3,infantry_line,485,636.2096533564666
22887,3,infantry_line,306,274.2873386516428
22888,3,infantry_skirmishers,393,334.84269337311474
22889,0,general,398,426.2682946022093
22890,3,general,489,493.05512594973675
22893,4,general,971,1293.9613263624701
22894,0,general,845,1009.9689885400784
22895,0,general,614,645.2113602864328
22896,1,general,397,400.3542994920796
22897,0,general,918,938.5238104461598
22898,1,general,80,134.9572537448767
22899,1,infantry_line,186,200.7679289597537
22903,1,infantry_line,454,460.223072485206
22904,0,infantry_line,783,681.4608556491471
22906,4,infantry_line,886,864.1922431732996
22907,2,infantry_line,838,878.8491544214936
22908,0,infantry_skirmishers,185,165.81583724477076
22909,0,infantry_skirmishers,225,227.06128265215517
22910,1,infantry_skirmishers,349,335.85695060857864
22911,3,cavalry_light,776,721.6568056964479
22913,1,general,278,203.3159586183964
22916,0,general,200,245.58299384726783
22917,4,general,240,223.786155871221
22918,0,general,721,775.6985952834576
22919,3,general,951,1006.8521312798792
22920,2,general,489,459.9323054551164
22921,2,general,323,276.78584439195555
22922,1,infantry_light,680,693.0871354880283
22924,4,infantry_line,320,277.8595103267344
22925,0,infantry_line,347,324.6497370895422
22926,2,infantry_line,548,476.4090155317385
22927,1,infantry_line,868,781.177496565262
22928,4,infantry_skirmishers,226,210.09947116773958
22930,3,artillery_foot,458,411.58923510185485
22931,1,general,323,321.5962378299936
22933,1,general,180,208.75384229884344
22934,0,general,485,482.67703103895786
22935,4,general,376,476.2701738512405
22936,0,infantry_line,472,436.3450633085197
22937,1,infantry_line,347,311.82519481536707
22938,3,infantry_line,383,453.33629664843306
22939,2,infantry_line,290,307.89565131930647
22940,4,infantry_skirmishers,216,214.84976132644556
22941,3,artillery_foot,879,818.8551120580377
22942,4,general,712,670.7242760651924
22943,2,general,638,681.923568940735
22944,3,general,520,511.17097912792184
22945,0,general,735,765.6461382030117
22946,0,general,931,1114.8700087354264
22948,2,general,638,681.923568940735
22950,1,infantry_line,559,547.7053933956022
22951,1,infantry_line,639,682.7469726437942
22953,2,infantry_line,818,820.7704024585846
22954,1,infantry_skirmishers,292,370.4240056831206
22955,4,general,410,429.60489310961003
22957,1,general,494,496.4724109893941
22958,3,general,381,346.7574220809873
22959,4,general,418,393.5670194649654
22960,4,general,400,362.4335358024926
22961,1,general,250,234.33518553588684
22962,0,general,262,248.90960052280775
22963,0,general,152,116.28762758357364
22964,3,general,139,179.94273031323038
22965,1,infantry_line,492,462.29895980289433
22966,0,infantry_line,436,399.708820549034
22968,1,infantry_line,257,202.61812478215583
22969,0,infantry_line,528,480.85259324255736
22971,2,infantry_line,371,348.91682445386715
22973,2,infantry_line,279,255.35896486889007
22974,2,infantry_line,239,244.67178863078166
22975,1,artillery_foot,283,300.7029019877826
22976,0,general,165,209.23153856978516
22977,1,general,123,168.88218106702618
22978,3,general,224,214.89428729851565
22980,4,general,161,206.81841089998136
22981,3,general,631,593.3575402765788
22982,3,general,194,257.10712647159977
22983,2,infantry_light,686,673.242222935245
22984,4,infantry_line,150,178.94993558207491
22986,1,infantry_line,357,343.6149861041326
22987,0,infantry_line,272,308.79859571435475
22988,4,general,416,338.6935471856832
22989,0,general,735,779.4009208063061
22990,1,general,328,269.3164281407973
22991,4,general,326,282.49253536521405
22993,1,general,172,227.0099164710918
22995,3,infantry_line,629,583.0187921251437
22996,1,infantry_line,281,319.56057371475316
22998,3,infantry_line,439,400.1075176647911
22999,3,infantry_skirmishers,224,280.09348480507407
23000,0,general,69,92.73073139357597
23001,1,general,459,454.8736581268853
23002,4,general,555,560.8508855383458
23003,1,general,209,233.31384922595703
23004,0,general,130,130.35194140928468
23006,1,general,268,239.20446719526743
23007,2,infantry_line,258,234.86685065964895
23009,4,infantry_line,411,368.81534855438935
23010,2,infantry_line,320,318.7519997618934
23011,3,infantry_line,235,199.394052336006
23012,1,infantry_line,531,503.5150624851576
23013,0,infantry_line,517,478.8370513836533
23014,0,infantry_line,375,341.7800262559698
23016,3,artillery_foot,368,321.50620612300577
23017,1,general,241,233.54440889556196
23018,4,general,169,198.6684798565414
23020,3,general,211,304.3645155982529
23021,2,general,325,281.52793503736376
23022,2,infantry_light,584,559.3279152297874
23023,0,infantry_line,433,403.60478168546575
23024,4,infantry_line,238,313.581662552297
23025,2,artillery_foot,548,494.7346592883307
23026,0,general,404,366.63461025617795
23027,1,general,722,738.8480839196393
23029,4,general,455,380.3409477360746
23030,2,general,172,162.92444686437915
23031,2,general,676,670.9004509195832
23032,0,infantry_light,591,529.1777588259239
23033,0,infantry_light,566,527.0517254934072
23034,0,infantry_line,713,627.7944772325073
23035,3,infantry_line,245,214.80373374309772
23036,1,infantry_line,560,486.1390391101335
23037,2,infantry_skirmishers,178,142.31173316868652
23038,1,general,462,420.5618091421828
23039,4,general,249,235.91154642965756
23040,4,general,202,208.60807531299955
23041,2,general,323,290.9593076484104
23042,0,infantry_light,280,259.02412709799256
23043,4,infantry_line,436,391.49621586895745
23044,0,infantry_line,393,347.3843727210864
23045,2,infantry_line,333,304.97227254100636
23046,0,infantry_skirmishers,160,193.94174304182417
23047,3,general,475,526.5834251009578
23048,4,general,560,533.3977698440252
23049,3,infantry_line,563,542.3615494418564
23050,0,infantry_line,452,399.7827836365798
23051,4,artillery_foot,366,393.35331566509194
23052,0,artillery_foot,862,863.5465184473749
23053,1,general,344,363.84508082086836
23054,0,general,304,244.87435710320034
23055,1,general,101,199.159350300465
23058,1,infantry_light,412,371.10965088305045
23060,0,infantry_light,736,711.4700906751772
23062,3,cavalry_heavy,1701,1730.8180634717428
23063,4,cavalry_heavy,1513,1466.1670348619766
23064,3,cavalry_light,1191,1247.5967451014635
23065,3,general,1505,1477.1932460453734
23066,1,general,1282,1242.2191019461584
23067,3,general,1602,1627.6211492988753
23068,2,general,176,163.90284096381876
23070,2,general,1110,1283.3646715432044
23072,1,general,266,261.5886671543039
23073,1,infantry_light,338,311.8547847475398
23074,2,infantry_line,247,218.12719034164974
23075,0,infantry_line,261,244.49094782380996
23076,0,cavalry_light,433,343.82335444827834
23077,3,cavalry_standard,444,479.4947469110622
23079,4,cavalry_standard,323,301.6267621884036
23080,4,general,224,215.65885644344075
23082,2,general,457,456.7098923598155
23083,2,general,510,475.2654246821869
23084,1,general,180,173.80355582502153
23085,2,general,154,140.67140198078144
23086,1,general,205,218.33372327560951
23087,2,infantry_light,321,321.28014708504026
23089,4,infantry_line,261,232.94807736428194
23090,4,general,324,348.7627903885237
23091,2,general,496,442.6430542710596
23092,0,general,779,695.27394304944
23093,0,general,543,549.1729527719033
23095,1,infantry_light,486,487.60503453319365
23096,2,infantry_skirmishers,453,463.634180125558
23097,4,general,1056,1268.5612575755033
23098,1,general,643,699.2396288540107
23100,1,infantry_light,962,975.4246401263413
23101,3,infantry_light,624,633.0427053577619
23102,4,infantry_skirmishers,419,517.1241277874354
23103,0,cavalry_heavy,1412,1387.4823693491362
23104,4,cavalry_light,1109,1112.1472586528641
23105,0,general,964,956.3574756523946
23106,1,general,1190,1140.6020543532716
23107,1,cavalry_light,1109,1099.3624969572459
23108,1,cavalry_light,1189,1266.9072069628867
23111,2,artillery_horse,627,605.6385796492008
23113,3,general,532,579.5794118994058
23114,1,cavalry_light,482,512.9305816174206
23115,2,cavalry_standard,545,609.6340026602041
23116,4,general,355,392.92385631061063
23118,4,artillery_foot,366,393.35331566509194
23119,2,general,478,445.2405949766193
23120,1,general,1161,1153.960873972342
23121,0,general,294,300.8490954574903
23122,3,general,167,171.21924090012087
23123,4,infantry_line,302,294.0196746789355
23124,1,artillery_foot,155,203.05589121201817
23125,4,general,600,702.4221232626275
23126,1,general,328,296.72961817862557
23128,3,general,398,292.5680084366301
23129,1,general,759,651.0670277133421
23130,1,general,684,640.2870341186197
23131,3,general,489,464.57570848417646
23132,2,general,361,312.33216573037845
23133,0,general,369,326.07853994609553
23134,1,general,251,249.16947617168995
23136,3,general,69,156.0075406867648
23137,1,general,300,240.658930210036
23138,4,general,407,321.6650522473874
23139,0,general,741,1013.45397035136
23140,4,general,363,490.775303881682
23141,4,general,818,801.7754407010091
23142,2,general,504,475.17992474280766
23143,1,general,378,352.9799026433508
23144,3,general,1539,1938.7285697504717
23146,3,general,395,327.48818532809463
23147,4,general,521,464.4446444038698
23148,3,infantry_grenadiers,455,670.9758314498481
23149,1,infantry_grenadiers,425,537.9149139611636
23151,2,infantry_light,414,475.97500482899204
23152,4,infantry_light,359,371.2571761279099
23153,4,infantry_light,786,766.9312293537148
23154,4,infantry_light,431,408.93343942034676
23155,3,infantry_light,532,561.3568869170279
23156,2,infantry_light,549,556.7063354919892
23157,2,infantry_light,1226,1266.6726810149598
23158,0,infantry_line,285,301.16156044800533
23159,2,infantry_line,725,727.090457204732
23160,4,infantry_line,376,378.7417360794895
23162,2,infantry_line,407,409.05745115560546
23163,1,infantry_line,586,601.0746055769698
23164,3,infantry_line,483,503.9376564625153
23165,3,infantry_line,505,494.61722302792947
23166,4,infantry_line,632,660.0132418563207
23167,2,infantry_line,477,502.06280087559776
23168,2,infantry_militia,482,385.5221887995416
23169,1,infantry_skirmishers,749,1194.5789235937696
23170,3,infantry_skirmishers,788,675.8274954743281
23173,2,general,152,136.78885741928823
23175,0,general,207,129.7987951494158
23176,3,general,695,528.8800051086881
23179,2,general,220,171.58374235614608
23181,2,general,342,358.9453155159063
23182,1,general,1178,1423.9440269321599
23184,4,general,593,593.0889951594351
23187,3,infantry_light,442,474.8051653046819
23188,2,infantry_light,365,382.2346855136526
23189,2,infantry_light,244,264.53349648143734
23191,3,infantry_line,267,207.93193365696283
23195,2,infantry_line,666,707.8180592160786
23196,4,infantry_line,644,672.0611987751412
23198,4,infantry_militia,216,202.36870799687637
23199,4,infantry_militia,193,170.77020048011508
23201,2,cavalry_heavy,989,1017.2289412554076
23202,0,cavalry_heavy,934,843.3504768258122
23203,1,cavalry_light,713,678.0994395767241
23204,4,cavalry_standard,659,619.1188320461857
23205,1,cavalry_standard,946,967.447007492432
23206,2,general,849,843.5815190445517
23210,1,general,618,566.5839325529639
23212,2,general,304,253.36805536193603
23213,1,general,229,202.21873304753157
23215,3,general,248,207.61011050360113
23216,2,general,1104,1063.6770870296164
23217,0,general,763,800.7664238339746
23218,3,infantry_light,413,391.68459155749326
23219,1,infantry_line,287,288.25603340300586
23220,1,infantry_line,692,699.6322989761884
23221,1,infantry_line,350,345.9035075520763
23222,0,infantry_line,559,582.6174446987325
23223,1,infantry_line,1007,993.4529940162712
23224,4,infantry_militia,192,177.06753600453987
23227,1,general,267,205.7469174444018
23228,3,general,728,723.7623970652351
23230,2,general,364,296.75211621011806
23231,2,general,485,405.82409411116964
23232,4,general,165,219.75648129657327
23233,1,general,329,292.1034067169152
23235,4,general,642,492.9567482372732
23238,0,general,299,229.89357260867612
23239,4,general,254,235.97056108182946
23242,1,general,632,646.2724303372206
23244,1,infantry_grenadiers,1026,840.1602324102489
23245,0,infantry_grenadiers,364,335.5150164505983
23247,0,infantry_light,313,308.6198291359325
23249,4,infantry_light,936,1060.649802428245
23250,1,infantry_light,589,622.2005704032935
23251,0,infantry_line,430,393.26150792953115
23252,2,infantry_line,306,317.3817784276603
23253,1,infantry_line,377,360.33631201686995
23254,4,infantry_line,323,284.35732463463415
23255,3,infantry_line,536,515.8904757406616
23256,0,infantry_line,485,473.3615934816926
23257,3,infantry_line,406,376.13817428874637
23258,2,infantry_line,773,809.8725163846858
23260,2,infantry_line,737,785.1033935329882
23261,1,infantry_militia,254,228.00090140843443
23263,1,infantry_skirmishers,238,233.54937783932377
23264,3,cavalry_lancers,684,531.4656817415984
23267,4,general,879,797.0118050203379
23268,1,general,613,496.1099874410836
23269,4,general,284,225.49711243310657
23270,2,general,792,631.868004640653
23271,2,general,412,322.435398764086
23272,3,general,163,189.87148525598315
23273,1,general,135,160.84812524155288
23275,4,general,243,225.7200006672982
23276,1,general,108,221.50783292678872
23277,3,general,513,470.89838770790755
23278,2,general,1481,2143.929192400768
23280,1,general,1756,2349.94008092531
23281,4,general,1414,1461.050095193228
23282,0,general,1350,1337.4258268397398
23284,3,infantry_light,319,303.27897833404853
23285,0,infantry_line,184,263.15036837227154
23286,2,infantry_line,316,303.09200271071956
23287,3,infantry_line,192,303.12978154578815
23288,3,infantry_line,392,387.3697532194872
23289,2,infantry_line,153,146.54239047884468
23290,4,infantry_line,517,481.12585405911756
23291,4,infantry_line,312,339.8486281695849
23292,4,infantry_line,1496,1705.3827031455708
23294,3,infantry_line,1453,1543.4118288059422
23295,0,infantry_militia,110,121.01920310509851
23297,2,infantry_skirmishers,516,443.3237081731957
23298,1,cavalry_light,306,372.05393931941853
23299,1,cavalry_light,410,436.13070153720196
23300,3,general,317,332.5763433025267
23301,2,cavalry_heavy,960,1114.73541631216
23302,4,cavalry_light,693,636.0692853361248
23303,1,cavalry_light,1028,1023.1319859938242
23304,0,cavalry_light,892,811.8520535955874
23305,0,general,797,979.1838528298064
23306,0,general,190,149.48466871712722
23308,4,general,110,104.78951943720426
23309,4,general,851,803.4055847920419
23311,2,general,791,583.3231950998495
23313,2,general,300,316.10799528589445
23314,2,general,964,1030.008635810767
23315,4,general,652,595.776351543638
23316,3,general,531,608.1987024527632
23317,4,general,514,490.7931485159666
23318,1,general,483,398.30655410306883
23319,2,infantry_irregulars,787,1104.523589397918
23320,3,infantry_light,965,916.4239342370291
23321,2,infantry_light,636,524.0893900361743
23323,0,infantry_line,245,205.36643365680996
23325,0,infantry_line,451,422.31258879223697
23327,0,infantry_militia,158,154.29786995097433
23328,1,infantry_militia,201,224.02585117179444
23329,1,infantry_militia,353,386.95365325266545
23330,4,infantry_skirmishers,801,753.8430921775392
23331,4,cavalry_heavy,852,879.8389105143847
23333,2,cavalry_light,448,494.63210326698027
23334,4,cavalry_light,1263,1204.273935270135
23336,2,cavalry_light,825,738.1377729932777
23337,0,cavalry_light,478,516.3237369417598
23338,2,cavalry_standard,1377,1250.3606653634529
23339,0,cavalry_standard,638,655.5943318448675
23340,3,general,680,489.108136501296
23341,2,general,498,475.0275750871268
23342,0,general,864,722.6570544017544
23343,0,general,362,395.1763530950855
23344,0,general,692,719.4278042342023
23345,2,general,1296,1167.7994090885388
23346,4,general,1197,1284.083815263688
23347,1,general,1162,1141.7077170394525
23348,2,general,465,340.1378749623489
23349,3,general,1325,1102.923875656405
23350,2,infantry_grenadiers,583,467.6013283949009
23351,2,infantry_light,788,581.4339641445351
23352,0,general,608,442.4766791823753
23353,1,general,495,377.6425393004971
23354,2,infantry_light,700,575.9785426901282
23356,2,cavalry_light,833,730.3111616529998
23357,1,general,871,706.4363383632597
23360,2,general,57,77.69913481172053
23361,2,general,452,391.578670032613
23362,4,general,194,186.3809617282956
23363,1,general,370,330.9509909762056
23364,4,general,321,275.87320636245136
23365,0,general,997,1121.2753943722537
23367,0,general,231,179.93230544267595
23368,0,general,114,118.51607141564523
23369,3,general,95,107.4233501651781
23370,2,general,306,331.73052940205827
23371,0,general,1768,2911.572912250149
23372,4,general,112,117.9678449753613
23373,3,general,995,1192.9106017191061
23375,1,general,728,662.1303686037774
23376,0,general,795,858.3215465746488
23377,2,general,433,386.26291853874517
23378,2,general,278,232.4922712506507
23379,3,infantry_irregulars,1579,1338.7318791148666
23380,1,infantry_light,487,494.83119717168273
23381,4,infantry_light,953,1049.6927826776728
23382,1,infantry_light,493,473.65100286193865
23383,1,infantry_line,187,194.0293774110867
23384,3,infantry_line,209,221.1658634298411
23385,2,infantry_line,298,314.0381771492274
23386,0,infantry_line,269,283.52741435395285
23388,3,infantry_line,150,155.2428064749198
23389,0,infantry_line,715,758.1166834863745
23390,1,infantry_line,538,562.4523355849003
23391,3,infantry_line,881,1016.017018677947
23392,3,infantry_line,387,385.62234277739924
23393,0,infantry_line,789,769.977496588986
23394,4,infantry_militia,152,133.28602310586803
23395,3,infantry_militia,211,213.84719086307442
23396,4,infantry_militia,267,194.14261048790803
23398,0,cavalry_light,900,815.7874306997979
23399,0,cavalry_light,525,581.2462984641409
23400,4,cavalry_light,993,1081.4515066304266
23401,0,cavalry_light,1138,1059.237911563509
23402,4,general,129,147.82597880610714
23403,1,general,840,926.1033307391182
23404,0,general,982,914.0347331532813
23405,4,general,164,138.2119537086273
23406,4,general,435,475.54797918684613
23408,0,general,946,883.8653519918056
23409,4,general,913,1005.2822267759087
23410,1,general,645,638.0928211232564
23411,1,general,1236,1535.626579921921
23414,4,infantry_line,212,253.42515749207973
23415,0,infantry_line,943,1042.5948283431542
23416,4,infantry_line,831,890.5268744614752
23418,2,general,331,284.9909403880827
23421,2,general,70,113.47396352906347
23422,1,general,217,248.12228429407259
23423,3,general,486,484.46652810347126
23424,3,infantry_light,747,803.3631659597074
23426,0,infantry_line,289,368.22929763510075
23427,0,infantry_line,699,662.8504658127332
23428,1,infantry_line,172,212.53824662877568
23429,3,infantry_line,232,242.73534484484725
23430,2,infantry_line,535,545.4220973958594
23432,3,cavalry_lancers,597,613.3302725340022
23433,2,general,186,201.17258702667516
23434,2,general,226,209.33299497837046
23435,2,general,405,327.96523903586666
23436,4,general,399,337.47814807812335
23437,4,general,468,410.6899196412191
23438,4,infantry_light,445,411.3326026533274
23439,4,infantry_line,355,341.75339456906806
23441,0,infantry_line,316,345.14609559181605
23443,3,infantry_skirmishers,233,189.92520360448097
23444,0,infantry_skirmishers,245,278.8524268244777
23445,3,artillery_foot,242,245.14579316740014
23446,4,cavalry_heavy,784,929.1290238933602
23447,0,cavalry_heavy,867,999.6054904180485
23448,0,cavalry_heavy,1874,1843.6475362254666
23449,3,cavalry_heavy,1349,1124.156715078528
23450,3,cavalry_heavy,1349,1124.156715078528
23451,4,cavalry_light,267,342.674312948125
23452,1,cavalry_light,859,803.000900021249
23453,4,cavalry_light,710,725.6283018001417
23455,3,cavalry_standard,719,778.5313310399852
23456,2,cavalry_standard,588,540.6585534102537
23457,1,cavalry_standard,536,613.0309131953101
23458,0,cavalry_standard,685,736.1378133719933
23459,0,general,799,732.9373390505842
23460,1,general,1614,1586.015883768814
23461,2,general,757,865.1422137782309
23462,1,general,507,545.6302535088478
23463,2,general,821,865.9452376999766
23464,4,general,522,471.84125704724636
23465,1,general,415,394.338539951416
23466,4,general,317,374.31338944048997
23467,3,general,173,235.82715625659264
23468,3,general,361,365.3496777686256
23469,1,general,899,992.6098166238783
23471,1,general,583,575.2588142452796
23472,3,general,169,194.04329494735003
23474,3,general,683,708.1383014089058
23475,0,general,575,624.5535183872965
23476,1,general,1223,1651.9162929108957
23477,4,general,1598,2249.205111644456
23478,2,general,1003,954.7376317704187
23480,3,infantry_light,569,665.1025186295043
23481,2,infantry_light,1492,1624.4544977373273
23482,4,infantry_light,1288,1572.3729601046086
23483,2,infantry_line,354,343.8496948266322
23484,2,infantry_line,491,536.84084613708
23485,4,infantry_line,433,484.8588631759278
23487,0,infantry_line,854,743.8799466028552
23489,2,cavalry_heavy,1323,1301.7706384409723
23490,4,cavalry_light,395,419.62146094535603
23491,1,general,1169,1083.1146303472524
23492,2,general,244,251.72537481347243
23493,0,cavalry_lancers,911,995.8686852228842
23494,3,cavalry_light,877,796.1381083869736
23495,0,cavalry_light,816,770.5977660407364
23497,4,general,630,589.272386471799
23498,2,general,435,394.1358222095477
23499,0,general,117,122.99503974908139
23500,3,general,294,219.59599653269754
23501,3,general,834,772.9048807473246
23502,3,general,315,166.23174369719993
23503,1,general,514,446.07686915435454
23504,0,general,799,842.7711634091357
23505,4,general,1041,1157.5514386677764
23506,3,general,944,996.4937583640454
23507,2,general,494,490.15978660013496
23508,3,infantry_irregulars,396,261.6997541829881
23510,3,infantry_light,852,889.0605312761435
23512,3,infantry_line,356,316.0361493087543
23513,2,infantry_militia,202,203.66507819254693
23514,2,infantry_skirmishers,500,480.51798313922706
23515,2,cavalry_light,721,660.7035768458964
23516,1,general,587,523.4325373338046
23517,1,general,511,628.7480883286947
23518,3,general,599,1195.5542161195388
23522,1,infantry_irregulars,842,1408.1715634327138
23523,4,artillery_foot,797,740.3267211634264
23524,3,artillery_foot,379,342.0734235380884
23525,3,artillery_foot,379,342.0734235380884
23527,3,artillery_foot,379,342.0734235380884
23530,0,artillery_foot,717,714.7517910083607
23532,3,artillery_foot,756,595.0241161892246
23533,3,artillery_foot,599,593.9307763002427
23539,3,general,228,229.65513526998734
23541,1,general,654,579.9866930226033
23542,3,general,228,229.65513526998734
23543,2,general,601,597.9572008817252
23544,0,general,488,504.0697868759862
23545,3,general,228,229.65513526998734
23546,4,general,1,1.0
23547,4,general,816,701.1337942557612
23548,4,general,1,1.0
23549,1,infantry_grenadiers,534,530.3893519982812
23550,4,infantry_grenadiers,437,394.3499214143426
23551,4,infantry_grenadiers,437,394.3499214143426
23552,3,artillery_horse,1433,1477.5642466519832
23553,4,cavalry_light,1685,1612.1006362580317
23554,1,cavalry_light,962,1018.1991506472383
23555,1,cavalry_light,1308,1312.7878069791057
23556,1,general,1164,1216.155391790651
23557,2,general,613,616.0726464489975
23560,4,general,597,565.7405698861189
23561,1,general,741,682.9638606526883
23562,4,general,788,724.0601694873944
23563,2,general,1456,1414.338403283802
23565,3,general,1050,1085.553080717587
23566,2,general,610,617.2818943495657
23567,3,general,1628,1821.1867354212459
23569,1,infantry_irregulars,797,904.3181823545547
23570,1,infantry_irregulars,357,353.66900769524176
23571,1,infantry_light,554,576.8858564974419
23572,1,infantry_light,492,509.5201238730354
23573,0,infantry_light,827,782.6884375872052
23574,3,infantry_light,481,537.6227309120578
23575,2,infantry_light,761,715.5671992903483
23577,0,infantry_skirmishers,262,224.46453048452415
23580,0,artillery_horse,704,655.8569942617886
23581,0,cavalry_lancers,775,805.1028486622442
23583,1,general,676,635.9435229492865
23584,2,general,189,133.2754838241213
23585,2,general,867,918.718110921635
23586,0,general,974,1071.0240989811232
23587,2,general,529,555.6816957942708
23588,2,general,739,616.0821743639136
23589,0,general,1627,1948.0732684279556
23591,4,infantry_light,599,676.9894735015021
23592,0,infantry_light,1336,1272.592524090175
23593,4,infantry_line,295,237.03651651906807
23594,3,infantry_line,738,632.4899077019757
23595,2,infantry_line,911,853.3071848880686
23597,1,artillery_horse,726,676.0986609569231
23598,1,cavalry_light,1792,1758.019108749334
23599,0,cavalry_light,1260,1256.950380442704
23600,1,general,1325,1424.9535107085596
23601,2,general,1610,1588.345090811165
23602,1,general,1835,1948.7692866800496
23603,2,artillery_foot,824,807.7078150450958
23604,4,cavalry_standard,1779,1647.364080654174
23605,4,general,1717,1667.110857170058
23606,0,general,283,254.92019714819867
23607,1,general,364,331.537133396206
23608,4,general,1948,1953.1219730156386
23610,2,general,1623,1881.1979476245083
23611,1,general,613,584.2137477317212
23612,2,general,1028,934.9736450220439
23614,2,general,1072,990.2074948626891
23615,4,infantry_light,402,390.27138723455613
23616,1,infantry_light,738,766.2915504772676
23617,1,infantry_line,365,387.26109342717723
23618,4,infantry_line,1095,996.4598839348444
23620,1,infantry_line,1422,1408.5615019720158
23621,1,infantry_skirmishers,182,194.72624219458442
23622,3,general,545,438.90589041301126
23623,4,general,254,275.63610410936946
23624,0,general,610,528.30171413791
23625,4,general,505,476.72518567819856
23626,3,general,468,407.21016991236786
23627,3,general,1003,1382.6015399041737
23629,0,general,1423,1482.3983759571652
23632,2,general,921,1111.7887562974613
23634,3,infantry_line,447,449.41570934340507
23636,2,infantry_line,624,565.9948926150163
23638,1,infantry_line,1307,1274.7364914073225
23639,1,infantry_line,1133,997.6825660104001
23640,3,infantry_line,1015,1119.4002158319947
23641,4,infantry_line,1321,1309.6184912424387
23642,4,infantry_skirmishers,189,175.8467104922926
23643,4,infantry_skirmishers,189,175.8467104922926
23644,4,infantry_skirmishers,189,175.8467104922926
23645,1,general,889,945.9561538056489
23646,0,general,1321,1759.2818896676395
23647,0,general,1038,1159.1602193368456
23648,3,infantry_line,711,672.9274407296778
23649,4,infantry_line,1131,1171.2648519126103
23650,0,cavalry_light,2219,2147.0423175699184
23651,4,cavalry_standard,1029,1008.8480615153776
23652,2,general,227,254.93720117471344
23653,4,general,548,638.6079986704324
23654,0,general,998,956.3791557154623
23655,1,general,1008,1008.958411734409
23657,2,general,339,389.45820850039803
23658,2,infantry_light,789,785.1851255400354
23659,0,infantry_line,313,350.3150238036918
23661,2,general,842,900.8485913776783
23662,2,general,546,475.99213004199686
23664,0,general,753,648.1611809693179
23667,2,infantry_light,578,657.9216704269669
23668,0,infantry_light,661,611.4447925597009
23670,2,infantry_skirmishers,300,304.6961380374017
23671,1,infantry_skirmishers,182,194.72624219458442
23672,3,general,322,237.93243160207143
23677,4,infantry_line,695,600.992651065214
23678,1,artillery_foot,400,406.9834746996786
23679,2,general,75,80.0017405241135
23680,0,general,27,99.22544307422456
23681,4,general,88,85.27047499977512
23682,1,general,114,114.98366869709943
23683,1,infantry_line,194,152.90631423658257
23685,4,infantry_militia,130,120.01478952698332
23687,3,artillery_foot,455,424.41848609182944
23688,2,general,434,340.62217219840085
23689,0,cavalry_light,762,791.9415154164847
23691,0,general,1106,1023.7414656474266
23692,4,general,657,627.8881018499734
23694,4,general,914,768.0230094082152
23695,0,general,1540,1405.6074182658356
23697,4,general,1473,1382.0897412736635
23698,2,general,1615,1612.6677288184303
23699,0,infantry_grenadiers,1215,1199.1584006240082
23702,2,infantry_grenadiers,1398,1365.3560655253716
23703,2,cavalry_heavy,1614,1590.6582211275156
23704,4,general,1514,1365.7644062921383
23705,4,general,268,307.20068608306275
23706,0,general,448,381.5256214445908
23707,4,general,147,200.50572644836575
23709,2,infantry_line,349,370.5078219838468
23710,0,infantry_line,234,309.40425536030006
23711,3,infantry_line,1120,1025.5712534075599
23712,4,infantry_skirmishers,189,175.8467104922926
23713,4,general,147,200.50572644836575
23714,4,general,147,200.50572644836575
23716,0,general,1089,980.2057272393729
23717,0,infantry_line,234,309.40425536030006
23719,3,infantry_line,749,659.0099294670034
23720,0,cavalry_lancers,646,690.5648172991469
23721,0,cavalry_light,801,878.416697207414
23722,3,cavalry_light,1658,1564.049586409671
23723,1,general,658,693.0890942341917
23724,2,general,1421,1237.4021845855934
23727,0,artillery_foot,1645,1706.4555738947274
23728,2,artillery_foot,801,829.1233205382896
23729,2,artillery_foot,801,829.1233205382896
23730,2,artillery_foot,824,807.7078150450958
23731,2,artillery_foot,824,807.7078150450958
23732,2,artillery_foot,824,807.7078150450958
23733,3,artillery_horse,1445,1490.5341019715781
23734,0,general,469,470.034652058596
23735,3,general,266,267.59469451939594
23736,1,general,958,946.5323776320187
23737,1,general,923,915.6851684995735
23738,0,general,469,470.034652058596
23739,3,general,1536,1578.8010681371616
23740,4,general,448,431.20255434804704
23741,2,infantry_grenadiers,523,600.1291028260579
23742,2,infantry_grenadiers,523,600.1291028260579
23743,2,infantry_grenadiers,523,600.1291028260579
23744,2,cavalry_heavy,1462,1503.0739458184066
23745,2,general,326,298.0517045977636
23747,2,general,816,1006.7718220828883
23748,3,infantry_grenadiers,564,540.4776297794758
23749,1,infantry_line,377,342.2280182046292
23750,3,infantry_line,682,659.1895733192953
23752,0,artillery_foot,715,705.8731916454677
23753,3,artillery_horse,418,408.07837992395866
23754,3,general,188,170.75048376862424
23755,4,general,791,725.9930329948461
23756,3,infantry_line,278,259.4347847950807
23757,3,infantry_line,842,766.9983598836702
23759,3,cavalry_heavy,1023,1012.3513613746733
23760,1,cavalry_lancers,585,469.82808594888695
23761,3,general,1078,984.3576913077637
23762,0,general,841,786.9398180761477
23763,0,infantry_grenadiers,786,775.8985477551405
23764,1,cavalry_lancers,577,458.7674814190864
23765,2,general,607,429.1678640712205
23766,4,infantry_grenadiers,429,362.21455113003015
23767,0,artillery_fixed,1392,11282.875545775682
23768,1,cavalry_light,413,438.2591596374183
23769,0,cavalry_light,489,488.19549644777555
23770,2,general,438,443.7482963755936
23773,2,infantry_skirmishers,199,201.20968776027905
23774,4,artillery_foot,486,415.7740302001968
23776,3,general,556,956.019240719977
23777,4,infantry_irregulars,585,347.0092239377382
23779,3,infantry_militia,211,163.0639897355454
23780,4,artillery_foot,330,223.88263329654333
23781,0,cavalry_heavy,938,876.8288537000712
23782,4,cavalry_light,350,358.46669561745273
23783,2,general,181,169.65234781844813
23784,0,general,802,734.5040712012596
23787,1,infantry_line,253,221.90163522308083
23788,2,artillery_horse,401,392.36676816648657
23789,4,cavalry_lancers,318,375.25372419078457
23790,3,cavalry_light,836,810.9849884270856
23791,3,general,190,268.93368633126505
23792,4,general,176,319.04497881157107
23793,1,general,102,132.0808705548156
23794,0,general,85,117.1512522854265
23795,1,general,248,231.41404403081373
23796,4,general,40,74.74154276667718
23797,1,infantry_light,362,309.2996011230354
23799,0,infantry_line,180,209.82820934858123
23800,1,infantry_militia,102,79.44397094352577
23801,3,infantry_militia,139,103.71770822064902
23802,0,cavalry_lancers,183,229.95778026371505
23804,3,general,185,164.62823132273047
23805,2,infantry_line,287,270.62625624677105
23806,0,cavalry_lancers,295,298.7097620010028
23807,3,general,187,162.49177409917849
23809,4,infantry_militia,276,208.516245148133
23810,1,infantry_militia,146,117.55824448562245
23811,1,infantry_militia,116,109.052466872807
23812,0,cavalry_lancers,316,368.1582794357761
23814,1,general,152,139.07569177352
23815,3,infantry_irregulars,465,470.93286908411994
23817,4,infantry_skirmishers,579,524.8774634972879
23818,1,artillery_foot,1028,619.3525738411573
23819,1,cavalry_lancers,540,433.7973540985633
23820,2,cavalry_light,668,669.9619063179726
23821,4,general,384,331.6597868521422
23822,1,general,548,528.5233719517954
23823,0,infantry_skirmishers,529,465.6382912154597
23824,0,infantry_irregulars,455,548.0475374835817
23828,0,artillery_foot,824,838.2431272816156
23829,2,cavalry_lancers,305,358.7496592546488
23830,4,cavalry_missile,512,494.5990593689742
23832,2,infantry_line,124,180.0211522159611
23833,2,infantry_line,241,243.01349582062048
23834,2,infantry_militia,182,241.0818880383793
23835,2,infantry_skirmishers,224,224.4734433157537
23836,4,cavalry_heavy,1785,1902.348018706198
23838,3,cavalry_lancers,592,484.0804536580586
23839,3,general,680,592.9126191746301
23840,4,general,753,807.5905326821529
23841,1,cavalry_missile,611,661.1246902385586
23842,4,infantry_skirmishers,484,487.66884304399605
23843,0,cavalry_light,694,482.0274628053205
23846,1,artillery_foot,1573,1629.8584504661842
23847,1,artillery_foot,368,348.41501529253213
23848,0,general,67,68.32017354878396
23849,4,general,312,310.85144379368825
23852,0,cavalry_light,659,647.8408154612973
23853,4,cavalry_missile,538,603.6080852101134
23854,0,general,502,526.5702716738825
23855,0,general,565,436.301196860736
23856,0,infantry_light,622,487.18169411863727
23857,1,cavalry_lancers,1407,1591.3425579675688
23858,4,general,1249,1303.7278908210212
23859,4,infantry_skirmishers,361,332.8137428712336
23860,0,general,678,652.2470428824207
23861,1,general,1525,1497.0593561562862
23862,2,general,506,409.64731093629746
23863,1,general,1251,1170.7029179005965
23865,2,infantry_line,614,611.5770100371616
23866,2,cavalry_heavy,1047,978.410886429752
23868,3,general,197,238.96618759923504
23869,2,general,374,431.77046018337285
23872,3,general,475,436.83784448517645
23873,1,infantry_irregulars,489,293.01872385656213
23874,3,infantry_light,483,544.2597897782398
23875,1,infantry_line,210,320.20352385487126
23876,4,infantry_line,423,431.1942049292582
23877,3,cavalry_heavy,3060,3014.7096918994343
23878,2,general,154,219.30512011860523
23879,1,general,2686,2747.0050066365498
23881,0,cavalry_lancers,675,629.2883406867558
23882,3,general,529,471.7673231011673
23883,2,general,194,147.49994708825034
23884,4,infantry_militia,149,166.87116978324966
23885,0,infantry_militia,109,139.05536298560412
23886,4,cavalry_lancers,530,535.1887105116
23887,2,cavalry_light,720,813.9269147512766
23888,4,general,814,697.5894239971321
23889,0,general,570,500.7247399370382
23890,4,general,1086,947.2944419606745
23891,1,infantry_line,741,584.0282789334985
23892,3,general,285,266.14315954750265
23895,3,general,1381,1557.7328851969157
23897,4,infantry_line,1794,2134.6082654523157
23898,3,artillery_foot,60,66.5091808731715
23899,4,artillery_foot,618,566.2277902364245
23901,4,artillery_horse,391,344.6447159542306
23902,3,artillery_horse,86,98.51548926032602
23903,0,general,87,87.82277203012647
23904,0,general,87,87.82277203012647
23905,3,general,195,182.4387584122242
23906,4,general,401,401.26377465297503
23907,3,general,29,188.50411054096176
23908,1,infantry_skirmishers,362,431.2109195803372
23909,2,cavalry_light,724,723.9740012689198
23910,1,cavalry_light,468,440.17511301517527
23911,0,cavalry_light,692,816.9740864983163
23912,4,general,192,177.3543867973973
23913,1,general,665,656.996404485915
23915,1,general,327,296.4466031892782
23916,2,general,640,682.4417760741989
23918,2,general,321,284.8997442458688
23919,4,general,435,426.2478282211693
23920,2,infantry_light,177,178.7829249885659
23921,2,infantry_light,378,364.7056780473708
23923,0,infantry_light,412,397.7273023874906
23924,0,infantry_line,709,779.7784624589691
23925,2,infantry_line,464,523.7308709971873
23928,1,infantry_skirmishers,162,167.85730033222643
23929,0,cavalry_light,756,757.69588228463
23930,3,cavalry_standard,805,804.0511268177682
23931,4,general,650,643.555132482185
23932,4,general,635,623.8578214086325
23933,0,general,75,89.94825537003773
23935,2,general,153,136.07927835352297
23936,1,general,420,437.8037855733785
23937,4,general,345,344.37156468314333
23938,0,general,579,580.2479594485077
23940,1,infantry_light,195,205.3054054323369
23941,0,infantry_light,357,348.6584626994212
23942,2,infantry_line,226,202.23379844070206
23943,4,infantry_line,145,175.77367399378366
23944,2,infantry_line,178,165.06251969748723
23945,4,infantry_line,544,654.2910781841775
23946,1,infantry_line,633,649.3292581362306
23947,1,infantry_line,485,509.6705271907537
23949,3,infantry_skirmishers,143,139.5997523007474
23950,2,cavalry_light,890,983.8745830064613
23951,2,cavalry_light,632,598.4215966692498
23952,0,cavalry_light,425,398.6607399864134
23953,0,general,821,848.7018522506755
23954,1,general,525,460.18734719578816
23956,3,general,124,127.50171258955221
23957,3,general,91,104.08077205504242
23958,4,general,93,110.71666994448113
23959,1,general,124,136.14534642229816
23960,0,general,474,448.3373287267614
23961,0,general,391,330.3489133692965
23962,0,infantry_line,168,159.14063836966298
23963,0,infantry_line,222,236.59754561769563
23966,2,infantry_line,417,443.956788349492
23968,3,general,90,102.36606423692065
23969,4,general,130,130.3217354197137
23971,1,infantry_line,190,191.17664212932203
23972,4,cavalry_light,848,949.1514665965668
23973,0,cavalry_light,502,465.6178417605496
23974,1,general,780,882.9929741104946
23975,4,general,331,277.8904639622102
23976,3,general,364,339.77284641512244
23977,1,general,433,403.38482459014284
23978,1,infantry_light,223,232.01515040356026
23979,3,infantry_light,537,495.34301136687867
23980,4,artillery_horse,1083,1084.0557530555645
23982,2,cavalry_light,838,769.3236502623992
23983,1,cavalry_light,772,685.4951979917561
23984,4,cavalry_light,622,507.6224301298466
23985,0,cavalry_standard,579,610.6624046989368
23986,1,cavalry_standard,708,689.7167441484755
23987,3,general,599,546.2714061867322
23988,4,general,721,683.7774965469721
23990,2,general,1073,1003.0245206111508
23991,3,general,111,142.5387119305738
23992,0,general,540,560.0460957948114
23994,4,general,1686,1838.8148596873873
23995,1,general,676,589.4290658123521
23996,4,general,519,410.5486310511636
23998,2,infantry_light,182,199.53759192892906
23999,3,infantry_line,232,208.64392945921531
24000,1,general,318,260.71713216292915
24001,1,general,306,279.0669083424513
24002,2,general,407,370.060618086539
24003,3,general,19,61.827181473440504
24004,3,general,305,250.99725095831815
24006,2,general,859,901.2901754983562
24007,2,infantry_light,409,408.1000877494836
24009,4,infantry_light,685,696.4374194217609
24010,2,infantry_line,378,382.2144763151778
24011,0,infantry_line,273,266.7936770582083
24012,0,infantry_line,413,391.4330868702071
24013,4,infantry_militia,113,127.83329295913661
24014,2,infantry_skirmishers,276,240.61343594117312
24015,3,infantry_skirmishers,143,139.5997523007474
24016,3,artillery_horse,892,946.1933036892311
24017,3,cavalry_light,821,768.4849599005006
24018,4,cavalry_light,400,368.3418525713338
24020,3,general,103,120.31284828200971
24021,0,general,698,666.0165143265186
24022,3,general,495,434.6925455775285
24023,3,general,214,190.24461387058494
24024,3,general,887,873.7129298982406
24025,2,general,416,385.0298412349459
24026,1,general,462,426.5485178276194
24027,2,infantry_line,318,310.04144668333595
24029,1,infantry_line,398,374.39994454132847
24030,4,infantry_line,521,523.9849679560052
24032,0,artillery_foot,607,637.6201126548813
24033,0,general,178,172.8929132191732
24034,0,general,182,166.1544099327167
24035,4,general,517,484.17605631481047
24036,3,general,161,137.55542603003138
24037,3,general,452,421.4272024600038
24038,2,infantry_line,239,241.86217307656418
24039,3,infantry_line,264,233.93758597862524
24040,0,infantry_line,279,271.6118928430114
24041,1,infantry_line,425,423.2144607610471
24042,4,general,88,100.44686782451241
24043,2,general,120,131.79335643254097
24044,4,general,31,83.61453400516307
24045,4,general,39,93.93457003448458
24046,4,infantry_line,219,225.83347515417532
24047,4,infantry_line,120,158.5011746218156
24048,3,infantry_line,157,149.5903144430554
24049,4,infantry_line,128,167.6450254645638
24053,2,cavalry_light,741,647.2130886796714
24054,2,general,415,427.11142510605345
24055,1,general,16,68.28601971497226
24056,3,general,87,99.7813313755626
24057,3,general,211,224.5095351409743
24058,2,general,636,769.8403207516627
24059,4,general,588,492.83673480736644
24060,4,general,583,652.1727457934029
24061,1,general,330,308.4385220171262
24062,1,infantry_light,309,309.49809477877625
24063,0,infantry_light,354,390.31962098300596
24064,2,infantry_light,446,472.5410470351589
24065,1,infantry_light,504,512.3683905572088
24066,4,infantry_line,193,186.05624718716766
24067,1,infantry_line,345,336.04272382501773
24068,4,infantry_militia,111,131.55611927022423
24069,1,infantry_skirmishers,162,167.85730033222643
24071,3,cavalry_light,842,1085.806653578001
24072,1,general,200,160.03480137280712
24074,1,general,695,671.7865938901809
24075,0,general,763,1009.8921297735808
24076,4,general,244,215.77786944020247
24077,4,general,505,516.76933954701
24078,1,general,178,165.6392194777763
24079,0,general,376,353.40345325662753
24082,4,infantry_light,493,460.6766460847709
24083,0,infantry_line,188,172.20712125911285
24085,3,infantry_line,253,229.70256772744108
24086,2,infantry_line,322,295.47690228490234
24087,3,infantry_line,485,526.3518987133492
24090,1,general,129,130.6249569021508
24091,1,general,481,417.2778437850957
24092,1,general,735,650.906304954396
24093,4,general,85,99.48076587487013
24094,1,infantry_line,188,179.07260598471723
24095,2,infantry_line,228,226.9877419761813
24096,3,general,104,115.51554162828445
24097,1,general,485,462.0653057824434
24098,0,infantry_line,203,197.4937517244104
24099,2,infantry_line,457,462.1259199792787
24100,4,cavalry_heavy,1891,1936.4529769162195
24101,4,cavalry_heavy,1930,1967.872450784592
24102,3,cavalry_heavy,1259,1290.397360729545
24105,2,general,1056,1062.7455437624012
24106,4,general,702,666.8308915160312
24107,3,general,1693,1682.601469794008
24108,0,general,1924,1927.5805219952467
24109,0,general,731,731.1382619077312
24110,2,general,802,761.1356913396153
24111,1,general,879,880.2993637158306
24112,0,infantry_grenadiers,629,643.4492927003629
24114,4,infantry_grenadiers,924,920.6116267122152
24115,2,infantry_grenadiers,720,786.1809208776368
24116,2,cavalry_heavy,1546,1533.3488894959112
24117,1,cavalry_heavy,1734,1740.067764341009
24118,4,cavalry_heavy,1430,1375.5800585900279
24119,3,cavalry_heavy,1303,1341.2670566125787
24120,4,cavalry_lancers,560,564.7494205645268
24121,1,cavalry_light,709,817.9597396943554
24123,2,general,312,296.6547490336575
24124,3,general,1148,1188.0307907683657
24125,1,general,1824,1825.8707137610174
24126,0,general,463,424.7794202540144
24127,4,general,522,505.0330623597383
24128,2,general,766,902.5072727402621
24129,0,general,1209,1130.225013285325
24130,4,general,619,611.1519060632759
24131,1,general,349,359.56177101635103
24132,3,general,641,789.0556296441102
24133,4,general,953,893.3345961011726
24134,2,general,929,913.932961973867
24135,0,infantry_grenadiers,649,656.8302564021519
24136,0,infantry_grenadiers,499,517.891896454427
24137,4,infantry_grenadiers,991,982.0758124452549
24138,2,infantry_grenadiers,759,797.297156149504
24139,2,infantry_light,281,334.89951540151674
24140,3,infantry_light,419,415.88909570147894
24141,4,cavalry_light,717,804.5249452470224
24142,3,cavalry_light,314,314.8568514057648
24143,4,cavalry_standard,617,632.6363288905685
24144,0,general,120,86.73937739711141
24145,4,general,516,496.6344718814728
24146,3,general,590,669.6682860311645
24147,0,general,723,694.9559062551137
24148,0,general,229,234.7025877280672
24150,4,general,838,830.4020897480501
24152,0,general,329,281.907891359333
24153,0,infantry_grenadiers,649,656.8302564021519
24154,4,infantry_grenadiers,991,982.0758124452549
24155,2,infantry_grenadiers,759,797.297156149504
24156,0,infantry_irregulars,171,128.55121457165404
24157,2,infantry_line,584,576.9757172751326
24160,4,general,814,875.5528462849804
24161,2,general,648,535.7028695369061
24162,0,general,865,825.148026679402
24164,1,infantry_grenadiers,772,696.0247391466585
24165,2,infantry_grenadiers,989,1030.0610348394612
24166,3,general,493,484.95290333521024
24168,2,infantry_line,564,592.2854008671206
24169,1,infantry_line,355,365.0875223033004
24171,0,general,132,125.95929197291126
24172,2,infantry_light,268,266.3570758719764
24173,4,infantry_line,196,197.06309716847153
24174,1,infantry_skirmishers,349,324.6846372486957
24176,0,infantry_line,134,120.04818351308046
24177,1,infantry_line,185,173.75133207743553
24178,2,general,134,139.83392419213823
24180,0,infantry_line,232,256.6731409278484
24181,4,cavalry_light,480,482.7971406884035
24182,1,general,365,359.53353603953894
24183,2,artillery_foot,1234,1138.9720857045506
24184,2,artillery_foot,1234,1138.9720857045506
24186,1,artillery_foot,618,603.0375956966463
24187,1,artillery_foot,618,603.0375956966463
24189,2,artillery_foot,496,503.8559505105339
24190,2,artillery_foot,496,503.8559505105339
24191,1,artillery_horse,1086,1019.7024471384859
24192,1,artillery_horse,1086,1019.7024471384859
24193,3,general,527,542.6065624765463
24194,4,general,1132,1158.1802078941305
24195,1,general,351,352.2051126877748
24197,2,general,563,516.9500834691414
24199,1,general,199,201.40878910150656
24200,2,infantry_grenadiers,389,462.8562597534891
24201,2,infantry_grenadiers,389,462.8562597534891
24205,4,cavalry_light,1913,2012.9484995980267
24206,0,cavalry_light,1663,1519.3224006649555
24210,0,general,1664,1482.6676686352473
24211,4,general,702,659.3730813904589
24213,1,general,1160,1207.23004733431
24214,1,general,950,928.1590025657839
24215,2,infantry_grenadiers,744,741.1367528077993
24216,3,infantry_grenadiers,989,1037.8634541422703
24219,2,infantry_grenadiers,774,819.6529309535289
24220,0,infantry_line,240,238.9967973796814
24221,2,infantry_line,511,562.3836431945234
24222,0,infantry_militia,270,280.77647330617776
24224,4,infantry_militia,305,303.70644656515856
24225,2,infantry_skirmishers,238,296.67192732776556
24227,4,cavalry_lancers,407,411.44744795079885
24228,1,cavalry_light,460,521.2608493697882
24229,2,general,208,170.4669949521622
24230,0,general,432,482.3240694260238
24231,2,general,79,87.35707162303349
24232,0,general,525,517.955593045255
24233,1,general,484,486.5933396861895
24234,1,infantry_line,157,137.57482516017365
24235,3,infantry_line,639,696.3010920631506
24236,0,infantry_line,465,506.7892932127995
24237,4,infantry_line,405,441.089198631615
24238,2,infantry_militia,185,175.73249804714132
24239,2,infantry_militia,333,317.94292236770184
24240,1,infantry_skirmishers,218,164.28903863404253
24241,2,infantry_skirmishers,238,296.67192732776556
24243,1,cavalry_light,1364,1378.0889378274105
24244,2,general,228,219.66517027336192
24246,4,general,231,231.83242533500754
24248,3,infantry_grenadiers,603,605.048902164024
24249,0,infantry_line,286,293.3627488791518
24251,2,infantry_line,300,322.0001253224054
24252,0,infantry_militia,265,270.2489979684524
24253,1,infantry_skirmishers,220,216.75136763955416
24256,3,general,455,416.8725149560357
24257,3,general,131,126.74330419322139
24258,4,general,211,186.79569352498123
24259,3,infantry_line,372,374.6586431302652
24260,4,infantry_line,217,217.01936762340378
24261,4,infantry_militia,182,174.738271082154
24262,3,infantry_skirmishers,223,209.1800243383345
24263,1,cavalry_light,909,877.3420179876067
24264,0,cavalry_standard,1378,1374.8434703751152
24265,3,cavalry_standard,1289,1251.8816853905996
24266,4,cavalry_standard,701,717.8520538168247
24270,3,general,792,812.7118255226591
24271,2,general,404,327.0695990097863
24272,1,general,596,586.6263588082397
24274,1,general,1297,1371.9388007912394
24275,3,general,978,1150.567905069276
24277,2,infantry_militia,322,294.2857426235622
24279,1,infantry_skirmishers,242,234.47358063973823
24280,4,cavalry_lancers,828,770.7212530550394
24281,4,cavalry_light,409,438.2748293241386
24283,0,general,876,827.71409243163
24284,4,general,359,348.6332522789993
24285,4,infantry_line,269,278.78626637313636
24288,1,infantry_militia,251,233.20480908302787
24289,2,cavalry_lancers,703,678.3405867950577
24290,2,cavalry_lancers,393,459.77983624054747
24292,3,general,547,481.28508037430487
24293,3,artillery_horse,918,942.7634651619288
24294,4,cavalry_standard,1510,1456.5494362789127
24295,4,cavalry_standard,819,877.2186828782641
24297,4,general,1432,1517.9725381767566
24298,4,infantry_line,228,212.2906035640605
24299,0,infantry_skirmishers,487,467.17493647343883
24301,3,cavalry_lancers,455,478.3750534025624
24302,3,cavalry_lancers,364,392.03821461795536
24304,4,cavalry_lancers,426,444.3933775215155
24307,1,cavalry_light,1087,1081.8521054516962
24308,0,general,412,391.4366118436374
24309,4,general,735,668.874500318012
24311,3,artillery_horse,918,942.7634651619288
24313,1,cavalry_light,680,638.6237622419887
24314,1,general,701,642.2628868423673
24316,2,cavalry_lancers,736,713.8181500831533
24318,2,general,294,153.84278514987466
24319,1,general,126,128.42433936978176
24322,3,general,260,237.3730611334914
24323,2,infantry_light,373,321.2428489193498
24324,4,infantry_line,226,219.34661755010606
24325,3,infantry_line,359,325.6686418539196
24326,0,infantry_line,261,270.5482909703066
24330,1,cavalry_lancers,430,457.0292772886889
24331,0,general,223,183.30958919996246
24332,0,general,138,135.60685107600435
24334,4,general,372,324.33351345903577
24336,2,infantry_line,203,209.13482329618105
24339,1,infantry_militia,193,200.749775430729
24340,4,infantry_skirmishers,332,359.12321411276133
24341,1,general,736,645.5212698153331
24343,1,infantry_grenadiers,776,741.4543124480152
24344,1,infantry_line,427,425.9323829760008
24345,4,cavalry_heavy,1418,1355.1694410499983
24346,2,cavalry_lancers,1122,1080.7801708844659
24347,3,cavalry_light,584,567.6621109225698
24348,4,general,1409,1330.2552099221866
24349,3,general,127,147.98285259714598
24350,1,general,154,177.5722679101922
24351,4,general,183,162.81577613172288
24352,2,infantry_line,134,201.50060320383423
24354,3,infantry_line,293,294.86632780660875
24355,1,infantry_line,161,213.11192215425478
24356,0,general,37,79.44723097133503
24357,1,infantry_militia,120,149.05253156657554
24358,2,infantry_militia,141,147.01964337401003
24359,1,infantry_militia,138,155.27758968628453
24360,4,infantry_militia,94,132.39890993014725
24362,3,cavalry_light,746,703.3178339057553
24363,0,general,634,593.1361324086876
24364,3,general,197,169.80050733189603
24365,2,general,303,298.8934675932897
24366,0,general,284,260.3260330403296
24367,3,general,554,506.1113517837932
24368,2,general,872,642.0074759619832
24370,4,infantry_line,216,191.61623050572493
24371,0,infantry_line,396,402.71330789774197
24372,1,infantry_line,984,864.8309725854341
24373,0,infantry_line,610,588.3126006627901
24377,1,general,363,317.86745902489474
24378,0,general,747,662.1809894006882
24379,0,general,304,265.6680715812977
24380,0,general,204,223.4748966462787
24381,4,infantry_line,341,317.6663546426143
24383,2,infantry_line,189,192.57853421177236
24386,3,infantry_militia,265,239.2011916466297
24387,0,infantry_skirmishers,258,245.77103402701115
24388,1,general,290,304.5568896056655
24389,2,general,345,354.24656296635015
24390,4,infantry_line,201,204.30632890795906
24393,1,infantry_skirmishers,322,261.6962852586646
24394,1,general,197,195.43971218962824
24395,4,infantry_line,304,319.150502753908
24397,0,infantry_line,507,518.0304950150826
24400,2,cavalry_heavy,768,830.2619160749514
24401,1,cavalry_heavy,1017,990.787133759522
24402,1,cavalry_heavy,749,823.2598614104244
24403,1,general,780,783.7695509847072
24404,3,general,879,822.8883428835942
24405,3,cavalry_light,948,876.5916349545647
24406,3,cavalry_light,415,445.3304407985808
24408,3,artillery_horse,918,942.7634651619288
24409,1,artillery_foot,671,622.1700671713481
24410,0,artillery_foot,1020,952.3399356429032
24411,2,artillery_foot,452,634.7645350486605
24412,3,artillery_foot,223,247.1551023859422
24415,2,artillery_foot,656,717.0459900147694
24416,1,general,742,627.2511713887319
24417,3,general,1040,884.4205590938569
24418,3,artillery_horse,918,942.7634651619288
24421,0,artillery_foot,768,683.3152523886074
24422,3,artillery_foot,664,619.7295599111895
24423,3,artillery_foot,664,619.7295599111895
24427,1,artillery_foot,781,804.2584109878866
24428,1,artillery_horse,580,509.25921363924397
24429,3,artillery_horse,918,942.7634651619288
24430,4,artillery_horse,952,979.0463069166788
24432,1,general,358,352.2051126877748
24436,3,artillery_foot,719,712.3529323406087
24437,2,general,229,224.47647178416267
24438,4,general,394,379.72848033442403
24439,4,general,235,236.56208661058415
24440,0,general,283,257.5296399616971
24441,0,general,245,231.04460831296342
24442,0,general,382,332.68378754045335
24443,1,general,279,263.59350186003394
24445,2,general,870,1145.0518992560653
24446,2,general,474,496.64389511996944
24447,2,general,375,395.5058496112526
24448,4,general,410,409.73268677887035
24449,3,infantry_light,506,523.7575614176866
24450,0,infantry_light,366,341.24017028397526
24451,2,infantry_light,373,373.1096408740429
24452,1,infantry_light,387,385.1254955676443
24453,1,infantry_light,484,504.39232432367737
24454,1,infantry_light,412,415.818569566146
24455,2,infantry_line,332,349.05088115455624
24456,4,infantry_line,296,308.50307748025784
24458,0,infantry_line,280,284.5165635416819
24460,3,infantry_line,340,345.72317184359383
24463,2,infantry_line,350,360.27147208381507
24464,4,infantry_line,407,394.4288508594771
24465,3,infantry_line,335,342.3090949239734
24466,3,infantry_line,792,966.2692030565389
24468,0,infantry_skirmishers,322,295.9029115582798
24469,3,artillery_foot,459,425.63053111928286
24470,1,general,388,367.0581213772084
24471,4,general,539,553.6621409699608
24472,1,general,363,323.67637803920826
24473,3,general,247,257.8810888539463
24475,1,general,273,248.33568367196966
24476,1,general,367,392.0977210956435
24477,3,general,597,580.0613097508152
24478,0,infantry_light,489,504.2544952813246
24479,1,infantry_light,383,367.60966171819246
24480,1,infantry_light,488,426.3119259503076
24481,1,infantry_light,515,522.5474663918216
24483,1,infantry_line,386,383.77822420576103
24488,0,infantry_line,310,334.3776054239135
24489,2,infantry_line,381,368.30651791758106
24490,2,infantry_line,382,404.28631659623966
24491,1,artillery_foot,885,861.9564661867134
24493,0,general,497,500.58748041290823
24494,3,general,130,135.01714288702522
24495,2,general,513,504.09660835308705
24497,4,infantry_grenadiers,565,564.9411073856397
24499,3,infantry_light,295,298.7281795917521
24500,4,infantry_line,263,269.1704214565029
24501,1,infantry_line,357,348.3566202017311
24502,1,infantry_line,236,240.38676096666146
24504,3,infantry_line,198,196.87734838293838
24505,4,infantry_line,465,486.21722718063637
24506,3,general,181,180.92742555718135
24507,2,general,342,290.87357987653235
24509,4,general,567,576.9857018449262
24510,3,general,372,296.76532828967
24511,0,general,488,435.7136460257274
24512,1,infantry_light,472,455.31273154135226
24513,3,infantry_light,450,430.8560239849034
24514,3,infantry_light,460,468.25832561567955
24515,1,infantry_light,626,624.2165287329608
24516,0,infantry_line,252,252.15679927542755
24517,3,infantry_line,235,233.16222947835607
24518,4,infantry_line,326,278.1458465849736
24519,3,infantry_line,430,393.33817400314325
24520,3,infantry_skirmishers,322,304.84370137444
24521,1,artillery_horse,1964,2007.6719503729626
24522,2,cavalry_lancers,454,423.5136743748934
24523,4,cavalry_light,922,879.0451630845018
24524,4,cavalry_light,515,535.4216411075329
24525,1,cavalry_light,564,554.8642884437197
24526,4,cavalry_light,1137,1074.6758742713787
24527,0,general,1063,1058.1146475360695
24528,0,general,952,984.45939016821
24529,3,general,330,302.30893150950226
24530,0,general,424,403.53664550227563
24531,2,general,420,438.75939052895
24532,0,artillery_foot,586,593.4811580722909
24533,3,general,354,322.0051558385209
24534,4,general,114,150.28430141120694
24535,4,general,305,302.9189455387738
24536,3,general,248,233.3943187245958
24537,2,general,357,285.6604712116602
24538,3,general,400,345.08700701248114
24539,3,general,154,165.55596630829788
24541,2,general,173,168.07105886496026
24543,2,general,1033,1151.1887001931468
24544,0,general,728,786.6954975517367
24545,2,general,725,726.3817377414157
24546,0,general,165,158.11745496768947
24547,1,general,749,874.5295540994233
24548,3,infantry_light,414,403.4903259461146
24549,2,infantry_light,276,287.7019625018889
24550,3,infantry_light,226,242.58124348006746
24551,0,infantry_light,466,441.1431365809145
24552,2,infantry_light,680,748.912225521472
24553,4,infantry_line,260,276.4128734869746
24555,2,infantry_line,247,251.1210261873145
24556,3,infantry_line,280,263.6363860484468
24557,0,infantry_line,239,249.05046623725536
24559,1,infantry_line,361,383.8929141412984
24560,0,infantry_line,221,225.60402441642563
24561,1,infantry_line,636,616.4976128531248
24563,4,infantry_line,648,665.6970297222274
24565,0,infantry_line,520,488.7944884131132
24567,0,general,378,329.67603335529367
24568,4,general,298,285.246186825396
24569,1,general,299,313.52927479966627
24570,1,general,157,181.97594794189413
24572,3,general,921,858.9703944786837
24573,4,general,246,223.58295394818524
24574,2,general,621,627.1287125297954
24577,0,infantry_grenadiers,611,572.3428842357642
24578,3,infantry_light,371,357.53338499482703
24579,4,infantry_light,545,553.3253130740175
24580,4,infantry_line,355,356.43106219456564
24581,1,infantry_line,274,270.4426707527582
24582,3,infantry_line,252,276.38836793629395
24583,1,infantry_line,348,385.340843157209
24585,0,infantry_line,237,234.6283741107711
24588,3,artillery_foot,1626,1471.563576696471
24589,1,artillery_foot,1210,1176.0083342414014
24590,1,artillery_foot,1023,1148.5263470395
24591,2,artillery_foot,890,855.4565988315936
24592,0,general,1117,1172.1491098934791
24593,1,general,1674,1536.5153300230525
24594,3,infantry_grenadiers,827,788.1249185442382
24596,0,artillery_horse,1726,1739.357502659851
24597,0,artillery_horse,1726,1739.357502659851
24598,1,cavalry_standard,885,850.8500577692225
24599,4,cavalry_standard,909,945.6494154684748
24600,2,cavalry_standard,1016,1060.7784871520419
24601,1,cavalry_standard,610,627.8714700889213
24603,3,cavalry_standard,603,600.5376286371877
24604,0,cavalry_standard,730,697.7076770715353
24605,4,general,569,512.0161099954192
24606,2,general,734,757.4075554940922
24607,0,general,251,265.7041781051551
24608,1,general,1091,1270.4029160420732
24609,2,general,507,506.17714554566203
24610,2,general,448,443.43560453440904
24612,4,general,495,491.75577295454985
24613,0,general,1011,1070.265142891524
24614,0,general,470,474.6891251873546
24615,0,general,357,336.6936092415041
24616,4,general,448,444.76751718208806
24617,2,infantry_grenadiers,364,383.03927137476006
24619,0,infantry_grenadiers,512,516.6015798476872
24620,4,infantry_grenadiers,408,424.13195901946546
24621,0,infantry_grenadiers,426,409.12809336446645
24622,3,infantry_grenadiers,468,482.53041601191376
24623,0,artillery_horse,1726,1739.357502659851
24626,2,cavalry_light,719,716.9564447804632
24627,4,cavalry_light,811,745.3415677270416
24628,3,cavalry_light,699,666.0643324743922
24629,2,cavalry_light,725,669.8297421405327
24630,3,general,615,530.676249111455
24632,0,general,431,359.658014618079
24633,1,general,738,676.5979620238426
24635,0,general,343,323.47907522861533
24636,3,general,662,628.8075577341002
24637,1,general,505,446.5531206442977
24638,1,general,611,548.5016229107914
24639,1,general,434,386.80442257136
24640,0,general,719,664.8761779009282
24641,4,general,498,537.9810886593439
24643,0,infantry_grenadiers,388,336.80770772972596
24644,4,infantry_grenadiers,616,632.5061248486251
24645,1,infantry_grenadiers,396,374.71902602714596
24647,0,infantry_grenadiers,501,537.707134743041
24648,4,infantry_grenadiers,670,755.1425237825165
24649,0,cavalry_lancers,428,447.85090864208763
24650,0,cavalry_lancers,521,516.6741526708314
24653,2,cavalry_lancers,810,790.1691470681312
24654,3,cavalry_lancers,714,694.3293303584506
24655,4,cavalry_lancers,365,379.7000276851303
24656,1,cavalry_light,1245,1239.309773741949
24657,0,cavalry_light,510,506.6404943877437
24658,0,cavalry_light,1506,1710.375921783978
24659,4,general,549,502.05433460970727
24661,0,general,430,383.28598279750804
24662,1,general,467,477.1868287991793
24663,3,general,883,896.1397835869376
24664,4,general,1091,1047.795735952581
24665,2,general,1513,1922.6451484598133
24666,0,infantry_light,346,318.32178258791964
24667,2,cavalry_light,359,371.34732046966536
24668,4,general,323,319.0282759926215
24669,1,artillery_foot,959,940.18667037951
24670,4,artillery_horse,1804,1733.5828868059616
24671,3,cavalry_lancers,518,519.4478673130554
24673,2,general,302,286.79292918603755
24674,4,general,535,513.6260152927657
24675,4,general,121,124.80655587533985
24676,1,general,563,527.0438313914574
24678,0,general,106,114.79901314427279
24679,1,general,494,567.0079642924604
24680,2,general,979,956.012784209296
24682,0,general,926,948.0902794799874
24683,3,infantry_grenadiers,1110,1117.9063888594958
24684,4,infantry_grenadiers,962,976.7477660960521
24685,3,infantry_light,363,371.9053454382409
24687,4,infantry_line,224,215.17296010441396
24688,0,infantry_line,202,208.02535454165684
24689,0,infantry_line,208,206.5622602157832
24691,3,infantry_skirmishers,300,319.8089952822009
24693,2,cavalry_lancers,755,741.8165822030097
24696,0,cavalry_lancers,522,511.38278480096915
24697,3,cavalry_lancers,451,461.38878561542043
24698,1,general,448,441.545327437798
24699,0,general,135,121.86185619644374
24700,0,general,637,617.3076753493884
24701,1,general,201,201.1762046604818
24702,2,general,349,337.8515247838536
24703,1,general,215,213.3020050528047
24705,1,general,738,734.1599203160437
24706,1,infantry_light,269,272.52093923630093
24707,1,infantry_light,334,314.6435460491624
24708,2,infantry_line,214,195.9665868913299
24709,4,infantry_line,323,329.38154388604323
24710,4,infantry_line,226,219.18303070947076
24711,2,infantry_line,797,787.643368699915
24712,3,infantry_line,253,235.19126540617572
24713,4,artillery_horse,1329,1226.7737715302114
24714,0,cavalry_heavy,1801,1753.3739190949352
24715,4,cavalry_lancers,408,433.7981721404231
24716,4,cavalry_lancers,670,656.7180348424642
24717,3,cavalry_light,1694,1621.6737352377022
24720,3,general,362,363.5459392980004
24721,2,general,1704,1650.1274261133742
24722,4,general,371,196.76968162278777
24723,3,general,558,545.9120131513419
24724,4,general,193,188.64979627488236
24725,2,general,454,438.23088477045803
24727,0,infantry_light,443,458.8331487978731
24730,0,infantry_line,246,234.38384705990035
24731,3,infantry_line,363,360.1064497910943
24733,2,cavalry_lancers,603,612.5102760476483
24735,2,general,426,431.5803406640308
24736,0,artillery_horse,1726,1739.357502659851
24737,2,cavalry_lancers,807,775.7301634624814
24738,2,cavalry_lancers,451,465.93752502759713
24739,2,cavalry_lancers,700,684.6210608695081
24740,4,cavalry_lancers,575,558.5855019264035
24741,1,cavalry_lancers,562,557.8080142631709
24742,1,general,405,408.5315838660969
24743,1,general,508,492.88376712659044
24744,1,general,466,455.4133150992664
24746,1,general,703,697.1473008049802
24747,2,cavalry_heavy,2174,2229.2614466580153
24748,1,cavalry_heavy,2105,2095.124551649177
24751,0,general,943,959.1178830151574
24752,3,general,1112,1077.779659008841
24753,0,general,2091,2106.0496868075898
24754,1,general,1954,2066.7670798260397
24755,1,general,172,174.60705434500022
24756,3,general,219,216.4646029103226
24757,2,general,203,202.0327963101342
24758,2,infantry_light,244,242.22053689847712
24761,4,infantry_line,227,227.7754782949044
24764,3,cavalry_heavy,1076,1104.9595970084351
24765,3,cavalry_heavy,675,774.3720993433983
24766,0,cavalry_heavy,1213,1281.4939467389354
24768,4,general,386,379.84110745837063
24769,3,general,933,956.2167376754314
24770,4,general,1209,1249.5500646514352
24771,2,general,1013,1082.4307000373044
24772,3,general,653,729.6375369572177
24774,4,general,507,489.24981539128476
24776,3,infantry_light,772,774.2976609979244
24777,3,infantry_line,262,283.0436212052898
24778,2,infantry_line,344,367.57456669848364
24779,0,infantry_line,553,512.7621450077557
24784,0,general,1050,984.4421117079324
24785,1,general,1346,1306.5743034787688
24788,1,general,344,380.0268694750945
24789,4,general,698,566.1931567215169
24790,1,general,222,220.66632535202646
24791,3,infantry_light,328,330.19093692652086
24792,3,infantry_light,275,270.2787146504497
24793,1,infantry_line,354,372.19567737229283
24794,2,infantry_line,329,357.8740378811196
24795,1,infantry_line,299,300.34965022281983
24796,4,artillery_horse,1357,1229.0452157063885
24797,3,cavalry_lancers,858,942.2074840184393
24798,2,cavalry_lancers,800,841.8161487792046
24800,1,cavalry_standard,1123,1068.221759777944
24801,2,general,934,821.993641007844
24802,1,general,797,851.6371301665775
24803,4,general,1071,984.2328070904196
24805,3,general,856,958.1140415732732
24806,0,artillery_horse,1726,1739.357502659851
24807,4,cavalry_lancers,655,621.1896903837061
24808,1,cavalry_lancers,565,572.8572311302926
24810,2,cavalry_lancers,558,558.0579389431208
24812,0,cavalry_standard,601,567.0182051397377
24814,0,cavalry_standard,425,440.60472070007785
24815,1,cavalry_standard,906,938.9185733390613
24816,2,cavalry_standard,462,461.5496774164593
24817,4,general,962,1006.0234153478841
24819,3,general,614,537.7448593253357
24822,4,general,664,618.6082519490993
24823,0,artillery_horse,549,609.1978478040373
24824,2,cavalry_lancers,1213,1119.893765313504
24827,0,cavalry_lancers,738,714.6311505916316
24828,2,cavalry_light,271,302.964490548702
24829,0,cavalry_light,334,360.8626611151947
24830,0,cavalry_light,466,442.10715610197207
24831,1,cavalry_light,414,457.95361249960223
24832,1,cavalry_light,662,608.6845153334983
24834,2,general,605,567.7237283231963
24835,1,general,327,363.36071159477655
24836,3,general,597,580.9232911419259
24837,2,general,628,624.999252094404
24838,1,general,289,300.76267552435297
24839,4,general,1065,931.8699240954973
24840,4,general,302,302.12500972319117
24841,0,artillery_horse,549,609.1978478040373
24842,0,cavalry_lancers,428,447.85090864208763
24843,0,cavalry_lancers,428,447.85090864208763
24844,0,cavalry_lancers,428,447.85090864208763
24845,3,general,333,356.3024876429082
24846,4,general,439,430.1856335401806
24847,3,general,528,559.1106834828026
24848,2,cavalry_lancers,451,465.93752502759713
24849,3,cavalry_lancers,389,409.95418773454884
24850,4,cavalry_lancers,407,423.5378951326458
24851,1,cavalry_lancers,368,400.3362956306377
24852,1,general,256,300.65379661550566
24853,1,general,231,270.09980276633365
24854,4,general,318,327.019694210146
24855,1,artillery_foot,725,724.6048626033837
24856,3,artillery_foot,534,552.6400409134435
24857,4,artillery_foot,1591,1483.2541185893622
24858,1,artillery_foot,1023,1148.5263470395
24859,3,artillery_foot,1129,1093.5662836033287
24860,1,artillery_foot,1023,1148.5263470395
24861,1,artillery_foot,1023,1148.5263470395
24862,1,artillery_foot,1023,1148.5263470395
24863,2,artillery_foot,890,855.4565988315936
24864,4,artillery_foot,674,667.9095519855539
24865,2,artillery_foot,886,841.6030770282703
24867,1,artillery_horse,1201,1212.2676171000771
24868,1,general,182,180.21426611225138
24869,4,general,182,181.46068443378408
24870,4,general,913,909.3242733675824
24871,3,general,695,632.1685664136852
24872,2,general,69,69.4976130828243
24873,1,general,656,637.2266943530898
24874,2,general,1013,971.2747704646386
24876,3,cavalry_heavy,2526,2439.1892915660833
24877,4,cavalry_lancers,648,696.9962376958435
24879,1,cavalry_light,519,530.4781768677816
24880,2,cavalry_light,1321,1302.3416487112493
24882,0,general,2205,2154.8049146163194
24883,3,general,649,586.5068112591814
24884,4,artillery_horse,665,556.4408051162219
24885,0,artillery_horse,118,137.4540941518426
24886,1,cavalry_standard,765,796.3157529115624
24887,1,general,614,614.21941518908
24888,3,cavalry_lancers,641,665.9802329617619
24889,1,cavalry_lancers,862,863.904207743647
24893,0,cavalry_standard,1499,1486.484941645956
24894,3,general,897,817.5637317964372
24895,1,general,1415,1447.4413797136779
24896,4,general,1000,1072.1036799239325
24897,2,general,1482,1639.2391397361341
24898,0,artillery_foot,1347,1392.9026637829386
24899,2,cavalry_light,717,737.1122279295608
24900,0,cavalry_light,828,826.3199423818456
24901,0,cavalry_standard,1161,1136.2388264142035
24902,2,general,1368,1286.5737740186955
24903,2,general,1179,1132.4049576227392
24904,3,general,656,584.8563781264743
24905,0,general,612,643.333258871923
24906,4,general,964,1015.8919122456961
24908,1,artillery_foot,448,457.4711376545387
24909,4,cavalry_lancers,672,731.9019643183336
24910,0,cavalry_lancers,560,551.7407275795267
24911,4,general,708,785.522820652819
24912,1,general,382,313.61216033674583
24913,3,general,299,283.65047579988004
24914,4,infantry_line,362,356.48841108096923
24915,2,infantry_line,486,492.8085651986034
24916,2,general,1179,1419.6889118330203
24918,1,artillery_foot,1116,1132.7130789378307
24919,4,artillery_foot,1084,1097.5119277070219
24920,3,general,360,322.0034995126413
24922,2,general,305,301.3396341008089
24924,2,general,997,1188.6849983372472
24925,0,general,918,1047.5148255711147
24926,3,infantry_light,418,413.7294406384688
24927,0,infantry_line,823,895.7421663991522
24929,0,infantry_line,428,426.0360244762158
24930,4,infantry_line,493,483.59992148601884
24931,4,infantry_skirmishers,272,309.0915519341359
24932,1,general,835,860.0936984643607
24933,1,general,431,348.5261112745839
24934,0,general,912,948.0454130428096
24935,2,infantry_light,685,696.0388594080687
24938,1,infantry_line,543,537.4284831223146
24939,3,general,400,331.8544621332534
24941,2,artillery_foot,879,1029.2980836202676
24942,0,general,713,681.9787380733494
24943,3,general,422,375.6208677064109
24944,0,general,635,659.956692864614
24945,3,general,619,550.5086476878157
24948,1,general,1222,1244.1947596586429
24950,3,infantry_line,555,563.3204899231099
24951,4,infantry_line,524,514.4034009072313
24953,0,infantry_line,571,595.9451443450914
24954,3,infantry_line,475,452.35433352114165
24955,2,general,295,303.0653372232604
24956,4,general,519,505.27261133076036
24957,1,general,282,254.75014859999933
24958,0,general,324,334.0139380931378
24960,0,infantry_line,451,467.9810569910362
24961,3,infantry_line,336,374.47030439121596
24962,4,infantry_line,382,400.7359333010081
24963,3,general,248,263.2133092124698
24964,0,general,290,294.1941878053923
24966,1,infantry_light,402,430.21965909296574
24967,4,infantry_light,268,284.47905161225464
24969,4,infantry_skirmishers,272,309.0915519341359
24970,2,infantry_skirmishers,400,310.3141393178442
24971,3,general,228,229.0202367257291
24973,4,general,401,402.0205147106902
24974,4,cavalry_heavy,1388,1400.6392802977618
24976,0,cavalry_standard,901,934.604129731682
24977,4,general,920,865.6018945498296
24978,1,general,398,356.4042687509897
24981,3,general,329,395.18343743847805
24982,4,general,236,303.87174214570217
24983,3,general,1305,1303.828852838752
24984,3,general,419,324.4472698172446
24985,1,general,1417,1519.6649054335176
24986,1,general,1065,1036.6175655407988
24987,1,general,568,526.1654472781387
24988,1,infantry_grenadiers,1456,1586.7079380597281
24989,3,infantry_light,523,510.462980268951
24990,0,infantry_light,542,503.35489183918054
24991,0,infantry_light,301,374.0374419578219
24992,3,infantry_line,440,416.6453952784533
24993,1,infantry_line,964,905.7592997426779
24994,0,infantry_line,617,611.8587340614903
24995,0,infantry_skirmishers,309,293.0824395489068
24996,1,artillery_horse,1156,1189.069546323319
24997,3,cavalry_heavy,1383,1265.2336758930978
24998,4,cavalry_lancers,525,533.9619760875254
24999,1,cavalry_light,871,785.5631327031715
25000,4,general,205,195.3303015272699
25001,2,general,197,176.5429776033215
25002,0,general,369,342.0148175940973
25005,0,general,1113,932.5365082647977
25006,1,general,590,576.0239503102065
25007,1,general,468,434.04367463278845
25008,2,general,419,437.1388535080412
25009,2,general,627,615.6822770667684
25011,4,general,383,487.9996953773028
25014,0,infantry_line,401,372.0715793555008
25016,1,infantry_line,311,334.22496400053615
25017,1,infantry_line,498,630.1199786277979
25018,4,infantry_line,344,352.8418406183208
25019,4,artillery_foot,370,351.01364509356836
25020,2,cavalry_lancers,401,509.1601513199766
25021,2,cavalry_light,501,531.8771034269199
25022,3,general,246,264.9644323113642
25023,2,general,288,415.1088044711303
25024,0,general,535,484.04880465171425
25026,0,general,78,92.01953805610397
25027,0,general,86,102.00905581563025
25028,4,general,189,183.30067168540663
25032,0,infantry_line,159,161.394785956282
25033,2,infantry_line,158,146.42848534048483
25034,4,infantry_line,522,503.3939249850596
25035,1,cavalry_heavy,1023,1081.483771423369
25036,1,cavalry_standard,716,721.068162923539
25037,1,general,567,553.0101640646185
25038,3,general,530,509.6427908836639
25039,4,general,829,856.5452232350617
25040,4,general,285,266.99503501765207
25041,4,general,794,788.7655133088408
25042,3,general,874,877.4754072356424
25043,4,infantry_grenadiers,745,739.1603484708004
25044,3,infantry_line,380,393.9655137080123
25046,4,artillery_foot,483,572.0376376862224
25049,1,cavalry_light,823,823.4283546650555
25050,4,cavalry_light,544,594.8329210111903
25052,4,general,147,144.4978312518063
25053,2,general,404,429.13677557198304
25054,1,general,337,318.93833595665666
25055,4,general,516,555.9948227267888
25056,2,general,671,642.4014899849595
25057,3,general,373,414.137273336895
25058,3,general,333,388.20538604328556
25059,0,general,477,405.7285235098145
25061,0,general,199,207.7445448039714
25062,2,general,686,572.1216144626366
25063,1,infantry_light,593,563.6453136398289
25065,1,infantry_line,211,216.16325770183008
25066,2,infantry_line,797,681.9731136762146
25067,2,infantry_line,224,254.85774921513445
25069,0,cavalry_lancers,1485,1291.9885995861212
25070,0,cavalry_lancers,1333,1157.251301271386
25071,4,cavalry_lancers,1103,958.4285569920584
25073,3,cavalry_light,1306,1411.0385930659472
25075,0,general,637,566.1621265970302
25076,2,general,29,69.07109940835646
25077,1,general,1062,955.1138977047978
25078,1,general,1140,1134.7938730847907
25079,2,general,1337,1264.9425360302196
25080,0,general,1381,1290.9490135731135
25081,2,general,187,186.4785580912952
25082,4,general,103,116.73716272304334
25083,1,general,485,456.378172550904
25084,3,general,1639,1700.8110498067322
25085,1,infantry_line,282,291.64117548325726
25086,1,infantry_line,422,438.584789403287
25087,3,infantry_line,136,141.46866646866602
25089,2,cavalry_heavy,1092,1076.3678330848213
25090,1,general,909,865.6452750414041
25091,3,artillery_foot,339,329.87428322407584
25092,0,artillery_horse,728,690.6187965213119
25093,1,cavalry_standard,697,682.9811059691882
25094,2,cavalry_standard,712,698.426204872465
25095,2,general,577,553.6182200041335
25097,2,general,603,532.564132529287
25098,3,general,465,415.2393726792878
25099,1,general,724,635.7733886773268
25100,4,infantry_grenadiers,405,392.35773930232665
25101,0,infantry_light,570,571.0399630975171
25102,0,infantry_line,205,234.78095444407668
25104,4,cavalry_lancers,481,490.9588089498353
25105,1,cavalry_lancers,361,365.0592081034863
25106,4,cavalry_light,643,710.9751187630787
25108,2,general,219,254.9296670855901
25111,1,general,705,708.0041615136325
25113,2,general,152,144.87890837232433
25114,4,general,202,164.14462878243222
25115,1,infantry_line,216,202.80846250112606
25116,1,infantry_line,255,243.4548501725359
25118,3,artillery_foot,987,1060.7929750766998
25119,3,general,59,87.26234404573843
25120,1,general,559,527.6913202728437
25121,1,general,281,254.85666546746265
25122,2,infantry_line,160,161.95860616499272
25123,3,infantry_line,460,465.0770250765024
25126,1,cavalry_standard,721,785.3249315106269
25127,2,cavalry_standard,848,908.0354935688753
25128,3,general,223,238.74547972774047
25129,3,general,298,251.20185313546602
25130,1,general,684,723.1241517703862
25132,2,general,741,656.9759545690223
25133,1,infantry_grenadiers,687,672.9344950104907
25136,0,cavalry_heavy,1514,1528.3784308717052
25137,2,cavalry_heavy,2247,2442.58996654865
25139,0,cavalry_heavy,1835,1848.0175528882164
25140,0,cavalry_light,747,725.742539870472
25141,1,cavalry_standard,705,662.1434772328543
25143,2,general,294,322.7124050105235
25144,1,general,614,580.191072182585
25148,3,general,521,494.41679198020427
25149,4,artillery_foot,996,1259.3258419827184
25150,3,general,215,218.8921875425269
25151,4,general,207,266.31987224398824
25152,0,general,365,365.1834433029777
25154,4,infantry_line,278,301.05805840714186
25155,2,infantry_line,426,427.5262889475651
25156,0,cavalry_light,541,536.7983750864435
25158,1,artillery_foot,730,746.4142222955793
25159,4,artillery_foot,926,921.1733494992386
25161,1,artillery_foot,464,417.8027057524984
25163,2,general,731,624.3025629175106
25164,2,general,731,698.6436179561341
25165,2,general,329,274.70602663265095
25166,1,general,1043,1175.6551026871389
25167,4,general,1,1.0
25168,1,general,820,813.9077025939122
25170,1,infantry_skirmishers,160,196.31604543890384
25171,2,cavalry_light,733,694.2314619204459
25172,0,general,306,264.64602360482115
25173,4,general,401,382.1089658147802
25175,3,general,570,478.64391479937336
25176,4,general,179,226.1360490871316
25177,2,general,246,191.65864682923612
25178,3,general,276,248.12997352240447
25179,3,infantry_line,368,342.3983234731714
25180,3,infantry_line,238,212.0170128688356
25181,3,infantry_line,375,293.48319561675874
25183,0,infantry_line,308,292.4140570806136
25185,1,infantry_line,383,377.024712257991
25186,4,infantry_militia,310,316.93396595368546
25187,4,artillery_foot,385,472.6976480471308
25188,4,cavalry_light,399,399.47207588009815
25189,0,cavalry_light,521,552.144423992459
25190,1,cavalry_standard,860,868.2897687475374
25191,4,general,207,184.72179002296173
25194,3,general,61,112.4587180095329
25196,4,infantry_grenadiers,1239,818.4229729770414
25197,4,infantry_line,173,194.2168686029422
25198,1,infantry_line,164,165.5160834897085
25199,2,infantry_line,310,275.5883097188665
25200,4,infantry_line,386,355.47458507672013
25201,0,infantry_line,269,259.3260718341856
25202,2,infantry_line,256,277.68008451247476
25204,3,artillery_foot,311,298.84371336190753
25205,0,general,343,309.20813005444
25207,3,infantry_grenadiers,359,367.29999893803057
25209,3,infantry_line,338,325.2482849330469
25210,0,infantry_line,210,283.4743767371476
25211,1,infantry_line,635,588.9645371829721
25212,1,infantry_skirmishers,334,280.05613553613216
25213,2,general,1362,1373.9853940379285
25215,1,infantry_grenadiers,581,681.016660406215
25217,3,infantry_grenadiers,1406,1323.3394012147978
25218,2,general,427,611.0559575696436
25220,3,general,936,953.8696037801302
25222,2,general,415,372.8066184124327
25224,2,infantry_line,473,432.80863303816585
25225,0,infantry_line,462,559.4018801319068
25227,0,infantry_line,851,828.9782785726252
25228,1,infantry_militia,498,433.4722749251592
25229,0,infantry_militia,236,263.0845652459872
25230,0,infantry_militia,261,284.6631870161714
25231,2,infantry_militia,233,266.2964932639574
25232,0,infantry_militia,520,463.3885009484894
25233,2,infantry_militia,261,278.56583462402847
25234,3,infantry_militia,447,333.4178166694602
25235,4,infantry_skirmishers,420,484.17080381901684
25237,3,cavalry_light,378,407.24187794740567
25238,1,general,1662,1620.7480774242806
25239,3,general,304,274.8755053140592
25240,3,general,549,489.48335425829015
25241,2,general,543,469.5713493393574
25242,1,general,634,520.7253953122665
25243,1,general,145,181.2210550070956
25244,1,infantry_light,181,144.58099598018268
25245,0,infantry_light,493,455.1505828614227
25248,4,infantry_militia,614,696.5278982936183
25249,3,infantry_militia,562,473.52060782371694
25250,2,infantry_militia,227,264.08405343138895
25251,3,infantry_militia,615,509.0257243880038
25252,0,infantry_skirmishers,177,304.02209986420115
25253,2,cavalry_light,461,476.24048519268075
25254,2,cavalry_light,459,478.84084136523427
25255,1,cavalry_standard,485,443.02287800137543
25256,0,general,1364,1535.149075990138
25258,0,general,134,214.75977122791585
25259,4,infantry_line,226,230.8386980601193
25261,2,infantry_line,1130,1046.5954112458198
25262,2,artillery_horse,184,219.20902261599167
25263,0,cavalry_light,423,421.7585492519841
25264,4,cavalry_light,727,711.544989834409
25266,2,general,596,560.283354168388
25267,0,infantry_light,428,392.1878668388084
25268,4,artillery_foot,377,313.8397576972757
25271,2,artillery_foot,292,243.92483841590752
25273,0,cavalry_standard,496,488.44309632963467
25274,1,general,318,334.838405594341
25275,2,general,311,370.23238742744195
25276,0,infantry_militia,482,400.692629802492
25278,1,infantry_skirmishers,345,289.06449540214527
25279,0,cavalry_standard,732,682.1672573302707
25280,0,cavalry_standard,430,466.81737784553854
25282,3,infantry_skirmishers,327,324.48369064730826
25284,2,infantry_light,261,324.6873515489631
25285,0,infantry_militia,212,234.32708115826267
25287,3,cavalry_light,900,849.4335102051676
25288,3,cavalry_standard,923,856.3603356513926
25289,4,cavalry_light,322,358.08169618322137
25290,4,infantry_militia,376,377.1474135100894
25292,4,infantry_militia,109,126.5608354174746
25293,0,infantry_militia,126,158.93013535808785
25294,0,infantry_militia,194,236.53954279141874
25296,1,general,462,418.5058724117103
25297,0,general,1257,1190.4042089034658
25299,4,infantry_grenadiers,1409,1346.9770874779367
25300,0,artillery_foot,633,597.3021709928739
25301,2,artillery_foot,446,466.48504347711537
25302,3,general,228,229.22648519926534
25303,4,general,323,336.6285576841786
25304,1,general,820,809.023595335993
25307,3,general,228,229.22648519926534
25308,0,general,401,401.955763349385
25309,4,infantry_grenadiers,332,187.74695895669046
25310,4,infantry_grenadiers,525,311.8104367329932
25312,4,infantry_skirmishers,721,398.8015064773048
25313,4,general,258,271.21288212448366
25315,0,general,1093,981.3264782584472
25316,2,general,555,619.8320833322017
25318,0,general,1062,871.1101686467902
25319,1,general,503,369.0619463683724
25320,3,general,574,483.5342726302444
25321,0,infantry_grenadiers,670,668.5059756000481
25322,4,infantry_grenadiers,1146,1103.219597088435
25323,0,infantry_light,573,642.6494261238558
25324,0,infantry_light,1206,1134.3924201781247
25325,1,infantry_light,946,856.1941289595779
25326,2,infantry_line,283,353.24461784910807
25327,4,infantry_line,631,549.9584160640288
25328,2,infantry_skirmishers,303,319.1471476617879
25329,4,artillery_foot,485,602.9844397239901
25330,0,general,233,194.19914769058366
25331,1,general,404,440.79805028215327
25332,2,general,640,617.3140969812922
25333,1,general,1067,1012.6767564043257
25334,3,general,841,682.5242702389382
25336,0,general,562,486.53452963654007
25337,0,infantry_grenadiers,802,734.7978977807402
25338,0,infantry_grenadiers,367,367.1386237457985
25340,1,infantry_line,349,320.2139731417696
25341,4,infantry_line,723,692.8198776011599
25342,4,infantry_line,683,700.6309402432156
25343,1,infantry_line,963,907.9421339855035
25344,1,artillery_foot,530,462.35401919474606
25345,1,artillery_foot,680,657.1228727259304
25346,0,general,394,295.8199609993681
25347,0,infantry_grenadiers,808,721.98636665451
25348,1,cavalry_heavy,2498,2433.0872974408744
25349,4,cavalry_lancers,1601,1638.6919270099183
25350,1,general,2654,2742.760857231527
25351,4,general,87,91.08973936727031
25352,1,general,676,569.4067151779377
25353,0,general,247,307.6747148806168
25354,0,general,1439,1333.5910962783723
25355,4,general,445,491.43288630047977
25357,4,general,520,447.2010333505721
25358,4,infantry_grenadiers,870,861.005444119198
25359,3,infantry_light,630,553.8447564367813
25360,2,infantry_light,344,417.8268368831942
25361,3,infantry_line,206,189.41821063748603
25362,3,infantry_line,585,552.7255345133525
25363,0,artillery_horse,1547,1568.5714116737292
25364,1,cavalry_light,1250,997.4090250095945
25365,0,cavalry_light,703,678.7059278775631
25366,3,general,87,190.77131116736786
25367,0,general,228,189.02910924220507
25368,3,general,49,99.92513261344361
25369,3,general,19,81.5334978369834
25370,0,general,599,542.3640951791215
25372,1,general,170,163.15101537962985
25373,1,general,186,152.19593361961054
25374,3,general,129,233.803885187824
25376,0,general,1175,801.4764014333289
25377,3,infantry_grenadiers,470,593.0006079703567
25378,4,infantry_line,305,277.1737302896756
25379,3,infantry_line,241,246.94784848796587
25380,4,infantry_line,184,288.04437572203534
25381,0,infantry_line,132,153.91208089855851
25385,3,cavalry_light,661,728.647245191123
25386,1,cavalry_light,854,905.4982716216649
25387,1,cavalry_light,372,409.2165739885237
25388,0,general,191,239.0226784750491
25389,4,general,523,517.5140011369452
25390,2,general,828,864.1795049610467
25391,1,cavalry_light,607,683.1294756491111
25394,0,general,720,564.6290794667573
25395,2,artillery_horse,1437,1437.143056982445
25396,2,general,1256,1211.4640838278888
25398,1,general,958,944.5288136934935
25399,3,general,266,268.24413019158334
25400,3,cavalry_lancers,1062,934.8360608183885
25401,3,general,644,605.9980148353342
25402,2,general,325,302.43013022218884
25403,2,general,919,851.9130057315286
25404,3,general,144,153.31422629655634
25406,1,general,241,190.07191914105888
25408,3,infantry_line,287,265.44793445050817
25409,0,infantry_line,318,315.26342189233526
25410,3,infantry_line,189,186.2996574963304
25412,1,infantry_line,336,326.14080005795836
25413,0,infantry_line,756,756.2530311804095
25416,4,cavalry_lancers,910,914.0917396704366
25418,2,general,114,142.2922874296988
25419,2,general,476,524.957723590932
25421,2,infantry_light,626,543.4521606352666
25423,0,infantry_line,360,334.1823216758579
25424,2,infantry_line,326,342.0190579879172
25425,3,cavalry_lancers,1250,1224.5433050067459
25426,1,cavalry_lancers,727,808.3794172727595
25428,1,cavalry_lancers,1239,1594.2410921908734
25429,1,general,1092,1306.904857603597
25430,4,artillery_horse,584,500.2445770170569
25431,1,general,460,385.8551141974065
25432,4,general,447,416.31830320768876
25433,2,general,227,206.53022679532558
25434,0,general,487,444.938881222468
25435,4,general,295,371.51857503691025
25440,4,infantry_line,457,421.4661571941514
25441,4,infantry_line,551,546.8657916975268
25442,1,cavalry_light,524,474.8596866633193
25443,2,cavalry_light,1246,1446.9331539228665
25445,3,general,129,176.66082181969165
25446,4,general,559,455.78552936055337
25447,0,general,163,160.5601683995525
25448,4,general,248,259.5137937126739
25449,2,general,1089,1211.2171822997245
25450,2,general,291,333.8811061283257
25451,2,infantry_light,366,387.5270545578466
25452,0,infantry_line,327,318.0621270945521
25454,4,infantry_line,292,272.4035050827323
25455,1,infantry_line,268,260.7516230434506
25456,0,infantry_line,351,301.2747064871708
25457,0,infantry_line,166,187.50605884943474
25459,3,cavalry_standard,452,489.8172829361039
25460,3,cavalry_standard,582,635.0492476884199
25461,1,general,421,446.6954269913999
25462,3,general,405,428.9196943899153
25463,2,general,786,805.8848565693505
25464,2,infantry_grenadiers,699,650.1901763074726
25465,2,infantry_line,504,507.39184682682327
25466,4,infantry_line,293,283.6055427095489
25467,3,cavalry_standard,709,716.2730410452641
25469,3,general,315,375.3622331284851
25470,4,infantry_grenadiers,386,426.96870836645604
25471,2,general,306,282.9097126257284
25473,1,general,634,579.0375107082046
25474,2,general,116,157.45827626740783
25475,4,infantry_line,461,446.51689598140024
25476,3,infantry_line,237,259.2952374685222
25477,4,infantry_line,304,284.98953328660883
25478,3,infantry_line,198,208.07051586237165
25479,0,cavalry_lancers,939,931.6503578640134
25481,2,cavalry_lancers,725,640.913916091224
25482,4,general,398,357.67834241118726
25483,2,general,95,124.80989742989556
25484,1,general,76,123.68632858004244
25485,3,general,781,788.8570459269177
25486,1,general,175,223.752285865869
25487,4,general,539,465.318689890233
25488,1,general,589,458.6582691418329
25489,0,infantry_light,285,337.0647107266985
25490,4,infantry_line,503,468.07240568248375
25491,2,infantry_line,127,154.62582361992347
25492,1,infantry_line,202,193.00224914808618
25493,3,infantry_line,415,378.42953840335656
25495,2,cavalry_light,752,799.8675681472687
25496,1,general,591,569.3485403982921
25498,3,infantry_grenadiers,510,575.3322634959625
25500,3,cavalry_standard,362,425.13872009538954
25501,1,cavalry_standard,433,462.66945295258273
25502,0,cavalry_standard,1129,1011.6155611681413
25503,4,general,985,823.5490752248398
25504,1,general,277,257.00244038476734
25505,1,general,378,403.8223080878682
25506,3,general,233,314.1922495430913
25508,1,infantry_line,415,383.19192671862703
25509,3,infantry_line,336,319.41072737407615
25510,0,cavalry_standard,970,883.7423679024738
25511,2,cavalry_standard,1043,965.4646919557568
25513,1,general,980,915.3156589867766
25514,4,infantry_irregulars,497,833.9353685583433
25516,3,cavalry_standard,618,593.1034225645228
25517,3,general,334,371.0173329271845
25518,1,infantry_grenadiers,436,441.99842407336985
25519,1,cavalry_light,599,604.7067982637593
25520,3,general,488,501.6379728374963
25521,4,general,218,215.70432305256028
25522,2,general,135,149.09708369304602
25524,1,general,281,251.3537964645406
25525,1,general,187,183.2232869152089
25526,4,general,320,302.9152927557762
25528,2,infantry_light,258,237.05608745988536
25529,0,infantry_light,192,181.136427312327
25530,1,infantry_line,266,258.4164624083682
25532,3,infantry_line,384,372.96348153839705
25533,1,infantry_line,351,328.1587362761554
25534,0,cavalry_standard,444,465.10270152465523
25537,1,general,681,666.4719297456201
25538,1,general,478,482.1620433077209
25539,1,general,527,493.0619067136097
25540,0,infantry_grenadiers,728,749.084283668277
25541,2,infantry_light,507,456.0255093243587
25542,1,infantry_line,422,392.54296514468376
25543,1,infantry_line,240,233.70866732715345
25544,0,infantry_line,455,443.57663283669797
25545,4,cavalry_lancers,733,737.0180663827252
25546,2,cavalry_lancers,852,855.7774555005079
25547,1,cavalry_light,421,409.1750187655776
25548,0,cavalry_heavy,1781,1722.5376841647771
25549,3,general,472,496.03396214197375
25550,1,general,382,364.3276797673302
25551,4,general,1527,1447.5529293857621
25552,0,general,283,316.4861690448398
25553,4,infantry_grenadiers,481,465.4206360084197
25555,4,infantry_light,301,336.9724389004995
25556,1,cavalry_lancers,749,818.5577910744696
25557,3,cavalry_lancers,716,754.1425682580154
25558,1,cavalry_lancers,1001,1095.0466170383884
25560,4,general,833,738.3417286130253
25561,4,infantry_grenadiers,958,843.4114333100197
25562,4,artillery_horse,50,76.19880985707191
25563,2,artillery_foot,800,852.5289984683455
25564,3,artillery_foot,745,769.2359684025683
25565,0,artillery_foot,374,352.6541041421182
25566,3,artillery_foot,401,418.012002279878
25567,1,artillery_foot,424,371.7208082881637
25568,4,artillery_foot,457,535.695651141084
25569,1,artillery_foot,887,811.652123003698
25570,0,artillery_horse,177,159.4504975013225
25571,4,artillery_horse,1785,1664.4684950383237
25572,3,general,199,200.90722829611582
25573,0,general,1798,1871.8377567732316
25574,1,general,428,357.31899586717384
25575,0,general,1150,1136.4860678175999
25576,0,general,351,351.22942153987583
25578,2,infantry_skirmishers,277,326.18289124920295
25579,3,infantry_skirmishers,319,249.7496198570515
25580,3,infantry_skirmishers,347,265.55699487589953
25581,2,artillery_foot,323,232.4214164525139
25582,4,artillery_foot,159,231.2600552232077
25583,1,artillery_foot,208,199.67556984495425
25584,2,artillery_foot,207,187.25944969853975
25586,2,artillery_horse,882,865.4239385274543
25589,2,cavalry_heavy,1168,1158.480831844788
25590,4,cavalry_heavy,800,847.865364715979
25591,4,cavalry_heavy,705,767.4149900949182
25592,1,cavalry_lancers,305,341.90299035669443
25593,4,cavalry_light,349,358.0983580246873
25595,3,cavalry_standard,929,895.7724109955153
25596,4,cavalry_standard,924,847.3870432298506
25597,3,cavalry_standard,1684,2087.3621824443953
25601,1,general,661,720.916154242265
25602,4,general,1,1.0
25604,4,general,1,1.0
25606,4,general,865,826.1067600713002
25607,3,general,199,201.1905670975267
25608,4,general,229,176.75804470717426
25609,4,general,1,1.0
25611,4,general,893,941.8395372074318
25614,2,infantry_grenadiers,552,554.7107951813355
25615,2,infantry_grenadiers,869,884.0946031467646
25616,4,infantry_grenadiers,790,650.8308275553275
25617,3,infantry_grenadiers,790,753.4909727714577
25618,1,infantry_grenadiers,862,812.2963584852104
25619,1,infantry_grenadiers,759,783.4338720142827
25620,1,infantry_grenadiers,1067,1147.8358652906816
25621,2,infantry_grenadiers,325,378.0377047912172
25622,4,infantry_light,219,254.795146373565
25623,1,infantry_light,184,216.3252381179402
25624,2,infantry_light,220,211.7811523837568
25625,1,infantry_light,307,298.27102319989774
25626,1,infantry_light,392,367.3929537445399
25627,1,infantry_light,410,373.0381426146428
25628,0,infantry_light,215,195.05733790056007
25629,1,infantry_light,641,674.876249228956
25631,3,infantry_line,271,236.2939354524403
25632,1,infantry_line,269,264.8436143078117
25633,4,infantry_line,413,356.6957970289293
25634,2,infantry_line,200,221.98139913803843
25635,4,infantry_line,208,192.24751140801558
25636,0,infantry_line,133,191.7952902823315
25637,2,infantry_line,324,309.96143182960117
25638,2,infantry_line,225,251.26566782183818
25640,2,infantry_line,297,276.4820724986944
25641,0,infantry_line,346,314.6804578041017
25642,3,infantry_line,161,201.93286997446873
25643,0,infantry_line,372,335.2026673659856
25644,2,infantry_line,220,244.43008056719697
25645,0,infantry_line,290,251.64144620167696
25646,2,infantry_line,490,438.97983355988896
25647,4,infantry_line,134,176.38414436848416
25648,2,infantry_line,275,219.60479439984616
25649,0,infantry_line,239,237.45111226334726
25650,0,infantry_line,129,183.95613334334118
25651,0,infantry_line,258,285.24958027132215
25652,2,infantry_line,401,401.1018779219372
25653,3,infantry_line,650,693.1136048567843
25654,0,infantry_line,414,356.94480663682594
25655,0,infantry_line,523,461.75874718997636
25656,2,infantry_line,340,319.1957560308197
25657,2,infantry_line,589,597.1391485094288
25660,4,infantry_line,535,527.4474090992862
25661,0,infantry_militia,393,221.81932099966676
25662,3,infantry_militia,104,196.15891723517032
25663,3,infantry_militia,109,99.73230221052803
25665,4,infantry_skirmishers,709,524.1499812415876
