row_id,fold,unit_class,base_mp_cost,pred
33,4,artillery_foot,435,422.44151307519024
34,1,artillery_foot,94,164.34622047208651
35,2,artillery_horse,747,785.3986371331223
36,4,cavalry_light,1352,1370.4652890376565
37,1,cavalry_light,1452,1457.1280177001693
38,2,cavalry_light,935,918.6795068127626
39,0,cavalry_light,701,690.2414893869125
41,4,general,1,1.0
42,0,general,807,807.4213476112515
44,0,general,351,351.3370052040345
46,3,general,199,199.0655487475309
47,1,general,718,716.5590670309224
49,3,general,1353,1409.0727737995992
50,1,general,1446,1211.8016405636736
51,3,general,1308,1417.185698344387
52,1,general,544,518.145020022432
53,0,infantry_light,968,939.2479227411806
54,4,infantry_light,668,626.4166858231869
56,1,infantry_light,914,826.3170043688244
58,0,infantry_line,424,422.5407129178664
60,2,infantry_line,688,702.4200017457697
61,0,infantry_line,1723,1481.3660268216663
62,1,infantry_line,427,413.18785898985436
63,1,infantry_line,544,536.137549799586
64,2,infantry_line,496,498.10211902681255
65,1,infantry_line,785,786.8217310593622
66,4,infantry_line,528,502.37815219066795
67,2,infantry_line,605,610.0302738748576
68,2,infantry_line,519,522.632167744467
69,4,infantry_line,781,802.744924866231
71,2,infantry_line,659,679.1461881967356
72,4,infantry_line,718,724.1977199708155
73,3,infantry_line,360,350.3079430516462
74,4,infantry_line,971,1002.0178984968776
75,1,infantry_line,832,841.8512472694747
79,3,infantry_line,537,533.7878787849495
80,3,infantry_line,640,654.7650368367215
81,3,infantry_line,1008,1022.0946354532259
82,1,infantry_line,592,576.1374432058274
83,2,infantry_skirmishers,538,567.4246447458169
84,3,infantry_skirmishers,235,268.6959250133354
86,1,artillery_foot,237,286.7421483060244
87,4,artillery_foot,284,318.5660442184575
89,2,artillery_horse,311,531.7698786671225
90,3,cavalry_heavy,1615,1666.6574231792222
91,3,cavalry_heavy,1249,1436.4880555034295
92,0,cavalry_heavy,1478,1434.8288377616666
95,3,cavalry_lancers,516,489.59010431432546
96,2,cavalry_light,890,956.0193549055184
98,0,cavalry_light,590,626.3137085883772
99,4,cavalry_light,797,756.6820378906051
100,4,cavalry_light,756,727.1728873232087
102,0,cavalry_standard,674,649.6332948651768
104,2,general,486,492.7294317567086
106,4,general,1,1.0
107,1,general,1647,1619.8470256132975
108,4,general,1,1.0
109,3,general,228,227.45479734134946
110,4,general,639,622.2818226614222
113,0,general,401,402.4664524171267
114,1,general,158,176.51530931554367
116,0,general,46,19.186141933259215
118,3,general,327,336.8907324531943
119,3,general,827,814.6440044322787
120,2,general,429,507.43328914996357
121,2,infantry_grenadiers,748,717.7495883702934
122,3,infantry_grenadiers,512,534.57815630863
123,2,infantry_grenadiers,558,566.564691673118
124,1,infantry_grenadiers,263,245.58742937943055
125,0,infantry_grenadiers,629,749.2335928101326
126,1,infantry_grenadiers,496,584.2969718068904
127,1,infantry_grenadiers,588,620.7814641237231
128,3,infantry_grenadiers,758,837.4886373370085
129,3,infantry_grenadiers,777,785.8854636152938
130,4,infantry_light,273,292.87443155956623
131,0,infantry_light,257,281.6089014776245
132,2,infantry_light,162,199.5998891969896
133,3,infantry_light,269,271.0262743732348
134,2,infantry_light,205,207.43110156934182
135,2,infantry_line,317,308.7805106059082
136,0,infantry_line,268,278.7658100394754
137,3,infantry_line,162,201.3461818266531
138,0,infantry_line,237,244.37991886527413
139,1,infantry_line,276,260.81569666799334
140,0,infantry_line,200,171.67920145582914
141,3,infantry_line,216,210.95846431365555
142,3,infantry_line,281,264.5459649726409
144,3,infantry_line,816,781.9028113249965
145,3,infantry_line,568,551.5294882223948
146,0,infantry_line,445,449.95592286754913
148,4,infantry_line,497,614.4020829618404
149,2,infantry_line,398,381.31491530723014
151,4,infantry_line,543,539.6856987645974
152,1,infantry_line,440,441.00855576279054
153,3,infantry_militia,318,262.9726317244278
154,1,infantry_militia,405,363.205937878243
155,1,infantry_militia,121,108.76896887987515
156,0,infantry_militia,238,289.2887117406359
157,3,infantry_militia,89,112.53969892790491
158,4,infantry_militia,235,203.2159914018079
159,2,infantry_skirmishers,238,233.90568227209823
161,2,infantry_skirmishers,138,172.08797396908136
162,3,infantry_skirmishers,543,512.363704563362
163,0,artillery_foot,477,455.1871427097228
166,0,artillery_horse,637,626.4944603042846
167,3,artillery_horse,583,612.593734627631
168,4,cavalry_heavy,687,747.7682561202649
169,2,cavalry_heavy,830,859.4922328543893
170,2,cavalry_heavy,1056,1070.0015517019826
171,2,cavalry_heavy,688,705.8337247814811
172,3,cavalry_heavy,1264,1364.0530474284365
174,4,cavalry_heavy,1060,1081.168231500564
175,3,cavalry_heavy,1222,1320.5006792412778
176,2,cavalry_heavy,1469,1438.0348666061836
177,4,cavalry_heavy,1240,1278.9338313460412
178,2,cavalry_heavy,1074,954.9328196492919
179,1,cavalry_heavy,990,882.7871691244303
180,4,cavalry_heavy,1166,1199.8383792112252
181,4,cavalry_lancers,710,713.1695953199636
182,4,cavalry_light,228,228.24294384158438
183,2,cavalry_light,345,368.9265335707472
184,3,cavalry_light,498,475.0975686505175
185,1,cavalry_light,453,372.7872271744688
186,0,cavalry_light,316,332.7031268946021
187,1,cavalry_light,351,361.0840415950847
188,2,cavalry_light,776,660.4183763213256
189,1,cavalry_light,633,558.973591930396
190,4,cavalry_light,254,258.8176201581172
191,0,cavalry_light,348,351.3106721331815
192,4,cavalry_light,270,277.98721194023466
193,3,cavalry_light,310,321.7622785246919
195,4,cavalry_light,326,334.16931886118215
196,0,cavalry_light,534,522.1760936407529
197,3,cavalry_light,914,904.2834703788004
200,2,cavalry_light,318,324.86553169947535
201,3,cavalry_standard,970,948.1882432972558
202,4,cavalry_standard,1031,1006.0075351021454
203,4,cavalry_standard,459,442.0924086980725
204,1,cavalry_standard,604,598.4541768337887
205,2,cavalry_standard,782,719.2681265325892
206,2,cavalry_standard,565,533.4032811476961
208,3,cavalry_standard,490,482.0615911379475
209,2,general,823,823.6498731232334
210,4,general,1,1.0
211,1,general,638,638.2276986099473
212,3,general,534,561.6108272063659
214,3,general,177,176.8669468868104
215,2,general,467,466.95427885206135
219,0,general,312,312.2170603159827
220,2,general,1453,1452.816997766172
221,1,general,554,565.5184115345082
222,0,general,925,876.3157432518582
223,3,infantry_grenadiers,404,456.7934552675055
224,3,infantry_grenadiers,504,485.6369760677079
227,4,infantry_grenadiers,244,180.6372075671802
229,4,infantry_light,458,443.7250378217091
230,2,infantry_light,341,344.37033058510724
231,0,infantry_light,347,345.53898441814925
232,1,infantry_light,739,780.8463828273598
233,4,infantry_light,586,590.0388640186436
234,4,infantry_light,672,652.3165037969114
235,4,infantry_light,968,904.9918405335609
236,1,infantry_line,132,167.89842149581781
237,2,infantry_line,490,484.327272691929
238,4,infantry_line,390,398.68748088276493
240,1,infantry_line,432,438.17122750657296
241,2,infantry_line,458,447.447762455423
242,0,infantry_line,339,339.79428559378556
243,2,infantry_line,236,242.92656334485793
246,2,infantry_line,299,297.2640904616548
247,4,infantry_line,382,381.8261649987261
248,0,infantry_line,239,238.27063734575196
249,3,infantry_line,200,204.52597300509484
250,0,infantry_line,1013,933.4432048914192
251,0,infantry_line,199,203.78966232082976
255,3,infantry_line,679,635.5039580071077
256,1,infantry_line,332,339.9918323116763
257,4,infantry_line,298,295.7055814581527
259,2,infantry_line,205,267.583725502122
262,4,infantry_line,730,776.4088734831404
264,1,infantry_line,500,518.06323048733
265,3,infantry_line,562,562.7525523632077
266,0,infantry_line,723,760.4782205002781
267,1,infantry_line,659,660.97176265484
269,2,infantry_line,778,782.2563250142152
271,0,infantry_line,597,584.9733487350935
272,3,infantry_line,226,232.03284524150465
273,3,infantry_skirmishers,334,326.97520275033935
13392,1,artillery_foot,300,316.4115917110908
13393,1,artillery_foot,318,295.13260367134774
13394,0,artillery_foot,300,289.8502105438968
13395,1,artillery_foot,516,549.2685488969527
13397,4,artillery_horse,441,390.9107168974607
13399,1,cavalry_heavy,1735,1661.2641868464739
13400,2,cavalry_heavy,827,861.3616140695107
13401,2,cavalry_heavy,1370,1335.9651763408458
13402,3,cavalry_heavy,865,869.8454834860821
13403,1,cavalry_heavy,1327,1311.6538360641841
13404,2,cavalry_heavy,1863,1825.8338862292585
13405,1,cavalry_heavy,874,851.1194628113554
13406,3,cavalry_heavy,730,724.2523582472024
13408,2,cavalry_lancers,737,709.607655333636
13409,0,cavalry_light,405,383.3940366607213
13410,0,cavalry_light,358,374.6742152634714
13411,4,cavalry_light,1564,1538.764515271702
13412,3,cavalry_light,1115,1006.382575568819
13414,1,cavalry_light,1452,1489.8966238255455
13415,0,cavalry_light,663,676.7877718718763
13416,4,cavalry_light,679,695.4472468511736
13417,0,cavalry_light,704,707.4681437890819
13418,1,cavalry_light,1062,931.3362514236939
13419,2,cavalry_light,851,860.0281193842957
13420,0,cavalry_light,918,948.2222967040619
13422,0,cavalry_light,490,489.26655985530266
13423,0,cavalry_light,680,670.1360869842919
13424,0,cavalry_light,560,546.0452922407778
13425,3,cavalry_light,784,793.5622596659726
13428,2,cavalry_light,426,439.12587491147144
13429,0,cavalry_standard,641,663.882284806817
13430,2,cavalry_standard,1011,1168.647260442266
13431,1,cavalry_standard,1251,1458.852941016102
13432,3,cavalry_standard,958,930.9920482604693
13433,0,cavalry_standard,558,607.972708231727
13434,3,cavalry_standard,844,1035.0082302754615
13436,4,cavalry_standard,478,529.4314842375128
13437,0,cavalry_standard,621,631.1887157549884
13439,4,general,537,541.0900360251807
13440,1,general,727,720.7921953847521
13441,4,general,1,1.0
13443,0,general,1668,1642.6291839651203
13444,3,general,1091,925.4314423222048
13445,4,general,1,1.0
13446,0,general,1368,1429.576967658216
13447,3,general,202,200.16745672325789
13448,2,general,480,455.1912486416487
13449,0,general,278,267.7456801124843
13450,1,general,611,629.7115069911642
13451,4,general,1,1.0
13452,1,general,1174,1307.3447972366564
13453,3,general,183,217.68221350815878
13454,3,general,383,373.9780901787591
13455,3,general,202,200.16745672325789
13456,1,general,352,341.6304441728662
13457,3,general,202,200.16745672325789
13462,0,general,133,126.26882036549813
13463,4,general,1,1.0
13465,1,general,1371,1438.15497980932
13466,2,general,1340,1331.907295125858
13467,4,infantry_grenadiers,878,937.7648681441461
13468,1,infantry_grenadiers,777,744.7443292746
13469,0,infantry_grenadiers,933,926.2348218118512
13471,3,infantry_grenadiers,1131,1139.9881053439349
13472,4,infantry_grenadiers,820,818.0472322510964
13473,0,infantry_grenadiers,409,312.05939249203595
13474,0,infantry_grenadiers,908,925.8842880445043
13475,2,infantry_grenadiers,1281,1288.0909587445135
13477,0,infantry_grenadiers,1279,1293.1866786313428
13478,0,infantry_irregulars,319,267.1826477539794
13480,0,infantry_irregulars,504,479.61975610074427
13481,0,infantry_irregulars,343,323.7733400766284
13482,2,infantry_irregulars,489,509.66778003532403
13483,2,infantry_irregulars,603,629.7131594378462
13484,4,infantry_irregulars,327,243.58178923905555
13485,0,infantry_irregulars,128,185.9307706408502
13486,4,infantry_irregulars,730,603.9659539347025
13487,0,infantry_irregulars,403,531.1927455088488
13488,1,infantry_irregulars,513,586.3348462464435
13489,4,infantry_irregulars,296,264.22210985615556
13490,3,infantry_irregulars,457,547.4991914759464
13491,3,infantry_light,374,384.22777668399084
13494,1,infantry_light,266,361.049292240118
13495,0,infantry_light,243,310.6246832545427
13496,4,infantry_light,283,350.67510606274874
13497,3,infantry_light,221,287.7741294208248
13498,4,infantry_light,484,471.92962549924744
13499,3,infantry_light,390,411.6234104215236
13500,4,infantry_light,526,510.5135196635889
13502,0,infantry_line,513,421.047053188441
13503,2,infantry_line,268,341.86871172222527
13504,4,infantry_line,297,285.40392968799966
13505,0,infantry_line,481,433.4468608306012
13506,1,infantry_line,220,253.806604596222
13507,4,infantry_line,206,285.57678852593284
13508,2,infantry_line,218,304.8850499573796
13509,1,infantry_line,311,298.0084398537879
13510,4,infantry_line,596,526.7984656913666
13511,4,infantry_line,250,244.29246532565332
13512,0,infantry_line,202,181.94540200044966
13513,1,infantry_line,374,373.7987647413789
13514,0,infantry_line,246,279.30068482584653
13516,1,infantry_line,368,358.5534810349096
13518,2,infantry_line,202,214.68853524030928
13519,2,infantry_line,271,282.95237622121334
13520,0,infantry_line,155,193.07100843867272
13521,0,infantry_line,230,250.75398917545948
13522,2,infantry_line,173,241.2186582616364
13523,1,infantry_line,174,197.5126143696008
13524,4,infantry_line,182,205.2011121615724
13525,0,infantry_line,269,267.2790532526061
13526,2,infantry_line,261,238.04790170807988
13527,2,infantry_line,312,406.4379660181609
13528,2,infantry_line,233,311.74173680338146
13529,4,infantry_line,476,444.93336439565815
13530,1,infantry_line,325,323.82054882633184
13531,3,infantry_line,550,514.1828568372016
13533,0,infantry_line,332,340.18777228744165
13534,4,infantry_line,392,435.7444218161085
13535,4,infantry_line,695,667.3157809955794
13536,0,infantry_line,765,717.3799177698406
13537,0,infantry_line,958,864.2088463769269
13538,3,infantry_line,578,589.2486647722195
13539,4,infantry_line,313,296.28510566850224
13543,1,infantry_militia,244,97.59844127557686
13544,3,infantry_skirmishers,256,278.6177585174743
13545,0,infantry_skirmishers,177,173.75661891897153
13546,1,infantry_skirmishers,692,665.3803937733567
13547,1,infantry_skirmishers,306,260.3126273423617
13548,1,infantry_skirmishers,236,210.03517268003898
13551,3,general,444,250.77635195983063
13552,3,general,292,296.4341622687705
13553,2,general,890,800.8417911149214
13554,0,general,388,390.19806152160294
13557,1,general,365,387.291111339885
13558,3,general,453,502.85728879014613
13560,0,general,1015,883.8871086482989
13561,3,infantry_light,505,505.5755226534246
13562,4,infantry_light,947,982.6646671223165
13563,1,infantry_line,187,209.04743662820448
13564,4,infantry_line,345,349.65579353426625
13565,3,infantry_line,363,364.96902557843373
13566,4,infantry_line,339,359.83094780641824
13567,3,infantry_skirmishers,452,271.4939082196024
13568,2,general,252,257.8713754023983
13569,4,general,179,178.14287388389394
13571,3,general,332,350.88586011312674
13572,0,general,456,483.9971467751936
13573,2,general,187,216.86536074166946
13575,3,general,854,833.9404815035125
13576,0,infantry_light,303,324.9344536844691
13577,2,infantry_line,242,229.1915957613881
13578,0,infantry_line,375,369.1413772754986
13581,3,infantry_line,442,455.26882833620107
13582,1,general,273,275.19193791741463
13583,4,general,149,148.72794446280744
13584,4,general,416,406.9752471655067
13585,2,infantry_grenadiers,482,473.6535074862203
13586,0,infantry_line,334,327.51438888274816
13587,0,infantry_line,249,244.9911203326734
13590,1,general,275,257.94285627880174
13591,3,general,524,532.8711987842718
13592,1,general,618,641.4658579279694
13593,0,general,684,692.3445014335526
13594,0,general,419,417.989571975355
13595,4,general,1025,1032.8646472713772
13596,2,general,710,781.1171540990689
13597,4,general,403,467.5290703583637
13599,3,infantry_grenadiers,626,653.97935980428
13600,4,infantry_light,280,280.6313501310103
13602,4,infantry_light,410,403.9165895950323
13603,1,infantry_line,121,99.03621675413386
13604,3,infantry_line,582,604.0963215355174
13605,1,infantry_line,494,495.4012737571448
13606,1,infantry_line,398,439.8384708963519
13607,3,general,301,297.3010093406596
13610,3,general,429,427.49155176575425
13612,2,general,57,67.62729144759545
13613,1,general,194,191.6530610347648
13614,4,general,237,222.15071626423682
13615,4,infantry_light,450,417.2467115861648
13617,2,infantry_line,297,286.5419482932935
13618,0,infantry_line,205,222.13914419883966
13623,1,general,101,135.8177797372062
13624,1,infantry_line,286,293.8588251717569
13626,4,cavalry_heavy,905,919.538863142333
13627,0,cavalry_heavy,1351,1315.039508573676
13629,4,general,723,741.8692827651057
13631,3,general,74,101.78171222978426
13632,4,general,1127,1097.5437726755297
13633,4,general,266,265.0455581291517
13634,2,general,287,299.27901100058705
13635,1,general,632,631.6244992017348
13636,3,infantry_light,359,363.2586108531939
13637,4,infantry_line,370,368.0260402395896
13639,2,infantry_line,259,249.37234191399415
13640,4,infantry_line,153,162.89091929092558
13641,1,infantry_line,694,682.2028597583388
13642,0,cavalry_light,402,433.23976461442726
13643,3,cavalry_light,541,515.3496425399829
13644,2,cavalry_light,784,857.045169302863
13648,4,general,306,336.1193874947965
13649,2,general,562,548.467713446575
13651,1,general,521,508.18619580378373
13653,2,general,432,423.26809350715445
13654,3,general,514,552.7131045453245
13655,3,infantry_line,283,281.8497227588432
13660,4,general,468,389.54778469475474
13662,2,general,200,207.20634438657072
13664,3,general,540,544.7557364184711
13665,0,general,793,834.0194928394519
13666,4,general,456,464.11872419506494
13667,2,infantry_light,577,584.9354205977808
13668,2,infantry_line,305,304.2476902204532
13669,2,infantry_line,456,361.26545674666903
13671,2,general,273,285.77059572534824
13673,2,general,216,202.16437600013904
13675,0,general,255,272.6360997197212
13676,3,general,61,56.11173535990012
13677,2,infantry_light,444,434.3269670264548
13678,4,infantry_light,324,303.6277175933191
13679,4,infantry_line,165,151.37172022176054
13680,1,infantry_line,328,334.29058060696445
13681,3,infantry_line,339,345.2954059749839
13682,3,infantry_line,199,199.1274277812576
13684,4,general,473,412.8470618919934
13685,2,general,594,611.8693428928137
13686,3,general,627,656.8570316253929
13687,0,general,855,771.394800002969
13688,3,infantry_grenadiers,293,320.42262843436873
13689,4,infantry_grenadiers,725,760.7427433065208
13690,3,infantry_light,799,813.9855623123524
13692,1,infantry_line,186,176.48669213220205
13693,2,infantry_line,586,608.9969533847744
13694,1,cavalry_heavy,1408,1298.1152399271225
13696,3,general,1556,1418.353233427439
13697,4,general,1067,1023.7479518200109
13698,4,artillery_foot,97,150.26190571467956
13699,3,general,46,110.41417651679001
13700,4,cavalry_light,319,355.56615094484437
13701,4,cavalry_light,370,396.4326285369333
13702,1,general,245,266.6880132259514
13704,1,general,181,228.1375437863532
13706,1,infantry_light,488,469.4688133289618
13707,1,infantry_line,116,140.87765972330357
13708,0,cavalry_light,768,827.1385018763929
13710,0,general,432,314.73874970115503
13711,4,general,440,484.68221529903997
13712,0,general,513,514.3181850176267
13713,4,infantry_line,376,309.55891831189035
13714,1,infantry_line,477,478.3640400298939
13715,3,general,569,522.9813943219261
13716,0,infantry_line,665,605.1222591648378
13717,3,general,427,407.8096051115229
13718,2,infantry_line,286,277.4194484597679
13719,1,general,582,612.2158630462715
13722,1,cavalry_heavy,599,597.5713579338386
13725,1,cavalry_light,896,945.3747032998424
13726,1,cavalry_light,543,520.7414286021667
13728,1,general,836,871.6090297672447
13729,0,artillery_foot,421,472.5799108901081
13730,0,artillery_foot,454,515.2779484928483
13732,0,artillery_foot,332,394.8942822950975
13733,1,artillery_foot,412,472.49913312528406
13734,2,artillery_foot,689,535.2319568333666
13735,4,artillery_foot,325,344.74148516648637
13737,3,artillery_horse,606,522.7932614128216
13738,2,general,789,789.6397972285741
13741,0,general,978,979.461156846004
13742,2,general,789,789.6397972285741
13743,0,general,299,299.25574879882157
13744,2,general,1391,1392.8274099966543
13745,3,infantry_grenadiers,265,176.6546483669968
13746,2,infantry_line,253,199.38782574405886
13747,0,infantry_skirmishers,217,207.37313579482657
13748,1,general,453,409.30129641755957
13749,0,general,341,329.13147187360556
13751,0,general,203,229.0520063974904
13752,4,general,950,818.5020109590191
13753,2,general,640,685.2215467007795
13754,0,general,576,749.367965615467
13755,3,general,453,433.20363164196306
13756,3,infantry_grenadiers,515,679.3331473368883
13757,3,infantry_light,315,330.58235278465065
13758,2,infantry_light,760,828.45439516539
13759,0,infantry_light,691,662.2467326266943
13760,1,infantry_line,365,384.4933540041554
13761,4,infantry_line,1072,1004.3132327828062
13762,4,infantry_line,279,338.65400453069293
13763,3,infantry_line,316,319.15030065453675
13764,0,infantry_line,567,537.0432309095924
13765,0,cavalry_light,263,320.8932737505005
13769,3,general,121,193.45421666928576
13771,2,general,724,637.8702594604982
13772,0,general,734,724.2734753131276
13773,4,general,489,477.51422914819926
13774,2,infantry_grenadiers,316,410.01051504896105
13775,1,infantry_line,294,298.629656099557
13777,0,infantry_line,784,785.6272187246426
13778,0,infantry_line,460,444.99016942079476
13779,2,infantry_line,832,869.8411623114952
13780,0,infantry_line,556,496.6750181285515
13781,1,cavalry_heavy,747,717.2036033307359
13782,3,cavalry_heavy,1123,1095.241638991668
13783,2,cavalry_light,450,493.8175945603257
13784,4,cavalry_light,738,855.8518601402471
13786,1,cavalry_light,609,649.2147450466612
13787,2,general,1052,1027.467603832314
13788,3,general,507,514.2959110550515
13789,2,general,585,686.3019061743306
13790,3,general,352,382.6409864602564
13791,2,general,698,655.4131104824266
13792,2,general,401,467.1686080971916
13793,4,cavalry_heavy,1230,1208.0040889811826
13794,1,general,1025,998.3302542603781
13795,2,general,629,611.8851938021039
13796,3,general,407,402.6084815596354
13797,2,general,244,254.40209498697675
13799,1,general,156,167.73544678383774
13800,0,general,311,297.01675855222766
13801,4,general,362,372.49054227197485
13802,0,general,727,679.8919072128814
13803,0,general,441,440.939134029001
13804,3,general,1010,970.5221904549973
13806,4,infantry_grenadiers,549,548.3338870080294
13808,2,infantry_light,348,372.4905691146825
13809,3,infantry_line,295,311.3528668537107
13810,0,infantry_line,344,351.8463697743398
13811,3,infantry_line,248,272.65115715830024
13812,4,infantry_line,569,502.5996770725979
13813,4,infantry_line,654,612.6602032107963
13814,0,infantry_line,1048,990.3679900909494
13815,3,cavalry_heavy,1514,1487.4719983402174
13816,4,cavalry_light,332,362.798386472601
13817,1,cavalry_light,735,737.0364664632892
13818,1,cavalry_light,333,385.6560786135548
13820,2,general,212,256.7502632172071
13822,3,general,758,773.4446399762556
13824,4,general,680,601.5963324139655
13825,2,general,691,647.9908334112697
13826,2,general,241,241.76162295538165
13828,2,infantry_line,332,346.75673544708724
13829,3,infantry_line,571,559.1856939564153
13830,2,infantry_line,723,694.7885923565846
13831,2,cavalry_light,277,337.6794996556763
13832,1,cavalry_light,484,530.5216869021655
13834,3,general,307,354.9520120216231
13838,0,general,560,500.53186167867494
13840,1,general,570,505.0438709539055
13841,0,general,266,289.62228019112854
13842,0,general,713,662.5418084603024
13843,4,general,409,358.38809214412584
13844,3,infantry_line,218,237.55927979429703
13847,2,infantry_line,258,255.0680933018931
13849,0,infantry_line,437,414.26120826703306
13850,4,infantry_line,587,550.3127806607145
13852,4,cavalry_light,740,914.9931145932765
13853,2,cavalry_light,339,397.8113768819607
13854,0,cavalry_standard,1062,1098.0526519679427
13855,2,general,656,812.9866850946883
13856,3,general,920,918.1040028640738
13859,2,cavalry_heavy,1357,1338.9337917758712
13860,4,cavalry_light,450,487.0599396288331
13861,1,cavalry_standard,512,547.9300196168084
13862,3,general,1198,1188.1108228043113
13863,3,general,356,377.09632417867533
13864,1,general,378,397.84007744106964
13865,3,general,497,471.19358117163785
13866,0,general,282,245.85657301838881
13867,4,infantry_line,388,386.3890081751068
13868,1,infantry_line,329,337.96177191451886
13871,2,cavalry_heavy,1402,1329.1115637512535
13873,2,cavalry_heavy,1471,1356.6985202209262
13874,4,cavalry_heavy,1199,1199.015202818898
13875,0,cavalry_light,516,565.1837065670614
13877,1,general,1225,1190.2294543044602
13878,2,general,1294,1197.6984989318532
13881,1,general,1093,1027.4718993970052
13882,4,infantry_line,694,639.1186113686589
13883,0,cavalry_heavy,1463,1443.0789354910492
13884,4,cavalry_heavy,1282,1278.3052825176119
13887,1,general,1074,1076.5934472326621
13888,3,general,1141,1095.5966212747733
13889,3,general,1462,1431.0893717738074
13890,2,general,1292,1296.113933839433
13891,1,cavalry_light,330,387.6793534191849
13892,1,cavalry_standard,689,780.1764455464671
13893,0,general,318,413.6136941291534
13894,0,general,679,747.6437103633247
13896,2,infantry_line,329,346.54028564630596
13897,2,general,227,230.60811129147066
13898,4,general,188,182.37663988922094
13899,4,infantry_line,251,265.4207745767476
13900,4,infantry_line,322,328.4584612130741
13901,1,infantry_line,214,203.59789291135417
13902,2,cavalry_light,476,603.5341300422339
13903,1,general,520,649.6073169827903
13905,3,general,307,264.67431328609445
13906,3,general,343,321.921357863398
13909,4,general,262,240.1321041709197
13910,3,infantry_line,355,359.00669336384635
13911,4,artillery_foot,826,870.6666036474777
13913,2,artillery_foot,486,474.87331870148324
13914,3,artillery_foot,326,311.60711070361737
13915,2,artillery_foot,69,113.98633344393454
13917,1,artillery_foot,734,666.4062880291359
13918,4,artillery_foot,77,121.14592824167924
13919,2,artillery_foot,407,368.3272980090565
13921,2,artillery_horse,624,621.8593574616569
13922,0,general,312,312.270983835141
13924,0,general,863,840.9165876180393
13925,1,general,638,637.0722210221516
13926,3,general,177,176.91293417369792
13927,4,general,1023,1082.783686306866
13928,0,infantry_line,201,208.05485399921446
13930,4,infantry_skirmishers,189,192.31267889379134
13931,0,infantry_skirmishers,239,262.06855364720417
13932,0,infantry_skirmishers,195,220.64600946325882
13933,1,artillery_horse,1111,1072.3802905874957
13934,4,cavalry_light,1015,1009.1913287697296
13936,4,general,848,996.4497425949397
13937,4,artillery_foot,537,540.9409783173975
13938,0,general,405,518.1746613552305
13939,0,general,747,789.3508865580167
13941,0,infantry_light,466,602.1373037313944
13943,3,cavalry_light,616,529.6085268779286
13944,1,general,399,310.0768916141865
13947,1,general,431,375.7096106319876
13948,4,infantry_light,844,855.1756197045298
13950,4,general,772,831.0713747329636
13951,4,infantry_grenadiers,547,662.1133134832829
13952,3,infantry_line,702,707.9710455488342
13953,0,general,1197,995.3484411988442
13954,1,infantry_militia,737,894.0784247181512
13956,4,infantry_militia,492,422.2703842928678
13957,4,infantry_skirmishers,329,295.5600664616522
13958,4,general,299,296.7389182568585
13959,0,general,557,251.44683141705542
13960,1,infantry_militia,405,492.40866025174387
13961,0,infantry_skirmishers,576,288.3433761800993
13963,0,general,563,566.0890126212639
13964,4,general,459,492.2495135115672
13969,4,infantry_line,442,457.1862583808755
13970,0,general,223,213.47022513187466
13972,0,general,561,619.2632805830942
13974,4,infantry_line,538,568.0013241678209
13975,1,general,237,252.38391768030442
13977,2,general,614,540.0258414416902
13979,0,infantry_line,349,355.85242094294955
13980,0,infantry_line,432,401.45278168402916
13981,0,general,144,126.52375008840875
13983,4,general,395,382.60831241449625
13984,2,infantry_line,248,236.65840990235958
13985,4,infantry_line,456,438.32152660438555
13986,3,cavalry_light,373,505.6153816908867
13989,0,general,1036,1021.6794307053688
13990,0,infantry_skirmishers,270,239.12196732464054
13991,1,artillery_horse,848,801.4464929629227
13992,1,cavalry_light,598,612.2946792426329
13993,0,cavalry_light,629,684.0193735549909
13994,4,general,503,524.5133060159227
13995,2,general,606,623.7909473610697
13997,3,general,382,389.0910185023408
13998,3,general,479,451.0590160001611
13999,4,general,393,371.8001854264898
14000,2,infantry_line,563,429.7907726708671
14001,0,infantry_line,451,428.9909736508873
14002,3,general,158,145.98968215638178
14003,4,general,279,281.1736753009301
14004,1,general,395,428.93884077018663
14005,0,infantry_line,260,264.943405537744
14006,2,infantry_line,391,393.0568600401332
14007,2,artillery_foot,394,385.1500802252873
14008,0,general,162,166.61693508383834
14010,1,cavalry_standard,635,574.2096292654645
14011,3,general,436,424.1222598897003
14012,1,general,673,678.2891453481885
14013,4,general,218,208.31144239525517
14014,2,general,494,429.3532791197882
14015,2,infantry_grenadiers,628,628.2897324027474
14018,1,infantry_line,285,261.613610101049
14020,0,general,125,138.60784372542517
14021,4,general,76,71.14737127792371
14023,0,infantry_line,172,175.52346977045423
14024,3,infantry_line,173,181.02435709575744
14025,4,artillery_foot,423,557.0541837212174
14026,4,artillery_horse,86,127.89097084442264
14027,2,general,348,449.8019269499407
14028,3,cavalry_light,386,509.544580784064
14029,0,general,335,483.67653074593636
14030,3,general,118,108.53182682848741
14031,4,general,411,408.79636637920095
14032,0,general,666,648.3738896165564
14033,0,infantry_grenadiers,777,782.5560992722499
14034,2,infantry_light,379,404.693413596772
14035,0,infantry_line,226,230.34599576980693
14036,3,general,74,62.036710444678064
14037,0,general,177,203.66327151196484
14038,1,general,223,224.49365173971327
14040,0,infantry_grenadiers,675,683.8391941806902
14041,4,infantry_light,281,278.4770417784858
14042,2,infantry_line,190,194.69247965485184
14043,1,infantry_line,184,176.36788063488717
14045,1,cavalry_heavy,994,891.1662517164792
14046,3,general,790,791.8398575814917
14047,2,general,1225,1101.1704208205344
14048,1,general,1283,1145.8879890020787
14049,2,general,601,604.6931420171785
14050,1,artillery_foot,412,412.68533553690094
14052,1,cavalry_light,611,631.0048828227258
14053,2,general,787,813.0564194362511
14054,4,general,1049,1015.2141566246389
14055,1,general,729,720.3919421154771
14056,2,general,254,223.42692868854
14057,4,general,287,307.9933218475385
14058,0,general,556,566.1530326548345
14059,1,general,788,817.5571851770944
14060,1,infantry_grenadiers,1110,1054.0200573991
14061,3,infantry_grenadiers,628,639.2763186174944
14062,1,infantry_grenadiers,233,252.57590553886158
14063,1,infantry_grenadiers,314,273.38289588018597
14064,2,infantry_grenadiers,700,696.2545844812008
14065,0,infantry_grenadiers,683,690.9473131027341
14066,3,infantry_line,347,333.82996464591497
14067,0,infantry_line,328,400.97190883865505
14068,1,general,348,330.1671255350068
14069,1,general,499,468.8081425368104
14070,3,general,371,410.36365360089695
14071,2,general,647,668.8311093231458
14075,0,general,520,506.4489356859762
14076,1,general,1338,1492.3224886536118
14077,4,general,966,1238.591395943675
14078,2,general,324,322.9018407372514
14079,2,infantry_grenadiers,933,1006.2141478454345
14081,1,infantry_light,370,410.9674868558047
14082,0,infantry_light,417,426.6468089167711
14083,2,infantry_line,658,647.1556846065131
14084,4,infantry_line,843,1095.2139613110182
14086,1,infantry_line,625,610.8812168624112
14087,0,infantry_line,557,582.621391510068
14088,2,infantry_line,386,386.0596603283957
14089,2,general,487,456.73562716156204
14090,4,general,1064,1074.0479464951388
14091,2,general,984,974.5050184471579
14092,2,general,831,781.9909640544862
14093,2,general,337,335.49479386069333
14094,4,general,570,564.0984522432209
14095,0,general,1069,1056.2114238360577
14096,2,general,647,663.2562150923978
14098,2,infantry_grenadiers,698,728.0843564453214
14099,1,infantry_light,583,585.9714105240986
14103,0,infantry_line,618,627.8067642158786
14104,3,cavalry_light,1360,1326.202409271246
14105,0,general,1533,1489.8056759927708
14106,3,general,375,343.16810446222047
14109,1,general,452,466.04668196666887
14111,3,general,836,735.4195905402114
14112,3,general,627,579.4272825992482
14113,3,infantry_light,525,519.3228233494451
14114,1,infantry_light,837,778.0350285756579
14115,3,infantry_line,409,402.98204249274306
14116,3,infantry_line,416,424.36480173732866
14117,0,infantry_line,636,625.4090761828338
14118,0,infantry_line,400,400.7642745280282
14119,0,general,335,249.81099707115703
14120,3,infantry_militia,376,322.5427149576837
14121,1,cavalry_light,319,283.9771585066227
14122,0,cavalry_standard,696,659.9694425320331
14123,1,general,588,543.7776105650831
14124,4,infantry_irregulars,287,184.6134607704053
14125,0,infantry_skirmishers,403,409.7235599100986
14127,1,cavalry_standard,534,1031.6069724636977
14128,2,general,394,541.7005314827406
14129,0,general,1022,1000.541175088599
14130,2,general,1,13.797923984152192
14131,4,infantry_militia,100,172.97287391229142
14133,1,cavalry_light,319,283.9771585066227
14134,2,cavalry_standard,1381,1442.5221423803741
14136,4,cavalry_standard,528,502.4900584037141
14137,2,cavalry_standard,1089,1114.8084526201858
14138,0,general,1014,990.206950537935
14139,3,general,1390,1360.2031361312634
14140,4,general,495,525.1663227687078
14141,4,general,595,540.2853542386017
14142,4,infantry_irregulars,271,272.02598372748423
14143,0,artillery_foot,346,362.38663891814645
14144,3,artillery_foot,804,799.782788350598
14145,2,artillery_foot,796,781.3537217750137
14146,0,artillery_foot,316,342.0639985076268
14147,1,artillery_foot,1379,1446.5342998298704
14148,3,artillery_foot,1457,1468.9980235626117
14150,2,general,1729,1628.2102012658409
14151,4,general,1284,1237.421329093498
14153,0,general,1076,1077.7759382933634
14155,2,general,1529,1533.8279412716877
14156,4,general,778,918.8336569638993
14157,4,infantry_grenadiers,322,250.14334288213902
14158,1,infantry_skirmishers,230,254.0848072015788
14159,1,infantry_skirmishers,230,254.0848072015788
14160,1,infantry_skirmishers,210,206.82022685471324
14161,0,cavalry_heavy,1203,1143.028329587079
14162,2,cavalry_heavy,1118,1155.4010505762087
14163,1,cavalry_light,423,437.0168328904096
14164,2,cavalry_light,352,379.8762286849513
14165,3,cavalry_light,554,565.6858148035392
14166,0,cavalry_light,641,603.6995638590657
14167,3,general,321,339.90032136739853
14168,4,general,994,946.3748132499416
14169,3,general,127,169.23596231926092
14171,0,general,523,501.0262773808613
14173,3,general,441,455.20066838457296
14174,2,general,981,970.5177911716366
14175,0,general,1189,1088.807335277285
14176,4,infantry_grenadiers,382,421.78941482143125
14177,1,infantry_grenadiers,1029,1035.0437725509667
14178,3,infantry_light,243,276.0206065323451
14179,1,infantry_line,409,416.5898841826955
14180,1,cavalry_heavy,1149,1184.9637876894215
14181,2,cavalry_heavy,1464,1497.5298445321064
14182,2,cavalry_light,364,396.8134954845584
14183,0,cavalry_light,336,356.22465127923306
14184,4,cavalry_light,878,882.7332874787504
14185,1,general,1073,1086.1386191381039
14186,4,general,209,251.4243678647112
14187,4,general,799,808.7702972660604
14189,0,general,1463,1428.597873520688
14190,3,general,298,294.71186206061833
14191,3,general,702,686.8035361612383
14194,3,infantry_light,822,847.8663502044459
14195,2,infantry_line,246,261.913127093208
14196,1,infantry_line,442,415.9117472566439
14198,1,cavalry_heavy,1469,1420.4117074007133
14199,2,general,1242,1228.699201948936
14201,4,general,553,551.4274753155856
14203,2,general,1565,1636.860458960563
14204,0,infantry_grenadiers,429,486.2912858683747
14205,0,infantry_grenadiers,604,598.6769124021232
14206,2,infantry_line,565,592.6015789908317
14207,0,cavalry_heavy,752,712.5315946883011
14208,1,general,639,631.2264074435229
14209,3,cavalry_heavy,1789,1750.3786067133344
14211,0,cavalry_heavy,2239,2226.8173033848743
14212,1,general,1870,1764.6094465104854
14213,0,general,928,975.7200650447487
14219,0,cavalry_standard,406,413.3886509572618
14221,1,general,885,933.0066572134377
14222,2,general,820,802.6647858837276
14223,2,general,1040,1093.9683056253007
14224,4,general,1233,1181.8859573098339
14225,4,general,399,406.64069140510634
14226,3,general,1262,1239.0387282787226
14228,1,general,786,655.7161738794873
14229,1,general,345,339.4123831338951
14230,1,infantry_light,570,553.8397057679247
14231,1,infantry_light,404,393.43153240228406
14232,2,artillery_horse,569,603.6170524298834
14233,2,cavalry_standard,701,759.2732479644633
14234,2,general,577,635.9256402757427
14235,2,general,46,76.30176096162018
14236,4,general,644,667.7152908465681
14238,1,general,546,554.8877355094961
14239,0,general,604,629.4253051427362
14240,4,infantry_line,125,138.5829537305258
14241,0,infantry_line,466,492.333627685352
14242,1,infantry_line,461,476.12635119887443
14243,3,infantry_line,504,537.1121738416987
14244,1,general,332,337.49317875319633
14245,0,general,414,418.32450999014986
14246,4,general,321,378.84363504943116
14248,0,general,409,458.1449556037713
14249,1,general,361,365.8350968589663
14251,4,infantry_grenadiers,380,416.49334030293534
14252,4,infantry_line,186,189.64636705738462
14253,0,infantry_line,385,394.57761779976477
14255,3,infantry_line,327,372.2520620786564
14256,3,cavalry_light,346,373.2817560768451
14257,4,cavalry_light,558,570.4578602098347
14258,0,general,296,324.09847301011115
14259,3,general,414,385.96450907778797
14260,2,general,555,580.8783112806107
14261,4,general,508,451.08665603120335
14262,4,infantry_light,392,375.6478133213097
14263,0,infantry_light,489,471.32440397545525
14264,3,general,228,240.15737488015185
14265,2,general,232,229.22159522508377
14266,0,general,230,235.92489903751402
14267,0,general,269,334.6638702529769
14268,4,general,553,576.434598899219
14269,3,infantry_grenadiers,343,347.0656181097564
14270,1,infantry_grenadiers,743,705.6090714607723
14271,1,infantry_line,291,284.5905100279813
14272,4,infantry_line,290,285.08263876262225
14273,0,infantry_line,338,397.1883463405242
14274,3,infantry_line,602,653.7044637334914
14275,0,general,374,363.360416230767
14276,0,general,220,282.22376006436355
14277,2,general,797,752.4563374300124
14279,3,general,584,602.2811786379207
14280,3,general,363,383.0417579207892
14281,2,infantry_grenadiers,623,583.0766320696356
14282,1,infantry_line,358,345.658559654682
14284,4,infantry_line,661,697.0305404886245
14285,2,infantry_line,423,445.9206981931102
14286,2,general,415,364.67794133457966
14287,4,general,274,307.2715428293799
14288,4,infantry_light,463,441.97985985183254
14289,0,infantry_light,134,135.73977657016073
14290,1,infantry_light,350,375.4681387578167
14292,3,cavalry_standard,515,545.3999468912433
14293,1,general,390,421.4774085270843
14295,1,general,429,450.88033502122164
14296,0,general,249,271.2435311457591
14298,0,cavalry_standard,442,425.44938331999987
14300,3,general,410,375.61153495518465
14301,3,general,358,337.4564153703434
14302,2,general,309,303.39676359701537
14303,2,general,285,276.5983921626343
14304,1,general,359,427.0341605354446
14310,4,general,387,396.20327857161413
14311,4,cavalry_standard,618,648.5064531651582
14313,2,cavalry_standard,389,427.8725617425028
14314,1,general,328,351.87287435369063
14315,3,general,466,501.0269976749278
14316,1,general,341,386.7720710739606
14317,0,general,1696,1315.152229207505
14318,3,general,1164,956.5561666560976
14319,0,infantry_grenadiers,1123,940.0849308147996
14320,1,infantry_grenadiers,1064,978.4021116574687
14321,3,cavalry_standard,809,869.0821240482665
14322,3,cavalry_standard,373,389.54649360139
14323,4,cavalry_standard,613,598.1808097221218
14324,3,general,278,302.26191231062944
14327,3,general,502,484.29756371479743
14329,3,artillery_foot,533,607.2879728924821
14330,1,artillery_foot,667,637.7293794452871
14331,3,artillery_foot,1017,989.2477993055634
14332,1,artillery_foot,1044,1025.4529337608817
14333,2,artillery_foot,334,317.98951928171493
14334,3,artillery_foot,760,785.7109465282665
14335,4,artillery_foot,433,395.2876517265536
14336,3,artillery_foot,430,453.03630242319315
14337,0,artillery_foot,780,768.7854194446163
14338,2,artillery_horse,496,486.2802711204143
14339,0,artillery_horse,889,875.7107213104049
14340,1,artillery_horse,1561,1646.041479967611
14342,4,general,530,473.9442044876297
14343,3,general,782,793.813187866484
14344,4,general,338,354.52931005861313
14345,0,general,799,800.5271039401607
14346,0,general,828,854.5039246870768
14347,0,general,499,499.9024450691587
14348,2,general,645,644.7838395057665
14349,1,general,365,365.9578141192699
14350,2,general,503,554.4657328649961
14352,2,general,645,644.7838395057665
14353,2,general,1137,1137.319330077475
14354,4,general,1592,1700.3326224806897
14355,2,infantry_skirmishers,162,161.97021087295363
14356,3,infantry_skirmishers,281,281.16308974907764
14357,2,infantry_skirmishers,278,255.41428422901168
14358,0,cavalry_light,964,951.84595544466
14359,4,general,994,1005.533408007582
14360,3,general,797,760.5834453057022
14362,2,general,579,590.8024116221081
14363,1,general,420,495.8710507077008
14366,4,infantry_light,625,683.4706079050658
14367,4,infantry_light,659,784.1870780621348
14368,1,infantry_light,939,1086.001082402779
14369,4,infantry_line,491,571.308523072744
14370,0,infantry_line,843,820.0261987764133
14371,4,cavalry_light,642,649.0599284299891
14372,1,general,383,492.0367190678419
14373,3,general,341,317.544578969686
14374,1,general,479,456.02705970014534
14375,1,general,294,274.06484328412387
14376,0,general,215,188.54179138684643
14377,4,general,474,477.09869647623384
14378,4,general,820,879.9562560633724
14379,0,general,888,937.359226298539
14380,3,general,685,655.6407533544188
14381,4,general,1112,1124.1348726460628
14382,0,infantry_grenadiers,455,488.19480139442044
14383,4,infantry_grenadiers,377,468.52587608715453
14385,3,infantry_line,455,445.26823729122236
14387,4,infantry_line,526,517.6809724105019
14388,1,infantry_line,320,312.25732179978615
14389,0,infantry_line,948,1014.5639409591145
14390,3,infantry_line,993,996.040963441273
14391,4,infantry_line,804,802.7596698164042
14392,0,cavalry_light,526,541.7055809981464
14393,2,general,332,306.0463490015768
14394,2,general,363,366.29215896811024
14396,0,infantry_line,436,431.81472257585057
14397,1,infantry_line,732,713.1180869343258
14400,4,general,382,385.4152789526799
14401,0,general,262,246.57337958250022
14402,0,general,876,835.0436504689668
14403,1,general,338,321.6008316498867
14405,2,general,1353,1263.6252103651082
14406,4,infantry_grenadiers,447,447.7141533704
14408,0,infantry_light,493,534.707548945637
14409,4,infantry_light,674,711.1312517359612
14410,0,infantry_light,1193,1192.11091033914
14411,3,infantry_line,307,312.22792377698494
14412,4,infantry_line,365,376.198517305248
14413,4,artillery_horse,100,148.16607627185726
14414,3,cavalry_light,556,591.2439251669684
14415,0,general,426,464.4950263485171
14416,2,general,546,513.0976560562494
14417,3,general,448,483.3924366522974
14418,2,general,650,629.7309825955881
14419,1,general,546,664.7866299671932
14420,3,general,479,452.1707177186622
14421,0,general,908,879.2575402504776
14423,2,general,1026,964.7527281364983
14424,3,infantry_grenadiers,536,617.7839662675021
14425,1,infantry_grenadiers,1051,1031.143794960439
14426,4,infantry_light,485,484.6485467951757
14428,1,infantry_line,663,646.9118849905809
14430,3,infantry_line,419,522.0779591944669
14431,4,infantry_line,812,791.4758379396186
14432,0,infantry_line,850,766.1412938297896
14433,1,infantry_line,937,892.3148077464434
14434,1,infantry_skirmishers,223,225.3528415458057
14437,2,cavalry_light,592,607.817025136623
14438,1,general,1132,1022.5792671295092
14439,4,general,446,448.2201556672796
14440,4,general,177,216.64825006510245
14441,4,general,354,330.836422828151
14443,2,infantry_line,408,393.3957047783578
14444,2,general,206,218.8212441919667
14445,4,general,78,65.28566799813741
14446,1,infantry_line,249,276.9395897868565
14447,2,infantry_line,261,309.5020505804931
14448,1,infantry_line,185,183.29458733998314
14449,4,artillery_foot,562,645.3663783129732
14452,0,general,437,468.37268676153826
14453,1,general,1051,1034.3950722524544
14454,4,general,568,527.0525398675658
14455,3,general,867,849.1617156791636
14456,3,general,496,624.2984124811629
14457,1,infantry_grenadiers,1075,1073.9156956236882
14458,3,infantry_light,479,587.2024328512139
14459,4,infantry_line,377,373.41836550926007
14460,2,infantry_line,688,659.517373349808
14462,4,cavalry_light,1258,1211.1109339693917
14463,4,cavalry_light,1750,1673.0191914365603
14464,3,cavalry_standard,631,791.3788982734288
14465,4,general,694,686.2440487228343
14466,2,general,1652,1518.6579513096174
14467,2,general,1114,1025.6194601344469
14468,0,general,1304,1219.4084080974744
14470,1,general,744,732.4301243631685
14471,3,infantry_grenadiers,1320,1286.9741144862337
14472,0,infantry_line,627,617.0610966347226
14473,4,infantry_line,866,884.571761571939
14474,2,infantry_line,1056,1074.1730359723651
14475,4,cavalry_light,1692,1685.386431756676
14476,3,cavalry_light,774,798.2168622260563
14477,3,cavalry_standard,1388,1591.6516202732773
14478,4,general,1512,1480.3865395875987
14479,0,general,574,506.96940760084664
14480,0,general,667,659.5394979934232
14481,3,infantry_line,611,580.7005811168992
14483,2,general,408,389.2851826672979
14485,4,infantry_line,285,296.656463135364
14486,2,infantry_line,361,363.4204368718534
14487,2,artillery_foot,614,568.5690561927336
14488,0,artillery_foot,614,638.6805607211967
14489,3,cavalry_light,968,968.561063621166
14490,2,cavalry_standard,1054,1215.641994501587
14491,4,cavalry_standard,945,1251.079117134048
14493,4,general,800,753.7076270212511
14494,1,general,751,1017.7193628028818
14495,3,general,918,1111.853265523796
14496,0,general,823,752.3064230353696
14497,0,general,775,812.9915606813461
14499,1,general,537,539.3727989880826
14500,4,general,883,860.2746434500569
14501,2,general,372,361.0620770863022
14502,3,infantry_grenadiers,736,718.4926491939167
14503,2,infantry_grenadiers,936,913.6282461150147
14506,1,infantry_line,672,675.7161107931789
14507,3,infantry_line,663,674.6488991130732
14508,0,infantry_line,483,490.75276775281674
14509,2,cavalry_light,874,773.2267726560682
14510,0,cavalry_light,727,758.6232154348473
14512,2,general,342,350.48945387521104
14513,4,general,753,675.8925941309891
14514,3,general,300,320.692933126951
14516,1,infantry_light,328,342.94080928621725
14517,4,general,564,617.8221231248067
14518,0,infantry_light,386,432.5676757953532
14520,2,infantry_skirmishers,547,483.6617454448214
14521,0,artillery_foot,473,397.28771682020283
14522,3,cavalry_standard,1104,1107.5576111901373
14523,1,general,190,202.6990474680587
14524,2,general,1047,1021.1683422082704
14526,3,general,842,826.9329849891743
14528,0,general,645,626.8565703866241
14530,3,infantry_grenadiers,611,655.5595504249259
14531,1,infantry_line,339,330.5535382928482
14532,0,infantry_line,291,324.5859664431945
14533,2,infantry_line,1103,1075.981914418123
14534,1,infantry_line,765,754.0816609582015
14536,0,artillery_foot,309,341.5636427622908
14537,4,artillery_foot,558,527.3922120350583
14538,3,cavalry_standard,1181,1444.7620488617517
14539,3,general,245,252.0540403552733
14540,0,general,1121,1288.7716278617304
14541,4,general,279,296.72792665254633
14542,4,general,377,376.62626117148966
14543,0,general,580,588.837544725698
14546,4,infantry_light,624,670.0360882728219
14547,1,infantry_line,355,373.1832983979939
14548,4,artillery_horse,631,628.1276720934907
14549,4,cavalry_light,763,785.9771897698561
14550,4,general,613,605.456487962725
14551,0,general,609,592.9563776100258
14552,0,general,706,697.9365082163175
14553,2,infantry_line,828,839.1183344536454
14554,3,cavalry_light,527,547.0917361747895
14555,3,cavalry_light,404,416.6253161540245
14557,1,artillery_horse,1685,1838.0116476300334
14558,2,cavalry_light,1306,1131.6197785221243
14559,1,cavalry_light,468,486.78738980220965
14560,4,general,338,332.2980491118611
14561,2,general,1154,980.6496400373265
14562,2,general,1464,1498.9129824707331
14563,2,cavalry_heavy,2153,2059.2019493890334
14564,1,cavalry_heavy,1755,1774.0140706793368
14565,0,general,1950,1881.2051465799607
14566,4,general,1511,1498.089436644752
14567,4,cavalry_standard,1607,1835.4912324355312
14568,4,cavalry_standard,1069,1086.4857962103213
14569,2,cavalry_heavy,2461,2304.467352170661
14570,0,general,2237,2124.87240944083
14572,4,cavalry_standard,898,963.7144978534335
14573,3,general,1217,1443.9895835278653
14576,4,artillery_foot,1322,1316.2656630131703
14578,3,artillery_foot,935,901.0696722250876
14579,1,artillery_horse,947,946.6708807109758
14580,0,general,469,468.85568095372065
14581,0,general,469,468.85568095372065
14582,2,general,1316,1229.6156535943346
14583,4,general,1,1.0
14585,2,general,701,701.6965713656657
14587,2,infantry_skirmishers,345,333.3739038832126
14588,2,infantry_skirmishers,318,308.57788608845624
14589,1,infantry_skirmishers,331,311.5996433386436
14590,1,cavalry_heavy,1616,1553.3890119609575
14591,4,cavalry_heavy,1378,1433.1220227389827
14593,4,general,218,198.7119306560802
14594,3,general,628,535.7878864296389
14596,0,general,560,474.19537538095017
14597,0,general,173,134.34305387689608
14598,2,general,501,484.432997112616
14600,4,general,589,597.8235787965331
14603,2,general,880,848.9453997959827
14604,2,general,640,628.0219183143066
14605,1,general,821,752.8874277005114
14606,3,general,501,480.0971939318641
14607,1,general,716,788.1816035863513
14608,0,general,954,870.3500301617939
14609,0,general,600,633.803948304932
14610,2,general,1766,1723.7553414774038
14611,3,infantry_grenadiers,416,449.68077411159595
14614,0,infantry_grenadiers,706,725.9960366662148
14615,3,infantry_grenadiers,883,895.8019517497654
14616,2,infantry_light,281,262.4819288003637
14617,4,infantry_light,513,462.12939068605937
14618,0,infantry_light,647,609.289410040666
14619,3,infantry_light,471,464.4429987362829
14620,4,infantry_light,560,571.891580511539
14621,3,infantry_light,761,809.4797014434968
14622,0,infantry_line,272,273.2764877364642
14623,1,infantry_line,485,472.1580686818696
14624,3,infantry_line,468,463.81229223063383
14625,1,infantry_line,561,593.7755712688777
14627,4,cavalry_heavy,1020,1088.5215150749198
14628,0,cavalry_heavy,1098,1175.615110873544
14629,2,general,166,182.44790468372003
14630,3,general,830,921.4975067681548
14631,3,general,599,566.7741553393046
14632,1,general,379,378.57017062484306
14633,2,general,213,222.3682560942093
14634,1,general,189,204.18343043568387
14635,4,general,1012,1086.3912504142259
14636,1,general,329,341.41616453470505
14637,0,general,103,128.17942695406663
14638,2,general,292,306.1676338301516
14639,2,general,285,296.10322452728985
14640,3,general,673,662.1927946549818
14641,2,general,544,570.8818154639374
14642,0,general,869,800.5676979403195
14643,0,general,359,369.7405062781058
14646,0,general,339,337.460368317016
14647,2,general,375,386.4028901892884
14648,4,general,634,609.9741304665697
14649,0,general,814,713.3442203095955
14650,4,general,477,485.02667537503083
14651,3,general,625,640.5713227984012
14653,3,infantry_grenadiers,587,555.6110905580693
14654,2,infantry_grenadiers,625,570.6081182942567
14655,4,infantry_grenadiers,511,479.1741701141505
14657,0,infantry_grenadiers,732,701.0484638089509
14659,3,infantry_light,757,779.7462752449957
14660,4,infantry_light,570,544.9423939159472
14661,1,infantry_line,289,293.80409497276946
14662,1,infantry_line,260,272.0598377879123
14663,4,infantry_line,200,205.7228547337855
14664,1,infantry_line,327,338.30733474358055
14666,0,infantry_line,360,362.48162605433805
14667,1,infantry_line,202,213.85200973277827
14668,4,infantry_line,654,672.5283216500752
14670,0,infantry_line,528,536.2834497895634
14671,3,infantry_line,514,500.8353652498009
14672,0,infantry_line,431,435.8980010046579
14673,3,infantry_line,351,356.43466038615276
14674,3,infantry_line,447,450.19977703238374
14675,1,artillery_horse,278,273.7483962693044
14676,0,cavalry_heavy,384,640.129026191854
14678,0,general,278,300.95770166978457
14679,3,general,226,521.4216919918256
14680,1,general,373,378.61045652108004
14681,0,general,238,243.42438318788336
14682,4,infantry_line,241,249.01789045018637
14683,2,infantry_line,431,434.1895162206502
14684,4,cavalry_heavy,1661,1717.9053488852976
14685,3,cavalry_heavy,1130,1163.1725823822164
14686,3,cavalry_heavy,1937,1853.6222514316182
14687,3,general,440,416.6272198508505
14688,0,general,1905,1829.9471705935807
14690,4,general,933,953.2414196421569
14692,0,general,359,333.5682579397865
14693,1,general,1728,1718.5194209434233
14694,4,general,101,111.35043681655054
14696,0,general,735,669.666385255971
14697,1,general,280,298.0069815897023
14698,1,general,215,246.12177791228507
14700,1,general,1267,1182.2332749662983
14701,4,general,267,299.394340024219
14703,3,infantry_grenadiers,777,743.5601076247516
14704,3,infantry_light,430,417.97882475620037
14705,2,infantry_light,207,199.60652521662647
14706,1,infantry_light,405,400.4409604855966
14707,1,infantry_light,514,564.4392551071702
14709,1,infantry_light,287,306.61401179370114
14710,2,infantry_line,678,625.2205067644385
14711,4,infantry_line,339,347.1567155845795
14712,0,cavalry_heavy,1199,1220.1999537554905
14713,4,cavalry_heavy,1328,1412.74406312896
14714,3,cavalry_light,862,912.4772231306806
14716,4,general,614,575.7750380110721
14718,4,general,181,201.56927738754143
14720,3,general,176,200.8841003912383
14721,3,general,176,195.02763130690022
14722,0,general,101,130.4882439848946
14724,4,general,995,1023.3293649662508
14727,1,general,393,420.392219862328
14728,1,general,354,384.3353327029266
14729,3,general,638,632.0297202299216
14730,0,general,520,547.3815540860097
14732,1,general,368,363.20702107731927
14733,3,general,401,423.0545145108282
14734,3,general,254,251.69875384818715
14735,4,general,370,384.85423312960296
14736,0,general,432,453.6586849733471
14737,1,infantry_grenadiers,330,344.93448008182065
14738,3,infantry_grenadiers,425,429.15952905641643
14739,2,infantry_grenadiers,710,669.56051853727
14740,1,infantry_grenadiers,536,492.66149797057295
14741,0,infantry_grenadiers,400,387.53059217215315
14742,4,infantry_light,411,392.10986717177803
14743,1,infantry_line,249,258.6714696362094
14744,3,infantry_line,237,249.38977876177907
14745,2,infantry_line,274,276.98356417060114
14746,1,infantry_line,196,218.70885312560048
14747,0,infantry_line,329,328.67419816563313
14748,4,infantry_line,450,466.4951014291987
14749,2,infantry_line,356,338.2406728747528
14750,0,infantry_line,416,411.5619805204462
14751,2,infantry_line,575,576.1110249718299
14752,1,infantry_line,536,550.3452541430393
14753,3,infantry_line,460,479.3370587242069
14754,4,infantry_line,433,444.8887594467675
14755,0,artillery_foot,501,485.1543095086626
14756,1,cavalry_heavy,1244,1232.2144418612927
14758,2,general,343,337.6580497582853
14759,0,general,93,116.44849660821887
14760,1,general,324,298.9152963307509
14761,0,general,542,565.8323733946272
14763,3,general,1164,1151.859048151918
14764,1,general,425,411.966915308816
14766,3,infantry_grenadiers,425,435.1417732855308
14767,2,infantry_grenadiers,659,655.1529057983238
14768,3,infantry_light,256,239.80628185944397
14769,1,infantry_light,437,392.5582825749372
14770,1,infantry_line,119,164.1556219513248
14771,1,infantry_line,122,130.09780444227235
14772,2,infantry_line,314,293.5020085864666
14773,3,infantry_line,321,327.9147603590677
14775,1,infantry_line,220,224.40757424820777
14776,0,infantry_line,655,630.4939187263523
14777,4,infantry_line,473,468.26045793910026
14778,2,infantry_line,404,389.83810075776984
14779,3,cavalry_light,357,367.13979226037725
14780,0,cavalry_light,577,532.4453235356578
14781,3,cavalry_standard,626,630.688575999264
14782,4,cavalry_standard,434,460.6483318424757
14783,2,cavalry_standard,710,665.3040065458067
14784,3,general,300,318.3063554337107
14786,2,general,462,433.1164185424676
14787,2,general,545,517.1143027024334
14788,4,general,306,341.47449789540246
14789,4,general,568,573.2867264977481
14793,1,infantry_light,544,585.165817475801
14794,2,infantry_line,558,544.823324140614
14795,3,infantry_line,478,475.16635098343585
14796,1,cavalry_light,570,532.1107930392458
14797,3,cavalry_light,284,299.34070662523175
14798,4,cavalry_light,267,291.35945167687004
14799,2,cavalry_light,332,348.72514068031194
14800,3,cavalry_light,331,329.28304969245363
14802,3,cavalry_light,486,487.2022383602112
14803,4,cavalry_light,383,400.3843206486779
14804,2,cavalry_standard,854,836.8955545136754
14805,0,cavalry_standard,416,433.95720490686716
14806,1,general,244,268.29391706098255
14807,3,general,521,514.0771435793873
14808,1,general,228,254.4694055333171
14809,2,general,450,435.39546127343965
14811,0,general,267,271.90243360467764
14812,0,general,724,719.0607819293804
14813,2,general,258,290.8333997877053
14814,4,general,260,297.1906241124403
14815,2,general,366,380.4763439837302
14817,4,general,622,602.3965880094661
14818,3,general,411,407.7576849624242
14819,1,general,571,546.5931634784799
14820,1,general,327,364.47738504621185
14821,0,general,533,502.7538529605257
14822,1,general,275,310.41872749104704
14824,2,infantry_light,226,225.7043442553982
14825,0,infantry_light,202,185.1095385453546
14826,3,infantry_line,408,412.14995780298347
14827,1,infantry_line,582,564.7925710310842
14828,1,infantry_line,350,347.45819273004605
14829,4,infantry_line,434,455.81348974390863
14830,4,cavalry_light,740,730.0233316018454
14831,2,cavalry_standard,876,866.8743042609088
14832,1,cavalry_standard,727,677.2106443115358
14833,0,general,723,730.2901530767152
14834,3,general,34,59.333226857050704
14835,4,general,49,67.91230965050252
14838,1,infantry_line,104,112.49476769219342
14839,3,infantry_line,77,92.06749370544183
14840,4,general,81,103.04081478392882
14841,0,general,18,66.79090877753596
14842,2,infantry_line,102,148.86434852426692
14843,4,infantry_line,125,157.40761210033787
14844,2,cavalry_light,256,272.06501352123394
14845,1,general,156,192.9041542646586
14846,4,artillery_foot,134,160.23231120351392
14847,4,cavalry_standard,601,541.9960636125235
14848,0,cavalry_standard,627,599.5717868489837
14849,2,general,636,536.6703731239264
14850,1,general,514,492.98589130978183
14851,2,cavalry_light,500,475.6425117476832
14852,1,cavalry_light,703,675.0447756329596
14853,4,cavalry_light,498,502.60703374146976
14854,2,cavalry_light,836,838.1243127122153
14855,2,cavalry_standard,391,384.0084231946756
14856,4,cavalry_standard,813,836.5094558343892
14857,4,general,705,712.5535979700828
14860,3,general,687,710.6589427981264
14861,0,general,340,330.7571537820369
14863,3,general,376,386.88914350387444
14864,1,general,532,492.19175823615507
14865,1,general,1046,968.0039110123832
14866,1,infantry_grenadiers,752,749.272050574601
14867,1,infantry_light,429,444.37616300440106
14870,3,cavalry_light,225,247.03576384056356
14871,2,cavalry_light,348,351.39895136047033
14872,3,cavalry_standard,889,868.6598838866981
14873,0,cavalry_standard,567,559.3009576090576
14874,1,general,813,767.8143590359891
14875,4,general,93,148.82767954682154
14877,3,general,458,445.9902374327929
14878,0,general,593,561.6272826118276
14879,2,infantry_grenadiers,571,541.0521506859699
14880,3,cavalry_standard,736,744.29713103308
14882,1,general,285,293.72046194647163
14883,4,general,670,670.4510120638013
14884,1,cavalry_standard,830,810.4831722211449
14886,0,general,301,339.15376185023877
14887,2,general,701,706.6186715691675
14889,1,cavalry_standard,361,389.88684506567677
14891,3,general,665,616.7453243008484
14892,3,cavalry_standard,535,521.22438276126
14893,0,cavalry_standard,632,600.5907499513137
14894,4,general,567,539.8927270847639
14895,0,general,388,387.2775629917548
14896,0,cavalry_standard,690,656.4325944560308
14897,2,cavalry_standard,937,930.6905712280441
14900,2,cavalry_standard,342,335.5700753167889
14901,4,cavalry_standard,341,339.514319513174
14903,2,general,372,347.18449318555645
14905,0,cavalry_light,759,753.9946847106098
14906,3,general,1406,1465.5088642384756
14907,2,general,628,639.5453428150983
14908,3,general,787,775.2724466471684
14909,3,artillery_horse,810,825.0066658716446
14910,2,artillery_horse,444,452.3853634629228
14911,3,cavalry_light,342,341.29461611882004
14912,4,cavalry_light,263,285.6799934182012
14913,2,general,256,286.1512538458874
14914,3,general,219,233.6004494071782
14916,4,artillery_foot,934,942.3790674892269
14917,1,artillery_foot,914,896.9086218904728
14918,1,artillery_foot,300,300.84268640442286
14919,4,artillery_foot,301,314.4318240703591
14921,2,artillery_foot,542,513.2644966564335
14922,0,artillery_foot,537,528.9173741893898
14923,2,artillery_foot,776,703.3737675907495
14924,3,artillery_foot,554,537.6086412447214
14925,3,artillery_foot,51,82.22153180420757
14927,0,artillery_foot,383,347.3111158070681
14928,2,artillery_foot,611,594.2218572393238
14929,3,artillery_foot,453,490.66041003683006
14930,3,artillery_foot,579,567.6248719037716
14931,0,artillery_foot,847,845.9166541517027
14933,2,artillery_foot,864,849.5110006631554
14934,1,artillery_foot,280,285.34232982504517
14935,4,artillery_horse,843,854.7905101602829
14937,4,artillery_horse,923,940.0840815859882
14938,2,artillery_horse,1409,1462.4762949061055
14939,3,artillery_horse,837,890.8335011643039
14940,1,artillery_horse,807,820.9535800304401
14941,2,artillery_horse,428,423.58702353185305
14942,3,artillery_horse,784,780.8481264458596
14944,1,general,1649,1529.1480458274568
14945,4,general,739,748.7956043684812
14946,2,general,761,766.0543651418831
14947,2,general,399,406.3723293780746
14948,0,general,216,216.3704230384505
14949,4,general,83,144.7142458557058
14950,0,general,679,686.9150987541615
14951,0,general,707,708.178291334915
14952,3,general,1253,1276.135392919829
14953,4,general,1,1.0
14955,0,general,950,971.315520826164
14956,2,general,570,570.9029858410859
14957,4,general,570,570.6355458709085
14958,2,general,783,779.7152517390864
14959,3,general,335,348.90300592370977
14960,1,general,853,853.1151930024668
14961,2,general,570,570.9029858410859
14962,2,general,1006,1007.0025977910805
14967,2,infantry_skirmishers,149,154.27415569219647
14968,2,infantry_skirmishers,135,147.2727833206359
14969,2,infantry_skirmishers,135,147.2727833206359
14970,2,infantry_skirmishers,135,147.2727833206359
14972,3,infantry_skirmishers,217,214.07577431340502
14973,4,cavalry_heavy,1123,1424.5298855903714
14974,4,cavalry_heavy,821,1061.3665998542372
14975,4,cavalry_light,282,301.8156593654531
14976,0,cavalry_light,701,608.6788023926234
14977,4,cavalry_light,824,827.4103192450557
14979,2,cavalry_standard,838,675.3769995151873
14980,3,cavalry_standard,696,620.3991726954291
14981,3,general,962,1230.9066366502977
14982,0,general,639,566.8466137558395
14983,3,general,794,833.2998982652052
14984,3,general,493,462.6245368174374
14985,4,general,161,185.66947406037679
14986,4,general,671,740.2703752336859
14987,0,general,283,260.3364495156286
14988,2,general,324,327.29151368303883
14989,0,general,699,699.7403590483366
14990,1,general,661,579.3470881636514
14991,3,general,635,543.4631890959218
14993,4,general,724,685.2324158937575
14994,3,general,970,931.1008011166379
14995,3,general,708,665.4505057341795
14996,3,general,1050,986.3355040276122
14997,0,general,504,513.9058192418007
14998,0,general,563,552.6143897284184
14999,2,general,367,347.24136767363945
15000,3,general,818,717.0830164266729
15001,1,infantry_grenadiers,926,999.040215023188
15002,0,infantry_light,313,314.9288738116134
15003,3,infantry_light,402,404.2572941219141
15004,1,infantry_light,484,474.0532684372522
15005,2,infantry_light,690,692.3030893775126
15006,2,infantry_light,833,831.7113242590478
15008,0,infantry_line,337,324.66426708803317
15009,3,infantry_line,787,774.125196058615
15010,2,infantry_line,622,609.5989397831728
15011,0,infantry_skirmishers,216,215.6681648988371
15012,0,infantry_skirmishers,206,204.27329892794526
15014,3,cavalry_light,458,495.19036148158904
15016,3,cavalry_light,841,884.4344714582711
15017,1,general,1312,1326.0375677551135
15018,1,general,1299,1218.6692698945176
15019,0,general,37,48.54183784830603
15020,2,general,211,227.8723817192561
15021,3,general,81,101.2521928809241
15022,3,general,63,81.85807966507073
15023,3,general,958,1032.0942779615314
15026,4,general,21,28.599310079237448
15030,2,infantry_light,154,137.8559682829103
15031,3,infantry_light,148,151.93769812381657
15032,0,infantry_light,469,467.8717012180512
15033,4,infantry_light,433,416.49341298345297
15035,4,infantry_line,185,195.39445910192438
15036,0,infantry_line,120,142.5332870410008
15037,4,infantry_line,256,319.4690129479675
15040,3,cavalry_light,677,677.0533068361547
15041,4,cavalry_light,342,366.3473851785785
15042,0,cavalry_light,937,944.4905834829104
15043,0,cavalry_standard,1183,1155.1988051258945
15044,4,general,205,176.85552700418552
15045,3,general,188,244.61669633760184
15046,4,general,310,330.81358056683746
15047,4,general,56,60.455199554414364
15050,3,general,754,767.356233719603
15051,4,general,562,566.9834191074609
15052,0,general,255,329.5446729769349
15053,3,general,78,100.21077378225488
15054,3,infantry_grenadiers,281,296.5771344092553
15056,1,infantry_grenadiers,371,431.33135979324254
15057,1,infantry_light,271,251.50072575755553
15058,0,infantry_line,157,161.62264921921457
15059,3,infantry_line,186,195.06644925665375
15060,4,infantry_skirmishers,159,150.22819674259475
15061,1,general,32,25.398355461387567
15064,2,general,23,24.271452406248542
15065,1,infantry_line,166,161.8533932873731
15066,1,infantry_line,124,116.20206053002636
15068,1,artillery_foot,195,213.04063591917935
15069,0,artillery_foot,303,333.2519042555526
15070,0,general,84,99.26511495673337
15071,2,general,393,421.65864614959787
15072,4,cavalry_heavy,1491,1586.563986879109
15073,0,cavalry_standard,1120,1080.9265281199287
15074,0,general,408,401.8765257994925
15076,1,general,364,334.8539070466146
15077,4,general,69,75.34285894373399
15078,4,general,274,271.73291414303844
15079,2,general,1317,1361.5545363142137
15080,1,general,285,298.53733161504005
15081,3,general,391,481.90085811502325
15082,2,general,330,316.98586710189653
15083,4,general,975,935.5439423450216
15084,0,general,1260,1336.3567513258245
15085,4,general,712,689.5643697086127
15086,3,general,497,516.8099135633167
15087,0,general,405,433.5763204039193
15088,4,general,407,409.2349968142078
15089,1,general,243,245.6503635953184
15091,4,infantry_grenadiers,409,462.74726429626554
15093,2,infantry_grenadiers,379,380.3048765277262
15094,0,infantry_grenadiers,412,452.985153317589
15095,1,infantry_light,301,304.8409735768603
15096,2,infantry_light,361,335.0685192213127
15097,3,infantry_light,322,310.6875571365507
15099,4,infantry_line,144,139.50064330688252
15100,3,infantry_line,185,199.94167865111157
15101,2,infantry_line,470,487.14119816752407
15103,0,infantry_line,525,537.1844077500436
15104,2,general,189,200.92263151001424
15105,4,general,165,168.1954648292945
15106,1,general,230,233.65292557090146
15107,3,general,209,225.92659006664502
15109,1,general,374,353.77336874545733
15110,4,general,417,377.8433709066162
15111,2,general,297,287.42322191598316
15112,2,general,208,195.7724597395889
15113,3,general,628,633.2350561519559
15114,0,general,125,140.64173362648086
15115,4,general,734,687.9209211909331
15116,4,general,438,471.52514529639404
15118,0,general,623,612.558745871491
15123,1,general,429,440.31086681336024
15124,0,general,362,354.8317988212821
15125,0,general,183,179.20772918026677
15127,4,infantry_grenadiers,283,311.71490117520585
15128,4,infantry_grenadiers,596,596.4411953426182
15129,4,infantry_grenadiers,534,495.38931443577536
15130,4,infantry_grenadiers,676,689.563951775362
15131,4,infantry_light,478,475.41323386470617
15132,2,infantry_line,355,348.27983223522983
15133,0,infantry_line,223,241.41653975259626
15134,0,infantry_line,307,294.0878464943351
15135,4,infantry_line,326,304.9509527665533
15136,0,infantry_line,207,224.32874076761513
15137,2,infantry_line,227,242.23333068278967
15138,2,infantry_line,295,302.294036835489
15139,3,infantry_line,490,506.20179430396126
15140,1,infantry_line,288,275.4815476612724
15141,2,infantry_line,451,462.9888860249357
15142,2,infantry_line,512,530.7290495181137
15143,4,infantry_line,413,426.455262608396
15145,1,artillery_foot,1211,1182.2650652165
15146,4,cavalry_light,517,560.6651360670677
15147,0,cavalry_light,368,381.6042443941978
15148,2,general,66,77.80931148000047
15149,3,general,304,314.5773004418604
15151,2,general,1713,1637.580478966341
15152,1,general,272,286.91149983860726
15153,0,general,73,68.42915493636694
15154,1,general,79,91.61303252135399
15157,4,general,164,125.25795752346879
15158,4,general,491,443.5554689447272
15159,1,general,322,404.2170812104214
15160,0,general,247,235.84494148641195
15161,3,general,893,890.9392984632716
15162,3,general,1196,1172.091369803335
15163,3,infantry_grenadiers,357,371.51549983708344
15164,3,infantry_grenadiers,948,934.3583769599517
15166,4,infantry_light,210,194.1480241037699
15167,1,infantry_line,268,227.78478357917737
15168,2,infantry_line,142,132.79581034114227
15171,2,infantry_line,739,756.3941710254866
15172,1,infantry_line,318,316.2585456897687
15173,3,infantry_line,254,240.46351679796422
15174,3,infantry_line,392,493.64216462320525
15175,4,infantry_skirmishers,156,151.89884937713273
15176,2,general,69,72.16676129774216
15177,1,general,150,151.6655130639342
15179,0,general,268,323.91596405772515
15180,3,general,196,264.1266038606531
15181,1,infantry_grenadiers,339,386.74920664921564
15182,0,infantry_grenadiers,268,338.8097246354131
15183,2,infantry_line,167,167.67560257386182
15184,0,infantry_line,251,252.0207591960018
15186,3,artillery_foot,333,335.17024617572616
15187,4,general,433,432.1789935858434
15188,0,artillery_foot,794,779.5631571899489
15189,2,cavalry_heavy,2404,2278.0641929065846
15191,4,cavalry_light,893,937.3374665441645
15192,2,cavalry_standard,1339,1279.067474223908
15193,4,general,413,382.4474117340873
15194,2,general,70,88.35453236277864
15196,1,general,715,726.3583468366999
15198,3,general,185,185.89217732589412
15199,3,general,323,328.78676302706776
15200,0,general,1126,1068.385197475592
15202,2,general,278,274.13346086731076
15203,1,general,2164,2137.637959665735
15205,1,general,406,385.125082661179
15206,3,general,336,345.10140131683715
15208,3,general,216,214.95435330421162
15210,2,general,976,907.0447361360593
15211,2,infantry_grenadiers,392,398.36044594509207
15212,2,infantry_grenadiers,823,872.2773877437703
15213,4,infantry_light,453,447.65523476767396
15214,1,infantry_light,388,382.6213164702761
15215,3,infantry_light,441,426.86792696438613
15216,2,infantry_light,489,463.77403712084276
15218,4,infantry_line,279,285.8653073730645
15221,2,infantry_line,132,172.62509813934201
15222,2,infantry_line,205,188.22966162144562
15225,0,cavalry_lancers,1103,1157.0635654393172
15228,3,cavalry_light,482,465.9025436977465
15229,3,general,650,700.2255681279031
15230,3,general,104,127.43925702659672
15231,1,general,348,336.2311033247431
15232,1,general,1481,1480.4257878292024
15233,4,general,68,84.21239590224052
15234,3,general,673,679.8903138096078
15235,3,general,57,53.28904652363508
15236,4,general,225,225.63570282410853
15237,3,general,310,307.4639754338268
15238,3,general,184,182.673043674452
15239,4,general,176,163.93305032359075
15241,4,general,65,75.08087408541319
15242,0,general,297,278.4199823398911
15245,1,general,225,215.35185553529357
15246,2,infantry_grenadiers,415,411.03877493044655
15248,2,infantry_light,163,156.531509665526
15249,4,infantry_line,287,277.7686659183155
15251,0,infantry_line,290,276.90763285481086
15252,1,infantry_line,271,271.0970746448809
15253,1,infantry_line,168,184.96374167986656
15254,4,infantry_line,232,236.9119389428393
15255,3,infantry_line,576,588.7151979673079
15256,4,infantry_line,330,314.3384182449264
15257,0,cavalry_heavy,673,875.2082202056795
15258,4,cavalry_light,317,329.41745145247194
15259,2,cavalry_standard,824,749.3843327738152
15262,1,general,496,684.4388550989605
15263,3,general,679,636.3886129056732
15264,0,general,323,314.71222837908124
15266,3,infantry_line,498,480.9268416022725
15267,4,cavalry_heavy,1324,1379.908700232196
15268,0,cavalry_heavy,2151,2018.0849012715987
15269,0,cavalry_heavy,1409,1465.6504622027508
15270,1,cavalry_heavy,1221,1292.2669113127213
15271,3,general,1185,1277.0784329464784
15273,0,general,2040,1840.5971645992124
15274,0,general,1373,1419.7094278764328
15275,0,cavalry_heavy,1542,1502.1334954704878
15277,2,cavalry_heavy,1436,1415.3040676997873
15278,2,cavalry_heavy,1624,1586.6286809189708
15279,3,general,1107,1154.194893201783
15280,4,general,1729,1665.0045578134914
15281,0,general,1269,1281.8965033286395
15283,2,general,1456,1390.2913945757782
15284,0,infantry_light,301,295.02343308040804
15285,2,infantry_light,288,274.0051192421146
15286,4,general,168,198.5684947093343
15287,4,general,76,101.79622518242354
15288,1,infantry_line,131,163.5919527284561
15289,3,infantry_line,116,155.91393805106685
15290,4,general,48,57.360256750974244
15292,2,infantry_line,112,140.72745308605568
15294,2,infantry_light,525,498.28699223839925
15295,1,cavalry_light,510,521.3911733417528
15297,1,general,189,176.67287914701257
15298,0,general,234,229.99611167819964
15299,3,general,590,479.2627527982507
15301,3,infantry_light,537,469.4609380740643
15302,1,infantry_light,285,295.2827574219363
15303,1,infantry_line,199,204.11171943663075
15304,4,infantry_line,249,244.91448328765097
15307,4,cavalry_light,468,520.1467464558647
15308,4,cavalry_standard,1085,1063.7034280844987
15310,0,general,288,269.4340127067681
15312,4,general,214,220.70773514792245
15313,0,infantry_light,339,340.73440785395
15314,4,general,124,123.3069951056397
15315,3,infantry_line,225,222.7379392110222
15316,3,infantry_line,174,168.39721768713764
15317,1,general,169,187.3313685708406
15318,4,infantry_line,124,159.21185425014602
15319,1,infantry_line,110,138.3944009702418
15320,3,cavalry_light,365,371.3317406560502
15321,3,cavalry_light,384,381.33433721474927
15322,4,general,398,406.1357178128659
15323,1,general,238,251.08483158134993
15325,3,cavalry_heavy,1697,1620.9418467793844
15327,0,general,1796,1706.2309592803388
15329,3,artillery_foot,183,194.58050571210168
15330,3,artillery_foot,467,487.5533585595989
15331,2,artillery_foot,486,486.3794554955694
15332,3,artillery_foot,1628,1597.5394530625044
15333,4,artillery_foot,881,880.4726515561872
15334,2,artillery_foot,1249,1229.7259048659844
15335,0,artillery_foot,794,779.5631571899489
15336,2,artillery_foot,1197,1165.965169402797
15337,2,artillery_foot,1127,1135.2253557199879
15339,4,artillery_foot,1268,1282.7105364584424
15340,2,artillery_foot,274,262.46994584158125
15341,0,artillery_horse,757,737.4002312311165
15342,2,artillery_horse,83,121.80309766299587
15344,4,artillery_horse,623,641.5294612208012
15345,1,artillery_horse,614,630.1278059890786
15346,2,artillery_horse,606,619.6969638350869
15347,3,artillery_horse,515,519.9492322298001
15348,2,artillery_horse,497,510.2494088426452
15349,1,artillery_horse,950,982.9545191849194
15350,2,artillery_horse,626,709.8145620781501
15351,3,general,1071,1085.8265751786498
15352,2,general,741,741.4168551510155
15353,4,general,407,397.042325738033
15354,3,general,336,358.4661419337296
15355,0,general,281,281.0598656002656
15356,0,general,281,281.0598656002656
15357,0,general,748,737.2975322698243
15358,3,general,159,159.22321115754025
15359,0,general,920,919.9062080136808
15361,2,general,1141,1102.149090562288
15362,4,general,870,885.0128491008368
15363,0,general,27,72.65562898590085
15364,1,general,1109,1108.2701107347225
15366,2,general,1308,1307.7680756621382
15367,2,general,117,130.51125871656745
15369,2,infantry_grenadiers,265,242.42325830355514
15370,3,infantry_grenadiers,258,264.96803652412586
15371,0,infantry_grenadiers,290,263.74039570865534
15373,4,infantry_skirmishers,82,95.58691766460224
15374,4,infantry_skirmishers,337,332.53999178468996
15375,4,infantry_skirmishers,339,336.4678299174476
15376,1,infantry_skirmishers,304,277.97325418413516
15377,0,infantry_skirmishers,187,203.54377076172284
15378,0,infantry_skirmishers,188,208.71506740165808
15379,3,infantry_skirmishers,176,210.0657289716703
15380,4,artillery_foot,601,557.5219234165796
15382,0,general,315,295.1979663611701
15383,1,general,119,124.91761383159104
15384,1,general,241,252.60691917493955
15386,3,general,130,148.69647620119906
15387,3,general,128,131.52906351504913
15390,0,general,383,468.85923995343796
15391,0,general,169,148.32954728806232
15394,3,general,501,498.6414689220063
15395,4,general,410,410.7180406580566
15396,4,general,537,564.0981143200497
15397,3,general,444,443.44966674678363
15398,1,general,485,558.7018330704655
15400,3,general,406,394.3403791960613
15402,4,general,792,783.5289380357012
15403,1,general,754,756.6216196281326
15405,3,general,302,404.924979247997
15406,0,general,880,821.9652216185755
15407,3,general,250,247.41573131765563
15408,3,general,647,632.3431668870383
15409,4,infantry_grenadiers,471,472.15922033322033
15410,4,infantry_grenadiers,617,607.1164857332295
15411,0,infantry_grenadiers,801,793.9445738870498
15413,4,infantry_light,392,416.38442403377604
15414,3,infantry_light,426,422.64022652387865
15415,1,infantry_light,189,222.7659780421196
15416,3,infantry_light,572,590.5191864837227
15417,3,infantry_light,294,374.3261949402939
15418,1,infantry_light,344,368.2408692802808
15419,4,infantry_light,496,519.2699402833473
15420,4,infantry_light,554,659.3159296320575
15421,0,infantry_line,163,167.67203630473944
15422,1,infantry_line,229,233.86750133945395
15423,2,infantry_line,334,332.04670927705416
15424,4,infantry_line,182,186.4736627931648
15425,1,infantry_line,328,321.3511049873884
15427,2,infantry_line,397,396.00725220137184
15428,2,infantry_line,313,402.4220575887376
15430,3,infantry_line,465,459.4214521624571
15431,3,infantry_line,366,348.70846206300854
15432,4,infantry_line,319,309.67198181220294
15433,2,infantry_line,739,703.7063134816783
15434,4,infantry_skirmishers,288,261.97541298992405
15436,1,general,119,129.96568246190938
15437,3,general,617,586.9736167860616
15438,1,general,205,222.4110012484412
15439,0,general,72,78.99676781509483
15441,1,general,191,189.41949834734552
15442,3,general,168,174.01400549730317
15443,1,general,158,164.6830569488642
15444,0,general,108,113.43093645498833
15445,4,general,208,209.45503442361561
15447,0,general,320,403.2356683502102
15448,4,general,132,129.2139947942173
15449,3,general,437,454.98517224188515
15450,2,general,288,293.9381813374282
15451,0,general,415,406.0356690926006
15452,1,general,589,613.9093766556153
15455,1,infantry_grenadiers,580,532.763509668902
15456,0,infantry_light,467,407.25037194202525
15457,0,infantry_light,275,285.0272915846342
15458,4,infantry_light,570,594.8450280592446
15459,4,infantry_line,249,253.5706280639699
15460,3,infantry_line,224,227.37950336220644
15462,0,infantry_line,222,223.2683343512225
15463,4,infantry_line,206,217.97582111586615
15464,4,infantry_line,287,322.3832716209322
15465,3,infantry_line,429,436.90972953209183
15467,1,infantry_line,401,404.155174409009
15468,4,infantry_line,396,395.7842065382154
15469,1,infantry_line,237,234.37330353152578
15470,0,infantry_skirmishers,184,183.66234028013997
15471,1,infantry_skirmishers,262,266.94860747189625
15473,4,general,251,245.39629735367694
15474,3,general,190,189.51510974814175
15475,3,general,501,514.5131142154708
15476,0,general,220,228.47429435744218
15477,0,general,554,564.023924367856
15478,2,general,651,661.3668863923263
15481,0,infantry_light,364,366.80205380788084
15482,3,infantry_line,296,293.45656402383486
15483,3,infantry_line,477,491.35169133843766
15484,0,infantry_skirmishers,223,189.48896720731506
15485,0,infantry_skirmishers,332,360.72997901185795
15486,0,artillery_foot,732,761.9636372529869
15487,2,artillery_horse,842,852.5082469840615
15488,0,cavalry_light,280,282.33792022247803
15489,4,cavalry_standard,988,1061.819776883644
15490,1,general,985,956.9608518069929
15491,4,general,141,158.77791561747483
15493,2,general,247,238.5208780750164
15494,4,general,122,135.03314373870728
15496,3,general,394,367.156495454799
15497,2,general,140,154.94071585128805
15498,4,general,101,98.86947243578595
15500,0,general,261,245.38222657063267
15501,0,general,113,121.57170182023359
15502,1,general,207,203.94750320064333
15503,2,general,338,324.41802785115624
15504,1,general,98,114.51489462370876
15506,3,general,264,264.696633235484
15508,0,general,218,199.3251825966289
15509,2,general,342,368.9142954923531
15511,4,general,244,226.1249032654351
15512,0,general,153,158.9909395656406
15513,3,general,154,143.9977965075123
15514,0,general,283,274.7794572953184
15515,1,general,245,247.00077961991224
15516,0,general,259,266.18216575658903
15518,3,general,274,274.4150284546194
15519,4,general,232,233.68128797420877
15522,2,general,206,202.48141548681477
15523,3,general,274,274.4150284546194
15525,3,infantry_grenadiers,576,525.788079537801
15527,0,infantry_light,172,181.06773071031964
15528,2,infantry_light,449,447.05057153181116
15529,3,infantry_light,315,335.93601291800525
15530,0,infantry_light,348,354.9293407513203
15531,4,infantry_line,315,301.9675181758035
15532,0,infantry_line,203,201.6351187868335
15534,0,infantry_line,182,213.25330733558187
15535,1,infantry_line,362,356.20152128736765
15536,4,infantry_line,173,199.62183232494192
15538,3,infantry_line,369,362.2132476453119
15539,4,infantry_line,247,239.5976811630853
15540,3,infantry_line,459,562.8073904852348
15541,2,infantry_line,318,309.2983173597266
15542,4,infantry_line,314,295.78922823855066
15544,0,infantry_line,269,251.00237334271827
15545,1,infantry_line,306,287.7130366370752
15546,3,infantry_line,409,443.6359767708185
15547,4,infantry_line,330,334.66209091352357
15548,1,infantry_skirmishers,309,296.81063636123304
15549,3,infantry_skirmishers,292,269.9370978424157
15550,3,infantry_skirmishers,178,138.5317384165411
15551,4,infantry_skirmishers,201,166.249799539018
15552,3,artillery_foot,196,193.49529305977353
15553,4,artillery_foot,381,422.7634950184235
15554,4,artillery_horse,635,611.8633880008417
15556,2,general,202,199.08993200751527
15557,3,general,136,139.7976133795409
15558,0,general,404,373.1659854299404
15559,0,general,300,302.31964128766845
15560,3,general,493,496.82477409990696
15561,0,general,355,345.06366941524715
15563,0,general,199,211.98941630092878
15565,4,general,67,100.90389345215036
15566,4,general,226,216.07699626390072
15568,3,general,58,64.16282269454949
15569,2,general,127,120.4613190455114
15572,2,general,391,397.7250809305523
15573,1,general,465,531.1317583367376
15574,4,general,411,466.2491263801302
15575,2,general,439,441.2910317111451
15576,4,general,184,224.88270505002612
15577,2,infantry_grenadiers,337,344.97199386257955
15578,0,infantry_grenadiers,342,342.31676943701024
15579,2,infantry_light,408,420.8618761491573
15580,2,infantry_light,212,246.53506768951226
15582,1,infantry_light,528,603.2073520642381
15584,2,infantry_line,243,243.40408994557785
15585,4,infantry_line,225,223.19734658113944
15586,2,infantry_line,206,204.2020103666338
15587,3,infantry_line,187,198.7650749627822
15588,1,infantry_line,286,284.853066021208
15589,3,infantry_line,128,156.91828672032548
15590,1,infantry_line,162,166.58747243857687
15591,3,infantry_line,165,170.9674897841276
15592,1,infantry_line,119,103.3183772575483
15593,1,infantry_line,499,507.29326112281166
15594,1,artillery_horse,366,349.4213450224804
15596,0,cavalry_light,420,394.0846599512182
15597,4,general,291,254.8775618374576
15598,3,general,65,57.84173786571381
15599,2,general,474,425.66135773585256
15601,1,general,133,123.67042220488824
15602,0,infantry_grenadiers,298,316.3240053277701
15603,2,infantry_line,139,130.3334432019353
15604,0,infantry_line,357,348.62069409905547
15606,1,artillery_foot,285,293.26347012471166
15607,1,cavalry_standard,690,681.9428622392951
15608,3,general,575,575.6051833632299
15609,2,general,154,156.67794909421661
15610,2,general,154,156.67794909421661
15611,4,general,449,442.8221780517672
15612,1,infantry_grenadiers,222,224.4879848245838
15614,4,infantry_line,220,222.38894162198835
15615,2,infantry_skirmishers,186,202.04798591030996
15616,3,cavalry_light,559,519.4913669248741
15617,4,cavalry_standard,584,623.5637682758687
15618,0,cavalry_standard,703,839.6374346166876
15619,3,general,245,240.96255078185175
15620,2,general,545,640.2054614099716
15621,3,general,240,255.60474143771535
15622,1,general,236,227.810206305039
15623,1,general,474,480.72937774342694
15624,4,general,415,412.9873032999875
15625,4,general,191,219.93073443891396
15626,0,general,402,392.95124678042225
15627,0,general,112,122.08765893003446
15628,4,general,584,572.2245989735202
15629,4,general,464,519.0657057112306
15630,3,general,675,687.5073212068262
15631,3,general,359,344.151413404956
15632,1,general,620,619.6714731467943
15634,3,general,205,207.29069344730982
15635,2,general,880,874.0077694715903
15636,3,general,168,170.0157340462323
15637,1,general,240,237.70808971667526
15639,0,general,561,562.0921022084549
15640,2,general,328,290.14400227333977
15641,4,general,80,107.94613858135867
15642,2,infantry_grenadiers,479,424.41684960183557
15643,2,infantry_grenadiers,823,808.740656174597
15644,0,infantry_light,344,371.20682360768325
15647,3,infantry_line,300,292.31490532168533
15648,1,infantry_line,187,199.21207527236
15649,3,infantry_line,189,211.60105902048934
15651,0,infantry_line,534,530.7434600795525
15652,1,infantry_line,374,338.29548271462335
15653,2,infantry_line,355,300.3756844809311
15654,2,infantry_line,353,335.0405298945566
15656,4,infantry_line,545,529.2436877235942
15658,1,artillery_foot,632,558.3994582099522
15660,1,cavalry_light,758,620.6245650883315
15661,1,cavalry_light,588,447.92413217036676
15662,2,cavalry_light,380,356.5187582968282
15663,3,cavalry_light,707,623.6314595386057
15666,4,cavalry_standard,384,402.68208079183734
15667,0,cavalry_standard,782,886.3212237139486
15668,2,general,688,568.8678782634458
15669,1,general,175,161.99233748175857
15670,2,general,250,230.83387233144154
15671,0,general,216,205.83673822387158
15673,0,general,380,391.964781905525
15674,0,general,343,345.72263968940894
15675,4,general,591,514.2842011872475
15677,2,general,310,282.4196510613264
15678,2,general,135,137.31816849878277
15679,3,general,217,257.9481717575333
15680,4,general,180,219.86949590122887
15681,1,infantry_grenadiers,372,362.227960127401
15682,0,infantry_line,319,316.31953740290425
15683,3,infantry_line,163,157.61518223883806
15684,1,infantry_line,227,226.07747438599299
15685,2,infantry_line,293,324.8956860058739
15686,2,cavalry_standard,928,1017.8281067215039
15687,0,cavalry_standard,643,661.1366627994516
15688,1,general,412,404.4881572715309
15690,2,general,753,820.7894496278019
15691,0,infantry_line,392,381.5904390707894
15692,2,cavalry_standard,357,394.2139576380143
15693,4,cavalry_standard,357,390.6095314570478
15694,2,general,389,402.88573858781865
15696,3,general,251,230.96896838113724
15698,0,cavalry_light,263,253.99543274883268
15699,2,general,68,94.01823181144867
15700,2,general,86,132.4192998183336
15701,2,general,147,145.01568093045617
15702,1,general,133,158.11174531549327
15703,0,general,152,138.04091936799836
15704,0,general,228,220.95327315132013
15705,0,infantry_light,205,227.8869695316979
15706,2,infantry_light,194,242.9334270671871
15707,4,infantry_light,148,169.27005203837456
15708,2,infantry_line,251,249.73208619269164
15709,1,infantry_line,109,121.06672060519934
15710,1,infantry_line,234,231.0554577640042
15712,2,cavalry_heavy,1165,1053.7770629161546
15713,4,cavalry_lancers,847,712.3850068732025
15714,4,cavalry_lancers,1019,909.3756967151211
15715,3,cavalry_light,836,676.0871910725866
15716,1,cavalry_light,805,679.7481819109472
15717,1,cavalry_light,1158,1088.2237367151326
15720,0,general,621,523.08518581386
15722,1,general,1157,1053.7536714908597
15723,4,general,966,843.9047134789939
15724,0,general,116,122.96621273340733
15725,4,general,682,575.344347168955
15727,0,general,944,842.6692385224231
15728,4,general,255,250.50200963316615
15729,4,general,391,333.28979061851663
15733,0,infantry_line,203,216.15687828516124
15734,1,infantry_line,155,150.83270518982667
15736,3,infantry_line,249,260.6250433565785
15737,2,infantry_militia,94,104.41750012316074
15738,3,infantry_militia,120,133.91984412397397
15739,2,infantry_militia,116,156.47903432228426
15740,0,cavalry_standard,328,380.0449576668519
15741,1,general,97,133.28524589236164
15742,2,general,121,155.98236695068059
15746,3,infantry_line,229,262.4826054490478
15748,2,infantry_line,400,308.09456093140733
15750,1,general,209,217.08292239030862
15752,1,infantry_line,276,275.7341766347725
15753,3,infantry_line,157,143.29999746777196
15754,1,artillery_horse,507,479.0660907460493
15755,3,cavalry_light,392,350.9141519929111
15757,2,cavalry_light,292,284.42529485028865
15758,3,cavalry_standard,688,723.193798758237
15761,0,general,100,105.15082760885778
15762,0,general,470,451.7815195470566
15763,2,general,148,169.568155954444
15764,0,general,267,236.68292842958982
15765,4,general,578,588.8043831573341
15767,0,general,737,716.274161877514
15768,4,infantry_light,214,241.0914295818239
15769,0,infantry_line,140,137.05325014224053
15770,0,cavalry_standard,503,512.9707259511721
15771,1,cavalry_standard,439,440.57716318374696
15772,4,general,313,313.2191683724626
15773,2,general,456,441.24396748092903
15774,0,cavalry_standard,906,997.0901151907408
15775,1,cavalry_standard,811,765.2567618647261
15776,4,general,688,642.8056315321398
15778,1,cavalry_standard,880,915.8564371803972
15779,2,cavalry_standard,603,647.8524331197949
15780,0,cavalry_standard,695,814.1903433767679
15781,3,cavalry_standard,810,853.4657041216146
15782,0,general,649,676.0444375532787
15783,4,general,626,700.1959038689553
15785,0,general,875,937.11254753006
15786,2,general,212,219.76810310153803
15787,3,general,228,248.46052115377148
15788,1,infantry_line,223,226.29894955560775
15789,3,infantry_line,248,252.66542785684373
15792,4,cavalry_standard,768,755.7077833216338
15793,2,cavalry_standard,870,953.9079114315306
15794,2,cavalry_standard,934,1018.3683689160458
15795,4,cavalry_standard,573,573.3261915835257
15796,1,general,764,678.6065730286232
15797,4,general,865,907.2755054608984
15798,1,general,993,928.820068480462
15799,0,general,435,421.9846437644172
15800,1,general,26,48.10044959778743
15801,0,general,378,395.775442770567
15802,0,infantry_line,130,130.7746222918995
15803,0,infantry_line,234,219.44817408084984
15804,1,infantry_line,87,94.17134778363128
15805,4,infantry_line,107,116.66961578158805
15806,4,artillery_foot,1136,1192.3712615782226
15807,2,artillery_foot,356,347.1936794740688
15809,2,artillery_foot,917,964.4994908218031
15811,4,artillery_foot,505,545.4967943976725
15812,0,artillery_foot,502,531.3033075569896
15814,2,artillery_foot,678,658.5682373374124
15815,4,artillery_foot,1413,1389.5818392037754
15816,3,artillery_foot,325,324.8759830806888
15818,4,artillery_foot,483,522.6840067148609
15819,3,artillery_foot,319,318.0441758174757
15820,1,artillery_foot,606,626.8545313424132
15823,3,artillery_foot,467,466.7954905476295
15824,0,artillery_foot,449,467.1921059821902
15825,0,artillery_foot,289,301.126351020798
15826,4,artillery_horse,576,554.5681156731673
15827,4,artillery_horse,915,871.919783468602
15828,1,artillery_horse,486,454.4822174151917
15830,3,general,323,314.8331107046568
15831,4,general,1569,1811.8409812176037
15832,2,general,424,428.51505795444933
15833,3,general,336,331.8701552834259
15834,3,general,1453,1406.3357850911793
15835,0,general,281,280.79401279152825
15836,0,general,583,553.5934944283846
15837,0,general,281,280.79401279152825
15838,3,general,159,159.17595848218468
15839,2,general,420,420.0105470936682
15840,2,general,466,473.84228076275747
15841,2,general,741,740.8469083409333
15842,3,general,159,159.17595848218468
15843,3,general,159,159.17595848218468
15844,1,general,574,573.5307560897803
15845,1,general,574,573.5307560897803
15846,3,general,159,159.17595848218468
15849,4,infantry_skirmishers,233,223.30799880613108
15851,3,infantry_skirmishers,185,193.33735859091692
15852,4,infantry_skirmishers,302,281.9273243638322
15855,0,general,393,392.13536919502627
15857,0,general,638,673.1134114321778
15858,1,general,806,815.2705934143947
15860,3,general,911,910.0518220289367
15862,1,general,1239,1267.974415838718
15863,4,general,622,614.4381689297661
15864,1,general,802,787.944173284268
15865,0,general,831,828.517004551635
15866,2,general,359,287.26518453698407
15867,4,general,415,351.8462484960337
15868,3,infantry_grenadiers,711,720.5733835917688
15871,1,infantry_light,1018,1082.0323500364889
15872,4,infantry_light,736,784.7451981593689
15873,3,infantry_line,282,272.48330218759963
15874,2,infantry_line,522,502.12355353019336
15877,2,general,437,445.868831496356
15879,0,general,247,258.3644449958991
15880,3,general,109,93.22485992375715
15881,0,general,184,232.4178987098603
15882,1,general,314,309.4646779224754
15883,1,general,495,499.5236587124173
15884,3,general,488,456.35369727022953
15885,4,infantry_light,424,445.7205599058639
15887,1,infantry_line,308,285.59891562239847
15888,3,infantry_line,223,223.84592814364984
15890,4,infantry_line,355,350.63419293847977
15891,1,infantry_line,478,452.2149469665296
15892,0,infantry_line,613,606.4836599524089
15893,0,infantry_line,546,529.7278480489335
15895,2,general,118,110.40497342883022
15896,2,general,385,335.1969983853504
15897,2,general,589,598.8848605436093
15898,0,general,1066,984.5741099728459
15899,0,general,871,815.8472253129239
15900,0,general,412,401.7293972684243
15903,0,infantry_light,911,884.3683256759796
15904,2,infantry_line,496,471.23818666857164
15905,4,infantry_line,512,508.2122321845451
15906,4,infantry_line,190,182.17192135852693
15907,1,infantry_line,769,730.9989186835177
15909,0,infantry_line,390,357.46503954322475
15910,0,artillery_foot,448,456.32448032382473
15911,2,artillery_foot,1071,1043.3250418894854
15912,3,artillery_horse,732,779.3652467444881
15913,2,general,151,120.98233529612892
15914,2,general,317,298.3514721315926
15915,0,infantry_line,366,342.32217764159185
15916,0,infantry_line,258,247.4248474976445
15917,3,artillery_foot,287,347.00717558556164
15918,2,cavalry_light,1165,1524.7500864600145
15919,4,cavalry_light,1011,1200.875280884292
15920,0,general,955,1170.8007826544413
15921,2,general,257,235.49744805020734
15922,3,general,330,308.2607375984209
15923,4,general,477,459.3331845254539
15924,3,general,722,734.8116951729498
15925,2,general,86,89.32711981664279
15926,1,general,188,235.85887499260556
15927,3,general,652,591.5209511442788
15928,3,general,827,966.7173668913101
15930,0,general,212,281.1631573832991
15931,4,infantry_light,625,696.9510584837102
15933,1,infantry_line,688,669.0013095862556
15934,3,infantry_line,384,384.30758013973013
15935,0,infantry_line,181,167.46741224483256
15936,3,infantry_line,166,160.76572900543135
15937,3,infantry_line,372,376.99479119026665
15938,1,infantry_line,291,319.5546828121445
15939,2,infantry_line,326,399.3980821915447
15940,1,artillery_foot,897,863.6201876685905
15941,0,general,438,464.64755069904277
15942,3,general,432,406.65808698724214
15943,2,general,404,383.8541674839767
15945,2,general,597,592.7991127913331
15946,3,general,463,397.9026508388917
15947,3,general,399,365.7047476589375
15948,4,infantry_light,552,569.1989807462666
15950,3,infantry_line,295,301.84221304162054
15951,1,infantry_line,453,462.2262290048007
15952,4,infantry_line,773,797.374588505456
15953,3,infantry_line,502,494.2614126418661
15954,2,infantry_line,564,532.8789504181022
15955,4,infantry_line,459,434.6760098218737
15956,2,general,250,232.80500567636025
15957,2,general,435,435.4258871527056
15959,4,general,321,292.03724885640156
15960,3,general,355,442.91723131974265
15961,3,general,960,948.4326823003835
15962,4,general,587,554.2424984630852
15963,4,infantry_grenadiers,669,871.9742185844647
15964,3,infantry_light,369,438.2823759115178
15965,1,infantry_light,618,626.4002750842628
15966,4,infantry_line,397,415.5259050480555
15967,3,infantry_line,363,374.37277056942776
15968,0,infantry_line,423,430.6650491974662
15969,4,infantry_line,869,902.0348112459493
15970,4,infantry_skirmishers,306,326.7948737707904
15971,2,artillery_foot,317,357.0379890835345
15972,1,artillery_horse,901,970.8243852721175
15973,2,general,744,800.1908733451397
15975,3,artillery_foot,528,506.9101098206358
15976,4,general,446,407.0599355085994
15977,4,general,344,367.58913109671494
15979,3,general,283,278.97398028884595
15980,0,general,314,389.7929479082201
15982,1,infantry_light,398,473.39204252456136
15984,2,infantry_line,653,650.0114867401146
15986,0,infantry_line,385,450.0223159220248
15988,1,general,336,334.63738332108863
15989,0,general,174,159.50487236278414
15990,0,general,1146,1083.4152576881158
15991,0,general,736,713.5592619244247
15992,2,general,1045,979.3776039552608
15993,2,infantry_grenadiers,875,831.5282803196129
15995,3,infantry_line,392,403.1064905669751
15996,0,infantry_line,1018,955.7433224751568
15997,4,infantry_line,849,859.1775566023391
15998,4,general,583,601.7986850860668
16000,4,infantry_line,550,561.7999371844633
16001,2,infantry_skirmishers,227,247.88607938584218
16003,0,infantry_light,484,561.9136937617609
16007,1,general,232,321.08727641841745
16008,3,general,2138,2101.9579538268827
16010,0,infantry_line,201,289.5689368631466
16011,4,infantry_line,270,321.60220684210657
16012,0,cavalry_heavy,2533,2257.1440579943214
16013,0,general,2720,2369.286086032169
16014,0,infantry_light,533,605.8048878642516
16015,0,infantry_light,241,268.2688671093003
16016,3,infantry_line,361,377.63932955458824
16017,3,cavalry_heavy,2290,2271.5404946411845
16018,3,cavalry_lancers,855,812.4873852732472
16021,1,general,401,358.07506983941175
16022,2,infantry_line,517,486.62232243792005
16023,1,infantry_line,530,493.32716463495893
16024,0,infantry_line,637,602.7229779642614
16025,0,infantry_line,499,465.9403083007393
16026,0,general,492,478.10960508447084
16027,4,infantry_line,446,441.91965412445586
16028,3,infantry_line,548,527.6246260826058
16029,2,infantry_line,541,519.0559487579925
16030,0,cavalry_lancers,988,891.7875543988968
16032,2,cavalry_light,485,599.5816110245086
16033,0,general,559,689.7586660353156
16034,1,general,316,404.4627002856902
16035,0,cavalry_lancers,1164,1020.5997294150272
16036,3,cavalry_light,1094,1133.4333565624377
16038,3,cavalry_light,916,1018.6272329750884
16039,1,general,864,931.7494679476899
16040,0,general,273,274.80921564645723
16041,2,general,1105,1103.1758114948605
16042,4,general,1035,1101.1980211496907
16043,1,general,740,768.9926327155503
16044,4,infantry_light,473,493.0650037324143
16045,3,infantry_light,578,622.3531447126459
16046,4,infantry_light,433,428.8321272650756
16047,2,infantry_line,329,330.0170637087692
16048,3,infantry_line,300,319.4087002496444
16049,1,infantry_line,432,417.0714931050603
16050,4,infantry_line,417,394.22760774280744
16051,0,artillery_horse,694,740.5871645477953
16052,3,cavalry_light,1265,1430.147226491169
16053,4,cavalry_light,1513,1756.9302545739974
16054,3,general,1066,1187.5167111467847
16055,3,general,1621,1848.7882649252538
16056,4,general,440,432.46212976146535
16057,1,general,280,308.18125826191664
16058,4,general,677,649.9728628474356
16061,3,infantry_line,411,413.22901020542884
16062,4,infantry_line,271,280.4451216560662
16064,2,general,264,244.30851950143446
16065,0,general,262,292.7843725870008
16066,2,infantry_light,431,477.62782719678614
16067,3,infantry_light,460,517.9481531079114
16068,2,infantry_line,316,328.65797873561286
16070,0,infantry_line,368,376.5916480474577
16071,4,infantry_line,526,511.35119272145704
16072,3,infantry_skirmishers,236,262.5058196531713
16073,1,cavalry_standard,1023,978.4845203260301
16074,2,cavalry_standard,1140,1053.2970555036445
16076,1,cavalry_standard,699,685.2775297637495
16078,4,general,463,442.26513625877175
16081,2,general,315,423.72864528170896
16082,3,artillery_foot,918,954.4863262028127
16083,2,artillery_foot,521,534.6004027751083
16085,1,artillery_foot,444,371.84783283619436
16086,3,artillery_horse,690,738.1745324363918
16087,2,artillery_horse,1233,1459.1404102879362
16088,2,infantry_grenadiers,419,302.17124100689335
16089,1,infantry_skirmishers,184,211.5406783280871
16090,2,artillery_foot,898,780.0059610925645
16091,3,artillery_foot,566,576.6327747436753
16092,1,artillery_foot,1901,1809.9191602582234
16093,0,artillery_foot,1971,1915.4011916118486
16094,3,artillery_foot,1133,1171.1376960842206
16095,4,artillery_foot,525,481.52260530758053
16097,2,artillery_horse,1647,1836.212199450394
16098,1,general,469,467.6535528954874
16099,1,general,1407,1207.482826840139
16100,1,general,266,265.33882558582815
16101,4,general,1846,1728.0404984522575
16102,1,general,469,467.6535528954874
16103,2,general,1,1.0
16104,0,general,792,758.0286351678448
16105,0,infantry_grenadiers,344,249.51650096564873
16106,1,infantry_grenadiers,507,569.3545027241573
16108,2,infantry_skirmishers,331,282.24030607527635
16109,1,infantry_skirmishers,242,234.2039828893259
16110,1,cavalry_lancers,319,341.2752490507625
16111,1,cavalry_light,803,871.507447455814
16113,4,general,382,347.4648367356706
16114,0,general,229,229.89895996810571
16115,0,general,102,100.03224765830566
16116,4,general,317,385.4625282356208
16117,2,general,149,147.1404315545582
16118,4,general,639,698.4775194002646
16120,4,general,169,190.89378640157852
16121,1,general,320,294.9259198237223
16123,0,general,443,399.56394499904076
16124,1,general,197,200.55587914302242
16125,0,general,275,245.3448389703191
16126,1,general,895,862.872069145729
16128,1,general,292,269.5908172154821
16129,0,general,348,318.17615894249326
16130,4,general,439,423.7583619705184
16131,4,general,547,552.550401955236
16132,4,infantry_grenadiers,338,388.4601900389966
16133,2,infantry_grenadiers,349,414.0762868719604
16135,2,infantry_grenadiers,283,306.31898835369697
16136,0,infantry_light,304,314.00346452266086
16137,2,infantry_light,490,469.72965492219447
16138,4,infantry_light,264,263.84888674996733
16139,2,infantry_light,357,348.1649059990717
16140,1,infantry_light,555,544.9674534183038
16141,0,infantry_line,293,265.5156943319403
16142,4,infantry_line,258,248.80150123222083
16144,1,infantry_line,137,118.6849577379555
16145,4,infantry_line,661,673.3080719304346
16146,4,infantry_line,340,320.0617415321751
16147,4,cavalry_light,379,376.1812408602553
16149,3,general,236,224.19319970764724
16150,3,general,560,546.1597367039078
16152,1,general,287,282.0804421987252
16153,0,general,71,72.60166902925525
16154,3,general,135,134.20909575644438
16155,3,general,282,285.209851839222
16156,3,general,103,102.03346818922478
16157,1,general,341,323.1748414817209
16158,4,general,380,354.6458530649147
16159,2,general,261,248.88100201482266
16160,4,general,203,182.42315154290876
16161,1,general,150,136.58929538596539
16162,0,general,661,667.0930332564004
16163,1,general,527,525.4451074545818
16164,2,general,331,343.8354718377127
16165,1,general,457,469.15031712272446
16168,2,infantry_light,266,262.0581664148211
16169,1,infantry_line,365,350.15095003435295
16170,3,infantry_line,327,313.5684319039455
16171,2,infantry_line,176,170.53720679306005
16172,3,infantry_line,236,230.60279462279152
16173,1,infantry_line,207,193.06182304738851
16174,3,infantry_line,391,387.268709582038
16175,4,infantry_line,120,122.96995135356487
16177,4,artillery_foot,163,201.7176896297604
16178,0,cavalry_lancers,520,474.4081624420703
16180,2,cavalry_light,402,382.94114700802874
16181,2,cavalry_light,543,547.9361330454112
16182,2,cavalry_light,382,367.4446214510481
16184,0,general,584,507.5267468174659
16185,2,general,204,244.20530139447192
16186,1,general,300,312.4496367483942
16187,4,general,237,236.8096713806734
16188,3,general,247,239.67629247151817
16190,3,infantry_line,138,141.5709821394489
16192,4,infantry_line,374,359.9093940164361
16193,3,infantry_line,306,306.5439270777662
16194,1,infantry_line,352,340.60219048953655
16195,2,artillery_foot,333,418.57728364293763
16197,1,general,555,476.72981221250024
16199,2,general,1092,1090.775450733464
16200,0,general,120,112.10826664995504
16201,1,general,188,226.76375565326018
16202,3,general,248,234.83001531993617
16203,1,general,496,457.3203074679585
16204,4,general,106,94.83668869509815
16205,0,general,759,805.2837456320514
16206,2,general,431,394.8436737464534
16207,1,general,512,513.3619018937806
16208,1,general,398,382.1586859401535
16209,4,general,336,342.75798538045626
16210,4,general,588,615.4979388977608
16211,2,general,366,374.63660111887805
16212,4,general,393,346.79808106161875
16213,4,infantry_grenadiers,209,253.02509487615995
16214,2,infantry_grenadiers,584,588.6033466958012
16215,2,infantry_grenadiers,816,867.1877712175743
16216,1,infantry_light,415,404.23650740833097
16217,1,infantry_light,175,167.85936316570658
16218,1,infantry_light,512,497.0943901926815
16219,4,infantry_light,550,511.5600691908405
16220,2,infantry_light,451,427.49370120513237
16222,4,infantry_line,348,336.0954312116267
16223,1,infantry_line,444,451.16217855714734
16224,1,infantry_line,363,362.2736440974601
16225,0,infantry_skirmishers,129,127.96804622774381
16227,3,cavalry_heavy,1471,1456.936593708976
16228,3,general,176,173.12909494175108
16229,4,general,183,165.40997839581124
16230,4,general,1395,1345.0914999938616
16231,3,general,200,191.5089743379327
16232,3,general,86,85.77788921021377
16233,0,general,368,332.67726950544187
16234,3,general,378,372.1909738734928
16235,4,general,616,614.7412180977408
16236,2,general,135,115.19908597911048
16238,4,general,699,602.1622818444814
16239,0,general,338,341.0373984661229
16240,0,general,265,280.4353029699639
16241,3,general,695,682.1961237474799
16242,2,general,413,425.87465035523115
16244,3,infantry_light,250,241.69103676205688
16245,4,infantry_light,834,811.2985995036789
16246,0,infantry_light,603,538.6985357896548
16247,1,infantry_line,297,289.87855394233793
16248,1,infantry_line,423,405.00230047290466
16251,1,infantry_line,425,426.96071564675356
16252,3,infantry_line,334,350.8059594297793
16253,2,infantry_line,402,411.77245186674094
16254,1,infantry_line,178,132.88858492955995
16255,1,artillery_foot,303,396.41629010633005
16256,3,cavalry_heavy,1237,1266.0376053222308
16260,1,general,260,260.0790150096059
16261,3,general,194,192.1301828579337
16262,2,general,129,133.24718259584964
16263,1,general,204,242.38173748217977
16264,2,general,76,76.82343099296315
16265,1,general,159,159.00673927814233
16267,4,general,1009,930.6911545506638
16268,4,general,394,360.69664149934454
16269,4,general,315,285.02848245574995
16270,3,general,441,515.1475917572662
16271,0,general,566,641.5831775563012
16272,3,general,409,436.18719914395746
16273,0,general,269,264.76912685642793
16275,1,infantry_grenadiers,881,922.6886526051176
16276,2,infantry_grenadiers,559,634.4062718084283
16277,2,infantry_grenadiers,472,500.36393350390847
16278,4,infantry_line,177,172.55641285603753
16279,4,infantry_line,195,197.84559066423225
16280,4,infantry_line,262,255.74257404851886
16281,3,infantry_line,194,172.89392626195004
16282,2,infantry_line,374,361.83113266516534
16283,3,artillery_foot,205,312.54803942145134
16284,2,cavalry_heavy,1149,1187.6317245678133
16285,1,general,128,221.35782157997735
16286,3,general,955,989.3717098204005
16287,2,cavalry_heavy,1179,1220.7343491626796
16288,4,general,979,1009.509434082809
16289,3,cavalry_heavy,1462,1397.1537731969831
16290,0,cavalry_lancers,286,267.80570928228025
16292,1,general,1463,1349.741878818949
16293,3,artillery_horse,1918,1215.7827276187095
16294,1,cavalry_light,679,648.3910848300908
16296,3,general,279,271.889394616158
16297,3,general,557,538.7688956619963
16298,0,general,302,292.19830909006066
16299,4,general,564,526.4691146724407
16300,3,general,166,151.25559840493673
16301,2,general,266,245.15772044496788
16302,1,general,181,181.94715950018195
16303,4,general,121,122.29292346633935
16304,2,general,181,168.27954409688405
16305,1,general,376,390.8776402803709
16306,4,general,489,477.35124231858435
16307,2,general,197,211.12407647918747
16309,4,infantry_grenadiers,271,284.59494436333244
16310,0,infantry_light,294,302.5640851963363
16311,2,infantry_light,603,590.4187405871546
16312,4,infantry_line,245,246.00540236233542
16313,4,infantry_line,274,252.49966438813408
16314,2,infantry_line,288,310.13282533314907
16315,1,infantry_line,289,269.10471597167475
16316,4,infantry_line,226,224.77728262911535
16317,1,cavalry_heavy,887,1008.9192484632366
16318,0,cavalry_lancers,957,954.3218881250592
16319,0,cavalry_light,459,455.4395644309055
16320,3,cavalry_light,258,266.8215631489456
16321,4,general,49,51.570766857303596
16322,0,general,151,131.26676609246502
16323,4,general,214,202.50219662735446
16324,1,general,205,224.5347513982912
16325,3,general,893,862.3264903759323
16326,4,general,456,458.44326236964736
16328,1,general,634,818.5407051891431
16329,0,general,243,224.505816488141
16330,0,general,96,90.39965264375459
16331,0,general,81,78.80928695637502
16332,1,general,245,252.68562021333668
16334,1,general,531,517.512601144587
16335,4,general,695,672.1017696704031
16336,1,general,56,42.85205419168808
16337,1,general,469,474.6125755940507
16339,0,infantry_light,294,289.8982464344853
16340,0,infantry_light,183,184.2244052808338
16341,4,infantry_light,176,163.81276691259623
16342,3,infantry_light,165,146.5600099902797
16344,4,infantry_line,151,151.10478585445682
16345,4,infantry_line,579,586.759246433028
16346,1,infantry_line,586,587.7234421761187
16347,2,infantry_line,314,325.76953036034286
16348,2,artillery_foot,403,483.2014430881758
16349,1,cavalry_lancers,457,473.08459927928175
16350,4,cavalry_lancers,320,341.615208468112
16351,2,cavalry_light,810,800.1414420329343
16353,2,cavalry_light,407,411.22248673500917
16354,3,cavalry_light,450,421.57948597104723
16355,2,general,284,290.1950084177163
16357,2,general,184,164.80772026118444
16358,0,general,14,41.22291547385869
16361,0,general,76,83.07711567875177
16362,3,general,327,328.75366943825856
16363,2,general,80,86.23751388811016
16364,3,general,119,135.1187788231961
16365,2,general,415,424.0835761932599
16366,1,general,688,673.1173618452132
16367,0,general,185,216.1424062754502
16368,2,general,489,466.94477260850647
16371,0,general,437,402.7811562998169
16372,3,infantry_grenadiers,330,329.1480007482677
16373,3,infantry_light,195,187.3203627143266
16374,4,infantry_light,543,552.4575393559842
16375,0,infantry_light,544,551.2331207663884
16376,2,infantry_light,476,467.0441020965185
16378,2,infantry_line,279,277.6108197257833
16379,0,infantry_line,150,154.865875155972
16380,2,infantry_line,182,183.0802032644355
16381,3,infantry_line,96,114.40093436050012
16383,0,infantry_skirmishers,230,235.96785605445828
16384,0,artillery_foot,531,673.6717318676135
16386,0,artillery_horse,584,545.40058894749
16387,1,general,763,662.8808825010083
16389,4,cavalry_heavy,1122,1173.279274114715
16390,1,general,115,118.6500624512474
16392,0,general,1122,1123.6593905575353
16393,1,general,514,523.4471050605894
16394,3,general,518,461.7969328713062
16395,0,general,662,648.9794997952164
16396,4,general,506,483.1030178046084
16397,2,general,616,539.3406419995533
16398,4,general,820,861.1587011306593
16399,4,infantry_grenadiers,768,808.623699975671
16400,3,infantry_grenadiers,447,455.3984113782661
16401,3,infantry_light,220,225.15847836572365
16403,1,infantry_line,619,607.3844393206313
16406,1,general,1033,1065.5753301659827
16407,0,general,271,256.22792080398193
16408,2,general,360,427.1512268977098
16409,1,general,615,592.2642859280807
16413,2,general,476,480.3531538224223
16414,3,general,434,412.68509095052264
16415,3,infantry_grenadiers,593,592.411462384403
16416,4,infantry_light,494,489.42789071668057
16417,3,infantry_line,568,559.7603523423741
16418,0,infantry_line,368,420.03318967361275
16419,0,infantry_line,358,362.26058692449305
16421,4,cavalry_heavy,1156,1194.979723108943
16422,3,cavalry_heavy,880,972.3740176648507
16423,0,cavalry_lancers,542,498.356779911124
16424,0,cavalry_lancers,267,253.0944358873197
16425,3,cavalry_light,440,427.4162506760346
16427,2,cavalry_standard,1102,971.3549067459786
16428,1,general,735,800.8690950281441
16429,0,general,915,771.1011912791633
16430,3,general,119,181.9414634245008
16431,2,general,907,775.5751951174083
16432,4,general,302,304.8128887320885
16433,3,general,1307,1339.436643838507
16434,4,general,529,519.0879930190783
16435,1,general,683,650.1190542674245
16436,2,general,470,470.83793385168246
16437,0,infantry_line,581,584.9124760229676
16438,2,cavalry_heavy,1549,1423.0261823871713
16439,1,cavalry_light,613,582.6557238090704
16440,1,cavalry_light,320,310.35692082357656
16441,1,general,553,511.7065450637132
16442,3,general,1313,1199.764600289089
16444,0,general,399,354.86231604298104
16445,0,infantry_line,383,356.7631646118089
16446,1,artillery_foot,560,566.5835407345703
16447,3,artillery_horse,1518,1621.27460362808
16448,4,cavalry_heavy,1132,1165.0377982724538
16449,1,general,1363,1434.8133435487246
16450,0,general,1059,1068.4521637870516
16451,3,cavalry_heavy,1223,1215.7464029218718
16452,2,cavalry_lancers,245,244.58566833935788
16454,3,general,1144,1105.5570533995965
16457,4,cavalry_light,358,352.0367198245245
16458,2,general,292,293.91012984623046
16459,3,general,177,216.10607829994717
16460,3,general,243,253.8158208182889
16461,2,general,124,161.72554570183914
16462,3,general,596,598.4419752839096
16464,2,infantry_line,195,230.22286680625075
16465,1,infantry_line,524,536.016633812742
16466,2,infantry_line,453,455.5646123956841
16467,1,cavalry_light,365,360.3163502895772
16468,0,cavalry_light,413,399.6717155917367
16471,4,general,257,258.6522561385944
16473,4,general,223,233.26035788474127
16474,3,general,205,224.787779236019
16475,2,general,357,361.535803014822
16476,4,general,666,696.7247942754688
16477,3,general,923,869.8595047335334
16478,2,general,673,660.6063817248181
16479,0,general,231,234.90766319535751
16480,2,infantry_grenadiers,588,604.6625943218057
16481,3,infantry_line,339,339.21726019826514
16482,4,infantry_line,624,625.8772008018233
16483,3,cavalry_light,812,829.7275993001504
16484,1,cavalry_light,359,347.447241471366
16485,3,cavalry_light,557,540.3764125205413
16486,4,cavalry_light,340,341.55849333816934
16487,2,cavalry_light,696,687.8955108273924
16488,0,general,816,880.9464192953866
16489,2,general,388,373.56434963334436
16490,3,general,262,255.86596278214503
16491,3,general,688,714.6628099558995
16492,0,general,637,628.2529990778711
16493,0,general,452,452.4642768174408
16494,0,general,380,384.2745628285407
16495,1,general,460,472.2537440855451
16496,1,infantry_line,446,452.24488565499587
16497,1,cavalry_standard,879,804.2165408776563
16498,4,cavalry_standard,539,521.0176118559317
16500,1,general,284,268.38580959676705
16502,4,infantry_line,342,326.81008117658564
16503,0,infantry_line,226,228.4891875603773
16504,1,infantry_skirmishers,116,115.2506812655218
16505,4,cavalry_standard,539,532.5299042180947
16507,1,general,550,498.4572402692356
16508,0,general,449,432.888598147864
16509,3,artillery_horse,974,903.7843553030365
16510,4,artillery_horse,325,296.10361296937015
16511,0,cavalry_lancers,369,375.26771525764997
16512,0,cavalry_lancers,558,513.5669729619211
16513,3,cavalry_lancers,541,495.74390297207844
16514,2,cavalry_light,436,439.17178421221024
16515,3,cavalry_light,411,404.69272100352885
16516,1,general,493,487.52456817306825
16517,3,general,285,282.723735755033
16518,3,general,534,486.23894312569126
16519,0,general,229,252.50012369742174
16520,1,general,391,376.3982676978317
16521,4,cavalry_heavy,2274,2327.3845808123883
16523,3,cavalry_lancers,642,637.1790704899913
16524,1,cavalry_lancers,314,339.5671389167154
16525,4,cavalry_lancers,661,690.3897728039267
16526,4,cavalry_lancers,706,722.8303662997964
16527,0,cavalry_light,337,328.3755309638028
16528,3,cavalry_light,688,647.4913014827595
16529,1,cavalry_light,696,682.7375395987174
16531,3,cavalry_light,344,344.3998906615254
16532,2,cavalry_standard,1478,1373.2855060731933
16533,0,general,356,334.1593814223056
16534,2,general,416,419.2398621246691
16537,1,general,241,240.8062837618925
16538,0,general,693,665.7667515959128
16539,0,general,267,263.72371558475004
16540,0,general,198,203.25278582927214
16541,0,general,488,489.12432320836047
16544,2,general,751,777.865248903102
16545,4,general,1394,1359.2475008500933
16546,3,infantry_line,131,127.43908196628102
16547,3,infantry_line,225,222.46785565725943
16548,1,artillery_horse,1206,1060.9045357031837
16549,1,cavalry_lancers,434,395.2331050144765
16550,3,cavalry_light,595,553.4154239935431
16551,3,cavalry_light,753,745.5912769303014
16552,4,cavalry_light,278,276.49596180040834
16553,0,cavalry_light,649,645.3297568243548
16554,1,cavalry_light,344,339.27679801899757
16555,1,cavalry_light,357,335.5357726969404
16556,1,cavalry_light,1324,1391.5064555022418
16557,0,cavalry_light,716,730.0793954065952
16558,2,general,536,512.2057547717887
16559,4,general,1232,1204.3788410556924
16561,4,general,470,573.6450800094096
16562,4,general,310,287.3926113268799
16564,0,general,593,588.2889743923396
16565,3,cavalry_lancers,1027,1022.6432731204452
16566,4,general,844,815.7951249722137
16568,4,infantry_light,282,269.7195720358482
16569,0,cavalry_heavy,1062,1053.4601853921884
16570,1,cavalry_lancers,999,1020.1014009324434
16571,3,general,996,989.6963377847719
16572,1,artillery_foot,1491,1534.2883945528104
16573,2,artillery_foot,1428,1654.394341541568
16574,4,artillery_foot,810,972.6532767756032
16575,0,artillery_foot,672,768.600607445829
16576,3,cavalry_heavy,848,884.7654927181065
16577,2,cavalry_heavy,1224,1239.383660912881
16579,4,general,1069,1074.1486100700465
16580,4,general,1706,1790.4618678429442
16581,2,general,1661,1521.5664075310435
16582,2,general,1506,1671.3203654539182
16583,1,general,713,750.4145658379105
16586,0,artillery_horse,973,922.5307588435778
16588,1,cavalry_heavy,794,907.2167792539946
16589,3,general,1377,1247.03065849253
16590,3,general,630,718.8808890385482
16592,3,general,902,972.2573081993365
16593,3,artillery_foot,714,801.4082856074172
16594,3,artillery_foot,720,826.0008639787221
16596,1,artillery_horse,415,363.4579406007038
16597,1,general,569,636.7202915552385
16598,4,artillery_horse,788,765.4378052432007
16600,3,general,433,535.6243803234096
16601,2,general,144,180.40852139895188
16602,3,infantry_grenadiers,263,289.9063224580624
16603,1,infantry_skirmishers,189,197.7487065939887
16604,0,artillery_foot,296,258.5624228563492
16605,4,artillery_foot,610,679.3285887263968
16606,4,artillery_foot,307,329.9275827141252
16608,0,artillery_foot,522,621.5748575943302
16609,0,artillery_foot,614,735.0270091809565
16610,4,artillery_foot,743,785.9857068875231
16612,3,artillery_foot,607,689.3820017633451
16613,0,artillery_foot,710,846.3471024597602
16616,1,artillery_foot,383,368.58641817025585
16617,3,artillery_foot,233,278.34223461941315
16618,2,artillery_horse,733,729.0930950081573
16619,0,artillery_horse,1103,1076.810847682156
16621,4,artillery_horse,649,558.8137528606444
16622,1,artillery_horse,1126,1057.9694887085536
16623,3,artillery_horse,974,903.7843553030365
16624,4,artillery_horse,912,874.5837340582332
16625,2,general,631,749.4613060712995
16626,1,general,255,255.73841482364796
16627,2,general,55,54.87850022155606
16628,3,general,548,662.7505971721826
16629,2,general,513,603.8939627948406
16630,3,general,348,341.0587998041265
16631,1,general,2221,1990.358409250216
16632,2,general,55,54.87850022155606
16635,3,general,145,144.73326824937396
16636,2,general,1,1.0
16638,2,general,895,1005.0925538422854
16639,0,general,674,673.6748229381585
16641,1,general,522,522.2456442385501
16642,0,general,674,673.6748229381585
16643,2,general,534,643.4577463936465
16644,1,general,255,255.73841482364796
16645,0,infantry_grenadiers,166,156.5471813848168
16646,1,infantry_grenadiers,499,572.6213174020755
16647,1,infantry_skirmishers,208,221.39973031749815
16649,3,infantry_skirmishers,196,203.36582223912598
16650,3,infantry_skirmishers,197,203.30761473914953
16651,1,cavalry_light,597,581.4474107301896
16653,2,general,205,189.29890258810616
16654,2,general,239,250.77691065433575
16655,2,general,648,642.222784991316
16656,1,general,73,65.37203370872001
16657,4,general,344,361.8467676240854
16659,3,general,578,527.3449249821513
16660,3,general,879,884.8047363526663
16661,2,general,688,605.2122273030831
16662,1,general,382,390.6412169825784
16663,1,general,192,197.93178868075458
16664,0,infantry_grenadiers,807,791.7976616691317
16665,1,infantry_light,299,321.5300912588446
16666,2,infantry_light,291,311.807942071466
16667,2,infantry_light,607,578.2150064490467
16669,2,infantry_line,303,303.72732672091047
16670,3,infantry_line,177,169.01079363064997
16671,3,infantry_line,329,342.4311470061117
16672,4,infantry_line,307,289.75186156743814
16673,0,general,237,248.3283085937431
16674,4,general,374,367.5394873805667
16675,1,general,428,429.9781274283938
16676,4,general,204,225.46072294947191
16678,1,general,732,786.2266800083281
16679,2,general,535,535.20792104735
16680,0,general,804,829.1774549259052
16681,1,general,343,331.43566796101504
16682,4,infantry_light,290,295.51829762642745
16683,3,infantry_light,537,548.0556441023167
16684,1,infantry_line,219,217.19071915174104
16685,2,infantry_line,480,486.32965802297525
16686,3,infantry_line,123,122.86354790901535
16687,3,infantry_line,457,442.61221327960317
16689,1,infantry_line,845,920.2171055703456
16690,0,infantry_skirmishers,249,241.42969402016536
16692,4,cavalry_standard,662,654.1208534185499
16693,0,general,521,506.7955190889221
16694,2,artillery_foot,671,654.1638084569963
16695,1,general,533,491.5586910686018
16696,1,general,476,434.7714802447099
16697,2,general,148,159.0758985462789
16698,0,general,112,134.374779871083
16699,0,general,409,416.6020897408532
16700,4,general,284,264.91653909146055
16704,3,infantry_line,178,186.38638118530383
16705,2,infantry_line,247,268.87343954471044
16706,1,infantry_line,211,233.9816481093753
16707,4,infantry_line,433,411.99648107173533
16708,4,infantry_line,395,377.13536163072405
16709,3,infantry_line,509,544.8365452727278
16710,1,general,343,384.23948621853486
16711,3,general,477,450.94301815610294
16712,0,general,85,98.99522103066707
16713,2,general,427,415.91012001175415
16714,0,general,681,646.9263771112924
16716,0,general,695,657.3822350440032
16717,2,general,415,431.21653141302806
16719,1,infantry_grenadiers,659,612.5635302918879
16720,3,infantry_light,587,583.6706411517995
16721,4,infantry_light,490,469.48662174884606
16722,2,infantry_line,189,199.30764503540527
16723,3,infantry_line,282,296.18388742033574
16725,1,infantry_line,469,496.2320480103658
16728,2,artillery_foot,364,349.4212949134969
16729,3,general,403,425.51075581181226
16730,2,general,125,139.42881211642248
16731,2,general,170,172.4834345569526
16733,3,general,223,266.7005150431753
16734,0,general,964,903.7494482073109
16735,4,general,735,670.0063994494496
16736,4,infantry_grenadiers,784,731.0133911012068
16738,0,infantry_line,233,246.98833668910058
16739,3,infantry_line,310,346.036354938647
16740,1,artillery_horse,651,626.5824863337507
16741,4,cavalry_lancers,1645,1586.7776305315847
16742,1,cavalry_light,1281,1296.2892895565167
16743,4,cavalry_light,1323,1439.1104032185347
16744,4,cavalry_light,860,879.9029591698667
16745,4,general,459,439.3001049023113
16746,1,general,741,740.1046533277356
16747,4,general,266,187.56834731061332
16748,4,general,476,461.8389755722517
16749,0,general,287,326.2333898618874
16751,2,general,1573,1592.3713847710412
16752,2,general,438,391.7238240555884
16754,2,infantry_grenadiers,443,303.93881273197746
16755,4,infantry_light,312,388.7667206311037
16756,4,infantry_light,408,386.3937917711338
16757,0,infantry_line,401,362.32479106990525
16758,2,infantry_line,434,375.8558145693301
16759,4,infantry_skirmishers,121,152.9548420254463
16760,4,general,383,380.14913752142877
16761,3,general,120,136.11578676200142
16762,1,general,329,321.56889724577695
16763,1,general,427,447.874643169664
16764,1,general,593,546.3842358395038
16765,0,general,408,409.2940622881762
16766,0,infantry_grenadiers,719,658.5946761879266
16767,3,infantry_light,524,539.8468762330702
16768,0,infantry_line,439,423.11767329607073
16769,0,infantry_line,305,325.4611275289419
16770,1,infantry_line,195,196.3089980354217
16771,3,infantry_line,327,353.23577437252203
16772,4,artillery_horse,817,779.5174811216264
16773,1,cavalry_heavy,1848,1753.121896016098
16774,4,cavalry_light,782,800.1303153503981
16775,3,general,1846,1729.602146239726
16777,0,general,796,869.7015289877564
16778,0,artillery_foot,860,728.4771283730155
16779,4,artillery_foot,483,484.34353593019677
16780,4,general,209,213.91939397139055
16781,4,general,756,642.4181117057585
16783,1,infantry_line,224,267.36181807194
16784,4,infantry_line,309,321.7464189676026
16785,0,infantry_line,182,213.59118902421767
16786,4,cavalry_light,607,608.9179756991746
16787,1,cavalry_light,1143,1241.5555083465144
16789,0,general,289,265.12397319561035
16790,4,general,1051,1125.0311993182738
16792,3,general,1075,1165.8843486712824
16793,2,general,918,892.8503475026824
16794,1,general,265,237.12765609493746
16795,1,infantry_line,348,322.1585379810632
16796,2,infantry_line,511,409.60127606259584
16798,3,infantry_skirmishers,324,292.20517519915836
16801,3,cavalry_standard,909,913.7810957726416
16802,2,general,102,120.71131642035691
16803,2,general,98,112.75373187446986
16805,4,general,177,212.60786031685763
16806,4,general,1059,1031.3441871885009
16807,0,general,1160,1242.8967118124397
16810,4,infantry_line,196,209.0439251266451
16811,0,infantry_line,159,228.25381821964785
16812,2,infantry_line,194,217.62993409484943
16813,0,infantry_line,139,177.29191936498356
16814,2,infantry_line,254,246.6054978468709
16815,0,infantry_skirmishers,130,155.8965428429942
16816,1,general,168,172.83926853245922
16817,0,general,138,136.0204303969537
16819,1,infantry_line,269,284.0260142698693
16820,2,artillery_foot,241,281.0705134507429
16823,0,cavalry_light,653,621.4638398058037
16825,0,general,179,195.02841254722662
16826,4,general,544,516.8769370488862
16827,4,general,493,568.0894850329298
16828,0,general,215,223.35717490879583
16829,4,general,299,311.24956837070425
16830,3,general,274,272.2800658265012
16831,2,general,653,697.5204465528785
16832,3,general,349,342.6087776616475
16833,0,general,567,576.6991075298928
16834,4,infantry_light,283,291.6792092960659
16835,2,infantry_line,374,383.66553706618953
16836,3,infantry_line,269,305.8255256888763
16837,4,infantry_line,290,299.1131428182691
16838,1,infantry_line,622,649.2093689339733
16839,1,infantry_line,410,407.12170109296653
16840,0,artillery_foot,187,238.26543371731827
16841,1,cavalry_heavy,1580,1554.2664620367398
16842,0,cavalry_light,949,1100.9311094752188
16843,0,general,812,964.649708345673
16844,3,general,124,145.4521651521941
16845,3,general,109,130.2937983096667
16846,1,general,628,577.093234485833
16847,4,general,1412,1426.0824803396486
16848,2,general,447,455.5473769551114
16850,3,infantry_line,194,212.75381817863143
16851,0,infantry_line,179,194.87908343955257
16853,1,infantry_line,418,407.92489610742365
16854,1,infantry_skirmishers,488,384.2091086838297
16855,2,general,449,436.04177937742014
16856,0,general,378,375.6450659575495
16857,0,general,325,304.2629268850718
16858,4,general,457,441.198916431114
16859,3,infantry_light,487,502.302055956411
16860,1,infantry_light,387,378.94059860661383
16862,4,general,195,186.2791637552328
16863,3,infantry_line,298,298.3086121933496
16865,1,general,142,157.2547978937542
16866,0,general,40,74.53661010353082
16867,3,general,201,225.19966904787566
16869,1,infantry_line,208,216.17948399668762
16870,1,cavalry_light,409,393.1905508453976
16871,4,artillery_foot,860,847.6582527187023
16872,4,artillery_foot,413,415.00178654900174
16874,0,artillery_horse,1134,1255.4858198558516
16875,2,general,87,86.86692332137108
16878,2,general,1,1.0
16879,2,infantry_skirmishers,159,175.6515152707292
16880,0,infantry_skirmishers,219,185.10969413887915
16881,4,infantry_skirmishers,181,165.76192427738889
16882,3,cavalry_light,869,835.4341299408785
16883,1,cavalry_light,986,1028.7830503360678
16885,0,cavalry_standard,644,674.1010814594781
16886,3,general,96,104.98251653057474
16888,4,general,807,821.4754021918391
16889,0,general,509,509.3283954699577
16890,3,general,903,844.2826999554065
16892,1,general,76,100.49395985901869
16893,3,general,111,165.51912892622255
16895,0,general,750,745.7712512472799
16896,3,general,207,306.0914761574417
16897,2,general,970,958.0534488563786
16898,3,general,1215,1073.0815480007439
16899,3,general,1000,912.0358615827168
16900,3,general,399,426.36058408692594
16901,2,general,600,620.888544480925
16903,0,general,554,501.3892759162292
16904,3,infantry_grenadiers,1139,1092.956326310136
16905,1,infantry_grenadiers,1023,991.7725809033008
16907,3,infantry_line,164,165.99298599898535
16908,2,infantry_line,174,219.0914801150944
16909,2,infantry_line,150,187.7147975423319
16910,4,infantry_line,259,260.5496570679362
16911,2,infantry_line,147,174.09783512738406
16912,0,infantry_line,499,468.2458768622577
16914,1,infantry_line,508,532.4695797078035
16916,0,cavalry_heavy,1024,1218.300360674976
16917,0,cavalry_heavy,1507,1794.5521947233046
16919,3,general,76,101.80011700019699
16920,1,general,1072,1100.0663172824934
16922,4,general,212,220.37576480675023
16924,0,general,1499,1745.7186634990148
16925,3,general,1561,1275.7633544854148
16926,4,general,191,270.3488152236899
16927,4,general,859,795.4772746988665
16928,3,general,527,553.7787010282435
16932,2,general,1110,1003.3123648740865
16933,4,general,271,332.6780740073191
16934,4,general,847,970.9093566328156
16936,4,infantry_light,396,386.348689652401
16938,2,infantry_light,732,688.5376846569042
16939,3,infantry_line,316,319.095407507108
16940,0,infantry_line,140,161.81843143310786
16942,1,infantry_line,117,118.13942732598288
16943,0,infantry_line,543,570.6564423078717
16944,2,infantry_line,225,261.1222153375072
16946,2,infantry_line,287,321.918040768522
16947,4,infantry_line,501,532.1020510457402
16948,1,cavalry_heavy,1790,2049.128351008218
16949,2,cavalry_heavy,1396,1574.028505516012
16952,4,cavalry_lancers,446,462.55614673942284
16955,0,general,196,186.62646401712956
16956,0,general,472,478.6383579701642
16958,0,general,1720,1829.8004569052557
16961,3,general,465,445.41709037309494
16962,2,general,1386,1573.019545380681
16963,0,general,320,298.47908439642265
16964,2,general,213,201.01780525987573
16965,1,general,220,178.48615201530282
16966,3,general,92,126.38939089748939
16968,1,general,318,307.58282662558406
16969,4,general,317,352.87567373952
16971,1,infantry_light,326,320.4767086802234
16972,0,infantry_light,304,298.82428393476965
16973,3,infantry_light,325,305.3505915820702
16974,3,infantry_light,345,329.10943497029746
16977,2,infantry_line,136,140.67310566365205
16978,2,infantry_line,424,427.88765454334214
16980,4,infantry_line,185,190.93479868763774
16981,4,cavalry_heavy,1003,1176.4320176300464
16982,1,cavalry_heavy,1396,1542.8788349458996
16984,2,cavalry_light,412,390.09519678916695
16985,4,cavalry_light,2014,1811.018025868969
16986,0,general,180,174.26154616408832
16987,4,general,613,570.1052679418617
16988,1,general,1901,1735.6452473117213
16989,2,general,177,180.66493906288662
16992,3,general,285,258.6021548604738
16993,0,general,193,183.81348216912653
16994,1,general,1239,1348.8812643634024
16995,2,general,287,286.5060808868408
16996,2,general,220,225.68104868853365
16998,2,general,132,144.0605797879541
16999,2,general,97,158.71581730418643
17000,4,general,214,287.259233651857
17001,4,general,235,291.79724996450295
17002,4,infantry_line,393,356.46485520787974
17003,4,infantry_line,435,422.4880032355748
17004,1,infantry_line,278,281.4786591201754
17005,1,infantry_line,273,281.6124356803593
17006,4,infantry_line,294,291.05849861539684
17007,2,infantry_line,283,283.42366547166955
17010,4,infantry_line,203,260.78846388315253
17011,1,infantry_line,232,279.7939235808173
17013,3,cavalry_standard,1478,1299.3324231758531
17014,4,general,1473,1266.8796109343398
17016,3,cavalry_lancers,1201,1152.822379921369
17017,1,cavalry_lancers,995,1015.5791464822747
17018,3,general,1055,991.0540776514079
17020,1,general,97,107.57601884200317
17022,1,general,363,324.30342906036253
17023,2,general,374,337.1699564392756
17024,4,general,367,397.3368305416552
17025,2,general,876,838.9808066422669
17027,4,general,46,73.59247954733272
17029,1,infantry_light,285,326.171030707989
17030,2,infantry_light,296,323.54677470721214
17031,2,infantry_light,815,816.9185714868058
17032,2,infantry_line,150,168.66531715716258
17033,1,infantry_line,346,320.3632800524972
17034,0,infantry_line,171,188.94179062192495
17035,4,infantry_line,293,289.0249302792628
17036,0,infantry_line,480,502.3563321743899
17037,2,cavalry_heavy,1712,1901.6141420448214
17038,1,cavalry_heavy,886,1097.6131968189059
17039,2,cavalry_standard,1129,1051.7474541445888
17041,2,general,795,720.9705851191899
17043,2,general,720,878.2778666941962
17046,3,general,96,111.94496265509235
17047,3,general,1470,1572.7337362853943
17049,2,general,583,609.0865407371452
17050,1,general,395,403.7262524193899
17051,2,general,305,313.9740261802569
17052,2,general,266,329.29482531556573
17053,2,general,255,268.49874187072083
17054,1,general,984,885.0744986216469
17055,1,general,864,787.2004940469625
17057,0,infantry_grenadiers,999,905.2622982662747
17059,1,infantry_line,168,167.34647010442703
17062,3,infantry_line,411,421.96509679244826
17063,3,infantry_line,458,486.81894424264686
17064,0,infantry_line,335,386.80876635121547
17065,1,infantry_line,493,508.8371872631366
17067,0,infantry_line,359,372.41929974867435
17068,3,infantry_line,291,300.2705119017395
17070,0,cavalry_heavy,844,1198.8969490625857
17071,4,cavalry_standard,549,496.9664340386027
17072,3,cavalry_standard,1106,997.7068082712922
17073,1,general,918,818.0405253627921
17074,1,general,448,393.1079141200167
17075,4,general,760,1073.541012536303
17076,0,general,503,480.91941181674906
17077,3,general,556,551.9016721038729
17078,4,general,867,1089.6481671207387
17080,2,infantry_light,560,563.8663633419403
17081,0,artillery_horse,550,547.5937803244442
17082,3,cavalry_heavy,1110,1233.060356430997
17084,1,cavalry_standard,1015,951.3524368696933
17085,2,cavalry_standard,701,645.5163743455902
17087,0,general,227,211.20396801287404
17089,0,general,96,108.29244047460544
17090,2,general,63,84.17136570188512
17091,2,general,880,803.859498596593
17092,0,general,323,323.84680771964963
17093,1,general,1039,1129.1755166147716
17094,1,infantry_line,285,278.07548481168067
17095,3,infantry_line,286,279.942635753329
17096,3,infantry_line,201,216.12443221845683
17097,1,infantry_line,140,146.4091599146714
17099,3,cavalry_heavy,1249,1396.450671259318
17100,3,cavalry_light,409,379.6417166834217
17101,4,cavalry_light,381,361.44387281548376
17103,2,cavalry_standard,801,724.2419139166212
17104,4,cavalry_standard,811,704.703783242772
17105,4,general,650,545.2142646708821
17106,2,general,940,1123.0194767713106
17108,1,general,912,820.2682814894189
17109,2,general,341,332.35479055752353
17111,1,general,800,712.0553649813263
17113,3,general,195,279.8715411636916
17114,4,general,296,303.3384454363996
17115,1,infantry_light,291,269.28181123396735
17116,2,infantry_line,435,428.70119103540117
17117,4,infantry_line,403,402.2499956413378
17119,4,cavalry_light,314,309.6390596562169
17120,3,general,271,280.3156809597589
17121,4,cavalry_light,591,559.1980497520725
17122,2,cavalry_light,412,390.09519678916695
17123,0,cavalry_light,478,455.60768906922334
17125,3,cavalry_light,1072,1041.3963757334334
17126,0,cavalry_light,537,498.19337767930926
17127,3,general,440,408.706297448999
17128,0,general,521,455.2057854208054
17131,1,general,433,395.68540975443216
17132,0,general,468,466.4546492468325
17134,0,general,581,586.9957309764354
17135,0,general,692,708.2023592679244
17136,0,infantry_light,514,504.96929567719553
17137,0,infantry_line,640,657.3213551523016
17138,1,cavalry_lancers,725,687.3302838207144
17139,2,cavalry_lancers,314,340.3091935578289
17140,2,cavalry_lancers,376,391.75804883393533
17141,3,cavalry_lancers,941,891.0372953998861
17142,0,cavalry_standard,532,522.2829984478434
17143,2,cavalry_standard,899,771.198316450948
17145,0,general,250,256.59167427782717
17146,0,general,272,282.6654343283915
17147,2,general,434,428.2442829406208
17148,1,general,612,561.5427892564812
17151,1,general,239,230.23002388151056
17152,2,infantry_light,227,234.4955842386345
17153,3,infantry_line,305,312.05056508207423
17154,1,artillery_foot,811,767.1787906083684
17156,2,general,652,608.7149052757895
17157,2,general,228,217.8687137969183
17158,0,artillery_foot,805,773.7021950002802
17159,4,artillery_foot,771,732.6045661650832
17160,1,artillery_foot,363,380.3684718882418
17161,3,artillery_foot,670,687.7529994928199
17162,1,artillery_foot,946,886.6881511720976
17163,1,artillery_foot,600,594.6003963739978
17164,1,artillery_foot,393,378.877708241967
17165,1,artillery_foot,530,553.7088070755215
17166,3,artillery_foot,1137,1129.1873871954028
17167,4,artillery_foot,736,722.0202520582992
17169,0,artillery_foot,1199,1151.3540159561323
17170,1,artillery_foot,407,396.62546157301364
17171,1,artillery_foot,326,325.69017189977444
17172,1,artillery_foot,716,709.5932239235153
17175,2,artillery_foot,496,507.2880587033466
17176,2,artillery_foot,1030,1052.4351324399056
17177,1,artillery_horse,1196,1215.7859255992937
17178,0,artillery_horse,512,499.8016152107404
17179,4,artillery_horse,1120,1113.2293342179428
17181,2,artillery_horse,1050,1119.728854630404
17182,1,artillery_horse,102,124.30986408068257
17183,2,artillery_horse,519,535.1117301952672
17184,3,artillery_horse,526,537.7248763303922
17185,1,artillery_horse,1076,1158.3715282585526
17187,1,general,378,368.14035162481326
17188,3,general,498,528.7123399056401
17189,3,general,364,377.1104505663049
17190,0,general,312,312.2665429808035
17191,0,general,855,769.5632708349109
17192,3,general,1347,1303.9335296225436
17193,0,general,312,312.2665429808035
17195,4,general,646,619.7932517441566
17198,0,general,623,602.3831779625998
17199,3,general,177,176.8987971145835
17200,0,general,312,312.2665429808035
17201,0,general,2542,2723.797227556985
17202,1,general,737,696.3395467455648
17203,4,general,1041,1055.5778040364055
17205,4,general,467,466.9339034878053
17206,1,general,1232,1229.2401968984532
17207,1,general,467,466.53685923764886
17208,3,general,177,176.8987971145835
17210,1,general,220,248.61689315651222
17211,1,general,230,264.1130660739167
17213,1,general,668,630.3188355026987
17214,3,general,177,176.8987971145835
17215,4,infantry_grenadiers,340,296.8073137413307
17216,3,infantry_grenadiers,349,390.29752289187627
17217,1,infantry_grenadiers,360,281.5063665349131
17218,0,infantry_grenadiers,655,582.6430872317742
17219,4,infantry_grenadiers,339,345.77657308889087
17220,1,infantry_skirmishers,211,194.49390593693752
17221,2,infantry_skirmishers,216,202.80820022599315
17222,0,infantry_skirmishers,231,231.41306811567082
17223,0,infantry_skirmishers,231,231.41306811567082
17225,4,general,710,544.487185310713
17226,1,general,172,171.7438843954335
17228,3,general,376,358.91323385016153
17230,3,general,158,176.73153381579587
17232,1,general,305,291.95297852404485
17233,0,general,581,508.62744074148793
17234,3,general,330,318.55252375587554
17235,4,general,93,71.85377384909671
17237,2,general,194,186.12806000090148
17239,1,general,427,421.5077394371902
17240,0,general,530,511.87283128537473
17241,2,general,501,597.1034124009743
17242,2,general,152,211.0679082143788
17243,2,general,684,713.8186365528113
17244,2,general,241,328.98019147393757
17245,4,general,868,898.3097308596122
17246,1,infantry_grenadiers,309,384.07023932467337
17247,4,infantry_grenadiers,629,742.6529539274931
17248,4,infantry_irregulars,217,173.53977281274493
17249,2,infantry_light,749,626.2571031167666
17250,0,infantry_light,431,442.70199243433
17251,3,infantry_light,617,590.0477798272753
17252,4,infantry_light,374,373.8694338183007
17253,3,infantry_light,818,884.1421023366134
17254,4,infantry_light,815,827.477843476631
17255,4,infantry_line,373,362.33238954637716
17256,4,infantry_line,430,424.1746776554996
17257,2,infantry_line,406,395.1298711902444
17258,0,infantry_line,234,269.56293477130714
17259,0,infantry_line,231,238.04547219872413
17260,2,infantry_line,386,381.05294802114514
17261,0,infantry_line,310,298.28114461161033
17262,3,infantry_line,300,295.4614661295388
17263,2,infantry_line,273,268.1680618177408
17266,1,infantry_line,356,437.95653915229445
17267,2,infantry_skirmishers,241,282.1212802337319
17268,1,cavalry_lancers,988,914.2465635674971
17270,2,general,264,270.5527495352135
17271,2,general,463,493.62804299382617
17272,3,general,820,730.6759038171108
17273,0,general,695,817.2775094899682
17276,4,general,283,294.4547407063922
17277,3,general,342,311.95203317775423
17278,3,general,537,517.3955804874481
17279,1,general,296,394.1400101962501
17280,1,general,1308,1318.85296519501
17281,0,general,420,431.02300582112053
17282,2,general,404,379.2229004421433
17283,4,infantry_grenadiers,364,357.5770189571459
17284,0,infantry_light,504,506.05457269603465
17285,1,infantry_light,463,454.49982366118604
17286,2,infantry_light,496,483.1621691768472
17287,2,infantry_light,653,636.4397627724873
17288,3,infantry_line,260,259.82281743805436
17289,1,infantry_line,444,413.0276861064456
17290,2,infantry_line,216,223.42516659418342
17291,0,infantry_line,251,286.4961275518568
17292,4,infantry_line,282,283.48516491229555
17293,2,infantry_line,1116,1123.7537126822203
17294,3,infantry_line,308,371.2018770514605
17295,0,infantry_line,527,543.3141689588061
17298,3,artillery_foot,451,429.1594441303912
17299,0,artillery_foot,926,944.8657300525547
17300,3,artillery_horse,543,517.7591930289681
17302,0,general,340,323.59120732926493
17304,1,general,285,273.04008209633196
17305,1,general,99,146.12258075363152
17306,3,general,389,370.4658902249226
17307,2,general,243,278.05689821695967
17308,3,infantry_light,440,434.4106534716302
17310,1,infantry_light,318,344.33488439744065
17311,3,infantry_line,384,379.2803197580212
17313,2,infantry_line,210,250.3426533782911
17315,3,cavalry_light,489,460.91442037420074
17316,1,cavalry_light,801,778.3705318655807
17318,1,cavalry_standard,752,775.6701037191274
17320,0,general,358,326.79943533335023
17321,2,general,388,368.70758894355055
17323,2,general,293,294.0173102074031
17324,3,general,166,176.82922081419787
17325,2,general,682,668.5068458477302
17326,3,general,405,397.1322991970744
17327,1,general,619,613.6661652241828
17329,0,infantry_light,399,390.22916091494176
17330,1,infantry_line,344,341.0447545979926
17332,4,infantry_line,434,411.4818799958822
17333,2,infantry_line,574,573.490869170483
17336,3,artillery_horse,1973,1907.088738904565
17338,0,cavalry_light,431,424.1733634342645
17339,1,cavalry_light,1112,1185.0418815763153
17340,1,general,430,419.99534561123625
17341,3,general,289,298.6199138849219
17343,4,general,106,128.9062343184809
17344,4,general,1031,1090.5815134263235
17345,3,general,150,168.0893771743095
17346,4,general,120,133.85718815198072
17348,1,general,803,729.0125768140205
17349,3,infantry_grenadiers,480,540.448799120735
17350,0,infantry_line,248,273.7840087870997
17351,3,infantry_line,212,234.8484376604785
17352,0,infantry_line,579,574.2530808278104
17354,1,infantry_line,850,795.4263239490133
17355,0,infantry_line,187,204.85662527169976
17356,4,infantry_line,500,494.75918957299274
17358,0,general,72,81.790674269607
17359,3,general,114,117.34711727876535
17360,2,infantry_line,215,219.20591913671666
17361,4,infantry_line,173,183.64359764187736
17362,3,general,182,192.01297287937967
17363,2,general,87,91.9821014085586
17364,3,infantry_line,183,190.32218540399379
17365,1,infantry_line,248,253.27143246646102
17366,2,general,304,286.0590816463795
17367,4,general,79,112.94100157978951
17368,4,general,342,324.90951074377864
17369,2,general,534,500.45232151313274
17370,3,general,156,178.56360243744732
17371,3,general,302,286.4192124897004
17372,4,general,399,424.29432908661624
17373,3,general,496,478.6944346152506
17374,1,general,277,271.05593944013225
17375,4,general,441,396.8829454149497
17376,3,general,330,362.1278025836532
17377,2,general,623,616.5916069127072
17379,4,general,532,547.2268276711833
17380,1,general,520,499.6348775753531
17381,3,general,604,608.6060906477112
17382,1,general,381,409.29989294767324
17383,1,general,376,412.93866659549263
17384,2,general,570,576.206660151464
17385,1,general,385,458.93582411398904
17386,1,infantry_grenadiers,369,456.196388199295
17387,1,infantry_grenadiers,431,492.45338002359154
17389,3,infantry_grenadiers,496,517.1552167681763
17390,1,infantry_light,600,604.7669590868385
17391,3,infantry_light,582,581.2191284078413
17394,2,infantry_line,171,213.27648901466227
17395,1,infantry_line,479,460.4691492179377
17396,1,infantry_line,397,389.2619563675146
17397,2,infantry_line,222,227.66100684870042
17398,3,infantry_line,404,394.3455977783055
17399,2,infantry_line,338,339.57322602524016
17400,3,infantry_line,306,323.7254068803443
17402,2,infantry_line,325,324.8353878758304
17404,1,infantry_line,675,618.117579911757
17405,0,infantry_line,715,723.9884198333403
17406,1,infantry_line,672,676.5102105934124
17407,1,infantry_line,594,617.3378867026863
17408,4,infantry_line,482,477.3383557639474
17409,3,infantry_line,372,381.39721618334244
17410,1,infantry_skirmishers,250,268.3739291154605
17411,2,infantry_skirmishers,377,360.19372740663977
17412,4,artillery_foot,346,357.95649476415326
17413,3,artillery_foot,822,736.7896242315356
17414,0,general,273,265.7370230174932
17415,4,general,463,450.3855131895547
17416,1,general,263,257.6309461588812
17419,3,general,836,815.92446137343
17421,1,general,203,242.14327948626203
17422,0,general,437,494.63227363074964
17423,3,general,854,871.1940983897621
17424,1,infantry_grenadiers,378,425.60179509355555
17425,4,infantry_light,422,435.4892059389774
17426,3,infantry_light,311,323.7960949704737
17427,4,infantry_line,317,314.1722457863058
17429,4,infantry_line,330,332.1090694046258
17430,3,infantry_line,307,308.6818442031515
17431,2,infantry_line,177,180.6222114611707
17432,4,infantry_line,971,1010.3550335814949
17433,1,infantry_line,952,927.6132667069389
17434,3,infantry_line,234,231.2643542813741
17435,4,infantry_line,289,285.34041320547595
17436,4,infantry_skirmishers,218,235.07717398503976
17437,1,artillery_foot,375,363.78815445999726
17438,0,general,595,632.012178993135
17439,2,general,491,491.35948651719144
17440,0,general,617,563.382685630429
17441,2,general,778,737.7806446783213
17442,4,general,399,361.9194095921989
17443,2,infantry_grenadiers,673,747.4142792509751
17444,2,infantry_light,731,681.4476114012708
17445,2,infantry_light,904,883.7108645597544
17446,3,infantry_line,445,448.5803186780185
17447,1,infantry_line,508,475.21164504375207
17449,2,general,748,719.5923575423702
17450,0,general,365,346.2249855712312
17451,0,general,313,313.0728987054329
17453,3,general,676,654.3486761619724
17455,1,infantry_line,492,477.49577580769693
17457,3,infantry_line,365,376.95548363705916
17458,2,infantry_line,664,654.0276712582435
17459,4,infantry_line,780,763.9709135960035
17460,2,general,198,254.0299972332396
17461,3,infantry_light,291,292.09711044048873
17462,2,infantry_line,308,357.69791405273025
17463,4,infantry_line,270,229.5761099454318
17465,2,general,226,225.58092543084103
17467,1,infantry_line,277,347.8209869326603
17468,3,cavalry_light,656,629.7953498080019
17469,1,cavalry_light,643,629.0239025170386
17470,3,general,498,528.964640531743
17473,2,cavalry_standard,420,394.18802927395785
17475,2,general,205,212.74735709782175
17476,0,general,714,660.7076633628783
17477,0,general,381,393.82908388359243
17479,3,general,152,205.23223706588288
17480,2,general,152,181.0523450387705
17481,3,general,667,615.7540543927441
17482,3,general,328,353.22073971604505
17483,3,general,608,618.9332662579362
17484,2,general,349,363.36305109007515
17485,1,infantry_line,579,548.6799007909204
17486,3,infantry_line,213,246.89847298508826
17487,2,infantry_line,174,188.79403307786535
17488,1,infantry_line,266,271.59032398046173
17492,4,infantry_line,415,413.82659714175134
17494,4,infantry_line,440,457.9908846255249
17497,2,cavalry_lancers,717,690.3979342958469
17498,3,cavalry_light,584,563.368990843834
17499,4,general,228,309.5960221879165
17500,3,general,148,195.70242118965695
17501,1,general,1,1.0
17502,1,general,58,55.95564039296005
17503,2,general,200,194.97347391029135
17504,2,general,570,537.8765775278482
17506,2,general,7,4.7923470471130685
17507,3,general,616,612.0273216714892
17508,3,general,177,178.00906408684887
17509,4,general,8,1.0
17510,0,general,718,677.8565679341266
17511,0,general,100,92.28182745333467
17512,0,general,337,313.41635029252285
17513,4,general,711,711.4985528765243
17514,0,general,775,796.7673603069535
17515,2,general,241,231.7189206101109
17517,0,general,562,542.4052659965539
17518,3,general,378,426.3149907787318
17519,0,infantry_grenadiers,377,424.81063449272375
17520,3,infantry_light,380,411.1245554276486
17521,2,infantry_light,250,307.8716336296741
17522,3,infantry_light,211,199.89964041932825
17525,4,infantry_light,612,617.6088074002231
17526,2,infantry_line,269,256.0748192945432
17527,3,infantry_line,343,357.2648201558223
17528,2,infantry_line,166,151.5990252313893
17529,2,infantry_line,114,97.5664153003178
17531,2,infantry_line,121,116.22364992347774
17532,4,infantry_line,104,96.40270052148844
17534,2,infantry_line,281,279.32509401149383
17536,3,infantry_line,458,422.8397665205255
17537,4,infantry_line,614,611.5541775380756
17538,1,infantry_line,716,713.8246658153943
17539,0,infantry_line,360,342.85790076041195
17541,2,infantry_skirmishers,203,300.08989223733005
17542,1,infantry_skirmishers,78,125.82720551994224
17543,2,infantry_skirmishers,250,275.44769128148664
17544,2,artillery_horse,644,624.766979024831
17547,1,cavalry_light,1070,1132.227339903222
17548,2,cavalry_light,840,859.3573255735288
17552,2,general,167,197.14610927134765
17554,4,general,1420,1234.7879801243812
17555,3,general,128,142.72390401746165
17556,0,general,112,113.43242690270358
17557,2,general,138,166.86056747340632
17558,4,general,678,670.8654332846171
17559,4,general,187,211.14177167735568
17560,4,general,190,216.96084873602018
17561,1,general,223,324.42707612055415
17562,0,general,872,859.0884105707943
17563,3,infantry_grenadiers,335,432.8796081595086
17564,2,infantry_irregulars,135,126.08573734410234
17567,4,infantry_line,267,283.99117867998683
17569,2,general,158,180.25584007772025
17570,4,general,430,432.7297769106245
17571,0,general,299,292.89572041179565
17572,1,general,184,191.2267305824724
17573,2,general,134,134.65933376790824
17574,1,infantry_grenadiers,425,440.0387338962909
17575,4,infantry_irregulars,146,133.6144278100626
17576,4,infantry_line,221,232.8026733043907
17577,0,infantry_line,254,249.48523582841494
17578,3,infantry_line,240,234.2107391315975
17579,1,infantry_line,300,289.35965364788336
17580,2,infantry_skirmishers,340,350.5850905472173
17581,2,general,255,235.74230425172362
17583,1,general,361,366.8228151740274
17584,1,infantry_light,240,230.82107686068537
17586,3,infantry_line,418,422.79735316510903
17587,2,infantry_skirmishers,289,285.19344234701606
17588,4,cavalry_standard,392,394.11437262229055
17589,1,general,265,291.5837999899256
17590,4,artillery_foot,473,542.6179478515514
17591,3,general,143,190.43470680560654
17592,4,general,1135,1070.611959520747
17593,2,general,173,192.07598728269602
17594,1,general,299,278.19923196591765
17595,3,general,276,274.1439506746104
17598,4,general,369,378.133679536894
17599,4,general,71,80.92811258916913
17600,2,general,539,557.871297114187
17602,4,infantry_light,371,376.11459024375375
17603,2,infantry_light,820,819.5259951012708
17604,2,infantry_line,478,485.39510130319815
17605,3,infantry_line,184,194.32369030194127
17607,1,infantry_line,162,169.0948003367486
17608,4,infantry_line,192,209.09276029857728
17609,0,infantry_line,381,383.84138851384296
17610,4,infantry_line,219,254.52391735933656
17611,2,infantry_line,453,454.1402525074325
17612,3,cavalry_light,412,410.7558954385608
17613,0,cavalry_light,464,460.6101375153124
17614,1,cavalry_light,270,259.2252534834483
17615,1,cavalry_light,271,261.1134903631807
17616,1,cavalry_light,352,354.18333293153427
17617,2,cavalry_light,379,314.79320469739105
17618,3,cavalry_standard,906,949.8917290163974
17619,1,cavalry_standard,1204,1202.0133487716341
17620,0,cavalry_standard,1027,923.7366373432017
17621,0,cavalry_standard,716,708.3069884402345
17622,0,cavalry_standard,584,565.9467259907125
17623,0,cavalry_standard,548,550.9618835812331
17624,2,cavalry_standard,614,603.5102238021911
17625,3,cavalry_standard,283,334.9158981887857
17626,4,general,125,148.4782328373726
17627,2,general,844,750.3023359698975
17628,1,general,510,503.8165230890166
17629,0,general,1277,1202.8401682710041
17630,1,general,309,343.2616872768709
17631,0,general,338,330.6730390456452
17632,0,general,120,146.39266900303278
17634,2,general,225,249.99791441150506
17636,1,general,676,662.1871401083123
17638,4,general,267,284.2371567550363
17639,3,general,377,372.2948308903781
17641,3,general,1015,992.824556231044
17642,4,general,994,896.5065709168556
17643,2,general,920,903.2021238572449
17644,1,general,559,489.30163829281133
17645,0,infantry_grenadiers,1042,1020.0772825700468
17646,0,infantry_light,361,350.73942413349636
17647,0,infantry_line,218,243.3923889665264
17648,4,infantry_line,246,268.41794236529
17649,0,infantry_line,472,478.90972316062545
17650,2,infantry_line,1038,948.6574028085465
17651,2,infantry_line,907,889.9144629730125
17652,0,infantry_line,729,732.2880499077386
17653,0,infantry_skirmishers,257,255.26908156647812
17654,0,artillery_horse,649,642.5516562108569
17655,2,cavalry_light,389,395.61392342242914
17656,0,cavalry_light,924,1029.791047656485
17658,4,cavalry_light,430,433.0036934447736
17659,3,cavalry_standard,911,977.6621280814855
17660,2,cavalry_standard,675,723.2692135961181
17662,0,general,517,560.0258523186217
17663,3,general,295,299.59162981825546
17664,1,general,256,268.9205806278266
17665,4,general,987,1103.3890279796685
17666,4,general,708,774.4119321535575
17667,0,general,462,441.85187043566447
17669,4,general,523,499.0281051635503
17670,3,general,256,257.8223178887693
17671,4,general,898,945.5968020986755
17676,4,infantry_light,353,382.782972557313
17677,0,infantry_light,774,736.5344120551151
17678,2,infantry_light,1020,939.3871479420059
17679,2,artillery_foot,900,872.2122367194553
17680,1,cavalry_standard,1101,1073.1050430664552
17681,4,cavalry_standard,519,519.9656493455288
17682,0,cavalry_standard,628,598.8928358717061
17684,3,general,420,437.33443177570604
17685,3,general,642,608.2231243690246
17686,0,general,911,868.7637698904473
17688,1,artillery_horse,1360,1323.4950383392465
17689,1,cavalry_heavy,1845,1667.2567456431914
17690,1,cavalry_light,869,859.0304117856778
17692,4,general,1756,1556.2887890162078
17694,4,general,703,686.0379468717491
17695,0,artillery_horse,1275,1293.1195894403943
17697,0,cavalry_lancers,1293,1235.7760643134734
17698,2,cavalry_light,1138,1276.3037434589412
17699,2,cavalry_light,930,940.0091895580465
17701,2,cavalry_standard,1118,1124.6130501128487
17702,4,cavalry_standard,1249,1282.1663689291402
17703,1,cavalry_standard,933,872.7423223515322
17704,3,cavalry_standard,670,730.4687777016358
17705,2,cavalry_standard,1252,1335.7100088276013
17706,2,cavalry_standard,979,1013.877671428021
17707,3,general,1051,1090.7940481440733
17708,4,general,1131,1079.0928308461857
17712,3,general,1416,1476.4781597267918
17713,3,general,1147,1152.9238772509084
17715,4,general,1216,1150.5404065514283
17716,1,artillery_horse,1360,1323.4950383392465
17717,2,artillery_horse,169,243.56459658664272
17718,2,cavalry_light,421,402.07809412719826
17719,4,cavalry_standard,534,527.0330410332731
17720,3,cavalry_standard,1160,1130.0286876468663
17721,3,general,485,470.5724772220638
17722,4,general,1013,966.845279865231
17724,0,cavalry_standard,728,714.1345870769
17725,4,cavalry_standard,1043,1078.977103196979
17726,1,general,579,562.4892818806978
17727,3,general,893,886.6283665423562
17728,0,general,1066,1066.6059024939218
17729,1,artillery_horse,1360,1323.4950383392465
17730,1,artillery_foot,375,363.78815445999726
17731,0,general,291,291.6114226755096
17732,3,general,178,179.17547260267804
17733,2,infantry_light,401,401.7799884640489
17734,2,infantry_line,285,281.84877098172103
17735,0,general,104,121.81761573294011
17736,0,general,143,140.7360110406723
17739,4,infantry_line,245,244.4017565573166
17740,2,infantry_line,177,180.6222114611707
17741,1,general,796,667.1667051210183
17742,2,general,406,352.2672692329711
17743,0,general,731,559.7884413631006
17744,0,infantry_light,933,783.2809211458411
17745,1,infantry_line,683,509.0071612716193
17746,1,infantry_line,478,389.41979924211495
17747,2,cavalry_light,567,586.1965560932597
17748,3,cavalry_light,338,339.7731531944345
17750,1,cavalry_standard,655,695.2863195016279
17752,3,general,389,436.958140206506
17753,0,general,518,555.2962231576362
17754,4,general,205,223.95520034259283
17756,4,artillery_foot,356,365.79784466579594
17758,2,artillery_foot,967,1019.944178656606
17759,3,artillery_foot,428,395.69393771568224
17762,4,artillery_foot,418,386.38859133585254
17763,4,artillery_foot,634,700.1464284960687
17764,4,artillery_foot,634,700.1464284960687
17765,4,artillery_foot,634,700.1464284960687
17766,4,artillery_foot,634,700.1464284960687
17767,4,artillery_foot,634,700.1464284960687
17769,0,artillery_foot,558,589.97774249412
17770,0,artillery_foot,558,589.97774249412
17771,3,general,199,199.05706228729272
17773,0,general,351,351.3783748901527
17774,2,general,556,569.0478383036113
17775,0,general,351,351.3783748901527
17776,3,general,76,75.42087611251605
17777,3,general,199,199.05706228729272
17778,2,general,927,926.6972018826273
17779,3,general,199,199.05706228729272
17780,1,general,700,700.9289666085593
17781,1,general,198,216.87344124344992
17782,2,general,556,569.0478383036113
17783,1,general,718,717.4262787399866
17784,4,general,569,590.9871911054529
17785,2,infantry_grenadiers,365,342.9869841959604
17786,3,infantry_grenadiers,372,310.4067232609073
17787,3,infantry_grenadiers,372,310.4067232609073
17788,0,infantry_grenadiers,367,281.09783072282795
17789,4,infantry_grenadiers,370,330.85062755897025
17790,0,infantry_grenadiers,357,365.4270213209479
17791,0,infantry_skirmishers,209,219.8011244394972
17792,2,infantry_skirmishers,206,213.26940406328265
17794,0,infantry_skirmishers,209,219.8011244394972
17795,1,general,487,425.84961715069346
17796,2,general,650,767.8218961314691
17797,2,general,367,358.46866029423364
17798,4,general,252,274.6371793737553
17799,4,general,481,499.4923143104828
17800,1,general,157,186.55761704042317
17801,0,general,1751,1458.6120433996728
17802,3,general,294,330.2415105095916
17803,3,infantry_grenadiers,1272,1263.270012727793
17805,2,infantry_light,448,404.8808535519385
17806,2,infantry_light,266,282.21279663001576
17807,4,infantry_light,169,201.30353725668667
17808,0,infantry_light,161,163.39618165862055
17809,2,infantry_light,152,151.47960067171877
17811,0,infantry_light,268,293.6198399239315
17812,2,infantry_line,163,164.10839205753868
17813,2,infantry_line,367,386.4178957553303
17814,1,infantry_line,423,405.5445383780224
17815,3,infantry_line,233,231.24555926409383
17816,2,infantry_skirmishers,231,201.8053916015377
17817,1,general,262,283.40086360455444
17818,4,general,108,100.48474013912063
17819,2,general,162,173.2212146289546
17820,2,general,386,456.1198487225867
17821,4,general,306,424.8730956626847
17823,0,general,425,424.29905031036634
17824,2,general,379,368.0769033050872
17825,3,general,768,785.8423466431462
17826,0,general,379,419.69949005718064
17829,4,infantry_light,255,279.69523792994994
17830,2,infantry_light,200,213.63960894904415
17831,2,infantry_light,824,859.3594500556674
17832,3,infantry_light,456,550.4788897471944
17833,2,infantry_line,206,198.68160578619364
17834,3,infantry_line,339,341.31572690279285
17836,0,infantry_line,446,483.0309004957839
17837,3,infantry_line,283,370.510192630159
17838,0,infantry_line,492,484.4042357781725
17839,0,general,132,149.04164025549676
17840,4,general,113,124.4162942506868
17841,3,general,253,244.80628790080146
17842,2,general,295,281.02249844304964
17843,0,general,344,321.47386127715214
17844,0,general,115,164.66242555795782
17845,4,general,390,361.49917816155175
17846,4,infantry_line,158,159.43498554547557
17847,1,infantry_line,181,187.53574558743392
17848,2,infantry_line,315,297.65612204137057
17849,4,infantry_line,308,268.65167437605305
17850,1,infantry_line,452,425.3906946453015
17851,4,infantry_line,190,224.79041073071582
17852,4,general,24,46.95220649950043
17853,2,infantry_line,247,231.13093280302826
17855,1,general,112,158.91136353379522
17856,3,general,7,31.59998674808533
17857,4,infantry_line,122,115.626193887121
17859,4,general,258,264.0454974350829
17860,4,infantry_line,329,325.7649592915931
17861,3,infantry_line,230,254.94250390760172
17862,1,general,197,222.18230490799033
17863,3,general,285,292.9220067243243
17864,2,general,142,192.12214726862805
17866,2,general,284,302.71699512601157
17867,4,general,615,611.5227108809077
17868,1,general,271,287.6396425511459
17869,4,general,685,660.314612293129
17870,3,general,286,259.7807770664407
17871,0,general,444,422.23940363042476
17872,3,general,221,199.52027714937074
17873,2,general,970,940.002154867518
17875,1,general,152,186.26684165023727
17876,2,infantry_grenadiers,734,689.4860782228668
17877,1,infantry_light,538,574.9722593972001
17878,3,infantry_light,230,251.94847061500292
17879,4,infantry_light,223,240.76605943044385
17880,1,infantry_light,285,263.5905433286156
17882,3,infantry_line,242,248.01957276475795
17883,0,infantry_line,165,203.93151169014538
17885,0,infantry_line,279,273.05686667327143
17886,0,infantry_line,211,204.27691469396242
17887,2,infantry_line,418,394.07934513717345
17888,0,infantry_line,338,346.71431026279134
17889,2,general,118,131.78168562232278
17890,0,general,119,117.02828783892481
17891,4,general,275,283.5775750528196
17893,0,general,109,152.40022300156062
17894,0,general,150,158.90204195414296
17895,3,general,204,244.17162692742406
17896,1,infantry_light,294,332.0218871190117
17897,3,infantry_light,275,308.93439101089666
17899,0,infantry_light,222,230.47053321733384
17900,2,infantry_light,191,197.89126538905967
17901,2,infantry_light,213,224.5068383610944
17903,3,infantry_line,212,261.9976229755739
17905,3,infantry_line,160,168.98691016115555
17906,4,infantry_line,137,133.67589589408385
17908,0,infantry_line,125,127.46684448689842
17909,2,infantry_line,151,163.70940292991563
17910,2,infantry_skirmishers,505,426.86854583200324
17911,1,general,114,140.1782306236951
17913,2,general,169,179.357483829543
17915,4,general,287,362.3641537188341
17916,4,general,424,406.4520185947155
17917,4,general,158,189.32475967589173
17920,0,infantry_light,682,692.9974334665824
17921,2,infantry_line,189,193.66119637682814
17923,0,infantry_line,221,235.41281886965186
17924,4,infantry_line,357,333.4388165975337
17927,1,general,82,96.22890375074172
17929,3,infantry_line,168,200.49483212910934
17930,4,infantry_line,153,157.86035000024387
17931,1,infantry_line,145,157.03848959379152
17932,0,infantry_line,234,223.56751882611894
17933,2,infantry_line,184,190.07337508824983
17934,2,general,332,344.2194763446626
17935,2,general,223,209.56016192235143
17936,1,infantry_line,302,304.0636136946833
17937,4,infantry_line,270,269.08018767621553
17938,1,general,284,263.5220644635089
17939,4,general,439,375.25728462789147
17940,3,infantry_line,413,362.53421209793026
17941,1,infantry_line,341,322.2184073033113
17942,2,cavalry_heavy,2663,2787.2261507724475
17944,4,cavalry_light,878,731.7648681722042
17947,3,general,1258,1219.5176782290762
17948,3,general,815,661.2014052888211
17949,2,general,730,722.3709171695591
17950,0,general,103,135.54483041304567
17951,0,general,2417,2488.9415756728667
17952,3,general,33,23.180563576625616
17953,4,general,224,229.091335909902
17954,0,general,483,473.4572377038914
17955,2,general,168,233.70729232942426
17956,2,general,379,267.6891750918845
17957,1,infantry_light,333,384.89856316657847
17960,4,infantry_light,341,374.397029558676
17962,0,infantry_line,228,233.18199743285504
17963,1,infantry_line,167,170.52924678221652
17965,1,infantry_line,234,234.96049214811066
17966,3,infantry_line,222,229.6781754582556
17967,3,infantry_line,229,232.5387071678082
17968,4,infantry_line,406,372.9594214765597
17969,2,infantry_militia,124,114.05682275771034
17970,4,infantry_militia,245,198.86486196422257
17971,2,infantry_skirmishers,315,257.8373628326751
17972,1,cavalry_lancers,569,565.0594413323983
17974,3,general,217,218.1912967290142
17975,1,general,421,433.6712450340913
17978,1,general,199,150.49482619960898
17979,0,infantry_line,418,403.4997423008811
17981,4,infantry_line,221,227.82027965978847
17984,0,infantry_line,168,177.3153198870132
17985,1,infantry_militia,62,78.03492962323794
17988,4,cavalry_heavy,1412,1627.782332306049
17989,1,cavalry_standard,554,560.2648653077159
17990,1,general,1544,1762.595600344531
17991,4,infantry_line,547,450.7983782907737
17992,2,infantry_line,205,216.34639919762563
17994,3,infantry_militia,165,138.74085197940752
17995,2,infantry_militia,242,195.82442616974396
17996,1,cavalry_heavy,1724,1851.3309212369788
17997,0,cavalry_lancers,1162,1156.103201948823
17999,1,cavalry_standard,623,626.7061221069754
18000,4,cavalry_standard,404,423.34368498726434
18001,1,cavalry_standard,805,815.6057990907311
18002,1,cavalry_standard,853,826.3754916327969
18003,4,cavalry_standard,1132,1070.0130285803732
18004,1,cavalry_standard,609,598.17273804758
18006,2,general,769,692.7090487619073
18007,3,general,1100,1106.9515021658876
18009,3,general,180,96.25759491428244
18010,1,general,338,372.6152039148908
18011,2,general,1069,1028.1589806621835
18012,2,general,470,451.8923467663515
18013,3,general,993,947.5509541381467
18014,2,general,604,631.3795981324549
18015,0,general,693,640.4992974324977
18016,4,general,889,844.7633469757611
18017,4,general,1703,1837.764376008307
18018,4,general,693,720.0239589799354
18020,2,general,289,258.2333096044831
18021,0,infantry_light,258,265.76321739858565
18022,1,infantry_light,382,430.5681029513762
18023,2,infantry_line,346,324.6420917879319
18026,3,infantry_militia,145,138.76268305801287
18027,3,infantry_militia,132,124.29786181107353
18028,3,infantry_militia,196,158.97727479877025
18029,2,cavalry_lancers,927,963.8512043632944
18030,1,cavalry_lancers,1087,1103.6470894883234
18032,0,cavalry_standard,1056,1014.2209969144769
18034,0,cavalry_standard,811,772.0590963912862
18035,4,cavalry_standard,596,572.5003429153749
18036,1,cavalry_standard,439,468.0487165579585
18038,3,general,913,881.4220910392606
18040,4,general,368,394.60101452828076
18041,4,general,331,363.32873388383814
18043,2,general,926,980.9516477702645
18046,2,general,938,962.5324371491936
18047,1,infantry_light,259,243.1071483466537
18048,1,infantry_light,241,256.3014799308559
18049,0,infantry_light,279,291.68749369522226
18050,4,infantry_line,190,199.03817810313228
18052,3,infantry_line,117,130.73295037085109
18053,2,cavalry_standard,982,970.5515040814333
18054,3,cavalry_standard,862,893.0568091849641
18057,4,cavalry_standard,769,767.9464448420848
18058,4,general,603,593.261091032997
18059,4,general,799,782.5738094679964
18061,1,general,468,476.4940733937281
18063,2,general,681,702.4827878750247
18064,0,infantry_line,203,209.6381041467001
18065,1,cavalry_standard,849,873.8294024324068
18066,4,cavalry_standard,505,513.9492075239197
18067,0,general,365,375.9292033508271
18068,3,general,696,734.7614294687334
18070,1,cavalry_light,755,695.4512621200201
18071,0,general,729,692.2904522314473
18072,0,general,687,649.3044836740286
18073,4,cavalry_light,327,331.86807800666554
18074,1,cavalry_light,775,693.6673837733855
18075,2,general,223,249.49350100064902
18076,2,general,789,747.2314537079154
18077,0,cavalry_light,920,761.8941031057826
18078,0,cavalry_light,807,679.6024475892743
18079,4,general,790,640.3399541394846
18080,0,cavalry_heavy,1117,1228.895872509444
18081,1,cavalry_heavy,755,1035.7545860860864
18082,4,cavalry_standard,754,771.9849742589895
18083,1,general,923,1028.9674173239887
18084,1,general,798,796.3135633472446
18085,4,general,572,514.548461115864
18087,2,infantry_light,311,350.54361305927097
18088,3,infantry_light,363,384.2209985665677
18089,3,cavalry_lancers,668,627.3972417225549
18090,3,cavalry_light,281,280.35582627050167
18092,0,cavalry_light,366,353.24156732288293
18093,1,general,482,464.90252484019805
18094,2,general,519,475.0823709434375
18095,1,general,248,247.19019647891815
18096,2,general,220,203.7212544818599
18097,4,general,163,169.15674525288472
18098,3,infantry_line,224,230.18823535793265
18100,1,infantry_line,241,253.58960413854032
18101,0,infantry_skirmishers,379,209.49902606089302
18102,4,cavalry_heavy,1567,1721.9056963056028
18103,0,cavalry_light,801,718.7282174572773
18104,2,cavalry_light,1047,951.2916473921337
18105,0,cavalry_light,447,451.87125154513404
18106,4,general,902,813.5697251076028
18107,2,general,1585,1743.8536296368181
18108,1,general,491,522.6250323888162
18110,2,cavalry_lancers,505,471.80753837385447
18111,2,cavalry_light,861,718.3740613305604
18112,2,cavalry_light,304,292.4354617403996
18113,2,cavalry_standard,538,554.1979623690208
18114,1,general,498,536.632922517931
18115,4,general,688,680.14212146095
18116,0,general,798,668.0247230848477
18117,4,cavalry_light,697,611.1258900535391
18118,4,general,547,470.6460102290664
18121,2,artillery_foot,739,856.8356173099473
18122,3,artillery_foot,545,594.3228263741604
18124,1,artillery_foot,279,325.56844040364854
18125,2,artillery_foot,642,769.2830699292483
18127,4,artillery_foot,471,618.1615504156794
18129,0,artillery_foot,351,378.14658391227954
18130,1,artillery_foot,279,325.56844040364854
18131,1,artillery_foot,523,604.3213899774086
18132,4,artillery_foot,989,1141.6889539480424
18135,0,artillery_horse,1262,1059.6380051391577
18137,0,artillery_horse,1255,1064.371856407536
18138,3,artillery_horse,2627,1947.614530303241
18139,1,general,199,199.80263239113495
18140,4,general,1014,1160.6253860067684
18141,1,general,351,352.14752575047135
18142,1,general,651,713.9637724248696
18143,1,general,351,352.14752575047135
18144,0,general,1182,1017.5487942811037
18146,1,general,1634,1635.305393260508
18147,1,general,199,199.80263239113495
18148,1,general,199,199.80263239113495
18149,2,general,76,75.44263340726637
18150,1,general,199,199.80263239113495
18151,4,infantry_grenadiers,353,296.7906733256371
18152,4,infantry_grenadiers,353,296.7906733256371
18155,3,infantry_line,84,98.17084458279642
18156,4,infantry_skirmishers,238,217.54169402050525
18157,4,infantry_skirmishers,388,315.2368446816427
18158,0,artillery_horse,404,417.01891161577737
18159,4,cavalry_light,1026,1015.9459018096603
18160,0,cavalry_light,692,649.8790549635848
18161,3,cavalry_light,639,571.4024850379519
18162,0,general,638,612.5058313646549
18163,2,general,102,101.51226145479608
18164,4,general,257,239.91152367538405
18165,0,general,886,894.5760776609278
18166,4,general,584,503.7119560314499
18168,0,general,705,691.8682649238841
18169,2,general,673,705.5216484547968
18170,4,general,220,220.71567022514273
18171,2,general,1174,1098.8320100586673
18172,1,infantry_light,646,665.3120094064068
18173,1,infantry_light,255,246.46642857807197
18176,0,infantry_light,289,278.85668825011845
18177,3,infantry_skirmishers,178,155.88988937593712
18178,3,artillery_horse,790,832.5434385549842
18179,2,cavalry_light,1176,1251.356635966052
18180,4,cavalry_light,860,800.009048269429
18181,3,general,981,999.8052579304626
18182,0,general,961,929.25385860554
18184,1,general,1095,1149.543732795212
18185,4,infantry_grenadiers,954,937.8375574420046
18187,3,general,1069,1017.9937214551474
18188,3,general,616,646.7565008947861
18189,3,infantry_grenadiers,850,842.6587726867251
18190,4,infantry_grenadiers,604,591.454869878272
18191,0,general,556,555.6666869701716
18192,3,general,469,460.738928673458
18193,0,general,1023,1123.9944274164293
18194,1,general,479,461.4557427026744
18196,4,infantry_grenadiers,948,1017.2195657093603
18198,3,infantry_line,475,433.5035386106999
18200,0,general,231,245.77282154087965
18201,4,general,144,160.33398469161457
18202,1,general,357,367.24333247312387
18204,4,general,138,131.74548995185114
18206,0,general,753,717.6164769989987
18207,2,general,424,410.36508465994757
18209,4,general,102,105.83837766821718
18211,0,general,571,539.7996731605024
18212,1,general,635,658.8127203316096
18213,0,infantry_light,244,236.05777792108884
18215,0,infantry_light,295,311.1024305614136
18216,3,infantry_light,336,363.7798946519808
18217,0,infantry_line,196,195.12164447853553
18218,3,infantry_line,302,260.2308091257599
18219,1,infantry_line,673,642.7991197399338
18220,4,infantry_line,355,341.9985665239846
18221,0,infantry_line,396,375.8450609855209
18222,4,infantry_line,207,209.90316003782397
18223,2,infantry_line,590,598.7365622910091
18224,1,infantry_skirmishers,195,206.77290223678386
18226,0,cavalry_light,657,624.9342441634095
18227,2,general,96,98.36647453651922
18229,2,general,173,161.34722510852944
18230,0,general,134,129.21563732149016
18231,0,general,618,581.7177566617395
18232,2,general,810,825.0407547327094
18233,0,general,419,440.6831206996552
18234,2,infantry_line,240,223.57225655610716
18236,4,infantry_line,412,406.9366712265163
18238,3,general,133,114.56912456947263
18239,2,general,827,799.5859702128904
18240,1,general,170,146.51339064213172
18241,1,general,38,36.471948322374814
18242,3,general,734,680.9450712688224
18243,0,general,872,815.8325390140839
18244,1,general,662,655.5183512837476
18245,1,infantry_light,573,572.1918334961053
18246,1,infantry_line,144,131.4256653087253
18251,1,general,281,301.1339667344054
18252,1,general,836,794.744950826576
18253,4,general,235,245.41288281385764
18254,3,general,494,465.98488225872785
18256,1,general,284,290.07845267181466
18257,4,general,136,151.42455033452063
18258,4,general,100,89.14777119268703
18260,4,general,1304,1200.9037108079835
18262,1,infantry_light,157,137.6339831742843
18263,4,infantry_light,168,144.59348024118935
18264,0,infantry_light,212,185.31027200892356
18265,0,infantry_line,605,562.5327709891582
18266,1,infantry_line,756,724.3242346834559
18268,4,infantry_line,897,849.8976801370478
18269,4,infantry_line,278,271.0953888284739
18270,3,infantry_skirmishers,247,228.55490945645488
18271,2,general,155,162.63818439529012
18272,3,general,114,121.10275722653172
18273,3,infantry_line,217,218.86575939836985
18274,3,general,383,397.27875081812806
18275,3,infantry_line,486,499.26293771925873
18277,0,infantry_line,216,214.28719528047552
18278,2,general,558,566.5296209932152
18279,4,general,617,632.0349100546573
18280,4,infantry_line,522,522.07982417366
18281,1,cavalry_light,634,595.0263244489831
18282,4,cavalry_light,505,497.0167377095644
18283,0,general,411,415.46120236526394
18287,0,general,375,382.3243999100452
18288,0,general,228,250.94542247022534
18289,1,general,489,450.9238225745183
18290,0,general,281,297.545431045151
18291,0,general,472,478.49209167460435
18292,3,infantry_line,202,198.5370473587939
18293,3,infantry_line,250,264.5889039980806
18295,2,infantry_line,243,243.48881246921798
18297,2,cavalry_lancers,669,749.9968359113259
18298,2,cavalry_lancers,632,737.3667112334907
18299,4,cavalry_light,927,860.8696374631871
18300,0,cavalry_light,809,781.7004357108387
18301,0,general,611,703.4017044137139
18302,4,general,966,901.2854933523112
18303,1,general,74,80.82782607399889
18304,2,general,95,95.99490162454335
18305,1,general,831,828.0009190383644
18306,3,general,1,1.0
18308,0,general,483,568.1391036786044
18309,4,infantry_line,161,153.85053298955282
18310,2,infantry_line,176,176.60623735119884
18311,4,infantry_line,108,87.37575566405434
18312,0,cavalry_lancers,669,707.233665304086
18313,2,cavalry_lancers,761,850.8794823103941
18314,1,general,521,568.2355732240944
18315,1,cavalry_lancers,782,768.6098971354783
18316,2,cavalry_lancers,601,721.6995549868234
18317,4,general,668,643.3831306196411
18318,0,cavalry_lancers,724,793.0137711369576
18319,2,general,720,846.7782836253316
18320,4,general,270,284.06650496236176
18321,3,general,603,665.2024601963049
18322,4,general,619,619.1896985766009
18323,1,general,335,332.3365113974624
18324,4,general,543,548.8300886172048
18325,4,general,747,730.369195603596
18327,1,infantry_grenadiers,326,345.0770643357411
18328,0,infantry_grenadiers,714,788.4688864322263
18330,0,infantry_grenadiers,663,678.0285261084448
18331,0,infantry_grenadiers,511,525.942179062253
18332,1,infantry_grenadiers,700,710.5458737951187
18333,2,general,319,351.22741202050145
18334,2,general,605,585.3427885884853
18335,0,general,169,231.36346921835195
18336,1,general,208,210.0649677297614
18337,2,general,461,449.7240866625872
18338,2,general,233,231.38845241022392
18339,3,infantry_grenadiers,576,576.4367708283522
18341,0,infantry_grenadiers,384,421.3628079059058
18342,0,infantry_grenadiers,319,308.2569257864282
18344,3,general,77,77.42399157383528
18345,2,general,77,71.59962889935453
18346,2,general,200,198.79129845433914
18348,1,infantry_line,151,135.86931407627702
18349,2,general,50,43.15212027757572
18351,4,general,239,222.86516567704416
18352,0,infantry_line,156,142.98137689133577
18354,4,cavalry_light,680,618.1748699617335
18355,2,general,51,44.03735640423435
18356,2,general,537,515.4746322433512
18358,4,general,192,211.67183644820204
18359,3,general,108,118.03796964588899
18362,2,infantry_line,217,214.28240394120544
18363,3,infantry_line,364,419.7950666796426
18364,1,artillery_foot,715,648.3070186904722
18365,0,artillery_foot,529,512.2281586017991
18367,4,artillery_foot,425,412.53331902202143
18368,0,artillery_foot,104,195.54614691607821
18369,0,artillery_foot,418,487.5676859726906
18370,0,artillery_foot,266,262.4454159551986
18371,2,artillery_foot,549,505.5011291147357
18372,2,artillery_foot,603,575.5698616808376
18373,1,artillery_foot,680,670.577458110564
18374,3,artillery_foot,222,236.77911786931682
18375,1,general,1232,1228.72722640757
18376,4,general,659,710.1585078598777
18377,3,general,629,568.6005446157704
18378,4,general,1,1.0
18379,3,general,177,176.90419486426205
18380,3,general,177,176.90419486426205
18381,3,general,177,176.90419486426205
18382,1,infantry_grenadiers,293,362.8228501506312
18383,1,infantry_grenadiers,293,362.8228501506312
18384,2,cavalry_light,812,834.787911644903
18386,0,general,1129,1131.9643401398885
18387,4,general,247,232.90858671766273
18388,2,general,709,717.4662720235461
18389,3,general,1885,1833.6718968023674
18390,2,general,610,586.7945668541471
18392,4,general,1010,1005.4771892577771
18393,4,infantry_grenadiers,1634,1649.064906635728
18394,3,infantry_light,735,696.1933740073995
18395,4,infantry_light,733,706.3822259887704
18397,3,infantry_skirmishers,472,451.7258313278619
18399,0,general,131,137.08625582826596
18400,2,general,284,296.2055215942767
18401,0,general,243,304.45510001335185
18402,4,general,476,459.46617303121155
18403,3,general,394,405.5106440353653
18404,4,infantry_line,509,543.1250220398227
18405,0,infantry_militia,420,393.46851923726865
18407,4,infantry_militia,360,417.96171724260455
18408,3,infantry_militia,298,372.87052137112465
18409,2,infantry_militia,231,252.27868057214326
18410,0,general,291,270.4862699329287
18411,4,general,185,187.4572157420528
18412,1,infantry_militia,242,264.1720732220118
18413,2,infantry_militia,382,376.51664813644913
18415,1,cavalry_heavy,723,701.1747952673643
18416,4,general,2706,2944.390963910557
18417,1,general,556,591.0669032729244
18418,2,cavalry_light,531,528.9799854815271
18419,4,cavalry_light,626,613.2174985379777
18420,0,cavalry_light,659,705.6102075664596
18422,0,general,508,544.9133455778289
18424,1,general,34,24.919423641276268
18425,3,general,206,185.98797267206203
18426,1,general,73,74.76626174966589
18427,2,general,125,117.85718885741667
18428,1,infantry_militia,142,189.4389981880313
18429,0,infantry_militia,127,133.16062595701112
18431,3,general,120,123.88589340561242
18432,2,general,189,153.7333104739153
18433,3,general,41,23.38523165724618
18434,3,general,84,70.16806531628706
18436,4,infantry_militia,268,287.8809093519085
18437,3,infantry_militia,136,136.50876193749346
18438,1,general,187,174.4265092956083
18439,1,general,242,227.2629223267695
18441,3,general,671,563.6541794370472
18442,2,infantry_militia,377,307.9130371003607
18444,2,infantry_militia,636,585.0260387681377
18445,3,cavalry_light,976,925.7392928417203
18446,1,general,862,855.2841559266909
18447,0,artillery_foot,550,537.4474796646891
18448,4,general,1,1.0
18449,4,general,462,466.1882448665763
18450,0,cavalry_lancers,811,856.7818866511134
18451,2,cavalry_lancers,747,686.6190925553407
18452,2,cavalry_light,736,730.7569800937129
18453,3,cavalry_light,1708,1754.7126457360885
18454,2,cavalry_light,1225,1232.8163868519912
18455,1,general,506,531.246618893743
18456,1,general,651,707.7744783503697
18457,3,general,606,547.4304108712715
18458,4,general,239,199.9267165189247
18459,3,general,452,437.6644390821984
18461,1,general,717,716.9326039571506
18463,3,general,523,506.3358030393758
18465,3,general,412,359.28729277443915
18466,1,general,1084,1093.17409050031
18467,1,general,408,410.84647874498773
18468,0,general,536,563.812019722266
18469,2,general,731,745.8408001101424
18470,1,general,361,350.31795530525653
18472,3,infantry_grenadiers,502,507.9564674560173
18473,4,infantry_grenadiers,476,486.55339074731376
18474,2,infantry_grenadiers,553,559.5489776077752
18475,1,infantry_light,772,787.9669949613474
18476,1,infantry_light,474,510.9384688966657
18477,0,infantry_light,352,323.76026844442424
18478,2,infantry_line,535,565.4397919808389
18479,4,infantry_line,493,479.0316065192956
18480,3,infantry_line,638,685.6670052962307
18482,0,cavalry_light,1034,1055.474619116295
18483,4,cavalry_light,524,545.202676598334
18484,0,general,239,262.6426139416987
18485,2,general,907,926.6935667214708
18486,2,general,395,392.598455547755
18487,1,general,70,61.76781534394158
18488,4,general,289,269.20904756323256
18489,4,general,192,195.920973666649
18490,4,general,106,99.18232191355719
18492,1,general,375,426.5464348559922
18493,1,general,1114,1191.8753781399364
18495,0,infantry_grenadiers,1035,1081.5241804946597
18496,1,infantry_line,176,158.97394988175046
18497,4,infantry_line,391,383.33591939409393
18498,3,infantry_line,297,305.73118809222984
18499,1,infantry_line,556,589.6364343640203
18500,2,infantry_line,445,488.37811705220633
18501,1,cavalry_heavy,1911,1940.170582332067
18502,3,cavalry_standard,736,628.2163618035581
18504,3,general,625,521.9681446717924
18505,1,general,583,572.5242836870042
18506,4,general,1728,1739.0536426330407
18507,1,general,1953,1948.026054598487
18508,3,infantry_light,347,324.80701417335007
18509,3,artillery_horse,1015,1028.9896952486026
18510,1,cavalry_lancers,635,732.880066294596
18511,1,cavalry_light,1430,1501.3769195992554
18512,4,cavalry_light,640,655.0173849356541
18513,1,cavalry_standard,1463,1293.5287063487167
18514,2,general,119,130.5415674563539
18515,1,general,427,398.5937376313716
18516,4,general,160,118.7333844731272
18517,4,general,211,171.6731975724075
18519,1,general,156,184.09050065449938
18520,4,general,603,630.9631239269156
18522,2,general,328,303.74625425944225
18523,4,general,160,177.05646848692305
18525,1,general,386,378.73468347966644
18526,3,general,500,486.3253163466597
18527,3,general,546,557.3395221616219
18529,1,infantry_grenadiers,385,404.968646734085
18530,0,infantry_grenadiers,608,602.545563579531
18532,2,infantry_light,276,234.00831899571693
18533,1,infantry_light,359,337.5043942564152
18534,2,infantry_light,458,423.8652593687761
18535,0,infantry_light,495,448.2231456433016
18536,4,infantry_line,225,237.92659010325087
18541,4,infantry_skirmishers,127,152.388430225394
18543,1,infantry_skirmishers,265,256.1193475752546
18544,3,cavalry_lancers,999,957.2827095241547
18546,1,cavalry_lancers,603,654.7930019045675
18547,0,general,250,255.73426457814165
18548,3,general,216,226.2039346013825
18550,2,general,357,342.3094897489016
18552,2,general,472,469.96372179603026
18553,4,general,329,324.90752007727457
18554,4,general,602,570.4417670323169
18555,1,general,442,414.94855367309106
18556,1,infantry_line,466,459.3566361958028
18557,4,infantry_line,163,138.97526563568033
18558,3,infantry_line,310,303.24390347075285
18559,0,infantry_line,324,342.1286928026626
18560,4,infantry_line,550,521.1722814336349
18561,0,infantry_skirmishers,200,216.5051542399804
18562,3,general,133,134.1997369045105
18563,3,general,155,164.92111974701174
18564,3,infantry_line,201,198.91277786184003
18565,4,infantry_line,255,274.309170562235
18566,1,cavalry_lancers,1024,1063.993176686026
18567,3,cavalry_light,1230,1097.2261943664703
18568,2,general,391,370.8498079508304
18570,4,general,550,526.6061038281141
18572,2,general,431,406.515226888942
18573,2,general,980,985.9578055589203
18574,4,general,900,908.9509200243499
18578,2,general,669,629.8528805149606
18579,0,general,301,274.0697861630854
18580,4,general,416,415.11081022519244
18581,0,general,794,865.0611096514878
18582,1,general,354,340.86452676186923
18583,2,infantry_grenadiers,539,543.7750478546934
18584,2,infantry_grenadiers,418,407.96244777387045
18585,2,infantry_grenadiers,624,659.3126353554245
18586,2,infantry_grenadiers,399,427.7800681988506
18587,4,infantry_light,704,679.3505571701061
18588,2,infantry_line,422,414.35995249273475
18589,1,infantry_line,497,486.17440139024654
18590,0,infantry_line,290,305.33855273991554
18591,3,infantry_line,384,385.4288394263297
18592,0,artillery_foot,360,351.03084479226186
18593,2,general,209,229.7691546734374
18594,0,general,63,59.07303611425368
18595,0,general,506,535.1465317600837
18596,4,general,616,604.9182248570689
18597,0,general,762,786.5303440181178
18599,1,general,357,407.22701403302335
18600,2,general,569,563.2483107144166
18601,2,general,610,598.168154061516
18602,3,general,508,517.9603614066821
18603,3,general,543,537.4649607145521
18604,1,infantry_grenadiers,608,585.5013798481349
18605,4,infantry_grenadiers,483,525.4519643800866
18607,0,infantry_grenadiers,672,668.6464387378071
18608,4,infantry_line,166,151.1179861775484
18609,3,infantry_line,254,291.3606634854549
18610,0,infantry_line,671,683.6493597655589
18612,4,infantry_line,491,473.1225666981621
18613,1,general,77,62.64685328961127
18614,2,general,111,117.0475017227756
18615,0,infantry_irregulars,548,667.1378025963648
18616,0,infantry_line,181,167.94847408161414
18618,4,infantry_militia,201,241.29451286576017
18620,1,cavalry_light,858,898.5457439878256
18621,0,general,212,210.8717839628421
18622,2,general,651,603.732441097756
18623,0,general,736,766.2696004109217
18626,0,general,186,189.93917789152712
18627,2,general,546,576.7629977326213
18628,2,general,390,403.622894377755
18629,3,general,446,469.1446230324475
18630,4,general,391,387.25660078413455
18631,2,infantry_line,318,313.43284534755753
18632,1,infantry_line,292,291.6256792939687
18633,0,infantry_line,498,508.4942116660097
18635,4,cavalry_heavy,1739,1801.1213534959973
18639,0,general,171,173.2251646570385
18640,1,general,396,395.0290688781482
18642,1,general,365,355.38719333965986
18643,2,general,2329,2267.4998517513536
18646,3,general,571,601.4719587023617
18647,1,general,639,682.7908547277011
18648,4,general,498,487.30248925061056
18649,1,infantry_light,431,459.5023878443336
18651,3,infantry_light,242,201.62186417077385
18652,3,infantry_light,343,339.01765394567343
18654,3,infantry_line,251,258.0995430109491
18655,2,infantry_line,279,276.5384454883943
18656,3,infantry_line,680,724.7017070662885
18657,0,infantry_militia,61,99.18751715718768
18658,3,artillery_foot,350,352.9750483983914
18659,0,cavalry_standard,821,772.2575980155868
18660,0,cavalry_standard,1598,1349.7011394511394
18662,2,general,712,668.5849431720007
18663,3,general,1369,1173.2086936168926
18664,1,infantry_grenadiers,420,480.4954397214837
18665,3,cavalry_heavy,1874,1899.3038438810493
18667,2,general,1808,1808.4084934195487
18668,3,general,1917,1952.9199100890594
18669,1,general,791,806.2690892535201
18670,0,cavalry_heavy,2650,2483.675545836605
18671,3,cavalry_heavy,1763,1695.9381085219654
18672,1,cavalry_heavy,2046,2016.1552138124096
18673,3,cavalry_light,833,863.1728091611494
18675,0,general,782,823.7604318977885
18676,4,general,1589,1574.3756643547931
18677,4,general,2324,2198.8723336852036
18678,1,general,2541,2346.8369710900874
18683,4,cavalry_heavy,1805,1776.8716493050151
18684,0,general,1744,1674.928589568011
18685,0,general,1738,1753.096329791445
18686,0,artillery_foot,249,289.60597005368027
18687,3,cavalry_heavy,1748,1744.7570568278006
18688,0,cavalry_heavy,1976,1947.4962789000037
18689,2,general,1511,1553.9649704431965
18690,0,general,207,186.4171680202027
18691,2,general,455,382.24909793414895
18692,1,general,492,490.0391844374665
18693,1,general,167,212.85348314950195
18694,2,general,178,162.18131105357457
18695,3,general,1717,1694.159846470516
18696,3,general,1577,1602.4404287125137
18697,2,general,321,298.35980241525107
18698,4,general,573,532.620570441966
18699,0,infantry_grenadiers,458,470.56486230675944
18700,1,infantry_light,363,319.39742288981245
18701,2,infantry_line,310,290.6207292604756
18702,1,infantry_line,282,271.98080219901976
18703,4,infantry_line,641,611.0042555514013
18704,3,infantry_line,389,358.57592443755385
18705,4,general,109,100.81392632549513
18706,0,general,265,242.21367213519616
18707,2,general,690,679.8237304109003
18708,3,general,188,188.95074949968426
18709,1,general,540,562.1292428976698
18710,3,infantry_grenadiers,649,621.7977951487227
18712,1,infantry_line,255,249.29446963624207
18713,1,infantry_line,219,207.35595905692088
18714,1,infantry_line,528,519.9748850950642
18716,3,artillery_horse,89,114.63360177161124
18717,0,cavalry_light,808,765.0968333532663
18718,2,general,656,596.3287320011548
18719,0,cavalry_heavy,861,1469.9159331686046
18720,1,general,661,1305.9959264823333
18721,1,artillery_foot,327,331.9036709801428
18723,2,general,85,68.31642050534946
18724,0,general,447,479.88475741803836
18725,2,infantry_grenadiers,512,536.4114455184992
18726,1,infantry_line,192,173.47438420494055
18727,1,infantry_line,167,147.02471463537933
18728,2,artillery_foot,40,83.19883591688405
18729,4,general,162,138.7480982055555
18730,1,general,183,168.50040423594757
18731,4,infantry_line,265,247.37900267271604
18732,0,infantry_line,206,186.3554668868272
18734,1,infantry_skirmishers,236,247.07969804060292
18736,0,artillery_foot,705,689.4925787856847
18737,3,artillery_foot,467,404.83067688977826
18738,4,artillery_foot,480,448.0900524046676
18739,4,artillery_foot,600,700.8670689809703
18740,1,artillery_foot,268,279.67755318409746
18741,2,artillery_foot,776,703.2255849868981
18742,0,artillery_foot,61,106.05384363455025
18743,0,artillery_foot,406,440.5928379569363
18744,0,artillery_foot,567,558.3292798005051
18745,2,artillery_horse,1057,1066.4333645227298
18746,2,artillery_horse,684,730.5384216781565
18747,4,general,1,1.0
18749,2,general,444,390.91708865689105
18750,4,general,1,1.0
18752,0,general,1195,1134.4833003861545
18753,4,general,1,1.0
18754,1,infantry_grenadiers,420,480.4954397214837
18755,1,infantry_grenadiers,420,480.4954397214837
18757,1,general,828,884.6509023784461
18758,1,general,1244,1343.886677380043
18759,3,infantry_grenadiers,952,1056.4585579235002
18760,0,infantry_grenadiers,608,608.3245072597896
18762,3,infantry_grenadiers,861,936.3752373067141
18763,1,general,860,829.9933528735103
18765,4,infantry_light,851,814.3102309121725
18766,0,infantry_line,567,525.7687939778926
18767,0,cavalry_lancers,823,695.9876964743673
18768,0,cavalry_lancers,823,726.9069058173508
18769,2,cavalry_light,723,730.0177746865307
18770,0,general,571,613.8790066984828
18771,0,artillery_foot,755,828.2837875357943
18772,1,general,845,918.1505022390068
18773,2,general,638,714.5462356970731
18774,2,general,669,625.0603272593828
18775,3,infantry_grenadiers,682,799.2121134588411
18776,3,infantry_grenadiers,692,771.2825773516504
18777,1,infantry_line,778,689.2464001948669
18778,4,general,482,562.8775819656373
18779,2,general,847,912.9853712664133
18780,1,general,223,256.1193308167398
18781,2,infantry_grenadiers,703,754.1457662346363
18782,4,infantry_grenadiers,528,609.8181868654665
18783,0,infantry_line,327,338.1080620505129
18784,3,artillery_foot,484,507.7471316419117
18785,4,general,1691,1542.6393181174196
18787,2,general,1808,1600.2211168637086
18788,3,infantry_grenadiers,1594,1853.0283418805336
18789,1,infantry_line,1828,1616.982368653567
18791,2,general,350,345.0570580517684
18792,3,general,1616,1514.5877539777036
18793,1,general,1508,1414.9229349114432
18794,0,general,2189,2068.726688498008
18795,0,general,1486,1446.4871896944528
18796,1,infantry_line,1644,1547.0699025642862
18797,3,infantry_line,1630,1600.604722861511
18799,0,general,148,140.44421766042353
18800,3,general,570,552.1721282600508
18801,3,general,884,902.85052471158
18802,4,general,946,955.042078791458
18804,0,infantry_line,415,395.5735510300909
18807,2,infantry_line,681,669.4066437699846
18808,2,general,357,372.8028175309449
18810,2,general,558,536.2150984441762
18811,4,general,778,754.60583232313
18813,1,general,307,313.89562629502876
18815,1,infantry_line,604,552.8125592103465
18816,1,infantry_line,416,377.39051512013145
18817,0,infantry_line,422,468.1834569617529
18820,1,general,288,300.65159344693063
18821,3,general,236,219.09339705724534
18822,2,infantry_line,335,330.8866532968694
18823,2,infantry_line,288,280.16236376510176
18824,3,general,311,316.6184581335123
18825,4,general,300,314.9368709833161
18826,1,general,247,284.18300939239055
18827,3,general,469,470.3201943001065
18828,1,infantry_line,351,343.93389944738584
18829,2,infantry_line,411,428.74030575098595
18830,3,general,690,702.3932884412303
18831,4,general,622,629.635489272446
18833,2,infantry_line,733,751.8884163476014
18834,2,infantry_line,232,199.47473877259895
18835,2,general,296,312.956894825504
18836,1,general,354,391.3127850807567
18838,1,general,119,149.57154041674272
18841,3,general,461,467.54897013721325
18843,1,general,342,346.03706745436523
18844,2,infantry_line,498,520.0436029556831
18845,4,infantry_line,452,423.56201194272774
18847,2,general,318,338.43980221154965
18849,1,infantry_line,373,361.1192795417291
18850,1,infantry_line,320,294.1223575740018
18852,2,infantry_grenadiers,942,998.1846733161548
18854,3,infantry_skirmishers,243,289.81504982208577
18855,1,artillery_horse,722,644.0829754045895
18856,2,cavalry_light,641,625.4905261311275
18857,0,cavalry_light,657,711.4486682747421
18859,0,cavalry_light,1330,1384.3308778713426
18861,2,general,500,535.7131553264885
18862,0,general,1359,1460.3110664058886
18863,3,general,502,470.4192714880273
18864,0,general,702,718.9967405045115
18865,4,general,1,1.0
18866,4,general,1,1.0
18867,3,cavalry_heavy,1363,1367.7746792413895
18868,1,cavalry_heavy,1817,1604.520542762512
18870,3,general,992,968.0291628344295
18871,1,general,574,501.29261557786134
18872,1,infantry_irregulars,568,477.05231577740904
18873,2,infantry_line,1002,1013.2638444282242
18874,4,artillery_foot,1018,852.9928407088041
18876,3,general,1049,1127.3260298614564
18877,3,infantry_grenadiers,1175,1244.395769576984
18878,1,artillery_foot,1306,1091.409036938849
18879,4,general,56,76.37894877296785
18880,3,infantry_militia,82,116.24520110075139
18881,3,infantry_militia,147,122.58525423347557
18882,3,infantry_skirmishers,268,490.80776120830217
18883,2,artillery_foot,256,270.30131104310294
18884,3,cavalry_light,1288,1056.4622752680154
18885,2,cavalry_light,1034,1030.1621044388755
18886,4,general,1074,1080.3850931205432
18887,2,general,925,941.5413639379984
18888,3,general,473,447.67217030877737
18889,2,general,76,149.74033066534113
18890,0,infantry_line,398,403.8733118730266
18891,3,infantry_line,164,214.88136686591588
18892,4,infantry_skirmishers,272,272.720405676273
18893,3,cavalry_light,1123,1113.8488923973018
18894,0,cavalry_missile,486,208.09696244620855
18895,2,general,357,416.047556109098
18898,4,general,1190,1266.8920583641125
18899,2,cavalry_light,1366,1276.2195853271803
18900,3,general,1167,1121.8190888521003
18901,2,cavalry_light,1124,1208.9548238302536
18902,0,cavalry_light,1096,1204.8648027245763
18903,4,cavalry_light,808,907.5724110718169
18905,0,general,907,1039.1622900958678
18906,1,infantry_irregulars,269,213.7700923328033
18907,0,infantry_skirmishers,238,236.90743447630933
18908,4,cavalry_lancers,354,415.2792202496305
18909,2,cavalry_lancers,1156,1001.0953251863997
18910,2,cavalry_light,529,612.5659607663229
18911,0,general,232,283.2464615892459
18913,0,general,1093,1105.541105683472
18914,4,infantry_line,286,257.676815297832
18915,2,cavalry_light,218,336.7299296396853
18917,3,artillery_foot,688,600.0474893270347
18918,4,general,295,286.93333046915126
18921,3,infantry_skirmishers,171,206.5959706620002
18922,1,cavalry_standard,439,609.1856827660567
18923,0,general,254,34.47437752826366
18924,2,infantry_irregulars,192,127.91444293777887
18925,1,general,95,113.43648513837078
18926,4,infantry_militia,176,189.61886369455075
18927,1,general,1,1.0
18929,1,general,526,524.3398411342608
18930,0,cavalry_heavy,2040,1891.5940463311108
18931,1,cavalry_heavy,2068,1895.4742626091665
18932,3,cavalry_heavy,1286,1287.596852147846
18933,3,general,1949,1812.7579150607821
18934,4,general,527,530.3127087606914
18935,3,general,176,167.1811475334404
18937,0,general,585,552.1557119422719
18938,1,general,1381,1319.0761218508517
18940,1,general,1064,1052.335056241312
18941,4,general,1337,1326.8829697055662
18942,1,general,1077,1055.0950649111332
18943,1,infantry_line,672,669.2868642614937
18944,0,infantry_line,1464,1478.7585601683434
18945,2,infantry_line,1512,1471.8770793899528
18946,2,infantry_line,610,649.1692989051072
18947,4,infantry_line,245,226.34368308328115
18948,1,infantry_line,977,951.4528418782321
18949,2,infantry_line,1472,1362.0561327913501
18950,0,artillery_foot,1521,1576.1492715914142
18951,0,cavalry_lancers,607,621.4805192256791
18952,3,cavalry_lancers,674,672.3178441056004
18953,0,general,471,472.06129370404915
18954,4,general,535,528.2381197281851
18955,4,general,1396,1382.5498862865823
18957,2,general,694,652.4345892647118
18958,3,general,582,566.1682571724871
18959,2,general,1123,1082.1507953874843
18961,2,general,591,614.5615730100493
18962,4,general,365,360.1485177234344
18963,2,infantry_grenadiers,1078,941.5120652079606
18965,4,infantry_line,538,546.5288890816125
18966,0,infantry_line,734,712.5906075722813
18967,0,infantry_line,386,391.2290958020691
18968,4,infantry_line,531,518.756945717851
18970,0,infantry_line,424,424.8400162013354
18971,0,infantry_line,940,931.9569134272541
18972,3,infantry_militia,201,231.84019675005484
18973,0,artillery_foot,655,701.6532986969517
18974,3,artillery_foot,1524,1720.0712568836702
18975,1,cavalry_heavy,1306,1209.593410227718
18976,2,general,1520,1783.9279509198966
18977,1,general,1103,1006.9166334717092
18978,3,general,334,315.9268478405527
18979,3,general,384,351.19151240897577
18981,2,infantry_light,341,329.70141393593997
18982,1,infantry_light,1115,1000.6988667861996
18983,4,infantry_line,442,411.6266984181455
18984,3,infantry_line,387,376.85700027331853
18985,4,general,933,908.5450250021237
18986,0,general,228,217.00378593150865
18987,3,infantry_line,333,327.3946696726022
18988,4,infantry_line,827,817.4139492092812
18989,4,general,150,180.0168925149252
18990,3,general,315,306.07363899901077
18992,1,general,203,188.18674183971865
18993,0,infantry_line,419,414.73613187875134
18995,0,infantry_line,264,285.75875850286525
18996,1,infantry_line,365,341.5030804502197
18997,3,cavalry_lancers,731,713.4398001047113
18998,2,cavalry_lancers,742,719.7797261435551
18999,4,cavalry_light,621,650.6187360839605
19000,4,general,594,696.2969865458341
19001,1,general,279,317.48903316178263
19002,0,general,704,680.0089296334016
19003,4,general,130,144.50026065234186
19004,3,general,461,471.4904808078401
19005,4,general,767,767.7590898381941
19006,3,general,773,800.9088027736445
19007,0,general,681,693.3564689788832
19008,4,general,537,526.3252606782231
19009,0,general,312,299.6534059265549
19010,2,general,1333,1302.070894084279
19011,2,general,579,673.0010396287367
19012,3,general,665,662.9859326826108
19013,3,general,330,321.0833470869816
19014,0,general,940,923.3813746101861
19015,1,infantry_grenadiers,298,199.8404384920069
19016,3,infantry_grenadiers,455,509.7473270425184
19017,3,infantry_line,786,789.6223926688308
19019,0,infantry_line,622,631.9791702021213
19020,0,infantry_line,522,520.6916250036975
19021,4,infantry_line,713,725.0172460052542
19022,3,infantry_line,978,1002.8817737774343
19024,3,infantry_line,1368,1401.6291670954217
19025,0,infantry_line,372,364.9123408433891
19026,2,infantry_line,835,823.4257667204945
19027,0,infantry_militia,193,244.81852574946407
19028,3,infantry_militia,211,242.03729300064248
19029,4,infantry_skirmishers,269,263.99364065583154
19031,0,artillery_foot,924,939.1891138849775
19032,0,cavalry_lancers,361,408.0964026161589
19033,4,cavalry_light,621,650.6187360839605
19034,2,cavalry_light,556,673.9177427153329
19035,3,cavalry_light,765,838.4888743485415
19036,3,general,628,629.5974438180134
19037,4,general,262,231.7061548444345
19038,0,general,431,408.57317301225703
19039,2,general,370,364.4039924024455
19041,0,general,772,697.2585728705891
19042,2,general,265,270.4659194307204
19043,0,general,442,400.97941887881234
19044,2,general,728,729.6721999154265
19046,0,infantry_line,366,373.7374905603834
19047,2,infantry_line,361,331.0616802384943
19048,3,infantry_line,361,361.043953462867
19049,0,infantry_line,616,637.1302579540991
19050,2,infantry_line,566,586.4102443320703
19051,0,infantry_militia,466,486.2492363055738
19052,2,infantry_militia,67,102.19894473540114
19053,4,infantry_skirmishers,301,327.9837355304069
19054,2,cavalry_heavy,1381,1455.6462883550114
19056,3,cavalry_light,765,838.4888743485415
19057,4,general,689,714.6957565349263
19058,2,infantry_grenadiers,887,851.0725610092696
19059,2,infantry_line,152,167.51596884183544
19060,1,infantry_line,808,815.6079352133514
19061,4,general,259,244.98748558430145
19062,0,infantry_line,329,310.381252160488
19063,1,infantry_grenadiers,793,822.8327447664384
19064,1,artillery_horse,868,824.1219065170926
19066,0,cavalry_light,645,724.6753699979947
19067,0,cavalry_light,550,644.1387986379588
19070,1,general,363,333.0532105959277
19073,1,infantry_line,411,368.07877134191796
19074,3,infantry_line,407,414.7909602362525
19075,2,infantry_line,335,333.647116838527
19076,3,infantry_line,476,446.0188478194275
19077,4,infantry_militia,209,208.0674130665811
19079,0,artillery_foot,332,340.38739817842196
19080,2,cavalry_heavy,1381,1455.6462883550114
19081,4,cavalry_lancers,786,802.8186262064421
19083,3,cavalry_light,1137,1253.4161183111528
19086,0,cavalry_light,443,462.3025327470975
19087,4,cavalry_light,461,460.33166642170005
19088,1,general,673,672.1987374491424
19090,4,general,375,438.73301871884365
19091,2,general,590,681.5452693397626
19092,3,general,940,1041.0754166495997
19093,2,infantry_line,249,239.45432243579185
19094,2,infantry_line,152,167.51596884183544
19095,0,infantry_skirmishers,292,298.334997904413
19096,1,cavalry_light,449,463.5080403970272
19097,0,cavalry_light,610,591.0122777780629
19098,4,general,462,441.33340660818914
19099,4,general,315,325.9876780951571
19100,3,artillery_foot,2543,2459.683799856263
19101,4,cavalry_lancers,894,858.0961428012786
19102,2,cavalry_light,500,588.794022515983
19103,2,cavalry_light,664,595.3516698611185
19104,3,cavalry_light,732,796.5697020284362
19105,3,general,360,448.0781720673451
19106,1,general,578,523.6835748024358
19107,1,general,776,734.9242634071383
19108,3,general,1051,1083.7113538861636
19109,0,infantry_line,290,328.6908186890961
19110,4,infantry_line,869,904.9553276063631
19111,0,infantry_militia,94,92.05564491336223
19114,0,infantry_grenadiers,272,323.2275860276392
19116,0,general,417,422.9947333795084
19117,0,infantry_grenadiers,732,727.6522857264604
19118,1,infantry_line,534,526.5653423196485
19119,1,artillery_foot,1013,1007.1682626624548
19120,2,general,694,578.2319465532465
19122,3,infantry_irregulars,582,547.7342046711274
19123,2,infantry_militia,291,257.94001278925157
19124,3,infantry_militia,263,282.6910259370067
19125,1,infantry_irregulars,356,323.3692280050404
19126,3,infantry_line,132,169.8004682355178
19128,1,cavalry_light,449,463.5080403970272
19129,2,artillery_foot,457,467.48722127552645
19131,3,artillery_foot,518,506.55438121829434
19132,3,artillery_foot,496,517.3157187112964
19134,4,general,351,351.60211752688446
19135,3,general,199,199.101622745438
19136,4,general,351,351.60211752688446
19137,4,general,351,351.60211752688446
19138,2,general,526,525.1586997013704
19139,3,infantry_grenadiers,382,418.5622788425598
19140,2,artillery_horse,1031,1130.6303512658424
19141,3,artillery_horse,539,533.8399007366991
19142,3,general,463,435.3548495011872
19143,4,general,229,234.87415153275992
19144,0,general,352,323.09833146451496
19145,0,general,442,389.57810424100205
19147,0,general,523,460.67309664159
19148,3,general,975,985.4367563465978
19149,0,infantry_light,292,293.623971677448
19150,3,infantry_light,438,457.49987304832297
19151,0,infantry_light,479,469.838247681052
19152,4,infantry_light,401,354.8687748383061
19154,1,infantry_line,1098,1105.1792955389678
19155,3,infantry_line,958,931.1013473329024
19156,1,infantry_skirmishers,231,241.96367724778423
19157,2,artillery_foot,350,325.67856950599105
19159,3,cavalry_lancers,774,717.338678526142
19160,4,cavalry_light,1150,1070.9168236922799
19162,0,general,1151,1118.9768875032278
19163,0,general,316,312.51433235286447
19165,3,general,789,843.5105699368082
19166,4,general,780,777.149702855197
19167,0,infantry_light,719,722.8790955947601
19168,2,infantry_line,413,420.3391412271625
19170,2,artillery_foot,1199,1251.2943794236369
19171,1,artillery_foot,75,117.13579594027924
19172,4,artillery_horse,115,166.34744611465754
19173,4,cavalry_lancers,584,544.7684619791959
19174,3,cavalry_light,500,501.2659775205422
19175,3,cavalry_light,901,907.6252017258877
19177,2,general,341,369.64001168443764
19179,0,general,816,850.94117533175
19180,4,infantry_line,345,351.4065391252407
19181,0,infantry_line,273,299.93187107371944
19182,0,artillery_horse,405,400.1663364518536
19183,2,general,271,272.5678532829815
19185,4,cavalry_light,652,638.1557424984327
19186,4,cavalry_light,1103,1053.947839690686
19188,0,general,1297,1299.944673631127
19189,0,general,988,1092.9049874310695
19190,0,general,581,597.9821308072826
19191,1,cavalry_heavy,2534,2603.2835508067187
19192,2,cavalry_heavy,2344,2543.339042802049
19193,2,cavalry_heavy,662,992.120943945622
19194,3,cavalry_standard,937,925.1942337283971
19195,4,cavalry_standard,1045,999.5187847342619
19196,4,general,407,411.2583243880275
19197,4,general,2288,2282.4379025375333
19198,3,general,765,750.4424005208388
19199,3,general,2110,2208.4989847013326
19201,0,infantry_line,454,458.31261339731986
19202,2,artillery_horse,1379,1512.2740410621768
19203,0,artillery_horse,1047,1071.6627253749755
19205,2,general,1371,1602.1689840343001
19206,3,general,332,337.0748899404752
19207,2,general,854,860.0387252867575
19208,4,infantry_grenadiers,855,826.8299354144258
19209,1,infantry_line,388,384.14632821679106
19210,0,infantry_line,345,346.71274805303665
19211,4,infantry_line,338,354.6423702771461
19212,0,infantry_line,764,762.8753531431317
19213,1,cavalry_lancers,735,747.9133871391662
19214,2,cavalry_lancers,465,475.16540605009067
19215,4,cavalry_lancers,471,463.33557922535437
19216,3,cavalry_lancers,528,503.39529574719415
19217,0,general,417,424.84032836126255
19219,3,infantry_light,316,322.1852907427425
19222,0,infantry_line,703,689.4684481135638
19223,2,general,378,366.59828710812064
19224,1,general,965,932.0081543119177
19225,0,infantry_grenadiers,908,837.7724024450713
19226,4,infantry_line,431,404.6883331049067
19227,1,cavalry_lancers,445,443.56147044356754
19228,2,general,206,230.25664379446175
19231,3,infantry_line,266,283.3927520386746
19232,2,general,265,270.86792939667737
19233,3,general,248,272.3807657834911
19234,3,infantry_line,348,363.72674750053216
19236,0,general,329,320.1964678847508
19237,1,general,236,249.19038761047238
19238,3,infantry_line,434,424.05329956883196
19239,2,infantry_line,295,307.6093760694008
19240,4,artillery_foot,928,864.5242908587551
19241,4,general,828,771.0594580126213
19242,1,cavalry_standard,939,918.0796410733487
19244,0,general,767,752.9384213744722
19246,3,infantry_line,376,384.92959727869146
19247,3,infantry_line,681,676.2780109086283
19248,1,general,782,723.169623997827
19249,4,general,297,314.2585557715835
19250,1,infantry_grenadiers,813,773.3101769692778
19251,3,infantry_line,386,406.1803415120842
19252,0,general,269,263.49371686204785
19254,4,infantry_grenadiers,768,692.4824752586304
19255,0,infantry_line,173,160.25484240341098
19256,0,infantry_line,259,256.6411243985739
19257,4,infantry_line,379,379.34497093406776
19259,0,general,173,189.2431159753511
19261,0,infantry_irregulars,166,200.1137913347589
19262,3,infantry_line,212,234.07818868050913
19263,1,infantry_line,312,312.09707020661426
19264,1,infantry_line,200,206.5296626718402
19265,3,infantry_line,360,359.4683531002316
19266,0,infantry_line,362,359.56035213673545
19267,3,infantry_line,503,525.0187166281472
19268,3,infantry_line,277,294.2668707106088
19269,0,cavalry_heavy,1956,2195.745505145385
19272,0,cavalry_standard,482,509.3958749622852
19273,3,cavalry_standard,828,813.4557367209317
19274,3,general,559,596.738522028223
19275,1,cavalry_lancers,445,460.11229264277455
19276,4,cavalry_lancers,978,841.5375514684595
19277,1,general,806,737.5170382271056
19278,0,artillery_foot,1735,1545.2596408549423
19279,4,general,1,1.0
19282,3,general,177,176.8498517117624
19283,3,general,177,176.8498517117624
19284,0,general,1022,1021.5941183385778
19285,2,general,823,823.8509269207968
19286,2,cavalry_lancers,372,395.87736694962314
19287,0,cavalry_light,553,555.4562232548208
19288,2,cavalry_standard,566,573.6441835994484
19289,0,cavalry_standard,680,661.9476713615605
19290,4,cavalry_standard,994,937.5638661737802
19291,4,general,418,420.4479878671665
19292,1,general,318,361.8816415871098
19294,3,general,932,876.4669325547734
19295,4,general,431,433.76877470031275
19296,1,general,673,653.7759164076148
19297,3,general,733,728.8256293348289
19298,4,general,378,385.2154756639755
19299,0,infantry_grenadiers,670,705.4866978738393
19302,3,infantry_line,368,364.97468813350685
19303,4,general,217,244.87997378501854
19305,4,general,189,182.7335950123982
19307,1,general,595,568.1832829150187
19308,0,general,301,295.07228531030086
19309,4,general,386,396.25937747597334
19311,0,general,405,393.4493917989861
19312,3,general,358,372.42447888619273
19315,0,infantry_light,311,295.6231701509516
19317,2,infantry_light,525,529.1418884566266
19318,2,infantry_line,297,288.00010304542917
19319,1,infantry_line,190,228.45305325007075
19320,1,infantry_line,512,502.70870406259036
19321,2,infantry_line,437,454.6098991579998
19322,1,infantry_line,317,337.15389406113326
19323,3,infantry_line,499,520.148557543403
19325,3,general,462,412.3275061873228
19326,1,general,184,272.7244778756665
19327,2,general,159,174.25859842706566
19328,3,general,166,175.73538461382083
19329,2,general,343,346.95593734606655
19330,2,general,626,586.5976153927779
19331,0,general,754,784.4715340555362
19333,0,general,1000,972.1731389456896
19334,3,general,1003,994.7109986986586
19336,3,general,697,726.3713542502743
19337,2,infantry_grenadiers,833,842.2819163768695
19338,4,infantry_grenadiers,1147,1165.4489125345362
19339,4,infantry_grenadiers,948,992.5219158398729
19340,0,infantry_grenadiers,879,906.2302508564252
19341,1,infantry_grenadiers,1238,1302.9651395181486
19343,2,infantry_grenadiers,678,645.0676569950335
19344,2,infantry_grenadiers,765,747.6251994702783
19345,2,infantry_light,472,444.29020372772385
19346,3,infantry_line,241,260.41384006285045
19347,2,infantry_line,270,287.4827446820538
19348,3,infantry_line,223,221.20025990245372
19349,2,infantry_line,558,529.9297118978284
19351,2,infantry_line,264,249.8071464695632
19352,3,infantry_line,591,610.511186586429
19353,4,infantry_line,574,600.8960021763871
19354,1,cavalry_lancers,663,672.3786045156244
19357,1,general,631,692.0928168888861
19358,0,general,589,664.8634228964045
19359,4,general,542,551.9829680262841
19360,4,general,651,696.9467223667057
19361,3,general,842,911.7790433311691
19362,1,infantry_line,362,364.120061459524
19364,4,cavalry_heavy,1705,1642.3653267996146
19365,4,cavalry_heavy,1310,1322.6193102157167
19366,4,general,1156,1184.4032980575903
19368,3,cavalry_light,456,462.59714874879046
19370,0,general,470,483.24145907952754
19371,4,general,402,414.4065697782312
19372,4,general,265,293.82995982497783
19373,4,infantry_light,352,355.24108591550214
19374,3,general,207,186.77750742038438
19376,1,general,448,389.80416230742077
19377,3,general,355,347.6040812939274
19378,4,general,365,322.63047566021515
19379,2,general,500,477.8816308875498
19381,4,general,793,732.2336736883673
19382,4,general,441,465.70788666771375
19383,3,general,1023,952.193538300521
19384,2,general,493,529.4706452608486
19385,3,general,469,438.8259332978705
19386,2,general,323,297.5879099415778
19387,0,infantry_grenadiers,434,430.9342198625441
19388,4,infantry_grenadiers,543,560.0542353130319
19389,2,infantry_grenadiers,582,556.2208235937761
19390,3,infantry_light,490,443.4012220596426
19391,1,infantry_light,417,397.33703314796327
19392,2,infantry_line,197,201.57846513803491
19395,4,infantry_line,285,276.07889154359617
19397,3,infantry_line,902,870.0342951371598
19399,2,general,946,920.9339030382863
19400,1,general,399,391.4420159720135
19402,2,general,492,500.2153078805488
19403,2,general,412,385.75305954861165
19405,3,infantry_grenadiers,525,498.2966849522613
19406,2,infantry_grenadiers,829,789.8803002150208
19407,0,infantry_grenadiers,815,861.0162839830456
19408,4,infantry_grenadiers,770,762.9871871573295
19410,1,infantry_grenadiers,1148,1134.1801516441787
19411,1,infantry_line,454,451.6989429945529
19412,0,infantry_line,299,319.6375284582784
19413,4,cavalry_light,594,618.6209609766754
19414,3,general,397,371.3453537879236
19415,1,general,673,574.3461250931939
19416,4,general,461,499.5014912542745
19418,4,general,96,143.53358005219945
19419,4,infantry_light,371,362.86742913050585
19420,1,infantry_light,588,549.9840819944291
19421,0,infantry_line,193,178.30848280602393
19422,4,general,650,637.9742901853398
19423,1,general,736,729.7622384322685
19424,1,infantry_grenadiers,780,784.1134348289423
19425,2,infantry_grenadiers,887,876.5013341641861
19426,2,infantry_grenadiers,884,852.1742142918765
19430,1,general,117,136.4572545862554
19432,4,general,124,142.49031370432718
19433,2,general,888,874.7136155178763
19434,2,general,615,581.6252324738631
19435,1,general,1024,997.2823323599262
19436,3,general,704,694.2126287426797
19438,4,general,675,659.2225813898287
19439,0,general,300,298.3681506367435
19440,3,infantry_grenadiers,802,815.2385530012821
19441,0,infantry_grenadiers,614,598.831658527021
19442,4,infantry_grenadiers,950,941.8059337269186
19443,1,infantry_grenadiers,1014,1027.059297585127
19444,1,infantry_grenadiers,824,831.8865323436542
19446,0,infantry_grenadiers,1058,1046.8089596437599
19448,0,infantry_grenadiers,769,786.7250828806926
19450,4,infantry_line,192,204.18789124678685
19452,3,infantry_line,411,399.91139174298723
19453,0,cavalry_heavy,1736,1673.63743871667
19454,3,general,1655,1584.1643023888341
19455,2,general,187,224.5975462518413
19458,4,general,368,364.10719471100265
19460,3,general,939,959.0568240424775
19461,0,infantry_grenadiers,629,653.3315641675766
19462,2,infantry_grenadiers,892,913.3732331015209
19463,2,infantry_grenadiers,697,736.8287663841605
19466,4,infantry_line,212,284.441817634426
19467,0,infantry_line,226,241.3605159420074
19469,3,infantry_line,576,584.0874832153454
19470,4,general,180,199.31995610553236
19471,0,general,128,137.79483649538815
19472,4,general,670,626.8181976743072
19473,4,general,322,326.31695143730377
19475,4,general,482,497.52338241576297
19477,0,infantry_grenadiers,493,516.8064564163583
19478,4,infantry_grenadiers,574,598.0054337588359
19480,4,infantry_line,175,194.68030775477047
19481,3,infantry_line,279,302.9234968637932
19483,2,infantry_line,441,429.6640412570683
19484,4,infantry_skirmishers,302,340.91684849716205
19486,4,cavalry_light,787,870.9938200028223
19488,0,general,646,739.9712722044213
19489,1,general,284,234.8076912451399
19491,0,infantry_light,398,337.9860594718011
19492,2,cavalry_light,988,1086.7246204824273
19494,0,cavalry_heavy,1469,1455.4329007969052
19495,4,cavalry_lancers,410,456.24215871112926
19496,0,cavalry_light,1105,1186.8919536756227
19497,4,general,264,255.9335127375095
19498,3,general,362,392.5680748270397
19499,1,general,195,187.84066037905143
19500,0,general,1033,1128.1218096610933
19502,4,general,459,428.4004191611323
19503,3,infantry_grenadiers,566,538.5846668232238
19504,2,infantry_line,366,368.32915847502574
19505,1,infantry_line,260,251.25736904392184
19507,1,cavalry_light,394,383.54382137924597
19511,2,general,819,847.6425953081559
19513,1,general,151,215.8808359545613
19514,1,general,232,248.7352369359919
19516,4,infantry_grenadiers,730,731.2708978878464
19517,1,infantry_grenadiers,900,893.6131024131089
19518,0,infantry_grenadiers,681,642.1699553894641
19519,3,infantry_grenadiers,633,588.4331641018617
19521,2,infantry_line,292,312.0063146036288
19522,3,infantry_militia,163,236.11385808303046
19524,3,general,318,301.57272681867966
19525,2,general,122,141.5119197959328
19527,0,general,240,274.9966105895679
19528,0,general,872,769.6486585663879
19529,2,general,267,260.6674967754283
19531,3,infantry_line,368,365.48382045348717
19532,3,infantry_line,151,191.66518900412004
19533,2,infantry_line,240,261.4260811439088
19534,2,cavalry_light,600,565.4516358043608
19535,3,general,316,312.7880201369719
19536,3,general,429,421.37421784752985
19537,3,general,429,421.37421784752985
19538,0,general,109,177.25014337272788
19540,4,infantry_line,208,194.49479292824412
19541,3,cavalry_light,771,848.6970852004393
19543,2,general,765,867.3035228647944
19545,1,general,699,614.6987150009091
19548,0,general,123,226.52362786367078
19549,1,infantry_line,215,231.34175451705775
19551,1,general,166,175.65833003869704
19553,4,infantry_line,269,281.75186208058886
19554,0,infantry_line,267,282.7910434185509
19556,2,general,385,371.9340367757467
19557,2,infantry_line,357,352.6557395551076
19561,0,infantry_line,248,256.68578305755454
19562,2,infantry_line,270,278.6466644493542
19563,0,cavalry_heavy,1570,1492.2456071897843
19564,0,cavalry_heavy,1541,1526.6883881019614
19567,4,cavalry_heavy,1554,1561.683838730541
19568,3,general,1378,1401.834471335017
19569,2,general,179,271.4584587254965
19570,3,general,154,227.97149108160596
19571,4,general,535,504.4971871655798
19572,0,infantry_grenadiers,650,640.193095175664
19573,2,infantry_line,254,249.96961400536014
19574,0,infantry_line,250,250.79326979257223
19576,1,artillery_foot,656,663.8369558544817
19578,4,artillery_foot,525,621.3195148585464
19579,3,artillery_foot,241,281.63409043795116
19580,1,artillery_foot,236,249.78632036738264
19581,2,artillery_foot,470,462.8186703998282
19582,2,artillery_foot,678,620.4893518572942
19584,1,artillery_foot,325,316.66846035539976
19585,4,artillery_foot,518,516.1687931582202
19586,3,artillery_foot,771,768.0027426229478
19587,2,artillery_horse,925,940.9648358627772
19588,1,artillery_horse,846,843.334201846451
19589,3,artillery_horse,903,900.5381146199954
19590,4,artillery_horse,1042,1019.6529057757857
19591,1,artillery_horse,565,522.1203859832783
19593,2,general,340,328.01572954949677
19594,2,general,549,492.8340436317144
19595,2,general,526,525.7476796092942
19596,4,general,1,1.0
19597,3,general,199,199.374566413501
19599,4,general,740,693.8529368995894
19600,4,general,1,1.0
19602,4,general,1,1.0
19604,1,infantry_grenadiers,359,410.1751844049383
19605,1,infantry_grenadiers,359,410.17518440493905
19606,1,infantry_grenadiers,359,410.1751844049383
19607,4,cavalry_light,1063,1046.5056886164657
19608,1,general,169,175.46310127606978
19609,0,general,1058,1065.0356127216075
19610,1,general,470,458.33821819233043
19611,3,general,830,800.2979632765631
19612,3,general,315,316.8543834404793
19613,2,general,347,314.03337862191415
19614,0,general,173,155.58972807528195
19615,1,general,259,251.84100947412674
19616,0,general,168,189.67558324087474
19617,0,general,183,199.14474992902166
19618,3,general,867,836.4742848312329
19620,2,infantry_grenadiers,873,828.8181725682952
19621,2,infantry_light,303,264.09930039954725
19622,0,infantry_light,370,368.90001863438675
19623,4,infantry_light,205,199.37922293351303
19624,4,infantry_light,247,240.66708508788497
19625,2,infantry_line,579,564.128791150986
19626,0,infantry_line,365,369.48293755964096
19627,4,infantry_line,279,301.5480832467692
19628,0,infantry_line,266,296.4256781743649
19629,3,infantry_line,1220,1297.5771831138584
19630,2,cavalry_heavy,2251,2110.8309739491615
19632,4,general,243,239.27278923746152
19633,0,general,318,316.9596358758382
19634,1,general,497,446.75612361483456
19635,0,general,2021,1947.1503592968775
19636,3,general,701,694.0226102949777
19638,1,general,640,678.663244369553
19639,4,infantry_grenadiers,685,737.8284868166335
19640,2,infantry_light,434,396.0337651908409
19641,0,infantry_light,476,414.6198170036997
19642,4,infantry_line,340,346.6929248864528
19643,1,infantry_line,417,427.49023423963365
19644,4,infantry_line,624,623.4578879458966
19646,3,artillery_horse,2117,1970.7688984421084
19647,1,general,427,399.7979778189241
19648,2,general,415,386.17487547800516
19649,1,general,2141,2180.285570264647
19650,4,general,386,347.4413864713699
19651,4,general,717,708.3516841680662
19652,3,general,480,460.112252730767
19653,4,general,583,566.0200711912255
19654,0,general,440,411.312276173858
19655,4,general,586,553.6464566645814
19656,0,general,708,633.166830734101
19657,1,general,540,507.02184946357823
19658,4,infantry_grenadiers,825,845.6524610744468
19659,1,infantry_light,499,485.9698874174083
19660,0,infantry_light,600,576.425220619813
19661,2,infantry_light,568,543.8674345184719
19662,0,infantry_line,530,510.3529090066651
19664,4,infantry_line,527,520.4279586992982
19665,3,cavalry_light,577,559.9785639553355
19667,3,general,466,457.084426889778
19668,0,general,210,243.68132715669196
19669,0,general,307,308.19908521903386
19671,1,cavalry_lancers,318,370.0007399918779
19672,4,general,824,781.3102828800039
19673,0,infantry_light,754,728.9020808567521
19674,4,artillery_horse,820,758.3871445108601
19675,0,cavalry_heavy,1867,1882.9147839960049
19676,4,cavalry_lancers,471,479.1049085457308
19677,3,cavalry_lancers,528,507.17383545130895
19680,4,general,598,561.178978259992
19681,0,general,835,860.3016854442233
19682,3,general,1766,1733.661336058872
19684,3,general,617,637.9551249690055
19685,3,infantry_grenadiers,759,762.9191968397323
19686,3,infantry_line,384,400.84646352369276
19687,2,infantry_line,649,624.6120725305188
19688,1,infantry_line,726,747.3877772022242
19689,0,artillery_horse,1066,1060.356368899611
19691,1,cavalry_light,616,627.9706360079545
19692,0,general,399,375.2432578525334
19693,4,general,869,857.3252775891459
19695,1,general,464,477.35648726017035
19696,3,general,318,329.04250088834794
19697,2,general,456,452.84406096765395
19698,3,general,1274,1362.6030896250618
19700,4,general,312,314.5844233857977
19701,0,general,271,265.03984180568176
19702,1,general,886,879.1200686014031
19705,4,infantry_line,414,416.04796344030353
19706,4,infantry_line,452,422.95471229614674
19707,2,infantry_line,317,340.74921186176437
19708,2,infantry_line,378,377.7870473670528
19709,3,infantry_line,377,372.3564207269942
19710,4,infantry_line,373,371.5060135862538
19711,4,infantry_militia,229,232.4343973288053
19713,1,general,254,268.79493957619695
19714,4,infantry_line,310,329.2372098416758
19716,4,general,619,577.7345256883444
19717,1,general,366,365.1165006282302
19718,1,infantry_line,466,474.9718907669626
19719,3,infantry_line,727,716.2659408872112
19720,2,artillery_horse,148,195.9147645579761
19721,2,cavalry_heavy,1277,1335.337737867581
19723,2,cavalry_standard,558,604.7110465421271
19724,0,cavalry_standard,523,577.3904432313867
19725,0,cavalry_standard,456,508.3102154178998
19726,4,cavalry_standard,1047,1065.8523214343852
19727,0,cavalry_standard,685,745.4348976148445
19728,3,cavalry_standard,934,966.297185353256
19729,2,general,642,685.3429974529423
19730,0,general,423,458.4963088309259
19731,3,general,270,293.19378905000065
19733,3,general,938,950.5006663644856
19734,1,general,863,847.8834738105368
19735,0,general,840,895.2308514601816
19736,1,general,425,476.06997860768666
19737,3,general,230,249.70277615332307
19738,0,general,1123,1193.0934918026342
19739,2,general,272,286.42016281472866
19740,1,infantry_line,293,306.8251648957909
19741,4,infantry_line,365,390.597786813533
19742,2,infantry_line,320,344.9615192094464
19743,2,cavalry_lancers,355,404.14168668365613
19744,3,cavalry_standard,1063,1048.7620772561095
19745,0,general,253,289.1671997143019
19746,3,general,440,445.9475606611711
19747,0,general,877,862.9661152560968
19748,2,general,220,277.26596052728394
19749,0,general,1780,1577.094511961729
19751,3,infantry_line,491,503.4514632627663
19755,3,infantry_line,356,359.5572259596457
19756,2,general,248,263.6592759307045
19757,0,general,228,172.21127284172633
19758,0,general,214,156.2865452411342
19759,2,general,165,131.70659827846964
19760,3,general,362,356.70418739771316
19761,4,general,200,183.6964371582799
19762,0,general,555,545.1516688760207
19763,1,general,454,399.8424224733751
19764,3,general,399,400.7605270100936
19765,1,infantry_light,270,229.14543720506637
19766,0,infantry_light,332,282.6195770281621
19767,2,infantry_light,305,288.66790943633333
19768,3,infantry_light,386,347.4038152236131
19769,3,infantry_line,303,326.85767627282365
19770,2,infantry_line,410,413.1414802653039
19773,2,general,239,229.11180920609007
19774,3,general,965,1022.3760153557624
19775,4,general,1217,1263.3312612617901
19776,1,infantry_line,296,298.2361820776789
19777,3,infantry_line,173,172.47514218529136
19779,3,infantry_line,982,1092.9752257623684
19780,0,general,251,178.28666426157614
19781,1,general,100,95.65716532979718
19782,2,general,686,688.7407227336626
19783,1,infantry_grenadiers,804,814.6512932983975
19784,2,infantry_line,207,196.29203651515164
19786,3,cavalry_heavy,1166,1162.4908374849215
19787,3,cavalry_heavy,1670,1681.1438008392531
19788,1,cavalry_heavy,1321,1303.0814432583172
19789,2,cavalry_heavy,2453,2343.8633104902556
19790,0,cavalry_standard,555,612.9110136179503
19791,2,cavalry_standard,776,803.9450545085633
19793,2,general,967,961.1914368040664
19794,1,general,455,520.4608674522275
19795,3,general,2211,2061.1538795990573
19796,1,general,1096,1076.20031937115
19797,0,general,1576,1549.1172608718964
19798,1,cavalry_standard,599,626.7955379617678
19799,4,general,456,454.0228133991452
19800,4,cavalry_standard,957,967.81135392002
19801,2,cavalry_standard,657,663.4676442828426
19802,0,general,825,808.3377762201526
19803,2,general,512,501.662504021067
19804,3,artillery_horse,578,561.7431279895577
19805,2,cavalry_light,559,571.5172429516736
19806,4,cavalry_light,1103,1089.8182785600009
19807,4,general,1016,989.9319219324725
19808,0,general,459,471.015538502422
19810,4,artillery_foot,508,584.7757181306088
19811,2,artillery_foot,450,412.1713391176853
19813,0,artillery_foot,547,672.4074655411526
19814,4,artillery_foot,518,608.9598107092504
19815,3,artillery_foot,1917,2113.626763184843
19816,0,artillery_foot,2237,2538.9500707319053
19817,1,artillery_foot,1041,1146.3902999689126
19818,2,artillery_foot,1115,1147.1322275501564
19819,4,artillery_horse,323,322.41004248294644
19821,4,artillery_horse,821,753.6410433477794
19822,1,artillery_horse,1674,1628.119170129233
19823,1,artillery_horse,1077,1052.5004064596014
19825,2,general,2424,2692.102417110527
19826,0,general,312,312.12867474636323
19827,3,general,177,176.8242386068569
19830,0,general,924,981.6786371885532
19831,4,general,834,833.5808729014492
19833,3,general,827,916.637037406692
19834,3,general,177,176.8242386068569
19836,4,general,204,196.0933812160861
19837,1,general,408,508.4359954163713
19838,2,general,823,823.8307683216514
19839,0,general,2496,2840.0397294790696
19840,0,general,569,672.8291937936125
19841,0,infantry_skirmishers,136,162.7186460143033
19842,0,infantry_skirmishers,136,162.7186460143033
19843,0,infantry_skirmishers,136,162.7186460143033
19844,0,artillery_foot,330,352.68873988454584
19845,0,artillery_foot,414,420.56925951455094
19846,0,artillery_horse,303,300.8055010356987
19847,1,artillery_horse,1351,1382.6252203705778
19848,0,cavalry_light,475,481.2823649226851
19849,0,cavalry_light,430,402.4311627621163
19850,2,cavalry_light,443,409.939667530994
19851,2,general,334,335.94374539381886
19852,0,general,350,353.6850594752462
19854,3,general,296,281.66437873692155
19857,0,general,256,238.7694907141348
19858,1,general,273,265.8535717544604
19859,4,general,297,315.25243671838876
19860,2,general,97,127.00224473415565
19862,3,general,208,232.77930991113385
19863,0,general,300,315.53347800757615
19864,1,general,230,248.64701866184996
19865,0,general,381,374.0511141572035
19866,1,general,492,481.1458404245618
19867,3,general,59,85.61944907709564
19868,4,general,433,377.43398042903664
19870,4,general,1094,1132.6662993998657
19871,0,general,513,592.0856653918944
19872,4,general,123,147.79005497741932
19873,2,general,750,697.411154838328
19874,4,general,630,614.7860811282726
19875,3,general,453,440.6272918662034
19876,4,general,539,585.6706202991685
19877,0,infantry_grenadiers,242,236.7757031962737
19878,0,infantry_grenadiers,866,875.115453584142
19880,2,infantry_light,407,438.9662848402137
19881,4,infantry_light,458,419.334060062755
19882,3,infantry_light,314,321.25905855428624
19883,3,infantry_light,359,375.42525181985843
19885,3,infantry_light,334,367.2973632021121
19886,4,infantry_light,370,344.7966052059409
19887,3,infantry_light,304,338.5794824093102
19888,3,infantry_light,362,357.85725073187507
19889,0,infantry_light,515,558.9420813498461
19890,0,infantry_light,688,603.2885622382477
19891,1,infantry_light,571,566.0798436862023
19892,0,infantry_line,171,189.15948541168112
19893,0,infantry_line,199,233.2034068898826
19894,1,infantry_line,629,715.0552983698344
19895,3,infantry_line,230,246.2207008922219
19896,0,infantry_skirmishers,127,143.7589356739609
19897,4,infantry_skirmishers,196,207.62625303095376
19898,4,infantry_skirmishers,134,152.81746936370172
19899,1,infantry_skirmishers,196,223.41057758848274
19900,1,artillery_foot,266,229.20547876405638
19902,1,artillery_foot,208,215.76780350415262
19903,1,artillery_horse,906,940.3797558844044
19904,0,artillery_horse,925,937.6935881113264
19905,3,cavalry_light,746,734.1905131986128
19906,3,cavalry_light,471,450.0774934488493
19907,3,cavalry_light,929,859.0945359648518
19909,0,cavalry_standard,524,517.6630933147068
19910,3,cavalry_standard,950,960.4202538793988
19911,4,cavalry_standard,455,501.07845329297936
19912,4,general,172,205.81355150675964
19913,0,general,771,789.6403259828636
19914,3,general,51,90.11302785548507
19915,0,general,65,109.5605296953584
19916,0,general,612,620.4574490130489
19917,4,general,928,875.7204468995411
19918,0,general,150,115.36874510391398
19919,1,general,366,346.38617546109845
19920,2,general,327,361.9716269032913
19921,0,general,96,103.61275773903527
19924,4,general,74,111.5067339533447
19925,0,general,558,535.4745779786895
19926,4,general,1176,1239.4887226138774
19927,3,general,337,382.7597413293714
19928,2,general,945,820.4373658086183
19929,2,general,1251,1121.409586699604
19930,3,general,116,148.5731403615693
19932,3,infantry_line,277,307.04496693912404
19933,3,infantry_line,171,208.7193504965373
19935,0,infantry_line,144,196.5051856991159
19936,0,infantry_line,1075,934.9917018383726
19937,3,infantry_line,1159,1050.4669417037567
19938,2,infantry_line,324,372.2262938473956
19939,0,infantry_line,219,257.3414239867036
19940,4,infantry_skirmishers,102,124.57428217653877
19941,3,artillery_foot,266,244.6636463854053
19942,3,artillery_horse,443,452.4381123481448
19943,4,cavalry_heavy,1299,1321.6599263951177
19944,0,cavalry_heavy,1661,1644.989751156622
19945,0,cavalry_standard,1032,1050.724596079716
19946,2,general,1472,1470.764007532596
19947,4,general,891,890.8572691318799
19948,0,general,109,153.10302766368557
19949,1,general,1085,1092.56873146664
19951,0,infantry_skirmishers,98,122.37704530002789
19953,0,general,601,583.0566430472775
19954,0,general,231,268.2156659717766
19956,0,artillery_foot,460,431.2458363833027
19957,3,artillery_foot,527,524.8825710621916
19958,3,general,364,320.57032143323744
19959,4,general,142,181.8220081902512
19961,4,general,40,69.82906266326438
19964,0,general,732,723.8697992844197
19965,2,general,626,579.087888554849
19967,4,infantry_grenadiers,873,848.1334466299818
19968,2,infantry_grenadiers,1076,1091.0146571070684
19969,4,infantry_grenadiers,438,464.23674802125385
19970,1,infantry_grenadiers,588,552.7906943100392
19973,3,infantry_line,375,414.01194848717523
19974,2,infantry_line,219,245.37167086615656
19975,0,infantry_line,238,279.23400005845866
19976,2,infantry_line,251,283.04099058924766
19978,1,artillery_foot,322,303.9693774988688
19979,2,artillery_foot,345,379.9671225085718
19980,0,artillery_foot,473,481.8060433640858
19981,3,general,198,241.2711451452643
19982,0,general,239,242.94449337957866
19983,4,general,505,497.06154690754784
19984,3,general,112,135.43273095702665
19985,2,general,205,238.6523509641574
19987,0,general,191,221.13396177350054
19988,2,general,187,232.89264911879047
19989,1,general,158,184.5564378213056
19990,1,general,137,141.00043643827888
19991,1,general,572,552.7868912445017
19993,3,general,247,272.47841924261587
19995,2,general,679,625.068702924002
19997,1,general,956,849.9487694616445
19999,2,general,597,558.8037209005251
20000,2,infantry_grenadiers,627,619.4881132650612
20003,1,infantry_grenadiers,727,678.4771733817821
20004,4,infantry_grenadiers,803,740.143542590443
20006,0,infantry_grenadiers,1005,1015.4244251992965
20007,2,infantry_line,262,309.87704533914007
20008,3,infantry_line,265,290.8956460107868
20010,1,infantry_line,212,228.753382463351
20013,2,infantry_line,198,200.53197969326214
20014,0,infantry_line,214,258.67242040640036
20015,4,infantry_line,219,242.19354553723758
20016,2,infantry_line,264,299.2412249881803
20017,0,infantry_line,257,293.47957067451665
20018,1,artillery_foot,531,470.0748962647155
20019,2,artillery_foot,623,575.5245912363423
20020,3,artillery_foot,753,774.2251346946404
20021,2,cavalry_light,354,339.59550249440207
20022,3,cavalry_standard,1120,1125.6253427424704
20023,0,general,972,952.7558583649183
20026,4,general,440,384.99345839081946
20027,1,general,154,170.547029371786
20028,1,general,662,669.8981708674302
20029,4,general,229,245.02721848182648
20030,2,general,351,350.3705804821254
20031,4,general,284,333.70001806777935
20032,0,general,81,121.36438058544682
20033,3,general,147,178.90662382751987
20035,2,general,503,469.3392475017299
20036,4,general,262,255.99137297910676
20037,3,general,807,714.9377248133661
20038,4,general,190,226.76223013443166
20040,4,general,766,738.5664137961975
20041,3,infantry_grenadiers,839,763.6702748872825
20043,3,infantry_grenadiers,903,839.5049772804316
20044,4,infantry_light,385,393.8107795111416
20046,2,infantry_line,236,245.59952634008732
20047,0,infantry_line,175,203.75420510929482
20048,1,infantry_line,188,224.61886960115595
20051,0,infantry_line,322,348.52246290534885
20052,4,infantry_line,225,239.0712022891191
20053,2,infantry_line,251,287.1705906474801
20054,0,infantry_skirmishers,126,134.58697316543123
20057,1,cavalry_heavy,982,940.5473941120542
20059,0,cavalry_heavy,1800,1763.4666589345584
20060,0,cavalry_heavy,855,862.7507542594552
20061,2,cavalry_heavy,890,973.734727946192
20062,3,cavalry_standard,408,420.0577493731383
20063,2,cavalry_standard,773,776.1135351614068
20065,2,general,1429,1445.3324787503796
20066,4,general,810,785.7065019422652
20067,1,general,1796,1737.083940680755
20069,0,general,688,689.9395693022477
20070,2,general,282,292.3355593351166
20071,4,general,392,387.9356607734842
20072,2,cavalry_light,559,527.0251844166621
20073,3,general,416,400.8183286272181
20074,0,general,156,151.38207163496713
20075,3,infantry_light,262,264.1732124041965
20077,0,artillery_foot,521,460.72431483499764
20078,3,artillery_foot,467,477.1168060944
20079,4,general,361,352.0852004001772
20080,4,general,247,297.1273983131881
20081,4,general,287,315.9694914171241
20082,0,general,205,206.56738437288993
20084,2,general,702,634.920077756759
20085,0,general,428,385.53722816502665
20086,2,general,519,469.3538284452835
20087,2,general,559,512.1045766444978
20088,0,general,675,646.2727979970077
20089,0,general,714,699.7692843042934
20090,4,general,636,595.0518026517389
20091,3,general,640,635.7412402346982
20093,2,general,477,413.53703445188773
20095,0,general,675,646.2727979970077
20096,1,general,985,962.7244884960018
20097,2,infantry_grenadiers,835,827.4471531184083
20098,3,infantry_grenadiers,614,556.5862942581124
20099,3,infantry_grenadiers,809,757.1768994848852
20100,1,infantry_grenadiers,538,479.3956764069586
20101,2,infantry_grenadiers,933,906.7359329412366
20102,3,infantry_grenadiers,758,696.8047034955712
20103,4,infantry_light,626,620.2525079466831
20104,1,infantry_light,391,432.14941886062024
20105,3,infantry_light,346,321.1581855709815
20106,3,infantry_light,689,677.1875162814914
20107,4,infantry_line,349,401.4685263218036
20108,4,infantry_line,299,329.61470319396096
20109,1,infantry_line,312,315.89250884224236
20110,0,infantry_line,406,412.7739866817469
20111,2,infantry_line,509,587.6335964760606
20112,3,artillery_foot,492,435.1458357533883
20113,1,artillery_foot,408,385.58745730569575
20115,4,cavalry_heavy,2198,2136.431646184147
20116,1,cavalry_heavy,972,947.8010997845175
20117,0,cavalry_light,389,377.70637051834507
20119,0,general,912,890.3272444874631
20120,0,general,2180,2126.721261501854
20121,1,general,463,412.9262226805399
20122,3,general,342,285.112889988989
20123,2,general,242,272.0712179667272
20124,2,general,311,346.92707452621846
20125,1,general,845,815.9824638933426
20126,4,general,1224,1283.3043819758393
20127,3,general,526,446.62290187471876
20128,1,general,641,597.3299387586309
20129,3,general,656,647.150775689439
20130,1,infantry_grenadiers,498,450.8527873572337
20131,1,infantry_grenadiers,457,419.00190748773593
20132,3,infantry_grenadiers,793,772.1683027928345
20133,2,infantry_grenadiers,632,569.9581303450938
20134,2,infantry_grenadiers,583,527.6255031660858
20135,2,infantry_grenadiers,742,693.497452935285
20136,3,infantry_line,311,333.0200311866918
20137,4,infantry_line,414,468.4227080913583
20139,4,artillery_horse,516,503.1607876037456
20140,1,artillery_horse,83,104.97981541948425
20141,0,artillery_horse,547,560.7362239891419
20142,1,cavalry_heavy,983,967.6879050413878
20145,1,cavalry_standard,485,516.8476440967705
20146,3,cavalry_standard,727,710.0828859793893
20147,3,general,352,379.0340448748201
20150,0,general,573,569.1236908718859
20151,2,general,1,10.734809559696345
20153,3,general,510,551.2033236019709
20155,2,general,214,250.07692113617176
20156,2,general,258,296.54577599582893
20157,2,general,309,335.087172843126
20158,4,general,462,526.1014619494601
20159,1,general,366,425.10760755575023
20160,2,general,1097,1137.314407167735
20161,3,infantry_grenadiers,1158,1202.1912735416415
20162,2,infantry_line,319,356.5605294732013
20163,3,infantry_line,323,339.5165610443456
20164,0,infantry_line,449,481.11011204342043
20165,2,infantry_line,437,480.5501860734775
20166,1,infantry_skirmishers,132,146.29746315259973
20167,2,artillery_foot,341,324.89607420473146
20168,4,artillery_foot,475,484.035879588804
20169,3,general,144,167.90829754516142
20170,2,general,291,314.0364868912458
20171,4,general,129,151.4689132075863
20172,4,general,186,209.71557637670202
20173,4,general,129,151.4689132075863
20175,4,infantry_grenadiers,685,650.5070249053642
20176,4,infantry_line,252,279.5764976357841
20178,3,infantry_line,396,426.6918195378109
20179,3,infantry_line,239,258.2090467261517
20180,3,infantry_skirmishers,123,138.46578602513108
20181,1,artillery_horse,464,462.0281268209553
20182,3,cavalry_standard,1007,1024.9448871533098
20183,3,cavalry_standard,1036,1032.4611997208933
20186,4,general,849,845.7452365476066
20188,3,cavalry_heavy,871,895.4259880024473
20189,2,general,704,715.149671610014
20191,4,artillery_horse,132,177.3250980195611
20195,3,general,159,160.27472198973217
20197,4,general,1,1.0
20198,1,general,1721,1658.7881228894064
20199,1,general,1936,1936.284918750194
20200,2,general,327,310.1139791120798
20201,0,infantry_grenadiers,1865,1710.6734341838055
20204,0,infantry_line,616,618.4130029479522
20207,0,general,465,497.73369161199753
20208,1,general,1308,1218.5085342005384
20209,0,infantry_grenadiers,984,963.7016290520324
20210,2,infantry_light,571,631.1785023127464
20212,4,infantry_line,424,404.55514953658644
20213,3,infantry_line,401,373.75043151777146
20214,1,infantry_line,1328,1303.6683300460024
20215,3,infantry_skirmishers,310,359.71917490178595
20216,4,cavalry_light,505,444.51881026242114
20217,3,general,358,340.92233654441804
20218,4,infantry_light,276,292.27534307378886
20219,0,infantry_line,484,476.21904681814584
20220,2,infantry_line,431,434.7847428825486
20221,0,infantry_line,644,654.398633279305
20222,3,infantry_line,658,665.2081424824654
20223,3,infantry_skirmishers,224,236.89650330108918
20224,3,infantry_skirmishers,260,256.70559413755836
20225,4,general,341,446.085829685905
20226,0,general,751,751.2692456973386
20228,3,infantry_grenadiers,543,569.8637225203971
20229,4,infantry_light,331,301.453978376593
20230,1,infantry_line,366,485.38496848852895
20231,1,infantry_line,1007,993.9056516192137
20232,3,infantry_line,317,298.4882578620711
20233,0,infantry_line,543,543.7559385889986
20236,1,infantry_line,464,456.2871106710928
20237,2,infantry_skirmishers,218,247.86798521365435
20238,4,artillery_foot,567,605.9855704544457
20239,3,artillery_foot,633,646.1534451652927
20240,2,infantry_light,749,740.3867643316224
20241,3,cavalry_heavy,1891,1759.6875140419024
20242,1,cavalry_heavy,1593,1486.1358049854607
20244,1,cavalry_light,790,836.7029258752327
20245,2,cavalry_standard,872,907.0864642728405
20247,4,general,1706,1614.4873359975436
20249,1,general,930,1131.0726756691981
20252,0,infantry_light,1248,1618.1360593613229
20254,2,cavalry_light,782,867.1684696956924
20255,1,general,686,684.7854427276146
20256,4,infantry_light,672,638.8220366036028
20257,2,artillery_foot,2022,1961.7803618832274
20258,0,cavalry_light,480,525.2771915645221
20259,2,cavalry_standard,677,717.5004770006806
20260,4,general,575,589.3642572701102
20261,0,cavalry_light,1573,1777.3242758192753
20262,4,artillery_foot,1003,918.6294426778621
20263,0,artillery_foot,369,391.6712420067029
20264,4,artillery_foot,90,136.0063760326673
20265,3,artillery_horse,700,720.8659017702415
20266,1,general,820,818.8556943810992
20268,0,general,401,401.3521035083158
20270,2,general,34,83.86178750267729
20271,3,infantry_grenadiers,401,458.1888505536029
20272,4,cavalry_lancers,654,679.0347492053995
20273,2,cavalry_light,1009,1107.5245409653533
20274,0,cavalry_light,844,833.2775823548312
20275,3,cavalry_light,701,657.678973476435
20277,1,cavalry_light,810,812.2154707446829
20278,3,general,131,127.74955155060465
20280,2,general,665,688.4225320655496
20281,3,general,647,641.3834035279327
20282,4,general,579,603.0755133389582
20283,1,general,548,560.982092692253
20284,2,general,141,162.1890120357538
20285,0,general,828,907.3259866711307
20286,0,general,248,197.6944237589163
20287,3,general,752,728.4292092210252
20289,1,general,880,941.5832161240281
20290,4,general,427,345.15495859325694
20291,0,general,327,283.49799141014296
20293,3,general,432,485.43306856675906
20294,2,general,341,393.00728379649655
20295,2,general,340,277.639869895856
20296,0,general,436,493.83150241445605
20297,3,general,776,724.2285196446613
20299,3,general,194,213.45116651249802
20300,3,general,162,172.94970940417775
20301,4,general,411,423.4830522582904
20302,0,general,509,422.5227768395111
20303,2,general,913,866.752150927336
20304,1,general,880,941.5832161240281
20305,1,general,645,585.8334350243114
20307,0,general,174,181.6347067329192
20308,1,general,795,827.5770591829996
20309,4,general,724,708.2124270708962
20310,1,general,687,676.8984078199416
20311,3,general,883,907.2608347242378
20312,4,general,656,667.9019658243012
20313,1,general,862,870.3613457349154
20315,2,infantry_grenadiers,692,725.2516978017145
20316,2,infantry_grenadiers,536,582.5232402356277
20317,0,infantry_grenadiers,697,753.4523482903127
20318,0,infantry_grenadiers,526,581.4132981241074
20319,1,infantry_grenadiers,544,592.3128977748074
20320,3,infantry_grenadiers,388,456.8729195410585
20321,0,infantry_grenadiers,829,868.7477675585454
20322,0,infantry_grenadiers,847,857.9516939775633
20323,0,infantry_grenadiers,809,866.4308201729667
20324,4,infantry_grenadiers,717,726.7387839737673
20326,0,infantry_grenadiers,929,987.6783446390368
20327,1,infantry_irregulars,516,522.7347823681341
20328,3,infantry_irregulars,382,394.84924607642
20329,0,infantry_irregulars,241,252.14494127341547
20330,2,infantry_irregulars,300,297.1243904512502
20332,3,infantry_light,252,298.5802305497939
20333,4,infantry_light,250,266.1526984565659
20335,3,infantry_light,355,304.4618584570767
20336,2,infantry_light,389,350.8957330972911
20337,4,infantry_light,812,770.3041419100149
20338,1,infantry_militia,245,226.149302904459
20339,2,infantry_militia,326,275.71246842611407
20340,4,infantry_militia,228,214.48951413754224
20341,3,infantry_skirmishers,176,199.154363317051
20342,4,infantry_skirmishers,170,168.56561761380803
20343,3,infantry_skirmishers,171,166.71994379800842
20344,3,infantry_skirmishers,186,169.4956612438265
20345,3,infantry_skirmishers,186,169.4956612438265
20346,2,infantry_skirmishers,114,118.0945049391219
20347,3,cavalry_lancers,695,653.8859186159988
20348,2,cavalry_lancers,461,464.66765485874026
20349,4,cavalry_light,440,448.0888770870376
20352,2,cavalry_light,1095,1196.7372344019177
20353,4,cavalry_light,947,1014.1524541152743
20355,2,general,958,1025.1505994592808
20357,3,general,582,545.8381255593246
20358,1,general,1165,1216.0168467174663
20360,0,general,391,332.90166635606204
20361,0,general,627,602.1606664417449
20362,0,general,396,352.8179249985742
20363,2,general,431,423.54369268571503
20364,4,general,315,339.62486110041436
20365,3,general,119,139.64320291631313
20366,1,general,399,396.3680399696836
20367,4,general,357,286.3272652372052
20368,1,general,547,536.5926715688911
20369,3,general,1287,1347.1467225180825
20371,0,general,91,81.2171627337198
20373,0,general,903,971.1073903766215
20375,2,infantry_irregulars,190,184.56218323931452
20376,2,infantry_irregulars,426,439.76501937357654
20377,3,infantry_light,209,237.67195412163926
20379,2,infantry_light,447,397.26488507654165
20380,4,infantry_light,523,472.1922697027703
20382,0,infantry_light,360,337.2109155406358
20383,3,infantry_light,510,444.52013681157035
20385,3,infantry_skirmishers,176,199.154363317051
20386,4,infantry_skirmishers,170,168.56561761380803
20387,1,infantry_skirmishers,169,162.76533201662582
20388,2,infantry_skirmishers,297,294.6087848716941
20389,2,cavalry_heavy,1547,1566.3019132692677
20390,4,cavalry_heavy,1414,1417.4646422341282
20393,4,general,1249,1252.611090855749
20395,3,cavalry_heavy,1402,1397.443651065799
20396,0,general,467,413.19362375238813
20397,2,general,1237,1243.7030462527578
20398,2,general,161,154.66524347555912
20399,4,general,205,227.9384494430423
20401,3,general,96,99.56927066027652
20402,3,general,1372,1387.0717823562095
20403,0,general,52,101.52191082866328
20404,3,general,167,166.13461831379502
20405,3,general,432,414.88438143896724
20407,4,general,651,631.0227360718338
20408,1,general,560,557.1683074590375
20409,2,general,620,605.2748165085209
20410,2,general,671,602.5769479578456
20411,1,infantry_line,136,186.25055331299447
20412,2,infantry_line,257,244.31805669175222
20413,0,infantry_line,231,247.43854235283308
20414,0,infantry_line,177,187.90706249650205
20415,2,infantry_line,230,223.2324914870996
20416,0,infantry_line,507,470.05520430108874
20417,4,infantry_line,190,189.63398086140253
20418,2,infantry_line,727,713.1663793549568
20419,4,infantry_line,533,507.0170258168199
20420,0,infantry_line,665,659.1245008991167
20421,4,infantry_line,494,481.5265988638261
20422,2,infantry_line,537,500.49890819981647
20423,1,cavalry_standard,685,663.6125621040675
20426,1,general,539,516.9145830326523
20427,2,general,118,126.63731116697204
20428,1,general,130,139.18545579648801
20429,1,general,131,164.1877136396807
20430,0,general,280,273.13648083272545
20431,2,general,289,271.97742528287694
20432,3,general,781,722.217581341247
20433,1,general,343,337.6032853180458
20434,1,general,534,528.4999925340384
20435,3,general,371,345.79609091727735
20437,1,general,1055,1017.8490401296638
20439,0,infantry_line,203,258.3718244735548
20441,2,infantry_line,337,320.92089459358664
20442,0,infantry_line,225,235.0616675466842
20443,3,infantry_line,223,211.5184377933114
20444,2,infantry_line,408,373.6729694472029
20445,1,infantry_line,419,396.5665503287914
20446,4,infantry_line,880,854.5151500729522
20447,3,infantry_line,681,685.567566824421
20448,3,infantry_line,638,612.058010182412
20449,4,infantry_line,493,479.47416929555965
20450,3,infantry_line,532,527.4053294340362
20451,1,general,337,317.61581339041885
20452,4,general,223,211.23393195294543
20453,0,general,75,118.1178950263601
20454,0,general,208,211.59016991470315
20455,1,general,117,122.12919251962526
20456,0,general,140,153.93741488215116
20457,0,general,520,516.7849126940068
20458,3,general,397,360.20862232092827
20459,1,general,176,164.68541676792321
20460,2,general,287,285.3222242460869
20461,3,general,168,169.57892318178543
20462,3,general,124,127.94573539707068
20464,2,general,931,965.5142404577899
20465,1,general,577,551.0957020074626
20466,4,general,828,854.9461561651691
20467,3,general,768,800.6492661369234
20468,0,general,589,531.0453490190127
20469,1,general,914,963.2199482179606
20470,3,general,719,740.3522929102946
20471,1,infantry_grenadiers,630,623.3597090433124
20472,3,infantry_grenadiers,814,839.0002856832137
20473,3,infantry_grenadiers,867,900.1135395225958
20474,4,infantry_grenadiers,877,896.1634039982773
20475,1,infantry_grenadiers,680,709.0236733154816
20476,3,infantry_line,215,219.91422841970396
20477,4,infantry_line,259,248.41200343987302
20479,1,infantry_line,164,203.1335741638074
20480,3,infantry_line,313,300.0264212846938
20481,3,infantry_line,267,262.77443277476675
20482,2,infantry_line,186,174.82288980382737
20483,4,infantry_line,266,262.96298326930184
20484,1,infantry_line,362,344.1232016062271
20485,4,infantry_line,314,303.6798663844559
20487,1,infantry_line,618,599.9024658218742
20488,2,infantry_line,433,401.6878765162029
20489,4,infantry_line,665,670.4337318685766
20490,0,infantry_line,682,633.167049519683
20491,3,general,380,412.09873795064175
20492,3,general,297,264.2392850054388
20493,1,general,147,151.94497494400954
20494,2,general,147,151.9197252642458
20495,1,general,96,87.91935414793966
20496,3,general,224,203.02454944963478
20497,3,general,270,294.6232973638996
20498,0,general,115,134.23132613440117
20499,1,general,79,88.08958510980284
20501,0,general,314,362.02557422267523
20502,3,infantry_irregulars,373,382.95061977392066
20503,3,infantry_irregulars,419,460.4161770539568
20504,2,infantry_line,213,222.44118744163558
20505,0,infantry_line,158,183.56980094683726
20506,3,infantry_line,198,201.98320786012897
20510,3,infantry_militia,239,230.21608500093757
20511,4,infantry_militia,185,180.01710767251805
20512,3,infantry_skirmishers,176,199.154363317051
20513,0,infantry_skirmishers,128,121.03545225123605
20515,4,cavalry_heavy,1230,1267.8098825812133
20516,0,general,1027,1037.4092867186773
20517,4,general,1419,1457.2915540267713
20518,1,cavalry_standard,857,780.5997077393373
20519,2,cavalry_standard,1081,1015.249779089681
20520,2,general,943,883.7615114799281
20524,1,artillery_foot,832,879.5272581075317
20528,0,artillery_foot,377,437.2719475454687
20529,0,artillery_foot,377,437.2719475454687
20530,0,artillery_foot,377,437.2719475454687
20531,0,artillery_foot,377,437.2719475454687
20532,0,artillery_foot,377,437.2719475454687
20533,0,artillery_foot,377,437.2719475454687
20534,2,artillery_foot,496,451.8221460438628
20535,2,artillery_foot,496,451.8221460438628
20536,2,artillery_foot,755,693.3049094459391
20537,2,artillery_foot,496,451.8221460438628
20538,2,artillery_foot,496,451.8221460438628
20540,2,artillery_foot,496,451.8221460438628
20541,3,artillery_foot,399,399.39260903915044
20542,3,artillery_foot,399,399.39260903915044
20543,3,artillery_foot,399,399.39260903915044
20544,3,artillery_foot,399,399.39260903915044
20545,3,artillery_foot,399,399.39260903915044
20546,3,artillery_foot,399,399.39260903915044
20547,4,artillery_horse,870,850.6151175453462
20548,4,artillery_horse,870,850.6151175453462
20549,4,artillery_horse,870,850.6151175453462
20550,4,artillery_horse,870,850.6151175453462
20551,4,artillery_horse,870,850.6151175453462
20552,4,artillery_horse,870,850.6151175453462
20553,4,artillery_horse,870,850.6151175453462
20554,1,general,406,400.6376725336986
20555,2,general,359,331.48327853554457
20556,1,general,406,400.6376725336986
20557,4,general,243,274.4128600413898
20558,0,general,741,740.8868141754936
20559,4,general,1,1.0
20560,0,general,281,280.86144377829925
20561,3,general,159,159.2210956129233
20562,1,general,406,400.6376725336986
20565,3,general,420,420.229586031195
20566,4,general,1063,1153.6220505041438
20567,4,general,1,1.0
20568,1,infantry_grenadiers,254,319.32329146732127
20569,1,infantry_grenadiers,280,319.32329146732127
20570,1,infantry_grenadiers,280,319.32329146732127
20571,1,infantry_grenadiers,280,319.32329146732127
20572,1,infantry_grenadiers,280,319.32329146732127
20573,1,infantry_grenadiers,280,319.32329146732127
20574,1,cavalry_heavy,1400,1367.1648409006457
20575,0,cavalry_heavy,1685,1526.4646401115165
20576,0,cavalry_light,1000,993.3772267135555
20577,0,general,1513,1427.823674675256
20578,3,general,1448,1373.4907616688622
20579,0,general,1191,1210.1205116735275
20580,0,general,1251,1282.286827698236
20581,4,general,825,867.3522589308185
20585,4,general,994,1009.3637574668925
20587,3,infantry_line,486,472.8971626909692
20589,1,infantry_skirmishers,227,299.1606934918396
20590,1,general,919,936.305882468175
20591,3,general,552,563.7976627561602
20592,3,general,710,721.3183962275768
20593,0,infantry_light,840,824.7707817108545
20594,1,infantry_light,622,630.1073681586092
20595,1,infantry_skirmishers,334,401.25361277732196
20596,0,cavalry_light,1990,1971.7474581251497
20597,4,general,1723,1731.1771818247091
20598,0,general,1014,1008.4063242914708
20599,4,general,885,879.8225986333666
20601,2,infantry_light,909,927.0887151473792
20605,4,infantry_light,716,756.1559140244165
20606,3,infantry_light,650,686.3286254257904
20607,3,infantry_skirmishers,292,344.5661264643921
20608,1,general,514,563.9163082891129
20609,4,general,950,999.2123851268018
20610,0,general,615,646.2219200443095
20611,1,general,877,912.5927287484815
20612,3,general,260,288.67688878517487
20613,2,general,482,494.8602745114432
20614,2,general,303,359.13206026437786
20615,1,general,279,261.6968344691435
20618,1,infantry_line,402,361.9347404097441
20619,1,infantry_line,611,596.0005470551915
20622,3,infantry_line,744,752.4918231385564
20623,3,cavalry_light,919,940.6139767248487
20624,2,general,1193,1369.4341177805218
20626,2,general,988,1020.7175530130761
20628,2,general,718,748.1515821449907
20630,1,infantry_line,1124,1166.5952630054094
20631,3,infantry_line,645,637.6206587867229
20632,4,general,422,443.0850824207011
20633,2,general,417,443.3371743269869
20634,4,general,643,695.4535852683009
20635,4,general,601,663.1373159642644
20636,2,general,920,829.7043220808589
20638,0,general,382,403.67052601575915
20639,1,general,444,467.2344289576505
20640,3,infantry_light,771,739.3611106092266
20641,4,infantry_line,540,549.8333059783104
20642,0,infantry_line,497,507.2535350485599
20644,0,infantry_line,973,872.4971189933607
20645,3,infantry_line,494,501.44542522669434
20647,4,general,254,287.8730086953093
20648,4,general,311,344.969687531314
20649,2,general,357,401.21025457835736
20650,3,general,448,442.6948901229885
20651,3,infantry_line,369,394.22381004471436
20652,0,infantry_line,419,433.6068354697924
20653,2,infantry_line,575,550.394613945408
20654,2,general,246,314.40360246409034
20655,2,general,925,936.6713484147089
20657,3,general,417,405.15028859069383
20658,0,general,1021,1000.4806871359942
20659,2,general,258,260.3053524971407
20660,2,general,666,674.9061741092488
20662,1,general,383,387.64474322052547
20663,2,general,600,627.8196523097552
20664,2,infantry_light,1065,1075.017689400066
20666,2,infantry_line,683,648.9683982237757
20668,4,infantry_line,791,771.360942930585
20669,1,infantry_line,488,458.02197398340354
20670,3,infantry_line,376,344.89787610297753
20671,0,general,1212,1128.9329329358789
20672,0,general,770,839.7312289163013
20673,1,general,963,913.9407835477708
20674,0,infantry_line,545,530.8202226620534
20675,1,infantry_line,1095,1039.5031560360978
20676,4,general,1894,1533.9961493373028
20677,3,general,2164,1767.2785798116454
20679,1,infantry_skirmishers,210,289.6208099161115
20680,4,artillery_foot,632,661.1593733344591
20681,4,artillery_foot,632,661.1593733344591
20682,0,artillery_foot,498,475.64365503011703
20683,4,artillery_foot,532,513.5477610906004
20684,0,artillery_foot,489,491.3453979832882
20685,1,artillery_foot,771,805.1409507212137
20686,2,artillery_foot,718,740.5833708285372
20687,2,artillery_horse,996,889.624358705228
20688,4,general,694,719.7354383721973
20689,4,general,534,525.2582314493116
20690,2,general,248,273.6295906162859
20691,1,general,415,425.882069209346
20692,0,general,469,471.74084385105317
20693,4,general,1,1.0
20695,3,general,637,684.4308241021088
20696,3,general,543,550.7712598621792
20697,1,infantry_line,339,365.54319172913307
20698,4,infantry_line,337,352.15611508267654
20699,0,general,446,392.234439465434
20701,3,general,416,371.36109525252056
20703,2,general,886,861.4749773379899
20704,4,general,240,234.6515481134219
20705,1,general,290,269.1988400745222
20706,1,infantry_light,533,494.22552470935506
20707,3,infantry_light,425,445.79364109941184
20708,1,infantry_line,413,388.3610326331131
20709,4,infantry_line,338,317.9608647476614
20711,3,cavalry_light,910,920.0959446889442
20714,4,general,947,982.527451027087
20715,0,general,1029,1056.5100359843016
20716,0,cavalry_light,1053,1047.2461868382636
20717,4,general,909,925.4183843861156
20720,4,general,570,582.8826254482249
20721,3,general,758,710.6523272486099
20722,4,general,633,644.525287778913
20723,0,infantry_light,632,572.3607506794393
20725,3,infantry_line,678,694.0686841271399
20726,4,general,101,127.89953472388149
20727,3,general,128,109.59076451027552
20728,3,general,53,33.12098951794187
20729,4,general,271,276.68532241663775
20730,1,general,1413,1408.1821498634686
20731,1,infantry_line,379,344.1723065812513
20732,4,infantry_line,944,963.3301218318426
20733,2,infantry_militia,183,208.14230898988413
20734,1,infantry_militia,111,111.99266628441195
20736,2,general,163,145.6296669245187
20738,4,general,30,49.214746973728154
20739,3,infantry_militia,93,115.02046349590438
20740,1,infantry_militia,101,114.06471085414145
20742,3,general,656,568.3301599884891
20743,0,general,722,821.8284173536545
20746,2,general,721,857.8686214475551
20747,4,general,656,761.7034363485941
20748,0,general,463,423.04721958613965
20749,1,general,323,322.82542578005746
20751,3,general,829,817.2111001152749
20752,2,infantry_light,463,485.37441683010223
20753,2,infantry_light,527,520.4711392542229
20754,3,infantry_light,482,508.14347476651085
20755,0,infantry_militia,647,660.1895856899513
20756,4,infantry_skirmishers,841,856.0582981724478
20757,4,infantry_skirmishers,454,437.5457630745995
20759,4,infantry_skirmishers,815,802.4057456104099
20760,0,infantry_skirmishers,767,797.6899884218352
20761,2,infantry_skirmishers,535,510.03130045585203
20762,0,infantry_skirmishers,828,850.8317606317776
20763,4,general,1552,1840.0080299204988
20764,3,general,766,1125.4368593414563
20765,4,general,244,270.408487896137
20767,3,general,187,193.83933285913156
20768,2,general,1069,1081.3117094602771
20769,3,general,769,799.4551739632202
20770,0,infantry_line,276,303.8960699500057
20771,3,infantry_line,881,931.6295715766572
20772,1,infantry_militia,1117,1116.8408659532658
20773,1,infantry_skirmishers,608,625.4814238097161
20777,3,general,786,745.220267613929
20779,1,general,854,861.7930095105098
20780,2,general,346,325.54783958335884
20781,0,general,405,361.4513533392011
20782,4,general,450,470.673731436083
20783,2,general,712,603.8711075545376
20784,0,general,298,244.83293410698354
20785,1,general,517,447.7266225216683
20786,1,general,993,889.0190846560896
20787,4,general,1240,1138.74966946703
20788,3,infantry_grenadiers,411,356.7316319021711
20792,1,infantry_militia,461,437.3120847482228
20793,3,infantry_skirmishers,485,443.31879012762494
20794,2,infantry_skirmishers,403,376.33743504098527
20795,3,infantry_skirmishers,1018,1117.6227866531326
20796,4,infantry_skirmishers,386,348.11714394751857
20797,2,infantry_skirmishers,781,641.1475995848182
20798,4,cavalry_standard,854,871.1184511560865
20800,1,general,695,701.0907225593594
20802,3,general,1115,1101.047008689443
20803,2,general,210,234.46005673136636
20804,3,general,55,41.80754968233667
20806,2,general,21,69.1217872933173
20807,2,general,121,142.17867608318116
20808,1,general,116,120.21633723337402
20809,1,general,86,115.61669001164671
20810,4,general,150,191.2143148345527
20811,1,infantry_line,226,264.098268641852
20813,3,infantry_militia,145,168.87051670084125
20814,2,infantry_skirmishers,135,165.72998802077157
20815,0,infantry_skirmishers,181,184.69086151269806
20816,1,infantry_skirmishers,235,204.3847056245316
20817,1,infantry_skirmishers,85,125.22364676130172
20818,1,general,298,346.163319204027
20819,0,general,54,40.9165132055611
20820,1,general,83,70.18016924947494
20821,2,general,261,258.8701648229776
20823,2,infantry_militia,130,147.5397316958945
20824,0,infantry_militia,174,216.3353285960535
20826,2,cavalry_light,990,920.2527889346778
20827,0,general,231,206.36534334172512
20828,0,general,861,821.642066019821
20830,1,general,815,758.9918329788915
20831,1,infantry_skirmishers,358,251.67339949822366
20832,0,infantry_skirmishers,93,139.85053573691573
20833,1,general,449,333.5655320633879
20835,4,general,287,290.47073676118436
20836,1,general,334,241.88909543206012
20837,3,general,415,387.625901616766
20838,3,general,28,1.0
20840,1,general,546,500.4381863433776
20843,4,infantry_light,540,466.38547478262615
20844,1,infantry_militia,294,305.1097137550454
20845,2,infantry_militia,349,351.88032248212266
20847,0,infantry_skirmishers,370,362.7700936660915
20850,1,artillery_foot,685,722.4092373604951
20851,0,artillery_foot,470,547.2000374039908
20852,3,artillery_foot,726,750.2341482059513
20853,2,artillery_foot,618,561.9648198554911
20854,2,artillery_foot,618,561.9648198554911
20855,4,artillery_horse,1087,1051.9154327275533
20856,2,artillery_horse,561,546.9408180616775
20857,1,general,589,631.9434170218256
20858,4,general,1,1.0
20859,4,general,1,1.0
20860,2,general,73,69.98349108914756
20861,2,general,185,219.9324415609687
20863,3,general,76,65.71745344759758
20864,2,general,185,219.9324415609687
20865,4,general,160,148.93623822650088
20866,2,general,399,383.45875775564224
20869,2,general,349,328.9527999193652
20871,0,general,377,342.3894202800441
20873,1,general,240,219.56847226786797
20876,3,general,198,180.59199147827496
20877,1,general,391,373.95565582264004
20879,1,general,434,433.2022335423333
20880,3,infantry_grenadiers,194,439.37373366047655
20881,0,infantry_grenadiers,288,287.16783422503113
20882,0,infantry_light,449,436.68049217918104
20884,1,infantry_light,271,350.78000997717663
20887,0,infantry_light,406,412.690700964169
20888,3,infantry_light,495,450.73603019575864
20890,0,infantry_line,191,210.4144910891916
20892,0,infantry_line,339,311.27296158303415
20893,3,infantry_line,377,355.01295890384233
20894,1,infantry_line,360,356.7725043022557
20895,3,infantry_line,306,280.92451145225124
20896,3,infantry_militia,127,134.19776076989987
20898,2,infantry_militia,109,136.4587729770765
20900,3,infantry_militia,80,87.54030871908908
20901,1,infantry_militia,146,157.91440024251705
20902,2,general,88,75.78520331680137
20903,2,general,120,200.2748836443833
20904,3,general,199,189.1374488863223
20905,1,general,352,369.16380360274366
20906,0,general,244,254.09471834011867
20907,1,general,206,199.46022878569926
20908,1,infantry_line,210,205.82108203152418
20909,0,infantry_line,315,303.6113628034623
20911,0,infantry_militia,128,146.8478006042549
20912,3,infantry_militia,146,158.2175360249852
20913,0,infantry_militia,157,177.37335071532686
20915,1,general,119,296.9310611641655
20916,4,general,243,229.02123238876433
20917,0,general,112,109.67607443107944
20918,0,general,524,392.00595000599867
20919,1,general,291,392.4140564505702
20920,3,general,76,68.91230031301299
20921,1,general,119,121.53105633158063
20922,1,general,205,242.89394937735938
20923,2,general,394,431.87688270899673
20924,0,general,221,222.23218288413807
20925,0,general,351,417.79809169560434
20926,4,general,438,369.0874970469316
20927,4,general,340,331.6099290337048
20928,0,general,196,178.64945039012667
20929,3,general,211,209.6106247893835
20930,1,general,236,212.28729611811764
20931,3,infantry_grenadiers,191,438.67817200895877
20932,3,infantry_grenadiers,365,547.232300941888
20933,1,infantry_grenadiers,447,491.0045051794177
20934,4,infantry_grenadiers,221,234.28167525427807
20935,1,infantry_grenadiers,230,252.57897232907175
20936,0,infantry_irregulars,300,264.61006831775154
20938,0,infantry_line,188,169.86351941293537
20939,3,infantry_line,255,288.4351855471013
20940,2,infantry_line,179,170.84648103189969
20943,0,infantry_line,335,345.8694290142086
20944,0,infantry_line,391,343.4242174459993
20945,1,infantry_line,305,273.83267908066756
20947,0,infantry_line,447,432.4493705778424
20949,3,infantry_militia,104,103.47831707451128
20950,1,infantry_militia,127,138.87870666354246
20951,3,infantry_skirmishers,341,309.097551689029
20952,2,general,288,268.2229130561914
20953,2,general,154,161.78784302240967
20954,1,general,195,200.01714973628347
20955,2,general,275,258.8584283434517
20956,3,general,167,148.38317024184718
20957,3,general,215,210.75279063294852
20958,4,general,344,274.44134634130666
20959,4,general,179,189.39667408682703
20961,0,general,657,646.3073236342746
20963,3,general,801,826.0509939481097
20964,4,general,776,780.0371469989659
20965,3,general,332,336.0875308638394
20966,3,general,495,453.39598885287495
20968,2,general,1008,1027.6308621235062
20969,2,general,591,568.010352895047
20970,4,infantry_grenadiers,405,379.6011771215429
20971,1,infantry_irregulars,566,463.45600836631456
20972,3,infantry_light,386,380.5093820300664
20973,3,infantry_light,363,373.2964040460496
20974,4,infantry_light,363,352.4727580371414
20977,4,infantry_line,257,263.5115948129496
20978,2,infantry_line,322,312.6771364413099
20979,0,infantry_line,243,243.3821148997375
20980,4,infantry_line,258,259.0426841633816
20982,3,infantry_line,925,952.9284763616905
20984,4,infantry_line,504,490.6005724040219
20985,1,infantry_line,241,210.3454948865267
20986,1,infantry_line,441,439.84473605645604
20987,0,infantry_line,713,708.5384149805842
20988,1,infantry_militia,320,264.12780506401856
20989,4,infantry_militia,133,138.35045788621096
20990,0,infantry_militia,82,94.28894161474783
20991,2,infantry_militia,155,167.4149500443722
20992,0,infantry_militia,111,118.5101915225563
20994,3,infantry_militia,235,233.4821735584929
20995,1,general,111,113.74443384597832
20996,3,general,598,662.6251779394778
20997,3,general,343,305.6557439515255
20998,3,general,60,45.371411172145315
20999,1,general,150,136.62581097294836
21000,3,general,187,174.72857861847882
21001,0,general,121,125.05215134717344
21003,0,general,208,200.67706337282087
21004,3,general,114,129.99814909610507
21005,4,general,392,394.7431440143579
21006,0,general,1176,1209.6520243549455
21008,2,general,939,978.5023093669613
21009,4,general,800,807.2902272383166
21010,0,general,476,382.8455391996675
21011,2,general,460,409.4838153361018
21012,2,infantry_grenadiers,290,279.9266392072121
21013,2,infantry_grenadiers,398,398.3833593364011
21014,0,infantry_light,258,244.3775985613319
21015,2,infantry_light,271,274.0861807971533
21016,0,infantry_light,510,461.4766102367677
21019,0,infantry_line,184,169.87180606106455
21020,0,infantry_line,236,249.08401966431495
21021,2,infantry_line,231,230.86791028317964
21022,3,infantry_line,375,389.1966716152374
21023,0,infantry_line,858,859.6760912700955
21024,1,infantry_line,367,357.104924503019
21025,4,infantry_line,652,672.8315854928857
21027,2,infantry_line,438,433.3968262007889
21028,2,infantry_line,1063,1111.124452089181
21029,0,infantry_militia,176,195.35115608499083
21030,0,infantry_militia,213,218.1712680316812
21031,1,infantry_militia,150,172.47749599524602
21032,2,infantry_militia,97,124.64809815993785
21033,3,infantry_militia,302,288.72909241746913
21034,0,infantry_militia,170,193.16943415818957
21035,4,infantry_militia,122,138.04909853862088
21036,1,infantry_militia,116,117.15015241339363
21037,2,infantry_militia,370,348.98564173095
21038,4,infantry_militia,88,95.48919579868847
21040,4,general,239,237.5276944428023
21041,1,general,121,126.78841728527438
21042,3,general,237,244.48340012357437
21043,2,general,397,384.9658919412144
21044,0,general,217,206.51413734817515
21045,1,general,220,182.30535969313144
21047,3,general,250,255.5117678386112
21048,3,general,396,290.8609127736886
21049,3,general,207,209.18444190104867
21050,3,general,264,227.06779807227954
21051,0,general,590,600.1792352051266
21052,3,general,161,146.0834670914557
21053,1,general,731,636.1132772199879
21054,0,general,475,464.57678922261783
21055,4,infantry_grenadiers,474,457.55177996572456
21056,3,infantry_irregulars,510,345.4495728076196
21057,4,infantry_irregulars,179,227.71614575862515
21058,3,infantry_light,326,301.2516418804579
21059,1,infantry_light,371,382.1271378141097
21060,0,infantry_light,781,664.7185063780921
21063,4,infantry_line,309,310.20854417899363
21064,2,infantry_line,266,249.21553536938606
21065,4,infantry_line,508,506.9414369783157
21066,1,infantry_militia,91,101.03514573513566
21067,4,infantry_militia,104,115.30256552124183
21068,0,infantry_militia,154,202.29551128251202
21069,3,infantry_militia,136,149.4545220106926
21070,4,infantry_militia,221,221.5132414345
21071,1,infantry_militia,88,109.79112063037702
21072,4,infantry_militia,187,194.08835632749623
21073,1,cavalry_heavy,1019,1051.3703351901772
21074,3,general,71,117.84339544728418
21075,4,general,884,908.2698182424851
21076,1,infantry_line,139,190.3624987180144
21077,2,infantry_militia,331,280.3459490954136
21078,1,infantry_militia,175,176.68207242433976
21079,2,infantry_militia,80,106.04433741567948
21080,2,infantry_militia,267,256.31793343156164
21084,2,general,388,364.74499953841524
21087,3,cavalry_heavy,1130,1160.4363552284156
21089,4,cavalry_heavy,1115,1099.1651129770348
21090,0,cavalry_heavy,512,539.7255002853409
21091,4,cavalry_heavy,936,900.65152855606
21092,4,cavalry_heavy,1180,1107.2144289674036
21093,0,cavalry_heavy,648,669.1808625964342
21094,1,cavalry_standard,778,730.5086386809255
21095,2,general,721,714.5118044401429
21096,2,general,499,514.6902583921761
21098,3,general,759,764.542855715896
21099,3,general,720,676.2127549112371
21100,4,general,368,394.7817495209796
21101,1,general,511,533.4725618977636
21104,0,cavalry_light,284,307.35175738143334
21105,4,cavalry_light,357,359.4007446729257
21106,2,cavalry_light,309,325.2065117561841
21107,4,cavalry_standard,379,324.44219687964636
21108,1,cavalry_standard,451,423.1462936717565
21109,4,cavalry_standard,498,494.99565418722113
21110,0,general,159,199.6950328393723
21112,0,general,268,290.29121295197507
21113,2,general,169,213.8452526374894
21114,2,general,255,232.7974585260489
21115,3,general,407,417.0240661019
21117,2,cavalry_light,275,279.4395335753248
21118,3,cavalry_light,282,291.3671335648494
21119,2,cavalry_light,366,376.0095437207751
21122,2,general,248,268.0406143475466
21123,2,general,388,364.74499953841524
21125,2,general,152,179.03807980073117
21126,0,artillery_foot,632,568.4917777831271
21127,3,artillery_foot,857,781.1748575444961
21128,2,artillery_foot,450,475.30451846017155
21129,0,artillery_foot,244,251.75382069943836
21130,4,artillery_foot,247,243.95125201241356
21131,0,artillery_foot,244,251.75382069943836
21132,1,artillery_foot,507,518.4044718930552
21133,1,artillery_foot,451,511.76543401725314
21134,0,artillery_foot,661,725.8741182312089
21135,2,artillery_foot,393,462.1922831352558
21136,1,artillery_foot,451,511.76543401725314
21137,4,artillery_foot,303,324.88531659629035
21138,0,artillery_foot,310,333.6193909723873
21140,0,artillery_horse,768,702.745215033388
21141,3,artillery_horse,815,712.8686494223609
21143,4,general,1,1.0
21144,3,general,180,203.26056393495895
21145,4,general,817,797.0960089468624
21146,3,general,681,721.2319316756476
21147,3,general,177,176.99588560250936
21148,0,general,312,312.4179211167482
21150,3,general,177,176.99588560250936
21152,1,general,988,1108.419363782992
21153,1,general,775,727.9938638296401
21154,4,infantry_grenadiers,272,280.9471136393094
21155,3,infantry_grenadiers,315,338.2320715620286
21156,4,infantry_grenadiers,275,217.18759615716652
21161,0,general,332,317.13031370278816
21162,0,general,322,400.76733478126863
21163,2,general,226,326.20934917391617
21164,1,general,276,267.6458959710194
21166,2,general,751,709.4605713490224
21167,1,general,391,411.14807245143413
21168,0,general,519,498.01403453570424
21169,2,general,1028,991.093160196706
21170,1,general,1014,992.0790532858796
21172,2,general,186,202.04395249378135
21173,4,general,559,538.7913038222313
21174,0,general,417,402.68384665596363
21175,0,general,582,584.9718891382698
21177,2,infantry_grenadiers,432,406.6744139793231
21179,3,infantry_light,381,365.97932978570316
21180,1,infantry_light,314,329.81339931541953
21184,2,infantry_light,790,789.1074928161034
21185,2,infantry_line,1133,1130.3664309794722
21186,0,infantry_line,1082,1082.0616650650343
21188,0,infantry_line,373,379.3971171044072
21189,2,infantry_line,243,254.92048062402304
21190,0,infantry_line,293,301.0981791117512
21192,2,cavalry_light,431,467.6889972295198
21193,4,cavalry_light,308,328.79792178066407
21194,3,cavalry_light,258,264.73571589649873
21195,0,general,128,130.55928816745373
21197,2,general,241,240.49777988120687
21198,0,general,580,613.5273331821086
21199,0,general,393,395.4259346507066
21200,3,general,200,206.37931297589512
21201,4,general,361,348.7923145544869
21203,0,infantry_line,387,380.75938784328173
21204,1,infantry_line,336,335.11824571576943
21205,4,infantry_line,294,301.3197099113669
21206,2,general,302,302.20171345767574
21207,4,general,250,230.9659638792425
21208,0,general,306,306.04706770879733
21209,4,general,168,155.63624086341758
21210,3,general,420,407.29590757700726
21211,0,general,210,203.3308688010634
21212,3,infantry_light,272,252.65893994281572
21213,1,infantry_light,502,491.0021364501131
21214,3,infantry_line,304,296.10808289103136
21215,2,infantry_line,400,402.5695295414165
21216,1,infantry_line,401,388.0968891855095
21217,0,infantry_line,360,357.6573192820911
21218,2,infantry_skirmishers,216,231.64680913273818
21220,1,general,183,202.87507191054925
21221,2,general,251,231.5730034320255
21222,4,general,604,591.2517397623182
21223,3,infantry_grenadiers,245,276.67989567566
21224,0,infantry_line,267,266.0446259376185
21225,3,infantry_line,277,287.63614578966434
21226,1,infantry_line,558,550.5954627270232
21227,0,infantry_line,348,329.51868487952163
21228,2,artillery_foot,518,519.0883652124825
21229,0,general,383,392.97211521644783
21230,0,general,141,148.02107354995675
21231,1,general,241,251.01485253946282
21232,3,general,100,102.4092753927114
21233,1,infantry_line,195,197.90937868210153
21234,2,infantry_line,197,195.51904620111236
21236,3,general,118,122.51664213629458
21237,1,general,128,155.14448327147431
21238,4,general,178,195.87822560053849
21239,1,general,860,853.5444161981684
21240,0,general,443,465.7782180773359
21243,4,general,998,998.0761743237762
21244,2,infantry_light,175,186.8395636419165
21245,3,infantry_line,175,196.87338212246343
21246,4,infantry_line,174,196.54734727101518
21247,3,infantry_line,499,521.5923045501289
21248,1,infantry_line,724,742.8905070600077
21249,2,infantry_line,409,416.26877768498474
21250,4,infantry_militia,204,199.4866428332201
21252,3,cavalry_light,297,266.17553102099805
21254,1,general,216,217.2975693623996
21255,3,general,269,261.6383790920762
21257,2,general,177,176.66108100594857
21258,0,general,61,43.58452190093817
21259,4,general,242,246.03465568120762
21260,0,general,286,299.4555725406833
21261,4,general,203,206.76075914692058
21262,3,general,645,626.6166745549389
21263,3,infantry_grenadiers,231,210.42513245941115
21264,4,infantry_light,244,244.76988784613803
21265,4,infantry_light,207,208.5028973781565
21266,1,infantry_line,253,248.24614901522455
21267,3,infantry_line,248,255.455955517228
21268,4,infantry_line,310,304.61780401919236
21269,3,infantry_line,561,561.6182961223985
21273,1,infantry_militia,149,138.13780183037156
21274,1,infantry_militia,174,159.98581546822643
21275,3,infantry_skirmishers,191,203.8581077506779
21276,3,infantry_skirmishers,163,186.48890246808273
21278,0,artillery_foot,817,813.0435715888623
21280,2,general,191,198.13771264168534
21281,4,general,348,318.68505313384185
21282,1,general,147,179.61164570061533
21283,2,infantry_line,238,252.8428631061427
21284,3,infantry_line,240,260.98791533497445
21285,3,general,72,123.35718107549107
21286,2,general,142,166.65640814390343
21287,1,general,100,119.53691861883523
21288,1,infantry_line,114,172.25629378268445
21290,4,infantry_line,167,180.05425695957678
21291,0,general,536,540.329053916002
21292,2,general,557,559.0821958697629
21293,1,infantry_light,611,616.5779781548724
21294,1,infantry_light,517,499.21566118546446
21296,1,general,168,193.28822269231162
21297,2,general,514,504.9583734441204
21298,1,general,350,368.22636443023123
21299,4,general,724,698.7041152090544
21300,0,infantry_line,207,238.82024887523193
21301,1,infantry_line,99,122.16039321043712
21302,0,infantry_line,429,428.7902899951712
21303,2,infantry_line,446,461.7014821873672
21304,0,infantry_line,658,644.4557347029669
21305,4,infantry_militia,165,147.5145235117967
21306,0,infantry_militia,89,95.31151862040169
21307,0,infantry_militia,125,135.23937303732808
21308,4,infantry_militia,135,143.7960948322326
21310,4,cavalry_standard,727,721.1309822440116
21311,3,general,286,296.36938252543007
21313,4,general,367,355.2806977618929
21314,2,general,59,55.35388629568243
21315,1,general,226,292.0067628044039
21316,3,general,673,660.8449364869153
21317,1,general,870,885.0148367045756
21318,1,general,227,215.47042662409717
21320,3,general,581,574.8378002093042
21322,3,infantry_grenadiers,466,480.79364678382393
21323,2,infantry_line,329,305.87552309688715
21324,3,infantry_line,581,589.2288467154265
21325,3,infantry_line,663,674.7778233125462
21326,2,infantry_militia,138,148.4296821459131
21327,1,infantry_skirmishers,342,370.7265806804749
21329,3,cavalry_standard,317,354.9761200904313
21330,4,general,39,33.436732484781444
21333,4,infantry_militia,161,183.29018643708403
21334,2,infantry_militia,79,99.70543409214578
21335,1,infantry_militia,95,125.37895963719505
21336,1,cavalry_light,477,448.41490043531854
21337,1,cavalry_light,425,469.73972278026986
21338,0,general,29,30.052786902383133
21339,1,general,308,366.902135938748
21340,2,general,352,361.11520114904454
21341,4,infantry_militia,88,54.97206511650219
21344,4,infantry_skirmishers,472,335.7956800078735
21347,0,general,64,133.79155843530984
21348,4,general,198,193.6336813738429
21349,2,general,322,325.4481151742434
21350,4,infantry_light,205,246.31084679935424
21351,0,infantry_line,97,134.1403818112786
21352,2,infantry_line,94,137.95162981755135
21353,3,infantry_line,260,253.3021674435363
21354,2,infantry_line,389,396.1862306514276
21355,4,infantry_militia,108,104.64598470114439
21356,2,infantry_militia,93,87.23440745988029
21357,0,infantry_militia,118,121.21593826624243
21358,2,general,441,458.10236751031596
21361,1,infantry_line,545,560.0628769142002
21363,4,artillery_foot,342,354.4606922283607
21364,0,general,192,168.09682592985902
21365,1,general,941,1168.9109392049206
21366,4,general,686,665.8640302267804
21367,3,general,466,424.00627260118745
21368,0,general,270,275.58588326934114
21369,4,general,1336,1129.0250150955235
21370,2,infantry_light,796,779.1042839923042
21371,4,infantry_light,969,993.4802182666768
21372,0,infantry_light,506,468.88935142735204
21373,4,infantry_line,335,330.4530636746319
21375,0,infantry_militia,51,60.29538974660007
21377,3,general,208,202.3200465319506
21379,4,general,309,306.7486483609533
21380,1,general,261,255.56850373926218
21381,0,infantry_grenadiers,196,188.01344199692062
21382,0,infantry_line,271,262.33604631361504
21384,1,infantry_line,367,361.3094730003009
21385,1,infantry_line,323,304.2869146261462
21388,0,cavalry_heavy,1718,1585.822490010704
21389,2,cavalry_heavy,941,927.266249809089
21390,1,cavalry_heavy,1311,1193.7460197725316
21391,0,cavalry_heavy,1363,1001.7769827365095
21392,1,cavalry_lancers,401,401.83722547415636
21394,4,cavalry_light,318,372.21014525196324
21395,1,cavalry_standard,359,346.3924200965635
21396,0,general,363,366.7892310719615
21397,1,general,770,744.9491860694045
21399,2,general,1315,1322.5586129568724
21400,1,general,277,298.17744360324355
21401,0,general,1277,926.6924905268926
21402,3,general,224,286.6234262285948
21403,2,general,278,349.1792902006001
21404,2,general,1698,1617.380662484459
21405,1,cavalry_heavy,984,907.9606331038864
21406,0,cavalry_light,998,1024.9764172175196
21407,2,cavalry_light,1073,1182.5511231218559
21408,3,cavalry_light,190,217.06966253394307
21409,2,cavalry_light,268,304.95294094706384
21410,3,cavalry_light,553,559.0452813252497
21411,2,cavalry_standard,416,457.4302101970988
21413,4,general,80,117.6366553184767
21414,0,general,859,803.6091250229949
21415,1,general,866,886.3549220867513
21416,0,general,1002,1079.9156248011034
21417,4,general,298,326.9834392023574
21418,4,cavalry_heavy,846,754.0277470658904
21419,0,cavalry_heavy,965,877.3671151519336
21420,2,cavalry_heavy,1632,1755.3250029028002
21421,4,cavalry_light,410,440.23875852738524
21422,1,cavalry_light,294,323.3236985970053
21423,0,cavalry_light,985,996.6094124457995
21424,2,cavalry_standard,419,457.3652879817383
21425,0,general,853,869.2264380525374
21427,1,general,796,773.3600317694247
21428,2,artillery_horse,592,625.3851477672151
21430,2,general,207,195.71810472327402
21432,4,infantry_militia,62,72.53222609866475
21433,1,artillery_foot,33,68.10056254844484
21434,0,general,705,673.0073256068263
21435,2,general,986,876.178994885801
21437,1,general,180,179.3598002679824
21438,0,infantry_militia,132,153.35580024128728
21439,2,infantry_skirmishers,160,155.98784373116078
21440,3,cavalry_light,231,239.62761279911197
21441,1,general,154,229.67971363335596
21443,2,artillery_foot,255,272.72281460591853
21444,1,artillery_foot,285,270.8005282909394
21446,2,artillery_foot,867,757.6568699712631
21447,4,artillery_foot,356,338.17525432221515
21448,0,artillery_foot,244,248.03232014733743
21449,1,artillery_foot,476,471.97470246606656
21450,4,artillery_foot,312,312.92565081611133
21451,0,artillery_horse,348,352.81896035343
21452,1,general,341,362.3972939235797
21453,1,general,1746,1172.8584302433806
21454,2,general,163,180.67695689250877
21457,0,general,230,255.23606959163297
21459,0,general,146,180.35984682702573
21460,3,general,250,240.08472558971107
21461,1,infantry_grenadiers,244,232.25851986564203
21462,2,infantry_grenadiers,235,243.01854880249428
21463,3,infantry_grenadiers,283,284.1369514617385
21464,4,infantry_skirmishers,216,211.60723186289198
21466,1,cavalry_light,543,547.386233625535
21467,3,cavalry_standard,664,693.2428563497739
21468,4,general,399,505.98788763583616
21469,2,general,441,413.4863665881665
21470,4,general,684,663.0516255821174
21472,3,infantry_line,725,726.999066161035
21473,0,infantry_line,612,620.7093573999922
21474,1,infantry_militia,373,352.44112864311995
21475,1,infantry_militia,350,314.3559513245827
21476,2,general,591,606.0486696568911
21478,4,infantry_light,922,946.9628064800924
21479,4,infantry_light,829,865.2511570078224
21480,1,infantry_line,539,556.6912855324242
21481,2,infantry_militia,201,196.40458866074053
21482,3,infantry_militia,179,168.4180980215941
21483,0,infantry_militia,324,279.40415816630315
21484,0,infantry_militia,242,210.96423917784855
21485,3,infantry_skirmishers,249,259.12247611382094
21486,0,cavalry_light,326,359.9104434956239
21487,3,general,183,128.8114123454805
21488,2,infantry_light,252,264.2528040537618
21489,4,infantry_light,262,282.50868555384795
21490,2,infantry_line,868,899.6888622104028
21491,1,infantry_militia,183,188.52777604621113
21495,1,cavalry_missile,880,1247.1173165164826
21496,0,general,618,706.965708162943
21497,3,general,975,967.8779351892374
21498,0,general,1098,1090.9938479731536
21500,2,infantry_line,873,904.8662612146666
21502,4,infantry_militia,321,291.74595060415976
21503,3,infantry_militia,223,177.03568242650712
21504,1,general,602,521.7165009212109
21505,2,general,1018,947.3459919692374
21506,1,infantry_grenadiers,1360,1336.4881498337604
21507,0,infantry_line,644,621.5095456312195
21508,3,infantry_line,868,884.4416443295079
21509,2,infantry_line,840,842.9962535113852
21511,1,infantry_line,406,383.3310567956426
21512,0,infantry_grenadiers,672,645.3140580072659
21513,4,infantry_line,498,472.11076888125575
21514,1,infantry_line,474,462.8026711902007
21515,0,infantry_line,526,509.7519666268653
21516,3,infantry_skirmishers,300,283.8621433523448
21518,3,infantry_skirmishers,716,798.0311864312192
21519,0,general,225,206.03173469177943
21521,2,infantry_skirmishers,167,177.24928417058302
21522,3,infantry_skirmishers,263,255.98009436126523
21523,2,infantry_skirmishers,483,717.2786052295725
21525,2,infantry_line,538,559.09024977004
21527,0,infantry_militia,389,361.51063861091717
21528,2,artillery_foot,453,390.3570220588261
21529,1,general,440,348.22629387343477
21531,2,general,458,433.8902035026918
21532,3,general,616,573.6939950202355
21534,2,infantry_line,376,383.5754650860472
21535,2,infantry_line,495,507.48629054520535
21536,3,infantry_line,740,749.8679420908782
21537,4,infantry_line,564,571.3776224706764
21538,3,infantry_line,633,607.1278096875533
21539,2,infantry_militia,302,324.3681012991188
21541,1,infantry_line,496,484.45377517869605
21542,3,infantry_line,460,452.413436049337
21543,4,cavalry_light,317,290.1471167435994
21544,2,general,646,798.3140501687969
21545,2,general,442,417.78335659296243
21546,2,general,351,248.29936739223467
21547,2,infantry_militia,422,392.69508892218977
21548,3,infantry_militia,371,369.3839183478302
21549,4,infantry_skirmishers,584,553.4963694215452
21550,0,artillery_foot,607,615.7746028850622
21551,4,cavalry_heavy,1345,1267.6033952166097
21552,1,cavalry_light,1563,1475.9744896893926
21553,0,infantry_line,1007,969.004441067298
21554,2,infantry_militia,82,147.33691228111223
21555,2,infantry_skirmishers,281,302.07929317248784
21557,1,general,276,208.4150257392778
21558,0,general,383,360.8305740910203
21559,1,infantry_light,397,377.1641344584969
21560,3,general,367,338.26886685928037
21561,1,infantry_light,443,425.6804270422072
21562,4,infantry_militia,117,123.82349008414559
21563,3,cavalry_missile,472,521.4013143849988
21565,0,infantry_skirmishers,683,668.0787190291754
21566,3,infantry_skirmishers,1011,1399.4465618862903
21567,0,general,370,773.0115704730778
21568,1,infantry_skirmishers,364,623.8366287783208
21569,4,infantry_skirmishers,398,307.9229038889398
21571,4,infantry_skirmishers,662,530.6100263477911
21572,1,artillery_fixed,496,520.7395677626612
21573,4,artillery_fixed,1387,1537.6433090106132
21574,3,artillery_foot,705,653.5703571557514
21579,3,general,228,227.52961579486347
21580,1,general,820,820.75813884204
21581,3,general,551,467.3580484617709
21582,2,general,601,600.5273868177643
21584,2,general,326,340.4121914018927
21585,3,general,309,315.836807996862
21586,3,general,228,236.1950330725854
21587,2,general,345,361.106269059814
21588,1,general,374,372.97297127711397
21589,2,general,236,234.70365191713148
21591,2,general,532,534.5652181208646
21592,2,general,196,213.6608804533762
21594,1,general,458,443.5085071148614
21596,4,general,264,278.7387709805032
21597,1,general,664,713.835190511275
21598,3,general,792,787.3619245164632
21600,3,general,762,748.1851465313499
21601,2,general,498,508.7744746152887
21602,3,general,343,357.16361054274194
21603,1,general,294,305.45168855510576
21604,1,general,877,939.1490988047573
21605,2,general,348,333.94461875624273
21607,1,infantry_grenadiers,504,500.32346932768627
21608,1,infantry_grenadiers,659,689.9107319438821
21609,1,infantry_line,487,491.36722002277827
21610,2,infantry_line,288,297.6815687436276
21611,2,infantry_line,336,334.79927579763796
21612,1,infantry_line,317,315.0537791261174
21613,2,infantry_line,477,480.7427938503205
21614,4,infantry_line,381,383.90778829461436
21615,2,infantry_line,377,397.553108380551
21616,3,infantry_line,253,272.7877956904977
21618,2,infantry_line,369,369.40918955173163
21619,1,infantry_line,848,855.6591016339775
21620,4,infantry_line,706,700.3809590783324
21621,2,infantry_line,368,375.8714488314278
21623,1,infantry_line,716,779.5692648899203
21626,4,general,426,400.7043184140113
21627,0,general,221,214.48387556611334
21628,3,general,266,279.2840546924888
21629,0,general,362,373.5212745146616
21630,2,general,252,272.73631545021135
21631,2,general,198,212.72262723912553
21632,1,general,178,184.50551766347513
21633,4,general,164,179.21052848589383
21634,4,general,377,371.4835912829666
21635,3,general,181,197.40660434757655
21636,2,general,321,312.4802406010021
21637,0,general,407,387.50683455771934
21638,4,general,297,300.20691401984186
21640,3,general,246,253.00740737165856
21642,3,general,592,601.2091853874657
21644,4,general,500,491.79514201187254
21645,2,general,318,324.7028661324151
21646,2,general,805,820.7610012353389
21647,2,infantry_grenadiers,720,691.1667523613204
21648,1,infantry_grenadiers,1036,1030.77798882418
21649,4,infantry_line,237,240.85949922555776
21651,3,infantry_line,238,251.62525851566943
21652,0,infantry_line,265,274.9895468187912
21654,0,infantry_line,348,353.21247503599704
21655,0,infantry_line,477,465.0597760934939
21656,0,infantry_line,285,290.98140909107883
21657,0,infantry_line,235,259.7994556503145
21658,4,infantry_line,375,380.75133409398444
21659,0,infantry_line,376,370.4455982507445
21660,2,infantry_line,480,479.73553752884476
21661,4,infantry_line,300,310.07846651756705
21662,0,infantry_line,260,277.4726192593245
21663,2,infantry_line,701,722.6708185418213
21664,1,infantry_line,429,427.11370644944697
21665,2,infantry_line,422,408.01542955213563
21668,2,general,543,494.8986265921574
21669,2,general,237,222.89197165596943
21670,1,general,335,294.62853881481084
21671,2,general,341,321.68578193414675
21672,4,general,383,373.24517867606204
21673,0,general,196,176.34501736577715
21674,0,general,214,219.66016665997023
21675,1,general,492,434.73305023205575
21676,1,general,228,215.16640257595031
21677,3,general,297,295.6645479478032
21678,3,general,237,195.03497533448197
21679,2,general,402,372.4701084102963
21680,1,general,404,342.425893245302
21682,0,general,569,547.2630024567545
21683,4,infantry_grenadiers,549,485.9867068582859
21685,1,infantry_light,386,384.7771118511345
21686,3,infantry_light,450,433.7348595213111
21687,1,infantry_light,330,327.99650693686215
21688,0,infantry_light,362,384.0418586447523
21689,2,infantry_light,298,275.73949942879057
21691,2,infantry_light,322,327.38521839100775
21692,3,infantry_light,376,375.57073675214605
21693,0,infantry_light,322,331.4460856860133
21694,0,infantry_light,598,571.4032602724761
21696,0,infantry_light,355,369.7425851891417
21697,1,infantry_light,338,327.2432409659529
21698,4,infantry_light,458,419.7870162722201
21699,1,infantry_light,629,644.140770244745
21700,2,general,319,302.8240980064686
21702,1,infantry_grenadiers,331,304.29978776837817
21704,0,infantry_grenadiers,287,275.19752889264123
21705,2,cavalry_light,1193,1129.3604012854016
21706,0,cavalry_standard,546,578.4406345228493
21707,1,cavalry_standard,1035,1065.369124152807
21708,1,general,1022,997.9963809329965
21709,1,general,408,434.4696972618661
21710,3,general,1104,1032.445794282484
21711,2,cavalry_lancers,455,446.7821275445583
21712,3,cavalry_lancers,564,555.1160362110463
21713,4,general,320,331.5659831260972
21714,0,general,470,467.30562930205645
21715,3,general,353,360.2497636135277
21717,0,general,354,360.2638703681074
21718,4,general,308,317.22709019395836
21719,3,general,202,199.93398108807006
21720,1,general,467,460.2772797119268
21721,0,general,572,536.9855712788403
21722,2,general,146,171.45336304328902
21723,3,general,297,325.63125406258894
21724,2,general,349,329.91342284117997
21727,1,general,237,246.1633297215854
21728,3,general,152,170.5464898293072
21729,4,general,253,259.9879549530408
21731,2,general,264,269.46320048355517
21732,0,general,578,544.9000519525489
21733,1,general,310,319.19409229522876
21734,3,general,399,392.962452396377
21735,0,infantry_light,541,515.8069048204062
21736,2,infantry_line,409,390.90350507377224
21737,4,infantry_line,469,459.96162417037004
21738,3,infantry_line,299,292.5326381755354
21739,4,infantry_line,459,461.80356472093877
21740,4,infantry_line,310,307.9807458733583
21741,4,infantry_line,308,316.75660381699026
21742,4,infantry_line,371,378.2341198412662
21743,2,infantry_line,208,222.4130944509249
21744,1,infantry_line,283,265.40229634906007
21746,4,infantry_line,391,389.71837637706324
21747,3,infantry_line,240,253.06991161586313
21748,3,infantry_line,328,317.3755892998463
21750,4,infantry_line,500,495.45820666454307
21752,4,infantry_line,398,387.0990755833235
21753,4,infantry_line,455,446.1840712186358
21754,2,infantry_line,372,376.5477872455847
21755,2,general,190,212.18902704974832
21756,0,general,266,266.79725453185785
21757,0,general,591,588.2170848761735
21758,0,general,264,269.24313469963226
21759,1,general,274,277.9828840486881
21760,1,general,440,427.98012514918685
21761,1,general,187,200.23878615996165
21762,3,general,402,420.09844625366304
21763,1,general,347,334.8930426150867
21765,0,general,610,602.6070814247836
21766,2,general,203,210.2252933635785
21767,0,general,409,429.77403759472014
21768,0,general,133,119.89264256187313
21769,0,general,283,271.78182453181387
21770,3,general,341,333.9789981590102
21771,2,infantry_grenadiers,311,354.45973140033146
21773,1,infantry_line,380,382.9606268984887
21774,3,infantry_line,393,410.5929342632953
21775,1,infantry_line,284,300.32361305344455
21776,1,infantry_line,325,335.3007850508293
21777,0,infantry_line,275,268.3857037147692
21779,2,infantry_line,284,299.21048617003504
21780,3,infantry_line,331,313.25315861124807
21781,2,infantry_line,302,304.3409330901048
21782,4,infantry_line,317,329.5023713805431
21783,2,infantry_line,205,213.2718307107671
21784,4,infantry_line,506,511.46402335910454
21785,3,infantry_line,247,267.53374685550216
21786,0,infantry_line,306,320.39794515785184
21787,0,infantry_line,517,535.444804197015
21788,3,infantry_line,238,207.10997970234155
21789,4,infantry_line,447,428.3207735785004
21792,4,general,529,431.94258037653805
21793,0,general,354,343.29855866126974
21794,0,general,566,525.6246522445026
21795,3,general,302,309.3312513627374
21797,2,general,439,422.702131431117
21798,4,general,456,425.25041669872303
21799,3,general,365,310.53595919872294
21800,2,general,377,325.291144526923
21802,2,general,354,348.5417569993063
21803,2,general,251,240.09290254420617
21804,4,general,503,495.55327716410903
21805,3,general,618,594.0697549116755
21807,4,infantry_grenadiers,265,272.57285461024935
21808,1,infantry_grenadiers,246,247.2107374861492
21810,4,infantry_grenadiers,324,299.2754397053825
21812,4,infantry_light,468,439.6530689693772
21813,4,infantry_light,355,318.5165089220552
21814,4,infantry_light,468,466.7940158315422
21816,3,infantry_light,358,371.51007045136237
21818,4,infantry_light,341,321.7576873160906
21819,1,infantry_light,501,465.80530173522726
21820,4,infantry_light,554,533.6238632884323
21821,0,infantry_light,314,296.85832064018683
21822,0,infantry_light,470,452.621198513981
21823,3,infantry_light,523,524.062822443346
21824,3,infantry_light,324,303.1792068497365
21825,0,infantry_light,563,575.0432976059827
21826,2,infantry_light,323,315.1010142281354
21828,3,general,502,469.19083974287673
21829,3,general,137,149.4845425210422
21830,1,infantry_grenadiers,247,245.1943132310788
21832,3,cavalry_standard,482,510.48976745906486
21833,2,cavalry_standard,523,555.5789544526847
21835,1,general,435,454.7483625496058
21836,0,cavalry_lancers,391,384.32202987106916
21838,3,cavalry_heavy,1991,1861.5898082854683
21839,4,cavalry_standard,825,840.2730732003381
21840,2,cavalry_standard,548,582.8911572647596
21841,4,general,219,232.57398648118556
21842,1,general,440,425.48968298387257
21843,2,general,179,189.21634790609664
21844,3,general,1964,1786.0501435659407
21845,3,general,447,470.9967030465134
21846,4,general,1856,1750.6126349587803
21847,2,general,255,259.4613114729991
21849,3,general,256,257.4088929380554
21850,4,general,650,668.8009520817543
21851,0,general,274,274.6349270258165
21852,1,general,686,744.933438720529
21853,4,infantry_grenadiers,547,569.8164807937134
21854,0,infantry_grenadiers,813,893.311778493719
21855,4,infantry_light,359,370.0794728859897
21856,0,infantry_light,368,343.46816363969623
21857,1,infantry_line,368,367.80807592023024
21859,3,infantry_line,276,284.0777430216241
21861,2,infantry_militia,311,279.14486164950176
21862,2,infantry_militia,324,285.0678863221968
21864,1,cavalry_heavy,1291,1341.040721987725
21866,3,cavalry_heavy,1253,1259.139737973048
21867,3,cavalry_light,671,596.5676287232571
21868,4,general,1179,1137.613805810059
21869,4,general,672,682.2467005119034
21870,2,general,244,258.5686663192038
21873,1,general,64,72.6564613252954
21874,4,general,1213,1233.7064153844512
21875,1,general,677,611.8090625590964
21877,3,general,378,370.4410793787827
21879,1,infantry_grenadiers,646,612.7296979368077
21880,4,infantry_line,171,170.04584780955759
21881,0,infantry_line,150,158.60053134752732
21882,3,infantry_line,306,312.4925095990403
21883,4,infantry_line,434,430.25837230499354
21884,3,infantry_line,310,304.0367584349248
21885,1,cavalry_lancers,717,700.4650711238342
21886,2,cavalry_lancers,548,520.2567513348268
21887,1,cavalry_lancers,376,381.16459828409654
21888,0,cavalry_lancers,496,467.29269297025286
21889,4,general,627,564.2330735096416
21890,0,general,76,97.3492544230445
21891,1,general,237,265.44137304707846
21892,1,general,503,495.7052359570729
21894,1,general,739,683.9103099493095
21895,3,general,268,232.52330165478506
21896,2,general,343,344.20298654295107
21898,1,infantry_grenadiers,605,540.2359288396788
21899,2,infantry_grenadiers,587,512.2418099993855
21900,2,infantry_light,328,303.8507661676198
21901,4,infantry_light,443,420.9224472633877
21903,4,infantry_light,352,359.1331703758086
21904,4,infantry_line,169,170.8192481236653
21905,1,infantry_line,131,157.3436163129358
21908,1,infantry_line,141,141.27528136093648
21910,2,cavalry_light,410,408.22827458601506
21911,4,cavalry_standard,789,779.2258972541266
21912,1,general,626,610.4608366223429
21913,3,general,422,411.6982603528551
21916,2,infantry_line,169,163.6283744398673
21917,4,cavalry_lancers,421,416.0390936820591
21918,0,cavalry_lancers,503,468.21893718014326
21919,2,cavalry_lancers,408,394.80034472285996
21920,3,general,313,322.4449143037037
21922,3,general,285,290.22638014647737
21924,4,infantry_grenadiers,281,266.23520050928425
21925,4,infantry_grenadiers,287,260.0658079497249
21926,2,infantry_grenadiers,316,308.5043897106612
21928,3,infantry_line,397,376.04641912897426
21930,1,infantry_line,274,280.6705592992355
21932,3,cavalry_standard,759,747.9096118119598
21933,0,cavalry_standard,1012,1037.3385507548965
21934,1,cavalry_standard,504,532.5686241015774
21935,1,cavalry_standard,811,825.2807976780963
21936,1,cavalry_standard,730,741.2454339943718
21937,4,cavalry_standard,619,633.2721795927539
21938,3,general,600,592.325744448321
21939,2,general,689,653.637401180397
21940,2,general,456,487.44138401091027
21941,1,general,301,287.80747755048657
21942,4,general,646,661.2396297360273
21944,1,general,667,662.2159359530663
21945,3,general,409,413.48046474513603
21946,1,general,205,213.97778888570343
21947,0,infantry_grenadiers,292,289.60159550202144
21948,0,infantry_grenadiers,331,327.2110626965915
21949,2,infantry_grenadiers,275,279.19243949841695
21950,0,infantry_line,188,209.57551234624503
21951,1,infantry_line,433,411.607031516908
21952,4,infantry_line,374,386.97184747520623
21953,3,infantry_line,255,246.95718735718773
21955,3,cavalry_lancers,400,381.5364310867919
21956,3,cavalry_lancers,468,449.69953987043294
21957,0,cavalry_lancers,554,539.8027833403241
21958,3,cavalry_standard,505,536.2043202107487
21960,3,cavalry_standard,473,504.6677540314818
21961,4,cavalry_standard,721,729.4915678026941
21962,4,general,462,429.6908572321471
21963,1,general,340,380.7332944152886
21964,4,general,402,355.8980811823423
21965,2,general,661,669.2671432155827
21966,0,general,474,497.05119052352666
21967,1,general,261,269.61402699715995
21970,2,general,407,442.6856810002934
21971,1,general,229,207.3342860805339
21972,3,infantry_light,459,435.8121078114328
21973,0,infantry_light,337,325.43605415649523
21974,1,infantry_line,237,221.04807681172525
21975,2,infantry_militia,377,392.84635986950303
21976,1,infantry_militia,203,188.55534546550336
21977,1,cavalry_lancers,495,506.4484998121034
21978,2,cavalry_light,368,384.81303176467486
21979,4,cavalry_light,403,404.77164391410497
21980,3,cavalry_light,683,614.2830696313955
21981,3,cavalry_light,982,893.418034972092
21983,1,general,978,900.9928605514151
21984,4,general,354,359.49786586974955
21985,4,general,305,311.7497743037258
21986,2,general,842,779.4684448984088
21988,2,general,683,641.7799068566976
21989,3,cavalry_heavy,1033,1008.461849750925
21990,1,cavalry_standard,431,452.8203591391065
21992,2,cavalry_standard,498,527.6962598743391
21994,2,general,738,751.0642987601873
21995,3,cavalry_lancers,336,360.1318702743133
21996,1,cavalry_light,363,375.2003285369692
21997,0,cavalry_standard,707,714.3971734340809
21998,3,general,314,327.2959317736952
21999,1,general,706,723.204350692505
22000,4,general,209,254.8083810257534
22001,3,cavalry_lancers,396,386.7149608927423
22003,1,general,287,304.5633512873357
22004,2,cavalry_standard,771,764.8264749448147
22005,4,cavalry_standard,777,809.283951299918
22007,3,general,617,638.7978777051397
22008,2,general,173,171.21267148082984
22009,2,general,705,698.4983522413814
22010,2,general,487,494.7470067087452
22011,4,general,504,504.6530755746664
22012,0,general,531,514.3061866388723
22015,2,infantry_line,418,422.1456480713263
22016,1,infantry_line,475,475.4362385520347
22017,3,infantry_line,365,370.2835014166884
22020,1,cavalry_lancers,905,934.6607130843262
22021,1,cavalry_standard,684,678.2117938430396
22022,3,cavalry_standard,930,925.8016071195719
22026,0,general,1136,1174.4650831421116
22027,0,general,840,872.0577474327681
22028,0,general,964,932.719673044857
22029,3,general,395,438.9273738579384
22030,4,general,795,796.64205870005
22031,2,general,1211,1231.3371153144926
22032,2,general,840,832.6585767003944
22033,3,general,227,225.8264405868268
22034,2,general,469,487.445727920432
22037,3,infantry_line,338,321.8754780989002
22038,3,cavalry_lancers,588,573.0374555046793
22039,4,cavalry_lancers,923,1005.8116138235813
22041,3,cavalry_lancers,583,556.759801217994
22043,4,cavalry_light,826,752.9713617482281
22044,1,cavalry_light,370,393.9026458432231
22046,3,general,139,410.5924499015186
22047,1,general,472,440.9513627132225
22048,3,general,1320,1256.4899951340408
22049,1,general,584,573.0340982237141
22051,2,general,198,214.25248595579504
22052,2,general,911,981.8267678794155
22053,4,general,334,356.3665887873462
22055,0,infantry_light,449,444.0055815487073
22056,0,infantry_light,583,574.198867570304
22057,4,infantry_line,264,267.05566372421646
22058,1,cavalry_standard,522,561.367396799663
22059,3,cavalry_standard,678,669.184053390879
22060,1,general,619,633.4757263445425
22061,0,general,422,451.73896585626466
22062,1,cavalry_light,402,410.84608262443
22063,0,cavalry_standard,546,583.4581504694335
22064,2,general,446,490.10582099956537
22065,2,general,271,289.32276563839537
22066,3,cavalry_lancers,632,621.1560384153167
22067,3,cavalry_lancers,584,559.8215267743931
22068,1,cavalry_light,784,735.2744946683732
22070,3,general,246,261.52709168298213
22071,3,infantry_line,235,254.45113373647158
22072,4,cavalry_heavy,1149,1160.9982879243805
22074,3,cavalry_heavy,1482,1475.2196879640433
22075,3,cavalry_heavy,1086,1079.7366061130137
22077,3,cavalry_lancers,523,471.00826517976867
22078,2,cavalry_lancers,538,522.1393430270452
22079,2,cavalry_missile,461,409.29027862467575
22080,3,cavalry_standard,478,495.18561165047396
22081,2,cavalry_standard,600,611.5222193647934
22082,0,general,1490,1436.6929929422752
22083,2,general,895,917.4894554531171
22085,0,general,1388,1417.6860698549137
22086,1,general,347,361.0723766513987
22087,2,general,1147,1167.7241787902349
22090,1,general,547,519.795359730483
22092,2,cavalry_lancers,614,582.4179975702616
22093,2,cavalry_lancers,377,397.3930977163694
22095,2,cavalry_light,768,711.663948410437
22096,3,cavalry_light,798,719.8793406922999
22098,3,cavalry_standard,586,605.7761453303979
22099,1,cavalry_standard,829,807.3302759242744
22101,1,cavalry_standard,721,728.7553673015591
22102,2,general,132,128.36687376353436
22103,2,general,644,593.6062013692514
22104,0,general,881,859.9041444788878
22105,1,general,476,443.0190802296882
22106,0,general,446,462.6158245635674
22107,4,general,763,733.1062725762717
22108,4,general,413,393.0296663481332
22109,1,general,701,640.299550203725
22110,2,general,659,661.0574386836992
22112,2,general,257,266.36810641074646
22113,0,infantry_light,237,239.97378856967177
22114,0,infantry_light,364,370.0855444824822
22117,4,cavalry_lancers,630,581.9525407012899
22118,2,cavalry_lancers,588,588.4758934717155
22119,4,cavalry_lancers,579,577.6086123990608
22120,4,cavalry_lancers,630,581.9525407012899
22122,0,cavalry_lancers,406,400.5749353204952
22124,4,general,516,510.3229247284786
22125,0,general,520,492.0967119229855
22126,1,cavalry_lancers,360,391.4452847889729
22127,0,general,309,322.38987700294206
22128,1,cavalry_lancers,605,629.4548871590594
22129,3,cavalry_lancers,609,550.7551746226145
22130,3,general,448,451.7804055351618
22132,1,artillery_foot,849,911.1074344800949
22133,1,artillery_foot,578,562.08407385328
22134,2,artillery_foot,662,680.297731772623
22136,4,artillery_foot,581,579.7324766183244
22137,0,artillery_foot,612,574.6807195366248
22138,4,artillery_foot,386,373.1783738628051
22139,2,artillery_foot,737,725.4872471466089
22140,1,artillery_foot,619,590.3447855302982
22141,3,artillery_foot,936,958.0248540055477
22142,1,artillery_foot,849,911.1074344800949
22144,3,artillery_foot,667,693.5785827053556
22145,3,artillery_foot,976,997.0858361721353
22146,4,artillery_foot,1821,1685.9235118339964
22147,4,artillery_foot,1465,1396.0883615356618
22148,3,artillery_foot,395,400.2292003327726
22149,0,artillery_foot,410,402.743239921467
22150,3,artillery_foot,936,958.0248540055477
22151,2,artillery_foot,349,333.487420645865
22152,4,artillery_foot,381,380.355565443227
22153,1,artillery_foot,477,459.5418173020791
22154,3,artillery_foot,395,400.2292003327726
22155,2,artillery_foot,1078,1104.6824810940652
22156,3,artillery_foot,398,387.0817279427836
22157,1,artillery_foot,849,911.1074344800949
22160,3,artillery_foot,765,789.4508355767326
22161,4,artillery_foot,1142,1132.2027078104727
22162,4,artillery_foot,981,1084.8632586213873
22163,0,artillery_foot,901,900.4116032060784
22164,0,artillery_horse,1480,1424.4368183850877
22165,1,artillery_horse,1679,1713.1519824515003
22166,1,artillery_horse,1554,1526.771901308383
22167,3,artillery_horse,1058,1115.0685284318351
22169,0,artillery_horse,535,520.3307284789555
22170,3,artillery_horse,543,556.6626234384615
22171,2,artillery_horse,771,707.1519595983415
22172,3,artillery_horse,1549,1709.3755045802334
22174,2,artillery_horse,1061,1058.9926373557478
22176,0,artillery_horse,784,500.9289240112873
22177,0,artillery_horse,1185,1178.5769379004078
22178,4,general,747,780.2850523125414
22179,1,general,281,280.94154916912015
22180,4,general,439,436.35990016160105
22181,2,general,60,60.352053506976404
22182,0,general,571,555.951297244173
22184,3,general,985,1076.5377865687158
22185,1,general,1291,1285.541167255964
22186,1,general,281,280.94154916912015
22187,2,general,60,60.352053506976404
22188,2,general,362,365.3288251472827
22189,4,general,655,624.9848666021327
22190,1,general,881,906.0826260089646
22191,1,general,474,436.4758944759438
22192,1,general,990,978.7508116667676
22193,4,general,752,750.4528014436797
22194,1,general,159,159.40154897413342
22195,3,general,562,524.8396538173746
22196,2,general,60,60.352053506976404
22197,3,general,521,542.8765235441386
22199,4,general,1619,1767.492796768656
22200,2,general,1,1.0
22201,0,general,741,740.6998752327222
22202,4,general,839,838.8189318837719
22203,0,general,741,740.6998752327222
22204,1,general,574,573.7131843895214
22205,4,general,2594,2774.490343834628
22206,1,general,281,280.94154916912015
22207,2,general,1,1.0
22208,1,general,574,573.7131843895214
22209,4,general,1073,1074.3601039244545
22210,1,general,574,573.7131843895214
22211,3,general,549,559.2197375002384
22212,4,general,1600,1685.442737657434
22213,4,general,747,780.2850523125414
22214,3,infantry_grenadiers,284,246.80294879430906
22215,2,infantry_grenadiers,237,272.6955392584916
22216,3,infantry_grenadiers,238,236.0576277390221
22218,2,infantry_grenadiers,288,308.57245053813574
22219,0,infantry_grenadiers,297,325.2005203779771
22220,4,infantry_grenadiers,478,442.63264866291047
22221,3,infantry_skirmishers,212,265.9633614024613
22223,0,infantry_skirmishers,249,280.97223369423654
22224,1,infantry_skirmishers,170,163.8483604951367
22226,4,infantry_skirmishers,180,185.3131743874758
22227,1,infantry_skirmishers,195,199.4602241096349
22228,4,infantry_skirmishers,184,197.70126896064207
22229,4,infantry_skirmishers,184,197.70126896064207
22231,4,general,1681,1208.8677355893585
22232,3,general,1466,1422.8245021648088
22233,1,infantry_skirmishers,1515,2777.9718819864815
22234,3,cavalry_lancers,933,886.832822326984
22235,3,general,1017,1024.0734077303093
22236,2,general,421,460.368077034338
22237,4,general,1267,1138.3694950357522
22238,3,infantry_skirmishers,570,507.50271625467263
22239,1,general,660,739.5626246863701
22240,0,infantry_skirmishers,767,801.1314137466273
22241,3,cavalry_lancers,797,739.4053581000009
22242,1,cavalry_lancers,582,572.5725368449755
22243,4,cavalry_lancers,738,702.1370198902936
22246,2,general,206,207.52933416474082
22247,4,general,745,730.7736030715981
22248,4,general,1238,1037.9263652373022
22249,4,cavalry_lancers,659,686.274472935012
22250,1,cavalry_lancers,691,671.2905482282622
22252,3,cavalry_lancers,678,690.3459052331824
22253,1,cavalry_lancers,377,341.13991419672874
22254,0,general,361,393.222846287583
22255,4,general,737,804.6973937530588
22256,3,general,310,394.36388758522634
22259,0,cavalry_lancers,736,767.7565413025354
22260,0,cavalry_lancers,660,654.4315672224136
22261,2,cavalry_lancers,824,802.874598103511
22262,0,cavalry_lancers,519,479.06346197214464
22263,4,general,633,529.1199933172813
22265,3,cavalry_lancers,649,643.9062437049084
22266,3,cavalry_lancers,580,570.3257523509989
22267,0,cavalry_lancers,622,566.8595515388015
22268,1,cavalry_lancers,714,748.5663701373485
22269,3,general,494,551.1956119801807
22270,4,cavalry_lancers,629,612.8313581427741
22271,3,cavalry_lancers,765,779.0452286261552
22272,4,cavalry_lancers,806,861.8867239910512
22273,0,cavalry_lancers,689,717.0744201452283
22274,2,general,670,787.5022993369247
22275,2,general,763,880.0239065342014
22276,2,infantry_irregulars,811,675.2996286752542
22277,1,cavalry_lancers,899,925.1142578369299
22279,4,cavalry_lancers,608,624.9606048510909
22280,4,cavalry_lancers,674,695.8406807472883
22281,0,general,697,670.9274976385173
22282,0,general,442,473.51982560766913
22283,4,general,771,776.335658665667
22284,3,infantry_irregulars,608,535.9941754954638
22286,3,cavalry_lancers,654,665.8457702166992
22287,2,cavalry_lancers,716,761.0245952339571
22288,1,cavalry_lancers,774,832.0785374067593
22289,3,general,768,860.7588343373537
22292,4,cavalry_lancers,741,785.1480574780139
22294,0,cavalry_lancers,669,687.2933304810712
22295,1,cavalry_lancers,613,608.9190519387722
22296,0,general,547,623.823113869917
22297,4,infantry_irregulars,670,606.2904320391007
22298,4,artillery_foot,493,437.7744551916147
22299,0,cavalry_missile,665,407.1925490891973
22300,4,cavalry_lancers,803,804.6695806308461
22301,0,general,686,703.4380724968074
22302,0,cavalry_lancers,511,421.533341973189
22303,1,general,460,371.2336830286872
22304,0,cavalry_lancers,525,549.9463918719161
22305,3,general,405,506.6581775851953
22306,3,cavalry_lancers,772,553.3774267217669
22307,2,cavalry_lancers,366,320.46434726010784
22308,2,cavalry_lancers,620,528.2124114254967
22309,4,general,480,406.6677649411306
22311,4,general,379,388.85113522999166
22312,2,general,896,791.8677869312373
22313,0,infantry_skirmishers,369,380.7585467955172
22314,1,cavalry_light,1111,1113.5889701342974
22316,2,artillery_horse,724,690.550825245492
22317,2,artillery_horse,116,131.21762044678934
22320,4,artillery_foot,808,728.1518190623843
22321,4,artillery_foot,439,509.5824734966447
22323,0,artillery_foot,618,667.4750232647486
22324,0,general,392,437.25333916443003
22326,4,general,196,217.68959467256127
22328,3,general,235,219.90842206876144
22329,4,general,363,389.8369240645361
22330,4,general,1225,1205.0435151278446
22331,2,general,652,668.815306782533
22332,1,general,425,446.284159742631
22334,0,general,1365,1459.7182247382527
22335,3,general,649,596.0969835922775
22336,4,general,441,419.05575880754503
22337,3,general,421,399.42144639242883
22338,3,infantry_light,1088,1042.1044282545713
22340,0,infantry_line,361,396.341509314026
22343,0,infantry_line,484,495.2642284862352
22344,0,infantry_line,540,524.3886876836657
22345,1,infantry_line,1146,1221.9763692526622
22347,3,infantry_militia,197,145.27613573334452
22348,0,infantry_militia,138,86.92490651206606
22349,1,infantry_militia,343,327.48777395347446
22351,4,infantry_skirmishers,247,269.00570268311753
22352,1,infantry_skirmishers,276,323.04003531689193
22353,4,infantry_skirmishers,325,356.94771223499606
22354,2,cavalry_light,1712,1743.8877420386766
22355,0,general,1607,1637.5693733345654
22356,2,artillery_foot,449,508.2417179607237
22357,4,artillery_foot,480,536.878983602774
22358,2,artillery_foot,901,813.6052280007409
22360,2,general,186,192.886174713397
22361,1,general,199,174.660376504583
22362,0,general,208,212.7198072158728
22363,1,general,92,86.32260635147335
22365,4,general,409,415.00514644170937
22366,1,general,903,995.1052647529166
22367,3,general,604,658.21052164129
22368,1,general,313,300.05528795800046
22369,1,general,712,726.2625144028411
22370,2,general,213,202.09724911182616
22371,4,general,357,342.8926000978447
22372,2,infantry_light,422,379.77876935689125
22373,4,infantry_line,286,286.8427187183107
22375,4,infantry_line,556,583.493871866038
22376,3,infantry_line,418,369.7796117370802
22378,0,infantry_line,517,527.3909511917071
22379,1,infantry_line,805,894.0488214236608
22380,4,infantry_militia,286,262.9609286731216
22381,0,infantry_militia,194,190.54679937012128
22382,0,infantry_militia,189,167.58151905078572
22384,1,infantry_militia,300,306.181288984949
22385,4,infantry_skirmishers,309,255.08455329736708
22386,0,infantry_skirmishers,250,248.70797815298022
22387,4,artillery_foot,893,808.0792357511281
22388,0,artillery_foot,429,535.9588273481484
22389,0,artillery_foot,614,664.6249880177611
22390,3,general,35,1.0
22391,1,general,119,102.21401807281089
22392,2,general,121,128.0187641974127
22394,1,general,329,324.8126876062445
22395,1,general,142,123.62070564865752
22397,2,general,132,176.4574392280581
22398,0,general,456,478.04973307138914
22401,4,general,369,373.1417201159499
22402,2,infantry_light,651,578.7043961857846
22403,3,infantry_line,215,265.1967390720013
22405,0,infantry_line,401,422.28240816730965
22406,0,infantry_line,609,622.4590440594267
22407,1,infantry_line,426,419.83230860129845
22408,2,infantry_militia,171,184.76730613012896
22412,3,infantry_militia,211,192.89711065959844
22413,3,infantry_militia,186,181.71989588968125
22415,0,infantry_skirmishers,545,490.3926953607541
22416,2,infantry_skirmishers,288,317.2675263222826
22418,0,artillery_foot,429,535.9588273481484
22419,2,artillery_foot,442,503.2961263096446
22420,3,general,134,109.46699750424486
22421,4,general,205,207.2798170438886
22424,3,general,240,260.2059800721798
22425,4,general,284,311.9380557113752
22427,3,general,710,717.9937106833678
22428,0,general,509,530.2829094625168
22429,1,general,285,283.3164844622333
22430,3,infantry_light,325,305.32585766039904
22431,4,infantry_light,654,636.9092358547737
22432,2,infantry_line,301,307.82167576601466
22434,1,infantry_line,312,306.2003233578585
22435,2,infantry_line,328,357.32022094309065
22436,2,infantry_line,432,412.8858775003365
22437,2,infantry_line,629,630.4189419602013
22438,0,infantry_militia,201,195.5456998567067
22439,0,infantry_militia,213,207.1057511095508
22440,0,infantry_militia,191,195.41412521704797
22441,2,infantry_militia,77,89.03952589246923
22442,1,infantry_militia,135,147.7667568078562
22443,3,infantry_militia,234,221.60125232257855
22444,2,infantry_skirmishers,211,220.83663630035264
22447,0,cavalry_lancers,1250,1123.3480558644335
22448,0,cavalry_lancers,801,754.8620327987126
22450,1,cavalry_lancers,437,455.9926538219781
22451,2,cavalry_lancers,808,695.6459713435614
22453,3,cavalry_light,740,775.0106792831799
22454,1,cavalry_light,1373,1395.7879921311562
22456,4,cavalry_standard,1592,1601.8348586219672
22457,2,cavalry_standard,1213,1196.6003980532892
22458,3,cavalry_standard,794,742.3726644439756
22459,3,cavalry_standard,928,950.5400488561291
22460,0,general,1610,1546.2158032178795
22461,3,general,754,709.4162697582935
22462,4,general,773,829.1126119954266
22463,1,general,697,746.0603400672006
22464,0,general,693,645.0315235294051
22466,1,general,735,686.1347928908741
22467,1,general,1017,1033.313182517211
22468,0,general,419,423.8605620446814
22469,2,general,804,825.3520670239444
22471,2,general,653,552.4142016780335
22472,0,general,759,769.1691102766836
22473,2,general,1407,1467.1079464289337
22474,2,general,1205,1009.2996537182902
22475,2,artillery_horse,1075,955.1430895524107
22476,2,artillery_horse,600,517.5128874798244
22477,1,cavalry_lancers,479,480.1175408529898
22478,2,cavalry_lancers,496,465.34246976282253
22479,0,cavalry_lancers,440,461.21686697759895
22481,4,cavalry_lancers,571,599.7852374876617
22482,2,cavalry_lancers,490,468.7744789729636
22483,2,cavalry_lancers,690,672.478213266162
22484,1,cavalry_light,836,899.211420166927
22485,2,cavalry_light,941,989.3514951733846
22486,0,cavalry_light,1466,1504.805572676244
22487,2,cavalry_light,721,767.1733734754539
22488,2,cavalry_light,630,627.9468983617429
22490,2,cavalry_standard,904,861.5718047585802
22491,0,general,642,638.2126525826285
22492,3,general,790,857.4523460934278
22493,3,general,502,456.2549320597743
22494,4,general,604,583.7338999287267
22495,3,general,773,818.2356647689946
22496,0,general,403,386.43500943122626
22497,4,general,443,461.27081632915235
22498,2,general,406,386.1798718518465
22500,0,general,849,819.2553765410205
22501,2,general,299,300.27158920519537
22502,2,general,359,343.4226424450262
22503,3,general,677,674.9827637317032
22504,4,general,1304,1316.6265908406
22506,1,cavalry_lancers,440,459.5933049633399
22507,3,cavalry_lancers,471,461.41493724627054
22508,3,cavalry_lancers,434,474.5813176065867
22509,3,general,322,321.84992006599776
22510,2,cavalry_lancers,476,439.9220561883496
22512,3,cavalry_lancers,477,458.9966480180041
22513,3,cavalry_lancers,455,430.47323920617396
22516,0,general,324,311.1636250247502
22517,3,general,334,304.68689209822503
22518,3,general,388,347.6620605248404
22519,3,general,393,373.1271998520724
22520,3,artillery_foot,591,617.9982191777387
22521,3,artillery_foot,591,617.9982191777387
22522,2,artillery_foot,598,602.9501535402687
22523,3,artillery_foot,591,617.9982191777387
22525,3,artillery_foot,591,617.9982191777387
22526,3,artillery_foot,529,509.25521432478706
22527,0,artillery_foot,831,812.131802500225
22528,2,artillery_foot,457,513.3129415320046
22530,0,artillery_foot,527,593.6382782480227
22533,4,artillery_foot,584,687.9479832294369
22535,0,artillery_horse,1017,1020.1861409157214
22536,4,artillery_horse,1166,1045.8874967109691
22537,2,artillery_horse,1075,955.1430895524107
22538,2,general,601,600.9236795910907
22539,4,general,1311,1200.9520127248156
22540,3,general,600,623.1721235067594
22541,3,general,228,227.6035225999415
22542,0,general,401,402.0432359595298
22544,3,general,228,227.6035225999415
22545,1,general,380,411.44189491249983
22546,3,general,600,623.1721235067594
22548,4,infantry_grenadiers,383,344.9586951542795
22549,0,infantry_grenadiers,508,539.5024792792822
22550,0,infantry_grenadiers,508,539.5024792792822
22551,0,infantry_grenadiers,508,539.5024792792822
22552,2,artillery_foot,681,682.4319861703442
22553,3,cavalry_heavy,1869,2082.135446906244
22554,0,cavalry_heavy,1961,2058.545539173494
22555,1,cavalry_heavy,1132,1438.075722521187
22556,0,general,286,296.3636703276248
22557,1,general,348,440.67391009831533
22558,2,general,1879,2080.997206002876
22559,4,general,221,246.61308979611698
22560,1,general,917,1207.397796544531
22561,3,general,532,537.2125010761519
22562,1,general,1754,1895.1132853853721
22563,2,general,662,628.0322252751632
22564,4,general,960,949.3392233554698
22565,0,general,1377,1220.0789565887737
22566,3,general,490,482.9234190746353
22569,0,general,1576,1338.068937775745
22570,0,general,811,814.5649035976767
22571,3,infantry_light,971,1003.0091387339048
22573,0,infantry_line,1431,1373.18875899481
22575,2,infantry_line,548,540.6884201942694
22576,3,infantry_line,751,740.7592174331692
22577,0,infantry_skirmishers,287,271.28337540929493
22578,3,infantry_skirmishers,295,308.7288589998563
22579,3,artillery_horse,856,1011.0238106148669
22581,0,general,491,489.6798578247752
22582,4,general,228,236.02154168772236
22583,0,general,255,287.7825063819532
22584,1,general,189,185.26335817965474
22585,2,general,221,208.57997895516638
22586,3,general,359,355.14330802795854
22587,4,general,1343,1358.72324130787
22588,2,general,1176,1136.2586241938786
22589,1,general,677,653.4701884256981
22591,4,infantry_line,607,595.7429595500338
22592,2,infantry_line,1231,1242.8881551080563
22595,0,infantry_line,306,295.43414194282457
22596,3,infantry_line,651,674.2994129224219
22597,4,infantry_line,366,392.13917762247496
22598,3,infantry_line,366,341.6700154734239
22599,4,infantry_line,325,296.63561270175126
22600,1,infantry_line,300,281.97950929489036
22604,3,artillery_foot,360,361.3647392264488
22605,4,artillery_foot,481,485.3648147139084
22606,2,artillery_horse,104,150.97264955902642
22607,3,general,336,344.34439138587794
22608,2,general,20,84.17216311620626
22609,3,general,456,470.10693818346704
22610,4,general,219,230.82508367341595
22611,4,general,678,607.286479878491
22612,0,infantry_line,280,353.8817454111636
22613,1,infantry_militia,176,196.07160115099765
22615,0,infantry_militia,223,231.30165986048206
22616,1,infantry_militia,481,460.8424905870841
22617,1,infantry_skirmishers,249,262.2025642228707
22618,4,infantry_line,308,422.1428431698022
22619,3,infantry_militia,105,122.85162532439331
22620,1,infantry_militia,139,164.9459649169127
22621,3,infantry_militia,165,189.65604414346916
22622,1,infantry_militia,141,171.5226293963844
22623,4,artillery_foot,650,656.1354610116148
22624,3,cavalry_heavy,1154,1241.3622400749468
22625,2,cavalry_heavy,1410,1550.5459362587437
22627,3,general,956,1037.5832626585684
22628,2,general,651,655.393077865209
22629,3,general,881,980.9697921820082
22630,1,general,1485,1524.6749600203973
22631,2,general,381,375.75276720987534
22634,2,general,416,412.4956223969228
22637,4,general,409,400.60128447971874
22638,0,infantry_light,688,696.5452342902894
22639,2,infantry_line,327,315.9624104568665
22640,4,infantry_line,528,514.6755381996364
22641,3,infantry_line,502,482.55070426745084
22642,2,infantry_line,668,684.7707598109831
22643,1,infantry_line,401,382.9574054009535
22644,4,infantry_line,427,412.93693478424785
22645,2,artillery_foot,602,569.2783063860873
22646,0,general,127,136.37034599028453
22648,1,general,441,444.9707926224088
22649,3,general,268,267.4379256520068
22650,2,general,187,209.386653427601
22651,3,general,388,365.3776049088633
22653,2,general,185,185.3512262416979
22655,3,general,215,216.02351088350372
22657,0,general,640,668.9558582792437
22658,2,general,247,241.3965808497246
22660,0,infantry_line,422,411.63220673598295
22661,4,infantry_line,318,300.3278987848279
22662,2,infantry_line,253,240.19392613073552
22663,2,infantry_line,285,275.4095018292523
22664,1,infantry_line,412,407.12394900420315
22665,3,infantry_line,339,313.97161435942564
22666,4,infantry_line,605,625.4954212443478
22667,3,infantry_militia,362,352.4792297983056
22669,2,infantry_militia,274,301.82981893702737
22670,4,infantry_militia,300,348.42887542679017
22671,0,infantry_skirmishers,220,224.6125130878785
22672,4,artillery_foot,725,727.2574514646124
22673,3,general,586,597.3310278066147
22674,4,general,470,453.22958462750705
22675,1,general,965,815.8856758790108
22677,2,infantry_light,533,514.3476479832527
22679,2,infantry_line,274,300.86591975602596
22680,4,infantry_line,472,461.38890677027564
22681,2,infantry_militia,55,75.57078922175391
22682,2,infantry_militia,59,102.59785228546339
22683,4,infantry_militia,57,78.48424543431821
22684,2,infantry_skirmishers,222,234.45953943647717
22688,3,infantry_line,473,489.0692605607903
22689,4,infantry_line,377,382.080460931845
22690,0,cavalry_light,609,559.7092106208613
22691,2,general,355,390.1373513317413
22692,0,general,471,432.88056161458866
22695,0,general,582,603.8787356984117
22696,1,infantry_light,294,319.34561725229145
22697,2,infantry_light,594,609.6989551303126
22698,1,infantry_line,646,666.4900818976026
22700,1,infantry_skirmishers,210,206.5241561756607
22702,2,infantry_skirmishers,251,233.64809965284832
22703,2,artillery_foot,384,363.592120959841
22704,4,general,261,247.83246289823248
22705,3,general,292,286.46669377257217
22706,2,general,254,257.06103410177667
22707,0,general,222,238.39445372621225
22708,0,general,69,100.55807649751713
22709,4,infantry_light,328,352.01391689348486
22710,3,infantry_line,359,341.722625641281
22712,0,infantry_militia,57,84.2866440984227
22713,3,infantry_militia,79,121.67058456702848
22717,4,cavalry_light,380,330.8167544170008
22718,1,cavalry_light,584,572.8348462342316
22719,2,cavalry_light,849,851.8251339737217
22721,2,general,186,223.11275763596996
22722,3,general,716,731.259083534824
22723,3,general,422,377.62316203011943
22724,3,general,314,298.8585669774895
22725,1,general,568,574.6363347871903
22726,3,general,123,119.04003845416361
22728,0,general,277,278.50896905135426
22729,0,general,747,683.7859616655853
22730,0,general,510,517.2961618378372
22731,1,general,377,379.4811079552476
22732,1,infantry_light,324,349.5846329524151
22733,3,infantry_light,434,407.31421777060746
22735,3,infantry_line,492,481.15470538959386
22736,1,infantry_line,385,373.0679400130957
22737,0,infantry_militia,96,107.74765661231655
22738,0,infantry_militia,114,118.98252048444601
22739,3,infantry_militia,68,62.67866331179615
22741,3,infantry_militia,196,185.61510512133697
22743,2,infantry_skirmishers,254,239.62762515266508
22744,2,infantry_skirmishers,552,523.188006276364
22745,1,artillery_foot,448,443.9190932334597
22746,1,cavalry_light,521,519.2216156432872
22748,1,cavalry_light,1014,944.4009414664595
22750,3,general,217,310.19227840944313
22752,0,general,289,339.00374385779776
22753,4,general,375,377.41580760411955
22754,0,general,208,209.32018515685064
22759,0,general,939,902.0649101871078
22760,2,general,203,222.9932356913335
22761,0,general,274,279.44218953641564
22762,4,general,149,170.73799955371
22763,2,general,431,421.0264744452492
22764,0,general,353,351.5586235040583
22766,0,general,834,839.558068659611
22767,0,general,467,453.78910027676403
22768,3,general,608,592.519405767259
22770,0,general,329,299.3331216116466
22771,4,infantry_grenadiers,473,479.42338227363643
22772,3,infantry_light,330,333.3892125659099
22773,1,infantry_light,309,314.8853351739806
22774,1,infantry_light,319,328.39909488697396
22775,1,infantry_light,488,500.9126687428276
22776,1,infantry_light,188,260.6485166305796
22777,2,infantry_light,379,397.777886905446
22778,1,infantry_line,263,270.70368741077993
22779,1,infantry_line,310,302.4591004217261
22780,1,infantry_line,585,554.3789657515599
22781,4,infantry_line,899,928.3671633734311
22784,1,infantry_line,314,281.95119344305516
22785,3,infantry_skirmishers,293,325.17714573021834
22786,3,infantry_skirmishers,212,229.9764299317518
22787,3,artillery_horse,493,491.9267386691817
22788,4,cavalry_lancers,316,305.08168279687555
22789,2,cavalry_light,591,599.3476055745612
22791,2,general,536,555.7281161978599
22794,3,cavalry_light,580,587.3326532512225
22795,3,cavalry_light,974,931.1884071319139
22796,1,general,294,324.0575121096538
22797,3,general,838,805.861625846413
22798,3,general,935,900.6051910904727
22799,0,general,470,477.26189994946213
22801,3,general,113,113.8553915043142
22802,4,general,438,433.5875509529369
22804,1,general,266,243.78067950074285
22805,0,infantry_light,414,435.0734616506933
22806,2,infantry_line,320,322.4288796478557
22807,4,infantry_line,227,235.01871299191447
22808,0,infantry_line,548,538.851728920467
22809,1,infantry_line,372,339.7848583497981
22810,0,infantry_militia,217,232.7633850810456
22811,1,infantry_militia,160,175.69765183704945
22812,4,infantry_militia,85,101.94607416732931
22813,2,infantry_militia,183,182.45053119577307
22814,4,artillery_foot,365,362.59200895074315
22815,1,cavalry_light,935,942.5875274764903
22817,4,cavalry_light,926,882.9400830282042
22818,1,general,162,175.07204985490543
22819,1,general,792,809.7984382708464
22820,0,general,418,450.5257943073714
22821,1,general,243,244.13967782388056
22822,4,general,992,942.6539565663076
22824,1,general,441,431.200120536547
22826,2,general,213,211.80178963890762
22827,4,infantry_grenadiers,707,621.3868074438882
22828,3,infantry_light,713,708.3120013968178
22829,1,infantry_line,226,226.52699137438296
22830,3,infantry_line,323,300.36880402101843
22831,1,infantry_line,353,335.1093565359313
22832,4,infantry_militia,74,102.76290994886648
22833,3,infantry_militia,123,123.63145634744613
22834,4,artillery_horse,667,529.7238315078046
22835,1,cavalry_light,1037,989.8838599138486
22836,0,cavalry_light,885,753.7308854660813
22837,4,cavalry_light,418,383.183572036683
22839,1,general,716,600.7312193607611
22840,1,general,286,272.95061920501945
22841,1,general,897,853.9385251662554
22842,1,cavalry_heavy,1143,1294.816847408037
22843,1,cavalry_heavy,1359,1632.4838711826696
22844,0,cavalry_heavy,817,799.6846049599959
22845,3,general,657,659.3160504131986
22847,3,general,950,1108.981278975422
22848,2,cavalry_light,557,470.98948070546635
22849,2,cavalry_light,276,259.5202750714727
22850,3,general,419,338.84557531817234
22851,2,general,148,161.09903904507166
22852,3,cavalry_light,714,606.7981418908502
22854,0,artillery_horse,657,543.9196550797369
22855,1,general,545,443.86248941664127
22856,0,cavalry_light,910,897.2052166370597
22858,2,general,743,736.0211908037794
22860,0,artillery_horse,1138,1086.6086332110203
22861,3,artillery_horse,617,486.97036077095635
22862,0,general,1022,1022.5434867431682
22863,1,general,1240,1291.3369243866096
22864,0,general,638,638.5442625196395
22866,2,general,467,466.95350381414573
22867,0,general,312,312.4187362264085
22870,0,general,1241,1159.0911339726363
22871,4,general,233,275.08755685128517
22875,0,general,570,547.007367362288
22878,3,general,405,550.8584813443714
22879,1,infantry_grenadiers,927,838.1699783715034
22881,0,infantry_line,1287,1231.094034955873
22882,1,infantry_line,413,528.0235582341074
22883,2,infantry_line,256,280.3363800454486
22886,3,infantry_line,485,624.1710122914037
22887,3,infantry_line,306,307.24790759514616
22888,3,infantry_skirmishers,393,340.39058654379727
22889,0,general,398,359.5696174981249
22890,3,general,489,486.1645511666826
22893,4,general,971,964.8640734316617
22894,0,general,845,732.435376311347
22895,0,general,614,728.5122183525245
22896,1,general,397,416.21840542950673
22897,0,general,918,927.3572556451877
22898,1,general,80,106.49526327719752
22899,1,infantry_line,186,212.0799868557288
22903,1,infantry_line,454,465.03830962031105
22904,0,infantry_line,783,756.0200649900256
22906,4,infantry_line,886,802.6428368529663
22907,2,infantry_line,838,856.0731273919772
22908,0,infantry_skirmishers,185,185.9286585956332
22909,0,infantry_skirmishers,225,194.61223318827658
22910,1,infantry_skirmishers,349,306.31421565457305
22911,3,cavalry_light,776,770.44664751952
22913,1,general,278,271.7111949505852
22916,0,general,200,245.79821382783615
22917,4,general,240,243.67279863594433
22918,0,general,721,677.0824427423362
22919,3,general,951,912.9130474800738
22920,2,general,489,470.3237182820235
22921,2,general,323,315.3601006795892
22922,1,infantry_light,680,692.124056626016
22924,4,infantry_line,320,307.4174242259244
22925,0,infantry_line,347,344.8619545717949
22926,2,infantry_line,548,537.6230095558973
22927,1,infantry_line,868,847.939405468724
22928,4,infantry_skirmishers,226,199.21681754651289
22930,3,artillery_foot,458,445.79931989244454
22931,1,general,323,317.2769859196242
22933,1,general,180,204.92987296769758
22934,0,general,485,507.3265258153634
22935,4,general,376,459.7977024825936
22936,0,infantry_line,472,474.6259008836938
22937,1,infantry_line,347,326.09926680912184
22938,3,infantry_line,383,443.7738513681136
22939,2,infantry_line,290,318.93403821579574
22940,4,infantry_skirmishers,216,206.67881336320906
22941,3,artillery_foot,879,841.4923079928171
22942,4,general,712,700.4113472533884
22943,2,general,638,629.9445976747436
22944,3,general,520,572.1953813226185
22945,0,general,735,736.8118334936344
22946,0,general,931,986.7524374405351
22948,2,general,638,629.9445976747436
22950,1,infantry_line,559,574.7914804681964
22951,1,infantry_line,639,679.6580102778573
22953,2,infantry_line,818,860.9720579579135
22954,1,infantry_skirmishers,292,302.6500174209484
22955,4,general,410,429.9271689726322
22957,1,general,494,500.01036043803805
22958,3,general,381,379.731060356278
22959,4,general,418,425.3774625506082
22960,4,general,400,411.0175296801527
22961,1,general,250,263.39765024810004
22962,0,general,262,276.71519554643953
22963,0,general,152,99.49661154263866
22964,3,general,139,188.08249664268388
22965,1,infantry_line,492,481.86395728561877
22966,0,infantry_line,436,435.060714138074
22968,1,infantry_line,257,192.22390718434963
22969,0,infantry_line,528,533.0340602354333
22971,2,infantry_line,371,382.0529188753498
22973,2,infantry_line,279,275.63650593840345
22974,2,infantry_line,239,264.4421675924241
22975,1,artillery_foot,283,308.7095437198884
22976,0,general,165,192.59645372461722
22977,1,general,123,156.96598652712817
22978,3,general,224,234.58265430909856
22980,4,general,161,208.12315537972398
22981,3,general,631,612.1470206132705
22982,3,general,194,246.23320330423155
22983,2,infantry_light,686,687.0718029130499
22984,4,infantry_line,150,170.79861287122324
22986,1,infantry_line,357,363.0538835460933
22987,0,infantry_line,272,310.8486059708555
22988,4,general,416,380.9830814293582
22989,0,general,735,725.6321097147404
22990,1,general,328,319.92457030477107
22991,4,general,326,305.1662087866183
22993,1,general,172,211.7133401174175
22995,3,infantry_line,629,627.5902197185726
22996,1,infantry_line,281,321.9457764082375
22998,3,infantry_line,439,425.3822779107335
22999,3,infantry_skirmishers,224,241.65757460155106
23000,0,general,69,86.58968477885718
23001,1,general,459,443.48341973841076
23002,4,general,555,589.8325761080342
23003,1,general,209,241.21845443033038
23004,0,general,130,129.82452219320584
23006,1,general,268,269.69477816476467
23007,2,infantry_line,258,251.91096033045358
23009,4,infantry_line,411,422.36330239678273
23010,2,infantry_line,320,352.0214859076619
23011,3,infantry_line,235,226.76321692058667
23012,1,infantry_line,531,552.8890061669953
23013,0,infantry_line,517,513.2212937546178
23014,0,infantry_line,375,375.69635070832896
23016,3,artillery_foot,368,379.01930394096024
23017,1,general,241,245.03247251201873
23018,4,general,169,199.52211823649844
23020,3,general,211,287.1262314541199
23021,2,general,325,324.65223230577044
23022,2,infantry_light,584,567.109869056939
23023,0,infantry_line,433,425.79989289049854
23024,4,infantry_line,238,286.59568888416374
23025,2,artillery_foot,548,550.3372201374733
23026,0,general,404,414.5290941884681
23027,1,general,722,613.1989386332325
23029,4,general,455,443.10863932035403
23030,2,general,172,180.65071034192607
23031,2,general,676,582.6295036306088
23032,0,infantry_light,591,598.1545749699751
23033,0,infantry_light,566,598.8267681176903
23034,0,infantry_line,713,630.6450493348219
23035,3,infantry_line,245,239.4172690990371
23036,1,infantry_line,560,548.77732210407
23037,2,infantry_skirmishers,178,183.68001238336126
23038,1,general,462,444.42963462257677
23039,4,general,249,236.03651870972885
23040,4,general,202,205.12937417397987
23041,2,general,323,324.2084235222179
23042,0,infantry_light,280,269.6086828384599
23043,4,infantry_line,436,417.2556548473956
23044,0,infantry_line,393,382.9694425654447
23045,2,infantry_line,333,345.40460313076227
23046,0,infantry_skirmishers,160,153.07065042405242
23047,3,general,475,473.61728300631944
23048,4,general,560,505.92173404979627
23049,3,infantry_line,563,584.785981873773
23050,0,infantry_line,452,426.9075698594975
23051,4,artillery_foot,366,378.88663003411494
23052,0,artillery_foot,862,867.8936986814731
23053,1,general,344,342.3367305781487
23054,0,general,304,290.0003985891515
23055,1,general,101,152.1433095354524
23058,1,infantry_light,412,375.99633110510035
23060,0,infantry_light,736,768.1985605928741
23062,3,cavalry_heavy,1701,1616.4050557431149
23063,4,cavalry_heavy,1513,1399.7821759450178
23064,3,cavalry_light,1191,1203.5340419339268
23065,3,general,1505,1468.9027051901685
23066,1,general,1282,1272.2305702749459
23067,3,general,1602,1501.2915493785629
23068,2,general,176,182.58303787210346
23070,2,general,1110,1114.3466910276215
23072,1,general,266,256.6523373281041
23073,1,infantry_light,338,327.8045774364561
23074,2,infantry_line,247,245.3210652581639
23075,0,infantry_line,261,266.41043560948384
23076,0,cavalry_light,433,369.8953844473725
23077,3,cavalry_standard,444,461.59112787384123
23079,4,cavalry_standard,323,277.50633208353116
23080,4,general,224,257.6362616134234
23082,2,general,457,477.9488011748413
23083,2,general,510,455.7857752750538
23084,1,general,180,187.1397018610909
23085,2,general,154,151.43593910814985
23086,1,general,205,205.04254333769245
23087,2,infantry_light,321,325.70463923992486
23089,4,infantry_line,261,249.82645612476455
23090,4,general,324,294.53382378197466
23091,2,general,496,553.5539626299455
23092,0,general,779,754.1667733747836
23093,0,general,543,566.3016903674209
23095,1,infantry_light,486,501.46377710680076
23096,2,infantry_skirmishers,453,404.5720068882625
23097,4,general,1056,966.3054009147322
23098,1,general,643,634.4102313096971
23100,1,infantry_light,962,996.9067957321691
23101,3,infantry_light,624,665.0882034423573
23102,4,infantry_skirmishers,419,483.33595159688105
23103,0,cavalry_heavy,1412,1244.558100780868
23104,4,cavalry_light,1109,1128.4811497816722
23105,0,general,964,975.9683277535494
23106,1,general,1190,1151.6509927904876
23107,1,cavalry_light,1109,1248.5744191163722
23108,1,cavalry_light,1189,1299.9646562817204
23111,2,artillery_horse,627,667.8239222101361
23113,3,general,532,561.6442978097879
23114,1,cavalry_light,482,543.0056046727565
23115,2,cavalry_standard,545,572.0985172985704
23116,4,general,355,361.5033676089835
23118,4,artillery_foot,366,378.88663003411494
23119,2,general,478,470.20206314024983
23120,1,general,1161,1164.1829260107636
23121,0,general,294,294.89614281145606
23122,3,general,167,166.97947773693517
23123,4,infantry_line,302,322.32075999836826
23124,1,artillery_foot,155,182.04664891131085
23125,4,general,600,683.9328724065012
23126,1,general,328,330.9665825264422
23128,3,general,398,280.0524226897738
23129,1,general,759,1051.400023878956
23130,1,general,684,635.5185474547595
23131,3,general,489,426.10816141935703
23132,2,general,361,382.7241536558197
23133,0,general,369,341.984230670462
23134,1,general,251,245.110927753688
23136,3,general,69,86.2820313968076
23137,1,general,300,266.98693256077433
23138,4,general,407,413.9635840353939
23139,0,general,741,1183.0569020906803
23140,4,general,363,490.9000672570991
23141,4,general,818,805.9597027005967
23142,2,general,504,533.5587866174171
23143,1,general,378,376.98282596284423
23144,3,general,1539,1304.6361470459933
23146,3,general,395,347.2590790352587
23147,4,general,521,510.5950637199115
23148,3,infantry_grenadiers,455,659.8399213067298
23149,1,infantry_grenadiers,425,629.0321303793653
23151,2,infantry_light,414,443.1744973920709
23152,4,infantry_light,359,385.5646288513282
23153,4,infantry_light,786,721.0947853020439
23154,4,infantry_light,431,433.325051228138
23155,3,infantry_light,532,508.65667113529474
23156,2,infantry_light,549,540.75541345871
23157,2,infantry_light,1226,1146.7307207959436
23158,0,infantry_line,285,307.7935466111526
23159,2,infantry_line,725,707.9562839634453
23160,4,infantry_line,376,395.38656209973936
23162,2,infantry_line,407,388.7206287181506
23163,1,infantry_line,586,538.8704812068368
23164,3,infantry_line,483,505.97708748974634
23165,3,infantry_line,505,478.392561315656
23166,4,infantry_line,632,640.6970409894103
23167,2,infantry_line,477,488.0804872537955
23168,2,infantry_militia,482,360.5831158706242
23169,1,infantry_skirmishers,749,1082.3160533736966
23170,3,infantry_skirmishers,788,1093.0893694529618
23173,2,general,152,120.7990734864429
23175,0,general,207,122.4639129785441
23176,3,general,695,618.5523517371637
23179,2,general,220,160.10130414296583
23181,2,general,342,333.1112310145547
23182,1,general,1178,1319.6013471084993
23184,4,general,593,587.9358491813529
23187,3,infantry_light,442,439.41113947496086
23188,2,infantry_light,365,377.00785186721174
23189,2,infantry_light,244,230.85552599048563
23191,3,infantry_line,267,200.0348365418617
23195,2,infantry_line,666,683.3151010489922
23196,4,infantry_line,644,660.5145253430707
23198,4,infantry_militia,216,217.16320480851735
23199,4,infantry_militia,193,200.07945617148226
23201,2,cavalry_heavy,989,994.5073947377779
23202,0,cavalry_heavy,934,919.3567359612983
23203,1,cavalry_light,713,699.1370233703565
23204,4,cavalry_standard,659,648.5931800250221
23205,1,cavalry_standard,946,933.8079408121453
23206,2,general,849,858.2273894211238
23210,1,general,618,617.5847538016718
23212,2,general,304,251.39840083735834
23213,1,general,229,216.7214877919556
23215,3,general,248,214.32281169995161
23216,2,general,1104,1065.7376143768784
23217,0,general,763,757.5514782571018
23218,3,infantry_light,413,379.5358551826307
23219,1,infantry_line,287,283.7393198785948
23220,1,infantry_line,692,690.3631124879762
23221,1,infantry_line,350,338.8815052308631
23222,0,infantry_line,559,549.3209902733638
23223,1,infantry_line,1007,979.1834868220367
23224,4,infantry_militia,192,171.0404876592567
23227,1,general,267,225.5689669129681
23228,3,general,728,675.7782736566963
23230,2,general,364,327.69293506313977
23231,2,general,485,455.3996885399747
23232,4,general,165,163.01275603138146
23233,1,general,329,353.62085599866276
23235,4,general,642,541.1772616070662
23238,0,general,299,259.0611451339952
23239,4,general,254,217.93506930428785
23242,1,general,632,664.7274023958639
23244,1,infantry_grenadiers,1026,985.4040681166321
23245,0,infantry_grenadiers,364,341.0902020119099
23247,0,infantry_light,313,300.64389763285715
23249,4,infantry_light,936,964.7229276635728
23250,1,infantry_light,589,655.1859340188821
23251,0,infantry_line,430,375.10469231348844
23252,2,infantry_line,306,320.3014770956304
23253,1,infantry_line,377,373.2198426513434
23254,4,infantry_line,323,292.6562538674696
23255,3,infantry_line,536,493.73546265567103
23256,0,infantry_line,485,444.9196508543545
23257,3,infantry_line,406,374.47692305344844
23258,2,infantry_line,773,746.6782123880132
23260,2,infantry_line,737,775.7808042045606
23261,1,infantry_militia,254,215.58421050947362
23263,1,infantry_skirmishers,238,232.4684525493158
23264,3,cavalry_lancers,684,563.1236767376344
23267,4,general,879,745.6754129085548
23268,1,general,613,538.7544557515573
23269,4,general,284,248.9418092313149
23270,2,general,792,935.3612415506075
23271,2,general,412,350.14858263585893
23272,3,general,163,190.12529247250416
23273,1,general,135,184.20681022487
23275,4,general,243,194.32356937006512
23276,1,general,108,174.81865118200997
23277,3,general,513,521.4911847337831
23278,2,general,1481,1468.3549679098908
23280,1,general,1756,1748.0439954066176
23281,4,general,1414,1478.4251987209218
23282,0,general,1350,1447.0601981090026
23284,3,infantry_light,319,275.1172107349323
23285,0,infantry_line,184,261.3765172231414
23286,2,infantry_line,316,283.75933203863474
23287,3,infantry_line,192,290.01290560773174
23288,3,infantry_line,392,365.1510605000594
23289,2,infantry_line,153,140.95295608680226
23290,4,infantry_line,517,486.757643624183
23291,4,infantry_line,312,335.33596597207463
23292,4,infantry_line,1496,1639.58021700275
23294,3,infantry_line,1453,1529.451683821211
23295,0,infantry_militia,110,127.61929840067
23297,2,infantry_skirmishers,516,494.6969519768316
23298,1,cavalry_light,306,301.4400159812376
23299,1,cavalry_light,410,421.2782511344627
23300,3,general,317,309.987537024733
23301,2,cavalry_heavy,960,1024.2968125636978
23302,4,cavalry_light,693,638.1101245468298
23303,1,cavalry_light,1028,1021.0555463522313
23304,0,cavalry_light,892,870.8623084418355
23305,0,general,797,799.0396629298423
23306,0,general,190,124.87865103182138
23308,4,general,110,86.10988719020656
23309,4,general,851,837.2796174971539
23311,2,general,791,926.563658989141
23313,2,general,300,291.06108758545633
23314,2,general,964,951.4380702017913
23315,4,general,652,638.3452224308098
23316,3,general,531,499.7585975003281
23317,4,general,514,541.2420692686064
23318,1,general,483,440.02583451446446
23319,2,infantry_irregulars,787,715.014897401414
23320,3,infantry_light,965,869.0307249947632
23321,2,infantry_light,636,511.2360550910828
23323,0,infantry_line,245,189.39853697362835
23325,0,infantry_line,451,408.6366385804302
23327,0,infantry_militia,158,171.25189620528823
23328,1,infantry_militia,201,214.77972890835838
23329,1,infantry_militia,353,395.7148730782817
23330,4,infantry_skirmishers,801,731.5059796776221
23331,4,cavalry_heavy,852,918.1218246236391
23333,2,cavalry_light,448,460.60197478275416
23334,4,cavalry_light,1263,1206.0533289602517
23336,2,cavalry_light,825,774.0135263143259
23337,0,cavalry_light,478,517.4380055163241
23338,2,cavalry_standard,1377,1359.5538338159133
23339,0,cavalry_standard,638,656.4000268183894
23340,3,general,680,568.5905704206234
23341,2,general,498,495.87669228643455
23342,0,general,864,859.4734065520383
23343,0,general,362,384.7317418857075
23344,0,general,692,723.8204309690584
23345,2,general,1296,1279.6011334422417
23346,4,general,1197,1243.4922827327323
23347,1,general,1162,1160.7718228805954
23348,2,general,465,397.34636317539986
23349,3,general,1325,1358.438276441452
23350,2,infantry_grenadiers,583,532.1704654291643
23351,2,infantry_light,788,641.1093128673995
23352,0,general,608,457.4640350252617
23353,1,general,495,468.30132641813947
23354,2,infantry_light,700,561.8545471310063
23356,2,cavalry_light,833,788.7333320042549
23357,1,general,871,871.0752527174179
23360,2,general,57,22.60248205000066
23361,2,general,452,382.4841824318572
23362,4,general,194,199.91314276164263
23363,1,general,370,335.017538610418
23364,4,general,321,285.4749336811339
23365,0,general,997,1004.2085763191512
23367,0,general,231,168.0449254807229
23368,0,general,114,89.93602200240656
23369,3,general,95,50.323397941509725
23370,2,general,306,401.6194536539744
23371,0,general,1768,1816.0179365976169
23372,4,general,112,95.35287765341208
23373,3,general,995,1018.2116679589736
23375,1,general,728,711.3782562777964
23376,0,general,795,827.3890518880472
23377,2,general,433,434.980572235489
23378,2,general,278,265.19310586978804
23379,3,infantry_irregulars,1579,1664.849504786422
23380,1,infantry_light,487,476.723069081436
23381,4,infantry_light,953,879.0672456249063
23382,1,infantry_light,493,458.9064592982802
23383,1,infantry_line,187,184.6850532334028
23384,3,infantry_line,209,209.35969024099978
23385,2,infantry_line,298,308.8856890998819
23386,0,infantry_line,269,278.5052171648311
23388,3,infantry_line,150,137.99600870478326
23389,0,infantry_line,715,751.7947787514561
23390,1,infantry_line,538,554.6337405942835
23391,3,infantry_line,881,929.1108718309016
23392,3,infantry_line,387,386.00183530392815
23393,0,infantry_line,789,801.9553295233997
23394,4,infantry_militia,152,136.5845151226218
23395,3,infantry_militia,211,207.0288390758673
23396,4,infantry_militia,267,272.4776765051754
23398,0,cavalry_light,900,860.098104801229
23399,0,cavalry_light,525,579.7172180242522
23400,4,cavalry_light,993,1150.3613061557314
23401,0,cavalry_light,1138,1103.3230493015672
23402,4,general,129,134.8393515130856
23403,1,general,840,1026.3514414776055
23404,0,general,982,1106.2794702265135
23405,4,general,164,122.93108507038599
23406,4,general,435,479.1000732760751
23408,0,general,946,927.9388813816797
23409,4,general,913,902.628149962173
23410,1,general,645,649.6583528980086
23411,1,general,1236,1180.836783655906
23414,4,infantry_line,212,247.2456465722873
23415,0,infantry_line,943,973.1043551002189
23416,4,infantry_line,831,869.774405706304
23418,2,general,331,317.8469274188651
23421,2,general,70,75.02543201066784
23422,1,general,217,244.901384166498
23423,3,general,486,492.2013005344003
23424,3,infantry_light,747,723.0579258948859
23426,0,infantry_line,289,364.4332591349735
23427,0,infantry_line,699,670.6572055703261
23428,1,infantry_line,172,190.05202877303066
23429,3,infantry_line,232,227.57181348997904
23430,2,infantry_line,535,572.195613514217
23432,3,cavalry_lancers,597,616.8847782920882
23433,2,general,186,262.20512231624394
23434,2,general,226,216.4043139000874
23435,2,general,405,337.89708827030677
23436,4,general,399,378.2401288800265
23437,4,general,468,473.6296285347699
23438,4,infantry_light,445,408.7842910002889
23439,4,infantry_line,355,357.91857072434385
23441,0,infantry_line,316,335.24061759102347
23443,3,infantry_skirmishers,233,235.23677226844205
23444,0,infantry_skirmishers,245,309.76811805952633
23445,3,artillery_foot,242,247.62854756167002
23446,4,cavalry_heavy,784,875.8572011176701
23447,0,cavalry_heavy,867,934.8342981143429
23448,0,cavalry_heavy,1874,1987.327100647399
23449,3,cavalry_heavy,1349,1313.478583257307
23450,3,cavalry_heavy,1349,1313.478583257307
23451,4,cavalry_light,267,286.34462791412346
23452,1,cavalry_light,859,820.2498299692015
23453,4,cavalry_light,710,727.6807187640487
23455,3,cavalry_standard,719,747.2652355000655
23456,2,cavalry_standard,588,577.0214880757845
23457,1,cavalry_standard,536,529.0846368587623
23458,0,cavalry_standard,685,659.9095583083323
23459,0,general,799,794.0612900448456
23460,1,general,1614,1673.2756699648935
23461,2,general,757,833.2445511313476
23462,1,general,507,565.790344923888
23463,2,general,821,678.901240825264
23464,4,general,522,529.8747547200921
23465,1,general,415,385.1716606168003
23466,4,general,317,408.52696223802224
23467,3,general,173,184.88644434489714
23468,3,general,361,353.1034087687289
23469,1,general,899,1069.815306381477
23471,1,general,583,568.0487241575445
23472,3,general,169,183.94858095102927
23474,3,general,683,693.757866778064
23475,0,general,575,607.1913659123726
23476,1,general,1223,1212.807791363899
23477,4,general,1598,1592.915058620074
23478,2,general,1003,837.2926681982415
23480,3,infantry_light,569,572.5513639059026
23481,2,infantry_light,1492,1573.2107161916952
23482,4,infantry_light,1288,1281.2845781426515
23483,2,infantry_line,354,327.5278666781343
23484,2,infantry_line,491,512.0392760267683
23485,4,infantry_line,433,489.2627401025201
23487,0,infantry_line,854,731.837788256864
23489,2,cavalry_heavy,1323,1371.2403655170854
23490,4,cavalry_light,395,417.73826231481866
23491,1,general,1169,1194.5595313231308
23492,2,general,244,281.3191598669184
23493,0,cavalry_lancers,911,948.8350341117082
23494,3,cavalry_light,877,815.1976176766739
23495,0,cavalry_light,816,812.4982840411604
23497,4,general,630,664.4406964908468
23498,2,general,435,463.2338250872572
23499,0,general,117,100.56488715676835
23500,3,general,294,206.65395351870202
23501,3,general,834,809.9489270068353
23502,3,general,315,360.94353448802843
23503,1,general,514,437.8934614692273
23504,0,general,799,817.8552748526961
23505,4,general,1041,1074.116346610718
23506,3,general,944,856.1532032178942
23507,2,general,494,458.82052288913354
23508,3,infantry_irregulars,396,435.7580114134616
23510,3,infantry_light,852,817.045875528291
23512,3,infantry_line,356,283.9948843246779
23513,2,infantry_militia,202,217.6540623852854
23514,2,infantry_skirmishers,500,481.41490157512624
23515,2,cavalry_light,721,553.7078553304876
23516,1,general,587,490.85730692269925
23517,1,general,511,638.8442042245059
23518,3,general,599,849.1964465674923
23522,1,infantry_irregulars,842,1020.9690204658424
23523,4,artillery_foot,797,730.6436796241883
23524,3,artillery_foot,379,402.4510169065656
23525,3,artillery_foot,379,402.4510169065656
23527,3,artillery_foot,379,402.4510169065656
23530,0,artillery_foot,717,762.4782913571769
23532,3,artillery_foot,756,676.8889948585986
23533,3,artillery_foot,599,588.5563690877434
23539,3,general,228,227.79567836529142
23541,1,general,654,660.2745729676037
23542,3,general,228,227.79567836529142
23543,2,general,601,601.735927098131
23544,0,general,488,435.65146102485346
23545,3,general,228,227.79567836529142
23546,4,general,1,1.0
23547,4,general,816,738.3803080403874
23548,4,general,1,1.0
23549,1,infantry_grenadiers,534,556.4050281590654
23550,4,infantry_grenadiers,437,386.1918113271407
23551,4,infantry_grenadiers,437,386.1918113271407
23552,3,artillery_horse,1433,1473.0357449656715
23553,4,cavalry_light,1685,1544.3518402854286
23554,1,cavalry_light,962,1008.1563942661662
23555,1,cavalry_light,1308,1292.5743397064264
23556,1,general,1164,1145.0763742020347
23557,2,general,613,589.1862063568282
23560,4,general,597,614.3485232767836
23561,1,general,741,701.0822438314898
23562,4,general,788,774.5654391250623
23563,2,general,1456,1351.1062284727802
23565,3,general,1050,1062.9799394654099
23566,2,general,610,665.0432932447742
23567,3,general,1628,1576.5694935548493
23569,1,infantry_irregulars,797,818.311250382417
23570,1,infantry_irregulars,357,281.356312856461
23571,1,infantry_light,554,605.9117373889226
23572,1,infantry_light,492,534.9070664502661
23573,0,infantry_light,827,857.4874197253172
23574,3,infantry_light,481,548.4871518327651
23575,2,infantry_light,761,769.3087383099447
23577,0,infantry_skirmishers,262,276.54809386517235
23580,0,artillery_horse,704,698.2709800934356
23581,0,cavalry_lancers,775,839.8541135583682
23583,1,general,676,752.7844543399982
23584,2,general,189,144.08004020161002
23585,2,general,867,836.2831747838783
23586,0,general,974,1096.19710994202
23587,2,general,529,519.9393067823435
23588,2,general,739,660.0655225691202
23589,0,general,1627,1542.0351981776846
23591,4,infantry_light,599,657.5197549614483
23592,0,infantry_light,1336,1296.5348216758257
23593,4,infantry_line,295,265.2272372175523
23594,3,infantry_line,738,697.5884065653759
23595,2,infantry_line,911,902.6201400851788
23597,1,artillery_horse,726,698.815135920727
23598,1,cavalry_light,1792,1747.9556916447707
23599,0,cavalry_light,1260,1245.4054145849636
23600,1,general,1325,1295.7301763313512
23601,2,general,1610,1532.7259462020186
23602,1,general,1835,1813.9961403383484
23603,2,artillery_foot,824,761.5498788427797
23604,4,cavalry_standard,1779,1799.3553069286133
23605,4,general,1717,1735.3883936296643
23606,0,general,283,276.62010000865786
23607,1,general,364,400.06587958390656
23608,4,general,1948,1946.618955570335
23610,2,general,1623,1573.4383765308257
23611,1,general,613,705.4305995708733
23612,2,general,1028,957.6659135041615
23614,2,general,1072,1024.185862879634
23615,4,infantry_light,402,405.92196642434
23616,1,infantry_light,738,849.2267710772255
23617,1,infantry_line,365,437.14259159998755
23618,4,infantry_line,1095,1080.7664115993132
23620,1,infantry_line,1422,1414.6454230384813
23621,1,infantry_skirmishers,182,189.951809659557
23622,3,general,545,510.50769459859157
23623,4,general,254,312.0825376876868
23624,0,general,610,580.1361970806101
23625,4,general,505,572.1965052428197
23626,3,general,468,473.8760093066837
23627,3,general,1003,1154.2354512697336
23629,0,general,1423,1349.4513526714923
23632,2,general,921,1038.071834187956
23634,3,infantry_line,447,513.5497452157302
23636,2,infantry_line,624,629.745849555797
23638,1,infantry_line,1307,1312.703728000973
23639,1,infantry_line,1133,1090.3641655149859
23640,3,infantry_line,1015,1190.1678623534146
23641,4,infantry_line,1321,1332.7385985417932
23642,4,infantry_skirmishers,189,180.1417640835201
23643,4,infantry_skirmishers,189,180.1417640835201
23644,4,infantry_skirmishers,189,180.1417640835201
23645,1,general,889,814.5416211935267
23646,0,general,1321,1394.737488486935
23647,0,general,1038,1085.0815889355897
23648,3,infantry_line,711,737.4032260951479
23649,4,infantry_line,1131,1273.1838246877546
23650,0,cavalry_light,2219,2290.1156526529794
23651,4,cavalry_standard,1029,1069.8323049506826
23652,2,general,227,246.49533225294158
23653,4,general,548,610.3829050056612
23654,0,general,998,987.176829704263
23655,1,general,1008,1040.2025452207824
23657,2,general,339,427.4584986059701
23658,2,infantry_light,789,827.1684175488344
23659,0,infantry_line,313,356.13077372420815
23661,2,general,842,817.0087403591025
23662,2,general,546,493.2069324940815
23664,0,general,753,782.8106062890716
23667,2,infantry_light,578,661.8453720927199
23668,0,infantry_light,661,622.8584935185046
23670,2,infantry_skirmishers,300,303.32259573449693
23671,1,infantry_skirmishers,182,189.951809659557
23672,3,general,322,333.3379134395412
23677,4,infantry_line,695,676.1168375176935
23678,1,artillery_foot,400,433.03975638433593
23679,2,general,75,53.73795607192811
23680,0,general,27,55.81009234710754
23681,4,general,88,87.06949787043843
23682,1,general,114,95.00804399237367
23683,1,infantry_line,194,182.51949128483162
23685,4,infantry_militia,130,120.87203366869214
23687,3,artillery_foot,455,422.78449387646083
23688,2,general,434,386.7564239665913
23689,0,cavalry_light,762,804.8600331582626
23691,0,general,1106,1000.7795652926793
23692,4,general,657,684.4244431775361
23694,4,general,914,891.2454579244917
23695,0,general,1540,1369.0749665807566
23697,4,general,1473,1311.2571711403625
23698,2,general,1615,1395.276334698886
23699,0,infantry_grenadiers,1215,1148.1383126832397
23702,2,infantry_grenadiers,1398,1201.6175317915738
23703,2,cavalry_heavy,1614,1664.1214147918513
23704,4,general,1514,1584.3562180108847
23705,4,general,268,357.6414624800417
23706,0,general,448,469.78171033745457
23707,4,general,147,196.7527191887559
23709,2,infantry_line,349,410.7430928256139
23710,0,infantry_line,234,308.8143071814881
23711,3,infantry_line,1120,1102.204085833441
23712,4,infantry_skirmishers,189,180.1417640835201
23713,4,general,147,196.7527191887559
23714,4,general,147,196.7527191887559
23716,0,general,1089,1105.8821986906048
23717,0,infantry_line,234,308.8143071814881
23719,3,infantry_line,749,733.5889345802418
23720,0,cavalry_lancers,646,730.390790707564
23721,0,cavalry_light,801,825.8305970639922
23722,3,cavalry_light,1658,1600.8334161646378
23723,1,general,658,678.3457601273301
23724,2,general,1421,1382.1278883168982
23727,0,artillery_foot,1645,1693.391622535509
23728,2,artillery_foot,801,789.7478866146452
23729,2,artillery_foot,801,789.7478866146452
23730,2,artillery_foot,824,761.5498788427797
23731,2,artillery_foot,824,761.5498788427797
23732,2,artillery_foot,824,761.5498788427797
23733,3,artillery_horse,1445,1487.7871324975638
23734,0,general,469,468.9067256606533
23735,3,general,266,265.7380206658795
23736,1,general,958,957.5770107492093
23737,1,general,923,980.4161416974747
23738,0,general,469,468.9067256606533
23739,3,general,1536,1595.3761724307365
23740,4,general,448,430.5839027673387
23741,2,infantry_grenadiers,523,506.0717495315594
23742,2,infantry_grenadiers,523,506.0717495315594
23743,2,infantry_grenadiers,523,506.0717495315594
23744,2,cavalry_heavy,1462,1503.574186049359
23745,2,general,326,326.724399011369
23747,2,general,816,860.395717437737
23748,3,infantry_grenadiers,564,589.0601104197262
23749,1,infantry_line,377,365.0319384352769
23750,3,infantry_line,682,737.1049112088552
23752,0,artillery_foot,715,778.2852918348553
23753,3,artillery_horse,418,442.9247516678774
23754,3,general,188,196.00030648029087
23755,4,general,791,803.2212351538952
23756,3,infantry_line,278,304.0184110025033
23757,3,infantry_line,842,896.5898104851984
23759,3,cavalry_heavy,1023,1024.2961139239494
23760,1,cavalry_lancers,585,602.7308851395483
23761,3,general,1078,1050.2805288801198
23762,0,general,841,844.4945389434229
23763,0,infantry_grenadiers,786,680.1295722793582
23764,1,cavalry_lancers,577,632.271604865751
23765,2,general,607,646.9143427804737
23766,4,infantry_grenadiers,429,348.80592715697856
23767,0,artillery_fixed,1392,2455.456780464352
23768,1,cavalry_light,413,420.4041937929838
23769,0,cavalry_light,489,551.0833885382362
23770,2,general,438,405.83654260865717
23773,2,infantry_skirmishers,199,188.51263045861134
23774,4,artillery_foot,486,466.3798345887494
23776,3,general,556,505.37977860903885
23777,4,infantry_irregulars,585,218.2389189129611
23779,3,infantry_militia,211,205.50966183690042
23780,4,artillery_foot,330,326.843642637959
23781,0,cavalry_heavy,938,895.4687210173441
23782,4,cavalry_light,350,338.6046793080852
23783,2,general,181,196.93272373261829
23784,0,general,802,767.6050051080492
23787,1,infantry_line,253,235.32835146611185
23788,2,artillery_horse,401,415.44399069007676
23789,4,cavalry_lancers,318,476.5825916220458
23790,3,cavalry_light,836,757.432301418305
23791,3,general,190,334.17374450966906
23792,4,general,176,70.3860933458545
23793,1,general,102,114.69246640963422
23794,0,general,85,56.41243326280149
23795,1,general,248,166.86918698246882
23796,4,general,40,44.072016050965885
23797,1,infantry_light,362,287.02340609018177
23799,0,infantry_line,180,224.86368282011483
23800,1,infantry_militia,102,99.8861142317608
23801,3,infantry_militia,139,116.57987773859942
23802,0,cavalry_lancers,183,275.47480661117953
23804,3,general,185,190.09623407167123
23805,2,infantry_line,287,297.6337512633732
23806,0,cavalry_lancers,295,349.1408200833755
23807,3,general,187,166.69354354510347
23809,4,infantry_militia,276,241.8678271455962
23810,1,infantry_militia,146,143.6806916255412
23811,1,infantry_militia,116,136.58672329803343
23812,0,cavalry_lancers,316,468.9315529106835
23814,1,general,152,141.9444220968605
23815,3,infantry_irregulars,465,541.1566967840465
23817,4,infantry_skirmishers,579,448.0874524388791
23818,1,artillery_foot,1028,971.5675692053992
23819,1,cavalry_lancers,540,627.4012647677878
23820,2,cavalry_light,668,645.229541904138
23821,4,general,384,354.1417789415758
23822,1,general,548,533.410020441544
23823,0,infantry_skirmishers,529,483.9801530757923
23824,0,infantry_irregulars,455,560.6063636731159
23828,0,artillery_foot,824,853.4079198048586
23829,2,cavalry_lancers,305,464.2363095408481
23830,4,cavalry_missile,512,466.39148720613224
23832,2,infantry_line,124,185.2497275944362
23833,2,infantry_line,241,285.1462907294231
23834,2,infantry_militia,182,211.79169792214063
23835,2,infantry_skirmishers,224,207.28416944031517
23836,4,cavalry_heavy,1785,1865.5138636227573
23838,3,cavalry_lancers,592,621.0722358799424
23839,3,general,680,668.0667539284656
23840,4,general,753,829.3244169938822
23841,1,cavalry_missile,611,731.1267654971277
23842,4,infantry_skirmishers,484,376.1818427966034
23843,0,cavalry_light,694,539.1634026865182
23846,1,artillery_foot,1573,1543.0806034890852
23847,1,artillery_foot,368,301.52066804856366
23848,0,general,67,67.12498620279987
23849,4,general,312,312.81633244163964
23852,0,cavalry_light,659,642.1596975587038
23853,4,cavalry_missile,538,679.823117884524
23854,0,general,502,480.97638454622364
23855,0,general,565,497.20760982264426
23856,0,infantry_light,622,601.5224600044847
23857,1,cavalry_lancers,1407,1409.3967105951826
23858,4,general,1249,1216.836573071755
23859,4,infantry_skirmishers,361,367.8316340423974
23860,0,general,678,703.0397553992727
23861,1,general,1525,1445.04482351522
23862,2,general,506,513.2279189228351
23863,1,general,1251,1171.780294098329
23865,2,infantry_line,614,653.9290516993672
23866,2,cavalry_heavy,1047,1047.5788348018177
23868,3,general,197,278.0803701335454
23869,2,general,374,340.83542901570934
23872,3,general,475,515.2351082185284
23873,1,infantry_irregulars,489,391.4375623560399
23874,3,infantry_light,483,553.9367823462957
23875,1,infantry_line,210,317.78613980311957
23876,4,infantry_line,423,442.53480641291605
23877,3,cavalry_heavy,3060,2880.727533625748
23878,2,general,154,229.27077208776453
23879,1,general,2686,2650.0911539037265
23881,0,cavalry_lancers,675,672.0283357208468
23882,3,general,529,515.6622842946728
23883,2,general,194,146.6578345853937
23884,4,infantry_militia,149,233.96351454432443
23885,0,infantry_militia,109,185.6004707626409
23886,4,cavalry_lancers,530,578.9546868346968
23887,2,cavalry_light,720,830.7686186704993
23888,4,general,814,723.9361860580594
23889,0,general,570,655.3120869602966
23890,4,general,1086,938.0368327166073
23891,1,infantry_line,741,629.6558221493232
23892,3,general,285,321.86460359419533
23895,3,general,1381,1399.3383087693705
23897,4,infantry_line,1794,1729.6125407403388
23898,3,artillery_foot,60,91.71648899488693
23899,4,artillery_foot,618,529.6167243989975
23901,4,artillery_horse,391,403.17447767392684
23902,3,artillery_horse,86,121.17347590462728
23903,0,general,87,86.25935333283118
23904,0,general,87,86.25935333283118
23905,3,general,195,214.6959814285813
23906,4,general,401,404.7528933168051
23907,3,general,29,84.07194360127906
23908,1,infantry_skirmishers,362,413.771653049188
23909,2,cavalry_light,724,778.5949518202885
23910,1,cavalry_light,468,486.5091403051268
23911,0,cavalry_light,692,891.4084125379568
23912,4,general,192,216.74246181934086
23913,1,general,665,684.4930795709472
23915,1,general,327,329.157651304125
23916,2,general,640,648.7142024712491
23918,2,general,321,319.8725564883456
23919,4,general,435,446.8338005404222
23920,2,infantry_light,177,188.52501328520188
23921,2,infantry_light,378,407.4891507285591
23923,0,infantry_light,412,438.12989992406375
23924,0,infantry_line,709,741.6098868115087
23925,2,infantry_line,464,451.41564359866027
23928,1,infantry_skirmishers,162,172.34855492310155
23929,0,cavalry_light,756,790.557579901184
23930,3,cavalry_standard,805,739.5499189916018
23931,4,general,650,554.9492690919516
23932,4,general,635,640.9392043200744
23933,0,general,75,63.27925421367644
23935,2,general,153,134.56361480956753
23936,1,general,420,393.28503730477007
23937,4,general,345,373.6001515190584
23938,0,general,579,585.8287664596669
23940,1,infantry_light,195,211.2717958579053
23941,0,infantry_light,357,382.00116237856093
23942,2,infantry_line,226,203.464028900584
23943,4,infantry_line,145,163.73612581294444
23944,2,infantry_line,178,174.76384520731244
23945,4,infantry_line,544,503.6389973135845
23946,1,infantry_line,633,657.5607713237644
23947,1,infantry_line,485,502.31471645164595
23949,3,infantry_skirmishers,143,154.68192554351276
23950,2,cavalry_light,890,1077.3381985802105
23951,2,cavalry_light,632,672.8627676205917
23952,0,cavalry_light,425,425.2011595330998
23953,0,general,821,981.6806141786271
23954,1,general,525,545.7206706758681
23956,3,general,124,124.51110797712526
23957,3,general,91,82.40190743089974
23958,4,general,93,99.42477622276517
23959,1,general,124,136.80683226682174
23960,0,general,474,471.3869365831747
23961,0,general,391,388.6646464107311
23962,0,infantry_line,168,167.52354648605612
23963,0,infantry_line,222,247.83688347107312
23966,2,infantry_line,417,437.0958469037532
23968,3,general,90,80.3825133172729
23969,4,general,130,128.91980264700035
23971,1,infantry_line,190,191.76505717630434
23972,4,cavalry_light,848,840.6511927652956
23973,0,cavalry_light,502,515.9621524929069
23974,1,general,780,747.9460480017741
23975,4,general,331,331.98027159735915
23976,3,general,364,370.8281408716727
23977,1,general,433,467.8921421312066
23978,1,infantry_light,223,252.51107843942503
23979,3,infantry_light,537,594.4104732272011
23980,4,artillery_horse,1083,1122.8610388004204
23982,2,cavalry_light,838,861.6972178198185
23983,1,cavalry_light,772,781.1649094357606
23984,4,cavalry_light,622,588.0397518166586
23985,0,cavalry_standard,579,545.1712270384338
23986,1,cavalry_standard,708,625.8668131520321
23987,3,general,599,508.9915504509351
23988,4,general,721,718.8187601824043
23990,2,general,1073,1111.3748458479156
23991,3,general,111,124.08715657351864
23992,0,general,540,492.95781531100397
23994,4,general,1686,1847.9125811995925
23995,1,general,676,674.7492226083978
23996,4,general,519,484.5742601816015
23998,2,infantry_light,182,196.24394889428373
23999,3,infantry_line,232,208.05629472512598
24000,1,general,318,334.33294831398194
24001,1,general,306,335.85355111310605
24002,2,general,407,403.11421991004147
24003,3,general,19,3.2901275304620157
24004,3,general,305,277.27524631741875
24006,2,general,859,806.6064555490956
24007,2,infantry_light,409,465.0782636203089
24009,4,infantry_light,685,776.7301732676674
24010,2,infantry_line,378,384.84551091433565
24011,0,infantry_line,273,270.3377779329702
24012,0,infantry_line,413,395.6235699216961
24013,4,infantry_militia,113,110.13658629623984
24014,2,infantry_skirmishers,276,268.7229286869195
24015,3,infantry_skirmishers,143,154.68192554351276
24016,3,artillery_horse,892,921.202541670732
24017,3,cavalry_light,821,802.9945886385151
24018,4,cavalry_light,400,397.15579268775303
24020,3,general,103,103.75866382786214
24021,0,general,698,673.6212289489671
24022,3,general,495,444.51726567072603
24023,3,general,214,199.28606749867305
24024,3,general,887,887.3029568971021
24025,2,general,416,422.02767627653094
24026,1,general,462,449.51589649983896
24027,2,infantry_line,318,314.28218959588446
24029,1,infantry_line,398,383.3169297758151
24030,4,infantry_line,521,512.473299528548
24032,0,artillery_foot,607,607.056825669571
24033,0,general,178,179.36387903314943
24034,0,general,182,175.72224176331918
24035,4,general,517,520.1075858970177
24036,3,general,161,126.32584143464288
24037,3,general,452,447.516328975082
24038,2,infantry_line,239,247.02033821262543
24039,3,infantry_line,264,236.32410733623848
24040,0,infantry_line,279,290.9975581054015
24041,1,infantry_line,425,418.6911248537636
24042,4,general,88,82.08903590287372
24043,2,general,120,130.1409272665811
24044,4,general,31,45.511802301501945
24045,4,general,39,60.08685027498129
24046,4,infantry_line,219,232.23290557218584
24047,4,infantry_line,120,145.3380346835613
24048,3,infantry_line,157,148.6649793092497
24049,4,infantry_line,128,160.58616115671106
24053,2,cavalry_light,741,672.3971497886354
24054,2,general,415,465.00459393115585
24055,1,general,16,9.585899722729437
24056,3,general,87,69.01872666088764
24057,3,general,211,228.51079982570474
24058,2,general,636,817.2360322589803
24059,4,general,588,490.7512533094074
24060,4,general,583,612.8669956015855
24061,1,general,330,333.38816887103866
24062,1,infantry_light,309,353.91035906148875
24063,0,infantry_light,354,423.31284855428135
24064,2,infantry_light,446,528.1208547693698
24065,1,infantry_light,504,539.3381530113033
24066,4,infantry_line,193,178.92909486648523
24067,1,infantry_line,345,320.852927122611
24068,4,infantry_militia,111,103.37548265878495
24069,1,infantry_skirmishers,162,172.34855492310155
24071,3,cavalry_light,842,1072.9140974200473
24072,1,general,200,207.18443944548105
24074,1,general,695,712.290477728659
24075,0,general,763,979.7020239016579
24076,4,general,244,223.16630613254245
24077,4,general,505,526.8535094006849
24078,1,general,178,157.35562982180556
24079,0,general,376,356.8350035593211
24082,4,infantry_light,493,501.39302604302
24083,0,infantry_line,188,165.93505504186808
24085,3,infantry_line,253,224.43369949686436
24086,2,infantry_line,322,296.6316397387617
24087,3,infantry_line,485,494.23445301737803
24090,1,general,129,125.19066110487239
24091,1,general,481,472.9416989097169
24092,1,general,735,742.5514401860864
24093,4,general,85,77.77101608453523
24094,1,infantry_line,188,182.8932270265201
24095,2,infantry_line,228,236.36318557364578
24096,3,general,104,100.63139232194922
24097,1,general,485,483.62199581257283
24098,0,infantry_line,203,216.54250776178162
24099,2,infantry_line,457,451.04029817912743
24100,4,cavalry_heavy,1891,1784.6842574070995
24101,4,cavalry_heavy,1930,1791.3588032329487
24102,3,cavalry_heavy,1259,1307.0508623401722
24105,2,general,1056,1088.3324747182223
24106,4,general,702,650.4072825343317
24107,3,general,1693,1651.5731481062949
24108,0,general,1924,1789.8182932939653
24109,0,general,731,694.1034771408234
24110,2,general,802,722.5712213087643
24111,1,general,879,841.356471353149
24112,0,infantry_grenadiers,629,625.455247565561
24114,4,infantry_grenadiers,924,880.1887722756118
24115,2,infantry_grenadiers,720,689.3442538953897
24116,2,cavalry_heavy,1546,1564.8591257965722
24117,1,cavalry_heavy,1734,1712.1701059923373
24118,4,cavalry_heavy,1430,1374.4197488297605
24119,3,cavalry_heavy,1303,1344.5728897044348
24120,4,cavalry_lancers,560,528.015981402579
24121,1,cavalry_light,709,881.8173046281581
24123,2,general,312,327.50573932644375
24124,3,general,1148,1185.9897953154357
24125,1,general,1824,1746.245444593723
24126,0,general,463,390.53855562545925
24127,4,general,522,485.827341269102
24128,2,general,766,970.9387076444453
24129,0,general,1209,1183.079952818743
24130,4,general,619,576.6746766272717
24131,1,general,349,422.22917547797545
24132,3,general,641,809.2989673746027
24133,4,general,953,885.3125249484874
24134,2,general,929,825.9571138403824
24135,0,infantry_grenadiers,649,646.6195872752661
24136,0,infantry_grenadiers,499,479.3528629191818
24137,4,infantry_grenadiers,991,938.5030619650522
24138,2,infantry_grenadiers,759,707.8461212114796
24139,2,infantry_light,281,357.83167486034944
24140,3,infantry_light,419,456.18392380483556
24141,4,cavalry_light,717,762.8983660918467
24142,3,cavalry_light,314,302.7232024449751
24143,4,cavalry_standard,617,571.295292895187
24144,0,general,120,47.784807703667894
24145,4,general,516,469.38296386865176
24146,3,general,590,651.2344185659252
24147,0,general,723,653.7708738471972
24148,0,general,229,223.8295145706166
24150,4,general,838,765.3292617557238
24152,0,general,329,323.3674389073392
24153,0,infantry_grenadiers,649,646.6195872752661
24154,4,infantry_grenadiers,991,938.5030619650522
24155,2,infantry_grenadiers,759,707.8461212114796
24156,0,infantry_irregulars,171,125.0625205010231
24157,2,infantry_line,584,595.759313036334
24160,4,general,814,801.3288673270398
24161,2,general,648,584.6837269037376
24162,0,general,865,831.1932440261983
24164,1,infantry_grenadiers,772,718.7452070486078
24165,2,infantry_grenadiers,989,938.6471908570841
24166,3,general,493,514.794810555357
24168,2,infantry_line,564,602.816404109573
24169,1,infantry_line,355,349.8534808118923
24171,0,general,132,113.44241517588215
24172,2,infantry_light,268,283.21966015776457
24173,4,infantry_line,196,181.50642723555862
24174,1,infantry_skirmishers,349,340.17380033504656
24176,0,infantry_line,134,118.5909158633627
24177,1,infantry_line,185,182.291903492647
24178,2,general,134,146.39506106882538
24180,0,infantry_line,232,262.55832039881597
24181,4,cavalry_light,480,549.8728514440421
24182,1,general,365,446.20369053779314
24183,2,artillery_foot,1234,1219.6207109733557
24184,2,artillery_foot,1234,1219.6207109733557
24186,1,artillery_foot,618,575.5202053189697
24187,1,artillery_foot,618,575.5202053189697
24189,2,artillery_foot,496,493.6530193609218
24190,2,artillery_foot,496,493.6530193609218
24191,1,artillery_horse,1086,1063.6242724807473
24192,1,artillery_horse,1086,1063.6242724807473
24193,3,general,527,484.0731804674565
24194,4,general,1132,1137.3045903295551
24195,1,general,351,350.7401646716156
24197,2,general,563,569.0832491952222
24199,1,general,199,199.00411918937115
24200,2,infantry_grenadiers,389,415.20320104975406
24201,2,infantry_grenadiers,389,415.20320104975406
24205,4,cavalry_light,1913,1874.6798740355837
24206,0,cavalry_light,1663,1674.95678999515
24210,0,general,1664,1706.2886390590415
24211,4,general,702,690.1098685174172
24213,1,general,1160,1231.4356464196692
24214,1,general,950,992.249274549127
24215,2,infantry_grenadiers,744,750.9993225246515
24216,3,infantry_grenadiers,989,1047.4934150530853
24219,2,infantry_grenadiers,774,819.1776755402849
24220,0,infantry_line,240,241.87323422717856
24221,2,infantry_line,511,529.3091278075242
24222,0,infantry_militia,270,293.8471001916337
24224,4,infantry_militia,305,290.85041473221884
24225,2,infantry_skirmishers,238,268.8109342030663
24227,4,cavalry_lancers,407,428.97683733288267
24228,1,cavalry_light,460,517.3491594587141
24229,2,general,208,185.73374065301653
24230,0,general,432,497.95663221554224
24231,2,general,79,68.53621798984024
24232,0,general,525,548.7212568994386
24233,1,general,484,538.089511595146
24234,1,infantry_line,157,122.80682279107795
24235,3,infantry_line,639,661.695735473565
24236,0,infantry_line,465,483.9211595888544
24237,4,infantry_line,405,424.85253956104066
24238,2,infantry_militia,185,173.77606696626543
24239,2,infantry_militia,333,305.4989805468351
24240,1,infantry_skirmishers,218,211.34505052997847
24241,2,infantry_skirmishers,238,268.8109342030663
24243,1,cavalry_light,1364,1356.5087762603075
24244,2,general,228,235.77475783004957
24246,4,general,231,261.03242626239245
24248,3,infantry_grenadiers,603,615.541534961505
24249,0,infantry_line,286,289.0021251274242
24251,2,infantry_line,300,312.31648185788254
24252,0,infantry_militia,265,275.19595218905175
24253,1,infantry_skirmishers,220,233.13525159662566
24256,3,general,455,423.84920758758904
24257,3,general,131,91.99992199460671
24258,4,general,211,216.52993209480113
24259,3,infantry_line,372,360.4826854090179
24260,4,infantry_line,217,207.79045431888693
24261,4,infantry_militia,182,161.13881642667945
24262,3,infantry_skirmishers,223,223.64146122977508
24263,1,cavalry_light,909,845.6875052951931
24264,0,cavalry_standard,1378,1392.3667585563444
24265,3,cavalry_standard,1289,1243.9640566265057
24266,4,cavalry_standard,701,711.1637715108724
24270,3,general,792,727.6486041298857
24271,2,general,404,359.2444178251845
24272,1,general,596,611.1967402273331
24274,1,general,1297,1233.54916753398
24275,3,general,978,936.0537813896699
24277,2,infantry_militia,322,319.20656089409346
24279,1,infantry_skirmishers,242,250.7662903825009
24280,4,cavalry_lancers,828,692.1672380269989
24281,4,cavalry_light,409,447.2734261407973
24283,0,general,876,844.0675518229662
24284,4,general,359,394.69118854447987
24285,4,infantry_line,269,274.66845568979153
24288,1,infantry_militia,251,251.3482029391426
24289,2,cavalry_lancers,703,705.8242190763546
24290,2,cavalry_lancers,393,418.68999873947195
24292,3,general,547,552.8021875512067
24293,3,artillery_horse,918,987.5726285464459
24294,4,cavalry_standard,1510,1400.3889594291563
24295,4,cavalry_standard,819,807.2271220274378
24297,4,general,1432,1405.6451539271675
24298,4,infantry_line,228,225.02542610041945
24299,0,infantry_skirmishers,487,518.8234927792728
24301,3,cavalry_lancers,455,444.26143757273064
24302,3,cavalry_lancers,364,403.0277475678702
24304,4,cavalry_lancers,426,438.5356406125293
24307,1,cavalry_light,1087,1074.6761783744473
24308,0,general,412,426.0700689757718
24309,4,general,735,754.3946962581472
24311,3,artillery_horse,918,987.5726285464459
24313,1,cavalry_light,680,647.7006170548887
24314,1,general,701,682.2093042273167
24316,2,cavalry_lancers,736,693.6473679189992
24318,2,general,294,265.1378026301066
24319,1,general,126,119.1084461918102
24322,3,general,260,267.91991674289005
24323,2,infantry_light,373,340.8540210626477
24324,4,infantry_line,226,212.76850332728415
24325,3,infantry_line,359,288.39126910164356
24326,0,infantry_line,261,262.65075827077004
24330,1,cavalry_lancers,430,453.30070828379144
24331,0,general,223,221.5658675027858
24332,0,general,138,135.8269843945557
24334,4,general,372,388.92433501817766
24336,2,infantry_line,203,193.74651196978348
24339,1,infantry_militia,193,178.5304705527529
24340,4,infantry_skirmishers,332,328.89146231951963
24341,1,general,736,737.3252848560364
24343,1,infantry_grenadiers,776,771.8881819397051
24344,1,infantry_line,427,436.5424304520135
24345,4,cavalry_heavy,1418,1523.8489241984032
24346,2,cavalry_lancers,1122,1104.3408470545608
24347,3,cavalry_light,584,591.263594280498
24348,4,general,1409,1590.5126711800117
24349,3,general,127,145.88934537683087
24350,1,general,154,215.478239252631
24351,4,general,183,186.6904506490228
24352,2,infantry_line,134,183.28511135907212
24354,3,infantry_line,293,290.1550443494073
24355,1,infantry_line,161,198.98857212640954
24356,0,general,37,46.50209946344364
24357,1,infantry_militia,120,150.7579553743718
24358,2,infantry_militia,141,171.90288227170734
24359,1,infantry_militia,138,160.9544488702993
24360,4,infantry_militia,94,128.74783634451813
24362,3,cavalry_light,746,723.0600234509216
24363,0,general,634,624.0351726014046
24364,3,general,197,182.88355309514435
24365,2,general,303,293.35339972084194
24366,0,general,284,282.29847516567736
24367,3,general,554,482.44567455754054
24368,2,general,872,784.4822219245079
24370,4,infantry_line,216,178.13220979536848
24371,0,infantry_line,396,388.2317707704767
24372,1,infantry_line,984,909.8728506081911
24373,0,infantry_line,610,566.2320506404201
24377,1,general,363,358.2242195813959
24378,0,general,747,713.7322009291083
24379,0,general,304,354.9276622670092
24380,0,general,204,217.6032878875152
24381,4,infantry_line,341,320.22032375918945
24383,2,infantry_line,189,180.67224891774626
24386,3,infantry_militia,265,265.2627205673671
24387,0,infantry_skirmishers,258,271.4934323495546
24388,1,general,290,299.3693084409592
24389,2,general,345,343.8324465453159
24390,4,infantry_line,201,187.6682939221912
24393,1,infantry_skirmishers,322,302.53733867457964
24394,1,general,197,194.2623568434141
24395,4,infantry_line,304,295.12752589196293
24397,0,infantry_line,507,492.1662671344745
24400,2,cavalry_heavy,768,902.9894222087387
24401,1,cavalry_heavy,1017,1068.7959207717454
24402,1,cavalry_heavy,749,838.784551807226
24403,1,general,780,903.5085780014829
24404,3,general,879,977.2975077730131
24405,3,cavalry_light,948,933.58314645003
24406,3,cavalry_light,415,452.6389223591414
24408,3,artillery_horse,918,987.5726285464459
24409,1,artillery_foot,671,561.9387702335099
24410,0,artillery_foot,1020,882.9550579204003
24411,2,artillery_foot,452,469.06086015655313
24412,3,artillery_foot,223,263.29740086859823
24415,2,artillery_foot,656,662.452848309727
24416,1,general,742,645.3759615585175
24417,3,general,1040,919.393598883323
24418,3,artillery_horse,918,987.5726285464459
24421,0,artillery_foot,768,668.4996022118294
24422,3,artillery_foot,664,593.8350325596646
24423,3,artillery_foot,664,593.8350325596646
24427,1,artillery_foot,781,762.2493325018452
24428,1,artillery_horse,580,570.072294969627
24429,3,artillery_horse,918,987.5726285464459
24430,4,artillery_horse,952,951.24892349094
24432,1,general,358,350.7401646716156
24436,3,artillery_foot,719,714.7528148691359
24437,2,general,229,237.2927987974304
24438,4,general,394,410.91444136480584
24439,4,general,235,235.93494458065632
24440,0,general,283,292.13433935837804
24441,0,general,245,235.85725447511425
24442,0,general,382,380.85536991288717
24443,1,general,279,294.46369825277736
24445,2,general,870,940.5647317784532
24446,2,general,474,475.2932357103603
24447,2,general,375,382.8996002470356
24448,4,general,410,407.4545738197526
24449,3,infantry_light,506,539.8066960029473
24450,0,infantry_light,366,316.747154538186
24451,2,infantry_light,373,371.1252629540377
24452,1,infantry_light,387,398.7689880756912
24453,1,infantry_light,484,498.3858424333528
24454,1,infantry_light,412,431.9354237322131
24455,2,infantry_line,332,344.7315500732094
24456,4,infantry_line,296,300.7064527496948
24458,0,infantry_line,280,286.60835559740394
24460,3,infantry_line,340,353.6259496796485
24463,2,infantry_line,350,346.533598937922
24464,4,infantry_line,407,390.5709660909197
24465,3,infantry_line,335,331.5812298493225
24466,3,infantry_line,792,879.0968462064826
24468,0,infantry_skirmishers,322,306.059650450213
24469,3,artillery_foot,459,456.58684038046675
24470,1,general,388,393.9997982794
24471,4,general,539,545.9378830446528
24472,1,general,363,354.6927863366061
24473,3,general,247,242.49667769617346
24475,1,general,273,279.96009765987907
24476,1,general,367,389.07717651647425
24477,3,general,597,590.0997964764873
24478,0,infantry_light,489,472.3702461775491
24479,1,infantry_light,383,390.52401447804124
24480,1,infantry_light,488,441.35494887300615
24481,1,infantry_light,515,524.6461971279198
24483,1,infantry_line,386,371.4900382164556
24488,0,infantry_line,310,313.26244966375
24489,2,infantry_line,381,389.941272797796
24490,2,infantry_line,382,403.2385732448218
24491,1,artillery_foot,885,861.9016758919884
24493,0,general,497,492.9640181982327
24494,3,general,130,131.0465903283067
24495,2,general,513,441.6975007149894
24497,4,infantry_grenadiers,565,510.72277631617
24499,3,infantry_light,295,301.5231178823952
24500,4,infantry_line,263,268.46418024872736
24501,1,infantry_line,357,354.5262221432965
24502,1,infantry_line,236,232.53858457947712
24504,3,infantry_line,198,207.79565117890212
24505,4,infantry_line,465,464.7792831390076
24506,3,general,181,185.9924935529465
24507,2,general,342,328.9306156413232
24509,4,general,567,540.4190202651532
24510,3,general,372,342.6543313871138
24511,0,general,488,474.5043278964945
24512,1,infantry_light,472,448.9764026020021
24513,3,infantry_light,450,447.3270039312428
24514,3,infantry_light,460,487.4772736446866
24515,1,infantry_light,626,621.8430680731398
24516,0,infantry_line,252,251.16708095256422
24517,3,infantry_line,235,242.62448702544035
24518,4,infantry_line,326,278.26054905021994
24519,3,infantry_line,430,387.36539372271295
24520,3,infantry_skirmishers,322,303.3079907160879
24521,1,artillery_horse,1964,2060.4042108302006
24522,2,cavalry_lancers,454,429.7661185027497
24523,4,cavalry_light,922,843.7790528998362
24524,4,cavalry_light,515,500.82927523098493
24525,1,cavalry_light,564,509.1275623634305
24526,4,cavalry_light,1137,1053.4120145603342
24527,0,general,1063,1000.3461655098445
24528,0,general,952,888.5295151650663
24529,3,general,330,307.55136588337564
24530,0,general,424,370.89269530612296
24531,2,general,420,406.8133891147731
24532,0,artillery_foot,586,592.0383965812947
24533,3,general,354,329.4938954380165
24534,4,general,114,109.16672503373334
24535,4,general,305,321.9421086518822
24536,3,general,248,274.276212367528
24537,2,general,357,325.2742441408603
24538,3,general,400,420.0933160108236
24539,3,general,154,157.93774084959125
24541,2,general,173,155.68401441925846
24543,2,general,1033,959.8543679048994
24544,0,general,728,722.5785958568906
24545,2,general,725,739.0793461877131
24546,0,general,165,157.76913702228885
24547,1,general,749,713.0960102052148
24548,3,infantry_light,414,394.33282457000837
24549,2,infantry_light,276,297.19003578507375
24550,3,infantry_light,226,222.09708990240867
24551,0,infantry_light,466,482.1688262439689
24552,2,infantry_light,680,700.694185913105
24553,4,infantry_line,260,285.4789382960266
24555,2,infantry_line,247,243.20767204347754
24556,3,infantry_line,280,264.22515856362173
24557,0,infantry_line,239,264.60421746168294
24559,1,infantry_line,361,395.01966541161164
24560,0,infantry_line,221,224.80146464045734
24561,1,infantry_line,636,644.9923584880557
24563,4,infantry_line,648,651.2446514484
24565,0,infantry_line,520,517.3321209643215
24567,0,general,378,343.29267089174215
24568,4,general,298,286.4604459615291
24569,1,general,299,319.6728899746082
24570,1,general,157,192.7258936797266
24572,3,general,921,872.9907234584781
24573,4,general,246,242.89432561610366
24574,2,general,621,602.115338549585
24577,0,infantry_grenadiers,611,597.0614437581974
24578,3,infantry_light,371,350.93724321571625
24579,4,infantry_light,545,541.4506628121742
24580,4,infantry_line,355,352.550770739716
24581,1,infantry_line,274,261.49326330277876
24582,3,infantry_line,252,292.5380295573382
24583,1,infantry_line,348,382.36155418191504
24585,0,infantry_line,237,228.36369134074963
24588,3,artillery_foot,1626,1590.7487124681732
24589,1,artillery_foot,1210,1236.9173697160238
24590,1,artillery_foot,1023,1095.786955127686
24591,2,artillery_foot,890,859.0124158833116
24592,0,general,1117,1185.3541483824692
24593,1,general,1674,1642.1061427762418
24594,3,infantry_grenadiers,827,864.7143753488515
24596,0,artillery_horse,1726,1678.3616149704799
24597,0,artillery_horse,1726,1678.3616149704799
24598,1,cavalry_standard,885,817.976204635532
24599,4,cavalry_standard,909,932.866639168383
24600,2,cavalry_standard,1016,1025.1988355916642
24601,1,cavalry_standard,610,582.3872449747042
24603,3,cavalry_standard,603,609.2933018867124
24604,0,cavalry_standard,730,700.5993923701265
24605,4,general,569,546.9442538777593
24606,2,general,734,744.3031266240221
24607,0,general,251,255.3915593687832
24608,1,general,1091,1063.1970063907906
24609,2,general,507,479.2972874352238
24610,2,general,448,428.5631870719693
24612,4,general,495,481.68509277959294
24613,0,general,1011,996.6602116087691
24614,0,general,470,493.950871550867
24615,0,general,357,344.996982857716
24616,4,general,448,479.16004378525395
24617,2,infantry_grenadiers,364,363.58137841586984
24619,0,infantry_grenadiers,512,482.4400562891142
24620,4,infantry_grenadiers,408,416.093951431704
24621,0,infantry_grenadiers,426,410.2316243148835
24622,3,infantry_grenadiers,468,490.08197861503555
24623,0,artillery_horse,1726,1678.3616149704799
24626,2,cavalry_light,719,642.688596828569
24627,4,cavalry_light,811,717.1440017409407
24628,3,cavalry_light,699,611.8112241084499
24629,2,cavalry_light,725,642.6359574092329
24630,3,general,615,570.4185244737461
24632,0,general,431,383.0079123562931
24633,1,general,738,638.6907404183057
24635,0,general,343,316.29617329682384
24636,3,general,662,550.5890487556003
24637,1,general,505,475.0462752192205
24638,1,general,611,523.9114940680399
24639,1,general,434,424.85486521859207
24640,0,general,719,653.9138775035467
24641,4,general,498,549.200419453224
24643,0,infantry_grenadiers,388,334.51029096046307
24644,4,infantry_grenadiers,616,601.9917543295822
24645,1,infantry_grenadiers,396,363.3384976190168
24647,0,infantry_grenadiers,501,524.062157508662
24648,4,infantry_grenadiers,670,750.4735288695703
24649,0,cavalry_lancers,428,452.53473193000934
24650,0,cavalry_lancers,521,528.8178949980002
24653,2,cavalry_lancers,810,815.1086628315318
24654,3,cavalry_lancers,714,699.4569417195167
24655,4,cavalry_lancers,365,371.95493629435896
24656,1,cavalry_light,1245,1161.435862864297
24657,0,cavalry_light,510,472.38882826533643
24658,0,cavalry_light,1506,1405.4244304806625
24659,4,general,549,553.6361841222537
24661,0,general,430,429.75067251282184
24662,1,general,467,423.76669055336635
24663,3,general,883,915.9008326738506
24664,4,general,1091,1001.2893753459502
24665,2,general,1513,1417.7768213081063
24666,0,infantry_light,346,310.7907633925113
24667,2,cavalry_light,359,332.9953544574731
24668,4,general,323,308.7271456270634
24669,1,artillery_foot,959,870.2151417617982
24670,4,artillery_horse,1804,1801.692723632821
24671,3,cavalry_lancers,518,527.6627969607945
24673,2,general,302,277.4657549062949
24674,4,general,535,556.6742202822027
24675,4,general,121,111.24369083165891
24676,1,general,563,548.8368230236978
24678,0,general,106,100.348596425046
24679,1,general,494,501.75665631454956
24680,2,general,979,960.9527166783841
24682,0,general,926,904.1111295954664
24683,3,infantry_grenadiers,1110,1100.273887877928
24684,4,infantry_grenadiers,962,971.0611464080393
24685,3,infantry_light,363,354.44532734330204
24687,4,infantry_line,224,211.41768679087224
24688,0,infantry_line,202,203.95043406792095
24689,0,infantry_line,208,200.92912461477053
24691,3,infantry_skirmishers,300,339.0615956470262
24693,2,cavalry_lancers,755,734.9507055083403
24696,0,cavalry_lancers,522,529.8167202596467
24697,3,cavalry_lancers,451,490.6318877464373
24698,1,general,448,473.20653525632446
24699,0,general,135,125.41448322747281
24700,0,general,637,655.327780375599
24701,1,general,201,198.34667040725216
24702,2,general,349,375.4685419618717
24703,1,general,215,198.53939809160732
24705,1,general,738,762.9631236000466
24706,1,infantry_light,269,268.8960394898601
24707,1,infantry_light,334,321.3619322877149
24708,2,infantry_line,214,189.37608812258372
24709,4,infantry_line,323,300.2923507024433
24710,4,infantry_line,226,211.51365501599884
24711,2,infantry_line,797,820.022819029459
24712,3,infantry_line,253,235.81764078569176
24713,4,artillery_horse,1329,1319.900731777759
24714,0,cavalry_heavy,1801,1913.1396406519539
24715,4,cavalry_lancers,408,442.10535563073887
24716,4,cavalry_lancers,670,648.9816814614761
24717,3,cavalry_light,1694,1647.7622179802463
24720,3,general,362,349.8822379725038
24721,2,general,1704,1735.4171847668472
24722,4,general,371,275.4975684097
24723,3,general,558,548.2629650186194
24724,4,general,193,200.0238042194548
24725,2,general,454,406.0915187650366
24727,0,infantry_light,443,404.88266732034435
24730,0,infantry_line,246,235.37812887818916
24731,3,infantry_line,363,336.60446070082804
24733,2,cavalry_lancers,603,653.4938320615948
24735,2,general,426,431.7072381868127
24736,0,artillery_horse,1726,1678.3616149704799
24737,2,cavalry_lancers,807,814.862629208742
24738,2,cavalry_lancers,451,489.3590416161245
24739,2,cavalry_lancers,700,710.9567004715891
24740,4,cavalry_lancers,575,557.2678103786752
24741,1,cavalry_lancers,562,559.5489430951473
24742,1,general,405,454.3608600561499
24743,1,general,508,538.8242305872449
24744,1,general,466,478.0999438485464
24746,1,general,703,729.3774247353881
24747,2,cavalry_heavy,2174,2129.2981736427664
24748,1,cavalry_heavy,2105,2181.249258271481
24751,0,general,943,1031.5992973231969
24752,3,general,1112,1257.3274147277273
24753,0,general,2091,2100.1872003286635
24754,1,general,1954,1951.9479736004694
24755,1,general,172,158.93028892125952
24756,3,general,219,217.42640689910098
24757,2,general,203,205.87582512422588
24758,2,infantry_light,244,237.9062959698415
24761,4,infantry_line,227,221.17832186625756
24764,3,cavalry_heavy,1076,1251.6268910573572
24765,3,cavalry_heavy,675,874.0346480193255
24766,0,cavalry_heavy,1213,1345.8756359778554
24768,4,general,386,398.76761725617365
24769,3,general,933,1097.2130334609424
24770,4,general,1209,1305.9246243688958
24771,2,general,1013,1146.1236957502836
24772,3,general,653,859.8493546036166
24774,4,general,507,492.02614597395
24776,3,infantry_light,772,847.0613777098596
24777,3,infantry_line,262,296.7979680652137
24778,2,infantry_line,344,381.99568459127465
24779,0,infantry_line,553,553.2690294923808
24784,0,general,1050,1094.14936960255
24785,1,general,1346,1382.5645378356005
24788,1,general,344,362.59218554476763
24789,4,general,698,639.984388214968
24790,1,general,222,221.49376658029905
24791,3,infantry_light,328,313.889173734475
24792,3,infantry_light,275,266.8480493085766
24793,1,infantry_line,354,346.0840917467344
24794,2,infantry_line,329,367.57214774967446
24795,1,infantry_line,299,282.8174387627634
24796,4,artillery_horse,1357,1351.1139203365562
24797,3,cavalry_lancers,858,975.1682420501187
24798,2,cavalry_lancers,800,860.3892887157658
24800,1,cavalry_standard,1123,1011.5448432117935
24801,2,general,934,849.0317226157821
24802,1,general,797,860.8164808967279
24803,4,general,1071,1006.7635378073921
24805,3,general,856,957.9021011663514
24806,0,artillery_horse,1726,1678.3616149704799
24807,4,cavalry_lancers,655,630.3254107437103
24808,1,cavalry_lancers,565,576.6801916830261
24810,2,cavalry_lancers,558,571.8975597749375
24812,0,cavalry_standard,601,535.4638703232604
24814,0,cavalry_standard,425,430.81515175102106
24815,1,cavalry_standard,906,923.1251580768758
24816,2,cavalry_standard,462,450.19082763602177
24817,4,general,962,941.5819991543212
24819,3,general,614,533.1296936953474
24822,4,general,664,689.5941204862969
24823,0,artillery_horse,549,542.5802823121976
24824,2,cavalry_lancers,1213,1079.7519462724767
24827,0,cavalry_lancers,738,743.3576305848886
24828,2,cavalry_light,271,266.80005848927135
24829,0,cavalry_light,334,331.35736810175916
24830,0,cavalry_light,466,409.48395008742426
24831,1,cavalry_light,414,420.5427180752266
24832,1,cavalry_light,662,586.6064188189351
24834,2,general,605,554.6671436906635
24835,1,general,327,331.4410090913101
24836,3,general,597,607.5773649621722
24837,2,general,628,619.8919010865297
24838,1,general,289,303.82635062788773
24839,4,general,1065,1052.411534034457
24840,4,general,302,281.3983941572453
24841,0,artillery_horse,549,542.5802823121976
24842,0,cavalry_lancers,428,452.53473193000934
24843,0,cavalry_lancers,428,452.53473193000934
24844,0,cavalry_lancers,428,452.53473193000934
24845,3,general,333,360.51664507335255
24846,4,general,439,478.5565795500814
24847,3,general,528,533.186049041636
24848,2,cavalry_lancers,451,489.3590416161245
24849,3,cavalry_lancers,389,427.4289757799848
24850,4,cavalry_lancers,407,447.72559726328194
24851,1,cavalry_lancers,368,411.3436806539162
24852,1,general,256,295.54024329853354
24853,1,general,231,291.0372153634934
24854,4,general,318,360.0206660887213
24855,1,artillery_foot,725,676.0173087215734
24856,3,artillery_foot,534,569.6381719033045
24857,4,artillery_foot,1591,1564.9680983782473
24858,1,artillery_foot,1023,1095.786955127686
24859,3,artillery_foot,1129,1130.0495722727794
24860,1,artillery_foot,1023,1095.786955127686
24861,1,artillery_foot,1023,1095.786955127686
24862,1,artillery_foot,1023,1095.786955127686
24863,2,artillery_foot,890,859.0124158833116
24864,4,artillery_foot,674,680.159456297874
24865,2,artillery_foot,886,888.5552256050732
24867,1,artillery_horse,1201,1229.0940434326565
24868,1,general,182,181.21122813067032
24869,4,general,182,181.79539287202027
24870,4,general,913,923.1868737975642
24871,3,general,695,663.9338938274578
24872,2,general,69,68.90996780298092
24873,1,general,656,652.2099151925639
24874,2,general,1013,991.2407363805285
24876,3,cavalry_heavy,2526,2626.434344965373
24877,4,cavalry_lancers,648,789.0238454396238
24879,1,cavalry_light,519,544.2365353596696
24880,2,cavalry_light,1321,1247.1723304776103
24882,0,general,2205,2153.0132894139347
24883,3,general,649,720.2449803986722
24884,4,artillery_horse,665,731.8901832239527
24885,0,artillery_horse,118,173.79643084990758
24886,1,cavalry_standard,765,776.9797748921904
24887,1,general,614,559.6045814545328
24888,3,cavalry_lancers,641,802.9649312620929
24889,1,cavalry_lancers,862,1039.9559302709085
24893,0,cavalry_standard,1499,1424.7184848273464
24894,3,general,897,819.0746573424856
24895,1,general,1415,1310.0835364757204
24896,4,general,1000,1235.638267611852
24897,2,general,1482,1713.5064557140367
24898,0,artillery_foot,1347,1296.1976506436893
24899,2,cavalry_light,717,695.776978252143
24900,0,cavalry_light,828,788.3085502264466
24901,0,cavalry_standard,1161,1062.603538761542
24902,2,general,1368,1332.5938129917477
24903,2,general,1179,1086.5979018611108
24904,3,general,656,598.9877104228112
24905,0,general,612,563.0440411808986
24906,4,general,964,1072.0280822829438
24908,1,artillery_foot,448,450.3315761768241
24909,4,cavalry_lancers,672,820.8386284609268
24910,0,cavalry_lancers,560,633.4769221624573
24911,4,general,708,922.0084187784112
24912,1,general,382,325.4830495301988
24913,3,general,299,273.20372174976933
24914,4,infantry_line,362,370.41717115553587
24915,2,infantry_line,486,479.70188916623664
24916,2,general,1179,1157.3822121576236
24918,1,artillery_foot,1116,1142.3319439903405
24919,4,artillery_foot,1084,1034.9048509500412
24920,3,general,360,325.51571079140365
24922,2,general,305,358.41543718736517
24924,2,general,997,932.5957936058225
24925,0,general,918,860.9380541942181
24926,3,infantry_light,418,507.50042722939355
24927,0,infantry_line,823,798.6673408691317
24929,0,infantry_line,428,412.982265245053
24930,4,infantry_line,493,488.8490363415989
24931,4,infantry_skirmishers,272,272.0699618313137
24932,1,general,835,720.2723219920359
24933,1,general,431,365.70631695411214
24934,0,general,912,947.6429911793675
24935,2,infantry_light,685,796.0535831308786
24938,1,infantry_line,543,523.3836165454235
24939,3,general,400,380.73936501268315
24941,2,artillery_foot,879,839.0690025464606
24942,0,general,713,688.1905408602951
24943,3,general,422,375.9384409530716
24944,0,general,635,569.5862397534416
24945,3,general,619,552.0405791309585
24948,1,general,1222,1396.2820906635234
24950,3,infantry_line,555,558.2013939487044
24951,4,infantry_line,524,520.036716323971
24953,0,infantry_line,571,531.9595855052489
24954,3,infantry_line,475,484.0622737646101
24955,2,general,295,297.17144532499066
24956,4,general,519,505.34747893800613
24957,1,general,282,250.08308491948765
24958,0,general,324,311.4950229846379
24960,0,infantry_line,451,463.1691119217721
24961,3,infantry_line,336,382.18120816638105
24962,4,infantry_line,382,401.495150366637
24963,3,general,248,283.8521843025866
24964,0,general,290,342.3018797151168
24966,1,infantry_light,402,511.1686005318574
24967,4,infantry_light,268,328.629927963503
24969,4,infantry_skirmishers,272,272.0699618313137
24970,2,infantry_skirmishers,400,351.19751045759995
24971,3,general,228,227.45479734134946
24973,4,general,401,402.4903960172491
24974,4,cavalry_heavy,1388,1377.3077555971515
24976,0,cavalry_standard,901,874.4489993751736
24977,4,general,920,879.1119631750092
24978,1,general,398,335.7963136338732
24981,3,general,329,692.2351502587252
24982,4,general,236,260.50616506435256
24983,3,general,1305,1282.776121713739
24984,3,general,419,379.3969204701331
24985,1,general,1417,1382.611183579705
24986,1,general,1065,1039.9632674792304
24987,1,general,568,520.6641931063707
24988,1,infantry_grenadiers,1456,1439.186405894345
24989,3,infantry_light,523,534.9429126035498
24990,0,infantry_light,542,538.0561666812982
24991,0,infantry_light,301,366.0333787816973
24992,3,infantry_line,440,416.67790957925
24993,1,infantry_line,964,970.0004846134545
24994,0,infantry_line,617,609.0727565014821
24995,0,infantry_skirmishers,309,327.7180887059097
24996,1,artillery_horse,1156,1207.103180727767
24997,3,cavalry_heavy,1383,1306.7243708302688
24998,4,cavalry_lancers,525,914.9140273025264
24999,1,cavalry_light,871,810.6839189377885
25000,4,general,205,187.53451453186858
25001,2,general,197,198.18786385762238
25002,0,general,369,374.58352221627507
25005,0,general,1113,1092.8473824289804
25006,1,general,590,522.8797612152227
25007,1,general,468,425.6256432483439
25008,2,general,419,737.3135160946971
25009,2,general,627,615.407861017373
25011,4,general,383,446.66290737933895
25014,0,infantry_line,401,387.4649934015131
25016,1,infantry_line,311,327.94523710849495
25017,1,infantry_line,498,595.7905412958987
25018,4,infantry_line,344,338.4865560090776
25019,4,artillery_foot,370,328.9057876605379
25020,2,cavalry_lancers,401,800.9766819068448
25021,2,cavalry_light,501,513.3462361458786
25022,3,general,246,276.2041062758403
25023,2,general,288,666.6846239284098
25024,0,general,535,535.7767804324272
25026,0,general,78,40.940622207317695
25027,0,general,86,50.228221075764374
25028,4,general,189,169.03164018412383
25032,0,infantry_line,159,158.63207734628148
25033,2,infantry_line,158,136.9427987141505
25034,4,infantry_line,522,514.7494618960757
25035,1,cavalry_heavy,1023,1124.737336086153
25036,1,cavalry_standard,716,657.4608075109187
25037,1,general,567,448.9449395843254
25038,3,general,530,467.8345486659089
25039,4,general,829,871.7781989163724
25040,4,general,285,260.890972462792
25041,4,general,794,776.9187410686037
25042,3,general,874,862.1838637771541
25043,4,infantry_grenadiers,745,747.6945706220854
25044,3,infantry_line,380,399.4188941115308
25046,4,artillery_foot,483,537.5743743835357
25049,1,cavalry_light,823,820.7131186490484
25050,4,cavalry_light,544,570.7726550551113
25052,4,general,147,126.01502863719205
25053,2,general,404,419.7785825118432
25054,1,general,337,286.7729888766006
25055,4,general,516,525.3091863290274
25056,2,general,671,618.0347964719939
25057,3,general,373,342.3499955464112
25058,3,general,333,624.9605207827004
25059,0,general,477,427.9770505472377
25061,0,general,199,192.57536358723402
25062,2,general,686,575.1470897869648
25063,1,infantry_light,593,611.2816088338616
25065,1,infantry_line,211,217.71005018672423
25066,2,infantry_line,797,720.9015256513054
25067,2,infantry_line,224,228.23438146173822
25069,0,cavalry_lancers,1485,1819.7858311803013
25070,0,cavalry_lancers,1333,1722.065401848445
25071,4,cavalry_lancers,1103,1377.3722586224517
25073,3,cavalry_light,1306,1296.7844363846566
25075,0,general,637,590.1951488120399
25076,2,general,29,1.0
25077,1,general,1062,1299.407212777561
25078,1,general,1140,1072.3094867497198
25079,2,general,1337,1318.8621779933533
25080,0,general,1381,1736.9094624328422
25081,2,general,187,181.44790558167034
25082,4,general,103,84.23436416634843
25083,1,general,485,449.92773181671765
25084,3,general,1639,1777.64982981938
25085,1,infantry_line,282,316.80943226343607
25086,1,infantry_line,422,446.14880445560146
25087,3,infantry_line,136,127.2789417590252
25089,2,cavalry_heavy,1092,1097.4010129319165
25090,1,general,909,841.5365398464713
25091,3,artillery_foot,339,364.1429677217143
25092,0,artillery_horse,728,716.5721951055198
25093,1,cavalry_standard,697,646.39025072258
25094,2,cavalry_standard,712,651.2838396233124
25095,2,general,577,548.7005619073653
25097,2,general,603,516.3852826777135
25098,3,general,465,461.4975856653188
25099,1,general,724,609.6612085377601
25100,4,infantry_grenadiers,405,329.6955297752305
25101,0,infantry_light,570,623.1425027552104
25102,0,infantry_line,205,232.18461176811178
25104,4,cavalry_lancers,481,850.513676777004
25105,1,cavalry_lancers,361,621.0858229368918
25106,4,cavalry_light,643,670.8134092153425
25108,2,general,219,430.68524940449214
25111,1,general,705,692.380014350617
25113,2,general,152,124.97315787653365
25114,4,general,202,174.3296533545576
25115,1,infantry_line,216,209.13180633066756
25116,1,infantry_line,255,263.9757245240951
25118,3,artillery_foot,987,1020.6758695301208
25119,3,general,59,20.586483485570298
25120,1,general,559,532.2443735784129
25121,1,general,281,253.9050494342557
25122,2,infantry_line,160,155.18576856995733
25123,3,infantry_line,460,462.0549241877834
25126,1,cavalry_standard,721,726.2561926696638
25127,2,cavalry_standard,848,799.89011484695
25128,3,general,223,212.7741103381012
25129,3,general,298,264.75438331768333
25130,1,general,684,637.063800108558
25132,2,general,741,683.6088382938459
25133,1,infantry_grenadiers,687,666.4590038577809
25136,0,cavalry_heavy,1514,1530.8210499955178
25137,2,cavalry_heavy,2247,2263.4838871803745
25139,0,cavalry_heavy,1835,1850.6127798364296
25140,0,cavalry_light,747,746.3216543496678
25141,1,cavalry_standard,705,649.3885767269886
25143,2,general,294,265.2306649702541
25144,1,general,614,568.8638444772577
25148,3,general,521,448.21326283983745
25149,4,artillery_foot,996,994.765749493627
25150,3,general,215,212.3775868217164
25151,4,general,207,236.79179418480754
25152,0,general,365,336.76225390542226
25154,4,infantry_line,278,298.8866966726442
25155,2,infantry_line,426,440.5298411882406
25156,0,cavalry_light,541,549.1477182629809
25158,1,artillery_foot,730,662.8902259713915
25159,4,artillery_foot,926,797.3529286441828
25161,1,artillery_foot,464,451.0672874782106
25163,2,general,731,684.7213517698906
25164,2,general,731,622.7282959135597
25165,2,general,329,273.2717123842492
25166,1,general,1043,1001.9896570522186
25167,4,general,1,1.0
25168,1,general,820,818.5709085839591
25170,1,infantry_skirmishers,160,178.6975123296747
25171,2,cavalry_light,733,766.8104887806256
25172,0,general,306,287.2875409470534
25173,4,general,401,381.75634223152355
25175,3,general,570,582.9293492143823
25176,4,general,179,207.20468841287857
25177,2,general,246,228.11559104356098
25178,3,general,276,307.97179741914624
25179,3,infantry_line,368,362.8866467934158
25180,3,infantry_line,238,220.9379851791824
25181,3,infantry_line,375,317.13113287980093
25183,0,infantry_line,308,325.70851281398
25185,1,infantry_line,383,409.3484805053871
25186,4,infantry_militia,310,323.60783051996094
25187,4,artillery_foot,385,498.5076818530509
25188,4,cavalry_light,399,410.2403666568482
25189,0,cavalry_light,521,554.4654051656343
25190,1,cavalry_standard,860,849.5909810338032
25191,4,general,207,218.1524522228927
25194,3,general,61,109.5410518903239
25196,4,infantry_grenadiers,1239,918.7096931304908
25197,4,infantry_line,173,200.53855478281844
25198,1,infantry_line,164,187.5516607675114
25199,2,infantry_line,310,319.44285268472424
25200,4,infantry_line,386,381.5853827259009
25201,0,infantry_line,269,282.86164260438454
25202,2,infantry_line,256,314.83637467658053
25204,3,artillery_foot,311,277.27629424602225
25205,0,general,343,362.8211036159
25207,3,infantry_grenadiers,359,318.16753284284005
25209,3,infantry_line,338,332.9453366411512
25210,0,infantry_line,210,261.349846339051
25211,1,infantry_line,635,651.2286498795269
25212,1,infantry_skirmishers,334,304.1040570600186
25213,2,general,1362,1170.3336266627311
25215,1,infantry_grenadiers,581,541.4103195959619
25217,3,infantry_grenadiers,1406,1175.3451894993402
25218,2,general,427,572.6856043460837
25220,3,general,936,983.3700769534727
25222,2,general,415,447.4495034811263
25224,2,infantry_line,473,468.2518810001655
25225,0,infantry_line,462,565.5098826503776
25227,0,infantry_line,851,883.3292521032567
25228,1,infantry_militia,498,568.0734298375459
25229,0,infantry_militia,236,360.65634678279656
25230,0,infantry_militia,261,366.26921428517346
25231,2,infantry_militia,233,353.8868774734783
25232,0,infantry_militia,520,666.6989905516989
25233,2,infantry_militia,261,319.6935729890725
25234,3,infantry_militia,447,495.2241875169061
25235,4,infantry_skirmishers,420,512.2227817872752
25237,3,cavalry_light,378,415.6974633965607
25238,1,general,1662,1719.7656813783533
25239,3,general,304,375.23617265429215
25240,3,general,549,636.3426049520381
25241,2,general,543,496.46754564532574
25242,1,general,634,502.3415776145056
25243,1,general,145,258.65801936410384
25244,1,infantry_light,181,122.59771841898171
25245,0,infantry_light,493,416.7301116645011
25248,4,infantry_militia,614,734.4841644702768
25249,3,infantry_militia,562,570.3479818590405
25250,2,infantry_militia,227,342.54895923491904
25251,3,infantry_militia,615,522.4160843919029
25252,0,infantry_skirmishers,177,257.74935512737994
25253,2,cavalry_light,461,519.2222615007149
25254,2,cavalry_light,459,507.2895926308886
25255,1,cavalry_standard,485,443.48926235959243
25256,0,general,1364,1312.5463587863123
25258,0,general,134,193.384662784163
25259,4,infantry_line,226,236.37130486565053
25261,2,infantry_line,1130,1094.2476376926843
25262,2,artillery_horse,184,278.79481995902546
25263,0,cavalry_light,423,450.0201073202123
25264,4,cavalry_light,727,783.2209556683114
25266,2,general,596,646.758580295303
25267,0,infantry_light,428,364.5737696892275
25268,4,artillery_foot,377,348.31361574399637
25271,2,artillery_foot,292,251.46794879570842
25273,0,cavalry_standard,496,476.97747101697865
25274,1,general,318,331.3491656385357
25275,2,general,311,286.90761412682053
25276,0,infantry_militia,482,491.7182312563002
25278,1,infantry_skirmishers,345,334.55274540541654
25279,0,cavalry_standard,732,635.2551954139997
25280,0,cavalry_standard,430,426.4528584358762
25282,3,infantry_skirmishers,327,342.093896755333
25284,2,infantry_light,261,250.62272505535097
25285,0,infantry_militia,212,287.30081844495555
25287,3,cavalry_light,900,840.4899165842949
25288,3,cavalry_standard,923,861.074439563573
25289,4,cavalry_light,322,339.6678178415503
25290,4,infantry_militia,376,396.2682790327483
25292,4,infantry_militia,109,148.61591018839636
25293,0,infantry_militia,126,190.789221445192
25294,0,infantry_militia,194,294.68583706460896
25296,1,general,462,480.20234497628854
25297,0,general,1257,1053.3682995380989
25299,4,infantry_grenadiers,1409,1166.8143905305192
25300,0,artillery_foot,633,635.7069789390796
25301,2,artillery_foot,446,438.8825498411724
25302,3,general,228,227.3679832247482
25303,4,general,323,313.3427408517817
25304,1,general,820,819.7452931352182
25307,3,general,228,227.3679832247482
25308,0,general,401,401.6177107061717
25309,4,infantry_grenadiers,332,181.80811498013583
25310,4,infantry_grenadiers,525,352.13029754480164
25312,4,infantry_skirmishers,721,414.30474187594086
25313,4,general,258,297.9283981183361
25315,0,general,1093,1150.8819458581597
25316,2,general,555,582.896632310944
25318,0,general,1062,920.7134340234123
25319,1,general,503,413.2815217962231
25320,3,general,574,491.6853162361202
25321,0,infantry_grenadiers,670,748.114562626787
25322,4,infantry_grenadiers,1146,1249.1467844592878
25323,0,infantry_light,573,571.6080303097024
25324,0,infantry_light,1206,1083.071581570302
25325,1,infantry_light,946,878.3701492917185
25326,2,infantry_line,283,346.6859878520493
25327,4,infantry_line,631,539.8354840032109
25328,2,infantry_skirmishers,303,301.46271148600596
25329,4,artillery_foot,485,565.3319606857176
25330,0,general,233,217.07065114058216
25331,1,general,404,462.16572438375783
25332,2,general,640,670.387061792329
25333,1,general,1067,1107.8713111466873
25334,3,general,841,841.9721271830304
25336,0,general,562,535.1124836946959
25337,0,infantry_grenadiers,802,825.551504005364
25338,0,infantry_grenadiers,367,385.6332447394643
25340,1,infantry_line,349,332.6900767365521
25341,4,infantry_line,723,733.4370909910373
25342,4,infantry_line,683,671.4822269674519
25343,1,infantry_line,963,986.7357395065982
25344,1,artillery_foot,530,468.9130982160157
25345,1,artillery_foot,680,663.8719575968358
25346,0,general,394,319.74858671779833
25347,0,infantry_grenadiers,808,763.8946031428236
25348,1,cavalry_heavy,2498,2481.126154065054
25349,4,cavalry_lancers,1601,1672.179766066152
25350,1,general,2654,2636.175127268118
25351,4,general,87,66.31218406535717
25352,1,general,676,624.9344643448999
25353,0,general,247,196.46591549265813
25354,0,general,1439,1459.9256675644685
25355,4,general,445,453.6483005915895
25357,4,general,520,504.18328910846475
25358,4,infantry_grenadiers,870,924.6927255620054
25359,3,infantry_light,630,554.1628160154376
25360,2,infantry_light,344,338.10027007633704
25361,3,infantry_line,206,185.94380716644338
25362,3,infantry_line,585,556.8021013757193
25363,0,artillery_horse,1547,1572.4360205522003
25364,1,cavalry_light,1250,1055.9913251599642
25365,0,cavalry_light,703,683.4683601421162
25366,3,general,87,180.71125213271114
25367,0,general,228,226.17338275977582
25368,3,general,49,104.71916339122662
25369,3,general,19,47.51453560079095
25370,0,general,599,561.7920045496114
25372,1,general,170,207.7299804940967
25373,1,general,186,177.29218051178668
25374,3,general,129,248.33128326556798
25376,0,general,1175,1054.161921569322
25377,3,infantry_grenadiers,470,607.0719522872163
25378,4,infantry_line,305,292.4938437913154
25379,3,infantry_line,241,265.4706026572437
25380,4,infantry_line,184,287.58122422432433
25381,0,infantry_line,132,161.86800586529714
25385,3,cavalry_light,661,687.6900069857762
25386,1,cavalry_light,854,845.6335076647233
25387,1,cavalry_light,372,336.26852724835044
25388,0,general,191,202.88752135512593
25389,4,general,523,517.0217273112208
25390,2,general,828,845.8407066077616
25391,1,cavalry_light,607,610.4119769007863
25394,0,general,720,620.8087502420755
25395,2,artillery_horse,1437,1493.6783641988613
25396,2,general,1256,1265.3538784121176
25398,1,general,958,957.0536161384342
25399,3,general,266,265.64301924198116
25400,3,cavalry_lancers,1062,869.2146102655253
25401,3,general,644,618.4921203272746
25402,2,general,325,325.7582275578549
25403,2,general,919,802.1670247350733
25404,3,general,144,147.8330813702946
25406,1,general,241,199.42601614183977
25408,3,infantry_line,287,287.6989964171718
25409,0,infantry_line,318,322.3911170644387
25410,3,infantry_line,189,194.0619298842997
25412,1,infantry_line,336,343.5417330353609
25413,0,infantry_line,756,736.6289082728357
25416,4,cavalry_lancers,910,866.4108574738575
25418,2,general,114,121.76515200203856
25419,2,general,476,527.0044415267253
25421,2,infantry_light,626,672.725071382016
25423,0,infantry_line,360,352.7738753840136
25424,2,infantry_line,326,354.6312348518187
25425,3,cavalry_lancers,1250,1105.699195005167
25426,1,cavalry_lancers,727,755.7118952814849
25428,1,cavalry_lancers,1239,1321.540434292419
25429,1,general,1092,1129.8888736049548
25430,4,artillery_horse,584,617.5225139477277
25431,1,general,460,402.1496202727843
25432,4,general,447,410.4517758173481
25433,2,general,227,214.32434239891666
25434,0,general,487,458.49689211448054
25435,4,general,295,368.0083341859345
25440,4,infantry_line,457,425.26671791660226
25441,4,infantry_line,551,541.3911551158844
25442,1,cavalry_light,524,523.969926254211
25443,2,cavalry_light,1246,1274.6670310294767
25445,3,general,129,172.6855195022854
25446,4,general,559,533.7682039096318
25447,0,general,163,149.33291740935252
25448,4,general,248,248.33199235218535
25449,2,general,1089,1079.4334564982992
25450,2,general,291,353.4206961467916
25451,2,infantry_light,366,446.9177336762036
25452,0,infantry_line,327,309.90948187991205
25454,4,infantry_line,292,287.86163690129337
25455,1,infantry_line,268,266.6098615999698
25456,0,infantry_line,351,316.62392650420253
25457,0,infantry_line,166,183.1043317466508
25459,3,cavalry_standard,452,520.3817144568294
25460,3,cavalry_standard,582,708.6384357953889
25461,1,general,421,521.1312384973377
25462,3,general,405,469.1978025507851
25463,2,general,786,775.0690581740112
25464,2,infantry_grenadiers,699,717.5839300594556
25465,2,infantry_line,504,513.0401375550841
25466,4,infantry_line,293,288.90159208637124
25467,3,cavalry_standard,709,783.7723171096286
25469,3,general,315,352.2065710611026
25470,4,infantry_grenadiers,386,420.32220949650235
25471,2,general,306,307.67564040054765
25473,1,general,634,631.265820475976
25474,2,general,116,138.16130659989972
25475,4,infantry_line,461,448.7946743028612
25476,3,infantry_line,237,258.2927479878108
25477,4,infantry_line,304,305.50558975326953
25478,3,infantry_line,198,211.02899987116373
25479,0,cavalry_lancers,939,864.9554187884711
25481,2,cavalry_lancers,725,623.9659068379917
25482,4,general,398,333.7604487802117
25483,2,general,95,93.25612638046952
25484,1,general,76,117.29603752719979
25485,3,general,781,743.5904338376967
25486,1,general,175,207.5007651138316
25487,4,general,539,458.71952142763905
25488,1,general,589,485.0455191064865
25489,0,infantry_light,285,340.1930734114713
25490,4,infantry_line,503,459.44319909262697
25491,2,infantry_line,127,145.8010618104097
25492,1,infantry_line,202,210.98412326093526
25493,3,infantry_line,415,403.8305799463795
25495,2,cavalry_light,752,788.3494149482295
25496,1,general,591,607.8238381834346
25498,3,infantry_grenadiers,510,569.8421357626394
25500,3,cavalry_standard,362,455.47226728614686
25501,1,cavalry_standard,433,510.15175711564683
25502,0,cavalry_standard,1129,1149.0488973636093
25503,4,general,985,979.9518336096693
25504,1,general,277,272.595558845536
25505,1,general,378,433.2630992761816
25506,3,general,233,307.51353950788877
25508,1,infantry_line,415,419.0157841626112
25509,3,infantry_line,336,341.60445482078694
25510,0,cavalry_standard,970,933.9601882411083
25511,2,cavalry_standard,1043,1045.6107091877818
25513,1,general,980,946.0093616375049
25514,4,infantry_irregulars,497,421.51506182944513
25516,3,cavalry_standard,618,616.9652804125732
25517,3,general,334,352.49511334971123
25518,1,infantry_grenadiers,436,471.4061485056626
25519,1,cavalry_light,599,662.3023008649379
25520,3,general,488,542.9877292321561
25521,4,general,218,207.0323502479342
25522,2,general,135,136.90968679152695
25524,1,general,281,297.36510039507687
25525,1,general,187,187.62364192904968
25526,4,general,320,301.88819129289516
25528,2,infantry_light,258,290.5854264993138
25529,0,infantry_light,192,219.18764767328778
25530,1,infantry_line,266,285.94469747961847
25532,3,infantry_line,384,379.31919467616217
25533,1,infantry_line,351,360.5319540213262
25534,0,cavalry_standard,444,508.33478556991656
25537,1,general,681,654.9040218309148
25538,1,general,478,464.57432246678337
25539,1,general,527,556.1578423109537
25540,0,infantry_grenadiers,728,709.8137887035931
25541,2,infantry_light,507,562.5111158034422
25542,1,infantry_line,422,409.93890304656406
25543,1,infantry_line,240,246.8120745872154
25544,0,infantry_line,455,454.67208562181474
25545,4,cavalry_lancers,733,709.2568202317537
25546,2,cavalry_lancers,852,828.555631430037
25547,1,cavalry_light,421,436.6572179151929
25548,0,cavalry_heavy,1781,1711.5512365871261
25549,3,general,472,496.1254381013978
25550,1,general,382,402.6772575933142
25551,4,general,1527,1419.958879777269
25552,0,general,283,348.073294679703
25553,4,infantry_grenadiers,481,466.87415938159353
25555,4,infantry_light,301,368.0148502095895
25556,1,cavalry_lancers,749,783.888889424327
25557,3,cavalry_lancers,716,726.7835207215372
25558,1,cavalry_lancers,1001,1012.6265726009669
25560,4,general,833,766.3743605897555
25561,4,infantry_grenadiers,958,918.8062095575045
25562,4,artillery_horse,50,85.53669326188104
25563,2,artillery_foot,800,758.3984492109672
25564,3,artillery_foot,745,742.3697131303662
25565,0,artillery_foot,374,374.99462128199133
25566,3,artillery_foot,401,419.89484089681554
25567,1,artillery_foot,424,333.78129861307565
25568,4,artillery_foot,457,539.3890497006786
25569,1,artillery_foot,887,822.2235766281607
25570,0,artillery_horse,177,166.2113134799967
25571,4,artillery_horse,1785,1970.5820432018813
25572,3,general,199,199.0503673750276
25573,0,general,1798,1852.6653207185827
25574,1,general,428,439.8808517996881
25575,0,general,1150,1150.3437596484043
25576,0,general,351,351.46568167966575
25578,2,infantry_skirmishers,277,268.55977759284747
25579,3,infantry_skirmishers,319,246.7968015407611
25580,3,infantry_skirmishers,347,291.78581622212033
25581,2,artillery_foot,323,255.9034075875956
25582,4,artillery_foot,159,204.26258916179495
25583,1,artillery_foot,208,231.5938319969681
25584,2,artillery_foot,207,196.92293509093352
25586,2,artillery_horse,882,766.6493219080626
25589,2,cavalry_heavy,1168,1301.7564071846627
25590,4,cavalry_heavy,800,761.2877827278925
25591,4,cavalry_heavy,705,684.6940781325291
25592,1,cavalry_lancers,305,342.02587986520274
25593,4,cavalry_light,349,324.59993750598255
25595,3,cavalry_standard,929,816.049907100024
25596,4,cavalry_standard,924,740.8942364882234
25597,3,cavalry_standard,1684,1854.7198790796845
25601,1,general,661,683.9065466386063
25602,4,general,1,1.0
25604,4,general,1,1.0
25606,4,general,865,677.7881410648447
25607,3,general,199,200.34340248716518
25608,4,general,229,192.58307679772062
25609,4,general,1,1.0
25611,4,general,893,883.1683527142449
25614,2,infantry_grenadiers,552,539.926345555323
25615,2,infantry_grenadiers,869,892.130452342155
25616,4,infantry_grenadiers,790,728.8301187303492
25617,3,infantry_grenadiers,790,763.5700852141855
25618,1,infantry_grenadiers,862,838.3446382274265
25619,1,infantry_grenadiers,759,759.9756964611647
25620,1,infantry_grenadiers,1067,1098.543285700855
25621,2,infantry_grenadiers,325,341.8332621882333
25622,4,infantry_light,219,255.4857572614888
25623,1,infantry_light,184,201.3210093318179
25624,2,infantry_light,220,240.2089904908354
25625,1,infantry_light,307,375.4879795231245
25626,1,infantry_light,392,429.5416146437112
25627,1,infantry_light,410,454.07137670622217
25628,0,infantry_light,215,206.73406376897114
25629,1,infantry_light,641,713.8234258963366
25631,3,infantry_line,271,250.8512652786709
25632,1,infantry_line,269,281.4024442657411
25633,4,infantry_line,413,390.89511861971556
25634,2,infantry_line,200,246.04466154387575
25635,4,infantry_line,208,198.15719691400724
25636,0,infantry_line,133,175.86448462074375
25637,2,infantry_line,324,342.23696067014794
25638,2,infantry_line,225,274.2278500864395
25640,2,infantry_line,297,319.2902005788264
25641,0,infantry_line,346,331.40323799976187
25642,3,infantry_line,161,207.82542836462196
25643,0,infantry_line,372,358.7268645446729
25644,2,infantry_line,220,264.2432333571412
25645,0,infantry_line,290,249.63385270644304
25646,2,infantry_line,490,478.80439346549565
25647,4,infantry_line,134,182.5324583476046
25648,2,infantry_line,275,245.56786321223893
25649,0,infantry_line,239,242.46140586718576
25650,0,infantry_line,129,176.5295546496715
25651,0,infantry_line,258,300.72233356867895
25652,2,infantry_line,401,369.4034902800184
25653,3,infantry_line,650,658.8100179261716
25654,0,infantry_line,414,372.11048599782293
25655,0,infantry_line,523,452.91778582815056
25656,2,infantry_line,340,331.39237098754086
25657,2,infantry_line,589,603.2256554448096
25660,4,infantry_line,535,570.981449119256
25661,0,infantry_militia,393,249.2527395619395
25662,3,infantry_militia,104,140.62968811714194
25663,3,infantry_militia,109,64.41897849082838
25665,4,infantry_skirmishers,709,426.8804097785252
