row_id,fold,unit_class,base_mp_cost,pred
33,4,artillery_foot,435,418.742357480579
34,1,artillery_foot,94,176.70658785875358
35,2,artillery_horse,747,730.230744099382
36,4,cavalry_light,1352,1376.8637297710795
37,1,cavalry_light,1452,1467.5824772072328
38,2,cavalry_light,935,930.6280781105887
39,0,cavalry_light,701,709.0244511048506
41,4,general,1,1.0
42,0,general,807,799.9216245105537
44,0,general,351,351.458237340331
46,3,general,199,199.24884151655988
47,1,general,718,717.6110974011002
49,3,general,1353,1399.1778317954847
50,1,general,1446,1269.7078966245028
51,3,general,1308,1402.8259256462475
52,1,general,544,523.1201982933835
53,0,infantry_light,968,988.3370335247556
54,4,infantry_light,668,610.2525049858389
56,1,infantry_light,914,869.6212739154474
58,0,infantry_line,424,416.41777339911863
60,2,infantry_line,688,689.4044681146253
61,0,infantry_line,1723,1478.7552966252747
62,1,infantry_line,427,416.85881335724287
63,1,infantry_line,544,532.6439255711467
64,2,infantry_line,496,492.4359433411913
65,1,infantry_line,785,800.2076527977076
66,4,infantry_line,528,502.6112273081659
67,2,infantry_line,605,605.7964898863693
68,2,infantry_line,519,513.1838996300429
69,4,infantry_line,781,806.1858923803204
71,2,infantry_line,659,668.973470759393
72,4,infantry_line,718,722.9023244563133
73,3,infantry_line,360,352.7113280693749
74,4,infantry_line,971,1008.7438757535297
75,1,infantry_line,832,853.1789270719499
79,3,infantry_line,537,531.2730452412791
80,3,infantry_line,640,647.7222565867488
81,3,infantry_line,1008,1034.7193556827647
82,1,infantry_line,592,573.8152977963331
83,2,infantry_skirmishers,538,535.4012302481816
84,3,infantry_skirmishers,235,255.87579183166991
86,1,artillery_foot,237,343.06547009087154
87,4,artillery_foot,284,358.2849043236287
89,2,artillery_horse,311,618.3766875016734
90,3,cavalry_heavy,1615,1625.3121963747847
91,3,cavalry_heavy,1249,1432.3468016014567
92,0,cavalry_heavy,1478,1479.6285632523584
95,3,cavalry_lancers,516,522.3410977134032
96,2,cavalry_light,890,948.9183874360008
98,0,cavalry_light,590,621.991653423624
99,4,cavalry_light,797,744.4472748269479
100,4,cavalry_light,756,715.3510052053202
102,0,cavalry_standard,674,722.7585667997298
104,2,general,486,483.9106034196663
106,4,general,1,1.0
107,1,general,1647,1663.7060241781808
108,4,general,1,1.0
109,3,general,228,227.71296173321133
110,4,general,639,620.5537697579408
113,0,general,401,401.6665569603783
114,1,general,158,230.74905369816545
116,0,general,46,32.35675350090662
118,3,general,327,333.0821048515811
119,3,general,827,776.2480530599727
120,2,general,429,462.60799753163644
121,2,infantry_grenadiers,748,685.443854450993
122,3,infantry_grenadiers,512,508.0769878291625
123,2,infantry_grenadiers,558,562.4099401260894
124,1,infantry_grenadiers,263,242.14014453981633
125,0,infantry_grenadiers,629,712.9756123883208
126,1,infantry_grenadiers,496,552.1521682770982
127,1,infantry_grenadiers,588,585.8116454037213
128,3,infantry_grenadiers,758,803.4220830983467
129,3,infantry_grenadiers,777,758.9638184930669
130,4,infantry_light,273,327.0057427923259
131,0,infantry_light,257,317.89433400815363
132,2,infantry_light,162,203.95687930041305
133,3,infantry_light,269,327.2648786967208
134,2,infantry_light,205,188.1101737611412
135,2,infantry_line,317,313.7200582812372
136,0,infantry_line,268,272.552296764176
137,3,infantry_line,162,190.30363706130353
138,0,infantry_line,237,243.60324833270016
139,1,infantry_line,276,277.463121726741
140,0,infantry_line,200,175.62545423456612
141,3,infantry_line,216,217.61209370373655
142,3,infantry_line,281,278.25075555764755
144,3,infantry_line,816,820.9458928573645
145,3,infantry_line,568,565.599713055737
146,0,infantry_line,445,453.1356638893705
148,4,infantry_line,497,566.2445207959753
149,2,infantry_line,398,381.7067045456358
151,4,infantry_line,543,553.7060890421144
152,1,infantry_line,440,445.57215025991906
153,3,infantry_militia,318,285.3542101743349
154,1,infantry_militia,405,408.9314900136702
155,1,infantry_militia,121,120.26418834555147
156,0,infantry_militia,238,294.2880114975143
157,3,infantry_militia,89,114.40047014424393
158,4,infantry_militia,235,223.66962641015144
159,2,infantry_skirmishers,238,248.1579239120138
161,2,infantry_skirmishers,138,195.66624250121282
162,3,infantry_skirmishers,543,528.1207167796746
163,0,artillery_foot,477,440.9687810092942
166,0,artillery_horse,637,638.9037703585328
167,3,artillery_horse,583,608.5440618660232
168,4,cavalry_heavy,687,707.0864387390081
169,2,cavalry_heavy,830,823.2944227314647
170,2,cavalry_heavy,1056,1026.2657168066708
171,2,cavalry_heavy,688,690.5124100724432
172,3,cavalry_heavy,1264,1339.5324871877672
174,4,cavalry_heavy,1060,1062.6951144776972
175,3,cavalry_heavy,1222,1287.5627826934626
176,2,cavalry_heavy,1469,1434.9616508396784
177,4,cavalry_heavy,1240,1254.884475496959
178,2,cavalry_heavy,1074,946.4134743674682
179,1,cavalry_heavy,990,896.8626713757516
180,4,cavalry_heavy,1166,1172.2440425302964
181,4,cavalry_lancers,710,708.9820485030039
182,4,cavalry_light,228,225.87202663374617
183,2,cavalry_light,345,371.5251107582287
184,3,cavalry_light,498,497.08509786820423
185,1,cavalry_light,453,374.1340022949388
186,0,cavalry_light,316,330.15166376994927
187,1,cavalry_light,351,361.39229692471457
188,2,cavalry_light,776,666.3127976018789
189,1,cavalry_light,633,584.1458886878461
190,4,cavalry_light,254,255.96003751313472
191,0,cavalry_light,348,357.39927111460565
192,4,cavalry_light,270,267.12865195979157
193,3,cavalry_light,310,315.4848827675232
195,4,cavalry_light,326,322.13951462127267
196,0,cavalry_light,534,534.2223277983983
197,3,cavalry_light,914,930.8234242985068
200,2,cavalry_light,318,328.49488105496937
201,3,cavalry_standard,970,961.425560266466
202,4,cavalry_standard,1031,1061.1703946797775
203,4,cavalry_standard,459,458.54224048411294
204,1,cavalry_standard,604,619.0957644425523
205,2,cavalry_standard,782,743.446868780065
206,2,cavalry_standard,565,544.9852436554751
208,3,cavalry_standard,490,490.3608852206149
209,2,general,823,823.8223123707016
210,4,general,1,1.0
211,1,general,638,637.8765310232
212,3,general,534,587.2104087940023
214,3,general,177,177.11008134805317
215,2,general,467,467.15034150928915
219,0,general,312,312.4073220802941
220,2,general,1453,1452.8153830886476
221,1,general,554,555.4579027383633
222,0,general,925,871.5109248275027
223,3,infantry_grenadiers,404,470.44259809015915
224,3,infantry_grenadiers,504,570.2311951231036
227,4,infantry_grenadiers,244,211.38790489774445
229,4,infantry_light,458,453.4920398034562
230,2,infantry_light,341,347.72789005481576
231,0,infantry_light,347,349.975984958817
232,1,infantry_light,739,766.6869501673195
233,4,infantry_light,586,585.7520168604085
234,4,infantry_light,672,638.3389997499366
235,4,infantry_light,968,973.781634990827
236,1,infantry_line,132,157.30971286426555
237,2,infantry_line,490,478.59397348451876
238,4,infantry_line,390,395.74424896109014
240,1,infantry_line,432,431.2919367661053
241,2,infantry_line,458,451.36467916769226
242,0,infantry_line,339,338.25846528454844
243,2,infantry_line,236,234.58330990145862
246,2,infantry_line,299,297.0230991912115
247,4,infantry_line,382,389.20884891612303
248,0,infantry_line,239,222.75164939996412
249,3,infantry_line,200,209.6409273866851
250,0,infantry_line,1013,960.2344101538546
251,0,infantry_line,199,194.92621307608587
255,3,infantry_line,679,661.4906094158705
256,1,infantry_line,332,329.02301714995406
257,4,infantry_line,298,294.1119374644218
259,2,infantry_line,205,250.45956044176742
262,4,infantry_line,730,761.4716406432029
264,1,infantry_line,500,510.47499139512286
265,3,infantry_line,562,561.3272445145126
266,0,infantry_line,723,764.4058659747917
267,1,infantry_line,659,659.0176810799036
269,2,infantry_line,778,788.2432366132764
271,0,infantry_line,597,587.7451029350809
272,3,infantry_line,226,235.0354570397327
273,3,infantry_skirmishers,334,330.008493294959
13392,1,artillery_foot,300,261.0026485918414
13393,1,artillery_foot,318,252.74869427328875
13394,0,artillery_foot,300,266.8265067036293
13395,1,artillery_foot,516,439.2547619025907
13397,4,artillery_horse,441,350.0950181431825
13399,1,cavalry_heavy,1735,1674.450798815348
13400,2,cavalry_heavy,827,846.5710053017713
13401,2,cavalry_heavy,1370,1375.1855044109382
13402,3,cavalry_heavy,865,874.4899378704242
13403,1,cavalry_heavy,1327,1310.53892157714
13404,2,cavalry_heavy,1863,1850.1082465872203
13405,1,cavalry_heavy,874,891.1426536039211
13406,3,cavalry_heavy,730,703.7664649988418
13408,2,cavalry_lancers,737,612.8729627016553
13409,0,cavalry_light,405,380.7531299190798
13410,0,cavalry_light,358,365.36070616405306
13411,4,cavalry_light,1564,1551.5992838561938
13412,3,cavalry_light,1115,1017.9685518547399
13414,1,cavalry_light,1452,1496.458425549819
13415,0,cavalry_light,663,665.89404199901
13416,4,cavalry_light,679,686.3139820699412
13417,0,cavalry_light,704,698.669071008809
13418,1,cavalry_light,1062,933.9302821454393
13419,2,cavalry_light,851,835.6657220609371
13420,0,cavalry_light,918,934.6391147546775
13422,0,cavalry_light,490,474.90717467438145
13423,0,cavalry_light,680,670.809350911701
13424,0,cavalry_light,560,542.1406811661016
13425,3,cavalry_light,784,786.8731041876789
13428,2,cavalry_light,426,431.9961180382082
13429,0,cavalry_standard,641,590.397641015871
13430,2,cavalry_standard,1011,1112.5581179765268
13431,1,cavalry_standard,1251,1336.8553330762254
13432,3,cavalry_standard,958,807.3993124059722
13433,0,cavalry_standard,558,510.3439196352423
13434,3,cavalry_standard,844,897.5502532833035
13436,4,cavalry_standard,478,452.3171634915501
13437,0,cavalry_standard,621,551.7762086616244
13439,4,general,537,464.91680286407245
13440,1,general,727,711.2457308776983
13441,4,general,1,1.0
13443,0,general,1668,1667.5360446570614
13444,3,general,1091,954.9412211557859
13445,4,general,1,1.0
13446,0,general,1368,1431.7885638249293
13447,3,general,202,199.92917153326664
13448,2,general,480,491.9877215105402
13449,0,general,278,281.15980127353487
13450,1,general,611,611.6194866734016
13451,4,general,1,1.0
13452,1,general,1174,1231.8836694882507
13453,3,general,183,216.91642698755228
13454,3,general,383,377.64847283762174
13455,3,general,202,199.92917153326664
13456,1,general,352,337.6295864381197
13457,3,general,202,199.92917153326664
13462,0,general,133,151.62564744781903
13463,4,general,1,1.0
13465,1,general,1371,1449.094875678189
13466,2,general,1340,1363.4235138415568
13467,4,infantry_grenadiers,878,922.0663011090347
13468,1,infantry_grenadiers,777,731.0893223212506
13469,0,infantry_grenadiers,933,914.882800057715
13471,3,infantry_grenadiers,1131,1111.999682832582
13472,4,infantry_grenadiers,820,837.1444096869756
13473,0,infantry_grenadiers,409,301.793295908809
13474,0,infantry_grenadiers,908,883.8638143856739
13475,2,infantry_grenadiers,1281,1292.2248704850574
13477,0,infantry_grenadiers,1279,1281.5902061615907
13478,0,infantry_irregulars,319,242.32951465839622
13480,0,infantry_irregulars,504,473.83167428116366
13481,0,infantry_irregulars,343,342.3948761060197
13482,2,infantry_irregulars,489,476.72112590910064
13483,2,infantry_irregulars,603,614.4782105824357
13484,4,infantry_irregulars,327,167.5291716362584
13485,0,infantry_irregulars,128,177.7248538735096
13486,4,infantry_irregulars,730,663.4536047788278
13487,0,infantry_irregulars,403,546.4872593878382
13488,1,infantry_irregulars,513,598.754541852489
13489,4,infantry_irregulars,296,275.883893636419
13490,3,infantry_irregulars,457,487.4143249485242
13491,3,infantry_light,374,347.719704064164
13494,1,infantry_light,266,337.92647665737746
13495,0,infantry_light,243,287.3088031910208
13496,4,infantry_light,283,288.7790219637343
13497,3,infantry_light,221,253.45996113498433
13498,4,infantry_light,484,388.292980520401
13499,3,infantry_light,390,350.5135808010836
13500,4,infantry_light,526,423.2217310905325
13502,0,infantry_line,513,428.7629932237291
13503,2,infantry_line,268,332.52087808466814
13504,4,infantry_line,297,292.722030619389
13505,0,infantry_line,481,443.7812421319465
13506,1,infantry_line,220,231.00570303000657
13507,4,infantry_line,206,274.4280624469117
13508,2,infantry_line,218,284.37418320146446
13509,1,infantry_line,311,314.0536185493347
13510,4,infantry_line,596,550.9510295313405
13511,4,infantry_line,250,252.84176877485015
13512,0,infantry_line,202,186.7334217039451
13513,1,infantry_line,374,364.60773651601056
13514,0,infantry_line,246,274.8338784456897
13516,1,infantry_line,368,359.66482007669134
13518,2,infantry_line,202,216.6899867892731
13519,2,infantry_line,271,285.5760898419787
13520,0,infantry_line,155,194.04961179120332
13521,0,infantry_line,230,251.11103875447301
13522,2,infantry_line,173,226.70546112065298
13523,1,infantry_line,174,194.7004650270406
13524,4,infantry_line,182,211.70200016958054
13525,0,infantry_line,269,274.8984838926095
13526,2,infantry_line,261,257.25296260246927
13527,2,infantry_line,312,394.7063855124361
13528,2,infantry_line,233,292.51017755305764
13529,4,infantry_line,476,444.1472372341966
13530,1,infantry_line,325,316.69991124068764
13531,3,infantry_line,550,518.1532827085731
13533,0,infantry_line,332,342.3562638103982
13534,4,infantry_line,392,471.3716967556968
13535,4,infantry_line,695,689.1155278659959
13536,0,infantry_line,765,725.2568694067592
13537,0,infantry_line,958,874.1091802867298
13538,3,infantry_line,578,575.5394492908722
13539,4,infantry_line,313,310.7934245228174
13543,1,infantry_militia,244,90.87327091908243
13544,3,infantry_skirmishers,256,272.2756011459082
13545,0,infantry_skirmishers,177,208.92402662367851
13546,1,infantry_skirmishers,692,569.8807662810697
13547,1,infantry_skirmishers,306,246.87740121663288
13548,1,infantry_skirmishers,236,197.96522573061193
13551,3,general,444,339.3797045028081
13552,3,general,292,296.81849773907027
13553,2,general,890,821.9296133444795
13554,0,general,388,390.91359657151713
13557,1,general,365,383.8751817391799
13558,3,general,453,532.326261586735
13560,0,general,1015,970.0366273235368
13561,3,infantry_light,505,500.60153595749625
13562,4,infantry_light,947,998.8169137015492
13563,1,infantry_line,187,213.1333223567514
13564,4,infantry_line,345,350.31791369655116
13565,3,infantry_line,363,366.2857200404248
13566,4,infantry_line,339,358.7969698507188
13567,3,infantry_skirmishers,452,371.63656886078513
13568,2,general,252,255.3067993641292
13569,4,general,179,174.8768387569225
13571,3,general,332,351.03900405615957
13572,0,general,456,478.41207072803246
13573,2,general,187,216.71425782664573
13575,3,general,854,825.2183048906521
13576,0,infantry_light,303,328.3885166283698
13577,2,infantry_line,242,230.22579450261688
13578,0,infantry_line,375,367.72784010454393
13581,3,infantry_line,442,449.9007849872313
13582,1,general,273,279.57775514923236
13583,4,general,149,151.41621152296818
13584,4,general,416,411.6671357828705
13585,2,infantry_grenadiers,482,499.18483548651625
13586,0,infantry_line,334,328.0920800120754
13587,0,infantry_line,249,246.72047221704858
13590,1,general,275,265.2066164400054
13591,3,general,524,533.6591700527822
13592,1,general,618,637.443217174472
13593,0,general,684,703.033146041021
13594,0,general,419,415.4164302996802
13595,4,general,1025,1066.5152587493963
13596,2,general,710,705.2808262772336
13597,4,general,403,425.9649612618822
13599,3,infantry_grenadiers,626,619.6069569911801
13600,4,infantry_light,280,278.0175267937854
13602,4,infantry_light,410,406.136524419193
13603,1,infantry_line,121,102.08674152061208
13604,3,infantry_line,582,604.9562236932392
13605,1,infantry_line,494,498.1773186074151
13606,1,infantry_line,398,424.6837948364689
13607,3,general,301,292.7482221367694
13610,3,general,429,420.9271198803496
13612,2,general,57,66.61943935167878
13613,1,general,194,205.17233489752806
13614,4,general,237,224.59608280174442
13615,4,infantry_light,450,428.6768898070987
13617,2,infantry_line,297,289.1053609396531
13618,0,infantry_line,205,224.25188531241614
13623,1,general,101,137.53592828586414
13624,1,infantry_line,286,296.9425771341886
13626,4,cavalry_heavy,905,918.1512345453726
13627,0,cavalry_heavy,1351,1315.0160263563394
13629,4,general,723,741.9855674747924
13631,3,general,74,119.72235910997632
13632,4,general,1127,1130.8843179016758
13633,4,general,266,265.5256052930091
13634,2,general,287,294.58860102612783
13635,1,general,632,677.952287845965
13636,3,infantry_light,359,359.97582384571336
13637,4,infantry_line,370,368.8961371354141
13639,2,infantry_line,259,251.1864071729589
13640,4,infantry_line,153,167.33080153829434
13641,1,infantry_line,694,721.8835601875912
13642,0,cavalry_light,402,400.2593317277162
13643,3,cavalry_light,541,502.98840520050476
13644,2,cavalry_light,784,802.9575619609077
13648,4,general,306,323.4686336594847
13649,2,general,562,513.9379505311288
13651,1,general,521,527.4016853581159
13653,2,general,432,433.9639192194385
13654,3,general,514,572.5453145999933
13655,3,infantry_line,283,282.6051413908624
13660,4,general,468,366.2229494522271
13662,2,general,200,204.17324621661538
13664,3,general,540,520.2469156800432
13665,0,general,793,823.905182413326
13666,4,general,456,454.03442836214583
13667,2,infantry_light,577,580.7538094020719
13668,2,infantry_line,305,304.1235937023182
13669,2,infantry_line,456,337.35939354406906
13671,2,general,273,277.68762906078
13673,2,general,216,213.65982191012534
13675,0,general,255,274.2282552888578
13676,3,general,61,61.51763454465183
13677,2,infantry_light,444,434.4510686651227
13678,4,infantry_light,324,316.5487172765869
13679,4,infantry_line,165,151.8048353439287
13680,1,infantry_line,328,342.16887490707
13681,3,infantry_line,339,342.1036174034302
13682,3,infantry_line,199,200.92093103201202
13684,4,general,473,476.158887207249
13685,2,general,594,686.683775868095
13686,3,general,627,660.5372153987355
13687,0,general,855,866.6285718182068
13688,3,infantry_grenadiers,293,317.0257291796248
13689,4,infantry_grenadiers,725,759.9328632766243
13690,3,infantry_light,799,821.2545071817086
13692,1,infantry_line,186,177.7525396380233
13693,2,infantry_line,586,604.8914947911078
13694,1,cavalry_heavy,1408,1310.3590532609644
13696,3,general,1556,1532.7667568015142
13697,4,general,1067,973.4424433316815
13698,4,artillery_foot,97,165.11161552335568
13699,3,general,46,124.809155308642
13700,4,cavalry_light,319,332.8120709672486
13701,4,cavalry_light,370,367.3556704871797
13702,1,general,245,249.7226867595606
13704,1,general,181,215.0780557952175
13706,1,infantry_light,488,482.31291236715333
13707,1,infantry_line,116,146.18455520319927
13708,0,cavalry_light,768,770.1699769392003
13710,0,general,432,339.80597875410007
13711,4,general,440,431.9542725885706
13712,0,general,513,509.7981964554023
13713,4,infantry_line,376,254.8863710108081
13714,1,infantry_line,477,484.0427022518246
13715,3,general,569,509.07818728822724
13716,0,infantry_line,665,602.2838583473749
13717,3,general,427,423.7967734795616
13718,2,infantry_line,286,273.02314003193044
13719,1,general,582,596.200289417474
13722,1,cavalry_heavy,599,648.6632254982073
13725,1,cavalry_light,896,910.5673057815088
13726,1,cavalry_light,543,507.51487168180256
13728,1,general,836,860.7253767676762
13729,0,artillery_foot,421,454.06004271002286
13730,0,artillery_foot,454,496.4525540497303
13732,0,artillery_foot,332,377.1602093453401
13733,1,artillery_foot,412,445.1752431736914
13734,2,artillery_foot,689,590.9728873802088
13735,4,artillery_foot,325,360.4540752662586
13737,3,artillery_horse,606,625.547160654155
13738,2,general,789,789.7382346834667
13741,0,general,978,979.5292896178037
13742,2,general,789,789.7382346834667
13743,0,general,299,299.3994459517833
13744,2,general,1391,1392.7079161763877
13745,3,infantry_grenadiers,265,169.28443175056205
13746,2,infantry_line,253,182.98652409114527
13747,0,infantry_skirmishers,217,256.46913361526083
13748,1,general,453,410.95764441122327
13749,0,general,341,336.9875367835116
13751,0,general,203,222.11782227453924
13752,4,general,950,776.9403489244296
13753,2,general,640,725.293686614961
13754,0,general,576,789.9443063019186
13755,3,general,453,444.90452448278063
13756,3,infantry_grenadiers,515,612.5307037912733
13757,3,infantry_light,315,314.9158530421064
13758,2,infantry_light,760,868.1159810293825
13759,0,infantry_light,691,603.9557616538939
13760,1,infantry_line,365,370.41607292953717
13761,4,infantry_line,1072,989.7972464010718
13762,4,infantry_line,279,320.25898755509934
13763,3,infantry_line,316,306.6388461893311
13764,0,infantry_line,567,550.1417235232439
13765,0,cavalry_light,263,288.04249224161777
13769,3,general,121,177.31515992979251
13771,2,general,724,638.1412900217554
13772,0,general,734,762.0570310122788
13773,4,general,489,479.6748950316128
13774,2,infantry_grenadiers,316,383.08407888707416
13775,1,infantry_line,294,300.4635164007211
13777,0,infantry_line,784,820.4241963597107
13778,0,infantry_line,460,460.166363054576
13779,2,infantry_line,832,871.0576422170219
13780,0,infantry_line,556,513.482210522037
13781,1,cavalry_heavy,747,743.267379275216
13782,3,cavalry_heavy,1123,1089.3040774963176
13783,2,cavalry_light,450,452.3791544142805
13784,4,cavalry_light,738,766.7497411805316
13786,1,cavalry_light,609,566.5686713428959
13787,2,general,1052,1042.6005485929502
13788,3,general,507,492.3922673058397
13789,2,general,585,618.5121967948456
13790,3,general,352,358.40167793735657
13791,2,general,698,682.9683206822205
13792,2,general,401,450.0558863417517
13793,4,cavalry_heavy,1230,1241.8147638228518
13794,1,general,1025,1041.0836302691114
13795,2,general,629,623.255533772836
13796,3,general,407,376.1194998049067
13797,2,general,244,251.87975813164928
13799,1,general,156,171.31705447623148
13800,0,general,311,308.0825304756125
13801,4,general,362,358.7501645428001
13802,0,general,727,715.3706952264286
13803,0,general,441,440.82636213527314
13804,3,general,1010,1007.7084852120872
13806,4,infantry_grenadiers,549,482.74477717198096
13808,2,infantry_light,348,385.821141795453
13809,3,infantry_line,295,306.94646616255926
13810,0,infantry_line,344,354.4331343290758
13811,3,infantry_line,248,257.32947944114704
13812,4,infantry_line,569,533.4847948424756
13813,4,infantry_line,654,625.6009062931943
13814,0,infantry_line,1048,1062.4585416024156
13815,3,cavalry_heavy,1514,1528.524874881962
13816,4,cavalry_light,332,332.352054944736
13817,1,cavalry_light,735,627.953474771514
13818,1,cavalry_light,333,325.0940059777551
13820,2,general,212,227.9189962907394
13822,3,general,758,766.9056117540333
13824,4,general,680,635.6616863293542
13825,2,general,691,640.532042953875
13826,2,general,241,242.7795989906805
13828,2,infantry_line,332,347.97349663109725
13829,3,infantry_line,571,558.2129340583409
13830,2,infantry_line,723,707.2698667471138
13831,2,cavalry_light,277,312.6264142898626
13832,1,cavalry_light,484,459.82560479213134
13834,3,general,307,350.58914089205143
13838,0,general,560,516.1495187742898
13840,1,general,570,517.683858471366
13841,0,general,266,281.5283280428508
13842,0,general,713,694.3882415820037
13843,4,general,409,376.6335833967428
13844,3,infantry_line,218,221.5755852005397
13847,2,infantry_line,258,259.3198757235892
13849,0,infantry_line,437,413.82008778949506
13850,4,infantry_line,587,548.666777674059
13852,4,cavalry_light,740,840.9170159795636
13853,2,cavalry_light,339,366.2940907068937
13854,0,cavalry_standard,1062,1028.801025870595
13855,2,general,656,762.5087314604059
13856,3,general,920,890.9428550245543
13859,2,cavalry_heavy,1357,1390.7759331406658
13860,4,cavalry_light,450,448.02158609010337
13861,1,cavalry_standard,512,523.3672255849606
13862,3,general,1198,1213.8115180523814
13863,3,general,356,349.11110264124636
13864,1,general,378,386.49874559518776
13865,3,general,497,476.03547061400207
13866,0,general,282,265.7028163157163
13867,4,infantry_line,388,383.04323411594515
13868,1,infantry_line,329,330.5452638881556
13871,2,cavalry_heavy,1402,1381.1442358391414
13873,2,cavalry_heavy,1471,1407.6271252530585
13874,4,cavalry_heavy,1199,1233.4530742301686
13875,0,cavalry_light,516,500.8174256864884
13877,1,general,1225,1198.2286580905356
13878,2,general,1294,1237.4668334434357
13881,1,general,1093,1103.0361098316168
13882,4,infantry_line,694,647.9536408029336
13883,0,cavalry_heavy,1463,1424.7284434252958
13884,4,cavalry_heavy,1282,1310.7442312385772
13887,1,general,1074,1092.699090152838
13888,3,general,1141,1147.0196829037402
13889,3,general,1462,1490.6958281853429
13890,2,general,1292,1278.1134089948036
13891,1,cavalry_light,330,330.0798291122235
13892,1,cavalry_standard,689,772.1226912468932
13893,0,general,318,362.48185637749765
13894,0,general,679,718.7642833374492
13896,2,infantry_line,329,342.5525851211025
13897,2,general,227,228.51977692871841
13898,4,general,188,194.49007489296417
13899,4,infantry_line,251,254.5792283700494
13900,4,infantry_line,322,325.1621629415018
13901,1,infantry_line,214,218.29758291889962
13902,2,cavalry_light,476,553.7498937848164
13903,1,general,520,575.8783832921858
13905,3,general,307,299.37196953691375
13906,3,general,343,333.3294485903049
13909,4,general,262,264.7349453648494
13910,3,infantry_line,355,361.2052715053327
13911,4,artillery_foot,826,880.8059203424898
13913,2,artillery_foot,486,480.19287628983164
13914,3,artillery_foot,326,310.2183043028153
13915,2,artillery_foot,69,114.50743095310553
13917,1,artillery_foot,734,677.2671665582452
13918,4,artillery_foot,77,137.99032153619288
13919,2,artillery_foot,407,378.0013103352612
13921,2,artillery_horse,624,616.8525499383434
13922,0,general,312,312.4073220802941
13924,0,general,863,846.3315547370414
13925,1,general,638,637.8765310232
13926,3,general,177,177.11008134805317
13927,4,general,1023,1009.7476474006907
13928,0,infantry_line,201,212.2807391478076
13930,4,infantry_skirmishers,189,187.47903523181614
13931,0,infantry_skirmishers,239,269.3231790197582
13932,0,infantry_skirmishers,195,229.42440916182795
13933,1,artillery_horse,1111,1074.8123052957112
13934,4,cavalry_light,1015,855.0419556061012
13936,4,general,848,860.0204667020056
13937,4,artillery_foot,537,534.2657607881455
13938,0,general,405,451.6124554127319
13939,0,general,747,856.0185032702726
13941,0,infantry_light,466,557.8511996897624
13943,3,cavalry_light,616,512.8337174120429
13944,1,general,399,316.1432089698349
13947,1,general,431,350.1909554399669
13948,4,infantry_light,844,856.3725040763786
13950,4,general,772,790.2112398234484
13951,4,infantry_grenadiers,547,713.7292724659832
13952,3,infantry_line,702,750.7842121928568
13953,0,general,1197,1263.6223559479984
13954,1,infantry_militia,737,1038.9825642075614
13956,4,infantry_militia,492,485.07902477022844
13957,4,infantry_skirmishers,329,321.639340223139
13958,4,general,299,276.6793957874778
13959,0,general,557,403.13183162791097
13960,1,infantry_militia,405,488.1519982721181
13961,0,infantry_skirmishers,576,452.9510394375858
13963,0,general,563,562.3331797445296
13964,4,general,459,509.65687602067237
13969,4,infantry_line,442,472.1868831158193
13970,0,general,223,219.3864986490011
13972,0,general,561,626.7826997902145
13974,4,infantry_line,538,581.4288670375503
13975,1,general,237,240.8142992543744
13977,2,general,614,569.0653617819195
13979,0,infantry_line,349,367.40516815898275
13980,0,infantry_line,432,407.09469183074066
13981,0,general,144,130.2681376879807
13983,4,general,395,380.331359265481
13984,2,infantry_line,248,236.0807225211092
13985,4,infantry_line,456,450.1149099542757
13986,3,cavalry_light,373,474.14373834846833
13989,0,general,1036,1092.2575779553526
13990,0,infantry_skirmishers,270,249.29223225036242
13991,1,artillery_horse,848,834.2545771926928
13992,1,cavalry_light,598,609.1210489622875
13993,0,cavalry_light,629,618.0718445689491
13994,4,general,503,487.64706675840705
13995,2,general,606,590.0493569455807
13997,3,general,382,378.5462378513438
13998,3,general,479,459.4881788000346
13999,4,general,393,366.3978464016753
14000,2,infantry_line,563,428.58575207181514
14001,0,infantry_line,451,434.96098360913595
14002,3,general,158,152.29660304147046
14003,4,general,279,271.77503499596617
14004,1,general,395,395.6930695363925
14005,0,infantry_line,260,270.60903932152326
14006,2,infantry_line,391,391.08345046905123
14007,2,artillery_foot,394,377.44966375187363
14008,0,general,162,173.29583645311843
14010,1,cavalry_standard,635,626.3653213146343
14011,3,general,436,397.40241843225397
14012,1,general,673,669.426606051016
14013,4,general,218,197.54620679859244
14014,2,general,494,472.09370105563374
14015,2,infantry_grenadiers,628,637.4588807055794
14018,1,infantry_line,285,272.28409025049353
14020,0,general,125,144.1595462453034
14021,4,general,76,55.59123461238798
14023,0,infantry_line,172,176.41338003449306
14024,3,infantry_line,173,184.8725235557533
14025,4,artillery_foot,423,542.5606105669208
14026,4,artillery_horse,86,137.80659110014943
14027,2,general,348,421.8797968328923
14028,3,cavalry_light,386,476.6298639621264
14029,0,general,335,424.9586808771123
14030,3,general,118,103.17311360503287
14031,4,general,411,438.99911253830066
14032,0,general,666,647.8108061834828
14033,0,infantry_grenadiers,777,771.7214172578516
14034,2,infantry_light,379,444.3054502913859
14035,0,infantry_line,226,228.0076071481195
14036,3,general,74,57.711884173834804
14037,0,general,177,204.75148121591985
14038,1,general,223,216.31017364512093
14040,0,infantry_grenadiers,675,678.2495355156402
14041,4,infantry_light,281,319.1076162970443
14042,2,infantry_line,190,202.67604767289612
14043,1,infantry_line,184,183.32918600583966
14045,1,cavalry_heavy,994,1009.688074901659
14046,3,general,790,768.5108577877907
14047,2,general,1225,1202.6833190716839
14048,1,general,1283,1220.8857253187923
14049,2,general,601,600.6218676548006
14050,1,artillery_foot,412,427.77436170242197
14052,1,cavalry_light,611,632.5234428922752
14053,2,general,787,816.5871849463844
14054,4,general,1049,1024.5501540048422
14055,1,general,729,735.8413615049132
14056,2,general,254,205.59906112555905
14057,4,general,287,321.52004514011617
14058,0,general,556,546.0904181305311
14059,1,general,788,829.3875025921392
14060,1,infantry_grenadiers,1110,1039.8501337190569
14061,3,infantry_grenadiers,628,602.366649152395
14062,1,infantry_grenadiers,233,227.73773484655374
14063,1,infantry_grenadiers,314,248.63059077721758
14064,2,infantry_grenadiers,700,737.5267663471986
14065,0,infantry_grenadiers,683,695.3954944289414
14066,3,infantry_line,347,325.4739110126716
14067,0,infantry_line,328,383.97594496798257
14068,1,general,348,349.3137208138189
14069,1,general,499,493.84441002762924
14070,3,general,371,378.6810841786701
14071,2,general,647,621.3372376959232
14075,0,general,520,493.47006484118276
14076,1,general,1338,1368.4177294972644
14077,4,general,966,1314.7445369450163
14078,2,general,324,303.5525141198125
14079,2,infantry_grenadiers,933,1044.621991560213
14081,1,infantry_light,370,417.1236879304407
14082,0,infantry_light,417,439.63336706903345
14083,2,infantry_line,658,650.230126468518
14084,4,infantry_line,843,1126.8333872032401
14086,1,infantry_line,625,614.091878140622
14087,0,infantry_line,557,571.9611903464678
14088,2,infantry_line,386,387.50349178639993
14089,2,general,487,434.9519986182986
14090,4,general,1064,1019.7252748321025
14091,2,general,984,936.8670243739208
14092,2,general,831,730.7309939327422
14093,2,general,337,314.46608946008905
14094,4,general,570,563.4283900817964
14095,0,general,1069,1084.1016081515145
14096,2,general,647,695.9103639209882
14098,2,infantry_grenadiers,698,765.7545070768753
14099,1,infantry_light,583,592.0087434715205
14103,0,infantry_line,618,633.2871619394631
14104,3,cavalry_light,1360,1319.2142408547832
14105,0,general,1533,1578.8442724969916
14106,3,general,375,308.6254237704769
14109,1,general,452,457.41581814496465
14111,3,general,836,685.7265689247419
14112,3,general,627,548.4297867725011
14113,3,infantry_light,525,529.4051964527982
14114,1,infantry_light,837,847.0624595087878
14115,3,infantry_line,409,383.4219464370581
14116,3,infantry_line,416,413.8428603336732
14117,0,infantry_line,636,628.2042345060645
14118,0,infantry_line,400,393.87123726498464
14119,0,general,335,285.34184042361267
14120,3,infantry_militia,376,363.60552644830136
14121,1,cavalry_light,319,307.44394758723865
14122,0,cavalry_standard,696,661.808181315984
14123,1,general,588,550.0273366846495
14124,4,infantry_irregulars,287,192.8164224801079
14125,0,infantry_skirmishers,403,421.590750919866
14127,1,cavalry_standard,534,1048.326377194205
14128,2,general,394,554.2276254460584
14129,0,general,1022,1039.5308095833818
14130,2,general,1,16.565592600782594
14131,4,infantry_militia,100,143.81504241665516
14133,1,cavalry_light,319,307.44394758723865
14134,2,cavalry_standard,1381,1500.7526054347995
14136,4,cavalry_standard,528,498.2807648029159
14137,2,cavalry_standard,1089,1146.3444146571132
14138,0,general,1014,915.5016529894297
14139,3,general,1390,1203.8241896969516
14140,4,general,495,509.7944284458258
14141,4,general,595,539.4753234667988
14142,4,infantry_irregulars,271,283.84044908262564
14143,0,artillery_foot,346,350.1321189628206
14144,3,artillery_foot,804,802.0704036957579
14145,2,artillery_foot,796,782.2210832656693
14146,0,artillery_foot,316,331.01950791242024
14147,1,artillery_foot,1379,1421.0886710781137
14148,3,artillery_foot,1457,1446.9634755761977
14150,2,general,1729,1446.6472211506039
14151,4,general,1284,1207.6311536076794
14153,0,general,1076,1078.1723102744422
14155,2,general,1529,1534.220946886669
14156,4,general,778,879.677141784423
14157,4,infantry_grenadiers,322,242.80459971050178
14158,1,infantry_skirmishers,230,255.64775454686625
14159,1,infantry_skirmishers,230,255.64775454686625
14160,1,infantry_skirmishers,210,211.76511462358366
14161,0,cavalry_heavy,1203,1156.1982608855403
14162,2,cavalry_heavy,1118,1130.067674779013
14163,1,cavalry_light,423,422.42730782663824
14164,2,cavalry_light,352,365.6004645674134
14165,3,cavalry_light,554,554.4139552695015
14166,0,cavalry_light,641,588.0344635836442
14167,3,general,321,334.1595899503297
14168,4,general,994,987.0018415086813
14169,3,general,127,163.4298669824874
14171,0,general,523,493.35977554811757
14173,3,general,441,450.03727563166876
14174,2,general,981,968.8990514522521
14175,0,general,1189,1159.2025861662362
14176,4,infantry_grenadiers,382,402.9268682899059
14177,1,infantry_grenadiers,1029,1062.2216455470682
14178,3,infantry_light,243,268.0365249782083
14179,1,infantry_line,409,408.41270124763804
14180,1,cavalry_heavy,1149,1163.8298365778573
14181,2,cavalry_heavy,1464,1501.8407604223926
14182,2,cavalry_light,364,382.30291129944203
14183,0,cavalry_light,336,351.4957800964832
14184,4,cavalry_light,878,842.0603153504027
14185,1,general,1073,1112.6899530371766
14186,4,general,209,245.98507202145987
14187,4,general,799,793.9123411748317
14189,0,general,1463,1496.205893105425
14190,3,general,298,283.69076925024257
14191,3,general,702,714.5481640777449
14194,3,infantry_light,822,880.3376373616544
14195,2,infantry_line,246,248.95616699842472
14196,1,infantry_line,442,410.1695385663764
14198,1,cavalry_heavy,1469,1432.0050776698101
14199,2,general,1242,1246.2990570887382
14201,4,general,553,589.2726704404016
14203,2,general,1565,1745.5545151378667
14204,0,infantry_grenadiers,429,464.4230989201465
14205,0,infantry_grenadiers,604,620.7138464312608
14206,2,infantry_line,565,562.0778027799964
14207,0,cavalry_heavy,752,710.2220846155657
14208,1,general,639,638.6710954004757
14209,3,cavalry_heavy,1789,1805.8011050817465
14211,0,cavalry_heavy,2239,2280.5839018787137
14212,1,general,1870,1902.0433207897645
14213,0,general,928,972.1902059599786
14219,0,cavalry_standard,406,399.39390012796713
14221,1,general,885,939.4647156637485
14222,2,general,820,754.8349468987927
14223,2,general,1040,1044.2966175039799
14224,4,general,1233,1111.0402391881146
14225,4,general,399,398.5596257978747
14226,3,general,1262,1269.7620289729734
14228,1,general,786,757.2176258248243
14229,1,general,345,349.0375958736745
14230,1,infantry_light,570,588.9291501225681
14231,1,infantry_light,404,400.4204251081052
14232,2,artillery_horse,569,581.3353998958775
14233,2,cavalry_standard,701,721.9722849569634
14234,2,general,577,611.7691213139681
14235,2,general,46,79.56474008272473
14236,4,general,644,647.1320857171124
14238,1,general,546,548.7622115219965
14239,0,general,604,602.6969144622478
14240,4,infantry_line,125,134.64272444764643
14241,0,infantry_line,466,479.35237357653523
14242,1,infantry_line,461,464.90159514577397
14243,3,infantry_line,504,511.6466898170592
14244,1,general,332,342.1805228835018
14245,0,general,414,405.02877692045075
14246,4,general,321,349.4937180683998
14248,0,general,409,449.9878894023306
14249,1,general,361,358.9999767851943
14251,4,infantry_grenadiers,380,419.3884150202859
14252,4,infantry_line,186,184.84873745869373
14253,0,infantry_line,385,378.6376712562865
14255,3,infantry_line,327,361.5328636587917
14256,3,cavalry_light,346,360.6556740479006
14257,4,cavalry_light,558,534.4959290958519
14258,0,general,296,320.82395936786605
14259,3,general,414,368.7336652708887
14260,2,general,555,568.6949662793855
14261,4,general,508,393.2201297094891
14262,4,infantry_light,392,365.2820206827866
14263,0,infantry_light,489,428.9376772556514
14264,3,general,228,265.3730751668458
14265,2,general,232,228.79132640344145
14266,0,general,230,227.8401877081382
14267,0,general,269,306.93244568815135
14268,4,general,553,562.2825721077738
14269,3,infantry_grenadiers,343,363.8748945919577
14270,1,infantry_grenadiers,743,736.3630151519711
14271,1,infantry_line,291,276.417066616416
14272,4,infantry_line,290,277.67084067308707
14273,0,infantry_line,338,368.8216968149874
14274,3,infantry_line,602,622.8285959277325
14275,0,general,374,336.4872826069094
14276,0,general,220,264.06276907475785
14277,2,general,797,745.6889544324529
14279,3,general,584,569.3196787846076
14280,3,general,363,366.00573343036126
14281,2,infantry_grenadiers,623,579.7110656681915
14282,1,infantry_line,358,332.2380180387789
14284,4,infantry_line,661,668.1382517056352
14285,2,infantry_line,423,417.8285580687855
14286,2,general,415,402.9905412040532
14287,4,general,274,299.5382614710967
14288,4,infantry_light,463,433.8411227320506
14289,0,infantry_light,134,145.63998269113677
14290,1,infantry_light,350,386.71558232281797
14292,3,cavalry_standard,515,530.258206529091
14293,1,general,390,433.20960965337815
14295,1,general,429,466.5172512913714
14296,0,general,249,257.0232422069479
14298,0,cavalry_standard,442,425.8216374155553
14300,3,general,410,357.6461599017958
14301,3,general,358,321.32442357369735
14302,2,general,309,304.37195293689797
14303,2,general,285,267.2465728280444
14304,1,general,359,419.2729997701605
14310,4,general,387,370.2971672702927
14311,4,cavalry_standard,618,623.2221206356196
14313,2,cavalry_standard,389,408.4458834582315
14314,1,general,328,349.6838335136569
14315,3,general,466,482.0993515855417
14316,1,general,341,379.3641613313383
14317,0,general,1696,1357.9510733809796
14318,3,general,1164,1045.1763645246815
14319,0,infantry_grenadiers,1123,959.3593087594747
14320,1,infantry_grenadiers,1064,1052.0914666616425
14321,3,cavalry_standard,809,833.8273023878643
14322,3,cavalry_standard,373,357.36949591916
14323,4,cavalry_standard,613,558.9537007018278
14324,3,general,278,275.00357400257013
14327,3,general,502,450.41587515519353
14329,3,artillery_foot,533,625.6904231337094
14330,1,artillery_foot,667,629.4223601683434
14331,3,artillery_foot,1017,994.1407015664744
14332,1,artillery_foot,1044,1017.9746166050006
14333,2,artillery_foot,334,320.4457775388354
14334,3,artillery_foot,760,797.0638431642234
14335,4,artillery_foot,433,423.57245472754875
14336,3,artillery_foot,430,454.66192424499934
14337,0,artillery_foot,780,818.213695686826
14338,2,artillery_horse,496,490.89186442743767
14339,0,artillery_horse,889,898.0463551740614
14340,1,artillery_horse,1561,1565.2152898798781
14342,4,general,530,476.327675455897
14343,3,general,782,788.8566468168636
14344,4,general,338,341.8145175072727
14345,0,general,799,800.558950085127
14346,0,general,828,891.3644127391696
14347,0,general,499,500.00383464324204
14348,2,general,645,644.8431887632584
14349,1,general,365,366.05567854872834
14350,2,general,503,545.2761990801039
14352,2,general,645,644.8431887632584
14353,2,general,1137,1137.1846698583252
14354,4,general,1592,1630.0673156723583
14355,2,infantry_skirmishers,162,178.30021996713432
14356,3,infantry_skirmishers,281,275.47928596155595
14357,2,infantry_skirmishers,278,266.4250023571355
14358,0,cavalry_light,964,970.8885291136916
14359,4,general,994,1020.0444632593413
14360,3,general,797,778.3522387451616
14362,2,general,579,553.9751570495895
14363,1,general,420,495.6004417063152
14366,4,infantry_light,625,623.7572706875699
14367,4,infantry_light,659,699.8456953936526
14368,1,infantry_light,939,965.5395433884755
14369,4,infantry_line,491,567.8628508921466
14370,0,infantry_line,843,830.9381887894336
14371,4,cavalry_light,642,642.264078636488
14372,1,general,383,495.7336446457688
14373,3,general,341,336.9518701727394
14374,1,general,479,479.87392829725377
14375,1,general,294,284.55778049850403
14376,0,general,215,199.94989952016337
14377,4,general,474,521.4221603747833
14378,4,general,820,843.3640688090488
14379,0,general,888,918.5753758815971
14380,3,general,685,656.366033248055
14381,4,general,1112,1145.7706441020764
14382,0,infantry_grenadiers,455,482.71487624814364
14383,4,infantry_grenadiers,377,460.7976788611
14385,3,infantry_line,455,456.4526737075944
14387,4,infantry_line,526,531.4152199217413
14388,1,infantry_line,320,317.14941057046826
14389,0,infantry_line,948,997.0007269215472
14390,3,infantry_line,993,1008.6680678365345
14391,4,infantry_line,804,795.2223386656148
14392,0,cavalry_light,526,559.7486310483908
14393,2,general,332,319.96486654455657
14394,2,general,363,398.43803063358644
14396,0,infantry_line,436,436.5944945716172
14397,1,infantry_line,732,718.2774542355588
14400,4,general,382,367.79284485721297
14401,0,general,262,257.7387171208677
14402,0,general,876,818.3427613980415
14403,1,general,338,359.9954711036528
14405,2,general,1353,1324.7048408060505
14406,4,infantry_grenadiers,447,467.90706431841807
14408,0,infantry_light,493,482.65022619839675
14409,4,infantry_light,674,686.8028574594738
14410,0,infantry_light,1193,1161.9293163139446
14411,3,infantry_line,307,325.9209629387681
14412,4,infantry_line,365,374.90506533258264
14413,4,artillery_horse,100,160.77435628350764
14414,3,cavalry_light,556,606.444261931814
14415,0,general,426,450.1016354369177
14416,2,general,546,530.9733854394518
14417,3,general,448,500.047588133266
14418,2,general,650,625.2809572863185
14419,1,general,546,657.7669135292849
14420,3,general,479,454.08586891202583
14421,0,general,908,914.6830934973078
14423,2,general,1026,965.4052473228469
14424,3,infantry_grenadiers,536,605.5939766476756
14425,1,infantry_grenadiers,1051,1023.2693516003444
14426,4,infantry_light,485,469.24275581628564
14428,1,infantry_line,663,649.5925895440258
14430,3,infantry_line,419,533.2400333237703
14431,4,infantry_line,812,807.1477119553372
14432,0,infantry_line,850,779.8431158663957
14433,1,infantry_line,937,907.1447378261616
14434,1,infantry_skirmishers,223,258.60534986267743
14437,2,cavalry_light,592,617.0572819088968
14438,1,general,1132,1067.8199342628118
14439,4,general,446,457.21508537186213
14440,4,general,177,219.13463714280493
14441,4,general,354,341.58684966354934
14443,2,infantry_line,408,398.8352811462043
14444,2,general,206,217.7821158645346
14445,4,general,78,83.88177594810799
14446,1,infantry_line,249,267.40475534061846
14447,2,infantry_line,261,302.0507996523082
14448,1,infantry_line,185,186.6604794678809
14449,4,artillery_foot,562,632.9873789947408
14452,0,general,437,472.03760489576376
14453,1,general,1051,1051.9180467586498
14454,4,general,568,557.541828039391
14455,3,general,867,850.7805576898583
14456,3,general,496,561.8677949329306
14457,1,infantry_grenadiers,1075,1076.1966283897036
14458,3,infantry_light,479,547.5363748951759
14459,4,infantry_line,377,383.2879594604015
14460,2,infantry_line,688,670.2062082501077
14462,4,cavalry_light,1258,1197.8230742497008
14463,4,cavalry_light,1750,1670.3627258384279
14464,3,cavalry_standard,631,674.9494706687757
14465,4,general,694,704.7445656561962
14466,2,general,1652,1584.4572456206565
14467,2,general,1114,1069.661384681529
14468,0,general,1304,1292.9898374659333
14470,1,general,744,739.3388613834741
14471,3,infantry_grenadiers,1320,1333.204693392544
14472,0,infantry_line,627,623.3320969518073
14473,4,infantry_line,866,886.9688343795609
14474,2,infantry_line,1056,1087.3346531089283
14475,4,cavalry_light,1692,1617.12738002904
14476,3,cavalry_light,774,813.876906480802
14477,3,cavalry_standard,1388,1374.5838104197064
14478,4,general,1512,1449.027623567033
14479,0,general,574,536.669901234863
14480,0,general,667,695.9408638547818
14481,3,infantry_line,611,589.5559553658887
14483,2,general,408,401.365088775693
14485,4,infantry_line,285,299.1597610092366
14486,2,infantry_line,361,368.5101337175324
14487,2,artillery_foot,614,604.646866837896
14488,0,artillery_foot,614,667.9267700858645
14489,3,cavalry_light,968,990.9419279948331
14490,2,cavalry_standard,1054,1118.9559387268919
14491,4,cavalry_standard,945,1073.167588063637
14493,4,general,800,773.6960045070207
14494,1,general,751,882.6819304647092
14495,3,general,918,938.4974234548264
14496,0,general,823,793.2027652023754
14497,0,general,775,802.0501817380656
14499,1,general,537,545.1908350522763
14500,4,general,883,875.9947075068563
14501,2,general,372,372.0423003993981
14502,3,infantry_grenadiers,736,756.4509256243482
14503,2,infantry_grenadiers,936,910.8257909132299
14506,1,infantry_line,672,681.4279625897802
14507,3,infantry_line,663,684.2239425481076
14508,0,infantry_line,483,488.6462408093755
14509,2,cavalry_light,874,790.2640757619599
14510,0,cavalry_light,727,771.6786730540965
14512,2,general,342,357.30983407707066
14513,4,general,753,685.0343454836027
14514,3,general,300,324.1244658412353
14516,1,infantry_light,328,363.1719495783819
14517,4,general,564,565.7097224547335
14518,0,infantry_light,386,374.7273239104915
14520,2,infantry_skirmishers,547,487.28529995891495
14521,0,artillery_foot,473,475.69430383587274
14522,3,cavalry_standard,1104,922.9912693499577
14523,1,general,190,205.9072292474784
14524,2,general,1047,888.2309410984849
14526,3,general,842,807.2105463346468
14528,0,general,645,615.2406753135433
14530,3,infantry_grenadiers,611,625.8324194179796
14531,1,infantry_line,339,334.18127305362015
14532,0,infantry_line,291,317.263869092319
14533,2,infantry_line,1103,1048.4268712338396
14534,1,infantry_line,765,730.2489291913777
14536,0,artillery_foot,309,368.2932927708396
14537,4,artillery_foot,558,540.4930052460967
14538,3,cavalry_standard,1181,1219.5560921163014
14539,3,general,245,267.55787168291994
14540,0,general,1121,1128.3630558161276
14541,4,general,279,298.8703780119418
14542,4,general,377,379.06169716309523
14543,0,general,580,583.2941418672893
14546,4,infantry_light,624,621.5998303350957
14547,1,infantry_line,355,375.5730735162199
14548,4,artillery_horse,631,619.6885651141498
14549,4,cavalry_light,763,793.9379954718459
14550,4,general,613,633.2707878442329
14551,0,general,609,609.3211780657435
14552,0,general,706,721.3895434780877
14553,2,infantry_line,828,840.8935968966321
14554,3,cavalry_light,527,552.3777265235773
14555,3,cavalry_light,404,443.5066357101773
14557,1,artillery_horse,1685,1707.8615850405695
14558,2,cavalry_light,1306,1138.0867583004829
14559,1,cavalry_light,468,486.1069905087052
14560,4,general,338,340.8444098744349
14561,2,general,1154,1002.6799390555127
14562,2,general,1464,1449.22576064527
14563,2,cavalry_heavy,2153,2123.1533169954405
14564,1,cavalry_heavy,1755,1795.424611208085
14565,0,general,1950,1940.6908984610443
14566,4,general,1511,1513.2717974994414
14567,4,cavalry_standard,1607,1601.7756810819255
14568,4,cavalry_standard,1069,908.8227551475234
14569,2,cavalry_heavy,2461,2385.121962947978
14570,0,general,2237,2210.807732170163
14572,4,cavalry_standard,898,832.3904317294279
14573,3,general,1217,1215.394611873367
14576,4,artillery_foot,1322,1272.6939237629235
14578,3,artillery_foot,935,929.1727458367128
14579,1,artillery_horse,947,918.3662534985557
14580,0,general,469,468.61098312044123
14581,0,general,469,468.61098312044123
14582,2,general,1316,1186.8157336803297
14583,4,general,1,1.0
14585,2,general,701,700.7255122639339
14587,2,infantry_skirmishers,345,365.884662032854
14588,2,infantry_skirmishers,318,335.8682203120849
14589,1,infantry_skirmishers,331,318.4868076933852
14590,1,cavalry_heavy,1616,1583.1508668009035
14591,4,cavalry_heavy,1378,1452.500757445741
14593,4,general,218,208.3707624654336
14594,3,general,628,545.2153591364986
14596,0,general,560,494.24706333816914
14597,0,general,173,137.39089771347395
14598,2,general,501,479.62388433934467
14600,4,general,589,618.2158181349463
14603,2,general,880,840.9657000109389
14604,2,general,640,620.5715788202084
14605,1,general,821,709.2660382971453
14606,3,general,501,470.087606933192
14607,1,general,716,773.4177830200279
14608,0,general,954,988.6323972975816
14609,0,general,600,633.4448188293753
14610,2,general,1766,1827.1539738625054
14611,3,infantry_grenadiers,416,455.4016922723512
14614,0,infantry_grenadiers,706,743.2836532409807
14615,3,infantry_grenadiers,883,941.4687465837368
14616,2,infantry_light,281,275.7399684747853
14617,4,infantry_light,513,466.8207566845621
14618,0,infantry_light,647,638.0309545589633
14619,3,infantry_light,471,463.2925076132848
14620,4,infantry_light,560,568.084108547199
14621,3,infantry_light,761,774.9737953638079
14622,0,infantry_line,272,268.5927938325721
14623,1,infantry_line,485,494.6350828349352
14624,3,infantry_line,468,455.8308261631187
14625,1,infantry_line,561,576.1605539528149
14627,4,cavalry_heavy,1020,1060.8595886976073
14628,0,cavalry_heavy,1098,1132.8027965084602
14629,2,general,166,169.09307834247582
14630,3,general,830,847.4589743489195
14631,3,general,599,621.2457259208861
14632,1,general,379,376.62246482025733
14633,2,general,213,226.75781745957104
14634,1,general,189,198.48094877765473
14635,4,general,1012,1091.846648764367
14636,1,general,329,349.3023638723457
14637,0,general,103,122.29455761783314
14638,2,general,292,309.69846233497924
14639,2,general,285,286.84910649742557
14640,3,general,673,727.7458572431448
14641,2,general,544,574.182780381769
14642,0,general,869,832.0904428461953
14643,0,general,359,368.1014928030599
14646,0,general,339,339.2957470997269
14647,2,general,375,377.6138516383148
14648,4,general,634,584.3260197936925
14649,0,general,814,720.2331963266494
14650,4,general,477,483.1850285481043
14651,3,general,625,665.9444571237941
14653,3,infantry_grenadiers,587,580.792711142504
14654,2,infantry_grenadiers,625,607.8730551856945
14655,4,infantry_grenadiers,511,478.44085270756585
14657,0,infantry_grenadiers,732,733.9625964406622
14659,3,infantry_light,757,763.5040930471324
14660,4,infantry_light,570,566.2028942711274
14661,1,infantry_line,289,287.3372297895846
14662,1,infantry_line,260,254.79174933266742
14663,4,infantry_line,200,204.39006856204546
14664,1,infantry_line,327,332.8528274114331
14666,0,infantry_line,360,358.3625632573691
14667,1,infantry_line,202,207.34345630670828
14668,4,infantry_line,654,668.8517690652453
14670,0,infantry_line,528,541.6734145843387
14671,3,infantry_line,514,508.7597666346518
14672,0,infantry_line,431,429.259375974418
14673,3,infantry_line,351,350.19707707426335
14674,3,infantry_line,447,441.121192095341
14675,1,artillery_horse,278,278.44019238441723
14676,0,cavalry_heavy,384,609.5585999010415
14678,0,general,278,297.21593398527983
14679,3,general,226,460.6604905708011
14680,1,general,373,373.8275448741634
14681,0,general,238,242.5675560468436
14682,4,infantry_line,241,241.53483746391498
14683,2,infantry_line,431,436.7050802118257
14684,4,cavalry_heavy,1661,1743.876800415199
14685,3,cavalry_heavy,1130,1117.5232537431216
14686,3,cavalry_heavy,1937,1864.809810969045
14687,3,general,440,401.9318984463451
14688,0,general,1905,1878.2946906298434
14690,4,general,933,954.4798867244741
14692,0,general,359,355.5058513000491
14693,1,general,1728,1687.9585568884286
14694,4,general,101,116.16409228787597
14696,0,general,735,755.3252180627582
14697,1,general,280,294.5426203486919
14698,1,general,215,232.1546719025175
14700,1,general,1267,1090.3078259614724
14701,4,general,267,273.21506749506887
14703,3,infantry_grenadiers,777,792.5341410727934
14704,3,infantry_light,430,419.5280091593267
14705,2,infantry_light,207,208.0307596408864
14706,1,infantry_light,405,406.761180179938
14707,1,infantry_light,514,545.0876874572931
14709,1,infantry_light,287,300.00053447356373
14710,2,infantry_line,678,634.0131642793979
14711,4,infantry_line,339,346.67944789866544
14712,0,cavalry_heavy,1199,1192.7509003720145
14713,4,cavalry_heavy,1328,1397.1116088406798
14714,3,cavalry_light,862,891.1746153308048
14716,4,general,614,583.9923182003671
14718,4,general,181,196.04595699648254
14720,3,general,176,189.48101831148233
14721,3,general,176,183.59888155298637
14722,0,general,101,124.67571315210478
14724,4,general,995,1011.270836969829
14727,1,general,393,420.3211873897742
14728,1,general,354,369.07162981282386
14729,3,general,638,630.3152206720313
14730,0,general,520,552.5783639240514
14732,1,general,368,356.89484228726604
14733,3,general,401,404.3286751657908
14734,3,general,254,251.1061307103477
14735,4,general,370,380.4699207548035
14736,0,general,432,448.82061651389836
14737,1,infantry_grenadiers,330,365.3310489293902
14738,3,infantry_grenadiers,425,426.48570096718464
14739,2,infantry_grenadiers,710,701.5115836385472
14740,1,infantry_grenadiers,536,507.1390971230881
14741,0,infantry_grenadiers,400,397.041052911186
14742,4,infantry_light,411,409.3666821547065
14743,1,infantry_line,249,251.1092058792226
14744,3,infantry_line,237,242.36519837769163
14745,2,infantry_line,274,273.7298616812214
14746,1,infantry_line,196,210.33319386692494
14747,0,infantry_line,329,325.21417061270324
14748,4,infantry_line,450,462.6437880397298
14749,2,infantry_line,356,335.49364631150826
14750,0,infantry_line,416,406.06420475606717
14751,2,infantry_line,575,572.9102035603199
14752,1,infantry_line,536,550.2492643175596
14753,3,infantry_line,460,463.45550457207776
14754,4,infantry_line,433,441.84685855893156
14755,0,artillery_foot,501,495.55493197846954
14756,1,cavalry_heavy,1244,1212.4734229652533
14758,2,general,343,333.5785898397672
14759,0,general,93,112.39610323154466
14760,1,general,324,291.73323136294243
14761,0,general,542,570.6251599230064
14763,3,general,1164,1123.3131841798036
14764,1,general,425,405.49897388493156
14766,3,infantry_grenadiers,425,442.5391478727524
14767,2,infantry_grenadiers,659,675.4371969645522
14768,3,infantry_light,256,253.2288511637596
14769,1,infantry_light,437,411.29480198590045
14770,1,infantry_line,119,150.7876938836443
14771,1,infantry_line,122,128.63072921845878
14772,2,infantry_line,314,297.24722789278525
14773,3,infantry_line,321,318.9006130152436
14775,1,infantry_line,220,219.15281497741861
14776,0,infantry_line,655,633.8924327189768
14777,4,infantry_line,473,462.449233684393
14778,2,infantry_line,404,383.70736158467366
14779,3,cavalry_light,357,370.9591458850394
14780,0,cavalry_light,577,525.6020392334854
14781,3,cavalry_standard,626,630.9650589860651
14782,4,cavalry_standard,434,466.67467325452844
14783,2,cavalry_standard,710,682.9865247008369
14784,3,general,300,323.5694340392458
14786,2,general,462,437.337087891677
14787,2,general,545,531.8064414634074
14788,4,general,306,347.9306910725534
14789,4,general,568,607.5966832081557
14793,1,infantry_light,544,573.3252502325533
14794,2,infantry_line,558,554.5568258160558
14795,3,infantry_line,478,481.5467490099257
14796,1,cavalry_light,570,529.6093758682945
14797,3,cavalry_light,284,306.7658921860133
14798,4,cavalry_light,267,290.5243561925354
14799,2,cavalry_light,332,346.2927383205101
14800,3,cavalry_light,331,340.84599062749135
14802,3,cavalry_light,486,494.8328097425948
14803,4,cavalry_light,383,400.58491925647485
14804,2,cavalry_standard,854,870.7516728617978
14805,0,cavalry_standard,416,434.41278040324335
14806,1,general,244,265.0531921300245
14807,3,general,521,524.763311421646
14808,1,general,228,251.8741835322187
14809,2,general,450,435.89894462110436
14811,0,general,267,280.1943574850424
14812,0,general,724,731.3509018247692
14813,2,general,258,294.2936910870802
14814,4,general,260,296.73737583473985
14815,2,general,366,381.04826582290775
14817,4,general,622,639.166983003355
14818,3,general,411,393.63832403441415
14819,1,general,571,548.1655848954323
14820,1,general,327,358.5438480076184
14821,0,general,533,490.76786480694943
14822,1,general,275,309.475773961707
14824,2,infantry_light,226,233.4815978887441
14825,0,infantry_light,202,213.47991177886203
14826,3,infantry_line,408,409.014045139274
14827,1,infantry_line,582,569.2849315716115
14828,1,infantry_line,350,339.14236524334245
14829,4,infantry_line,434,451.87993210275675
14830,4,cavalry_light,740,725.3538254450351
14831,2,cavalry_standard,876,890.1651051613601
14832,1,cavalry_standard,727,713.8499580839731
14833,0,general,723,738.1657089699235
14834,3,general,34,53.59576129094535
14835,4,general,49,61.395844684597904
14838,1,infantry_line,104,108.61207461412201
14839,3,infantry_line,77,89.64556900791665
14840,4,general,81,92.35543242126373
14841,0,general,18,54.997198814493714
14842,2,infantry_line,102,140.6691278053937
14843,4,infantry_line,125,146.03464808737075
14844,2,cavalry_light,256,276.67440589702153
14845,1,general,156,190.49889196042307
14846,4,artillery_foot,134,162.88041247535682
14847,4,cavalry_standard,601,563.439494948258
14848,0,cavalry_standard,627,600.9504690965597
14849,2,general,636,567.2287593193266
14850,1,general,514,497.6212182306908
14851,2,cavalry_light,500,476.84144794694197
14852,1,cavalry_light,703,680.4790259516975
14853,4,cavalry_light,498,497.43742545323636
14854,2,cavalry_light,836,822.7855690259046
14855,2,cavalry_standard,391,391.0532987067768
14856,4,cavalry_standard,813,836.5070379379176
14857,4,general,705,700.3353015043131
14860,3,general,687,695.7485022002196
14861,0,general,340,344.5420559019167
14863,3,general,376,354.01657409779745
14864,1,general,532,501.32479256149566
14865,1,general,1046,932.2661260974943
14866,1,infantry_grenadiers,752,769.0467470026517
14867,1,infantry_light,429,425.801069899861
14870,3,cavalry_light,225,246.91888009529248
14871,2,cavalry_light,348,351.4039535748136
14872,3,cavalry_standard,889,899.8319604405638
14873,0,cavalry_standard,567,540.6397337414963
14874,1,general,813,794.9816274969455
14875,4,general,93,146.16793886574212
14877,3,general,458,430.14817197517414
14878,0,general,593,589.9255323188
14879,2,infantry_grenadiers,571,547.1897647590012
14880,3,cavalry_standard,736,742.760616938857
14882,1,general,285,300.68272827368446
14883,4,general,670,673.193352613762
14884,1,cavalry_standard,830,828.5260099595894
14886,0,general,301,321.86493043721447
14887,2,general,701,707.3048588815849
14889,1,cavalry_standard,361,383.4255814856046
14891,3,general,665,557.9111088471012
14892,3,cavalry_standard,535,524.6022879764772
14893,0,cavalry_standard,632,616.3941530653286
14894,4,general,567,558.9756098524078
14895,0,general,388,386.5270235483846
14896,0,cavalry_standard,690,660.7908773096012
14897,2,cavalry_standard,937,944.4256554833798
14900,2,cavalry_standard,342,333.4123807239299
14901,4,cavalry_standard,341,338.3533241957713
14903,2,general,372,354.2188489129822
14905,0,cavalry_light,759,755.1360546648024
14906,3,general,1406,1330.07940623864
14907,2,general,628,648.1328816539746
14908,3,general,787,761.0358706175534
14909,3,artillery_horse,810,835.1679301031694
14910,2,artillery_horse,444,443.06944428858134
14911,3,cavalry_light,342,350.96576242590567
14912,4,cavalry_light,263,286.4480260070458
14913,2,general,256,289.9764217392108
14914,3,general,219,240.62826131708601
14916,4,artillery_foot,934,909.7395178820511
14917,1,artillery_foot,914,916.3678356137099
14918,1,artillery_foot,300,309.190886903994
14919,4,artillery_foot,301,308.2729726653888
14921,2,artillery_foot,542,536.9959388661619
14922,0,artillery_foot,537,546.0567008165734
14923,2,artillery_foot,776,743.3114709519581
14924,3,artillery_foot,554,539.5629495895387
14925,3,artillery_foot,51,88.41419030222985
14927,0,artillery_foot,383,365.52906315329557
14928,2,artillery_foot,611,592.8722182134046
14929,3,artillery_foot,453,501.73503356120455
14930,3,artillery_foot,579,565.5836795572484
14931,0,artillery_foot,847,931.6249420186926
14933,2,artillery_foot,864,880.8140099057645
14934,1,artillery_foot,280,292.9767968656658
14935,4,artillery_horse,843,832.8800176226603
14937,4,artillery_horse,923,925.9844072448491
14938,2,artillery_horse,1409,1423.3211242103096
14939,3,artillery_horse,837,841.0040399930516
14940,1,artillery_horse,807,792.9853361511875
14941,2,artillery_horse,428,427.4122432374212
14942,3,artillery_horse,784,800.9185676936632
14944,1,general,1649,1511.1350886241069
14945,4,general,739,803.3015815090026
14946,2,general,761,769.6943893004894
14947,2,general,399,420.61445301671165
14948,0,general,216,216.4951533051496
14949,4,general,83,78.89971529249291
14950,0,general,679,694.2509757611626
14951,0,general,707,708.2957119327549
14952,3,general,1253,1317.5268690920298
14953,4,general,1,1.0
14955,0,general,950,997.4105690166408
14956,2,general,570,571.0751800833261
14957,4,general,570,570.7964937878085
14958,2,general,783,748.0698193148912
14959,3,general,335,356.0133433314962
14960,1,general,853,853.3049034061174
14961,2,general,570,571.0751800833261
14962,2,general,1006,1007.094362542398
14967,2,infantry_skirmishers,149,182.07269003748115
14968,2,infantry_skirmishers,135,167.9341101560424
14969,2,infantry_skirmishers,135,167.9341101560424
14970,2,infantry_skirmishers,135,167.9341101560424
14972,3,infantry_skirmishers,217,211.3957481948311
14973,4,cavalry_heavy,1123,1369.031368112178
14974,4,cavalry_heavy,821,1035.0602094638098
14975,4,cavalry_light,282,293.60595184413853
14976,0,cavalry_light,701,601.4240878766772
14977,4,cavalry_light,824,779.5003096588209
14979,2,cavalry_standard,838,709.3891919448988
14980,3,cavalry_standard,696,634.8630498865031
14981,3,general,962,1195.2765675808373
14982,0,general,639,560.0074539277176
14983,3,general,794,846.4915625701618
14984,3,general,493,466.69102071767105
14985,4,general,161,184.4486607513125
14986,4,general,671,727.7612037799253
14987,0,general,283,265.67392839879096
14988,2,general,324,336.1844955820033
14989,0,general,699,673.2351495741261
14990,1,general,661,612.4742467615687
14991,3,general,635,562.4848749661973
14993,4,general,724,681.4460262616326
14994,3,general,970,924.6946810562547
14995,3,general,708,658.597159424773
14996,3,general,1050,1010.5661943167938
14997,0,general,504,500.2965947967772
14998,0,general,563,539.4005707060478
14999,2,general,367,335.3180848818391
15000,3,general,818,904.297488651894
15001,1,infantry_grenadiers,926,927.5234137162029
15002,0,infantry_light,313,336.9124698278116
15003,3,infantry_light,402,403.8336202127056
15004,1,infantry_light,484,467.7073227137225
15005,2,infantry_light,690,692.0806001875541
15006,2,infantry_light,833,811.6025276118895
15008,0,infantry_line,337,324.79357924247995
15009,3,infantry_line,787,743.6950764047797
15010,2,infantry_line,622,609.6158767276049
15011,0,infantry_skirmishers,216,207.06298950487758
15012,0,infantry_skirmishers,206,211.8480661694314
15014,3,cavalry_light,458,491.1339385617949
15016,3,cavalry_light,841,880.6415608916326
15017,1,general,1312,1256.1058122192376
15018,1,general,1299,1213.2861395493287
15019,0,general,37,62.02527839142185
15020,2,general,211,215.62499385631264
15021,3,general,81,98.16185606075526
15022,3,general,63,78.28877651402873
15023,3,general,958,1044.1170706311304
15026,4,general,21,37.58631766398755
15030,2,infantry_light,154,153.86496452701414
15031,3,infantry_light,148,167.69238547667533
15032,0,infantry_light,469,463.335269692861
15033,4,infantry_light,433,437.51790295993953
15035,4,infantry_line,185,187.19730370644757
15036,0,infantry_line,120,137.46868581150835
15037,4,infantry_line,256,306.5474935901956
15040,3,cavalry_light,677,668.9281828166856
15041,4,cavalry_light,342,356.978880274634
15042,0,cavalry_light,937,927.4131650554702
15043,0,cavalry_standard,1183,1203.6132164362728
15044,4,general,205,195.77264419359716
15045,3,general,188,232.48606002591953
15046,4,general,310,324.3546816906028
15047,4,general,56,64.88319268960633
15050,3,general,754,765.9823680863678
15051,4,general,562,560.6598899936408
15052,0,general,255,295.7512765197499
15053,3,general,78,104.99239746459396
15054,3,infantry_grenadiers,281,296.9918755649965
15056,1,infantry_grenadiers,371,402.30539887447145
15057,1,infantry_light,271,274.62063447950936
15058,0,infantry_line,157,161.4843886492332
15059,3,infantry_line,186,194.78944288798732
15060,4,infantry_skirmishers,159,157.33104900829133
15061,1,general,32,31.79906704614109
15064,2,general,23,25.67948251389946
15065,1,infantry_line,166,158.754800955902
15066,1,infantry_line,124,116.29761705401572
15068,1,artillery_foot,195,216.66901055645891
15069,0,artillery_foot,303,347.3245320392858
15070,0,general,84,103.9679625546308
15071,2,general,393,434.77025571998206
15072,4,cavalry_heavy,1491,1509.5105244981837
15073,0,cavalry_standard,1120,1154.6874788766233
15074,0,general,408,395.74525848447024
15076,1,general,364,345.63458456128274
15077,4,general,69,75.5969857735711
15078,4,general,274,269.8639490255693
15079,2,general,1317,1320.0689093001263
15080,1,general,285,302.0453664128747
15081,3,general,391,458.3761246552145
15082,2,general,330,342.24674564487117
15083,4,general,975,952.5780545297047
15084,0,general,1260,1301.3688666860085
15085,4,general,712,696.6265702118745
15086,3,general,497,492.97209625972454
15087,0,general,405,427.51687370669146
15088,4,general,407,416.81520648384213
15089,1,general,243,248.09609717149166
15091,4,infantry_grenadiers,409,433.642860944606
15093,2,infantry_grenadiers,379,374.8997268341882
15094,0,infantry_grenadiers,412,440.2579849509868
15095,1,infantry_light,301,312.01165686917943
15096,2,infantry_light,361,341.26501959338054
15097,3,infantry_light,322,344.12337437655776
15099,4,infantry_line,144,133.54639236638258
15100,3,infantry_line,185,188.0206828302115
15101,2,infantry_line,470,478.8961884058847
15103,0,infantry_line,525,523.4414309856214
15104,2,general,189,198.2528771838841
15105,4,general,165,170.65706056462642
15106,1,general,230,233.23191206706713
15107,3,general,209,217.40575674290704
15109,1,general,374,346.62982535287176
15110,4,general,417,386.0372840314798
15111,2,general,297,289.3390202936302
15112,2,general,208,194.49914887506753
15113,3,general,628,642.4662307390734
15114,0,general,125,137.9074189926066
15115,4,general,734,678.0070858649008
15116,4,general,438,433.9381646030189
15118,0,general,623,581.1594245298703
15123,1,general,429,440.3494158851728
15124,0,general,362,362.6583225160808
15125,0,general,183,175.57587503338965
15127,4,infantry_grenadiers,283,294.0411076538414
15128,4,infantry_grenadiers,596,582.9243833723849
15129,4,infantry_grenadiers,534,491.21514419530547
15130,4,infantry_grenadiers,676,664.7357126555751
15131,4,infantry_light,478,473.35156370062043
15132,2,infantry_line,355,347.38596429149476
15133,0,infantry_line,223,233.59040838673624
15134,0,infantry_line,307,290.334461352964
15135,4,infantry_line,326,304.22900979559324
15136,0,infantry_line,207,218.07570094798146
15137,2,infantry_line,227,238.98528340796472
15138,2,infantry_line,295,297.84999452471243
15139,3,infantry_line,490,498.1811766990088
15140,1,infantry_line,288,264.0749422040212
15141,2,infantry_line,451,463.7868453181584
15142,2,infantry_line,512,527.3083646442042
15143,4,infantry_line,413,419.182076637069
15145,1,artillery_foot,1211,1184.710117469281
15146,4,cavalry_light,517,545.4320585820202
15147,0,cavalry_light,368,372.2153332643062
15148,2,general,66,76.23970005892679
15149,3,general,304,309.20075692268927
15151,2,general,1713,1471.1780884486734
15152,1,general,272,289.5300046936747
15153,0,general,73,74.29917076073187
15154,1,general,79,111.71805990640186
15157,4,general,164,128.70040374744838
15158,4,general,491,464.59619639618194
15159,1,general,322,345.76916265409983
15160,0,general,247,238.81056549150196
15161,3,general,893,906.9059449067792
15162,3,general,1196,1146.7381681830739
15163,3,infantry_grenadiers,357,361.941886260431
15164,3,infantry_grenadiers,948,937.8602381422093
15166,4,infantry_light,210,210.52954002492677
15167,1,infantry_line,268,216.70179596903222
15168,2,infantry_line,142,129.56731780711146
15171,2,infantry_line,739,763.9560170722594
15172,1,infantry_line,318,304.65742937968764
15173,3,infantry_line,254,238.67587619480398
15174,3,infantry_line,392,454.5108570130165
15175,4,infantry_skirmishers,156,161.4072593799929
15176,2,general,69,67.92458178817292
15177,1,general,150,152.3513155420144
15179,0,general,268,303.2287477078137
15180,3,general,196,249.83502537757704
15181,1,infantry_grenadiers,339,370.7897311811239
15182,0,infantry_grenadiers,268,309.7032411876102
15183,2,infantry_line,167,163.29904155857517
15184,0,infantry_line,251,249.97563828107621
15186,3,artillery_foot,333,325.6391834019179
15187,4,general,433,460.2126108023288
15188,0,artillery_foot,794,776.5293608827492
15189,2,cavalry_heavy,2404,2330.9904101101865
15191,4,cavalry_light,893,903.642063215127
15192,2,cavalry_standard,1339,1342.5997618490605
15193,4,general,413,419.5274635173467
15194,2,general,70,83.81564317879189
15196,1,general,715,717.9987715970161
15198,3,general,185,184.99567156112158
15199,3,general,323,323.5882264972045
15200,0,general,1126,1130.6465419209098
15202,2,general,278,271.4310633449014
15203,1,general,2164,2128.3916766498264
15205,1,general,406,384.27201965137004
15206,3,general,336,350.10830975731295
15208,3,general,216,212.89861549033617
15210,2,general,976,871.7406586158168
15211,2,infantry_grenadiers,392,400.0085906133399
15212,2,infantry_grenadiers,823,823.7148526115541
15213,4,infantry_light,453,455.6094048945273
15214,1,infantry_light,388,424.37179334773566
15215,3,infantry_light,441,450.08535616912985
15216,2,infantry_light,489,463.72446923086903
15218,4,infantry_line,279,284.106069640693
15221,2,infantry_line,132,163.08354510650142
15222,2,infantry_line,205,188.06204462664417
15225,0,cavalry_lancers,1103,1112.3246931537476
15228,3,cavalry_light,482,458.68622049743044
15229,3,general,650,687.6813719523949
15230,3,general,104,122.77260438251685
15231,1,general,348,328.8633163871434
15232,1,general,1481,1474.9896045266642
15233,4,general,68,83.33755604078179
15234,3,general,673,675.0570380007052
15235,3,general,57,64.8328281827442
15236,4,general,225,226.76708125675708
15237,3,general,310,322.88491446584015
15238,3,general,184,185.12468804985508
15239,4,general,176,187.887958348668
15241,4,general,65,75.33061896771949
15242,0,general,297,285.719816610157
15245,1,general,225,219.00104516432808
15246,2,infantry_grenadiers,415,413.10751451044257
15248,2,infantry_light,163,156.42109880187382
15249,4,infantry_line,287,279.0753045246395
15251,0,infantry_line,290,279.2314342225854
15252,1,infantry_line,271,273.575608096881
15253,1,infantry_line,168,175.57001133403156
15254,4,infantry_line,232,235.91788666580774
15255,3,infantry_line,576,578.2643144326531
15256,4,infantry_line,330,316.2395257479354
15257,0,cavalry_heavy,673,844.3585962998104
15258,4,cavalry_light,317,326.60963131459573
15259,2,cavalry_standard,824,761.2799678645564
15262,1,general,496,651.1486523401207
15263,3,general,679,603.3317045163184
15264,0,general,323,311.70782362810127
15266,3,infantry_line,498,470.67711906229937
15267,4,cavalry_heavy,1324,1334.1950931223641
15268,0,cavalry_heavy,2151,2103.967470649655
15269,0,cavalry_heavy,1409,1431.234110923641
15270,1,cavalry_heavy,1221,1248.714325805476
15271,3,general,1185,1225.6839919172075
15273,0,general,2040,1992.2329711578896
15274,0,general,1373,1466.2883451169241
15275,0,cavalry_heavy,1542,1516.0127874317777
15277,2,cavalry_heavy,1436,1414.623779499773
15278,2,cavalry_heavy,1624,1655.0566151277797
15279,3,general,1107,1116.8192361710435
15280,4,general,1729,1754.5002808849204
15281,0,general,1269,1264.1924716763458
15283,2,general,1456,1445.446197594477
15284,0,infantry_light,301,306.15822813426195
15285,2,infantry_light,288,288.6937431084661
15286,4,general,168,184.84137779412873
15287,4,general,76,97.03380239679763
15288,1,infantry_line,131,150.02858471917781
15289,3,infantry_line,116,148.53054839174663
15290,4,general,48,63.54206630826609
15292,2,infantry_line,112,135.45409043459387
15294,2,infantry_light,525,522.8052799320741
15295,1,cavalry_light,510,507.615494214457
15297,1,general,189,181.72113420816726
15298,0,general,234,227.02219244257782
15299,3,general,590,535.804363632861
15301,3,infantry_light,537,500.9757429780311
15302,1,infantry_light,285,299.9223658608476
15303,1,infantry_line,199,199.59496442324703
15304,4,infantry_line,249,246.24733281330722
15307,4,cavalry_light,468,512.220659454118
15308,4,cavalry_standard,1085,1080.6924186521471
15310,0,general,288,291.82511113274
15312,4,general,214,216.40591957714236
15313,0,infantry_light,339,346.06186800537495
15314,4,general,124,120.06397615933973
15315,3,infantry_line,225,214.553912037739
15316,3,infantry_line,174,164.12702292654586
15317,1,general,169,171.18307005776106
15318,4,infantry_line,124,152.09000225679353
15319,1,infantry_line,110,132.94334768318794
15320,3,cavalry_light,365,371.1677627190636
15321,3,cavalry_light,384,381.84079120828596
15322,4,general,398,406.5692327024469
15323,1,general,238,246.72284052462734
15325,3,cavalry_heavy,1697,1629.3713769402834
15327,0,general,1796,1736.4546290689295
15329,3,artillery_foot,183,199.41931353505274
15330,3,artillery_foot,467,487.76413556743216
15331,2,artillery_foot,486,480.3826220466528
15332,3,artillery_foot,1628,1642.8324792036433
15333,4,artillery_foot,881,874.9583971550016
15334,2,artillery_foot,1249,1257.3212588365814
15335,0,artillery_foot,794,776.5293608827492
15336,2,artillery_foot,1197,1205.7424662373337
15337,2,artillery_foot,1127,1115.3082817540983
15339,4,artillery_foot,1268,1328.3565127839154
15340,2,artillery_foot,274,265.0209027444879
15341,0,artillery_horse,757,718.4691945196059
15342,2,artillery_horse,83,132.59001631965194
15344,4,artillery_horse,623,629.5837817312415
15345,1,artillery_horse,614,607.0350533374211
15346,2,artillery_horse,606,609.2053163102844
15347,3,artillery_horse,515,515.664032867648
15348,2,artillery_horse,497,495.2624996755365
15349,1,artillery_horse,950,903.4890119032387
15350,2,artillery_horse,626,673.0889825808896
15351,3,general,1071,1119.6232781214958
15352,2,general,741,741.4400811336318
15353,4,general,407,395.22441877839526
15354,3,general,336,361.57946720234224
15355,0,general,281,281.1665898722648
15356,0,general,281,281.1665898722648
15357,0,general,748,699.0876167241214
15358,3,general,159,159.39907321324793
15359,0,general,920,919.8778213042965
15361,2,general,1141,1134.2203871773656
15362,4,general,870,862.8141645883371
15363,0,general,27,84.28866402236706
15364,1,general,1109,1107.2199947268302
15366,2,general,1308,1307.5338447797835
15367,2,general,117,102.07465180195818
15369,2,infantry_grenadiers,265,245.1607991454533
15370,3,infantry_grenadiers,258,255.23045615120395
15371,0,infantry_grenadiers,290,260.1386539783619
15373,4,infantry_skirmishers,82,106.50592267833976
15374,4,infantry_skirmishers,337,335.5267230939504
15375,4,infantry_skirmishers,339,344.57232985299237
15376,1,infantry_skirmishers,304,276.3544458810553
15377,0,infantry_skirmishers,187,223.0745182292341
15378,0,infantry_skirmishers,188,224.3225161355668
15379,3,infantry_skirmishers,176,199.014138968846
15380,4,artillery_foot,601,557.4570528548068
15382,0,general,315,295.62429431819925
15383,1,general,119,121.51498581460221
15384,1,general,241,244.76651885091434
15386,3,general,130,150.8146815166654
15387,3,general,128,135.55299845063035
15390,0,general,383,468.5534864020967
15391,0,general,169,148.72321337133258
15394,3,general,501,514.4648726899047
15395,4,general,410,424.5048423982568
15396,4,general,537,551.5171550526154
15397,3,general,444,416.6291102032106
15398,1,general,485,561.4950732847612
15400,3,general,406,396.83524286804476
15402,4,general,792,806.5999192440908
15403,1,general,754,727.8353376684433
15405,3,general,302,365.49735734294893
15406,0,general,880,897.090843028171
15407,3,general,250,251.16252141366434
15408,3,general,647,635.3603028008714
15409,4,infantry_grenadiers,471,484.95610007997004
15410,4,infantry_grenadiers,617,610.6567013851258
15411,0,infantry_grenadiers,801,816.2273149744706
15413,4,infantry_light,392,378.1891601056601
15414,3,infantry_light,426,419.8102723717389
15415,1,infantry_light,189,219.0979533259553
15416,3,infantry_light,572,567.070152219472
15417,3,infantry_light,294,347.62829302316936
15418,1,infantry_light,344,352.21596362420496
15419,4,infantry_light,496,499.72970912238117
15420,4,infantry_light,554,610.5525585618675
15421,0,infantry_line,163,168.13756991081493
15422,1,infantry_line,229,235.38061044562838
15423,2,infantry_line,334,333.86318503419375
15424,4,infantry_line,182,190.30697828091803
15425,1,infantry_line,328,318.7549179107214
15427,2,infantry_line,397,396.17012446868114
15428,2,infantry_line,313,378.7761075804545
15430,3,infantry_line,465,458.8103354712109
15431,3,infantry_line,366,346.7130555875261
15432,4,infantry_line,319,312.5961146376438
15433,2,infantry_line,739,709.028583755271
15434,4,infantry_skirmishers,288,266.186254110541
15436,1,general,119,122.52119826965559
15437,3,general,617,621.4642075361851
15438,1,general,205,212.2994378414877
15439,0,general,72,79.83083310272995
15441,1,general,191,184.17998782566553
15442,3,general,168,173.37771156307664
15443,1,general,158,159.78442354346424
15444,0,general,108,114.16504055667254
15445,4,general,208,207.63240045413573
15447,0,general,320,387.59671936460506
15448,4,general,132,133.83377114944983
15449,3,general,437,449.03395680741113
15450,2,general,288,293.58068851694935
15451,0,general,415,410.5533899946294
15452,1,general,589,584.8958758986544
15455,1,infantry_grenadiers,580,576.0071710363769
15456,0,infantry_light,467,352.41467146007165
15457,0,infantry_light,275,283.8597394042863
15458,4,infantry_light,570,594.7614554057226
15459,4,infantry_line,249,254.8034976371657
15460,3,infantry_line,224,224.20102741053796
15462,0,infantry_line,222,219.82163160774766
15463,4,infantry_line,206,216.95117361220642
15464,4,infantry_line,287,320.97064341218305
15465,3,infantry_line,429,435.09444555432407
15467,1,infantry_line,401,407.0715649606684
15468,4,infantry_line,396,399.35723221506595
15469,1,infantry_line,237,232.7003770775467
15470,0,infantry_skirmishers,184,202.32767073552986
15471,1,infantry_skirmishers,262,272.16158481623273
15473,4,general,251,251.99318477381132
15474,3,general,190,193.10437512806752
15475,3,general,501,523.5742338036048
15476,0,general,220,227.768422061797
15477,0,general,554,553.8639655350229
15478,2,general,651,647.6070951781729
15481,0,infantry_light,364,371.7319622738606
15482,3,infantry_line,296,294.2535228631616
15483,3,infantry_line,477,494.56392673354924
15484,0,infantry_skirmishers,223,179.15574873751598
15485,0,infantry_skirmishers,332,376.80869882599444
15486,0,artillery_foot,732,692.4505951949159
15487,2,artillery_horse,842,842.5191709901012
15488,0,cavalry_light,280,307.8633809054556
15489,4,cavalry_standard,988,986.0853309927852
15490,1,general,985,962.0348967632964
15491,4,general,141,188.1465227146292
15493,2,general,247,239.98362702237552
15494,4,general,122,118.23189000446843
15496,3,general,394,374.30283750879636
15497,2,general,140,149.2964990806257
15498,4,general,101,101.02300215132782
15500,0,general,261,250.0632091135124
15501,0,general,113,124.80787173599347
15502,1,general,207,201.4962377507589
15503,2,general,338,309.6496946189259
15504,1,general,98,98.31846299075046
15506,3,general,264,241.21323877380448
15508,0,general,218,195.25306345835764
15509,2,general,342,351.0515783237537
15511,4,general,244,235.99542417299517
15512,0,general,153,159.4966232651189
15513,3,general,154,155.83393957966211
15514,0,general,283,279.601219562399
15515,1,general,245,246.32865975861364
15516,0,general,259,272.5514234253347
15518,3,general,274,271.48650121147523
15519,4,general,232,233.70063738423516
15522,2,general,206,203.18009279814174
15523,3,general,274,271.48650121147523
15525,3,infantry_grenadiers,576,558.6032022509936
15527,0,infantry_light,172,184.68033367411223
15528,2,infantry_light,449,432.04326784798354
15529,3,infantry_light,315,302.6184838667624
15530,0,infantry_light,348,351.40660142088666
15531,4,infantry_line,315,303.0318427922111
15532,0,infantry_line,203,201.33345562384287
15534,0,infantry_line,182,206.9551398746488
15535,1,infantry_line,362,358.86245363045293
15536,4,infantry_line,173,184.22789091878371
15538,3,infantry_line,369,369.5996849033598
15539,4,infantry_line,247,237.35921569411673
15540,3,infantry_line,459,536.438264350925
15541,2,infantry_line,318,311.4554110739143
15542,4,infantry_line,314,305.31231093080845
15544,0,infantry_line,269,260.7097571625519
15545,1,infantry_line,306,286.96489242320905
15546,3,infantry_line,409,432.9070659440034
15547,4,infantry_line,330,341.456521053631
15548,1,infantry_skirmishers,309,281.94809262161925
15549,3,infantry_skirmishers,292,266.9782686370459
15550,3,infantry_skirmishers,178,151.15796605071012
15551,4,infantry_skirmishers,201,175.63342350216968
15552,3,artillery_foot,196,199.31017146394035
15553,4,artillery_foot,381,409.29158788942715
15554,4,artillery_horse,635,627.1348482401686
15556,2,general,202,201.71550935676242
15557,3,general,136,139.83442760926692
15558,0,general,404,390.188855407259
15559,0,general,300,292.7355481269616
15560,3,general,493,487.5010396336511
15561,0,general,355,343.48000202855224
15563,0,general,199,238.55124263555876
15565,4,general,67,102.92320334057611
15566,4,general,226,218.1782512226375
15568,3,general,58,66.78980936980182
15569,2,general,127,123.46923152948757
15572,2,general,391,398.8389168621974
15573,1,general,465,470.88477304782907
15574,4,general,411,425.56138760156057
15575,2,general,439,439.5275549683997
15576,4,general,184,208.4863301788854
15577,2,infantry_grenadiers,337,345.49327930156744
15578,0,infantry_grenadiers,342,359.5532916470755
15579,2,infantry_light,408,401.7946086441367
15580,2,infantry_light,212,237.77006058308677
15582,1,infantry_light,528,562.7446234050681
15584,2,infantry_line,243,241.78581890018953
15585,4,infantry_line,225,226.96683114629363
15586,2,infantry_line,206,205.5410266554619
15587,3,infantry_line,187,192.99679606479182
15588,1,infantry_line,286,285.39520013900653
15589,3,infantry_line,128,143.077568456366
15590,1,infantry_line,162,163.82653418149883
15591,3,infantry_line,165,166.53967571770283
15592,1,infantry_line,119,103.2300718916754
15593,1,infantry_line,499,508.3844806044299
15594,1,artillery_horse,366,370.56739368860826
15596,0,cavalry_light,420,427.4694914021881
15597,4,general,291,298.62670004703347
15598,3,general,65,66.94249422643202
15599,2,general,474,480.7530113528843
15601,1,general,133,140.53762483017198
15602,0,infantry_grenadiers,298,325.80002761742094
15603,2,infantry_line,139,137.5053030251981
15604,0,infantry_line,357,351.2457406826103
15606,1,artillery_foot,285,280.2158343028523
15607,1,cavalry_standard,690,661.2319254457279
15608,3,general,575,531.2144420847504
15609,2,general,154,158.0529742011814
15610,2,general,154,158.0529742011814
15611,4,general,449,467.9715690896039
15612,1,infantry_grenadiers,222,219.45187857626
15614,4,infantry_line,220,223.51826004543264
15615,2,infantry_skirmishers,186,222.13816670581426
15616,3,cavalry_light,559,571.5415752002888
15617,4,cavalry_standard,584,597.7223578055754
15618,0,cavalry_standard,703,759.4165502212884
15619,3,general,245,240.6036708469652
15620,2,general,545,583.7078440370537
15621,3,general,240,224.77613368205854
15622,1,general,236,230.93773736840032
15623,1,general,474,477.5835768996837
15624,4,general,415,404.2242645907591
15625,4,general,191,210.76552656139086
15626,0,general,402,445.7604672891069
15627,0,general,112,127.7287853484948
15628,4,general,584,625.61600348615
15629,4,general,464,476.3067946179639
15630,3,general,675,764.1406755888994
15631,3,general,359,370.4425895283206
15632,1,general,620,622.063843015103
15634,3,general,205,211.35439911147006
15635,2,general,880,905.5248425310675
15636,3,general,168,174.9035960925228
15637,1,general,240,241.51588855183752
15639,0,general,561,570.9086970034526
15640,2,general,328,299.16685107724356
15641,4,general,80,110.00448138859242
15642,2,infantry_grenadiers,479,487.7412147148171
15643,2,infantry_grenadiers,823,819.7400977570837
15644,0,infantry_light,344,346.0106380074763
15647,3,infantry_line,300,300.35841344483015
15648,1,infantry_line,187,200.6524918615431
15649,3,infantry_line,189,212.6340058697609
15651,0,infantry_line,534,533.9817770396229
15652,1,infantry_line,374,360.38792097804384
15653,2,infantry_line,355,321.2981409062559
15654,2,infantry_line,353,335.4703730036828
15656,4,infantry_line,545,577.8517432987036
15658,1,artillery_foot,632,546.8460368256731
15660,1,cavalry_light,758,699.4499113633755
15661,1,cavalry_light,588,513.4765962709816
15662,2,cavalry_light,380,392.9886281947966
15663,3,cavalry_light,707,686.2701427084069
15666,4,cavalry_standard,384,373.6960124929742
15667,0,cavalry_standard,782,801.5025644868488
15668,2,general,688,637.6344044645988
15669,1,general,175,175.86199812070396
15670,2,general,250,266.43905090700946
15671,0,general,216,210.5197328264731
15673,0,general,380,362.5996607499988
15674,0,general,343,379.0138073054152
15675,4,general,591,584.2269498270063
15677,2,general,310,292.2709482438784
15678,2,general,135,137.50607594544368
15679,3,general,217,256.98304799121837
15680,4,general,180,217.14976504088594
15681,1,infantry_grenadiers,372,363.6405087152668
15682,0,infantry_line,319,318.9726298782929
15683,3,infantry_line,163,157.9174864518621
15684,1,infantry_line,227,228.35072468078963
15685,2,infantry_line,293,324.5181016385065
15686,2,cavalry_standard,928,957.5671066616151
15687,0,cavalry_standard,643,583.9853689360372
15688,1,general,412,400.4415509535041
15690,2,general,753,771.4443404870862
15691,0,infantry_line,392,379.7092436981838
15692,2,cavalry_standard,357,360.58717455868157
15693,4,cavalry_standard,357,358.9406644775993
15694,2,general,389,380.36483830889324
15696,3,general,251,260.3222210430902
15698,0,cavalry_light,263,273.80530112858463
15699,2,general,68,87.86402399265947
15700,2,general,86,122.36785532273329
15701,2,general,147,143.75620981850852
15702,1,general,133,136.85968277635303
15703,0,general,152,157.2616165464995
15704,0,general,228,218.64773183118257
15705,0,infantry_light,205,208.00228412034508
15706,2,infantry_light,194,231.48440655885176
15707,4,infantry_light,148,164.5900992865477
15708,2,infantry_line,251,249.2617333096597
15709,1,infantry_line,109,115.53222759310731
15710,1,infantry_line,234,222.7565793648948
15712,2,cavalry_heavy,1165,1157.5311119544176
15713,4,cavalry_lancers,847,758.0873921248359
15714,4,cavalry_lancers,1019,944.6195052952356
15715,3,cavalry_light,836,770.4501511220236
15716,1,cavalry_light,805,776.3970415809071
15717,1,cavalry_light,1158,1228.259020571247
15720,0,general,621,574.6213767929429
15722,1,general,1157,1220.7809959763285
15723,4,general,966,947.0846795135335
15724,0,general,116,122.29250480629216
15725,4,general,682,650.0134353696216
15727,0,general,944,937.2593346846937
15728,4,general,255,255.1705924144465
15729,4,general,391,387.0439251865811
15733,0,infantry_line,203,213.8983965971195
15734,1,infantry_line,155,153.3407331368532
15736,3,infantry_line,249,259.02957990167306
15737,2,infantry_militia,94,117.06527864736769
15738,3,infantry_militia,120,145.69393137725655
15739,2,infantry_militia,116,166.45997209401972
15740,0,cavalry_standard,328,337.1192507703847
15741,1,general,97,122.25068087999159
15742,2,general,121,154.1604842651268
15746,3,infantry_line,229,262.8751811456502
15748,2,infantry_line,400,301.3411130091489
15750,1,general,209,214.51616454007686
15752,1,infantry_line,276,276.3650589698377
15753,3,infantry_line,157,141.4271701971097
15754,1,artillery_horse,507,479.6686551080248
15755,3,cavalry_light,392,377.0837559555501
15757,2,cavalry_light,292,309.04430827828315
15758,3,cavalry_standard,688,670.134795201316
15761,0,general,100,102.4071308582238
15762,0,general,470,491.7475686148524
15763,2,general,148,138.87132581342127
15764,0,general,267,264.92017314039856
15765,4,general,578,552.7586930454366
15767,0,general,737,649.6010545335836
15768,4,infantry_light,214,217.3546946738622
15769,0,infantry_line,140,133.53944720106713
15770,0,cavalry_standard,503,469.2417001589056
15771,1,cavalry_standard,439,408.9376897331423
15772,4,general,313,286.5484628449417
15773,2,general,456,404.72261828730706
15774,0,cavalry_standard,906,924.5887737040391
15775,1,cavalry_standard,811,761.3476167758524
15776,4,general,688,614.4783458022998
15778,1,cavalry_standard,880,883.6539051044342
15779,2,cavalry_standard,603,604.1645992831013
15780,0,cavalry_standard,695,744.7658280986735
15781,3,cavalry_standard,810,788.8705195748674
15782,0,general,649,632.0229879408965
15783,4,general,626,653.3256408012667
15785,0,general,875,828.9689832725736
15786,2,general,212,217.33357737617712
15787,3,general,228,241.319862465785
15788,1,infantry_line,223,226.37821875202943
15789,3,infantry_line,248,249.77249255749
15792,4,cavalry_standard,768,720.9431521283498
15793,2,cavalry_standard,870,885.0758138208641
15794,2,cavalry_standard,934,962.7180594311648
15795,4,cavalry_standard,573,524.5299579158142
15796,1,general,764,681.3908767043913
15797,4,general,865,800.906197483748
15798,1,general,993,929.3414477502503
15799,0,general,435,380.32331330196524
15800,1,general,26,47.97125635294606
15801,0,general,378,339.02276472371875
15802,0,infantry_line,130,130.1826889778669
15803,0,infantry_line,234,220.72894498205818
15804,1,infantry_line,87,96.9963266878654
15805,4,infantry_line,107,121.61721535509956
15806,4,artillery_foot,1136,1183.842223696074
15807,2,artillery_foot,356,339.7134709495788
15809,2,artillery_foot,917,934.6889416585166
15811,4,artillery_foot,505,519.4135991499348
15812,0,artillery_foot,502,498.65060779611457
15814,2,artillery_foot,678,632.3953969371544
15815,4,artillery_foot,1413,1357.572550530276
15816,3,artillery_foot,325,318.52947851393213
15818,4,artillery_foot,483,503.00101774383893
15819,3,artillery_foot,319,313.4999802123109
15820,1,artillery_foot,606,621.4482609262661
15823,3,artillery_foot,467,452.6990420632909
15824,0,artillery_foot,449,444.4258940543731
15825,0,artillery_foot,289,287.03628888754537
15826,4,artillery_horse,576,569.6058581032293
15827,4,artillery_horse,915,913.4743513602953
15828,1,artillery_horse,486,465.616005174983
15830,3,general,323,305.8926053842094
15831,4,general,1569,1617.3148091393953
15832,2,general,424,411.89079149903984
15833,3,general,336,319.86088531866403
15834,3,general,1453,1380.0205690191847
15835,0,general,281,281.1665898722648
15836,0,general,583,528.2959222427612
15837,0,general,281,281.1665898722648
15838,3,general,159,159.39907321324793
15839,2,general,420,420.4353073583604
15840,2,general,466,460.5724920981279
15841,2,general,741,741.4400811336318
15842,3,general,159,159.39907321324793
15843,3,general,159,159.39907321324793
15844,1,general,574,574.0888779208802
15845,1,general,574,574.0888779208802
15846,3,general,159,159.39907321324793
15849,4,infantry_skirmishers,233,226.15487844511654
15851,3,infantry_skirmishers,185,204.31200668169123
15852,4,infantry_skirmishers,302,286.4720353499118
15855,0,general,393,390.2767532854925
15857,0,general,638,640.3834701742303
15858,1,general,806,703.6323248340525
15860,3,general,911,785.0679019704532
15862,1,general,1239,1212.2464501186612
15863,4,general,622,583.3002194511312
15864,1,general,802,807.7423826702287
15865,0,general,831,801.6633217930195
15866,2,general,359,307.7012443590831
15867,4,general,415,377.62873607762083
15868,3,infantry_grenadiers,711,782.5253517080196
15871,1,infantry_light,1018,1004.458933867025
15872,4,infantry_light,736,739.0665420781673
15873,3,infantry_line,282,272.6307236124586
15874,2,infantry_line,522,510.8129849411034
15877,2,general,437,450.66067744870946
15879,0,general,247,252.91354148551346
15880,3,general,109,118.79502742087087
15881,0,general,184,237.18421645252192
15882,1,general,314,311.7038287419555
15883,1,general,495,513.0816533442196
15884,3,general,488,480.4900258097388
15885,4,infantry_light,424,404.9581262712009
15887,1,infantry_line,308,294.04947991926014
15888,3,infantry_line,223,235.26512387386288
15890,4,infantry_line,355,357.9150207731147
15891,1,infantry_line,478,471.86462242552864
15892,0,infantry_line,613,629.5591531513975
15893,0,infantry_line,546,543.212824181897
15895,2,general,118,129.50937402068314
15896,2,general,385,367.62093544450823
15897,2,general,589,636.748115553795
15898,0,general,1066,931.3366092862207
15899,0,general,871,833.0710153708036
15900,0,general,412,396.7550270331743
15903,0,infantry_light,911,884.6829670564175
15904,2,infantry_line,496,490.2134028416482
15905,4,infantry_line,512,539.7721176883488
15906,4,infantry_line,190,191.0739442967648
15907,1,infantry_line,769,760.7051446471332
15909,0,infantry_line,390,360.72814749740246
15910,0,artillery_foot,448,462.3048107863257
15911,2,artillery_foot,1071,1015.1678713442958
15912,3,artillery_horse,732,735.5201392765678
15913,2,general,151,151.32775970888986
15914,2,general,317,305.252821496271
15915,0,infantry_line,366,354.1538834088214
15916,0,infantry_line,258,259.9308208861647
15917,3,artillery_foot,287,337.617085462009
15918,2,cavalry_light,1165,1303.2113472875249
15919,4,cavalry_light,1011,1040.4080656206318
15920,0,general,955,1084.0720812575453
15921,2,general,257,252.896469445143
15922,3,general,330,328.28120854711983
15923,4,general,477,458.01712057744356
15924,3,general,722,702.9365133704667
15925,2,general,86,110.41447129102957
15926,1,general,188,231.89872841295855
15927,3,general,652,599.8548923065066
15928,3,general,827,817.3895861179398
15930,0,general,212,282.03113693387365
15931,4,infantry_light,625,649.2353182340574
15933,1,infantry_line,688,714.0222962335453
15934,3,infantry_line,384,389.3473120141248
15935,0,infantry_line,181,173.91290961345655
15936,3,infantry_line,166,168.05661202027278
15937,3,infantry_line,372,387.3404772782257
15938,1,infantry_line,291,334.7236272420626
15939,2,infantry_line,326,415.08783296458665
15940,1,artillery_foot,897,889.0487910619362
15941,0,general,438,448.19171386397863
15942,3,general,432,428.3993798330541
15943,2,general,404,406.83759651256673
15945,2,general,597,608.6809254752018
15946,3,general,463,431.27549895474124
15947,3,general,399,382.47051377101684
15948,4,infantry_light,552,559.8744497272671
15950,3,infantry_line,295,309.51031794083224
15951,1,infantry_line,453,454.39554905383693
15952,4,infantry_line,773,794.2999326155209
15953,3,infantry_line,502,498.250202615468
15954,2,infantry_line,564,546.4034122588068
15955,4,infantry_line,459,431.5610522336878
15956,2,general,250,253.74147405143407
15957,2,general,435,454.33432316242425
15959,4,general,321,306.68648977378
15960,3,general,355,453.9215326757796
15961,3,general,960,908.1120504454498
15962,4,general,587,531.9723510120311
15963,4,infantry_grenadiers,669,834.1298000923445
15964,3,infantry_light,369,434.96521381507034
15965,1,infantry_light,618,599.0830235029362
15966,4,infantry_line,397,403.05217030690574
15967,3,infantry_line,363,376.26410936445853
15968,0,infantry_line,423,437.57352527160623
15969,4,infantry_line,869,859.4847054538346
15970,4,infantry_skirmishers,306,331.4658197565157
15971,2,artillery_foot,317,354.714448954325
15972,1,artillery_horse,901,939.167378317197
15973,2,general,744,763.085112520907
15975,3,artillery_foot,528,514.7769782276621
15976,4,general,446,431.1758065347721
15977,4,general,344,390.1175768527639
15979,3,general,283,308.5171222677592
15980,0,general,314,408.47204201184024
15982,1,infantry_light,398,407.3635597600245
15984,2,infantry_line,653,670.5116714380806
15986,0,infantry_line,385,468.2139434813132
15988,1,general,336,352.55041626636836
15989,0,general,174,152.6362088571797
15990,0,general,1146,1109.3660860087605
15991,0,general,736,726.2527664640277
15992,2,general,1045,979.233540603234
15993,2,infantry_grenadiers,875,796.081861453257
15995,3,infantry_line,392,403.82429525547457
15996,0,infantry_line,1018,984.957397616526
15997,4,infantry_line,849,866.3912132660352
15998,4,general,583,605.4812581944167
16000,4,infantry_line,550,573.0448200147467
16001,2,infantry_skirmishers,227,228.26513362139235
16003,0,infantry_light,484,501.4898884588978
16007,1,general,232,294.8457510978369
16008,3,general,2138,2169.9147569501133
16010,0,infantry_line,201,272.04393363387686
16011,4,infantry_line,270,310.25324127411443
16012,0,cavalry_heavy,2533,2485.3036236617572
16013,0,general,2720,2714.2209532471975
16014,0,infantry_light,533,561.3403909931856
16015,0,infantry_light,241,251.00711950703993
16016,3,infantry_line,361,375.36319065971185
16017,3,cavalry_heavy,2290,2334.2206440976543
16018,3,cavalry_lancers,855,759.1097889002334
16021,1,general,401,368.12206436019517
16022,2,infantry_line,517,485.56857940328075
16023,1,infantry_line,530,493.9866650064828
16024,0,infantry_line,637,623.3998361415617
16025,0,infantry_line,499,471.920104667362
16026,0,general,492,486.33710279534654
16027,4,infantry_line,446,444.8283653850145
16028,3,infantry_line,548,540.8178120213728
16029,2,infantry_line,541,528.5618859339872
16030,0,cavalry_lancers,988,1082.85858922061
16032,2,cavalry_light,485,534.8705508126812
16033,0,general,559,655.6048410747375
16034,1,general,316,358.72115018509953
16035,0,cavalry_lancers,1164,1202.3043055924297
16036,3,cavalry_light,1094,1022.344651993447
16038,3,cavalry_light,916,865.1389933154379
16039,1,general,864,851.4133650300894
16040,0,general,273,277.44196793462976
16041,2,general,1105,1120.5904597080953
16042,4,general,1035,992.8737924223176
16043,1,general,740,704.3230259721618
16044,4,infantry_light,473,479.1084464092147
16045,3,infantry_light,578,586.8791474513746
16046,4,infantry_light,433,417.7404454847759
16047,2,infantry_line,329,335.6754305357836
16048,3,infantry_line,300,323.041059906113
16049,1,infantry_line,432,425.6378045894902
16050,4,infantry_line,417,398.70370016170193
16051,0,artillery_horse,694,713.8392862981472
16052,3,cavalry_light,1265,1205.1280004167772
16053,4,cavalry_light,1513,1528.2534712154995
16054,3,general,1066,995.8102973978279
16055,3,general,1621,1596.8532884718156
16056,4,general,440,447.60971422775276
16057,1,general,280,309.3774670878159
16058,4,general,677,666.7005874941526
16061,3,infantry_line,411,417.5982444579924
16062,4,infantry_line,271,280.2257463845811
16064,2,general,264,268.85078456500463
16065,0,general,262,264.7602433135313
16066,2,infantry_light,431,444.00109617454996
16067,3,infantry_light,460,470.90326327087274
16068,2,infantry_line,316,326.38587225785824
16070,0,infantry_line,368,379.68335693006975
16071,4,infantry_line,526,519.1083588159903
16072,3,infantry_skirmishers,236,251.63325873390355
16073,1,cavalry_standard,1023,1024.1395254043878
16074,2,cavalry_standard,1140,1121.5072856808533
16076,1,cavalry_standard,699,717.5289987759687
16078,4,general,463,461.7087317925738
16081,2,general,315,371.47310269642276
16082,3,artillery_foot,918,1031.5253619643286
16083,2,artillery_foot,521,577.1812088554464
16085,1,artillery_foot,444,423.9074156269267
16086,3,artillery_horse,690,687.9372943944829
16087,2,artillery_horse,1233,1348.5982649276234
16088,2,infantry_grenadiers,419,277.05625920083963
16089,1,infantry_skirmishers,184,240.960459961089
16090,2,artillery_foot,898,819.5762057546548
16091,3,artillery_foot,566,578.6048322599147
16092,1,artillery_foot,1901,1906.9498217149896
16093,0,artillery_foot,1971,2028.8615698588696
16094,3,artillery_foot,1133,1182.8199258747393
16095,4,artillery_foot,525,524.3990095934245
16097,2,artillery_horse,1647,1581.5920882552105
16098,1,general,469,468.59472473800406
16099,1,general,1407,1220.4181643818342
16100,1,general,266,265.89633605512137
16101,4,general,1846,1784.9960413038673
16102,1,general,469,468.59472473800406
16103,2,general,1,1.0
16104,0,general,792,711.2841041600616
16105,0,infantry_grenadiers,344,253.88576211279172
16106,1,infantry_grenadiers,507,602.5127371060621
16108,2,infantry_skirmishers,331,299.02920526653537
16109,1,infantry_skirmishers,242,266.23652270322924
16110,1,cavalry_lancers,319,319.02191709047963
16111,1,cavalry_light,803,880.6669763253104
16113,4,general,382,384.15241309481576
16114,0,general,229,236.28281526224401
16115,0,general,102,104.6364601607529
16116,4,general,317,356.73508631224155
16117,2,general,149,146.7172200457654
16118,4,general,639,693.972564335475
16120,4,general,169,204.25495910985322
16121,1,general,320,298.8036051216753
16123,0,general,443,434.72955331535314
16124,1,general,197,204.3178798666862
16125,0,general,275,255.087318481805
16126,1,general,895,828.1154692524186
16128,1,general,292,295.22093380041457
16129,0,general,348,326.78812706131566
16130,4,general,439,438.6411723668277
16131,4,general,547,559.78652759232
16132,4,infantry_grenadiers,338,365.4206703229447
16133,2,infantry_grenadiers,349,386.97896438707227
16135,2,infantry_grenadiers,283,310.86206888035497
16136,0,infantry_light,304,313.5816451720184
16137,2,infantry_light,490,502.7467533827675
16138,4,infantry_light,264,266.82705520446643
16139,2,infantry_light,357,357.7829828757604
16140,1,infantry_light,555,563.2440874164286
16141,0,infantry_line,293,265.8455903377133
16142,4,infantry_line,258,240.56805956151757
16144,1,infantry_line,137,127.62962868856945
16145,4,infantry_line,661,672.0893562518727
16146,4,infantry_line,340,319.29913211012513
16147,4,cavalry_light,379,375.43448933454056
16149,3,general,236,226.30634025800867
16150,3,general,560,571.3680685980191
16152,1,general,287,284.6219022742004
16153,0,general,71,79.77025277364987
16154,3,general,135,137.82684541835226
16155,3,general,282,288.9367414765709
16156,3,general,103,107.94463673619464
16157,1,general,341,325.5018121983284
16158,4,general,380,365.757573567625
16159,2,general,261,256.36682673800857
16160,4,general,203,208.55003054975742
16161,1,general,150,153.8686634536454
16162,0,general,661,681.3084580191112
16163,1,general,527,522.6331962576804
16164,2,general,331,348.54379349345345
16165,1,general,457,475.16326889338336
16168,2,infantry_light,266,274.4698082372661
16169,1,infantry_line,365,356.9324527613207
16170,3,infantry_line,327,315.1465495049381
16171,2,infantry_line,176,176.09700711377832
16172,3,infantry_line,236,231.04446294692542
16173,1,infantry_line,207,196.7645810356939
16174,3,infantry_line,391,386.07478460294266
16175,4,infantry_line,120,124.81918710938385
16177,4,artillery_foot,163,162.71921200357386
16178,0,cavalry_lancers,520,481.3254480256321
16180,2,cavalry_light,402,389.93987350503244
16181,2,cavalry_light,543,553.8404670007855
16182,2,cavalry_light,382,361.25286623149856
16184,0,general,584,510.3641684377885
16185,2,general,204,249.84220380807605
16186,1,general,300,314.0184076020029
16187,4,general,237,237.0745130791922
16188,3,general,247,245.72864596421823
16190,3,infantry_line,138,144.65348027566762
16192,4,infantry_line,374,365.28086265397695
16193,3,infantry_line,306,305.5046478206888
16194,1,infantry_line,352,345.1071290487187
16195,2,artillery_foot,333,348.68828788549905
16197,1,general,555,563.868053861981
16199,2,general,1092,1067.2861839996879
16200,0,general,120,121.06856992969381
16201,1,general,188,212.85566939686709
16202,3,general,248,237.74935867370755
16203,1,general,496,466.89429121932807
16204,4,general,106,112.80482570538324
16205,0,general,759,786.1056515285834
16206,2,general,431,425.9434801989433
16207,1,general,512,504.93952318553374
16208,1,general,398,407.86691378894085
16209,4,general,336,353.45702443162355
16210,4,general,588,588.9618386236646
16211,2,general,366,376.275687516075
16212,4,general,393,377.2826556296618
16213,4,infantry_grenadiers,209,236.8718700735257
16214,2,infantry_grenadiers,584,581.4589704445154
16215,2,infantry_grenadiers,816,845.5609829180719
16216,1,infantry_light,415,412.2631625053103
16217,1,infantry_light,175,181.60027417913213
16218,1,infantry_light,512,528.5764927783263
16219,4,infantry_light,550,550.4643933570422
16220,2,infantry_light,451,455.9576046851548
16222,4,infantry_line,348,332.34819138361206
16223,1,infantry_line,444,450.90505791381236
16224,1,infantry_line,363,366.1913622186444
16225,0,infantry_skirmishers,129,124.95843967840321
16227,3,cavalry_heavy,1471,1452.8150129107808
16228,3,general,176,172.86657485891786
16229,4,general,183,178.02178962898125
16230,4,general,1395,1400.7554889711516
16231,3,general,200,201.90995247606003
16232,3,general,86,86.37785353310443
16233,0,general,368,354.57927452381716
16234,3,general,378,374.50245026773564
16235,4,general,616,604.7601022335419
16236,2,general,135,118.52518666913126
16238,4,general,699,742.2485009719251
16239,0,general,338,345.2650443427624
16240,0,general,265,281.5608081985484
16241,3,general,695,684.4999872505075
16242,2,general,413,420.2721276822434
16244,3,infantry_light,250,238.90662150777084
16245,4,infantry_light,834,828.3146965981371
16246,0,infantry_light,603,561.3666180977277
16247,1,infantry_line,297,296.90258365425177
16248,1,infantry_line,423,422.06334599233196
16251,1,infantry_line,425,434.5104075891081
16252,3,infantry_line,334,352.93390676169406
16253,2,infantry_line,402,410.59067110825333
16254,1,infantry_line,178,136.46280732377363
16255,1,artillery_foot,303,328.821439157635
16256,3,cavalry_heavy,1237,1233.9281450629385
16260,1,general,260,266.99288648338216
16261,3,general,194,191.4845678530513
16262,2,general,129,134.1250048765985
16263,1,general,204,232.1313568261172
16264,2,general,76,83.58937895475933
16265,1,general,159,168.8670211467366
16267,4,general,1009,987.0819334267461
16268,4,general,394,366.6732231620945
16269,4,general,315,295.1353795762958
16270,3,general,441,455.4638247313159
16271,0,general,566,574.7886074466238
16272,3,general,409,415.0299095747778
16273,0,general,269,264.7338820021248
16275,1,infantry_grenadiers,881,839.1087339673246
16276,2,infantry_grenadiers,559,565.8897880904698
16277,2,infantry_grenadiers,472,476.6927144373105
16278,4,infantry_line,177,173.96696019334883
16279,4,infantry_line,195,190.457939337244
16280,4,infantry_line,262,257.3935858329702
16281,3,infantry_line,194,167.77567605260495
16282,2,infantry_line,374,361.9878702771624
16283,3,artillery_foot,205,268.68064782096735
16284,2,cavalry_heavy,1149,1148.9304574458592
16285,1,general,128,168.8344587562678
16286,3,general,955,955.3777209545638
16287,2,cavalry_heavy,1179,1169.9472545215021
16288,4,general,979,992.9589219097688
16289,3,cavalry_heavy,1462,1399.9283598479024
16290,0,cavalry_lancers,286,257.98848530712803
16292,1,general,1463,1427.1707503385344
16293,3,artillery_horse,1918,1385.2592984776932
16294,1,cavalry_light,679,661.3987598435222
16296,3,general,279,279.69514284811703
16297,3,general,557,551.7211311998295
16298,0,general,302,301.06076484338155
16299,4,general,564,500.87712360029036
16300,3,general,166,154.80332180389746
16301,2,general,266,240.52312714201548
16302,1,general,181,187.46249849066342
16303,4,general,121,127.46110408013499
16304,2,general,181,169.26490808111566
16305,1,general,376,378.24479281058706
16306,4,general,489,487.4166360766911
16307,2,general,197,226.12042375072133
16309,4,infantry_grenadiers,271,284.12296121963595
16310,0,infantry_light,294,301.7242557388424
16311,2,infantry_light,603,595.5464707403141
16312,4,infantry_line,245,245.62600217337143
16313,4,infantry_line,274,246.57713723560596
16314,2,infantry_line,288,309.443838097908
16315,1,infantry_line,289,268.64524048223115
16316,4,infantry_line,226,221.69963519030733
16317,1,cavalry_heavy,887,969.3698345354366
16318,0,cavalry_lancers,957,1002.0430539968085
16319,0,cavalry_light,459,457.4228743189674
16320,3,cavalry_light,258,271.6467439677778
16321,4,general,49,55.41609696481444
16322,0,general,151,156.84789079109
16323,4,general,214,206.2880744497286
16324,1,general,205,228.52016986769308
16325,3,general,893,976.2876245060721
16326,4,general,456,464.3697687478489
16328,1,general,634,797.4834340558689
16329,0,general,243,243.74266892133892
16330,0,general,96,99.32932583263829
16331,0,general,81,92.310832791188
16332,1,general,245,259.38629980646147
16334,1,general,531,532.2119692766056
16335,4,general,695,684.3462820478883
16336,1,general,56,63.15335770104123
16337,1,general,469,465.48118287244927
16339,0,infantry_light,294,296.5244132903132
16340,0,infantry_light,183,190.39036440120162
16341,4,infantry_light,176,177.5073077722303
16342,3,infantry_light,165,158.1511152442548
16344,4,infantry_line,151,148.0259412050797
16345,4,infantry_line,579,585.0501982123815
16346,1,infantry_line,586,597.6573528491688
16347,2,infantry_line,314,326.705830188376
16348,2,artillery_foot,403,429.4115229085896
16349,1,cavalry_lancers,457,452.4828871678754
16350,4,cavalry_lancers,320,331.5306300877191
16351,2,cavalry_light,810,809.312773893038
16353,2,cavalry_light,407,417.4828204101686
16354,3,cavalry_light,450,437.61243530913026
16355,2,general,284,300.3916978950886
16357,2,general,184,192.50427032173894
16358,0,general,14,57.05052440064211
16361,0,general,76,92.6144420913586
16362,3,general,327,340.4435125790883
16363,2,general,80,91.86370059146387
16364,3,general,119,142.11573571526793
16365,2,general,415,431.3096112457062
16366,1,general,688,694.239864741418
16367,0,general,185,191.04684465782807
16368,2,general,489,481.89096941000184
16371,0,general,437,422.04825993228644
16372,3,infantry_grenadiers,330,334.1698758820557
16373,3,infantry_light,195,197.96244771706282
16374,4,infantry_light,543,533.768217462319
16375,0,infantry_light,544,540.1414893228202
16376,2,infantry_light,476,487.58249348296255
16378,2,infantry_line,279,278.83252872764143
16379,0,infantry_line,150,156.06807940827034
16380,2,infantry_line,182,185.20551379007816
16381,3,infantry_line,96,121.19724310702992
16383,0,infantry_skirmishers,230,206.0080104247342
16384,0,artillery_foot,531,587.2733896250697
16386,0,artillery_horse,584,576.6591317991592
16387,1,general,763,788.8899414834412
16389,4,cavalry_heavy,1122,1133.23836045941
16390,1,general,115,126.26719235991449
16392,0,general,1122,1130.8507711668842
16393,1,general,514,516.3149945144621
16394,3,general,518,462.9966898128137
16395,0,general,662,675.6055731900713
16396,4,general,506,508.90608598445823
16397,2,general,616,576.4503636307063
16398,4,general,820,836.1011277656987
16399,4,infantry_grenadiers,768,761.9898905339709
16400,3,infantry_grenadiers,447,439.67377178480956
16401,3,infantry_light,220,227.77236012925533
16403,1,infantry_line,619,621.9595457782557
16406,1,general,1033,1043.8430926191936
16407,0,general,271,265.4951859384494
16408,2,general,360,398.3206843622894
16409,1,general,615,597.6709907811377
16413,2,general,476,486.84046725803233
16414,3,general,434,428.0354207683466
16415,3,infantry_grenadiers,593,577.3158773428639
16416,4,infantry_light,494,502.45538018072637
16417,3,infantry_line,568,561.8530635560387
16418,0,infantry_line,368,411.57298341157536
16419,0,infantry_line,358,359.4127288794114
16421,4,cavalry_heavy,1156,1164.9220166969687
16422,3,cavalry_heavy,880,924.4461241531452
16423,0,cavalry_lancers,542,494.579936945382
16424,0,cavalry_lancers,267,238.64360714558202
16425,3,cavalry_light,440,428.7141738365456
16427,2,cavalry_standard,1102,894.4050524234636
16428,1,general,735,788.5294050806963
16429,0,general,915,799.0039346497188
16430,3,general,119,168.12823705314017
16431,2,general,907,711.2924479947944
16432,4,general,302,304.5531239530349
16433,3,general,1307,1360.3613860728037
16434,4,general,529,525.4115066946653
16435,1,general,683,658.0238450155189
16436,2,general,470,476.60908180846485
16437,0,infantry_line,581,585.8813405132331
16438,2,cavalry_heavy,1549,1466.506142068053
16439,1,cavalry_light,613,584.9096635008138
16440,1,cavalry_light,320,303.94544356348985
16441,1,general,553,530.0278713025563
16442,3,general,1313,1264.877179077874
16444,0,general,399,358.1086291827888
16445,0,infantry_line,383,357.7069848101818
16446,1,artillery_foot,560,410.36707931851174
16447,3,artillery_horse,1518,1632.0540413989452
16448,4,cavalry_heavy,1132,1141.024313144076
16449,1,general,1363,1435.6856180295947
16450,0,general,1059,1075.750263338039
16451,3,cavalry_heavy,1223,1207.9373464769744
16452,2,cavalry_lancers,245,234.00224006651786
16454,3,general,1144,1117.4431769817509
16457,4,cavalry_light,358,359.1022931091589
16458,2,general,292,307.5412101559784
16459,3,general,177,199.32281514971652
16460,3,general,243,263.7365684046417
16461,2,general,124,148.34105598031968
16462,3,general,596,584.8222320068027
16464,2,infantry_line,195,218.7716028990339
16465,1,infantry_line,524,534.4522161910559
16466,2,infantry_line,453,456.9762043139927
16467,1,cavalry_light,365,365.2526353931284
16468,0,cavalry_light,413,395.0216296510529
16471,4,general,257,272.42833083125515
16473,4,general,223,246.95975877527397
16474,3,general,205,232.65255180508058
16475,2,general,357,361.7668172410655
16476,4,general,666,683.9901691023986
16477,3,general,923,868.9052237196235
16478,2,general,673,661.07368809527
16479,0,general,231,242.45619299082333
16480,2,infantry_grenadiers,588,593.6260556577287
16481,3,infantry_line,339,339.77279331281073
16482,4,infantry_line,624,625.6632873714618
16483,3,cavalry_light,812,864.1792322740438
16484,1,cavalry_light,359,352.55396709414947
16485,3,cavalry_light,557,554.2035168770109
16486,4,cavalry_light,340,344.3629747927359
16487,2,cavalry_light,696,724.3083229094838
16488,0,general,816,899.0598753978566
16489,2,general,388,387.50653428055824
16490,3,general,262,274.1079963887035
16491,3,general,688,745.7726842477891
16492,0,general,637,664.2231337616224
16493,0,general,452,460.8043173735717
16494,0,general,380,399.0748202518732
16495,1,general,460,480.33998048954936
16496,1,infantry_line,446,457.8734526982877
16497,1,cavalry_standard,879,832.8603078414286
16498,4,cavalry_standard,539,555.3746465610005
16500,1,general,284,288.3088297828172
16502,4,infantry_line,342,338.9762541989257
16503,0,infantry_line,226,223.5339685801581
16504,1,infantry_skirmishers,116,129.3075086706756
16505,4,cavalry_standard,539,560.4460988371932
16507,1,general,550,520.938811627499
16508,0,general,449,457.1529033712821
16509,3,artillery_horse,974,967.1434596050159
16510,4,artillery_horse,325,324.33050964865254
16511,0,cavalry_lancers,369,370.88215782067664
16512,0,cavalry_lancers,558,511.54926023455687
16513,3,cavalry_lancers,541,495.98554696172994
16514,2,cavalry_light,436,441.8883894845371
16515,3,cavalry_light,411,417.9409068013848
16516,1,general,493,487.0903017551982
16517,3,general,285,298.46287221234746
16518,3,general,534,507.33454314697025
16519,0,general,229,257.46550386194986
16520,1,general,391,397.4920899332252
16521,4,cavalry_heavy,2274,2433.2532832834154
16523,3,cavalry_lancers,642,628.7289808591147
16524,1,cavalry_lancers,314,317.2482696348233
16525,4,cavalry_lancers,661,680.5027660605857
16526,4,cavalry_lancers,706,709.5829965669377
16527,0,cavalry_light,337,337.4991862876682
16528,3,cavalry_light,688,686.7969939045537
16529,1,cavalry_light,696,698.9876588154984
16531,3,cavalry_light,344,350.832063790468
16532,2,cavalry_standard,1478,1428.2471487262621
16533,0,general,356,349.03370808584873
16534,2,general,416,430.41815412708206
16537,1,general,241,250.66473925753644
16538,0,general,693,690.0359666805268
16539,0,general,267,264.614576806811
16540,0,general,198,208.62954627247646
16541,0,general,488,509.09628072762973
16544,2,general,751,784.1102092035351
16545,4,general,1394,1346.7907065669963
16546,3,infantry_line,131,123.04409461684142
16547,3,infantry_line,225,227.59496984445116
16548,1,artillery_horse,1206,1236.7511997368465
16549,1,cavalry_lancers,434,383.9521566449631
16550,3,cavalry_light,595,580.8486853082024
16551,3,cavalry_light,753,767.2753720477562
16552,4,cavalry_light,278,276.69718324173215
16553,0,cavalry_light,649,656.681317698723
16554,1,cavalry_light,344,339.94343382578654
16555,1,cavalry_light,357,334.8968166929166
16556,1,cavalry_light,1324,1397.0625963552732
16557,0,cavalry_light,716,691.9271941734045
16558,2,general,536,526.4984729799802
16559,4,general,1232,1216.0895462386002
16561,4,general,470,556.3490567166922
16562,4,general,310,294.65568738012433
16564,0,general,593,607.241774406309
16565,3,cavalry_lancers,1027,1068.2249453627355
16566,4,general,844,831.0565127311777
16568,4,infantry_light,282,279.4474764098066
16569,0,cavalry_heavy,1062,1011.4240437218908
16570,1,cavalry_lancers,999,1038.783789848738
16571,3,general,996,1083.5237120050458
16572,1,artillery_foot,1491,1391.425060214023
16573,2,artillery_foot,1428,1545.2343443120353
16574,4,artillery_foot,810,791.1469605016232
16575,0,artillery_foot,672,683.7179548861901
16576,3,cavalry_heavy,848,852.0861645605057
16577,2,cavalry_heavy,1224,1195.8827471061375
16579,4,general,1069,1057.5525724694005
16580,4,general,1706,1477.7500246716418
16581,2,general,1661,1516.4479835660536
16582,2,general,1506,1550.480884706243
16583,1,general,713,746.1335955292277
16586,0,artillery_horse,973,931.2265590791187
16588,1,cavalry_heavy,794,831.6971692297963
16589,3,general,1377,1346.3758652215668
16590,3,general,630,648.3109961131945
16592,3,general,902,935.8656710269667
16593,3,artillery_foot,714,706.1620053015464
16594,3,artillery_foot,720,726.9714825653873
16596,1,artillery_horse,415,430.900035765485
16597,1,general,569,570.8114269581018
16598,4,artillery_horse,788,800.729377241923
16600,3,general,433,483.2011852900457
16601,2,general,144,188.1321223732113
16602,3,infantry_grenadiers,263,274.3209902559266
16603,1,infantry_skirmishers,189,207.52189306656183
16604,0,artillery_foot,296,232.74038300016338
16605,4,artillery_foot,610,547.7423946325757
16606,4,artillery_foot,307,275.3522669409242
16608,0,artillery_foot,522,546.8689413454969
16609,0,artillery_foot,614,654.6080963784964
16610,4,artillery_foot,743,621.1803405543883
16612,3,artillery_foot,607,612.645791503514
16613,0,artillery_foot,710,759.3082943341917
16616,1,artillery_foot,383,306.78442211852854
16617,3,artillery_foot,233,230.8802765440028
16618,2,artillery_horse,733,749.9956589355953
16619,0,artillery_horse,1103,1127.8505950528913
16621,4,artillery_horse,649,606.4342476468428
16622,1,artillery_horse,1126,1114.237816948918
16623,3,artillery_horse,974,967.1434596050159
16624,4,artillery_horse,912,939.143956499555
16625,2,general,631,687.9574214911877
16626,1,general,255,255.59712258436593
16627,2,general,55,54.946290764512874
16628,3,general,548,575.0125803212268
16629,2,general,513,517.2352343789737
16630,3,general,348,289.3197972323082
16631,1,general,2221,1836.9024331823935
16632,2,general,55,54.946290764512874
16635,3,general,145,144.90824837567993
16636,2,general,1,1.0
16638,2,general,895,917.1581201231814
16639,0,general,674,674.0388421532433
16641,1,general,522,521.8989799280729
16642,0,general,674,674.0388421532433
16643,2,general,534,633.681695898114
16644,1,general,255,255.59712258436593
16645,0,infantry_grenadiers,166,147.9322566386699
16646,1,infantry_grenadiers,499,544.3365453900245
16647,1,infantry_skirmishers,208,224.60584849859387
16649,3,infantry_skirmishers,196,196.05494981221764
16650,3,infantry_skirmishers,197,198.09056364955487
16651,1,cavalry_light,597,571.9574768293971
16653,2,general,205,177.29856739239187
16654,2,general,239,238.46876789642826
16655,2,general,648,621.6464125371622
16656,1,general,73,65.95399984518971
16657,4,general,344,351.71307160109535
16659,3,general,578,542.5635059240398
16660,3,general,879,922.7981605373817
16661,2,general,688,624.1850542892095
16662,1,general,382,391.9482706007231
16663,1,general,192,194.4677224159683
16664,0,infantry_grenadiers,807,846.1437608199983
16665,1,infantry_light,299,314.34095526674923
16666,2,infantry_light,291,290.88508819449913
16667,2,infantry_light,607,552.772145222208
16669,2,infantry_line,303,289.3396345566991
16670,3,infantry_line,177,171.5200235742265
16671,3,infantry_line,329,336.30575450827837
16672,4,infantry_line,307,294.07418537754705
16673,0,general,237,237.05128040142355
16674,4,general,374,364.2041670458108
16675,1,general,428,424.10198955885915
16676,4,general,204,221.92745663030558
16678,1,general,732,736.1807013495104
16679,2,general,535,514.143888501301
16680,0,general,804,808.1696998646457
16681,1,general,343,331.4976605274633
16682,4,infantry_light,290,307.4636587849247
16683,3,infantry_light,537,561.4634863296476
16684,1,infantry_line,219,221.33318978930117
16685,2,infantry_line,480,473.7828125455969
16686,3,infantry_line,123,129.27466289707417
16687,3,infantry_line,457,443.94994486208043
16689,1,infantry_line,845,868.351019411444
16690,0,infantry_skirmishers,249,262.77173594635127
16692,4,cavalry_standard,662,672.3650631061757
16693,0,general,521,510.98712150621145
16694,2,artillery_foot,671,676.4121667226533
16695,1,general,533,498.94985359360976
16696,1,general,476,473.26256239338704
16697,2,general,148,152.54584095573364
16698,0,general,112,116.76887276944835
16699,0,general,409,397.0649425940551
16700,4,general,284,256.5464015383704
16704,3,infantry_line,178,183.384346016247
16705,2,infantry_line,247,261.85712906861374
16706,1,infantry_line,211,223.93698815283028
16707,4,infantry_line,433,416.020221353539
16708,4,infantry_line,395,375.33063676001063
16709,3,infantry_line,509,507.6826863332287
16710,1,general,343,353.55518216886816
16711,3,general,477,473.79091360697316
16712,0,general,85,88.70432729541754
16713,2,general,427,419.30837419926456
16714,0,general,681,706.3778303070541
16716,0,general,695,710.9800493900536
16717,2,general,415,412.4569917163015
16719,1,infantry_grenadiers,659,639.1478464910464
16720,3,infantry_light,587,616.5798696523275
16721,4,infantry_light,490,481.9173014504466
16722,2,infantry_line,189,200.53385256223964
16723,3,infantry_line,282,284.5097380460267
16725,1,infantry_line,469,459.7274936442957
16728,2,artillery_foot,364,381.229401430186
16729,3,general,403,400.3225388546146
16730,2,general,125,130.09479480685476
16731,2,general,170,184.20725485281122
16733,3,general,223,256.1370014714991
16734,0,general,964,977.7099503189138
16735,4,general,735,716.5439246639713
16736,4,infantry_grenadiers,784,777.0760879194057
16738,0,infantry_line,233,241.7900964740022
16739,3,infantry_line,310,331.9500136180021
16740,1,artillery_horse,651,662.6635967295625
16741,4,cavalry_lancers,1645,1635.6210891054911
16742,1,cavalry_light,1281,1334.299710855761
16743,4,cavalry_light,1323,1366.302558167114
16744,4,cavalry_light,860,839.3371313728364
16745,4,general,459,452.6467615111158
16746,1,general,741,738.5016938404099
16747,4,general,266,182.18530437047565
16748,4,general,476,450.41735957109125
16749,0,general,287,350.4566133151474
16751,2,general,1573,1605.1774037336752
16752,2,general,438,386.6278528049445
16754,2,infantry_grenadiers,443,299.6851593557127
16755,4,infantry_light,312,371.7706035495785
16756,4,infantry_light,408,403.92610942650487
16757,0,infantry_line,401,368.6637234182419
16758,2,infantry_line,434,383.8925877330966
16759,4,infantry_skirmishers,121,176.72058093504006
16760,4,general,383,367.5539649312982
16761,3,general,120,126.76504617801172
16762,1,general,329,316.767968916674
16763,1,general,427,423.6422474325448
16764,1,general,593,588.1946547392397
16765,0,general,408,401.19156077498906
16766,0,infantry_grenadiers,719,738.1019717439511
16767,3,infantry_light,524,521.4384293352033
16768,0,infantry_line,439,424.86602976256506
16769,0,infantry_line,305,311.86816218430477
16770,1,infantry_line,195,192.7472169904392
16771,3,infantry_line,327,335.06221467949626
16772,4,artillery_horse,817,743.2276498442495
16773,1,cavalry_heavy,1848,1719.7056074997865
16774,4,cavalry_light,782,755.2344475789399
16775,3,general,1846,1863.0339497067262
16777,0,general,796,784.6138444999349
16778,0,artillery_foot,860,753.8804744797151
16779,4,artillery_foot,483,521.4010673877913
16780,4,general,209,209.04146842503638
16781,4,general,756,665.8036205633196
16783,1,infantry_line,224,262.65361620743766
16784,4,infantry_line,309,320.21640460395275
16785,0,infantry_line,182,216.15121324387547
16786,4,cavalry_light,607,577.8859957244938
16787,1,cavalry_light,1143,1231.6196885085308
16789,0,general,289,260.0476782450433
16790,4,general,1051,1132.950924323644
16792,3,general,1075,1172.4012243757427
16793,2,general,918,864.0461373746563
16794,1,general,265,227.91843726214944
16795,1,infantry_line,348,310.4482980084271
16796,2,infantry_line,511,419.95699625608995
16798,3,infantry_skirmishers,324,324.58280106826487
16801,3,cavalry_standard,909,925.1423614468648
16802,2,general,102,117.1063484828308
16803,2,general,98,103.11315960150881
16805,4,general,177,201.70201697778515
16806,4,general,1059,1025.4778581299051
16807,0,general,1160,1225.319532475351
16810,4,infantry_line,196,206.97287493868347
16811,0,infantry_line,159,216.81779264812354
16812,2,infantry_line,194,207.48222048113038
16813,0,infantry_line,139,172.72059312720276
16814,2,infantry_line,254,247.67367725431544
16815,0,infantry_skirmishers,130,175.62524603844258
16816,1,general,168,164.9086060770643
16817,0,general,138,130.40137779678327
16819,1,infantry_line,269,274.7537549598435
16820,2,artillery_foot,241,298.8099009822584
16823,0,cavalry_light,653,610.4612602335861
16825,0,general,179,176.5534778603773
16826,4,general,544,508.031203851788
16827,4,general,493,547.8160206181834
16828,0,general,215,215.96555088332698
16829,4,general,299,302.69066900056924
16830,3,general,274,258.5262870691655
16831,2,general,653,725.4498238809084
16832,3,general,349,335.56186580646533
16833,0,general,567,553.5826909102941
16834,4,infantry_light,283,291.0717691038219
16835,2,infantry_line,374,372.7371547209764
16836,3,infantry_line,269,288.18135721740737
16837,4,infantry_line,290,299.661126630282
16838,1,infantry_line,622,612.9236134492911
16839,1,infantry_line,410,400.7578133680081
16840,0,artillery_foot,187,231.95753242436885
16841,1,cavalry_heavy,1580,1498.5485252410203
16842,0,cavalry_light,949,1062.1603154148056
16843,0,general,812,928.6611924622298
16844,3,general,124,139.56632807084912
16845,3,general,109,123.75991718695825
16846,1,general,628,450.8356304254803
16847,4,general,1412,1414.5743075101402
16848,2,general,447,438.7308619358363
16850,3,infantry_line,194,207.27118996581504
16851,0,infantry_line,179,192.21080775750164
16853,1,infantry_line,418,397.6973144767337
16854,1,infantry_skirmishers,488,375.88710757161016
16855,2,general,449,445.5590830430143
16856,0,general,378,371.6166704943557
16857,0,general,325,309.8052870098615
16858,4,general,457,446.16263085028254
16859,3,infantry_light,487,492.96681062639624
16860,1,infantry_light,387,371.5741289606049
16862,4,general,195,183.7654856672773
16863,3,infantry_line,298,304.0527812296817
16865,1,general,142,152.2465638035922
16866,0,general,40,65.97435488716572
16867,3,general,201,221.97704508199058
16869,1,infantry_line,208,212.4943374838205
16870,1,cavalry_light,409,395.2941970430366
16871,4,artillery_foot,860,871.4817174591298
16872,4,artillery_foot,413,404.24923207377043
16874,0,artillery_horse,1134,1300.804077927012
16875,2,general,87,86.34417120137738
16878,2,general,1,1.0
16879,2,infantry_skirmishers,159,186.826360094087
16880,0,infantry_skirmishers,219,217.81024534082584
16881,4,infantry_skirmishers,181,185.97530177602647
16882,3,cavalry_light,869,893.8344764244912
16883,1,cavalry_light,986,1072.5009633356412
16885,0,cavalry_standard,644,736.0462301573568
16886,3,general,96,103.170467983209
16888,4,general,807,856.4161118369567
16889,0,general,509,574.0681842772188
16890,3,general,903,942.9329541569099
16892,1,general,76,117.25506500030959
16893,3,general,111,164.89796184144208
16895,0,general,750,750.3569542679116
16896,3,general,207,291.1145668505001
16897,2,general,970,969.7528321911449
16898,3,general,1215,1160.6764106686726
16899,3,general,1000,958.8406501180308
16900,3,general,399,410.06883045251874
16901,2,general,600,591.3287034842438
16903,0,general,554,495.60776960310153
16904,3,infantry_grenadiers,1139,1119.950897057352
16905,1,infantry_grenadiers,1023,1035.3950107428552
16907,3,infantry_line,164,163.71184544239975
16908,2,infantry_line,174,209.7046980660273
16909,2,infantry_line,150,182.5309453805053
16910,4,infantry_line,259,256.9025147116859
16911,2,infantry_line,147,170.77849333350972
16912,0,infantry_line,499,451.7233645293387
16914,1,infantry_line,508,519.1480141961936
16916,0,cavalry_heavy,1024,1040.159534900561
16917,0,cavalry_heavy,1507,1510.4771643853169
16919,3,general,76,99.38724533496179
16920,1,general,1072,1217.8752263555173
16922,4,general,212,212.87706665336268
16924,0,general,1499,1517.0947117210262
16925,3,general,1561,1144.2617529833944
16926,4,general,191,257.7205333087813
16927,4,general,859,911.278780716797
16928,3,general,527,505.62400946030954
16932,2,general,1110,1015.7870567140527
16933,4,general,271,319.37094866467703
16934,4,general,847,853.5108856309308
16936,4,infantry_light,396,375.5925341848735
16938,2,infantry_light,732,698.7497499339484
16939,3,infantry_line,316,310.6934258854465
16940,0,infantry_line,140,156.9918595944247
16942,1,infantry_line,117,116.65432651744315
16943,0,infantry_line,543,559.623468944705
16944,2,infantry_line,225,249.53635070156733
16946,2,infantry_line,287,315.7318548076527
16947,4,infantry_line,501,494.02480227578434
16948,1,cavalry_heavy,1790,1833.2714274189602
16949,2,cavalry_heavy,1396,1404.2663723624148
16952,4,cavalry_lancers,446,484.8470932306418
16955,0,general,196,184.10818585975358
16956,0,general,472,480.2661909334639
16958,0,general,1720,1598.5020278807744
16961,3,general,465,476.0803455666036
16962,2,general,1386,1429.5609247912516
16963,0,general,320,314.6476943861844
16964,2,general,213,211.06432018951114
16965,1,general,220,213.2039190129874
16966,3,general,92,126.7080625054486
16968,1,general,318,321.3114204319351
16969,4,general,317,340.101079403757
16971,1,infantry_light,326,320.66223690137764
16972,0,infantry_light,304,317.1472596094917
16973,3,infantry_light,325,321.2138148829196
16974,3,infantry_light,345,340.78499094801356
16977,2,infantry_line,136,139.0424042766427
16978,2,infantry_line,424,414.8483503178871
16980,4,infantry_line,185,188.92171807680361
16981,4,cavalry_heavy,1003,1028.176724794394
16982,1,cavalry_heavy,1396,1378.5838954836363
16984,2,cavalry_light,412,397.96462190419425
16985,4,cavalry_light,2014,1946.0315246102275
16986,0,general,180,171.63301008772856
16987,4,general,613,606.6523281497633
16988,1,general,1901,1857.7589609710824
16989,2,general,177,180.50293404905716
16992,3,general,285,281.7377560795272
16993,0,general,193,177.8734616527313
16994,1,general,1239,1218.6951175218346
16995,2,general,287,283.6105587404256
16996,2,general,220,221.21624800677245
16998,2,general,132,143.52860500710824
16999,2,general,97,151.51378171676356
17000,4,general,214,264.21510811670703
17001,4,general,235,276.82888985502734
17002,4,infantry_line,393,337.24222629461195
17003,4,infantry_line,435,414.3465114605897
17004,1,infantry_line,278,278.21676090253254
17005,1,infantry_line,273,273.8924188877591
17006,4,infantry_line,294,281.46280672891675
17007,2,infantry_line,283,278.5771775481999
17010,4,infantry_line,203,255.66465062089384
17011,1,infantry_line,232,268.5681079654779
17013,3,cavalry_standard,1478,1440.5105739928447
17014,4,general,1473,1312.732433976129
17016,3,cavalry_lancers,1201,1240.8207381480286
17017,1,cavalry_lancers,995,980.6425354808122
17018,3,general,1055,1112.126196300593
17020,1,general,97,124.90936830011213
17022,1,general,363,349.7491429833226
17023,2,general,374,336.43780731473754
17024,4,general,367,384.89366126465256
17025,2,general,876,897.1898633337081
17027,4,general,46,78.45899435766913
17029,1,infantry_light,285,319.48026385751757
17030,2,infantry_light,296,325.14889299367053
17031,2,infantry_light,815,861.0662267509733
17032,2,infantry_line,150,162.2999119917072
17033,1,infantry_line,346,323.6563894381493
17034,0,infantry_line,171,188.27613775218285
17035,4,infantry_line,293,277.4073779817608
17036,0,infantry_line,480,495.57775273601476
17037,2,cavalry_heavy,1712,1689.4809954923467
17038,1,cavalry_heavy,886,934.3726443670282
17039,2,cavalry_standard,1129,1163.630442355631
17041,2,general,795,790.9749933719521
17043,2,general,720,745.5394857109216
17046,3,general,96,105.93218627797584
17047,3,general,1470,1439.034933326145
17049,2,general,583,587.0373258731735
17050,1,general,395,407.9034955920326
17051,2,general,305,299.98103101615476
17052,2,general,266,313.65409135623565
17053,2,general,255,263.83765813793207
17054,1,general,984,989.6539118536259
17055,1,general,864,873.6482909651381
17057,0,infantry_grenadiers,999,995.6289077506531
17059,1,infantry_line,168,162.74167492320123
17062,3,infantry_line,411,410.949226270042
17063,3,infantry_line,458,473.9237739536814
17064,0,infantry_line,335,377.6191774549438
17065,1,infantry_line,493,501.33892408173296
17067,0,infantry_line,359,369.2697678514324
17068,3,infantry_line,291,298.86425110285177
17070,0,cavalry_heavy,844,1002.4179295583577
17071,4,cavalry_standard,549,547.4332194661004
17072,3,cavalry_standard,1106,1099.420931354213
17073,1,general,918,908.7142895723532
17074,1,general,448,450.12420087563567
17075,4,general,760,950.7838936770188
17076,0,general,503,497.8211202024437
17077,3,general,556,554.9665209266999
17078,4,general,867,979.4142513141269
17080,2,infantry_light,560,581.5281555494081
17081,0,artillery_horse,550,554.6551706378316
17082,3,cavalry_heavy,1110,1090.181797774961
17084,1,cavalry_standard,1015,1007.6818153087759
17085,2,cavalry_standard,701,675.2351907148177
17087,0,general,227,210.40760498855477
17089,0,general,96,102.82824791212313
17090,2,general,63,83.8036362659231
17091,2,general,880,845.5614311333328
17092,0,general,323,310.882543122044
17093,1,general,1039,1042.2022449457295
17094,1,infantry_line,285,273.00998960055176
17095,3,infantry_line,286,273.327591701937
17096,3,infantry_line,201,212.55099513953675
17097,1,infantry_line,140,145.4363887226975
17099,3,cavalry_heavy,1249,1238.2080241881802
17100,3,cavalry_light,409,410.8797380155606
17101,4,cavalry_light,381,368.66181923894095
17103,2,cavalry_standard,801,772.1690365187482
17104,4,cavalry_standard,811,749.9849740266553
17105,4,general,650,589.976816030642
17106,2,general,940,971.8179417950263
17108,1,general,912,890.0333103347668
17109,2,general,341,345.396045499112
17111,1,general,800,808.9389438392931
17113,3,general,195,256.0522519176677
17114,4,general,296,296.66990403753334
17115,1,infantry_light,291,294.1250561570827
17116,2,infantry_line,435,422.8007275904563
17117,4,infantry_line,403,391.1474584106036
17119,4,cavalry_light,314,320.0625989297973
17120,3,general,271,298.73191784555377
17121,4,cavalry_light,591,597.7253014022128
17122,2,cavalry_light,412,397.96462190419425
17123,0,cavalry_light,478,458.9872149884353
17125,3,cavalry_light,1072,1117.0886381264895
17126,0,cavalry_light,537,509.7340656925091
17127,3,general,440,440.8118158336255
17128,0,general,521,465.3441449026106
17131,1,general,433,436.3992589709695
17132,0,general,468,492.2319979189102
17134,0,general,581,583.831542574526
17135,0,general,692,704.2978388908771
17136,0,infantry_light,514,514.246842500228
17137,0,infantry_line,640,657.4039596585415
17138,1,cavalry_lancers,725,650.9830970039206
17139,2,cavalry_lancers,314,349.9462523175831
17140,2,cavalry_lancers,376,402.8529901860635
17141,3,cavalry_lancers,941,904.8393203585698
17142,0,cavalry_standard,532,539.7323333413516
17143,2,cavalry_standard,899,825.0582296265057
17145,0,general,250,255.2632180689992
17146,0,general,272,275.31338694585276
17147,2,general,434,449.96131922314714
17148,1,general,612,556.2765389010755
17151,1,general,239,243.48637780584957
17152,2,infantry_light,227,220.1604351725977
17153,3,infantry_line,305,305.7457680834298
17154,1,artillery_foot,811,772.6176352133295
17156,2,general,652,651.5842542440607
17157,2,general,228,227.65615350778043
17158,0,artillery_foot,805,794.4045901471435
17159,4,artillery_foot,771,755.4876117246222
17160,1,artillery_foot,363,387.3934198713789
17161,3,artillery_foot,670,698.7009049479761
17162,1,artillery_foot,946,887.4598927555365
17163,1,artillery_foot,600,586.2309890535192
17164,1,artillery_foot,393,384.5809095624069
17165,1,artillery_foot,530,551.3490492175879
17166,3,artillery_foot,1137,1150.4333807618818
17167,4,artillery_foot,736,725.9219815736353
17169,0,artillery_foot,1199,1192.6508504094315
17170,1,artillery_foot,407,400.5346835491131
17171,1,artillery_foot,326,338.5510885130523
17172,1,artillery_foot,716,720.9870503677527
17175,2,artillery_foot,496,530.3244017156807
17176,2,artillery_foot,1030,1070.5851703403237
17177,1,artillery_horse,1196,1147.9611492530926
17178,0,artillery_horse,512,498.4343845051857
17179,4,artillery_horse,1120,1072.608333311158
17181,2,artillery_horse,1050,1065.2253266155178
17182,1,artillery_horse,102,148.34080825100102
17183,2,artillery_horse,519,526.9451552899815
17184,3,artillery_horse,526,533.2910776943681
17185,1,artillery_horse,1076,1078.225787481321
17187,1,general,378,364.09619823205674
17188,3,general,498,510.10395654825703
17189,3,general,364,382.8840890397452
17190,0,general,312,312.4073220802941
17191,0,general,855,838.0492238126639
17192,3,general,1347,1309.4002111968819
17193,0,general,312,312.4073220802941
17195,4,general,646,638.2881973817032
17198,0,general,623,603.5802889201944
17199,3,general,177,177.11008134805317
17200,0,general,312,312.4073220802941
17201,0,general,2542,2271.5315877263993
17202,1,general,737,730.8934797829331
17203,4,general,1041,1034.2799177744007
17205,4,general,467,467.16919194686034
17206,1,general,1232,1230.2444385853664
17207,1,general,467,466.98857136054096
17208,3,general,177,177.11008134805317
17210,1,general,220,307.70324679526476
17211,1,general,230,323.65258793604175
17213,1,general,668,708.5879287392804
17214,3,general,177,177.11008134805317
17215,4,infantry_grenadiers,340,310.94404250008347
17216,3,infantry_grenadiers,349,414.0320117011865
17217,1,infantry_grenadiers,360,312.20093185570255
17218,0,infantry_grenadiers,655,622.0068161524381
17219,4,infantry_grenadiers,339,366.09079229619823
17220,1,infantry_skirmishers,211,208.71433046147385
17221,2,infantry_skirmishers,216,217.92249107094185
17222,0,infantry_skirmishers,231,256.4230787615802
17223,0,infantry_skirmishers,231,256.4230787615802
17225,4,general,710,619.3174857129009
17226,1,general,172,171.139173926033
17228,3,general,376,344.7665674669535
17230,3,general,158,176.6368004210117
17232,1,general,305,301.8018214233682
17233,0,general,581,560.1942223865544
17234,3,general,330,308.3508615775531
17235,4,general,93,99.43916692183139
17237,2,general,194,185.938907249149
17239,1,general,427,413.60318604636694
17240,0,general,530,517.8921873799037
17241,2,general,501,535.6828300935624
17242,2,general,152,204.23888273761708
17243,2,general,684,665.0773191359272
17244,2,general,241,315.9673265782777
17245,4,general,868,953.3595518123633
17246,1,infantry_grenadiers,309,393.6041698869883
17247,4,infantry_grenadiers,629,683.1669992624874
17248,4,infantry_irregulars,217,208.78145359088725
17249,2,infantry_light,749,640.9678272958918
17250,0,infantry_light,431,439.3393007167654
17251,3,infantry_light,617,606.2481661703636
17252,4,infantry_light,374,390.12592184771887
17253,3,infantry_light,818,880.0842596979076
17254,4,infantry_light,815,863.9410482164209
17255,4,infantry_line,373,364.9998748271014
17256,4,infantry_line,430,417.7625665231095
17257,2,infantry_line,406,399.21515505563707
17258,0,infantry_line,234,270.3404480704634
17259,0,infantry_line,231,239.16634462571773
17260,2,infantry_line,386,381.80102043429923
17261,0,infantry_line,310,304.67842202284766
17262,3,infantry_line,300,296.2220265930244
17263,2,infantry_line,273,271.7649319381911
17266,1,infantry_line,356,442.3674386403652
17267,2,infantry_skirmishers,241,274.4911104484151
17268,1,cavalry_lancers,988,1004.6881576758759
17270,2,general,264,265.47270152471793
17271,2,general,463,496.78318333212405
17272,3,general,820,821.6414153759811
17273,0,general,695,784.3023592008964
17276,4,general,283,292.4699469824888
17277,3,general,342,304.2110131225673
17278,3,general,537,518.7800649224092
17279,1,general,296,361.0278149205865
17280,1,general,1308,1295.8365005730968
17281,0,general,420,426.93622819662494
17282,2,general,404,367.09993490599845
17283,4,infantry_grenadiers,364,355.3226551020973
17284,0,infantry_light,504,490.73575839297
17285,1,infantry_light,463,457.55304293232024
17286,2,infantry_light,496,504.1276961305764
17287,2,infantry_light,653,645.4420381312689
17288,3,infantry_line,260,256.97358284371296
17289,1,infantry_line,444,411.04482486443163
17290,2,infantry_line,216,223.3738169068002
17291,0,infantry_line,251,285.16806463064245
17292,4,infantry_line,282,282.0654287446208
17293,2,infantry_line,1116,1142.5555217186657
17294,3,infantry_line,308,361.6073896731948
17295,0,infantry_line,527,538.9419817010162
17298,3,artillery_foot,451,414.41778242690197
17299,0,artillery_foot,926,845.0378615025119
17300,3,artillery_horse,543,543.1691938210772
17302,0,general,340,314.790255018112
17304,1,general,285,268.4037757972807
17305,1,general,99,140.42355048928147
17306,3,general,389,365.05292994879915
17307,2,general,243,276.1537244471995
17308,3,infantry_light,440,437.6002301974363
17310,1,infantry_light,318,354.0557526332634
17311,3,infantry_line,384,376.98150314771374
17313,2,infantry_line,210,252.99543573240945
17315,3,cavalry_light,489,454.6717856614502
17316,1,cavalry_light,801,776.5440013091144
17318,1,cavalry_standard,752,765.3892052777624
17320,0,general,358,326.17244304898225
17321,2,general,388,361.8197118769164
17323,2,general,293,287.0140890361317
17324,3,general,166,172.96870409405295
17325,2,general,682,652.4932981607037
17326,3,general,405,404.61020591027733
17327,1,general,619,580.2662060153717
17329,0,infantry_light,399,391.21441709662275
17330,1,infantry_line,344,336.88929993640335
17332,4,infantry_line,434,414.9939572847325
17333,2,infantry_line,574,568.9863433857001
17336,3,artillery_horse,1973,1974.685724876958
17338,0,cavalry_light,431,437.2091754224936
17339,1,cavalry_light,1112,1189.767192356845
17340,1,general,430,429.0680698976019
17341,3,general,289,302.7861255728038
17343,4,general,106,127.16325615532374
17344,4,general,1031,1102.1763406968287
17345,3,general,150,159.31730526177415
17346,4,general,120,133.1636663241426
17348,1,general,803,706.9318302326716
17349,3,infantry_grenadiers,480,502.43657754225933
17350,0,infantry_line,248,266.5941100430405
17351,3,infantry_line,212,237.4859188927291
17352,0,infantry_line,579,576.8115357459254
17354,1,infantry_line,850,778.6734826605556
17355,0,infantry_line,187,200.9967712522565
17356,4,infantry_line,500,489.2546281690859
17358,0,general,72,78.23209915898046
17359,3,general,114,116.94245719632691
17360,2,infantry_line,215,218.83518693279638
17361,4,infantry_line,173,184.40389091975655
17362,3,general,182,187.8625046025741
17363,2,general,87,87.19378342150759
17364,3,infantry_line,183,192.43169165286523
17365,1,infantry_line,248,245.75738325168672
17366,2,general,304,283.7373698775194
17367,4,general,79,95.0735611127909
17368,4,general,342,326.0526389569828
17369,2,general,534,502.4722033034753
17370,3,general,156,162.83904521312257
17371,3,general,302,283.7977901082435
17372,4,general,399,414.41267171966985
17373,3,general,496,449.641039300949
17374,1,general,277,254.1872324377694
17375,4,general,441,402.6108239532617
17376,3,general,330,333.09980350973564
17377,2,general,623,621.8115468818669
17379,4,general,532,544.4194501286086
17380,1,general,520,505.49931496631257
17381,3,general,604,597.739436318796
17382,1,general,381,398.3447548015415
17383,1,general,376,404.6985258758303
17384,2,general,570,559.4920181300416
17385,1,general,385,447.3292499007464
17386,1,infantry_grenadiers,369,427.0832340409366
17387,1,infantry_grenadiers,431,451.7982635968912
17389,3,infantry_grenadiers,496,521.1782642724519
17390,1,infantry_light,600,590.1561752237322
17391,3,infantry_light,582,564.7599950695092
17394,2,infantry_line,171,207.64216809645836
17395,1,infantry_line,479,453.49372689286446
17396,1,infantry_line,397,389.1275131175162
17397,2,infantry_line,222,222.5825481220117
17398,3,infantry_line,404,392.87408834860065
17399,2,infantry_line,338,334.843741509682
17400,3,infantry_line,306,317.41360013609074
17402,2,infantry_line,325,317.6081839431789
17404,1,infantry_line,675,601.5998787497248
17405,0,infantry_line,715,720.3845976684617
17406,1,infantry_line,672,678.9190741599162
17407,1,infantry_line,594,607.7025302380941
17408,4,infantry_line,482,477.0428541583248
17409,3,infantry_line,372,389.75240164038627
17410,1,infantry_skirmishers,250,272.88657401339555
17411,2,infantry_skirmishers,377,353.94185215108104
17412,4,artillery_foot,346,372.20194190940526
17413,3,artillery_foot,822,718.5734042311434
17414,0,general,273,270.39275990385033
17415,4,general,463,468.1379794513225
17416,1,general,263,257.24306703749613
17419,3,general,836,838.9664445378494
17421,1,general,203,230.7077796075808
17422,0,general,437,475.10014735206005
17423,3,general,854,865.197402974666
17424,1,infantry_grenadiers,378,426.5536090930506
17425,4,infantry_light,422,439.56819218758534
17426,3,infantry_light,311,327.0315658392049
17427,4,infantry_line,317,306.7156530261461
17429,4,infantry_line,330,332.50071104675953
17430,3,infantry_line,307,308.466905108247
17431,2,infantry_line,177,181.40868365404526
17432,4,infantry_line,971,989.4009193429691
17433,1,infantry_line,952,938.1131106092805
17434,3,infantry_line,234,234.6183151049799
17435,4,infantry_line,289,288.58844195183013
17436,4,infantry_skirmishers,218,227.0599449890858
17437,1,artillery_foot,375,351.9097565134331
17438,0,general,595,562.2613962273613
17439,2,general,491,480.2098052818213
17440,0,general,617,581.2479409569344
17441,2,general,778,768.4798847182242
17442,4,general,399,372.2211568802776
17443,2,infantry_grenadiers,673,689.2451683895237
17444,2,infantry_light,731,702.3077546199513
17445,2,infantry_light,904,916.699583536571
17446,3,infantry_line,445,438.6662840201154
17447,1,infantry_line,508,471.12586217397126
17449,2,general,748,710.2104217105652
17450,0,general,365,350.2381051303051
17451,0,general,313,314.72644447601914
17453,3,general,676,728.2232308323362
17455,1,infantry_line,492,484.83050527441594
17457,3,infantry_line,365,374.62571893805494
17458,2,infantry_line,664,650.8770376680974
17459,4,infantry_line,780,820.5809100083295
17460,2,general,198,243.71905437160478
17461,3,infantry_light,291,300.99152208242424
17462,2,infantry_line,308,354.07693693333823
17463,4,infantry_line,270,264.57043452378474
17465,2,general,226,219.25034452059197
17467,1,infantry_line,277,340.63072586785853
17468,3,cavalry_light,656,643.4347056081997
17469,1,cavalry_light,643,643.573743442221
17470,3,general,498,522.8231363256166
17473,2,cavalry_standard,420,380.7156586830122
17475,2,general,205,208.287134372265
17476,0,general,714,666.884603785857
17477,0,general,381,387.35270697991564
17479,3,general,152,173.87123083735622
17480,2,general,152,170.90428522986485
17481,3,general,667,632.6510384990718
17482,3,general,328,359.20359932109676
17483,3,general,608,622.4599877338052
17484,2,general,349,354.8122267529802
17485,1,infantry_line,579,546.5982669834762
17486,3,infantry_line,213,247.3893743062411
17487,2,infantry_line,174,188.8503133266977
17488,1,infantry_line,266,272.616126150121
17492,4,infantry_line,415,409.9406664945653
17494,4,infantry_line,440,460.4246912590865
17497,2,cavalry_lancers,717,769.4886240513536
17498,3,cavalry_light,584,548.9989995538572
17499,4,general,228,290.7433810382558
17500,3,general,148,186.99123467050038
17501,1,general,1,1.0
17502,1,general,58,54.2984450080659
17503,2,general,200,189.82456295858145
17504,2,general,570,614.777997246554
17506,2,general,7,3.683488566481387
17507,3,general,616,608.0997222954514
17508,3,general,177,172.56486640408178
17509,4,general,8,1.0
17510,0,general,718,680.2468074910919
17511,0,general,100,102.7169351785012
17512,0,general,337,334.1852520461695
17513,4,general,711,781.5238302667565
17514,0,general,775,804.3760525010312
17515,2,general,241,231.4716138686452
17517,0,general,562,551.0403156484342
17518,3,general,378,402.41396503903985
17519,0,infantry_grenadiers,377,402.052879888159
17520,3,infantry_light,380,404.2976935695895
17521,2,infantry_light,250,282.9823358518035
17522,3,infantry_light,211,212.47434315033433
17525,4,infantry_light,612,629.5260194492372
17526,2,infantry_line,269,256.8846532312401
17527,3,infantry_line,343,348.31547053211636
17528,2,infantry_line,166,158.89420388339045
17529,2,infantry_line,114,105.2537328458868
17531,2,infantry_line,121,122.16185148082073
17532,4,infantry_line,104,99.05357779487133
17534,2,infantry_line,281,283.26072650941126
17536,3,infantry_line,458,487.5749104366884
17537,4,infantry_line,614,614.1866871757951
17538,1,infantry_line,716,727.1856964630671
17539,0,infantry_line,360,353.7928086444499
17541,2,infantry_skirmishers,203,219.37873882468622
17542,1,infantry_skirmishers,78,121.41161079028178
17543,2,infantry_skirmishers,250,277.0282358944777
17544,2,artillery_horse,644,643.4137211116345
17547,1,cavalry_light,1070,1116.9592502936184
17548,2,cavalry_light,840,845.7653335677892
17552,2,general,167,196.10570456219017
17554,4,general,1420,1367.2670608018
17555,3,general,128,133.80120419848296
17556,0,general,112,114.86561014489904
17557,2,general,138,163.53608175802418
17558,4,general,678,664.953325250108
17559,4,general,187,213.93880675876352
17560,4,general,190,220.1172092011522
17561,1,general,223,295.0234359804757
17562,0,general,872,869.8242457389958
17563,3,infantry_grenadiers,335,405.22338002413716
17564,2,infantry_irregulars,135,124.8777918116329
17567,4,infantry_line,267,288.6234113941893
17569,2,general,158,173.61086942610143
17570,4,general,430,439.44047391125986
17571,0,general,299,298.21814010577276
17572,1,general,184,190.0405482980697
17573,2,general,134,127.2604450577569
17574,1,infantry_grenadiers,425,425.8316233953007
17575,4,infantry_irregulars,146,161.99500208257572
17576,4,infantry_line,221,228.51940367131314
17577,0,infantry_line,254,251.05575435174717
17578,3,infantry_line,240,230.2924041659596
17579,1,infantry_line,300,305.9995451209246
17580,2,infantry_skirmishers,340,340.7219478231841
17581,2,general,255,260.18125930810976
17583,1,general,361,360.6451911852723
17584,1,infantry_light,240,273.14105857668585
17586,3,infantry_line,418,421.4042661034489
17587,2,infantry_skirmishers,289,234.6859440733457
17588,4,cavalry_standard,392,380.605304126148
17589,1,general,265,278.11940843728667
17590,4,artillery_foot,473,534.5769252860379
17591,3,general,143,187.25410032010944
17592,4,general,1135,1092.2207278170274
17593,2,general,173,185.61972240687248
17594,1,general,299,297.39162067378527
17595,3,general,276,267.01331140629037
17598,4,general,369,375.09324993292006
17599,4,general,71,77.56662319089996
17600,2,general,539,540.4930216103817
17602,4,infantry_light,371,383.3533191888887
17603,2,infantry_light,820,816.4632761796968
17604,2,infantry_line,478,487.184699517254
17605,3,infantry_line,184,193.98826746427747
17607,1,infantry_line,162,163.78743540560907
17608,4,infantry_line,192,207.091626834451
17609,0,infantry_line,381,385.4880603155963
17610,4,infantry_line,219,255.0671865718487
17611,2,infantry_line,453,448.86782603884217
17612,3,cavalry_light,412,415.60217657858857
17613,0,cavalry_light,464,466.44442352225207
17614,1,cavalry_light,270,255.65477692772112
17615,1,cavalry_light,271,257.63223307126805
17616,1,cavalry_light,352,341.52340242862056
17617,2,cavalry_light,379,325.99766209401815
17618,3,cavalry_standard,906,934.3964586545129
17619,1,cavalry_standard,1204,1182.9226394900995
17620,0,cavalry_standard,1027,927.9333145152757
17621,0,cavalry_standard,716,705.3178095660841
17622,0,cavalry_standard,584,549.1989473491417
17623,0,cavalry_standard,548,542.387720733315
17624,2,cavalry_standard,614,599.3809072450797
17625,3,cavalry_standard,283,309.96053968416345
17626,4,general,125,143.65378888987175
17627,2,general,844,791.8735063372461
17628,1,general,510,487.9673873425593
17629,0,general,1277,1185.9187587934405
17630,1,general,309,324.018329339748
17631,0,general,338,333.7467670915078
17632,0,general,120,138.90408046464472
17634,2,general,225,240.43520619189297
17636,1,general,676,678.5696995440142
17638,4,general,267,290.90610570548836
17639,3,general,377,367.4691799120177
17641,3,general,1015,992.7546221099419
17642,4,general,994,919.4787977004772
17643,2,general,920,885.8617250258052
17644,1,general,559,518.6997779699215
17645,0,infantry_grenadiers,1042,993.2194861430762
17646,0,infantry_light,361,368.28160524187234
17647,0,infantry_line,218,233.83648243412316
17648,4,infantry_line,246,262.8237761999341
17649,0,infantry_line,472,471.18758055267585
17650,2,infantry_line,1038,970.0070857173318
17651,2,infantry_line,907,911.7271542479857
17652,0,infantry_line,729,732.0167038981253
17653,0,infantry_skirmishers,257,239.59070127656062
17654,0,artillery_horse,649,653.135538759871
17655,2,cavalry_light,389,393.18338198467495
17656,0,cavalry_light,924,1039.896806882558
17658,4,cavalry_light,430,432.556302010074
17659,3,cavalry_standard,911,974.218270832487
17660,2,cavalry_standard,675,721.9681248036352
17662,0,general,517,554.6939768841811
17663,3,general,295,296.7164204594562
17664,1,general,256,267.871673495536
17665,4,general,987,1120.5410297408193
17666,4,general,708,760.6881031368019
17667,0,general,462,428.0302060647334
17669,4,general,523,518.1359971930284
17670,3,general,256,247.00136761469548
17671,4,general,898,947.2924471188345
17676,4,infantry_light,353,362.15491091521153
17677,0,infantry_light,774,731.6062612063051
17678,2,infantry_light,1020,990.6070470865484
17679,2,artillery_foot,900,863.7812399752016
17680,1,cavalry_standard,1101,1044.7007650587418
17681,4,cavalry_standard,519,502.59358845849573
17682,0,cavalry_standard,628,577.3124811562755
17684,3,general,420,397.66575977998815
17685,3,general,642,584.4234792596158
17686,0,general,911,850.4443392696064
17688,1,artillery_horse,1360,1301.375864898739
17689,1,cavalry_heavy,1845,1719.302973734723
17690,1,cavalry_light,869,874.2049112932012
17692,4,general,1756,1763.7527741142749
17694,4,general,703,702.4786129599044
17695,0,artillery_horse,1275,1286.4711872114112
17697,0,cavalry_lancers,1293,1231.6547152788219
17698,2,cavalry_light,1138,1267.6737381516502
17699,2,cavalry_light,930,910.2771045389255
17701,2,cavalry_standard,1118,1160.828810467329
17702,4,cavalry_standard,1249,1260.029042384969
17703,1,cavalry_standard,933,828.6496801327194
17704,3,cavalry_standard,670,736.236333644986
17705,2,cavalry_standard,1252,1304.750857488267
17706,2,cavalry_standard,979,1026.089616198533
17707,3,general,1051,1050.448309700154
17708,4,general,1131,1032.1844998162164
17712,3,general,1416,1384.5108637094627
17713,3,general,1147,1144.101538576093
17715,4,general,1216,1158.3808507296185
17716,1,artillery_horse,1360,1301.375864898739
17717,2,artillery_horse,169,246.94404830666286
17718,2,cavalry_light,421,410.43604531575386
17719,4,cavalry_standard,534,518.3227464005626
17720,3,cavalry_standard,1160,1107.326998736842
17721,3,general,485,477.1792649967186
17722,4,general,1013,927.0855677231242
17724,0,cavalry_standard,728,699.5039364730465
17725,4,cavalry_standard,1043,1055.5981576993236
17726,1,general,579,554.9187243263683
17727,3,general,893,889.478366343048
17728,0,general,1066,1078.3963291053951
17729,1,artillery_horse,1360,1301.375864898739
17730,1,artillery_foot,375,351.9097565134331
17731,0,general,291,297.3761164675591
17732,3,general,178,176.89177065182275
17733,2,infantry_light,401,410.34643783450093
17734,2,infantry_line,285,287.7823575092084
17735,0,general,104,124.12645794210576
17736,0,general,143,141.34640131528727
17739,4,infantry_line,245,245.66672077068483
17740,2,infantry_line,177,181.40868365404526
17741,1,general,796,706.6457294929995
17742,2,general,406,341.99965344925425
17743,0,general,731,535.9789368318462
17744,0,infantry_light,933,832.6991943323881
17745,1,infantry_line,683,497.17307236655927
17746,1,infantry_line,478,425.3978221738494
17747,2,cavalry_light,567,578.475540859163
17748,3,cavalry_light,338,345.2886320743389
17750,1,cavalry_standard,655,692.662888506249
17752,3,general,389,427.2044739656455
17753,0,general,518,549.8126358594815
17754,4,general,205,216.3250122226239
17756,4,artillery_foot,356,378.21106256375504
17758,2,artillery_foot,967,972.3401598057134
17759,3,artillery_foot,428,388.00530549621044
17762,4,artillery_foot,418,399.60484509302273
17763,4,artillery_foot,634,678.407602309042
17764,4,artillery_foot,634,678.407602309042
17765,4,artillery_foot,634,678.407602309042
17766,4,artillery_foot,634,678.407602309042
17767,4,artillery_foot,634,678.407602309042
17769,0,artillery_foot,558,553.6235105347871
17770,0,artillery_foot,558,553.6235105347871
17771,3,general,199,199.24884151655988
17773,0,general,351,351.458237340331
17774,2,general,556,538.4156744249128
17775,0,general,351,351.458237340331
17776,3,general,76,75.54217280327785
17777,3,general,199,199.24884151655988
17778,2,general,927,926.8001014170396
17779,3,general,199,199.24884151655988
17780,1,general,700,703.2123401435061
17781,1,general,198,219.04705583197355
17782,2,general,556,538.4156744249128
17783,1,general,718,717.6110974011002
17784,4,general,569,586.6747708336312
17785,2,infantry_grenadiers,365,338.82073041351606
17786,3,infantry_grenadiers,372,294.4918875898375
17787,3,infantry_grenadiers,372,294.4918875898375
17788,0,infantry_grenadiers,367,254.33022703315433
17789,4,infantry_grenadiers,370,306.79049469770405
17790,0,infantry_grenadiers,357,333.47377430458255
17791,0,infantry_skirmishers,209,211.72426299582926
17792,2,infantry_skirmishers,206,212.98619469058227
17794,0,infantry_skirmishers,209,211.72426299582926
17795,1,general,487,418.3992033877142
17796,2,general,650,727.4634969831322
17797,2,general,367,327.1629023511124
17798,4,general,252,265.92399309086653
17799,4,general,481,503.25683739466274
17800,1,general,157,156.91206928777902
17801,0,general,1751,1645.4116812808
17802,3,general,294,320.8631540461004
17803,3,infantry_grenadiers,1272,1277.4645750876402
17805,2,infantry_light,448,388.1090532258113
17806,2,infantry_light,266,268.25091878706314
17807,4,infantry_light,169,195.77840912847117
17808,0,infantry_light,161,156.2967329854998
17809,2,infantry_light,152,154.8512714858427
17811,0,infantry_light,268,264.4737758011437
17812,2,infantry_line,163,166.81361167354862
17813,2,infantry_line,367,392.03743237587656
17814,1,infantry_line,423,416.6849623956882
17815,3,infantry_line,233,234.6855706865293
17816,2,infantry_skirmishers,231,259.9823071591498
17817,1,general,262,259.6082102699488
17818,4,general,108,90.37261674002528
17819,2,general,162,161.33301258142438
17820,2,general,386,384.5024566678524
17821,4,general,306,402.35250281971094
17823,0,general,425,434.2592446637968
17824,2,general,379,381.05124101644736
17825,3,general,768,673.6130621650912
17826,0,general,379,410.8260398216342
17829,4,infantry_light,255,270.01267725883525
17830,2,infantry_light,200,200.05589848060407
17831,2,infantry_light,824,751.6778758559998
17832,3,infantry_light,456,516.5293173573457
17833,2,infantry_line,206,198.77236159904348
17834,3,infantry_line,339,337.80158291813416
17836,0,infantry_line,446,478.46905351387005
17837,3,infantry_line,283,367.5627451842563
17838,0,infantry_line,492,493.63472254333067
17839,0,general,132,148.15691673818336
17840,4,general,113,121.82459909362045
17841,3,general,253,238.20000034983255
17842,2,general,295,281.27595561942474
17843,0,general,344,326.93143393421144
17844,0,general,115,168.91282792306222
17845,4,general,390,371.07410577124216
17846,4,infantry_line,158,162.96961380362092
17847,1,infantry_line,181,189.27713660322755
17848,2,infantry_line,315,301.28247425191205
17849,4,infantry_line,308,264.6115715548626
17850,1,infantry_line,452,436.04352787388245
17851,4,infantry_line,190,233.81946928145305
17852,4,general,24,47.19228495498723
17853,2,infantry_line,247,235.7764919905544
17855,1,general,112,129.2496149114681
17856,3,general,7,29.13056272420964
17857,4,infantry_line,122,120.50979267680987
17859,4,general,258,261.71489867230576
17860,4,infantry_line,329,328.60980400220353
17861,3,infantry_line,230,261.6460553579227
17862,1,general,197,203.1589893061932
17863,3,general,285,287.26772032119595
17864,2,general,142,193.11903648894034
17866,2,general,284,272.92724530810625
17867,4,general,615,562.4919752347769
17868,1,general,271,270.3277985174478
17869,4,general,685,614.2957065175101
17870,3,general,286,249.8534095396128
17871,0,general,444,431.71350600867896
17872,3,general,221,187.6163307518271
17873,2,general,970,1003.9221719592546
17875,1,general,152,157.00122456999574
17876,2,infantry_grenadiers,734,742.50608889384
17877,1,infantry_light,538,520.1067810814918
17878,3,infantry_light,230,237.96822469162657
17879,4,infantry_light,223,238.03775368026803
17880,1,infantry_light,285,261.4892298277719
17882,3,infantry_line,242,258.4510227659008
17883,0,infantry_line,165,207.06252672339707
17885,0,infantry_line,279,274.7083390454393
17886,0,infantry_line,211,207.21984031490177
17887,2,infantry_line,418,401.080846362031
17888,0,infantry_line,338,346.8387831118587
17889,2,general,118,131.13267977998325
17890,0,general,119,113.05125952802399
17891,4,general,275,259.615469813856
17893,0,general,109,150.66166835530365
17894,0,general,150,145.70301455524432
17895,3,general,204,220.05678405289984
17896,1,infantry_light,294,302.3846089670056
17897,3,infantry_light,275,298.22131446074917
17899,0,infantry_light,222,223.1298953107019
17900,2,infantry_light,191,192.60918815696644
17901,2,infantry_light,213,212.6213168791608
17903,3,infantry_line,212,263.8432837945663
17905,3,infantry_line,160,168.17196198882414
17906,4,infantry_line,137,139.41750680816554
17908,0,infantry_line,125,127.68651131978955
17909,2,infantry_line,151,169.6020798082697
17910,2,infantry_skirmishers,505,525.4857023544415
17911,1,general,114,131.0513004356866
17913,2,general,169,169.25773395432702
17915,4,general,287,330.2949426924502
17916,4,general,424,413.27853131867903
17917,4,general,158,184.4569841494569
17920,0,infantry_light,682,638.2596450498595
17921,2,infantry_line,189,202.05920373851598
17923,0,infantry_line,221,241.93394069114248
17924,4,infantry_line,357,337.5759805765081
17927,1,general,82,81.92483345310018
17929,3,infantry_line,168,205.36799345709406
17930,4,infantry_line,153,162.57068244797225
17931,1,infantry_line,145,163.95674392676372
17932,0,infantry_line,234,229.10798198962942
17933,2,infantry_line,184,195.0147379698579
17934,2,general,332,338.76548475889
17935,2,general,223,212.1358001083896
17936,1,infantry_line,302,317.1136612243774
17937,4,infantry_line,270,272.28580624302595
17938,1,general,284,265.8365388422524
17939,4,general,439,378.6429698639159
17940,3,infantry_line,413,378.2904239418733
17941,1,infantry_line,341,338.8782456373244
17942,2,cavalry_heavy,2663,2601.183468389305
17944,4,cavalry_light,878,831.8848074201918
17947,3,general,1258,1331.5369418753933
17948,3,general,815,775.4892582459012
17949,2,general,730,798.3616032996312
17950,0,general,103,140.05224350494754
17951,0,general,2417,2373.327157736599
17952,3,general,33,24.395440947324076
17953,4,general,224,224.05042126792168
17954,0,general,483,472.6133962966403
17955,2,general,168,206.97083377373968
17956,2,general,379,330.12327257549066
17957,1,infantry_light,333,348.377919769077
17960,4,infantry_light,341,363.0218307284213
17962,0,infantry_line,228,227.66518370527004
17963,1,infantry_line,167,171.46929304330328
17965,1,infantry_line,234,235.56076738110644
17966,3,infantry_line,222,232.30810183495944
17967,3,infantry_line,229,234.78375454215308
17968,4,infantry_line,406,387.82022388123625
17969,2,infantry_militia,124,136.67128578052862
17970,4,infantry_militia,245,242.9194139795734
17971,2,infantry_skirmishers,315,343.0354304292505
17972,1,cavalry_lancers,569,571.2155817717603
17974,3,general,217,205.01345211244606
17975,1,general,421,426.93037119784844
17978,1,general,199,172.771042608466
17979,0,infantry_line,418,411.0364484069797
17981,4,infantry_line,221,230.65890687585906
17984,0,infantry_line,168,179.50297243630564
17985,1,infantry_militia,62,87.08371011678301
17988,4,cavalry_heavy,1412,1434.3303228366879
17989,1,cavalry_standard,554,566.8834742564825
17990,1,general,1544,1622.412790196375
17991,4,infantry_line,547,473.5350875106163
17992,2,infantry_line,205,195.06332696809662
17994,3,infantry_militia,165,157.7956950390942
17995,2,infantry_militia,242,239.67145579586895
17996,1,cavalry_heavy,1724,1678.6040754992507
17997,0,cavalry_lancers,1162,1195.9611655759156
17999,1,cavalry_standard,623,645.2070935542583
18000,4,cavalry_standard,404,416.0137203466568
18001,1,cavalry_standard,805,832.6009745941742
18002,1,cavalry_standard,853,837.8710474848228
18003,4,cavalry_standard,1132,1084.5588165981321
18004,1,cavalry_standard,609,613.9365875075431
18006,2,general,769,779.4789891814156
18007,3,general,1100,1169.7915544104337
18009,3,general,180,129.1634408360496
18010,1,general,338,315.79710575138665
18011,2,general,1069,1062.972847519283
18012,2,general,470,465.4779025723112
18013,3,general,993,935.5027744422149
18014,2,general,604,636.1867582136664
18015,0,general,693,658.9082679016564
18016,4,general,889,823.2195239831193
18017,4,general,1703,1723.5217132037437
18018,4,general,693,685.4580295875669
18020,2,general,289,270.98078525768375
18021,0,infantry_light,258,256.1599333997627
18022,1,infantry_light,382,389.82685927075335
18023,2,infantry_line,346,337.44182236815334
18026,3,infantry_militia,145,154.10945056132564
18027,3,infantry_militia,132,140.83051165588347
18028,3,infantry_militia,196,194.77267290323329
18029,2,cavalry_lancers,927,933.3438352047632
18030,1,cavalry_lancers,1087,1114.59357095648
18032,0,cavalry_standard,1056,1028.1531188232123
18034,0,cavalry_standard,811,782.6957223421903
18035,4,cavalry_standard,596,564.6469456280452
18036,1,cavalry_standard,439,483.2217123773322
18038,3,general,913,881.0998610906521
18040,4,general,368,388.812985568114
18041,4,general,331,364.59192405543894
18043,2,general,926,953.2879569275825
18046,2,general,938,910.8675297103807
18047,1,infantry_light,259,238.9678847485207
18048,1,infantry_light,241,250.15290554403688
18049,0,infantry_light,279,268.7621696200372
18050,4,infantry_line,190,194.08167183856065
18052,3,infantry_line,117,134.62996767711974
18053,2,cavalry_standard,982,933.3050121861658
18054,3,cavalry_standard,862,901.4018750770485
18057,4,cavalry_standard,769,780.5796384397509
18058,4,general,603,603.5689572778024
18059,4,general,799,772.6100437831777
18061,1,general,468,477.8978964916557
18063,2,general,681,693.3556905217167
18064,0,infantry_line,203,209.35306056652678
18065,1,cavalry_standard,849,872.6972639434827
18066,4,cavalry_standard,505,516.5993056231044
18067,0,general,365,372.7700752429108
18068,3,general,696,740.873850818302
18070,1,cavalry_light,755,809.6133142597823
18071,0,general,729,768.9822580173345
18072,0,general,687,722.4848956682046
18073,4,cavalry_light,327,369.6553714781458
18074,1,cavalry_light,775,790.8665188914957
18075,2,general,223,281.31120229059326
18076,2,general,789,821.6661746243799
18077,0,cavalry_light,920,828.3647401842655
18078,0,cavalry_light,807,766.1306302354911
18079,4,general,790,734.6438450684064
18080,0,cavalry_heavy,1117,1164.5065253612613
18081,1,cavalry_heavy,755,928.9672844471032
18082,4,cavalry_standard,754,777.649943127225
18083,1,general,923,953.9098512580425
18084,1,general,798,817.0767649624642
18085,4,general,572,517.2272712798691
18087,2,infantry_light,311,319.4603408538545
18088,3,infantry_light,363,378.79409169653206
18089,3,cavalry_lancers,668,618.6220301183085
18090,3,cavalry_light,281,306.6091893405667
18092,0,cavalry_light,366,387.5417954942675
18093,1,general,482,529.0333004295261
18094,2,general,519,487.38290709087653
18095,1,general,248,257.9154079060313
18096,2,general,220,203.84308875284046
18097,4,general,163,172.2345125800739
18098,3,infantry_line,224,232.75203594960706
18100,1,infantry_line,241,247.75189722786553
18101,0,infantry_skirmishers,379,231.3240690434249
18102,4,cavalry_heavy,1567,1562.6143189374222
18103,0,cavalry_light,801,794.5515557745779
18104,2,cavalry_light,1047,1068.0328426384724
18105,0,cavalry_light,447,492.1354681921463
18106,4,general,902,921.3866464750387
18107,2,general,1585,1594.5026236237522
18108,1,general,491,570.8936134184054
18110,2,cavalry_lancers,505,468.77551370038924
18111,2,cavalry_light,861,806.926273512998
18112,2,cavalry_light,304,316.11821244080454
18113,2,cavalry_standard,538,546.293354002591
18114,1,general,498,522.5658298993718
18115,4,general,688,714.7352162210263
18116,0,general,798,748.2304724236063
18117,4,cavalry_light,697,655.6150031849418
18118,4,general,547,507.7657403373024
18121,2,artillery_foot,739,745.8842065718038
18122,3,artillery_foot,545,567.875793376928
18124,1,artillery_foot,279,306.2271672125569
18125,2,artillery_foot,642,639.9307939067536
18127,4,artillery_foot,471,501.9393019378846
18129,0,artillery_foot,351,355.8747194606003
18130,1,artillery_foot,279,306.2271672125569
18131,1,artillery_foot,523,538.246715011366
18132,4,artillery_foot,989,920.6799964728885
18135,0,artillery_horse,1262,1282.8535396962045
18137,0,artillery_horse,1255,1284.6134729640164
18138,3,artillery_horse,2627,2370.6692657192093
18139,1,general,199,199.42225204134104
18140,4,general,1014,897.0433110178527
18141,1,general,351,351.4460435535031
18142,1,general,651,614.4563386794085
18143,1,general,351,351.4460435535031
18144,0,general,1182,1206.1662490046285
18146,1,general,1634,1631.6569644945473
18147,1,general,199,199.42225204134104
18148,1,general,199,199.42225204134104
18149,2,general,76,75.55114980120518
18150,1,general,199,199.42225204134104
18151,4,infantry_grenadiers,353,307.0250248960364
18152,4,infantry_grenadiers,353,307.0250248960364
18155,3,infantry_line,84,94.17808164761531
18156,4,infantry_skirmishers,238,260.25507329023367
18157,4,infantry_skirmishers,388,370.95604172035587
18158,0,artillery_horse,404,411.24227500675477
18159,4,cavalry_light,1026,1057.222099591298
18160,0,cavalry_light,692,667.4188061382421
18161,3,cavalry_light,639,592.8047658896129
18162,0,general,638,622.8170008349367
18163,2,general,102,111.74961641699905
18164,4,general,257,252.95080219888405
18165,0,general,886,911.920931599651
18166,4,general,584,544.1739314440049
18168,0,general,705,613.578991334964
18169,2,general,673,645.2570457931882
18170,4,general,220,214.1722516831986
18171,2,general,1174,1069.7268829463912
18172,1,infantry_light,646,624.2830604720004
18173,1,infantry_light,255,258.69496748329607
18176,0,infantry_light,289,275.1831982448789
18177,3,infantry_skirmishers,178,131.91842435203057
18178,3,artillery_horse,790,800.5178646935448
18179,2,cavalry_light,1176,1239.4369207974362
18180,4,cavalry_light,860,868.3060079032174
18181,3,general,981,1028.0502529680598
18182,0,general,961,976.6411759016731
18184,1,general,1095,1123.2580614579624
18185,4,infantry_grenadiers,954,956.5104928001789
18187,3,general,1069,946.5820346700256
18188,3,general,616,622.3743050019839
18189,3,infantry_grenadiers,850,823.975005669061
18190,4,infantry_grenadiers,604,613.5807529896496
18191,0,general,556,564.733365933698
18192,3,general,469,492.7697051279807
18193,0,general,1023,1102.7752490465323
18194,1,general,479,490.4258208450652
18196,4,infantry_grenadiers,948,1000.2896952511556
18198,3,infantry_line,475,441.07553913334425
18200,0,general,231,233.24499644821907
18201,4,general,144,148.98624312745542
18202,1,general,357,376.900976848745
18204,4,general,138,129.20961240685037
18206,0,general,753,758.5339811477388
18207,2,general,424,424.4662171409404
18209,4,general,102,102.56223170895537
18211,0,general,571,572.8879600455641
18212,1,general,635,609.2182095709271
18213,0,infantry_light,244,238.17449500156403
18215,0,infantry_light,295,299.7391019655897
18216,3,infantry_light,336,351.59504712188743
18217,0,infantry_line,196,201.48812668696718
18218,3,infantry_line,302,270.4817848733866
18219,1,infantry_line,673,690.307780064563
18220,4,infantry_line,355,358.18352357286835
18221,0,infantry_line,396,391.78935792443144
18222,4,infantry_line,207,212.9226527282411
18223,2,infantry_line,590,588.9370057019587
18224,1,infantry_skirmishers,195,202.37296500266132
18226,0,cavalry_light,657,651.8602183270339
18227,2,general,96,104.08497741013818
18229,2,general,173,172.90031998457627
18230,0,general,134,129.36491981125192
18231,0,general,618,606.0217236634703
18232,2,general,810,813.6017145989708
18233,0,general,419,430.9943860404795
18234,2,infantry_line,240,236.61248028097916
18236,4,infantry_line,412,409.629010155438
18238,3,general,133,124.9113396162922
18239,2,general,827,783.7607769300656
18240,1,general,170,152.01211080646283
18241,1,general,38,45.72121495925968
18242,3,general,734,688.2974262801004
18243,0,general,872,832.4656810268863
18244,1,general,662,613.3323869843226
18245,1,infantry_light,573,556.2546955087593
18246,1,infantry_line,144,144.09342167041592
18251,1,general,281,308.3601410319881
18252,1,general,836,863.1547690417965
18253,4,general,235,237.81267872581392
18254,3,general,494,485.5131141848324
18256,1,general,284,293.95685074680256
18257,4,general,136,147.12337881531985
18258,4,general,100,94.18657643558095
18260,4,general,1304,1177.1265661494886
18262,1,infantry_light,157,136.94591462167827
18263,4,infantry_light,168,164.51344935143376
18264,0,infantry_light,212,189.5304712053902
18265,0,infantry_line,605,583.8846335320793
18266,1,infantry_line,756,767.079971366741
18268,4,infantry_line,897,840.2449703419412
18269,4,infantry_line,278,273.1048785990839
18270,3,infantry_skirmishers,247,233.9857846087042
18271,2,general,155,163.64485661709983
18272,3,general,114,124.92391947123568
18273,3,infantry_line,217,222.49265281522983
18274,3,general,383,392.83390039660617
18275,3,infantry_line,486,491.857272282162
18277,0,infantry_line,216,220.2443858842305
18278,2,general,558,540.7732604279063
18279,4,general,617,587.7813979921973
18280,4,infantry_line,522,513.3032908004354
18281,1,cavalry_light,634,613.4609516988119
18282,4,cavalry_light,505,528.5087298027895
18283,0,general,411,427.70137685168504
18287,0,general,375,390.93569902591656
18288,0,general,228,246.77433868333492
18289,1,general,489,473.0395931882809
18290,0,general,281,289.5661548633006
18291,0,general,472,475.06405991471314
18292,3,infantry_line,202,203.69065425010163
18293,3,infantry_line,250,269.7465257003108
18295,2,infantry_line,243,250.81502270470088
18297,2,cavalry_lancers,669,695.3624207466829
18298,2,cavalry_lancers,632,675.5942085697819
18299,4,cavalry_light,927,917.539643410679
18300,0,cavalry_light,809,806.7456421479884
18301,0,general,611,643.6889535357553
18302,4,general,966,977.5107757488677
18303,1,general,74,87.81842781221611
18304,2,general,95,98.68832845463757
18305,1,general,831,855.934978853762
18306,3,general,1,1.1377394541182184
18308,0,general,483,507.9340783585667
18309,4,infantry_line,161,160.15137862066055
18310,2,infantry_line,176,182.86738614455928
18311,4,infantry_line,108,96.9541385164261
18312,0,cavalry_lancers,669,654.342297131418
18313,2,cavalry_lancers,761,796.9921039854345
18314,1,general,521,527.6533002858574
18315,1,cavalry_lancers,782,741.273685577521
18316,2,cavalry_lancers,601,653.0364332780732
18317,4,general,668,632.6003400376443
18318,0,cavalry_lancers,724,722.666113438397
18319,2,general,720,803.1115861239895
18320,4,general,270,280.71333471316257
18321,3,general,603,606.6049491580576
18322,4,general,619,599.9336163541279
18323,1,general,335,323.79822645133777
18324,4,general,543,538.8520620926099
18325,4,general,747,818.9146837277676
18327,1,infantry_grenadiers,326,336.03494043317426
18328,0,infantry_grenadiers,714,760.6463333952264
18330,0,infantry_grenadiers,663,672.9481241845573
18331,0,infantry_grenadiers,511,562.2468441917138
18332,1,infantry_grenadiers,700,669.4663008848418
18333,2,general,319,318.2501650352405
18334,2,general,605,520.8514986015422
18335,0,general,169,213.1509141892094
18336,1,general,208,218.40043874295833
18337,2,general,461,406.5830823417732
18338,2,general,233,262.3973688629906
18339,3,infantry_grenadiers,576,523.1014687276771
18341,0,infantry_grenadiers,384,393.2902752058586
18342,0,infantry_grenadiers,319,330.7003128764677
18344,3,general,77,88.4864237509985
18345,2,general,77,79.77603725255955
18346,2,general,200,198.23375382699382
18348,1,infantry_line,151,144.69370393960614
18349,2,general,50,52.49725618415363
18351,4,general,239,225.14121472312198
18352,0,infantry_line,156,150.8172691808646
18354,4,cavalry_light,680,693.6678019142581
18355,2,general,51,51.52264662489859
18356,2,general,537,527.2302147431267
18358,4,general,192,197.22985861020436
18359,3,general,108,121.02554986463076
18362,2,infantry_line,217,218.16741799079205
18363,3,infantry_line,364,381.79364239588045
18364,1,artillery_foot,715,645.5224957979794
18365,0,artillery_foot,529,546.0308442366037
18367,4,artillery_foot,425,397.3002002180398
18368,0,artillery_foot,104,188.30494408342264
18369,0,artillery_foot,418,457.8350147170921
18370,0,artillery_foot,266,255.03380628841524
18371,2,artillery_foot,549,487.2717522755314
18372,2,artillery_foot,603,612.5517087882448
18373,1,artillery_foot,680,677.4641050394831
18374,3,artillery_foot,222,249.3982843235545
18375,1,general,1232,1230.2444385853664
18376,4,general,659,690.2787824958884
18377,3,general,629,577.2229414152976
18378,4,general,1,1.0
18379,3,general,177,177.11008134805317
18380,3,general,177,177.11008134805317
18381,3,general,177,177.11008134805317
18382,1,infantry_grenadiers,293,333.81326446082033
18383,1,infantry_grenadiers,293,333.81326446082033
18384,2,cavalry_light,812,837.2515169359955
18386,0,general,1129,1140.748939097836
18387,4,general,247,224.36059812130142
18388,2,general,709,725.3157977179642
18389,3,general,1885,1929.862067887349
18390,2,general,610,589.3343121036613
18392,4,general,1010,1011.9149863742524
18393,4,infantry_grenadiers,1634,1591.6713100394718
18394,3,infantry_light,735,739.8472981397487
18395,4,infantry_light,733,723.7789155125125
18397,3,infantry_skirmishers,472,420.9956711946942
18399,0,general,131,130.84327789663365
18400,2,general,284,295.7605269309965
18401,0,general,243,251.91081756122674
18402,4,general,476,430.6671864777596
18403,3,general,394,398.0278777569208
18404,4,infantry_line,509,502.3234402524171
18405,0,infantry_militia,420,392.9945339022468
18407,4,infantry_militia,360,392.2821733108969
18408,3,infantry_militia,298,317.72378671192143
18409,2,infantry_militia,231,249.0322288109649
18410,0,general,291,264.34791832627445
18411,4,general,185,203.70716299543938
18412,1,infantry_militia,242,264.61632397472874
18413,2,infantry_militia,382,378.97855307884595
18415,1,cavalry_heavy,723,784.0761161818087
18416,4,general,2706,2990.374711208846
18417,1,general,556,668.4301320073157
18418,2,cavalry_light,531,540.2123500050619
18419,4,cavalry_light,626,577.2592697838642
18420,0,cavalry_light,659,703.2671159572778
18422,0,general,508,544.3958927305089
18424,1,general,34,15.60164479972262
18425,3,general,206,171.91280966113752
18426,1,general,73,67.65644516225545
18427,2,general,125,117.64662607317152
18428,1,infantry_militia,142,181.2231711339739
18429,0,infantry_militia,127,122.1975711450224
18431,3,general,120,116.47064735652336
18432,2,general,189,153.56339738599354
18433,3,general,41,19.96171319031771
18434,3,general,84,70.36528639038923
18436,4,infantry_militia,268,284.8220440066477
18437,3,infantry_militia,136,130.49294453562314
18438,1,general,187,172.52442855732733
18439,1,general,242,236.13194022402382
18441,3,general,671,586.4494848287288
18442,2,infantry_militia,377,328.0122130624571
18444,2,infantry_militia,636,607.6799146346782
18445,3,cavalry_light,976,930.0357260467605
18446,1,general,862,860.7369329690086
18447,0,artillery_foot,550,543.8267092436503
18448,4,general,1,1.0
18449,4,general,462,456.3874270523769
18450,0,cavalry_lancers,811,837.2648063310463
18451,2,cavalry_lancers,747,724.9885580058155
18452,2,cavalry_light,736,720.422977744884
18453,3,cavalry_light,1708,1698.9384159925312
18454,2,cavalry_light,1225,1222.585093183854
18455,1,general,506,532.4528576918076
18456,1,general,651,690.2935932058526
18457,3,general,606,583.3169154961461
18458,4,general,239,220.77434236019735
18459,3,general,452,437.7482041555372
18461,1,general,717,722.3231719397656
18463,3,general,523,509.44446307453245
18465,3,general,412,387.49306714123384
18466,1,general,1084,1078.9533343656863
18467,1,general,408,414.949929278356
18468,0,general,536,539.5442710695418
18469,2,general,731,727.8734735328125
18470,1,general,361,355.0765147391271
18472,3,infantry_grenadiers,502,490.27507956967844
18473,4,infantry_grenadiers,476,478.624297825614
18474,2,infantry_grenadiers,553,525.4137204049905
18475,1,infantry_light,772,786.7279070215309
18476,1,infantry_light,474,492.2266633686364
18477,0,infantry_light,352,343.2504661335547
18478,2,infantry_line,535,546.0924174017292
18479,4,infantry_line,493,484.97258640200994
18480,3,infantry_line,638,663.8191475709913
18482,0,cavalry_light,1034,1064.693010818289
18483,4,cavalry_light,524,510.67629836853615
18484,0,general,239,260.3670668357832
18485,2,general,907,922.3151182531489
18486,2,general,395,378.0526932514047
18487,1,general,70,59.559036051554756
18488,4,general,289,268.44112692654505
18489,4,general,192,189.35713074483652
18490,4,general,106,103.87275157950913
18492,1,general,375,391.3875541519627
18493,1,general,1114,1182.9695297793728
18495,0,infantry_grenadiers,1035,1036.788821859259
18496,1,infantry_line,176,168.83283410433947
18497,4,infantry_line,391,382.4837651214372
18498,3,infantry_line,297,311.8008264777961
18499,1,infantry_line,556,575.5118002164393
18500,2,infantry_line,445,475.6736358290949
18501,1,cavalry_heavy,1911,1929.6236294725336
18502,3,cavalry_standard,736,695.7537087946018
18504,3,general,625,582.1973151407975
18505,1,general,583,570.9370847557641
18506,4,general,1728,1710.9509331696227
18507,1,general,1953,2019.0608104130245
18508,3,infantry_light,347,356.52710449484994
18509,3,artillery_horse,1015,1029.2372546059867
18510,1,cavalry_lancers,635,725.6757172421228
18511,1,cavalry_light,1430,1480.1359009632024
18512,4,cavalry_light,640,632.5553828997894
18513,1,cavalry_standard,1463,1463.483523036764
18514,2,general,119,121.53196398851185
18515,1,general,427,418.5337761616557
18516,4,general,160,136.30168098476588
18517,4,general,211,192.2023571833406
18519,1,general,156,169.85187958016542
18520,4,general,603,605.6725674250488
18522,2,general,328,303.85006311859325
18523,4,general,160,171.3846992131961
18525,1,general,386,382.2284761160244
18526,3,general,500,525.4838419752753
18527,3,general,546,537.4555666875887
18529,1,infantry_grenadiers,385,401.04058190378834
18530,0,infantry_grenadiers,608,576.0338554861293
18532,2,infantry_light,276,257.4959520875727
18533,1,infantry_light,359,352.4139217491683
18534,2,infantry_light,458,452.6392763238007
18535,0,infantry_light,495,489.159978102716
18536,4,infantry_line,225,234.2980968662431
18541,4,infantry_skirmishers,127,154.54168536982414
18543,1,infantry_skirmishers,265,254.52671879650117
18544,3,cavalry_lancers,999,970.6723557576939
18546,1,cavalry_lancers,603,612.3896149952299
18547,0,general,250,257.2895292410853
18548,3,general,216,226.46445141711965
18550,2,general,357,340.9869761156228
18552,2,general,472,451.55070352411985
18553,4,general,329,327.6605352660279
18554,4,general,602,554.7745947481326
18555,1,general,442,416.4207715495569
18556,1,infantry_line,466,473.3753025581362
18557,4,infantry_line,163,149.815482559957
18558,3,infantry_line,310,305.0025092312662
18559,0,infantry_line,324,340.3049110834542
18560,4,infantry_line,550,520.7153540877306
18561,0,infantry_skirmishers,200,221.72536011279806
18562,3,general,133,138.34701413054333
18563,3,general,155,163.92144931617608
18564,3,infantry_line,201,202.93951165417755
18565,4,infantry_line,255,268.77259699679934
18566,1,cavalry_lancers,1024,1019.1289079202418
18567,3,cavalry_light,1230,1082.561420252506
18568,2,general,391,373.72542420771543
18570,4,general,550,525.7401943486649
18572,2,general,431,404.00319003787376
18573,2,general,980,979.6665989460977
18574,4,general,900,894.0084955008768
18578,2,general,669,656.723250294651
18579,0,general,301,293.74038023237443
18580,4,general,416,402.6972087613539
18581,0,general,794,852.7772354968035
18582,1,general,354,353.5869145123116
18583,2,infantry_grenadiers,539,540.9321443928604
18584,2,infantry_grenadiers,418,453.8032169723981
18585,2,infantry_grenadiers,624,634.8485870094731
18586,2,infantry_grenadiers,399,427.84548026477034
18587,4,infantry_light,704,699.0036247804818
18588,2,infantry_line,422,419.0113014791129
18589,1,infantry_line,497,497.53593192421755
18590,0,infantry_line,290,300.9526258341481
18591,3,infantry_line,384,391.1549150199341
18592,0,artillery_foot,360,330.26171442616936
18593,2,general,209,216.007391186023
18594,0,general,63,52.14701406742368
18595,0,general,506,510.35984053444236
18596,4,general,616,590.834119059995
18597,0,general,762,761.5869562123008
18599,1,general,357,367.1050514077024
18600,2,general,569,548.9827676623046
18601,2,general,610,582.5261114810692
18602,3,general,508,504.43191323759675
18603,3,general,543,517.9727136164511
18604,1,infantry_grenadiers,608,580.545872379094
18605,4,infantry_grenadiers,483,484.2419001282338
18607,0,infantry_grenadiers,672,634.7686411018889
18608,4,infantry_line,166,156.08512157962898
18609,3,infantry_line,254,281.4679884012079
18610,0,infantry_line,671,668.3899814177664
18612,4,infantry_line,491,469.35127312819964
18613,1,general,77,62.12131909220662
18614,2,general,111,98.93212899802083
18615,0,infantry_irregulars,548,558.7337889237771
18616,0,infantry_line,181,176.9105157809941
18618,4,infantry_militia,201,212.59183889446226
18620,1,cavalry_light,858,899.0271720325255
18621,0,general,212,208.32817093502058
18622,2,general,651,605.8500151801256
18623,0,general,736,765.0058600434471
18626,0,general,186,182.1211991175948
18627,2,general,546,556.5357281372577
18628,2,general,390,391.0816809985039
18629,3,general,446,455.88579106051367
18630,4,general,391,376.21414815354524
18631,2,infantry_line,318,323.35659673851814
18632,1,infantry_line,292,295.9420295046235
18633,0,infantry_line,498,497.9501926835228
18635,4,cavalry_heavy,1739,1788.2779722565913
18639,0,general,171,166.67584016459983
18640,1,general,396,408.6077999803388
18642,1,general,365,362.7105440220926
18643,2,general,2329,2302.226063040629
18646,3,general,571,572.2506910957575
18647,1,general,639,661.2009033314974
18648,4,general,498,488.6924343149546
18649,1,infantry_light,431,456.5257302975146
18651,3,infantry_light,242,235.74503305415877
18652,3,infantry_light,343,355.38059162266774
18654,3,infantry_line,251,250.08754231780966
18655,2,infantry_line,279,277.07833632160464
18656,3,infantry_line,680,709.0058025235425
18657,0,infantry_militia,61,80.84455542773365
18658,3,artillery_foot,350,348.69269844947456
18659,0,cavalry_standard,821,865.0738571470234
18660,0,cavalry_standard,1598,1575.5634495000863
18662,2,general,712,747.6629890020381
18663,3,general,1369,1320.5350549557897
18664,1,infantry_grenadiers,420,461.95924840237416
18665,3,cavalry_heavy,1874,1894.2405772652533
18667,2,general,1808,1826.7634816887596
18668,3,general,1917,1969.4493817968778
18669,1,general,791,809.5781005421536
18670,0,cavalry_heavy,2650,2539.1345379835593
18671,3,cavalry_heavy,1763,1714.1205818461635
18672,1,cavalry_heavy,2046,2104.5304968094965
18673,3,cavalry_light,833,843.6317203058412
18675,0,general,782,800.3036915988949
18676,4,general,1589,1532.4795459253482
18677,4,general,2324,2265.423286447355
18678,1,general,2541,2553.258475220966
18683,4,cavalry_heavy,1805,1777.7352714316828
18684,0,general,1744,1752.2353295936032
18685,0,general,1738,1757.5804133340964
18686,0,artillery_foot,249,295.65223837374293
18687,3,cavalry_heavy,1748,1731.6222596056505
18688,0,cavalry_heavy,1976,1979.2323833161377
18689,2,general,1511,1512.434248134752
18690,0,general,207,181.09456773556178
18691,2,general,455,401.4688198671993
18692,1,general,492,505.11149214738566
18693,1,general,167,216.58506287490883
18694,2,general,178,160.6598449369032
18695,3,general,1717,1709.8695377690265
18696,3,general,1577,1550.2188959656437
18697,2,general,321,298.72491426709587
18698,4,general,573,535.8650283424606
18699,0,infantry_grenadiers,458,471.5733306869161
18700,1,infantry_light,363,350.0639171139636
18701,2,infantry_line,310,300.0528216015769
18702,1,infantry_line,282,276.916767451349
18703,4,infantry_line,641,625.8586409635221
18704,3,infantry_line,389,369.8235032427028
18705,4,general,109,99.27564199067974
18706,0,general,265,251.90652705705273
18707,2,general,690,632.3152697573358
18708,3,general,188,190.76492588879324
18709,1,general,540,534.1404306359308
18710,3,infantry_grenadiers,649,613.0948176288165
18712,1,infantry_line,255,255.55951202197232
18713,1,infantry_line,219,215.1958686807534
18714,1,infantry_line,528,531.8626278062653
18716,3,artillery_horse,89,139.8262183365348
18717,0,cavalry_light,808,782.6118957671018
18718,2,general,656,610.746223897377
18719,0,cavalry_heavy,861,1401.0555385007779
18720,1,general,661,1321.3140264197464
18721,1,artillery_foot,327,346.5448203241836
18723,2,general,85,68.85696040578867
18724,0,general,447,437.0493935638751
18725,2,infantry_grenadiers,512,476.1920529031973
18726,1,infantry_line,192,180.32186540653632
18727,1,infantry_line,167,153.4546740645673
18728,2,artillery_foot,40,91.8078362046762
18729,4,general,162,137.8302940380131
18730,1,general,183,164.5386422962458
18731,4,infantry_line,265,249.7078987301925
18732,0,infantry_line,206,189.60162784095093
18734,1,infantry_skirmishers,236,236.98690281804838
18736,0,artillery_foot,705,644.3665500429986
18737,3,artillery_foot,467,408.80446321782864
18738,4,artillery_foot,480,450.64524359115967
18739,4,artillery_foot,600,681.6750578743129
18740,1,artillery_foot,268,322.01227893272903
18741,2,artillery_foot,776,657.4068359849942
18742,0,artillery_foot,61,103.21780220011135
18743,0,artillery_foot,406,405.5451629775862
18744,0,artillery_foot,567,552.3794061796457
18745,2,artillery_horse,1057,1068.0702193029867
18746,2,artillery_horse,684,684.9505737736635
18747,4,general,1,1.0
18749,2,general,444,394.27308190198835
18750,4,general,1,1.0
18752,0,general,1195,1161.7730689765212
18753,4,general,1,1.0
18754,1,infantry_grenadiers,420,461.95924840237416
18755,1,infantry_grenadiers,420,461.95924840237416
18757,1,general,828,868.3213593010022
18758,1,general,1244,1304.5787501977784
18759,3,infantry_grenadiers,952,954.1486086340766
18760,0,infantry_grenadiers,608,602.1423402306066
18762,3,infantry_grenadiers,861,781.5169624091777
18763,1,general,860,815.5826157338505
18765,4,infantry_light,851,745.8501496821657
18766,0,infantry_line,567,540.379890660702
18767,0,cavalry_lancers,823,716.5250347480184
18768,0,cavalry_lancers,823,750.6408268261416
18769,2,cavalry_light,723,699.1348938132705
18770,0,general,571,638.0502771201872
18771,0,artillery_foot,755,784.605888889705
18772,1,general,845,862.6357962851808
18773,2,general,638,656.4847739092559
18774,2,general,669,657.9503029987197
18775,3,infantry_grenadiers,682,682.6502233826092
18776,3,infantry_grenadiers,692,668.009176584748
18777,1,infantry_line,778,741.1285888981392
18778,4,general,482,532.7830733343454
18779,2,general,847,883.9467840986684
18780,1,general,223,254.41424616616322
18781,2,infantry_grenadiers,703,718.4389696961483
18782,4,infantry_grenadiers,528,578.7594790381224
18783,0,infantry_line,327,347.857251390984
18784,3,artillery_foot,484,486.4462386019762
18785,4,general,1691,1555.1273640391314
18787,2,general,1808,1607.5838965004734
18788,3,infantry_grenadiers,1594,1586.6597145834535
18789,1,infantry_line,1828,1660.9753511017338
18791,2,general,350,333.4079602925784
18792,3,general,1616,1524.718489869448
18793,1,general,1508,1406.628685318366
18794,0,general,2189,2159.640710524491
18795,0,general,1486,1484.3424621468994
18796,1,infantry_line,1644,1564.0159447397293
18797,3,infantry_line,1630,1607.3663350757297
18799,0,general,148,145.19955802750894
18800,3,general,570,557.8193632157845
18801,3,general,884,890.1406584617524
18802,4,general,946,966.9507537851435
18804,0,infantry_line,415,412.10755503652103
18807,2,infantry_line,681,686.7960279733502
18808,2,general,357,370.4957500262741
18810,2,general,558,539.3888527738717
18811,4,general,778,782.3561065405099
18813,1,general,307,301.1139324033294
18815,1,infantry_line,604,575.0898727327046
18816,1,infantry_line,416,390.90076047811806
18817,0,infantry_line,422,460.2386462668801
18820,1,general,288,294.43547694523363
18821,3,general,236,227.86124692982276
18822,2,infantry_line,335,343.71835723532297
18823,2,infantry_line,288,303.72733068929784
18824,3,general,311,321.2007548326684
18825,4,general,300,313.2649816544834
18826,1,general,247,274.28790040222464
18827,3,general,469,471.5243360677159
18828,1,infantry_line,351,360.48041992027186
18829,2,infantry_line,411,440.5979234788789
18830,3,general,690,705.5874073690545
18831,4,general,622,639.9584279091027
18833,2,infantry_line,733,766.3325708262327
18834,2,infantry_line,232,202.96529183135868
18835,2,general,296,326.101852143576
18836,1,general,354,381.9046884921089
18838,1,general,119,139.44758833826526
18841,3,general,461,476.12916348953684
18843,1,general,342,337.74790733389216
18844,2,infantry_line,498,533.694411473593
18845,4,infantry_line,452,442.4229689076388
18847,2,general,318,350.9404149836645
18849,1,infantry_line,373,376.6525422413119
18850,1,infantry_line,320,313.4144944425265
18852,2,infantry_grenadiers,942,932.7254341636213
18854,3,infantry_skirmishers,243,237.34897132502923
18855,1,artillery_horse,722,718.6413924680955
18856,2,cavalry_light,641,605.4940458046768
18857,0,cavalry_light,657,732.2821488846045
18859,0,cavalry_light,1330,1422.4543750870891
18861,2,general,500,529.9334853265395
18862,0,general,1359,1517.4377248751946
18863,3,general,502,454.22667137503805
18864,0,general,702,710.3539471447638
18865,4,general,1,1.0
18866,4,general,1,1.0
18867,3,cavalry_heavy,1363,1345.192986275146
18868,1,cavalry_heavy,1817,1732.8603980330777
18870,3,general,992,925.4049070336131
18871,1,general,574,430.66853442325845
18872,1,infantry_irregulars,568,430.07522804377885
18873,2,infantry_line,1002,1084.205119458832
18874,4,artillery_foot,1018,956.3008287913286
18876,3,general,1049,904.976392054118
18877,3,infantry_grenadiers,1175,1031.5757393341783
18878,1,artillery_foot,1306,959.3389144496138
18879,4,general,56,82.30553145946878
18880,3,infantry_militia,82,98.75807479812666
18881,3,infantry_militia,147,108.95716415379046
18882,3,infantry_skirmishers,268,490.9608496608986
18883,2,artillery_foot,256,280.69084625085725
18884,3,cavalry_light,1288,1198.6261947119397
18885,2,cavalry_light,1034,1051.7310453929438
18886,4,general,1074,1104.5528335052518
18887,2,general,925,930.0401153462883
18888,3,general,473,416.92374428617217
18889,2,general,76,112.59629223992442
18890,0,infantry_line,398,397.9032139611284
18891,3,infantry_line,164,196.49339850275888
18892,4,infantry_skirmishers,272,293.82960085742286
18893,3,cavalry_light,1123,1108.2879523002948
18894,0,cavalry_missile,486,346.9062761905107
18895,2,general,357,350.63181169115785
18898,4,general,1190,1435.2431488048142
18899,2,cavalry_light,1366,1249.6503914560853
18900,3,general,1167,1144.755369213094
18901,2,cavalry_light,1124,1152.6314842360084
18902,0,cavalry_light,1096,1114.0566128720873
18903,4,cavalry_light,808,818.8811198982784
18905,0,general,907,923.9792174325644
18906,1,infantry_irregulars,269,227.0838238944066
18907,0,infantry_skirmishers,238,224.2699949613331
18908,4,cavalry_lancers,354,404.87501061112744
18909,2,cavalry_lancers,1156,1273.2058901136331
18910,2,cavalry_light,529,572.0734458727503
18911,0,general,232,237.63796387207486
18913,0,general,1093,1116.942478538084
18914,4,infantry_line,286,250.66755470353309
18915,2,cavalry_light,218,318.7310940090818
18917,3,artillery_foot,688,434.38151182840903
18918,4,general,295,270.1330498069731
18921,3,infantry_skirmishers,171,206.7698090433074
18922,1,cavalry_standard,439,641.4407312155554
18923,0,general,254,48.001961674073456
18924,2,infantry_irregulars,192,133.98503055562935
18925,1,general,95,93.81067046901713
18926,4,infantry_militia,176,259.16550870717276
18927,1,general,1,1.0
18929,1,general,526,525.3621427806088
18930,0,cavalry_heavy,2040,2016.421970093538
18931,1,cavalry_heavy,2068,2063.185935695948
18932,3,cavalry_heavy,1286,1297.9269406382618
18933,3,general,1949,1901.9920444303634
18934,4,general,527,522.7053422482654
18935,3,general,176,173.17841325510628
18937,0,general,585,560.6123213027488
18938,1,general,1381,1360.5686138848562
18940,1,general,1064,1155.540808135354
18941,4,general,1337,1314.661688962059
18942,1,general,1077,1132.7653001541862
18943,1,infantry_line,672,665.0380608766962
18944,0,infantry_line,1464,1466.654580282692
18945,2,infantry_line,1512,1513.3631313532403
18946,2,infantry_line,610,620.6658494820008
18947,4,infantry_line,245,227.9376658869489
18948,1,infantry_line,977,1018.0657081321268
18949,2,infantry_line,1472,1365.2115385724044
18950,0,artillery_foot,1521,1475.8656283566304
18951,0,cavalry_lancers,607,603.9232272234201
18952,3,cavalry_lancers,674,699.7722700212726
18953,0,general,471,463.70616067215656
18954,4,general,535,549.6933183810627
18955,4,general,1396,1391.5051069327662
18957,2,general,694,645.9511090540336
18958,3,general,582,553.2131241515759
18959,2,general,1123,1081.27050027024
18961,2,general,591,610.372587543983
18962,4,general,365,359.57151957760004
18963,2,infantry_grenadiers,1078,931.6680087031242
18965,4,infantry_line,538,544.3099071032747
18966,0,infantry_line,734,706.6817701970621
18967,0,infantry_line,386,384.2247227455245
18968,4,infantry_line,531,513.1157441916353
18970,0,infantry_line,424,421.3935847561101
18971,0,infantry_line,940,927.1003872571974
18972,3,infantry_militia,201,223.57265025624736
18973,0,artillery_foot,655,732.9939983552432
18974,3,artillery_foot,1524,1821.227325216708
18975,1,cavalry_heavy,1306,1327.0011548109633
18976,2,general,1520,1716.6972610981777
18977,1,general,1103,1121.6006006220653
18978,3,general,334,321.4868497594715
18979,3,general,384,345.49403280275646
18981,2,infantry_light,341,341.1600641341848
18982,1,infantry_light,1115,1007.8815358279835
18983,4,infantry_line,442,406.23658850647973
18984,3,infantry_line,387,377.92992015701117
18985,4,general,933,892.8095905302353
18986,0,general,228,222.25442444341846
18987,3,infantry_line,333,330.99188346818244
18988,4,infantry_line,827,812.1492839752478
18989,4,general,150,168.94978329599655
18990,3,general,315,305.0200691434847
18992,1,general,203,185.8327409530288
18993,0,infantry_line,419,414.79048609790686
18995,0,infantry_line,264,279.596081590081
18996,1,infantry_line,365,343.4301000899602
18997,3,cavalry_lancers,731,739.3374736530563
18998,2,cavalry_lancers,742,705.0740802445378
18999,4,cavalry_light,621,629.5321587306449
19000,4,general,594,648.3504737303607
19001,1,general,279,286.3444419181835
19002,0,general,704,652.8632082212195
19003,4,general,130,150.896333880625
19004,3,general,461,462.4327112883844
19005,4,general,767,766.4109572565054
19006,3,general,773,772.1706598216366
19007,0,general,681,688.8854473645945
19008,4,general,537,520.1692354810541
19009,0,general,312,307.115275801063
19010,2,general,1333,1354.6194353711899
19011,2,general,579,615.9511771434684
19012,3,general,665,649.6972346568424
19013,3,general,330,320.39762917332024
19014,0,general,940,901.7426915020566
19015,1,infantry_grenadiers,298,190.7430222426198
19016,3,infantry_grenadiers,455,502.5374663439983
19017,3,infantry_line,786,766.5233478367231
19019,0,infantry_line,622,623.1494469633925
19020,0,infantry_line,522,510.1508091196873
19021,4,infantry_line,713,723.2354814809713
19022,3,infantry_line,978,986.3448994139615
19024,3,infantry_line,1368,1426.165115417294
19025,0,infantry_line,372,362.9347740269977
19026,2,infantry_line,835,824.9600927237105
19027,0,infantry_militia,193,199.5618790725644
19028,3,infantry_militia,211,259.9625437671025
19029,4,infantry_skirmishers,269,259.65113110085366
19031,0,artillery_foot,924,903.7834359996006
19032,0,cavalry_lancers,361,383.1715537893212
19033,4,cavalry_light,621,629.5321587306449
19034,2,cavalry_light,556,591.5568474702739
19035,3,cavalry_light,765,771.3400498638542
19036,3,general,628,603.5936220036765
19037,4,general,262,255.07465566637768
19038,0,general,431,376.09942031120397
19039,2,general,370,364.89170735801474
19041,0,general,772,703.6675805800207
19042,2,general,265,272.8153814817174
19043,0,general,442,413.1828878180655
19044,2,general,728,718.8434212756237
19046,0,infantry_line,366,367.2613911136805
19047,2,infantry_line,361,339.96242354029476
19048,3,infantry_line,361,365.99219858243947
19049,0,infantry_line,616,631.4939024867216
19050,2,infantry_line,566,566.1000492739893
19051,0,infantry_militia,466,439.0867026456851
19052,2,infantry_militia,67,97.23829737876802
19053,4,infantry_skirmishers,301,306.36824146269765
19054,2,cavalry_heavy,1381,1406.582003730262
19056,3,cavalry_light,765,771.3400498638542
19057,4,general,689,703.6458065455529
19058,2,infantry_grenadiers,887,874.9865280075841
19059,2,infantry_line,152,151.30513680396697
19060,1,infantry_line,808,837.3110059402302
19061,4,general,259,254.4888639180642
19062,0,infantry_line,329,321.82525076828176
19063,1,infantry_grenadiers,793,828.6426519911904
19064,1,artillery_horse,868,835.2970388489902
19066,0,cavalry_light,645,688.9106081627647
19067,0,cavalry_light,550,526.8657330047713
19070,1,general,363,363.6656495377211
19073,1,infantry_line,411,404.20446884064137
19074,3,infantry_line,407,416.0557039573924
19075,2,infantry_line,335,321.77629969757714
19076,3,infantry_line,476,470.13410305019323
19077,4,infantry_militia,209,217.23966061186402
19079,0,artillery_foot,332,355.1551884595352
19080,2,cavalry_heavy,1381,1406.582003730262
19081,4,cavalry_lancers,786,755.0275442675253
19083,3,cavalry_light,1137,1130.322111996013
19086,0,cavalry_light,443,439.26023887350084
19087,4,cavalry_light,461,445.18207216539196
19088,1,general,673,675.9117237378347
19090,4,general,375,424.988613050983
19091,2,general,590,642.3640786771489
19092,3,general,940,934.4710870412877
19093,2,infantry_line,249,246.29223415887236
19094,2,infantry_line,152,151.30513680396697
19095,0,infantry_skirmishers,292,278.43929315450305
19096,1,cavalry_light,449,453.6815383173334
19097,0,cavalry_light,610,563.3711416093129
19098,4,general,462,445.8042852737901
19099,4,general,315,325.8020184967816
19100,3,artillery_foot,2543,2775.577613219345
19101,4,cavalry_lancers,894,863.5533940576125
19102,2,cavalry_light,500,543.1377694361199
19103,2,cavalry_light,664,557.0469305411598
19104,3,cavalry_light,732,750.2335543426389
19105,3,general,360,394.7430974670929
19106,1,general,578,503.4909869944205
19107,1,general,776,792.819137297518
19108,3,general,1051,1110.777921841462
19109,0,infantry_line,290,329.6581957707956
19110,4,infantry_line,869,900.1003066498755
19111,0,infantry_militia,94,75.0430497960955
19114,0,infantry_grenadiers,272,317.1068847343049
19116,0,general,417,431.09599614355784
19117,0,infantry_grenadiers,732,728.1738824955885
19118,1,infantry_line,534,561.8958729128875
19119,1,artillery_foot,1013,1020.0818207666664
19120,2,general,694,624.197526432573
19122,3,infantry_irregulars,582,557.3970353886615
19123,2,infantry_militia,291,246.6332754415387
19124,3,infantry_militia,263,247.93624597797174
19125,1,infantry_irregulars,356,319.66903499554337
19126,3,infantry_line,132,168.21961263495874
19128,1,cavalry_light,449,453.6815383173334
19129,2,artillery_foot,457,456.76778096884794
19131,3,artillery_foot,518,507.7518380577277
19132,3,artillery_foot,496,525.3733789267474
19134,4,general,351,351.4355949193782
19135,3,general,199,199.24884151655988
19136,4,general,351,351.4355949193782
19137,4,general,351,351.4355949193782
19138,2,general,526,525.5441341979505
19139,3,infantry_grenadiers,382,389.7529938616439
19140,2,artillery_horse,1031,1025.6437648857814
19141,3,artillery_horse,539,537.4482180061927
19142,3,general,463,407.98584309440696
19143,4,general,229,224.82201673718794
19144,0,general,352,332.978351800821
19145,0,general,442,404.25622719307285
19147,0,general,523,458.1161890846539
19148,3,general,975,969.9131311207428
19149,0,infantry_light,292,285.9032250697172
19150,3,infantry_light,438,448.4893502974171
19151,0,infantry_light,479,458.16374771809325
19152,4,infantry_light,401,399.60658238926595
19154,1,infantry_line,1098,1113.7286851210094
19155,3,infantry_line,958,946.8977185938217
19156,1,infantry_skirmishers,231,202.29531685216028
19157,2,artillery_foot,350,350.82973298468954
19159,3,cavalry_lancers,774,741.0685047779597
19160,4,cavalry_light,1150,1081.7936555042656
19162,0,general,1151,1144.6501998590643
19163,0,general,316,312.601428933975
19165,3,general,789,848.9388187823394
19166,4,general,780,782.1139539092875
19167,0,infantry_light,719,698.4502411497169
19168,2,infantry_line,413,413.4428232551645
19170,2,artillery_foot,1199,1260.4263929057388
19171,1,artillery_foot,75,131.13922939171093
19172,4,artillery_horse,115,177.13062638831425
19173,4,cavalry_lancers,584,548.8400746094869
19174,3,cavalry_light,500,499.7343255448395
19175,3,cavalry_light,901,928.6441240047457
19177,2,general,341,369.54765716593397
19179,0,general,816,855.6082686667063
19180,4,infantry_line,345,344.7043784252597
19181,0,infantry_line,273,290.237974349668
19182,0,artillery_horse,405,432.1167761972277
19183,2,general,271,283.7738905793696
19185,4,cavalry_light,652,646.5394337292547
19186,4,cavalry_light,1103,1081.306536951422
19188,0,general,1297,1235.4306711399402
19189,0,general,988,1150.4084609281979
19190,0,general,581,599.0425829544406
19191,1,cavalry_heavy,2534,2499.505043707567
19192,2,cavalry_heavy,2344,2350.6289986552397
19193,2,cavalry_heavy,662,835.1694556250752
19194,3,cavalry_standard,937,944.8362235519074
19195,4,cavalry_standard,1045,1030.1306115927687
19196,4,general,407,397.3571460408997
19197,4,general,2288,2226.2691125629126
19198,3,general,765,758.4176860286319
19199,3,general,2110,2089.5636001353505
19201,0,infantry_line,454,457.3679657585783
19202,2,artillery_horse,1379,1332.8878097144895
19203,0,artillery_horse,1047,1063.7109897965192
19205,2,general,1371,1347.1308344639185
19206,3,general,332,324.4334348374712
19207,2,general,854,858.5432311437273
19208,4,infantry_grenadiers,855,855.8300708327872
19209,1,infantry_line,388,386.00507319329205
19210,0,infantry_line,345,338.5100868463135
19211,4,infantry_line,338,347.1162284063951
19212,0,infantry_line,764,774.5349925608383
19213,1,cavalry_lancers,735,772.553453842649
19214,2,cavalry_lancers,465,472.7955074052506
19215,4,cavalry_lancers,471,469.2444777472191
19216,3,cavalry_lancers,528,515.1594353156822
19217,0,general,417,427.3483120440596
19219,3,infantry_light,316,320.53791189254525
19222,0,infantry_line,703,709.9356646012973
19223,2,general,378,368.1028839488419
19224,1,general,965,976.537211101685
19225,0,infantry_grenadiers,908,894.3826892919798
19226,4,infantry_line,431,416.88212163772585
19227,1,cavalry_lancers,445,450.8412777899724
19228,2,general,206,218.4895314010833
19231,3,infantry_line,266,270.226081522548
19232,2,general,265,274.05971820884685
19233,3,general,248,253.020377461226
19234,3,infantry_line,348,356.39526309593003
19236,0,general,329,319.0745856158282
19237,1,general,236,247.2317490123651
19238,3,infantry_line,434,419.13318131488927
19239,2,infantry_line,295,292.5554513923918
19240,4,artillery_foot,928,928.9483393523551
19241,4,general,828,813.2618860041744
19242,1,cavalry_standard,939,957.1168737423255
19244,0,general,767,781.9891774616417
19246,3,infantry_line,376,376.94011089981865
19247,3,infantry_line,681,666.080580138899
19248,1,general,782,806.191690816548
19249,4,general,297,296.7653581414578
19250,1,infantry_grenadiers,813,838.8673157850716
19251,3,infantry_line,386,394.1355859950402
19252,0,general,269,253.69579181500524
19254,4,infantry_grenadiers,768,715.544425174574
19255,0,infantry_line,173,164.96222774809615
19256,0,infantry_line,259,255.17539675900582
19257,4,infantry_line,379,371.28888374823134
19259,0,general,173,181.02810855576058
19261,0,infantry_irregulars,166,175.74402871403984
19262,3,infantry_line,212,227.6489822365391
19263,1,infantry_line,312,306.4811115101878
19264,1,infantry_line,200,202.72140364699123
19265,3,infantry_line,360,343.20809731083745
19266,0,infantry_line,362,361.32471285525713
19267,3,infantry_line,503,494.47249291921923
19268,3,infantry_line,277,278.9846664122787
19269,0,cavalry_heavy,1956,1977.6434283186934
19272,0,cavalry_standard,482,512.5972073520953
19273,3,cavalry_standard,828,807.5386889940814
19274,3,general,559,595.4847284488959
19275,1,cavalry_lancers,445,465.7154380117172
19276,4,cavalry_lancers,978,971.4948645720315
19277,1,general,806,809.2455585497293
19278,0,artillery_foot,1735,1805.1302312924931
19279,4,general,1,1.0
19282,3,general,177,177.11008134805317
19283,3,general,177,177.11008134805317
19284,0,general,1022,1022.0864681158846
19285,2,general,823,823.8223123707016
19286,2,cavalry_lancers,372,385.8036309032263
19287,0,cavalry_light,553,518.1003067879302
19288,2,cavalry_standard,566,577.0439149961265
19289,0,cavalry_standard,680,705.1827982335827
19290,4,cavalry_standard,994,959.6033605929883
19291,4,general,418,390.979247349986
19292,1,general,318,343.3494968501557
19294,3,general,932,903.0341291835235
19295,4,general,431,442.2968021482445
19296,1,general,673,681.5200159031754
19297,3,general,733,739.641112323347
19298,4,general,378,379.84038762300725
19299,0,infantry_grenadiers,670,690.6094232200019
19302,3,infantry_line,368,365.85195318453674
19303,4,general,217,244.88718543976069
19305,4,general,189,181.09524267733042
19307,1,general,595,594.3887331627196
19308,0,general,301,295.461634583862
19309,4,general,386,395.41254373792685
19311,0,general,405,390.7006302840601
19312,3,general,358,296.10996737984357
19315,0,infantry_light,311,314.42079783553385
19317,2,infantry_light,525,535.1811745637214
19318,2,infantry_line,297,288.5966182898116
19319,1,infantry_line,190,219.12151013946104
19320,1,infantry_line,512,488.82975792453215
19321,2,infantry_line,437,445.7926885932218
19322,1,infantry_line,317,328.6497174147084
19323,3,infantry_line,499,500.407101286181
19325,3,general,462,405.1900436649255
19326,1,general,184,268.83144147018305
19327,2,general,159,176.64634871908524
19328,3,general,166,177.8432733039281
19329,2,general,343,346.9576730303276
19330,2,general,626,606.206375255593
19331,0,general,754,778.0057447545387
19333,0,general,1000,1002.0567722613357
19334,3,general,1003,996.1220815984825
19336,3,general,697,696.3220688324772
19337,2,infantry_grenadiers,833,818.0367578942415
19338,4,infantry_grenadiers,1147,1117.6134351715166
19339,4,infantry_grenadiers,948,943.3288210638417
19340,0,infantry_grenadiers,879,896.0391466167181
19341,1,infantry_grenadiers,1238,1316.2760619771964
19343,2,infantry_grenadiers,678,650.781151024549
19344,2,infantry_grenadiers,765,726.4174412233527
19345,2,infantry_light,472,441.84106643944745
19346,3,infantry_line,241,256.1955022318178
19347,2,infantry_line,270,282.36658254368115
19348,3,infantry_line,223,221.24003558754356
19349,2,infantry_line,558,520.4347897963605
19351,2,infantry_line,264,253.0920216339869
19352,3,infantry_line,591,610.9484081642623
19353,4,infantry_line,574,587.8206453061458
19354,1,cavalry_lancers,663,593.1903584651759
19357,1,general,631,641.4604491940664
19358,0,general,589,623.5565167710722
19359,4,general,542,543.8111965571894
19360,4,general,651,683.7274309778188
19361,3,general,842,841.4507548476276
19362,1,infantry_line,362,356.75910041829786
19364,4,cavalry_heavy,1705,1687.681836647392
19365,4,cavalry_heavy,1310,1337.3417300359474
19366,4,general,1156,1175.2853651807247
19368,3,cavalry_light,456,438.3256398185413
19370,0,general,470,458.78311846869025
19371,4,general,402,403.31187455839614
19372,4,general,265,281.19609618596775
19373,4,infantry_light,352,348.0119799545042
19374,3,general,207,190.82935736749997
19376,1,general,448,418.32259768054837
19377,3,general,355,347.0357542425935
19378,4,general,365,356.72332579973084
19379,2,general,500,484.05789540536375
19381,4,general,793,706.4331367634885
19382,4,general,441,454.99710499800983
19383,3,general,1023,884.8610507131191
19384,2,general,493,520.620847519952
19385,3,general,469,449.9688994628067
19386,2,general,323,332.118465357797
19387,0,infantry_grenadiers,434,457.76610629497424
19388,4,infantry_grenadiers,543,535.0095922894926
19389,2,infantry_grenadiers,582,554.5969854265829
19390,3,infantry_light,490,463.8295752836191
19391,1,infantry_light,417,412.5639335292172
19392,2,infantry_line,197,199.8689356009308
19395,4,infantry_line,285,277.05802414558065
19397,3,infantry_line,902,814.6307440062977
19399,2,general,946,878.2592925504297
19400,1,general,399,399.71719666200954
19402,2,general,492,494.21137227733686
19403,2,general,412,434.47391188779585
19405,3,infantry_grenadiers,525,532.8872841788007
19406,2,infantry_grenadiers,829,751.0510802510562
19407,0,infantry_grenadiers,815,816.5259346467767
19408,4,infantry_grenadiers,770,770.6952477862728
19410,1,infantry_grenadiers,1148,1237.5314707384928
19411,1,infantry_line,454,454.29166739093466
19412,0,infantry_line,299,304.5772191025713
19413,4,cavalry_light,594,604.3177917560403
19414,3,general,397,418.9227952983495
19415,1,general,673,639.2203525559263
19416,4,general,461,496.69081685445593
19418,4,general,96,119.88316246969084
19419,4,infantry_light,371,378.57652918672466
19420,1,infantry_light,588,592.7072241882831
19421,0,infantry_line,193,184.39497563656315
19422,4,general,650,641.3147411836907
19423,1,general,736,756.1127365464753
19424,1,infantry_grenadiers,780,796.7057086782637
19425,2,infantry_grenadiers,887,875.1225977250745
19426,2,infantry_grenadiers,884,873.4996139138799
19430,1,general,117,132.1203152520564
19432,4,general,124,140.87606142094273
19433,2,general,888,880.7102925510054
19434,2,general,615,649.716719907519
19435,1,general,1024,1038.6050596733478
19436,3,general,704,708.6151890153865
19438,4,general,675,675.4739396395103
19439,0,general,300,290.34928008544335
19440,3,infantry_grenadiers,802,774.2540366176921
19441,0,infantry_grenadiers,614,647.9955933102644
19442,4,infantry_grenadiers,950,950.9242111347158
19443,1,infantry_grenadiers,1014,1043.7362769171596
19444,1,infantry_grenadiers,824,840.1842460572342
19446,0,infantry_grenadiers,1058,1060.0459574185566
19448,0,infantry_grenadiers,769,799.4946158943521
19450,4,infantry_line,192,202.40491528456866
19452,3,infantry_line,411,386.2453941007056
19453,0,cavalry_heavy,1736,1785.452172579415
19454,3,general,1655,1653.2991255717043
19455,2,general,187,211.85661152962356
19458,4,general,368,348.77818437685744
19460,3,general,939,971.8332532425102
19461,0,infantry_grenadiers,629,628.3990322896236
19462,2,infantry_grenadiers,892,853.9863240298531
19463,2,infantry_grenadiers,697,658.2155696324056
19466,4,infantry_line,212,268.48032061810363
19467,0,infantry_line,226,241.0421544673276
19469,3,infantry_line,576,556.4779047930447
19470,4,general,180,192.70794573638403
19471,0,general,128,144.40261420337558
19472,4,general,670,624.5598746714699
19473,4,general,322,317.8942364872365
19475,4,general,482,489.23032392974926
19477,0,infantry_grenadiers,493,508.37680318322225
19478,4,infantry_grenadiers,574,596.9132063970915
19480,4,infantry_line,175,203.3015577143595
19481,3,infantry_line,279,298.95665464680206
19483,2,infantry_line,441,427.79481255370257
19484,4,infantry_skirmishers,302,330.1651166727764
19486,4,cavalry_light,787,818.7070119431509
19488,0,general,646,693.4610810257236
19489,1,general,284,271.248444245554
19491,0,infantry_light,398,388.2306672967741
19492,2,cavalry_light,988,1000.6321595889316
19494,0,cavalry_heavy,1469,1526.4843039307082
19495,4,cavalry_lancers,410,443.6318615899939
19496,0,cavalry_light,1105,1101.3756019693399
19497,4,general,264,254.18241119965126
19498,3,general,362,388.97622676792633
19499,1,general,195,191.90142219374346
19500,0,general,1033,1041.619549854173
19502,4,general,459,442.5098229456821
19503,3,infantry_grenadiers,566,566.6583627068792
19504,2,infantry_line,366,362.0476846258037
19505,1,infantry_line,260,248.58328010174418
19507,1,cavalry_light,394,359.38324561318456
19511,2,general,819,808.3508626761561
19513,1,general,151,82.36067608493515
19514,1,general,232,235.24355445183915
19516,4,infantry_grenadiers,730,721.0285308112018
19517,1,infantry_grenadiers,900,920.2711189958832
19518,0,infantry_grenadiers,681,666.9043713313599
19519,3,infantry_grenadiers,633,599.6957275617087
19521,2,infantry_line,292,307.51096713436266
19522,3,infantry_militia,163,233.9976842558206
19524,3,general,318,304.236030828487
19525,2,general,122,139.78371732904353
19527,0,general,240,262.4704672933191
19528,0,general,872,862.9288529101673
19529,2,general,267,258.4867516402332
19531,3,infantry_line,368,363.5809801854038
19532,3,infantry_line,151,187.67989120906006
19533,2,infantry_line,240,249.11654140304375
19534,2,cavalry_light,600,530.7004903023144
19535,3,general,316,314.247877610851
19536,3,general,429,394.0204609117759
19537,3,general,429,394.0204609117759
19538,0,general,109,136.09949508988313
19540,4,infantry_line,208,201.1108086965697
19541,3,cavalry_light,771,801.7443057847466
19543,2,general,765,834.7453775168755
19545,1,general,699,618.3804521810258
19548,0,general,123,186.2247623052363
19549,1,infantry_line,215,222.5199370111438
19551,1,general,166,175.82296637144395
19553,4,infantry_line,269,271.8661071357145
19554,0,infantry_line,267,276.64729261904824
19556,2,general,385,364.1574225614528
19557,2,infantry_line,357,344.9445774243083
19561,0,infantry_line,248,251.00349270401964
19562,2,infantry_line,270,281.2242959616319
19563,0,cavalry_heavy,1570,1547.806110771414
19564,0,cavalry_heavy,1541,1576.94484623246
19567,4,cavalry_heavy,1554,1565.9580787779344
19568,3,general,1378,1392.5679530757213
19569,2,general,179,222.61978106494263
19570,3,general,154,201.5931747118428
19571,4,general,535,519.907287305
19572,0,infantry_grenadiers,650,642.0249827994307
19573,2,infantry_line,254,248.86983070516746
19574,0,infantry_line,250,254.9012508282567
19576,1,artillery_foot,656,683.3060300178996
19578,4,artillery_foot,525,595.3623347763273
19579,3,artillery_foot,241,275.3926330525784
19580,1,artillery_foot,236,279.63291183664614
19581,2,artillery_foot,470,441.67492941531145
19582,2,artillery_foot,678,587.7258161917214
19584,1,artillery_foot,325,318.885037419679
19585,4,artillery_foot,518,526.0741701580191
19586,3,artillery_foot,771,760.3711739752918
19587,2,artillery_horse,925,934.5614418901133
19588,1,artillery_horse,846,853.2247536716092
19589,3,artillery_horse,903,910.0072828222334
19590,4,artillery_horse,1042,950.9123018251951
19591,1,artillery_horse,565,539.4083517986121
19593,2,general,340,314.0567870372606
19594,2,general,549,465.17750892763434
19595,2,general,526,525.5441341979505
19596,4,general,1,1.0
19597,3,general,199,199.24884151655988
19599,4,general,740,672.5015874378419
19600,4,general,1,1.0
19602,4,general,1,1.0
19604,1,infantry_grenadiers,359,392.5346365795532
19605,1,infantry_grenadiers,359,392.5346365795543
19606,1,infantry_grenadiers,359,392.5346365795532
19607,4,cavalry_light,1063,1034.9562425940785
19608,1,general,169,184.0758131728439
19609,0,general,1058,1072.7667956870825
19610,1,general,470,459.376395098739
19611,3,general,830,837.2058226548157
19612,3,general,315,315.3850338510142
19613,2,general,347,304.64741499033823
19614,0,general,173,179.78155390466299
19615,1,general,259,277.0047432615475
19616,0,general,168,178.35594514290443
19617,0,general,183,187.91519612366704
19618,3,general,867,859.4250080807041
19620,2,infantry_grenadiers,873,866.286266906243
19621,2,infantry_light,303,277.2922072441211
19622,0,infantry_light,370,390.9750896524446
19623,4,infantry_light,205,210.60104412293953
19624,4,infantry_light,247,259.31488933238336
19625,2,infantry_line,579,557.8584758793022
19626,0,infantry_line,365,357.31077136489256
19627,4,infantry_line,279,293.8957723732307
19628,0,infantry_line,266,280.8494862537202
19629,3,infantry_line,1220,1338.014286240889
19630,2,cavalry_heavy,2251,2315.4972723308633
19632,4,general,243,230.01317960107409
19633,0,general,318,323.52271488963726
19634,1,general,497,489.464826987953
19635,0,general,2021,2065.854057645753
19636,3,general,701,686.3036548502815
19638,1,general,640,656.6703678124965
19639,4,infantry_grenadiers,685,702.940804261318
19640,2,infantry_light,434,444.9137654460601
19641,0,infantry_light,476,471.5574067226273
19642,4,infantry_line,340,332.20082064703433
19643,1,infantry_line,417,429.01571180332746
19644,4,infantry_line,624,611.9014054795098
19646,3,artillery_horse,2117,2092.5226742436525
19647,1,general,427,410.32689177374795
19648,2,general,415,384.68440395769744
19649,1,general,2141,2144.4915109026474
19650,4,general,386,380.75775342824727
19651,4,general,717,697.1738182268489
19652,3,general,480,466.8806025867429
19653,4,general,583,552.5413911351071
19654,0,general,440,437.8171050486061
19655,4,general,586,572.6133815802336
19656,0,general,708,706.3658533629732
19657,1,general,540,546.4398552858098
19658,4,infantry_grenadiers,825,810.7083815696402
19659,1,infantry_light,499,507.4961577725029
19660,0,infantry_light,600,607.8255511873193
19661,2,infantry_light,568,553.8566337492969
19662,0,infantry_line,530,513.2044671512663
19664,4,infantry_line,527,503.1174058741477
19665,3,cavalry_light,577,559.9740557465487
19667,3,general,466,463.18631794708205
19668,0,general,210,240.85338213408727
19669,0,general,307,327.5156774813745
19671,1,cavalry_lancers,318,338.7281281855621
19672,4,general,824,821.7501556432743
19673,0,infantry_light,754,779.5365630636858
19674,4,artillery_horse,820,767.1568354988383
19675,0,cavalry_heavy,1867,1861.4490898829915
19676,4,cavalry_lancers,471,451.8106138140184
19677,3,cavalry_lancers,528,490.49280396916225
19680,4,general,598,567.9398185560399
19681,0,general,835,853.2433416199909
19682,3,general,1766,1753.3893750285338
19684,3,general,617,631.464930231678
19685,3,infantry_grenadiers,759,753.2130708284253
19686,3,infantry_line,384,398.6702346902039
19687,2,infantry_line,649,625.9118859249204
19688,1,infantry_line,726,748.8664764875451
19689,0,artillery_horse,1066,1062.5156201022755
19691,1,cavalry_light,616,625.5127524211056
19692,0,general,399,387.24757480648265
19693,4,general,869,853.9486072574902
19695,1,general,464,483.14577677650533
19696,3,general,318,327.00214503464036
19697,2,general,456,448.20099886146147
19698,3,general,1274,1298.9835068171478
19700,4,general,312,308.03956188444414
19701,0,general,271,248.47423436642595
19702,1,general,886,878.4625899768637
19705,4,infantry_line,414,405.85858590317446
19706,4,infantry_line,452,443.794453506536
19707,2,infantry_line,317,337.5245416605138
19708,2,infantry_line,378,360.09430379974566
19709,3,infantry_line,377,362.8272417844167
19710,4,infantry_line,373,347.1529844007855
19711,4,infantry_militia,229,215.241206591514
19713,1,general,254,259.59245856322974
19714,4,infantry_line,310,310.05390011321566
19716,4,general,619,587.0930696669367
19717,1,general,366,369.5309224490855
19718,1,infantry_line,466,468.97280390275296
19719,3,infantry_line,727,706.8214589231748
19720,2,artillery_horse,148,224.98766266130195
19721,2,cavalry_heavy,1277,1285.1117476327647
19723,2,cavalry_standard,558,578.8912210517094
19724,0,cavalry_standard,523,555.6481845776046
19725,0,cavalry_standard,456,481.7776393542491
19726,4,cavalry_standard,1047,1040.5590516701548
19727,0,cavalry_standard,685,712.0166323584715
19728,3,cavalry_standard,934,939.9825159957338
19729,2,general,642,635.0397388090137
19730,0,general,423,453.0618510338546
19731,3,general,270,290.0715809527286
19733,3,general,938,936.2523081020765
19734,1,general,863,856.1667217937751
19735,0,general,840,860.362025312304
19736,1,general,425,443.45863934815645
19737,3,general,230,249.27743895069557
19738,0,general,1123,1115.4948418498116
19739,2,general,272,280.6865593055257
19740,1,infantry_line,293,297.81508728679614
19741,4,infantry_line,365,377.45008595245747
19742,2,infantry_line,320,337.2601000766615
19743,2,cavalry_lancers,355,371.01193004017216
19744,3,cavalry_standard,1063,1071.8336835391103
19745,0,general,253,267.8884324638934
19746,3,general,440,441.7467664051431
19747,0,general,877,880.665057855133
19748,2,general,220,248.93245699263974
19749,0,general,1780,1649.452081316311
19751,3,infantry_line,491,491.01469249133174
19755,3,infantry_line,356,350.9205238689246
19756,2,general,248,250.80507357158794
19757,0,general,228,197.74180139064208
19758,0,general,214,189.78961531324805
19759,2,general,165,152.32099645312798
19760,3,general,362,354.13372683419595
19761,4,general,200,199.916261420881
19762,0,general,555,542.3358781540616
19763,1,general,454,421.0212030887764
19764,3,general,399,398.4527276774261
19765,1,infantry_light,270,251.55469567663752
19766,0,infantry_light,332,309.131803024519
19767,2,infantry_light,305,308.446559618824
19768,3,infantry_light,386,367.3386311369291
19769,3,infantry_line,303,321.3859815293261
19770,2,infantry_line,410,408.33841634074815
19773,2,general,239,229.32723678696746
19774,3,general,965,1074.6223970691058
19775,4,general,1217,1277.7575200835263
19776,1,infantry_line,296,301.3036800974074
19777,3,infantry_line,173,172.26553739909895
19779,3,infantry_line,982,1143.9157735405904
19780,0,general,251,201.90787794792203
19781,1,general,100,97.86017436619919
19782,2,general,686,683.3840308185023
19783,1,infantry_grenadiers,804,800.9053390545362
19784,2,infantry_line,207,195.4793852188098
19786,3,cavalry_heavy,1166,1137.864974107463
19787,3,cavalry_heavy,1670,1670.7802347807753
19788,1,cavalry_heavy,1321,1295.0638808465262
19789,2,cavalry_heavy,2453,2475.2467563683163
19790,0,cavalry_standard,555,576.5325418442616
19791,2,cavalry_standard,776,739.3546583290099
19793,2,general,967,968.589861750665
19794,1,general,455,480.3137249035965
19795,3,general,2211,2199.0169123337073
19796,1,general,1096,1088.9936406357024
19797,0,general,1576,1574.4262436460933
19798,1,cavalry_standard,599,597.1807181342398
19799,4,general,456,446.3931728144331
19800,4,cavalry_standard,957,956.4994251635875
19801,2,cavalry_standard,657,639.7458827679119
19802,0,general,825,795.6370927039836
19803,2,general,512,480.16101822075416
19804,3,artillery_horse,578,579.7108361106625
19805,2,cavalry_light,559,576.5744922825602
19806,4,cavalry_light,1103,1107.490151210166
19807,4,general,1016,1021.7856219819
19808,0,general,459,468.69431066620797
19810,4,artillery_foot,508,532.8108195811889
19811,2,artillery_foot,450,393.9471910965086
19813,0,artillery_foot,547,604.4877314699883
19814,4,artillery_foot,518,562.1424014680813
19815,3,artillery_foot,1917,1954.2356042726728
19816,0,artillery_foot,2237,2189.683073236351
19817,1,artillery_foot,1041,999.7423409984146
19818,2,artillery_foot,1115,1134.886908496251
19819,4,artillery_horse,323,351.9752838110882
19821,4,artillery_horse,821,803.4117922707109
19822,1,artillery_horse,1674,1686.362849147908
19823,1,artillery_horse,1077,1089.793580421849
19825,2,general,2424,2481.8372575759245
19826,0,general,312,312.4073220802941
19827,3,general,177,177.11008134805317
19830,0,general,924,927.9714212501934
19831,4,general,834,870.1437655574241
19833,3,general,827,799.9351154558152
19834,3,general,177,177.11008134805317
19836,4,general,204,227.31708132292354
19837,1,general,408,450.08917229243747
19838,2,general,823,823.8223123707016
19839,0,general,2496,2562.931319181972
19840,0,general,569,580.0377815206124
19841,0,infantry_skirmishers,136,152.2549682097353
19842,0,infantry_skirmishers,136,152.2549682097353
19843,0,infantry_skirmishers,136,152.2549682097353
19844,0,artillery_foot,330,388.8847366897196
19845,0,artillery_foot,414,423.0626492126214
19846,0,artillery_horse,303,310.6640580755327
19847,1,artillery_horse,1351,1368.0987294667154
19848,0,cavalry_light,475,501.20184152102405
19849,0,cavalry_light,430,419.77814706749473
19850,2,cavalry_light,443,433.5262965333831
19851,2,general,334,357.830915765534
19852,0,general,350,352.11100206163286
19854,3,general,296,291.28631690589253
19857,0,general,256,241.4870015003203
19858,1,general,273,266.5191895242955
19859,4,general,297,347.01018902266884
19860,2,general,97,108.38913199940882
19862,3,general,208,226.12277105810387
19863,0,general,300,321.03790734716074
19864,1,general,230,236.34570107534273
19865,0,general,381,388.40265089018925
19866,1,general,492,491.4447099879902
19867,3,general,59,76.26526508070309
19868,4,general,433,418.91816306819106
19870,4,general,1094,1278.5735004656765
19871,0,general,513,522.5205162982944
19872,4,general,123,127.46934219786161
19873,2,general,750,653.8831707892446
19874,4,general,630,660.3278840613125
19875,3,general,453,446.4708240573236
19876,4,general,539,581.171265279945
19877,0,infantry_grenadiers,242,251.46660714603934
19878,0,infantry_grenadiers,866,908.0789356783347
19880,2,infantry_light,407,420.4000920999082
19881,4,infantry_light,458,456.30784618781615
19882,3,infantry_light,314,308.8268602264653
19883,3,infantry_light,359,384.0321831760589
19885,3,infantry_light,334,349.41239938642065
19886,4,infantry_light,370,345.5799333025941
19887,3,infantry_light,304,324.0978851970226
19888,3,infantry_light,362,350.4614384169449
19889,0,infantry_light,515,545.2708699151657
19890,0,infantry_light,688,636.6499820041518
19891,1,infantry_light,571,553.7308970865279
19892,0,infantry_line,171,182.2021600845489
19893,0,infantry_line,199,207.67399937708672
19894,1,infantry_line,629,651.6321987094808
19895,3,infantry_line,230,222.23183200328842
19896,0,infantry_skirmishers,127,120.56060369587561
19897,4,infantry_skirmishers,196,186.1907243891493
19898,4,infantry_skirmishers,134,137.30821157871978
19899,1,infantry_skirmishers,196,218.17594952116912
19900,1,artillery_foot,266,248.12453145991762
19902,1,artillery_foot,208,232.37150361326144
19903,1,artillery_horse,906,922.8015654633066
19904,0,artillery_horse,925,920.6814426166886
19905,3,cavalry_light,746,773.5696074924302
19906,3,cavalry_light,471,463.7197962727145
19907,3,cavalry_light,929,919.0208696972186
19909,0,cavalry_standard,524,519.1888384300437
19910,3,cavalry_standard,950,958.1394308509232
19911,4,cavalry_standard,455,488.84217658622777
19912,4,general,172,175.30408835673893
19913,0,general,771,782.3149456732938
19914,3,general,51,65.23678931202797
19915,0,general,65,82.7298336869984
19916,0,general,612,658.516175254686
19917,4,general,928,957.6067193393106
19918,0,general,150,146.07432656570066
19919,1,general,366,368.7626338097968
19920,2,general,327,347.28083595374017
19921,0,general,96,119.03603900672704
19924,4,general,74,96.6399945545827
19925,0,general,558,537.5959804673302
19926,4,general,1176,1402.5314017130142
19927,3,general,337,340.3624154865135
19928,2,general,945,742.1313734750721
19929,2,general,1251,1027.5929555074067
19930,3,general,116,123.74207553837589
19932,3,infantry_line,277,291.6824213443709
19933,3,infantry_line,171,185.0857404687685
19935,0,infantry_line,144,165.1186157580018
19936,0,infantry_line,1075,841.3971053113028
19937,3,infantry_line,1159,943.630441389313
19938,2,infantry_line,324,338.7754590598991
19939,0,infantry_line,219,224.53361518394746
19940,4,infantry_skirmishers,102,111.67423300057081
19941,3,artillery_foot,266,255.41307542128328
19942,3,artillery_horse,443,449.4757811605539
19943,4,cavalry_heavy,1299,1314.1361491651755
19944,0,cavalry_heavy,1661,1649.7884184001075
19945,0,cavalry_standard,1032,1043.704800934009
19946,2,general,1472,1475.0425538170105
19947,4,general,891,869.4887202229636
19948,0,general,109,119.40556044852804
19949,1,general,1085,1100.1294426382337
19951,0,infantry_skirmishers,98,108.94264576625484
19953,0,general,601,565.5524502074013
19954,0,general,231,258.20790881085406
19956,0,artillery_foot,460,438.38457672602357
19957,3,artillery_foot,527,539.4483495939808
19958,3,general,364,343.06633112860203
19959,4,general,142,160.8195404206456
19961,4,general,40,59.39722669855459
19964,0,general,732,741.7208993608803
19965,2,general,626,625.6905862285356
19967,4,infantry_grenadiers,873,849.3064937187595
19968,2,infantry_grenadiers,1076,1113.213636435464
19969,4,infantry_grenadiers,438,473.137411977277
19970,1,infantry_grenadiers,588,570.2783766317294
19973,3,infantry_line,375,374.32164152039604
19974,2,infantry_line,219,230.1752840872219
19975,0,infantry_line,238,247.66393263486978
19976,2,infantry_line,251,255.3575675358041
19978,1,artillery_foot,322,318.1846619736227
19979,2,artillery_foot,345,385.59554134533226
19980,0,artillery_foot,473,481.00464505504357
19981,3,general,198,203.75332162064777
19982,0,general,239,213.20450093992858
19983,4,general,505,527.1958807383778
19984,3,general,112,112.78134140131324
19985,2,general,205,210.3065691387178
19987,0,general,191,183.91659788442664
19988,2,general,187,199.66835485404886
19989,1,general,158,150.73338970062719
19990,1,general,137,131.37607351042053
19991,1,general,572,580.15578181232
19993,3,general,247,250.15056041250085
19995,2,general,679,675.8976529959796
19997,1,general,956,958.3491073906754
19999,2,general,597,591.9965219358533
20000,2,infantry_grenadiers,627,610.3723788183884
20003,1,infantry_grenadiers,727,714.9930970852262
20004,4,infantry_grenadiers,803,784.2555028424955
20006,0,infantry_grenadiers,1005,1100.9214170097825
20007,2,infantry_line,262,274.32924991387597
20008,3,infantry_line,265,265.29012399888154
20010,1,infantry_line,212,236.15949879781655
20013,2,infantry_line,198,192.96965417649923
20014,0,infantry_line,214,230.4864485706663
20015,4,infantry_line,219,225.45672902286788
20016,2,infantry_line,264,273.52943461667707
20017,0,infantry_line,257,256.9560353796373
20018,1,artillery_foot,531,478.6347695003435
20019,2,artillery_foot,623,589.2470481350489
20020,3,artillery_foot,753,804.7303887810888
20021,2,cavalry_light,354,351.9687428518671
20022,3,cavalry_standard,1120,1097.1014438120858
20023,0,general,972,892.3965507921689
20026,4,general,440,420.4280721199721
20027,1,general,154,166.6654459771715
20028,1,general,662,667.9499084943006
20029,4,general,229,219.7850596523556
20030,2,general,351,312.90933242329083
20031,4,general,284,279.8145419098899
20032,0,general,81,103.68843652827871
20033,3,general,147,154.83541017287973
20035,2,general,503,513.34177874271
20036,4,general,262,278.569744931414
20037,3,general,807,756.853629497593
20038,4,general,190,196.0047913565281
20040,4,general,766,773.0223233289278
20041,3,infantry_grenadiers,839,782.3827910501226
20043,3,infantry_grenadiers,903,886.5325503970249
20044,4,infantry_light,385,388.8015076461496
20046,2,infantry_line,236,237.3575163087898
20047,0,infantry_line,175,197.03793699243937
20048,1,infantry_line,188,205.05088494907886
20051,0,infantry_line,322,309.9389216149808
20052,4,infantry_line,225,232.7048726579374
20053,2,infantry_line,251,261.903526200936
20054,0,infantry_skirmishers,126,120.91601130626134
20057,1,cavalry_heavy,982,956.374395964122
20059,0,cavalry_heavy,1800,1691.2201242236588
20060,0,cavalry_heavy,855,864.670410722203
20061,2,cavalry_heavy,890,969.6307069217094
20062,3,cavalry_standard,408,411.84677557146733
20063,2,cavalry_standard,773,771.1803864492114
20065,2,general,1429,1369.1280647301376
20066,4,general,810,805.8515631435027
20067,1,general,1796,1727.8310056769812
20069,0,general,688,701.5267308563883
20070,2,general,282,281.1029297650524
20071,4,general,392,390.0759273986157
20072,2,cavalry_light,559,547.7157667565
20073,3,general,416,420.7834783143271
20074,0,general,156,159.38529576320795
20075,3,infantry_light,262,271.8462287178272
20077,0,artillery_foot,521,499.21555856453944
20078,3,artillery_foot,467,489.240311969705
20079,4,general,361,323.50994067972306
20080,4,general,247,251.82949420020742
20081,4,general,287,299.8392988974588
20082,0,general,205,183.14051218005935
20084,2,general,702,579.3213857795727
20085,0,general,428,381.8402616466131
20086,2,general,519,488.3532076812436
20087,2,general,559,536.7770944952712
20088,0,general,675,700.21868636977
20089,0,general,714,740.8426945976697
20090,4,general,636,637.9058538426018
20091,3,general,640,599.8993694539362
20093,2,general,477,429.6762558910883
20095,0,general,675,700.21868636977
20096,1,general,985,1040.0883637148845
20097,2,infantry_grenadiers,835,835.341266093981
20098,3,infantry_grenadiers,614,594.2892919385375
20099,3,infantry_grenadiers,809,818.343916679051
20100,1,infantry_grenadiers,538,486.1070515533806
20101,2,infantry_grenadiers,933,932.1092995439241
20102,3,infantry_grenadiers,758,739.0029930559905
20103,4,infantry_light,626,653.694132547538
20104,1,infantry_light,391,401.57826920993944
20105,3,infantry_light,346,313.80859480147916
20106,3,infantry_light,689,649.8965974507125
20107,4,infantry_line,349,347.2918467791391
20108,4,infantry_line,299,277.41742547437923
20109,1,infantry_line,312,286.42785074286905
20110,0,infantry_line,406,381.60742672136126
20111,2,infantry_line,509,531.115145730325
20112,3,artillery_foot,492,449.73029829314794
20113,1,artillery_foot,408,407.3524613572833
20115,4,cavalry_heavy,2198,2243.0262152947466
20116,1,cavalry_heavy,972,943.8363504014893
20117,0,cavalry_light,389,400.0405318418612
20119,0,general,912,926.2558625518861
20120,0,general,2180,2239.6484841748547
20121,1,general,463,472.6561101272483
20122,3,general,342,342.8548954184005
20123,2,general,242,235.6500721053822
20124,2,general,311,314.5028967111947
20125,1,general,845,814.0472186642594
20126,4,general,1224,1257.9798765827227
20127,3,general,526,513.1522448026282
20128,1,general,641,651.6549202914917
20129,3,general,656,691.9391018834145
20130,1,infantry_grenadiers,498,491.8327735165001
20131,1,infantry_grenadiers,457,442.1353994682351
20132,3,infantry_grenadiers,793,808.032355434564
20133,2,infantry_grenadiers,632,596.2737345642549
20134,2,infantry_grenadiers,583,548.0399404119157
20135,2,infantry_grenadiers,742,725.0572858146903
20136,3,infantry_line,311,292.01665765828693
20137,4,infantry_line,414,417.680403807934
20139,4,artillery_horse,516,502.59944114868085
20140,1,artillery_horse,83,128.42342573198462
20141,0,artillery_horse,547,566.4644658714352
20142,1,cavalry_heavy,983,972.2971239605783
20145,1,cavalry_standard,485,512.9170325987408
20146,3,cavalry_standard,727,684.8534179974531
20147,3,general,352,375.6368588039329
20150,0,general,573,558.3618621889171
20151,2,general,1,21.43318599279897
20153,3,general,510,545.4297405593044
20155,2,general,214,214.92647623204007
20156,2,general,258,257.7213208951578
20157,2,general,309,296.6850869097743
20158,4,general,462,468.41221006771906
20159,1,general,366,372.9477875557064
20160,2,general,1097,1249.394215491633
20161,3,infantry_grenadiers,1158,1288.889170655358
20162,2,infantry_line,319,322.9865359456449
20163,3,infantry_line,323,308.371089065752
20164,0,infantry_line,449,421.3596921422146
20165,2,infantry_line,437,436.8761693617137
20166,1,infantry_skirmishers,132,139.81308125943542
20167,2,artillery_foot,341,337.1578950668228
20168,4,artillery_foot,475,493.66367947781924
20169,3,general,144,153.59798504206157
20170,2,general,291,279.88901806915396
20171,4,general,129,141.06206118736833
20172,4,general,186,193.2359612690804
20173,4,general,129,141.06206118736833
20175,4,infantry_grenadiers,685,657.2367831849609
20176,4,infantry_line,252,270.06423859143916
20178,3,infantry_line,396,408.7625163339393
20179,3,infantry_line,239,236.32236586241785
20180,3,infantry_skirmishers,123,126.5251896947052
20181,1,artillery_horse,464,472.20075864694616
20182,3,cavalry_standard,1007,1014.3003993979992
20183,3,cavalry_standard,1036,1040.7131428722691
20186,4,general,849,862.0070494900172
20188,3,cavalry_heavy,871,873.2413547137077
20189,2,general,704,700.1858667921821
20191,4,artillery_horse,132,186.43247991428098
20195,3,general,159,159.39907321324793
20197,4,general,1,1.0
20198,1,general,1721,1661.2902285145092
20199,1,general,1936,1985.729995548759
20200,2,general,327,300.4105343546922
20201,0,infantry_grenadiers,1865,1792.2152277956773
20204,0,infantry_line,616,621.2584942325161
20207,0,general,465,434.3378762331182
20208,1,general,1308,1299.8126936101744
20209,0,infantry_grenadiers,984,928.5373591546618
20210,2,infantry_light,571,575.7935126095997
20212,4,infantry_line,424,398.6193688605295
20213,3,infantry_line,401,371.732137258904
20214,1,infantry_line,1328,1372.6820395290267
20215,3,infantry_skirmishers,310,281.54190500938114
20216,4,cavalry_light,505,396.1765536914982
20217,3,general,358,338.6296653020421
20218,4,infantry_light,276,272.02889704308734
20219,0,infantry_line,484,474.74111783540747
20220,2,infantry_line,431,429.82080131659455
20221,0,infantry_line,644,656.0501902352643
20222,3,infantry_line,658,662.7913696412027
20223,3,infantry_skirmishers,224,194.694412591616
20224,3,infantry_skirmishers,260,231.66536269257767
20225,4,general,341,402.00225445512615
20226,0,general,751,702.6475536028652
20228,3,infantry_grenadiers,543,547.5127799448145
20229,4,infantry_light,331,308.124279973552
20230,1,infantry_line,366,452.20207260691444
20231,1,infantry_line,1007,1031.752780779904
20232,3,infantry_line,317,299.7766094151064
20233,0,infantry_line,543,542.5438378258798
20236,1,infantry_line,464,457.08859025975244
20237,2,infantry_skirmishers,218,259.48477059240554
20238,4,artillery_foot,567,595.2030038882383
20239,3,artillery_foot,633,622.4336070071081
20240,2,infantry_light,749,699.2141218748199
20241,3,cavalry_heavy,1891,1804.5849015855272
20242,1,cavalry_heavy,1593,1697.4663307879528
20244,1,cavalry_light,790,803.26350891415
20245,2,cavalry_standard,872,887.9905904392076
20247,4,general,1706,1661.4072650654466
20249,1,general,930,1042.7804388757306
20252,0,infantry_light,1248,1609.358859095215
20254,2,cavalry_light,782,758.461452328754
20255,1,general,686,698.2004161672116
20256,4,infantry_light,672,635.4574453931139
20257,2,artillery_foot,2022,2269.6049043723606
20258,0,cavalry_light,480,490.4567274989457
20259,2,cavalry_standard,677,695.2879259492302
20260,4,general,575,581.1006687845472
20261,0,cavalry_light,1573,1692.49181878825
20262,4,artillery_foot,1003,903.9276944826864
20263,0,artillery_foot,369,359.36029130178633
20264,4,artillery_foot,90,151.09142974983484
20265,3,artillery_horse,700,719.3423972006136
20266,1,general,820,820.1269684584004
20268,0,general,401,401.6665569603783
20270,2,general,34,95.45795289684753
20271,3,infantry_grenadiers,401,425.7772564549165
20272,4,cavalry_lancers,654,660.1363764909172
20273,2,cavalry_light,1009,1096.1642759353629
20274,0,cavalry_light,844,800.3759800784426
20275,3,cavalry_light,701,629.0030046596202
20277,1,cavalry_light,810,797.8853650981104
20278,3,general,131,136.27951686632255
20280,2,general,665,660.5785005297664
20281,3,general,647,635.0568979099613
20282,4,general,579,577.716222318862
20283,1,general,548,552.816481801765
20284,2,general,141,186.69656709045955
20285,0,general,828,859.2752192178591
20286,0,general,248,245.66816023638535
20287,3,general,752,728.9857297941245
20289,1,general,880,914.0133605993177
20290,4,general,427,353.20598234448056
20291,0,general,327,314.79767258988915
20293,3,general,432,441.15313969698184
20294,2,general,341,400.0381359784291
20295,2,general,340,300.84663171088715
20296,0,general,436,447.69320655384684
20297,3,general,776,701.732689324406
20299,3,general,194,207.48367373648168
20300,3,general,162,196.2188682267687
20301,4,general,411,400.6804211224888
20302,0,general,509,463.09099687227274
20303,2,general,913,859.2684051221792
20304,1,general,880,914.0133605993177
20305,1,general,645,585.1089900856301
20307,0,general,174,206.1568855218594
20308,1,general,795,808.0066094112136
20309,4,general,724,696.5244382801709
20310,1,general,687,708.4222103050674
20311,3,general,883,917.8818866973972
20312,4,general,656,670.4044941911918
20313,1,general,862,880.9957709564279
20315,2,infantry_grenadiers,692,684.0414019785786
20316,2,infantry_grenadiers,536,587.9704609922039
20317,0,infantry_grenadiers,697,688.176073328777
20318,0,infantry_grenadiers,526,533.3850480832594
20319,1,infantry_grenadiers,544,544.3019234941977
20320,3,infantry_grenadiers,388,412.81459088404324
20321,0,infantry_grenadiers,829,817.3876794494784
20322,0,infantry_grenadiers,847,795.567681008648
20323,0,infantry_grenadiers,809,796.7032605535676
20324,4,infantry_grenadiers,717,723.8830713213476
20326,0,infantry_grenadiers,929,914.534886368505
20327,1,infantry_irregulars,516,532.4533606710763
20328,3,infantry_irregulars,382,400.7408759294495
20329,0,infantry_irregulars,241,277.0164393254407
20330,2,infantry_irregulars,300,294.44936161896203
20332,3,infantry_light,252,302.74256513183195
20333,4,infantry_light,250,271.9029602251564
20335,3,infantry_light,355,341.98348007515597
20336,2,infantry_light,389,366.1529448626802
20337,4,infantry_light,812,855.9773946468324
20338,1,infantry_militia,245,216.74842940187787
20339,2,infantry_militia,326,321.5087441805783
20340,4,infantry_militia,228,204.51513847230305
20341,3,infantry_skirmishers,176,182.86653009698946
20342,4,infantry_skirmishers,170,160.08601825853842
20343,3,infantry_skirmishers,171,166.16269695289176
20344,3,infantry_skirmishers,186,165.7755196925746
20345,3,infantry_skirmishers,186,165.7755196925746
20346,2,infantry_skirmishers,114,129.36240269569785
20347,3,cavalry_lancers,695,637.4785871952528
20348,2,cavalry_lancers,461,488.4127879845715
20349,4,cavalry_light,440,416.7309652414538
20352,2,cavalry_light,1095,1154.1844158241192
20353,4,cavalry_light,947,963.1403713104417
20355,2,general,958,1046.18235610386
20357,3,general,582,536.3455965243721
20358,1,general,1165,1191.4268939559763
20360,0,general,391,381.44637451546123
20361,0,general,627,575.7048211767401
20362,0,general,396,379.95960093457563
20363,2,general,431,452.9782154746797
20364,4,general,315,346.2576883295845
20365,3,general,119,158.244763282759
20366,1,general,399,384.8009735280132
20367,4,general,357,296.7752020454905
20368,1,general,547,548.3184109510531
20369,3,general,1287,1269.3739227781844
20371,0,general,91,102.6834431997606
20373,0,general,903,928.3113370073906
20375,2,infantry_irregulars,190,196.43409886903873
20376,2,infantry_irregulars,426,446.2069194875641
20377,3,infantry_light,209,245.4598645857339
20379,2,infantry_light,447,375.2213335369077
20380,4,infantry_light,523,507.63808999092214
20382,0,infantry_light,360,369.10837187367434
20383,3,infantry_light,510,490.8794124731101
20385,3,infantry_skirmishers,176,182.86653009698946
20386,4,infantry_skirmishers,170,160.08601825853842
20387,1,infantry_skirmishers,169,156.4445664188682
20388,2,infantry_skirmishers,297,309.5887920724693
20389,2,cavalry_heavy,1547,1529.4417794086262
20390,4,cavalry_heavy,1414,1413.4995800712097
20393,4,general,1249,1241.3877453478085
20395,3,cavalry_heavy,1402,1401.0479796156724
20396,0,general,467,432.3028714616696
20397,2,general,1237,1245.3853355335013
20398,2,general,161,157.62876486676416
20399,4,general,205,224.40298938773256
20401,3,general,96,100.15103446914318
20402,3,general,1372,1362.4490101622034
20403,0,general,52,101.33655844913457
20404,3,general,167,181.29189120908626
20405,3,general,432,425.78021212831675
20407,4,general,651,664.1707067624671
20408,1,general,560,566.3894577495521
20409,2,general,620,630.412065276847
20410,2,general,671,618.2542738240967
20411,1,infantry_line,136,179.16153661365283
20412,2,infantry_line,257,247.76870362746627
20413,0,infantry_line,231,252.41717555780977
20414,0,infantry_line,177,193.15266846150115
20415,2,infantry_line,230,231.58737005378617
20416,0,infantry_line,507,481.1169126532832
20417,4,infantry_line,190,189.76223438203354
20418,2,infantry_line,727,735.2684840119684
20419,4,infantry_line,533,532.770699458009
20420,0,infantry_line,665,675.2004693343381
20421,4,infantry_line,494,498.66463738468315
20422,2,infantry_line,537,514.4777759679247
20423,1,cavalry_standard,685,711.0369752483169
20426,1,general,539,563.1020456912653
20427,2,general,118,128.66130012455565
20428,1,general,130,144.05665777933348
20429,1,general,131,159.78036599362963
20430,0,general,280,285.9717473315108
20431,2,general,289,283.6077994332173
20432,3,general,781,755.6531589730954
20433,1,general,343,340.0630198601709
20434,1,general,534,531.7955022541142
20435,3,general,371,355.259868167208
20437,1,general,1055,1079.2172487393095
20439,0,infantry_line,203,259.40666071668676
20441,2,infantry_line,337,331.4770834051512
20442,0,infantry_line,225,240.5677103659938
20443,3,infantry_line,223,219.692313762855
20444,2,infantry_line,408,384.5393366000495
20445,1,infantry_line,419,398.3824218150863
20446,4,infantry_line,880,909.6603801201205
20447,3,infantry_line,681,698.8467063530653
20448,3,infantry_line,638,630.7798997843771
20449,4,infantry_line,493,484.92530530547594
20450,3,infantry_line,532,539.1889119666432
20451,1,general,337,325.48103341600677
20452,4,general,223,213.44767433622656
20453,0,general,75,114.4396188072125
20454,0,general,208,222.92964198246412
20455,1,general,117,125.46771288132146
20456,0,general,140,167.8756682916767
20457,0,general,520,493.3408057820177
20458,3,general,397,382.575178463032
20459,1,general,176,175.34826785072613
20460,2,general,287,296.8457256284599
20461,3,general,168,181.20755769374185
20462,3,general,124,135.48688748039137
20464,2,general,931,949.6136474987966
20465,1,general,577,577.5488766017813
20466,4,general,828,833.9147865514326
20467,3,general,768,774.6968203108371
20468,0,general,589,552.5860270436411
20469,1,general,914,922.4032867184508
20470,3,general,719,717.1690489782171
20471,1,infantry_grenadiers,630,585.8270647680098
20472,3,infantry_grenadiers,814,807.0590256734184
20473,3,infantry_grenadiers,867,862.2051205933188
20474,4,infantry_grenadiers,877,872.7509532175893
20475,1,infantry_grenadiers,680,685.0468739972524
20476,3,infantry_line,215,226.33097854977848
20477,4,infantry_line,259,265.1653377685091
20479,1,infantry_line,164,195.62499376370803
20480,3,infantry_line,313,314.5157532322017
20481,3,infantry_line,267,277.63443336305426
20482,2,infantry_line,186,180.07104059102832
20483,4,infantry_line,266,272.3898475639675
20484,1,infantry_line,362,350.9155816179892
20485,4,infantry_line,314,303.62607875691964
20487,1,infantry_line,618,617.5754970060985
20488,2,infantry_line,433,393.5854247972016
20489,4,infantry_line,665,647.9206200411613
20490,0,infantry_line,682,649.4024252028137
20491,3,general,380,415.65117418492025
20492,3,general,297,245.86736569091576
20493,1,general,147,165.94462905760096
20494,2,general,147,149.12211853618385
20495,1,general,96,80.26181035127401
20496,3,general,224,188.043216880161
20497,3,general,270,290.5789203957604
20498,0,general,115,136.16554675109074
20499,1,general,79,84.24608472309883
20501,0,general,314,355.3768425938922
20502,3,infantry_irregulars,373,389.14188765971545
20503,3,infantry_irregulars,419,467.3974837306323
20504,2,infantry_line,213,225.74439957954178
20505,0,infantry_line,158,187.19717624112008
20506,3,infantry_line,198,201.63953939334854
20510,3,infantry_militia,239,230.91890817589976
20511,4,infantry_militia,185,170.20961200027847
20512,3,infantry_skirmishers,176,182.86653009698946
20513,0,infantry_skirmishers,128,123.31890973894042
20515,4,cavalry_heavy,1230,1246.9540019127885
20516,0,general,1027,1062.3652266799054
20517,4,general,1419,1440.797431263768
20518,1,cavalry_standard,857,818.1110602944747
20519,2,cavalry_standard,1081,1046.8209298909164
20520,2,general,943,909.3707757905125
20524,1,artillery_foot,832,888.515378885683
20528,0,artillery_foot,377,410.78334466319217
20529,0,artillery_foot,377,410.78334466319217
20530,0,artillery_foot,377,410.78334466319217
20531,0,artillery_foot,377,410.78334466319217
20532,0,artillery_foot,377,410.78334466319217
20533,0,artillery_foot,377,410.78334466319217
20534,2,artillery_foot,496,424.71160262846166
20535,2,artillery_foot,496,424.71160262846166
20536,2,artillery_foot,755,647.4330997423293
20537,2,artillery_foot,496,424.71160262846166
20538,2,artillery_foot,496,424.71160262846166
20540,2,artillery_foot,496,424.71160262846166
20541,3,artillery_foot,399,403.55559191765235
20542,3,artillery_foot,399,403.55559191765235
20543,3,artillery_foot,399,403.55559191765235
20544,3,artillery_foot,399,403.55559191765235
20545,3,artillery_foot,399,403.55559191765235
20546,3,artillery_foot,399,403.55559191765235
20547,4,artillery_horse,870,793.476834597371
20548,4,artillery_horse,870,793.476834597371
20549,4,artillery_horse,870,793.476834597371
20550,4,artillery_horse,870,793.476834597371
20551,4,artillery_horse,870,793.476834597371
20552,4,artillery_horse,870,793.476834597371
20553,4,artillery_horse,870,793.476834597371
20554,1,general,406,392.4068636107606
20555,2,general,359,304.32283328695746
20556,1,general,406,392.4068636107606
20557,4,general,243,261.9406809540732
20558,0,general,741,741.4427263685675
20559,4,general,1,1.0
20560,0,general,281,281.1665898722648
20561,3,general,159,159.39907321324793
20562,1,general,406,392.4068636107606
20565,3,general,420,420.42847720650764
20566,4,general,1063,1078.0946749887669
20567,4,general,1,1.0
20568,1,infantry_grenadiers,254,289.4905862246287
20569,1,infantry_grenadiers,280,289.4905862246287
20570,1,infantry_grenadiers,280,289.4905862246287
20571,1,infantry_grenadiers,280,289.4905862246287
20572,1,infantry_grenadiers,280,289.4905862246287
20573,1,infantry_grenadiers,280,289.4905862246287
20574,1,cavalry_heavy,1400,1480.5175693523456
20575,0,cavalry_heavy,1685,1544.3377410709518
20576,0,cavalry_light,1000,954.2088145117497
20577,0,general,1513,1397.8811831402522
20578,3,general,1448,1389.1859783454106
20579,0,general,1191,1204.998312341968
20580,0,general,1251,1256.151088482639
20581,4,general,825,823.0337487072852
20585,4,general,994,1054.0537701696308
20587,3,infantry_line,486,471.33304692228637
20589,1,infantry_skirmishers,227,286.3124125268858
20590,1,general,919,884.7762749669788
20591,3,general,552,553.0971243816023
20592,3,general,710,704.1093171584141
20593,0,infantry_light,840,824.9892741253026
20594,1,infantry_light,622,612.9516757384812
20595,1,infantry_skirmishers,334,460.14697929405816
20596,0,cavalry_light,1990,1915.1565984880988
20597,4,general,1723,1738.6309309167239
20598,0,general,1014,1019.9406667656118
20599,4,general,885,823.2598860082483
20601,2,infantry_light,909,904.4569060077064
20605,4,infantry_light,716,690.9150920803137
20606,3,infantry_light,650,671.9792192664961
20607,3,infantry_skirmishers,292,268.86705460253756
20608,1,general,514,578.2898327278155
20609,4,general,950,1016.3946227734259
20610,0,general,615,653.9151372317309
20611,1,general,877,917.5913894396206
20612,3,general,260,288.3899621254859
20613,2,general,482,516.5787925704279
20614,2,general,303,363.910379951322
20615,1,general,279,264.39735438630794
20618,1,infantry_line,402,390.8642520665401
20619,1,infantry_line,611,637.6724310877125
20622,3,infantry_line,744,758.7314354170132
20623,3,cavalry_light,919,962.597883958464
20624,2,general,1193,1278.2862076896372
20626,2,general,988,1074.5520012584593
20628,2,general,718,737.1056488858208
20630,1,infantry_line,1124,1217.1734911052997
20631,3,infantry_line,645,612.1371255733303
20632,4,general,422,417.37114382072986
20633,2,general,417,437.962284570772
20634,4,general,643,683.1385185978054
20635,4,general,601,638.575546035527
20636,2,general,920,837.3663507363831
20638,0,general,382,384.19677741787575
20639,1,general,444,426.77684874029717
20640,3,infantry_light,771,727.0478988771731
20641,4,infantry_line,540,544.9639459288558
20642,0,infantry_line,497,500.9642434655133
20644,0,infantry_line,973,894.7709422264724
20645,3,infantry_line,494,474.73608399473716
20647,4,general,254,267.4293246005941
20648,4,general,311,330.6015046538872
20649,2,general,357,395.3933519301319
20650,3,general,448,455.2163850948916
20651,3,infantry_line,369,383.50834959332633
20652,0,infantry_line,419,444.755448687564
20653,2,infantry_line,575,571.5321805953455
20654,2,general,246,309.3650086023344
20655,2,general,925,888.7110776227349
20657,3,general,417,414.7387436701636
20658,0,general,1021,1042.6789721344096
20659,2,general,258,265.21047642070977
20660,2,general,666,660.12600286598
20662,1,general,383,375.04288453677475
20663,2,general,600,626.8197941772711
20664,2,infantry_light,1065,1023.1037413772007
20666,2,infantry_line,683,677.9923095488869
20668,4,infantry_line,791,776.434599383078
20669,1,infantry_line,488,474.5189359269109
20670,3,infantry_line,376,361.7659877456127
20671,0,general,1212,1164.410985084341
20672,0,general,770,852.5718835543316
20673,1,general,963,968.0886079313566
20674,0,infantry_line,545,532.8136968091839
20675,1,infantry_line,1095,1111.6087267436724
20676,4,general,1894,1657.263027778742
20677,3,general,2164,1832.7215551909273
20679,1,infantry_skirmishers,210,278.11399194935535
20680,4,artillery_foot,632,626.171870834023
20681,4,artillery_foot,632,626.171870834023
20682,0,artillery_foot,498,446.7081756279187
20683,4,artillery_foot,532,476.87373132337234
20684,0,artillery_foot,489,482.3152698442489
20685,1,artillery_foot,771,820.0005766820173
20686,2,artillery_foot,718,804.8432433891999
20687,2,artillery_horse,996,973.6409921325093
20688,4,general,694,703.7304971587033
20689,4,general,534,453.3124967427333
20690,2,general,248,255.15614147751313
20691,1,general,415,391.20349982757506
20692,0,general,469,468.61098312044123
20693,4,general,1,1.0
20695,3,general,637,663.0062680667157
20696,3,general,543,541.6366016303062
20697,1,infantry_line,339,365.305811120538
20698,4,infantry_line,337,310.4508154621039
20699,0,general,446,414.3980622464308
20701,3,general,416,403.6630028070915
20703,2,general,886,838.8858335095924
20704,4,general,240,226.90058989035703
20705,1,general,290,245.4035945790484
20706,1,infantry_light,533,514.1869871187132
20707,3,infantry_light,425,444.00794417955524
20708,1,infantry_line,413,398.98840926529823
20709,4,infantry_line,338,296.18444048809664
20711,3,cavalry_light,910,918.1151225669865
20714,4,general,947,1018.5365432010163
20715,0,general,1029,1035.0156124156433
20716,0,cavalry_light,1053,1044.1323831274258
20717,4,general,909,950.9037504805971
20720,4,general,570,583.6697170314017
20721,3,general,758,744.1641293035348
20722,4,general,633,640.6697308308165
20723,0,infantry_light,632,596.2058126716221
20725,3,infantry_line,678,660.9230530248319
20726,4,general,101,136.82932397240637
20727,3,general,128,125.55489296106201
20728,3,general,53,50.00763360734306
20729,4,general,271,281.9732038014075
20730,1,general,1413,1389.2357457990654
20731,1,infantry_line,379,357.38911159960753
20732,4,infantry_line,944,943.2198615614045
20733,2,infantry_militia,183,207.14287910873628
20734,1,infantry_militia,111,110.32696793274948
20736,2,general,163,144.1488378374852
20738,4,general,30,46.154654971805456
20739,3,infantry_militia,93,114.44330326151864
20740,1,infantry_militia,101,104.10577133318404
20742,3,general,656,592.6844030373073
20743,0,general,722,734.9308138864669
20746,2,general,721,763.0682146962008
20747,4,general,656,667.1012144293859
20748,0,general,463,448.99784094993936
20749,1,general,323,366.83111410001925
20751,3,general,829,838.59310657982
20752,2,infantry_light,463,493.12351863077333
20753,2,infantry_light,527,537.1890952172959
20754,3,infantry_light,482,529.5404165279895
20755,0,infantry_militia,647,699.9445440615982
20756,4,infantry_skirmishers,841,853.0784976244495
20757,4,infantry_skirmishers,454,453.6670645002024
20759,4,infantry_skirmishers,815,817.6990978523054
20760,0,infantry_skirmishers,767,790.8191195720526
20761,2,infantry_skirmishers,535,512.8361665747125
20762,0,infantry_skirmishers,828,886.9565666379026
20763,4,general,1552,1794.8774959511654
20764,3,general,766,1033.729973079991
20765,4,general,244,256.0318066081637
20767,3,general,187,187.67813235810667
20768,2,general,1069,1066.5983465996826
20769,3,general,769,767.7401822093806
20770,0,infantry_line,276,293.79604228176197
20771,3,infantry_line,881,881.9280259783968
20772,1,infantry_militia,1117,1074.1883678839686
20773,1,infantry_skirmishers,608,570.7943752966085
20777,3,general,786,671.3463393297002
20779,1,general,854,913.2310512504862
20780,2,general,346,366.7608696524311
20781,0,general,405,406.35177527980954
20782,4,general,450,426.9289140209805
20783,2,general,712,655.7326005264686
20784,0,general,298,259.0169722548175
20785,1,general,517,441.27129426808256
20786,1,general,993,920.746866603621
20787,4,general,1240,1180.4143497333878
20788,3,infantry_grenadiers,411,373.5223819922083
20792,1,infantry_militia,461,428.93031820098963
20793,3,infantry_skirmishers,485,447.53976643131307
20794,2,infantry_skirmishers,403,413.0152266370275
20795,3,infantry_skirmishers,1018,1116.9453066083618
20796,4,infantry_skirmishers,386,370.5198593868966
20797,2,infantry_skirmishers,781,622.8998282038956
20798,4,cavalry_standard,854,825.3912085146906
20800,1,general,695,680.0312872939764
20802,3,general,1115,1050.1746120760233
20803,2,general,210,213.7967861159108
20804,3,general,55,60.680336931338914
20806,2,general,21,86.79489012983026
20807,2,general,121,119.01032560642754
20808,1,general,116,121.08758714036627
20809,1,general,86,108.84096383120628
20810,4,general,150,183.51691235366633
20811,1,infantry_line,226,254.0449435234857
20813,3,infantry_militia,145,178.255146712943
20814,2,infantry_skirmishers,135,182.61665028396595
20815,0,infantry_skirmishers,181,210.53382489866652
20816,1,infantry_skirmishers,235,216.64465763520866
20817,1,infantry_skirmishers,85,125.16751440663825
20818,1,general,298,342.1959945216267
20819,0,general,54,52.562047110685995
20820,1,general,83,69.48615967860289
20821,2,general,261,267.7540541958143
20823,2,infantry_militia,130,151.33679933676075
20824,0,infantry_militia,174,221.85479293797172
20826,2,cavalry_light,990,926.6247475513569
20827,0,general,231,135.54796279323955
20828,0,general,861,822.7883784145839
20830,1,general,815,771.5617657370765
20831,1,infantry_skirmishers,358,206.70651137021045
20832,0,infantry_skirmishers,93,147.64729738140983
20833,1,general,449,351.16247059045116
20835,4,general,287,295.4964760235282
20836,1,general,334,287.08117324234235
20837,3,general,415,369.47434463063274
20838,3,general,28,1.0
20840,1,general,546,474.9824637870989
20843,4,infantry_light,540,470.336835294562
20844,1,infantry_militia,294,291.3813565331251
20845,2,infantry_militia,349,342.8077455539172
20847,0,infantry_skirmishers,370,400.95394016003985
20850,1,artillery_foot,685,672.9937275305944
20851,0,artillery_foot,470,506.65373472907504
20852,3,artillery_foot,726,740.7746057740114
20853,2,artillery_foot,618,530.8895032855771
20854,2,artillery_foot,618,530.8895032855771
20855,4,artillery_horse,1087,1078.1891153895524
20856,2,artillery_horse,561,555.7230583389563
20857,1,general,589,576.9288675747995
20858,4,general,1,1.0
20859,4,general,1,1.0
20860,2,general,73,79.33573506864037
20861,2,general,185,227.01923345359916
20863,3,general,76,68.1201429106803
20864,2,general,185,227.01923345359916
20865,4,general,160,152.12996192907917
20866,2,general,399,404.3184397053349
20869,2,general,349,349.0443010775681
20871,0,general,377,357.2642370761062
20873,1,general,240,233.24261472206055
20876,3,general,198,186.8339643762766
20877,1,general,391,389.56403455239723
20879,1,general,434,447.3011181960571
20880,3,infantry_grenadiers,194,312.28707549441776
20881,0,infantry_grenadiers,288,298.6595279789316
20882,0,infantry_light,449,444.73721688872763
20884,1,infantry_light,271,335.85304347092665
20887,0,infantry_light,406,396.9402462976207
20888,3,infantry_light,495,475.43029639879563
20890,0,infantry_line,191,202.60516905286448
20892,0,infantry_line,339,308.8888519482272
20893,3,infantry_line,377,355.8923579940263
20894,1,infantry_line,360,360.74852648850026
20895,3,infantry_line,306,285.0013417665467
20896,3,infantry_militia,127,129.80343008633054
20898,2,infantry_militia,109,131.65188320544556
20900,3,infantry_militia,80,82.52913578588533
20901,1,infantry_militia,146,149.24916212351255
20902,2,general,88,90.7463269301398
20903,2,general,120,169.2868483651489
20904,3,general,199,184.8579197761523
20905,1,general,352,356.7145443257375
20906,0,general,244,249.28444523610727
20907,1,general,206,212.99604480431117
20908,1,infantry_line,210,204.4849189661039
20909,0,infantry_line,315,308.1433949923705
20911,0,infantry_militia,128,137.29960162205103
20912,3,infantry_militia,146,145.588374188309
20913,0,infantry_militia,157,173.52300631098663
20915,1,general,119,241.12850254944487
20916,4,general,243,225.10053228432636
20917,0,general,112,116.78191642178633
20918,0,general,524,419.60401095744965
20919,1,general,291,340.5308747618216
20920,3,general,76,72.65865450454467
20921,1,general,119,132.76238941873567
20922,1,general,205,241.17729094817773
20923,2,general,394,436.110188436777
20924,0,general,221,198.64238257513932
20925,0,general,351,396.7241421652269
20926,4,general,438,366.82949013742603
20927,4,general,340,328.63734719881654
20928,0,general,196,178.99429172823852
20929,3,general,211,219.88232419202942
20930,1,general,236,226.5700331942272
20931,3,infantry_grenadiers,191,317.91898511634236
20932,3,infantry_grenadiers,365,420.98385858408284
20933,1,infantry_grenadiers,447,446.61150202550175
20934,4,infantry_grenadiers,221,231.3158667855782
20935,1,infantry_grenadiers,230,246.76904002528337
20936,0,infantry_irregulars,300,235.13683166718405
20938,0,infantry_line,188,169.46848741621596
20939,3,infantry_line,255,293.26116283813025
20940,2,infantry_line,179,176.43243557047302
20943,0,infantry_line,335,347.64470391836596
20944,0,infantry_line,391,345.361028159082
20945,1,infantry_line,305,278.1390314321442
20947,0,infantry_line,447,434.32986406352694
20949,3,infantry_militia,104,100.6921155499264
20950,1,infantry_militia,127,130.63116586120682
20951,3,infantry_skirmishers,341,289.18121767359963
20952,2,general,288,286.5215893605099
20953,2,general,154,168.2165310288138
20954,1,general,195,209.08533313206206
20955,2,general,275,270.15302158813546
20956,3,general,167,140.81484702303806
20957,3,general,215,221.95690134480944
20958,4,general,344,242.62265981717292
20959,4,general,179,188.8266232579446
20961,0,general,657,642.0420767143811
20963,3,general,801,823.1225684282837
20964,4,general,776,777.8143944211294
20965,3,general,332,348.22366363307106
20966,3,general,495,459.30540181653737
20968,2,general,1008,996.3337972356976
20969,2,general,591,563.7010482792973
20970,4,infantry_grenadiers,405,372.40976689507653
20971,1,infantry_irregulars,566,417.74862830836383
20972,3,infantry_light,386,392.0335466760441
20973,3,infantry_light,363,379.06958071547626
20974,4,infantry_light,363,363.15950969175856
20977,4,infantry_line,257,258.43808132709916
20978,2,infantry_line,322,317.5526426131214
20979,0,infantry_line,243,242.5099717920111
20980,4,infantry_line,258,257.1358041621668
20982,3,infantry_line,925,943.8325708162567
20984,4,infantry_line,504,501.3756552547161
20985,1,infantry_line,241,213.891676389208
20986,1,infantry_line,441,448.9181747778012
20987,0,infantry_line,713,709.4436561192856
20988,1,infantry_militia,320,282.3538048534192
20989,4,infantry_militia,133,139.61974095764143
20990,0,infantry_militia,82,90.36836481508847
20991,2,infantry_militia,155,161.10500731847924
20992,0,infantry_militia,111,112.65506012753242
20994,3,infantry_militia,235,208.52186838660097
20995,1,general,111,112.17737418736138
20996,3,general,598,559.6096229050439
20997,3,general,343,294.2362403714832
20998,3,general,60,56.98161312149726
20999,1,general,150,161.04956791110374
21000,3,general,187,188.34842366105076
21001,0,general,121,115.97909304228624
21003,0,general,208,218.0098680874402
21004,3,general,114,111.73393371356939
21005,4,general,392,408.59664578662614
21006,0,general,1176,1211.1091489159846
21008,2,general,939,1001.4094858781721
21009,4,general,800,763.8072040079758
21010,0,general,476,425.4913515123765
21011,2,general,460,434.83625931159395
21012,2,infantry_grenadiers,290,278.92966743332846
21013,2,infantry_grenadiers,398,384.3926282908523
21014,0,infantry_light,258,253.77357798865583
21015,2,infantry_light,271,275.064488990028
21016,0,infantry_light,510,470.21955559243554
21019,0,infantry_line,184,174.60193423634027
21020,0,infantry_line,236,243.86005982691245
21021,2,infantry_line,231,230.41557973834693
21022,3,infantry_line,375,392.57382902307313
21023,0,infantry_line,858,836.5789597496507
21024,1,infantry_line,367,354.6261148873973
21025,4,infantry_line,652,685.0058395587919
21027,2,infantry_line,438,431.0490255882616
21028,2,infantry_line,1063,1122.0727474548255
21029,0,infantry_militia,176,189.54660173206935
21030,0,infantry_militia,213,217.1725624148335
21031,1,infantry_militia,150,160.98059372738467
21032,2,infantry_militia,97,117.65100673890478
21033,3,infantry_militia,302,291.02000492943336
21034,0,infantry_militia,170,174.71129850534172
21035,4,infantry_militia,122,139.14412425994257
21036,1,infantry_militia,116,111.22103967891385
21037,2,infantry_militia,370,353.5376163577948
21038,4,infantry_militia,88,90.51666044106851
21040,4,general,239,224.53547628858277
21041,1,general,121,119.8350653146943
21042,3,general,237,232.26538939719646
21043,2,general,397,412.47835559883333
21044,0,general,217,206.66939591538738
21045,1,general,220,237.2921913029843
21047,3,general,250,257.1383316935246
21048,3,general,396,309.06264840547203
21049,3,general,207,211.2245360190174
21050,3,general,264,243.04025604945213
21051,0,general,590,593.3176460059369
21052,3,general,161,155.95545647218205
21053,1,general,731,662.9676627550854
21054,0,general,475,438.8141516656071
21055,4,infantry_grenadiers,474,430.59988948671327
21056,3,infantry_irregulars,510,337.6223291940604
21057,4,infantry_irregulars,179,258.69545977968795
21058,3,infantry_light,326,347.61464762351653
21059,1,infantry_light,371,383.76182375229394
21060,0,infantry_light,781,690.3520403991475
21063,4,infantry_line,309,309.4631734283295
21064,2,infantry_line,266,255.876115841293
21065,4,infantry_line,508,515.807357796493
21066,1,infantry_militia,91,91.13633781681573
21067,4,infantry_militia,104,113.85161297555044
21068,0,infantry_militia,154,169.39541774226342
21069,3,infantry_militia,136,141.4186839675444
21070,4,infantry_militia,221,228.10656295554577
21071,1,infantry_militia,88,104.07187569349918
21072,4,infantry_militia,187,196.5959021650229
21073,1,cavalry_heavy,1019,1029.7177840007532
21074,3,general,71,99.22605446960085
21075,4,general,884,849.9586137617173
21076,1,infantry_line,139,176.48550559777007
21077,2,infantry_militia,331,255.60955369849898
21078,1,infantry_militia,175,171.05013737746108
21079,2,infantry_militia,80,98.772136482006
21080,2,infantry_militia,267,257.81243733869894
21084,2,general,388,361.145878949031
21087,3,cavalry_heavy,1130,1130.7693527667373
21089,4,cavalry_heavy,1115,1085.1394914483415
21090,0,cavalry_heavy,512,560.244599146028
21091,4,cavalry_heavy,936,869.5415200545897
21092,4,cavalry_heavy,1180,1059.2049535570043
21093,0,cavalry_heavy,648,679.5737280666877
21094,1,cavalry_standard,778,722.0071556562082
21095,2,general,721,695.4985334840082
21096,2,general,499,530.3156604108309
21098,3,general,759,733.4435060122623
21099,3,general,720,725.1076389473241
21100,4,general,368,399.91267469908416
21101,1,general,511,573.9868016619386
21104,0,cavalry_light,284,289.8303333793772
21105,4,cavalry_light,357,350.646656908329
21106,2,cavalry_light,309,318.64063700515055
21107,4,cavalry_standard,379,339.44516836486326
21108,1,cavalry_standard,451,427.04447566135565
21109,4,cavalry_standard,498,533.144275801668
21110,0,general,159,179.86092904246368
21112,0,general,268,267.2592057951384
21113,2,general,169,213.4052056322986
21114,2,general,255,285.4867321775535
21115,3,general,407,440.2925860918828
21117,2,cavalry_light,275,275.5475913392239
21118,3,cavalry_light,282,287.0992221122405
21119,2,cavalry_light,366,370.44743710254255
21122,2,general,248,266.22573752978536
21123,2,general,388,361.145878949031
21125,2,general,152,184.93178815005962
21126,0,artillery_foot,632,603.3195728454604
21127,3,artillery_foot,857,764.7308980282592
21128,2,artillery_foot,450,458.38491399169055
21129,0,artillery_foot,244,247.96593596617683
21130,4,artillery_foot,247,246.45658693754663
21131,0,artillery_foot,244,247.96593596617683
21132,1,artillery_foot,507,490.47353575849354
21133,1,artillery_foot,451,484.05319861855975
21134,0,artillery_foot,661,720.8438080380031
21135,2,artillery_foot,393,449.5557311312841
21136,1,artillery_foot,451,484.05319861855975
21137,4,artillery_foot,303,319.4290622239409
21138,0,artillery_foot,310,326.39819935936293
21140,0,artillery_horse,768,791.6019378918102
21141,3,artillery_horse,815,811.8871176845555
21143,4,general,1,1.0
21144,3,general,180,197.34618664881944
21145,4,general,817,803.2223866168065
21146,3,general,681,692.7043007280582
21147,3,general,177,177.11008134805317
21148,0,general,312,312.4073220802941
21150,3,general,177,177.11008134805317
21152,1,general,988,1042.7232588243337
21153,1,general,775,741.2568756305947
21154,4,infantry_grenadiers,272,270.8289594090639
21155,3,infantry_grenadiers,315,305.6808464959795
21156,4,infantry_grenadiers,275,209.87929126466796
21161,0,general,332,306.970360772312
21162,0,general,322,285.8677247128237
21163,2,general,226,237.87887966106007
21164,1,general,276,275.2297382794502
21166,2,general,751,754.6799849580373
21167,1,general,391,408.6555449831676
21168,0,general,519,509.74505272721774
21169,2,general,1028,1043.8797083875381
21170,1,general,1014,1007.8470021254931
21172,2,general,186,213.2949395073708
21173,4,general,559,555.3647218596377
21174,0,general,417,436.3176562446258
21175,0,general,582,575.0748458341865
21177,2,infantry_grenadiers,432,421.16972623015266
21179,3,infantry_light,381,368.1565717381153
21180,1,infantry_light,314,296.43387608373513
21184,2,infantry_light,790,810.9646530132384
21185,2,infantry_line,1133,1143.198778738014
21186,0,infantry_line,1082,1078.7510516786135
21188,0,infantry_line,373,383.66759398333977
21189,2,infantry_line,243,257.46628190313004
21190,0,infantry_line,293,306.02256482236936
21192,2,cavalry_light,431,435.3319565765754
21193,4,cavalry_light,308,328.94880851500005
21194,3,cavalry_light,258,287.4416538932181
21195,0,general,128,174.87654857936604
21197,2,general,241,249.69483712325717
21198,0,general,580,625.6547597525355
21199,0,general,393,369.86055121513357
21200,3,general,200,212.37079506233505
21201,4,general,361,353.51620028295895
21203,0,infantry_line,387,366.6719038094046
21204,1,infantry_line,336,343.4066146347364
21205,4,infantry_line,294,304.09977748882466
21206,2,general,302,316.90712039276093
21207,4,general,250,235.4347633360428
21208,0,general,306,305.2266164226232
21209,4,general,168,166.04465045014797
21210,3,general,420,414.18190798614626
21211,0,general,210,202.88854763868005
21212,3,infantry_light,272,276.1353542790473
21213,1,infantry_light,502,484.6238644744885
21214,3,infantry_line,304,291.16664349241483
21215,2,infantry_line,400,406.36877522334856
21216,1,infantry_line,401,388.32848144245025
21217,0,infantry_line,360,353.934680429602
21218,2,infantry_skirmishers,216,236.73116333047273
21220,1,general,183,207.85376144752846
21221,2,general,251,238.32649679585762
21222,4,general,604,571.5719174510392
21223,3,infantry_grenadiers,245,277.8240577009551
21224,0,infantry_line,267,263.61101074028517
21225,3,infantry_line,277,289.2700576608555
21226,1,infantry_line,558,546.9999674447756
21227,0,infantry_line,348,328.7587525531025
21228,2,artillery_foot,518,535.5368281455792
21229,0,general,383,406.724628798722
21230,0,general,141,154.05528440761137
21231,1,general,241,247.11762993553424
21232,3,general,100,112.31010202093826
21233,1,infantry_line,195,199.55072290908143
21234,2,infantry_line,197,200.70379917097281
21236,3,general,118,92.78487694846437
21237,1,general,128,152.557218998023
21238,4,general,178,197.60411783984387
21239,1,general,860,904.835994040575
21240,0,general,443,469.6601549581048
21243,4,general,998,1026.049200840071
21244,2,infantry_light,175,193.5530178119234
21245,3,infantry_line,175,194.6703729495069
21246,4,infantry_line,174,192.61519213083213
21247,3,infantry_line,499,520.7213059087958
21248,1,infantry_line,724,773.6184745598362
21249,2,infantry_line,409,415.8578117153118
21250,4,infantry_militia,204,199.20664263470331
21252,3,cavalry_light,297,235.327595452608
21254,1,general,216,224.38717332472933
21255,3,general,269,261.9110691262087
21257,2,general,177,194.8070012677224
21258,0,general,61,53.178286235629514
21259,4,general,242,266.5606493759534
21260,0,general,286,302.6594697209169
21261,4,general,203,227.86759818072935
21262,3,general,645,577.5818903772125
21263,3,infantry_grenadiers,231,245.6984025034058
21264,4,infantry_light,244,247.67321250914728
21265,4,infantry_light,207,207.54353884095784
21266,1,infantry_line,253,252.31030185920596
21267,3,infantry_line,248,254.2523797314981
21268,4,infantry_line,310,306.4336506123087
21269,3,infantry_line,561,524.7868305383157
21273,1,infantry_militia,149,130.1185603044933
21274,1,infantry_militia,174,160.38048469872737
21275,3,infantry_skirmishers,191,204.70063346533595
21276,3,infantry_skirmishers,163,194.24655765101002
21278,0,artillery_foot,817,838.8488405650048
21280,2,general,191,209.60640481040633
21281,4,general,348,319.5976356814713
21282,1,general,147,176.8157153785393
21283,2,infantry_line,238,256.4864503769747
21284,3,infantry_line,240,259.2466222616527
21285,3,general,72,121.12309687839152
21286,2,general,142,173.95773735391037
21287,1,general,100,116.71434721894175
21288,1,infantry_line,114,164.9278877175501
21290,4,infantry_line,167,183.03380846435303
21291,0,general,536,535.5887098737317
21292,2,general,557,544.4245640709701
21293,1,infantry_light,611,587.8513501029372
21294,1,infantry_light,517,492.64996899426853
21296,1,general,168,195.73181136359926
21297,2,general,514,507.9549651510056
21298,1,general,350,376.4138185660944
21299,4,general,724,673.782234947831
21300,0,infantry_line,207,229.9692599021588
21301,1,infantry_line,99,115.45603840814287
21302,0,infantry_line,429,424.3870669540347
21303,2,infantry_line,446,462.35564293602164
21304,0,infantry_line,658,614.5061003955897
21305,4,infantry_militia,165,163.121553666988
21306,0,infantry_militia,89,99.67924575667269
21307,0,infantry_militia,125,140.31444953662884
21308,4,infantry_militia,135,138.2363893687608
21310,4,cavalry_standard,727,684.3927455550023
21311,3,general,286,322.27402140096024
21313,4,general,367,375.2900510613582
21314,2,general,59,63.16825810083611
21315,1,general,226,286.60167890787056
21316,3,general,673,652.43041527844
21317,1,general,870,783.2760435891475
21318,1,general,227,224.25338224353217
21320,3,general,581,584.0207090047825
21322,3,infantry_grenadiers,466,489.4288930091261
21323,2,infantry_line,329,313.67875997825746
21324,3,infantry_line,581,576.7817291389881
21325,3,infantry_line,663,644.1944547665072
21326,2,infantry_militia,138,139.57941200773107
21327,1,infantry_skirmishers,342,376.9937410860262
21329,3,cavalry_standard,317,361.30966799097325
21330,4,general,39,36.629381161221104
21333,4,infantry_militia,161,172.3429090641621
21334,2,infantry_militia,79,94.82827965370674
21335,1,infantry_militia,95,117.95459487550502
21336,1,cavalry_light,477,434.65118571404656
21337,1,cavalry_light,425,460.5020845995759
21338,0,general,29,27.520163450347056
21339,1,general,308,360.3411444964156
21340,2,general,352,344.41887915935513
21341,4,infantry_militia,88,42.74106450644189
21344,4,infantry_skirmishers,472,308.83965424490657
21347,0,general,64,107.6741059429831
21348,4,general,198,202.7118503240291
21349,2,general,322,314.6764491966372
21350,4,infantry_light,205,229.76333488377233
21351,0,infantry_line,97,124.41724878489687
21352,2,infantry_line,94,128.95546302442847
21353,3,infantry_line,260,257.7524386274529
21354,2,infantry_line,389,380.2765856456996
21355,4,infantry_militia,108,113.53904432469521
21356,2,infantry_militia,93,91.82957413706401
21357,0,infantry_militia,118,128.65879470344052
21358,2,general,441,470.78367767837443
21361,1,infantry_line,545,567.8367856978169
21363,4,artillery_foot,342,334.99388598446325
21364,0,general,192,170.98216686447282
21365,1,general,941,846.7628665860402
21366,4,general,686,707.4636143284556
21367,3,general,466,452.4076169582119
21368,0,general,270,268.8855653099002
21369,4,general,1336,930.1126689277417
21370,2,infantry_light,796,776.7879827351028
21371,4,infantry_light,969,985.10708642695
21372,0,infantry_light,506,490.0354894400441
21373,4,infantry_line,335,334.8584945105782
21375,0,infantry_militia,51,61.39917699195943
21377,3,general,208,212.8075784240487
21379,4,general,309,327.3630097531346
21380,1,general,261,266.1619967410696
21381,0,infantry_grenadiers,196,220.4515641230177
21382,0,infantry_line,271,264.4176758561656
21384,1,infantry_line,367,365.823185372869
21385,1,infantry_line,323,311.94325532889087
21388,0,cavalry_heavy,1718,1753.183095737423
21389,2,cavalry_heavy,941,928.6131285304347
21390,1,cavalry_heavy,1311,1274.5333405056092
21391,0,cavalry_heavy,1363,1052.6702060261416
21392,1,cavalry_lancers,401,358.38422637777666
21394,4,cavalry_light,318,361.6989417544048
21395,1,cavalry_standard,359,343.92048406181175
21396,0,general,363,331.8353068553963
21397,1,general,770,791.5200899613674
21399,2,general,1315,1356.537532257768
21400,1,general,277,289.57038664757795
21401,0,general,1277,1006.4027098645539
21402,3,general,224,275.8140754098785
21403,2,general,278,332.25438439218846
21404,2,general,1698,1767.70031972432
21405,1,cavalry_heavy,984,991.5212673746207
21406,0,cavalry_light,998,975.3056500081849
21407,2,cavalry_light,1073,1094.4757844861656
21408,3,cavalry_light,190,210.33387950386296
21409,2,cavalry_light,268,288.07075226153944
21410,3,cavalry_light,553,524.1604844694244
21411,2,cavalry_standard,416,435.45967294079674
21413,4,general,80,117.10397881397864
21414,0,general,859,870.9739156309679
21415,1,general,866,871.435084177267
21416,0,general,1002,1022.7066127673289
21417,4,general,298,316.5382197009751
21418,4,cavalry_heavy,846,789.4348003062986
21419,0,cavalry_heavy,965,946.7727504320015
21420,2,cavalry_heavy,1632,1756.2193443349777
21421,4,cavalry_light,410,411.1702030684625
21422,1,cavalry_light,294,308.6227827414593
21423,0,cavalry_light,985,944.3194454666445
21424,2,cavalry_standard,419,450.3893741116912
21425,0,general,853,829.7069327941579
21427,1,general,796,813.3236920799721
21428,2,artillery_horse,592,584.1845952795056
21430,2,general,207,213.85283191150648
21432,4,infantry_militia,62,54.54232501411839
21433,1,artillery_foot,33,73.52333975763234
21434,0,general,705,685.2751234370335
21435,2,general,986,882.9744411893957
21437,1,general,180,183.2382822348588
21438,0,infantry_militia,132,164.8564176576713
21439,2,infantry_skirmishers,160,155.4313146994815
21440,3,cavalry_light,231,228.87869515320855
21441,1,general,154,222.16715935630066
21443,2,artillery_foot,255,261.9674029436998
21444,1,artillery_foot,285,262.99684722530276
21446,2,artillery_foot,867,797.5467031655741
21447,4,artillery_foot,356,335.52216623006876
21448,0,artillery_foot,244,250.13291483926773
21449,1,artillery_foot,476,474.36022439940643
21450,4,artillery_foot,312,311.1054214921353
21451,0,artillery_horse,348,349.79704293151843
21452,1,general,341,338.344060125872
21453,1,general,1746,1107.2199947268302
21454,2,general,163,187.47666083665206
21457,0,general,230,238.16785862541377
21459,0,general,146,170.722720384158
21460,3,general,250,223.231636249622
21461,1,infantry_grenadiers,244,212.96572258647114
21462,2,infantry_grenadiers,235,241.42379551414575
21463,3,infantry_grenadiers,283,290.92774336376226
21464,4,infantry_skirmishers,216,202.73365603411983
21466,1,cavalry_light,543,537.9588569678289
21467,3,cavalry_standard,664,668.257142704347
21468,4,general,399,427.20753632375084
21469,2,general,441,444.7205790026989
21470,4,general,684,665.1551644893541
21472,3,infantry_line,725,720.1809941363223
21473,0,infantry_line,612,616.0698115441309
21474,1,infantry_militia,373,396.2256283342171
21475,1,infantry_militia,350,349.2113649075148
21476,2,general,591,622.2814939950217
21478,4,infantry_light,922,1003.6340092877102
21479,4,infantry_light,829,896.6960666063102
21480,1,infantry_line,539,542.5612144321169
21481,2,infantry_militia,201,208.92162242815044
21482,3,infantry_militia,179,168.65295113120712
21483,0,infantry_militia,324,301.7586216672337
21484,0,infantry_militia,242,219.29599391166713
21485,3,infantry_skirmishers,249,249.21296341696697
21486,0,cavalry_light,326,338.6039288545111
21487,3,general,183,149.34075532380243
21488,2,infantry_light,252,234.13859876575313
21489,4,infantry_light,262,280.4145421640514
21490,2,infantry_line,868,894.7159685329556
21491,1,infantry_militia,183,195.97681366592514
21495,1,cavalry_missile,880,1148.7318246609398
21496,0,general,618,688.0055952730592
21497,3,general,975,960.3030382292862
21498,0,general,1098,1039.7734871579082
21500,2,infantry_line,873,882.4124730534305
21502,4,infantry_militia,321,298.7928647610237
21503,3,infantry_militia,223,189.4998283068967
21504,1,general,602,561.6582163565408
21505,2,general,1018,966.0635684175867
21506,1,infantry_grenadiers,1360,1329.6134100073878
21507,0,infantry_line,644,633.9293760297217
21508,3,infantry_line,868,872.0554204788821
21509,2,infantry_line,840,836.4351563269365
21511,1,infantry_line,406,389.94718801327
21512,0,infantry_grenadiers,672,681.9439099345004
21513,4,infantry_line,498,463.63820551590993
21514,1,infantry_line,474,447.9027766872175
21515,0,infantry_line,526,506.7837170996776
21516,3,infantry_skirmishers,300,280.6305008924971
21518,3,infantry_skirmishers,716,775.40806070827
21519,0,general,225,168.37840499465662
21521,2,infantry_skirmishers,167,169.4180776381767
21522,3,infantry_skirmishers,263,226.6137921538307
21523,2,infantry_skirmishers,483,566.1216373071708
21525,2,infantry_line,538,552.2517417821923
21527,0,infantry_militia,389,379.35807552893885
21528,2,artillery_foot,453,393.8318616299829
21529,1,general,440,376.48102394176453
21531,2,general,458,453.71630183016396
21532,3,general,616,586.1590433400073
21534,2,infantry_line,376,383.2379909502267
21535,2,infantry_line,495,496.30498070468667
21536,3,infantry_line,740,763.615592254684
21537,4,infantry_line,564,564.9320678281983
21538,3,infantry_line,633,614.4021827118291
21539,2,infantry_militia,302,323.1742483357137
21541,1,infantry_line,496,487.34114539022727
21542,3,infantry_line,460,461.64730360169256
21543,4,cavalry_light,317,275.429275630214
21544,2,general,646,623.7400857357361
21545,2,general,442,425.65151285273816
21546,2,general,351,319.26940830903186
21547,2,infantry_militia,422,426.2190904371238
21548,3,infantry_militia,371,375.3023193948421
21549,4,infantry_skirmishers,584,533.5149264008124
21550,0,artillery_foot,607,632.0942698432156
21551,4,cavalry_heavy,1345,1324.7961649767058
21552,1,cavalry_light,1563,1453.0298902672366
21553,0,infantry_line,1007,948.0124492987817
21554,2,infantry_militia,82,126.01962985879415
21555,2,infantry_skirmishers,281,301.5026514895826
21557,1,general,276,227.88843778756598
21558,0,general,383,376.836123985299
21559,1,infantry_light,397,359.7295758361636
21560,3,general,367,360.9031038446318
21561,1,infantry_light,443,401.68375311708047
21562,4,infantry_militia,117,111.28666788400444
21563,3,cavalry_missile,472,575.5516321412614
21565,0,infantry_skirmishers,683,724.6713668011613
21566,3,infantry_skirmishers,1011,1339.5794662326284
21567,0,general,370,562.6059606032443
21568,1,infantry_skirmishers,364,588.0966692655888
21569,4,infantry_skirmishers,398,313.82002122815146
21571,4,infantry_skirmishers,662,616.0922392457896
21572,1,artillery_fixed,496,598.649199026127
21573,4,artillery_fixed,1387,1510.4087979174135
21574,3,artillery_foot,705,671.5043204249579
21579,3,general,228,227.71296173321133
21580,1,general,820,820.1269684584004
21581,3,general,551,501.7989842280997
21582,2,general,601,600.6218676548006
21584,2,general,326,331.4980127019192
21585,3,general,309,301.3327041485237
21586,3,general,228,230.75642932672955
21587,2,general,345,354.37267808568794
21588,1,general,374,360.34238982492457
21589,2,general,236,234.3914929904975
21591,2,general,532,529.4143963057354
21592,2,general,196,208.137392579716
21594,1,general,458,447.2077436559072
21596,4,general,264,275.57741408168897
21597,1,general,664,653.0290676294788
21598,3,general,792,729.5548104078289
21600,3,general,762,691.204584853664
21601,2,general,498,488.46040315155983
21602,3,general,343,342.4661975197411
21603,1,general,294,278.41707455924075
21604,1,general,877,870.4877504853566
21605,2,general,348,341.94681141825845
21607,1,infantry_grenadiers,504,506.28013755041655
21608,1,infantry_grenadiers,659,664.623398018352
21609,1,infantry_line,487,493.0338504947403
21610,2,infantry_line,288,291.7567529054045
21611,2,infantry_line,336,332.7954412029061
21612,1,infantry_line,317,310.815659230216
21613,2,infantry_line,477,468.4493569687982
21614,4,infantry_line,381,371.33948655133685
21615,2,infantry_line,377,390.60547231092454
21616,3,infantry_line,253,268.96783128473766
21618,2,infantry_line,369,361.0287906389949
21619,1,infantry_line,848,802.8473001522667
21620,4,infantry_line,706,673.7675811947106
21621,2,infantry_line,368,360.03100824666217
21623,1,infantry_line,716,728.7020537951645
21626,4,general,426,403.8159457183531
21627,0,general,221,216.86071762737453
21628,3,general,266,275.3956675262758
21629,0,general,362,377.08136940574445
21630,2,general,252,266.7165696043197
21631,2,general,198,203.27308070503167
21632,1,general,178,178.25653924914195
21633,4,general,164,185.65784380271015
21634,4,general,377,384.31275703835547
21635,3,general,181,196.4002691610757
21636,2,general,321,301.71325557715073
21637,0,general,407,378.17858733773375
21638,4,general,297,300.26167028996827
21640,3,general,246,235.4331576340855
21642,3,general,592,580.8943576488936
21644,4,general,500,527.1880835907734
21645,2,general,318,313.72213479398476
21646,2,general,805,780.8393547233115
21647,2,infantry_grenadiers,720,681.66082310912
21648,1,infantry_grenadiers,1036,995.1617021167407
21649,4,infantry_line,237,249.5350064800123
21651,3,infantry_line,238,254.65801810790583
21652,0,infantry_line,265,274.2366679192033
21654,0,infantry_line,348,354.5302175176067
21655,0,infantry_line,477,464.0626379889203
21656,0,infantry_line,285,285.4141257532649
21657,0,infantry_line,235,258.66005907050857
21658,4,infantry_line,375,383.233921590407
21659,0,infantry_line,376,367.2043029642225
21660,2,infantry_line,480,481.3519087708993
21661,4,infantry_line,300,307.77038929907326
21662,0,infantry_line,260,275.4940382710209
21663,2,infantry_line,701,699.6366271427929
21664,1,infantry_line,429,415.5589385631008
21665,2,infantry_line,422,407.2411644039321
21668,2,general,543,481.1453706725981
21669,2,general,237,225.14763973733628
21670,1,general,335,308.2671434732505
21671,2,general,341,323.8993772487996
21672,4,general,383,385.7261203351936
21673,0,general,196,191.8121319318032
21674,0,general,214,230.08749983008437
21675,1,general,492,420.52871406242775
21676,1,general,228,220.4050140385303
21677,3,general,297,285.2810265471765
21678,3,general,237,209.25430696757206
21679,2,general,402,391.97853883559344
21680,1,general,404,358.16023203640594
21682,0,general,569,556.2859131251805
21683,4,infantry_grenadiers,549,497.01173014195024
21685,1,infantry_light,386,396.7423992020624
21686,3,infantry_light,450,434.56113749070323
21687,1,infantry_light,330,330.98628178831603
21688,0,infantry_light,362,387.8390532358022
21689,2,infantry_light,298,290.6971852405943
21691,2,infantry_light,322,325.4231748816895
21692,3,infantry_light,376,382.68539525151294
21693,0,infantry_light,322,340.9629346238915
21694,0,infantry_light,598,568.4086233209551
21696,0,infantry_light,355,362.9762929051762
21697,1,infantry_light,338,331.23335462169905
21698,4,infantry_light,458,424.34502624375443
21699,1,infantry_light,629,658.1352963189995
21700,2,general,319,307.4538221138974
21702,1,infantry_grenadiers,331,318.2055535270435
21704,0,infantry_grenadiers,287,291.57832290701793
21705,2,cavalry_light,1193,1155.7234030548614
21706,0,cavalry_standard,546,565.3288842566006
21707,1,cavalry_standard,1035,1019.5633534361896
21708,1,general,1022,978.6035074210331
21709,1,general,408,415.3902182491886
21710,3,general,1104,1057.2315340069892
21711,2,cavalry_lancers,455,455.8924029790294
21712,3,cavalry_lancers,564,569.592898571876
21713,4,general,320,324.82512035989805
21714,0,general,470,457.86797458837384
21715,3,general,353,344.945745919671
21717,0,general,354,360.54288651332644
21718,4,general,308,312.97694247153015
21719,3,general,202,210.58326658788792
21720,1,general,467,463.43551199563643
21721,0,general,572,545.2175431608699
21722,2,general,146,165.6023140892926
21723,3,general,297,332.9191765226682
21724,2,general,349,318.9725910575318
21727,1,general,237,237.4439800519893
21728,3,general,152,165.52640537556147
21729,4,general,253,259.5304459332898
21731,2,general,264,264.57474330245293
21732,0,general,578,547.6413396696338
21733,1,general,310,305.86980768108594
21734,3,general,399,379.26368228898247
21735,0,infantry_light,541,532.2098959339091
21736,2,infantry_line,409,386.37244896264593
21737,4,infantry_line,469,468.2917710354402
21738,3,infantry_line,299,301.5481569914841
21739,4,infantry_line,459,460.1178233859804
21740,4,infantry_line,310,313.34285453349986
21741,4,infantry_line,308,318.2156302446379
21742,4,infantry_line,371,383.68748014204556
21743,2,infantry_line,208,217.2248677781359
21744,1,infantry_line,283,261.1130585967973
21746,4,infantry_line,391,392.9862567653595
21747,3,infantry_line,240,253.42773076246945
21748,3,infantry_line,328,318.09836482608534
21750,4,infantry_line,500,503.80110665854596
21752,4,infantry_line,398,396.0603481301341
21753,4,infantry_line,455,438.7603722740067
21754,2,infantry_line,372,373.6921992508792
21755,2,general,190,202.12532677456775
21756,0,general,266,262.49586156624997
21757,0,general,591,584.2927430994306
21758,0,general,264,264.7763880264008
21759,1,general,274,264.30983776566455
21760,1,general,440,395.4555605905154
21761,1,general,187,195.60808029108526
21762,3,general,402,426.5700363443002
21763,1,general,347,321.4559056201569
21765,0,general,610,594.709681125047
21766,2,general,203,210.64632221373458
21767,0,general,409,400.1580624572091
21768,0,general,133,116.85983125922073
21769,0,general,283,280.9183672822476
21770,3,general,341,337.2249936771315
21771,2,infantry_grenadiers,311,342.0116863740157
21773,1,infantry_line,380,386.1265325363553
21774,3,infantry_line,393,404.18891360707636
21775,1,infantry_line,284,298.87846664087243
21776,1,infantry_line,325,325.54759395689
21777,0,infantry_line,275,265.7508759593195
21779,2,infantry_line,284,295.94436045020416
21780,3,infantry_line,331,312.3226212078376
21781,2,infantry_line,302,304.82882110288114
21782,4,infantry_line,317,324.4119719903664
21783,2,infantry_line,205,208.2720693282033
21784,4,infantry_line,506,508.2512142801599
21785,3,infantry_line,247,263.9881130147162
21786,0,infantry_line,306,315.53827270555496
21787,0,infantry_line,517,510.44988350022436
21788,3,infantry_line,238,216.5414188431788
21789,4,infantry_line,447,432.47453972364656
21792,4,general,529,515.6481987273672
21793,0,general,354,347.29536139963244
21794,0,general,566,535.3088991794533
21795,3,general,302,320.2664586119513
21797,2,general,439,437.4982428549022
21798,4,general,456,412.30816184524934
21799,3,general,365,351.3988301629587
21800,2,general,377,336.832652161354
21802,2,general,354,352.97122196856344
21803,2,general,251,263.59851976496776
21804,4,general,503,496.65993546535356
21805,3,general,618,641.2409362694341
21807,4,infantry_grenadiers,265,275.05208561177886
21808,1,infantry_grenadiers,246,262.57285428440713
21810,4,infantry_grenadiers,324,323.011144176884
21812,4,infantry_light,468,449.79100746437683
21813,4,infantry_light,355,348.26531995886364
21814,4,infantry_light,468,453.9496445435376
21816,3,infantry_light,358,378.9601225923998
21818,4,infantry_light,341,337.1238830383877
21819,1,infantry_light,501,500.08495358130176
21820,4,infantry_light,554,536.7157725718769
21821,0,infantry_light,314,310.59705015321094
21822,0,infantry_light,470,478.98887938658424
21823,3,infantry_light,523,552.6513907255061
21824,3,infantry_light,324,315.5754970968828
21825,0,infantry_light,563,589.569291401645
21826,2,infantry_light,323,331.5863205603025
21828,3,general,502,507.28928378213664
21829,3,general,137,149.29634818782233
21830,1,infantry_grenadiers,247,247.64149772974275
21832,3,cavalry_standard,482,498.5137304413626
21833,2,cavalry_standard,523,539.6122246863151
21835,1,general,435,441.01707452298166
21836,0,cavalry_lancers,391,386.06874196022227
21838,3,cavalry_heavy,1991,2046.186177013067
21839,4,cavalry_standard,825,833.0083984575946
21840,2,cavalry_standard,548,568.8652158621002
21841,4,general,219,230.18771330220414
21842,1,general,440,403.6021119815237
21843,2,general,179,185.86265055905838
21844,3,general,1964,2049.2463983680254
21845,3,general,447,457.1648846346942
21846,4,general,1856,1882.4790674256765
21847,2,general,255,259.5846198085537
21849,3,general,256,263.60651289466057
21850,4,general,650,670.7369125625728
21851,0,general,274,268.87607272010933
21852,1,general,686,700.4794209174308
21853,4,infantry_grenadiers,547,552.0825630836907
21854,0,infantry_grenadiers,813,832.0894877842669
21855,4,infantry_light,359,359.3191081268895
21856,0,infantry_light,368,367.50779112611514
21857,1,infantry_line,368,358.81479664449205
21859,3,infantry_line,276,287.51423604664745
21861,2,infantry_militia,311,256.40408544815017
21862,2,infantry_militia,324,273.50093068214574
21864,1,cavalry_heavy,1291,1293.1193218980732
21866,3,cavalry_heavy,1253,1270.2846147945763
21867,3,cavalry_light,671,662.8448108640504
21868,4,general,1179,1184.0088219081981
21869,4,general,672,664.8490230569381
21870,2,general,244,246.18040605578537
21873,1,general,64,60.50029411563145
21874,4,general,1213,1226.430336078066
21875,1,general,677,671.7841353939914
21877,3,general,378,362.8988114262792
21879,1,infantry_grenadiers,646,619.6178203975039
21880,4,infantry_line,171,169.53807867180606
21881,0,infantry_line,150,155.34220245230628
21882,3,infantry_line,306,303.96208781481766
21883,4,infantry_line,434,424.7339441007568
21884,3,infantry_line,310,305.17062948041695
21885,1,cavalry_lancers,717,713.9550273335146
21886,2,cavalry_lancers,548,545.3140344116043
21887,1,cavalry_lancers,376,381.6341938510372
21888,0,cavalry_lancers,496,483.39625011580665
21889,4,general,627,588.867496469261
21890,0,general,76,90.045119595555
21891,1,general,237,261.0835592694217
21892,1,general,503,507.5967387807367
21894,1,general,739,698.4314837302239
21895,3,general,268,235.43482832334388
21896,2,general,343,347.36138708428865
21898,1,infantry_grenadiers,605,546.6686220773054
21899,2,infantry_grenadiers,587,522.24573974734
21900,2,infantry_light,328,311.66379252791955
21901,4,infantry_light,443,425.68154796888814
21903,4,infantry_light,352,363.3652290378389
21904,4,infantry_line,169,168.32569665656973
21905,1,infantry_line,131,165.940755082675
21908,1,infantry_line,141,137.94785757521137
21910,2,cavalry_light,410,435.1174365602856
21911,4,cavalry_standard,789,767.9770880906075
21912,1,general,626,599.2886278429222
21913,3,general,422,448.1463013088794
21916,2,infantry_line,169,158.1185418783339
21917,4,cavalry_lancers,421,427.54876521705694
21918,0,cavalry_lancers,503,485.59157231472324
21919,2,cavalry_lancers,408,412.2225203975702
21920,3,general,313,320.4413773202137
21922,3,general,285,287.7430202337953
21924,4,infantry_grenadiers,281,274.26029758490466
21925,4,infantry_grenadiers,287,278.208888935979
21926,2,infantry_grenadiers,316,311.20475969319403
21928,3,infantry_line,397,372.2085231761393
21930,1,infantry_line,274,277.1272206098149
21932,3,cavalry_standard,759,744.6882805895706
21933,0,cavalry_standard,1012,1018.2460101281591
21934,1,cavalry_standard,504,518.7916424873387
21935,1,cavalry_standard,811,809.3554295871609
21936,1,cavalry_standard,730,725.2725561123119
21937,4,cavalry_standard,619,612.3052239709601
21938,3,general,600,582.7180376970412
21939,2,general,689,639.4761668641863
21940,2,general,456,474.5457587890654
21941,1,general,301,272.62455393945004
21942,4,general,646,642.8318585722895
21944,1,general,667,660.4733949345136
21945,3,general,409,411.5038063576625
21946,1,general,205,205.6227270410706
21947,0,infantry_grenadiers,292,311.87561239694213
21948,0,infantry_grenadiers,331,337.63843221256195
21949,2,infantry_grenadiers,275,285.7126364005395
21950,0,infantry_line,188,195.17107938360425
21951,1,infantry_line,433,379.4302617153165
21952,4,infantry_line,374,384.60990696371783
21953,3,infantry_line,255,255.25618007558163
21955,3,cavalry_lancers,400,395.89755242633584
21956,3,cavalry_lancers,468,461.3755790965266
21957,0,cavalry_lancers,554,537.459701768258
21958,3,cavalry_standard,505,529.7666725509226
21960,3,cavalry_standard,473,489.8761705328118
21961,4,cavalry_standard,721,702.6198828261254
21962,4,general,462,435.9802241205289
21963,1,general,340,346.63809125577666
21964,4,general,402,366.30369594004446
21965,2,general,661,658.8951445165611
21966,0,general,474,485.68214904207343
21967,1,general,261,276.44138444287023
21970,2,general,407,427.30779742987386
21971,1,general,229,213.57032530513638
21972,3,infantry_light,459,455.66875954614466
21973,0,infantry_light,337,336.1557516147497
21974,1,infantry_line,237,211.98370406561514
21975,2,infantry_militia,377,378.69841325435175
21976,1,infantry_militia,203,191.01865657155153
21977,1,cavalry_lancers,495,503.2765009232848
21978,2,cavalry_light,368,407.8973583404946
21979,4,cavalry_light,403,434.5418663818293
21980,3,cavalry_light,683,684.4061347539734
21981,3,cavalry_light,982,981.5107185705252
21983,1,general,978,982.3582546385874
21984,4,general,354,390.24297266324106
21985,4,general,305,343.30409207516954
21986,2,general,842,834.822340663841
21988,2,general,683,689.3915993421473
21989,3,cavalry_heavy,1033,998.1136367485207
21990,1,cavalry_standard,431,438.384342724608
21992,2,cavalry_standard,498,524.3673507044675
21994,2,general,738,743.5278058049198
21995,3,cavalry_lancers,336,355.4487924246951
21996,1,cavalry_light,363,400.42308598628074
21997,0,cavalry_standard,707,701.3406186836419
21998,3,general,314,353.0963514440515
21999,1,general,706,713.4976275303418
22000,4,general,209,248.03278635424152
22001,3,cavalry_lancers,396,393.01458039558673
22003,1,general,287,309.95245298879047
22004,2,cavalry_standard,771,758.0695265479005
22005,4,cavalry_standard,777,785.2405489976007
22007,3,general,617,622.9550152960019
22008,2,general,173,169.5958047578085
22009,2,general,705,694.4388240607285
22010,2,general,487,486.88880064633923
22011,4,general,504,499.3759122178824
22012,0,general,531,514.3396438243343
22015,2,infantry_line,418,416.98616320828955
22016,1,infantry_line,475,464.6027673397371
22017,3,infantry_line,365,364.05166900502917
22020,1,cavalry_lancers,905,943.6508645161391
22021,1,cavalry_standard,684,650.411792880105
22022,3,cavalry_standard,930,931.1792100301328
22026,0,general,1136,1150.4659637775053
22027,0,general,840,869.4893694495564
22028,0,general,964,908.4125228169323
22029,3,general,395,411.6870296113369
22030,4,general,795,776.3126156342913
22031,2,general,1211,1243.0951292746877
22032,2,general,840,807.6265515081856
22033,3,general,227,220.67662545848594
22034,2,general,469,498.5576601601555
22037,3,infantry_line,338,320.89269787044
22038,3,cavalry_lancers,588,566.6723762500548
22039,4,cavalry_lancers,923,1011.3125046166804
22041,3,cavalry_lancers,583,580.1620104377482
22043,4,cavalry_light,826,800.6446406986912
22044,1,cavalry_light,370,410.7362623797837
22046,3,general,139,400.6005874969859
22047,1,general,472,449.6663619059624
22048,3,general,1320,1287.886333254671
22049,1,general,584,590.3894933607951
22051,2,general,198,207.55230317810356
22052,2,general,911,957.8766525180752
22053,4,general,334,371.2400224139943
22055,0,infantry_light,449,433.05120063763536
22056,0,infantry_light,583,596.3811576687636
22057,4,infantry_line,264,267.1029366149875
22058,1,cavalry_standard,522,548.3113127775692
22059,3,cavalry_standard,678,648.1114337579726
22060,1,general,619,613.9991953995125
22061,0,general,422,437.13369640864954
22062,1,cavalry_light,402,437.1051120180169
22063,0,cavalry_standard,546,566.3493689333793
22064,2,general,446,467.4194322131416
22065,2,general,271,308.5404978921381
22066,3,cavalry_lancers,632,650.9828641665089
22067,3,cavalry_lancers,584,594.2365693851883
22068,1,cavalry_light,784,794.2874519754068
22070,3,general,246,251.69615365015048
22071,3,infantry_line,235,251.4553847362511
22072,4,cavalry_heavy,1149,1157.2485472160588
22074,3,cavalry_heavy,1482,1515.6685953361477
22075,3,cavalry_heavy,1086,1076.6033493962275
22077,3,cavalry_lancers,523,499.3380223959514
22078,2,cavalry_lancers,538,537.6875910520343
22079,2,cavalry_missile,461,458.2336160781996
22080,3,cavalry_standard,478,479.2253877393333
22081,2,cavalry_standard,600,601.7199486987861
22082,0,general,1490,1500.7754640870396
22083,2,general,895,895.4559104377557
22085,0,general,1388,1416.0578963757714
22086,1,general,347,340.38138098708
22087,2,general,1147,1175.4161055260693
22090,1,general,547,527.4262943322842
22092,2,cavalry_lancers,614,613.1364160062377
22093,2,cavalry_lancers,377,392.1825523507894
22095,2,cavalry_light,768,734.1481301232755
22096,3,cavalry_light,798,804.5145534475956
22098,3,cavalry_standard,586,595.6623141224557
22099,1,cavalry_standard,829,818.4278463299046
22101,1,cavalry_standard,721,708.5244313713869
22102,2,general,132,142.5935626832064
22103,2,general,644,620.2048486971358
22104,0,general,881,867.2415027867788
22105,1,general,476,479.6396559275593
22106,0,general,446,463.96270111714597
22107,4,general,763,684.6225491173017
22108,4,general,413,444.1123213535584
22109,1,general,701,687.7835167090656
22110,2,general,659,643.710483897135
22112,2,general,257,258.2927106863707
22113,0,infantry_light,237,246.66067918322722
22114,0,infantry_light,364,366.075451962113
22117,4,cavalry_lancers,630,589.7026175112273
22118,2,cavalry_lancers,588,612.6009534215435
22119,4,cavalry_lancers,579,598.4571101928276
22120,4,cavalry_lancers,630,589.7026175112273
22122,0,cavalry_lancers,406,398.69110135320125
22124,4,general,516,521.9790570010473
22125,0,general,520,504.0062845510952
22126,1,cavalry_lancers,360,383.00431732510754
22127,0,general,309,326.9352421640323
22128,1,cavalry_lancers,605,619.0489055922267
22129,3,cavalry_lancers,609,568.3252257359678
22130,3,general,448,462.89714292744895
22132,1,artillery_foot,849,926.3524256231059
22133,1,artillery_foot,578,595.4748772065373
22134,2,artillery_foot,662,668.7666298084456
22136,4,artillery_foot,581,566.0221240319769
22137,0,artillery_foot,612,603.9147579951632
22138,4,artillery_foot,386,381.2179581098691
22139,2,artillery_foot,737,718.6893192836219
22140,1,artillery_foot,619,584.1495963656138
22141,3,artillery_foot,936,953.8059533365271
22142,1,artillery_foot,849,926.3524256231059
22144,3,artillery_foot,667,687.7559538672532
22145,3,artillery_foot,976,997.5062110685728
22146,4,artillery_foot,1821,1857.1158838551496
22147,4,artillery_foot,1465,1443.7106245276675
22148,3,artillery_foot,395,392.48953473222224
22149,0,artillery_foot,410,394.78347692224173
22150,3,artillery_foot,936,953.8059533365271
22151,2,artillery_foot,349,345.0555201170491
22152,4,artillery_foot,381,378.94808992364773
22153,1,artillery_foot,477,452.8910488307732
22154,3,artillery_foot,395,392.48953473222224
22155,2,artillery_foot,1078,1078.9672174286777
22156,3,artillery_foot,398,391.0778127344215
22157,1,artillery_foot,849,926.3524256231059
22160,3,artillery_foot,765,782.350190570648
22161,4,artillery_foot,1142,1129.9669949697025
22162,4,artillery_foot,981,995.3746997303352
22163,0,artillery_foot,901,819.7601899581042
22164,0,artillery_horse,1480,1484.3046123629779
22165,1,artillery_horse,1679,1686.4848956375995
22166,1,artillery_horse,1554,1552.4664996557424
22167,3,artillery_horse,1058,1079.6163655779753
22169,0,artillery_horse,535,532.8955494280453
22170,3,artillery_horse,543,549.1196123012959
22171,2,artillery_horse,771,742.6131854999246
22172,3,artillery_horse,1549,1640.2895123678732
22174,2,artillery_horse,1061,1062.893295795105
22176,0,artillery_horse,784,507.79709550731263
22177,0,artillery_horse,1185,1184.016229145942
22178,4,general,747,741.5022209563599
22179,1,general,281,281.1568348428025
22180,4,general,439,435.1966927375761
22181,2,general,60,60.440919840964156
22182,0,general,571,531.6351040732803
22184,3,general,985,1031.279098403146
22185,1,general,1291,1294.2660354588206
22186,1,general,281,281.1568348428025
22187,2,general,60,60.440919840964156
22188,2,general,362,350.95454360350436
22189,4,general,655,623.1584706965119
22190,1,general,881,887.269216695423
22191,1,general,474,429.5852679713081
22192,1,general,990,972.6566584939156
22193,4,general,752,717.9495056274922
22194,1,general,159,159.53780163307283
22195,3,general,562,495.81678205880075
22196,2,general,60,60.440919840964156
22197,3,general,521,530.9337034612488
22199,4,general,1619,1693.8256767531775
22200,2,general,1,1.0
22201,0,general,741,741.4427263685675
22202,4,general,839,791.8875341430811
22203,0,general,741,741.4427263685675
22204,1,general,574,574.0888779208802
22205,4,general,2594,2694.817604345936
22206,1,general,281,281.1568348428025
22207,2,general,1,1.0
22208,1,general,574,574.0888779208802
22209,4,general,1073,1060.0913735807555
22210,1,general,574,574.0888779208802
22211,3,general,549,554.3607245249626
22212,4,general,1600,1756.5334573790321
22213,4,general,747,741.5022209563599
22214,3,infantry_grenadiers,284,231.87803352463047
22215,2,infantry_grenadiers,237,256.13170939184
22216,3,infantry_grenadiers,238,248.08310972292895
22218,2,infantry_grenadiers,288,291.468120422586
22219,0,infantry_grenadiers,297,337.6822516861354
22220,4,infantry_grenadiers,478,446.7114595531873
22221,3,infantry_skirmishers,212,244.4543464328165
22223,0,infantry_skirmishers,249,244.4008330787986
22224,1,infantry_skirmishers,170,153.31602043230762
22226,4,infantry_skirmishers,180,184.4856743828432
22227,1,infantry_skirmishers,195,167.82803663481627
22228,4,infantry_skirmishers,184,193.42502789810206
22229,4,infantry_skirmishers,184,193.42502789810206
22231,4,general,1681,1687.204335613399
22232,3,general,1466,1322.872668903798
22233,1,infantry_skirmishers,1515,1843.456096459912
22234,3,cavalry_lancers,933,946.120506817065
22235,3,general,1017,1091.0364844807884
22236,2,general,421,456.30284136703403
22237,4,general,1267,1026.884449011672
22238,3,infantry_skirmishers,570,482.35312544819516
22239,1,general,660,648.7440265513255
22240,0,infantry_skirmishers,767,701.9143247423267
22241,3,cavalry_lancers,797,763.3137034522153
22242,1,cavalry_lancers,582,575.7754123110416
22243,4,cavalry_lancers,738,711.2459954779262
22246,2,general,206,157.19650439210525
22247,4,general,745,737.0099704001461
22248,4,general,1238,1336.6765521915336
22249,4,cavalry_lancers,659,678.4828925894293
22250,1,cavalry_lancers,691,663.926668401759
22252,3,cavalry_lancers,678,687.2852770487492
22253,1,cavalry_lancers,377,368.1464534023515
22254,0,general,361,367.10292975323966
22255,4,general,737,769.9235464939106
22256,3,general,310,344.59071904364004
22259,0,cavalry_lancers,736,755.7987813765317
22260,0,cavalry_lancers,660,642.9445804186751
22261,2,cavalry_lancers,824,810.9101672284844
22262,0,cavalry_lancers,519,465.8330534372517
22263,4,general,633,565.3695272935489
22265,3,cavalry_lancers,649,648.1021858306771
22266,3,cavalry_lancers,580,574.6605222229218
22267,0,cavalry_lancers,622,554.8419014787921
22268,1,cavalry_lancers,714,732.593876093637
22269,3,general,494,507.8677584762418
22270,4,cavalry_lancers,629,612.8577364834466
22271,3,cavalry_lancers,765,777.7571688797677
22272,4,cavalry_lancers,806,833.5620076878246
22273,0,cavalry_lancers,689,732.1012798560569
22274,2,general,670,680.6826533205161
22275,2,general,763,824.1572129555002
22276,2,infantry_irregulars,811,836.0804196621946
22277,1,cavalry_lancers,899,921.4271172607217
22279,4,cavalry_lancers,608,623.801195372504
22280,4,cavalry_lancers,674,709.7599578740773
22281,0,general,697,812.541294660588
22282,0,general,442,466.8946801842993
22283,4,general,771,788.0445800843147
22284,3,infantry_irregulars,608,552.6150517187227
22286,3,cavalry_lancers,654,676.8670853091581
22287,2,cavalry_lancers,716,773.3429074498172
22288,1,cavalry_lancers,774,835.4586107333364
22289,3,general,768,849.62926745589
22292,4,cavalry_lancers,741,746.6780185904524
22294,0,cavalry_lancers,669,678.8005148339848
22295,1,cavalry_lancers,613,619.181973735753
22296,0,general,547,596.5100635091269
22297,4,infantry_irregulars,670,769.6993311712982
22298,4,artillery_foot,493,363.2066693108502
22299,0,cavalry_missile,665,476.06339667475856
22300,4,cavalry_lancers,803,773.5074054524125
22301,0,general,686,686.661763801139
22302,0,cavalry_lancers,511,413.729362616305
22303,1,general,460,355.41419753890875
22304,0,cavalry_lancers,525,551.0302324953061
22305,3,general,405,453.43822839558004
22306,3,cavalry_lancers,772,596.0097982548542
22307,2,cavalry_lancers,366,310.4174668143246
22308,2,cavalry_lancers,620,545.0864843431833
22309,4,general,480,429.87350050665316
22311,4,general,379,406.845486595263
22312,2,general,896,868.5422869353351
22313,0,infantry_skirmishers,369,376.7385489109177
22314,1,cavalry_light,1111,1364.0965818525729
22316,2,artillery_horse,724,590.555178990781
22317,2,artillery_horse,116,127.80666567595611
22320,4,artillery_foot,808,707.0825626443418
22321,4,artillery_foot,439,477.49820260926174
22323,0,artillery_foot,618,571.8601624597383
22324,0,general,392,424.639062330378
22326,4,general,196,205.0162009325561
22328,3,general,235,229.62292693440983
22329,4,general,363,359.70046298827486
22330,4,general,1225,1248.8161665450464
22331,2,general,652,628.809169286705
22332,1,general,425,428.0508759895985
22334,0,general,1365,1376.8141817277435
22335,3,general,649,520.3774021372022
22336,4,general,441,413.49097403519244
22337,3,general,421,388.44205292602845
22338,3,infantry_light,1088,1107.771314966932
22340,0,infantry_line,361,382.1640953886155
22343,0,infantry_line,484,475.9066715693956
22344,0,infantry_line,540,494.9374544489074
22345,1,infantry_line,1146,1191.6645748099563
22347,3,infantry_militia,197,157.03788051722344
22348,0,infantry_militia,138,89.80670235077255
22349,1,infantry_militia,343,342.88951903041664
22351,4,infantry_skirmishers,247,248.24263316081675
22352,1,infantry_skirmishers,276,302.6732536166411
22353,4,infantry_skirmishers,325,316.10803735531397
22354,2,cavalry_light,1712,1634.8732182261808
22355,0,general,1607,1581.5992658113246
22356,2,artillery_foot,449,477.5445528318977
22357,4,artillery_foot,480,501.07554078579153
22358,2,artillery_foot,901,803.063089511769
22360,2,general,186,188.3606693374997
22361,1,general,199,185.92591630933669
22362,0,general,208,208.63001202083476
22363,1,general,92,88.47696786809259
22365,4,general,409,403.28816168745055
22366,1,general,903,941.8398581020132
22367,3,general,604,624.1460932947126
22368,1,general,313,299.42621611009946
22369,1,general,712,703.0739874777836
22370,2,general,213,225.378725626623
22371,4,general,357,338.623993577973
22372,2,infantry_light,422,418.473091401699
22373,4,infantry_line,286,281.5036584871938
22375,4,infantry_line,556,567.9675766640862
22376,3,infantry_line,418,360.4084541090259
22378,0,infantry_line,517,501.75643390568314
22379,1,infantry_line,805,857.9587064473172
22380,4,infantry_militia,286,291.54539921585945
22381,0,infantry_militia,194,190.51577652137175
22382,0,infantry_militia,189,171.5718968008635
22384,1,infantry_militia,300,306.09203633967854
22385,4,infantry_skirmishers,309,248.20948365644517
22386,0,infantry_skirmishers,250,209.9471475303275
22387,4,artillery_foot,893,780.5206965726743
22388,0,artillery_foot,429,451.7385691984268
22389,0,artillery_foot,614,570.1171902276526
22390,3,general,35,7.223651257617519
22391,1,general,119,113.81819862595937
22392,2,general,121,138.99570562799966
22394,1,general,329,299.22040600150694
22395,1,general,142,129.18760226694081
22397,2,general,132,161.96228680573125
22398,0,general,456,454.94703333624363
22401,4,general,369,358.95915654247926
22402,2,infantry_light,651,641.1454000367758
22403,3,infantry_line,215,256.4622034101013
22405,0,infantry_line,401,399.46120842801935
22406,0,infantry_line,609,593.5174007021074
22407,1,infantry_line,426,403.76571394178626
22408,2,infantry_militia,171,185.33781743431297
22412,3,infantry_militia,211,207.43163057710314
22413,3,infantry_militia,186,193.05019440814783
22415,0,infantry_skirmishers,545,438.9184317045706
22416,2,infantry_skirmishers,288,310.56686089225013
22418,0,artillery_foot,429,451.7385691984268
22419,2,artillery_foot,442,472.883344542934
22420,3,general,134,124.60906917657357
22421,4,general,205,199.46342476877328
22424,3,general,240,249.27724097424775
22425,4,general,284,288.26346913429745
22427,3,general,710,691.5586854595409
22428,0,general,509,505.4981222494399
22429,1,general,285,282.2004009966477
22430,3,infantry_light,325,345.67007544378487
22431,4,infantry_light,654,644.5471673700891
22432,2,infantry_line,301,303.9746729833194
22434,1,infantry_line,312,310.86930765526733
22435,2,infantry_line,328,355.2084375596303
22436,2,infantry_line,432,407.1754870878631
22437,2,infantry_line,629,614.0165874538029
22438,0,infantry_militia,201,207.57483386654292
22439,0,infantry_militia,213,220.92849178178716
22440,0,infantry_militia,191,181.28811845617065
22441,2,infantry_militia,77,83.4758720273624
22442,1,infantry_militia,135,145.8017335715873
22443,3,infantry_militia,234,233.40089716196238
22444,2,infantry_skirmishers,211,196.84290912972017
22447,0,cavalry_lancers,1250,1244.499791282213
22448,0,cavalry_lancers,801,793.7457749240415
22450,1,cavalry_lancers,437,466.2226287718745
22451,2,cavalry_lancers,808,663.3835492358037
22453,3,cavalry_light,740,762.9028676656177
22454,1,cavalry_light,1373,1350.170536072413
22456,4,cavalry_standard,1592,1620.349649116183
22457,2,cavalry_standard,1213,1154.3910103848393
22458,3,cavalry_standard,794,737.7992639928051
22459,3,cavalry_standard,928,958.6846579092165
22460,0,general,1610,1609.6979701323837
22461,3,general,754,711.9197182059745
22462,4,general,773,812.0714768167303
22463,1,general,697,738.4553164830279
22464,0,general,693,687.8471274719197
22466,1,general,735,704.5701086319307
22467,1,general,1017,1017.0483036460624
22468,0,general,419,446.8876608684528
22469,2,general,804,829.950178457607
22471,2,general,653,526.18719689013
22472,0,general,759,802.8373894796761
22473,2,general,1407,1451.55257776108
22474,2,general,1205,1140.2970759207547
22475,2,artillery_horse,1075,1082.9432052629606
22476,2,artillery_horse,600,593.6800163137608
22477,1,cavalry_lancers,479,500.90732967936293
22478,2,cavalry_lancers,496,465.00210472983724
22479,0,cavalry_lancers,440,476.77294806015016
22481,4,cavalry_lancers,571,603.0888291756662
22482,2,cavalry_lancers,490,480.2985996971403
22483,2,cavalry_lancers,690,634.8378539516154
22484,1,cavalry_light,836,886.4394061175914
22485,2,cavalry_light,941,974.7510293044912
22486,0,cavalry_light,1466,1475.1244473981367
22487,2,cavalry_light,721,745.8421604723753
22488,2,cavalry_light,630,609.8565841112736
22490,2,cavalry_standard,904,872.7405602866226
22491,0,general,642,663.3519169915379
22492,3,general,790,840.5695975895529
22493,3,general,502,466.17242795664043
22494,4,general,604,603.3905455288137
22495,3,general,773,799.743918711162
22496,0,general,403,413.0216637407589
22497,4,general,443,460.98896564659907
22498,2,general,406,390.39098944511113
22500,0,general,849,858.668737422546
22501,2,general,299,322.66049596528694
22502,2,general,359,365.8828289138807
22503,3,general,677,667.7914837471784
22504,4,general,1304,1304.6043735886185
22506,1,cavalry_lancers,440,469.75686541013107
22507,3,cavalry_lancers,471,494.4018203715753
22508,3,cavalry_lancers,434,521.9863376119464
22509,3,general,322,345.687040718155
22510,2,cavalry_lancers,476,445.2256622750881
22512,3,cavalry_lancers,477,488.41247087788116
22513,3,cavalry_lancers,455,451.1458913722602
22516,0,general,324,327.5089062992927
22517,3,general,334,320.693552925853
22518,3,general,388,364.5954132251059
22519,3,general,393,400.83588606215915
22520,3,artillery_foot,591,593.1289002673298
22521,3,artillery_foot,591,593.1289002673298
22522,2,artillery_foot,598,605.9649866933829
22523,3,artillery_foot,591,593.1289002673298
22525,3,artillery_foot,591,593.1289002673298
22526,3,artillery_foot,529,486.5082950403657
22527,0,artillery_foot,831,723.529192811166
22528,2,artillery_foot,457,482.2382171147837
22530,0,artillery_foot,527,523.6683213018367
22533,4,artillery_foot,584,662.2710915901795
22535,0,artillery_horse,1017,1024.2621929850864
22536,4,artillery_horse,1166,1148.9484777311081
22537,2,artillery_horse,1075,1082.9432052629606
22538,2,general,601,600.6218676548006
22539,4,general,1311,1278.073379545086
22540,3,general,600,581.287726578663
22541,3,general,228,227.71296173321133
22542,0,general,401,401.6665569603783
22544,3,general,228,227.71296173321133
22545,1,general,380,386.35042471174154
22546,3,general,600,581.287726578663
22548,4,infantry_grenadiers,383,328.4179215099408
22549,0,infantry_grenadiers,508,512.4473949861454
22550,0,infantry_grenadiers,508,512.4473949861454
22551,0,infantry_grenadiers,508,512.4473949861454
22552,2,artillery_foot,681,662.3586897095207
22553,3,cavalry_heavy,1869,1844.392452324632
22554,0,cavalry_heavy,1961,1982.764747879073
22555,1,cavalry_heavy,1132,1252.852157052039
22556,0,general,286,239.7071812540106
22557,1,general,348,346.3607958645936
22558,2,general,1879,1938.3140380261912
22559,4,general,221,208.96934622612758
22560,1,general,917,1056.5259192353997
22561,3,general,532,528.7313298124465
22562,1,general,1754,1772.4850927079806
22563,2,general,662,601.457083654338
22564,4,general,960,911.7805938866926
22565,0,general,1377,1284.1368200781133
22566,3,general,490,504.1629316413982
22569,0,general,1576,1409.496595345485
22570,0,general,811,806.3133024267154
22571,3,infantry_light,971,989.6225799498482
22573,0,infantry_line,1431,1407.8344538353417
22575,2,infantry_line,548,549.0117727588124
22576,3,infantry_line,751,742.5176263962538
22577,0,infantry_skirmishers,287,258.3516664121517
22578,3,infantry_skirmishers,295,315.627409946287
22579,3,artillery_horse,856,1026.7834344918053
22581,0,general,491,474.2378261204698
22582,4,general,228,245.86487143337465
22583,0,general,255,277.54731593135807
22584,1,general,189,192.7812605935386
22585,2,general,221,220.82060974818347
22586,3,general,359,362.3596576844416
22587,4,general,1343,1305.5674764342064
22588,2,general,1176,1195.1035914579024
22589,1,general,677,615.0500827979515
22591,4,infantry_line,607,585.9237819855816
22592,2,infantry_line,1231,1263.0887476204102
22595,0,infantry_line,306,307.3751691795713
22596,3,infantry_line,651,671.816557898513
22597,4,infantry_line,366,390.31893507292114
22598,3,infantry_line,366,349.3531324756062
22599,4,infantry_line,325,311.24663689799985
22600,1,infantry_line,300,292.33525180298324
22604,3,artillery_foot,360,363.4989061507548
22605,4,artillery_foot,481,481.8950708731559
22606,2,artillery_horse,104,164.48670496761625
22607,3,general,336,339.88879467137684
22608,2,general,20,100.676920134172
22609,3,general,456,456.66534674095465
22610,4,general,219,229.15845150715975
22611,4,general,678,605.533846948789
22612,0,infantry_line,280,337.5986514201474
22613,1,infantry_militia,176,166.64729368010512
22615,0,infantry_militia,223,222.6089526141687
22616,1,infantry_militia,481,472.800684938573
22617,1,infantry_skirmishers,249,219.34601706267102
22618,4,infantry_line,308,327.9065262824965
22619,3,infantry_militia,105,113.85322441375246
22620,1,infantry_militia,139,143.45998468631993
22621,3,infantry_militia,165,173.25599577613906
22622,1,infantry_militia,141,147.45526666991464
22623,4,artillery_foot,650,661.6063115965737
22624,3,cavalry_heavy,1154,1083.9773052798018
22625,2,cavalry_heavy,1410,1440.8491760352863
22627,3,general,956,900.1434535990916
22628,2,general,651,651.7283139288973
22629,3,general,881,837.9448844996488
22630,1,general,1485,1420.6694167531903
22631,2,general,381,377.0281595576997
22634,2,general,416,419.06638727430953
22637,4,general,409,392.7317615962275
22638,0,infantry_light,688,667.7780314001764
22639,2,infantry_line,327,322.6566996819091
22640,4,infantry_line,528,527.1379435204036
22641,3,infantry_line,502,475.88580812837864
22642,2,infantry_line,668,691.1047880992139
22643,1,infantry_line,401,389.4610517741998
22644,4,infantry_line,427,422.56742445704845
22645,2,artillery_foot,602,591.4811624708452
22646,0,general,127,141.31297291098542
22648,1,general,441,450.5014218950216
22649,3,general,268,254.93169493717514
22650,2,general,187,196.49886378132965
22651,3,general,388,372.84997737738973
22653,2,general,185,197.3904525261325
22655,3,general,215,225.82252054643016
22657,0,general,640,689.4649737069892
22658,2,general,247,256.30314993494005
22660,0,infantry_line,422,427.1458748372891
22661,4,infantry_line,318,312.0120606519139
22662,2,infantry_line,253,249.12223708330868
22663,2,infantry_line,285,287.12578750175953
22664,1,infantry_line,412,414.7861694446284
22665,3,infantry_line,339,321.96517598778314
22666,4,infantry_line,605,638.0911124816845
22667,3,infantry_militia,362,360.81699442694435
22669,2,infantry_militia,274,280.43805960940716
22670,4,infantry_militia,300,308.15961903766294
22671,0,infantry_skirmishers,220,203.53647144099696
22672,4,artillery_foot,725,771.8142318881726
22673,3,general,586,608.6112641734126
22674,4,general,470,439.095506124463
22675,1,general,965,782.5190372012689
22677,2,infantry_light,533,468.7431470276854
22679,2,infantry_line,274,294.8022237502096
22680,4,infantry_line,472,471.6372763960957
22681,2,infantry_militia,55,66.58581979810543
22682,2,infantry_militia,59,84.4849216696726
22683,4,infantry_militia,57,57.63108048299114
22684,2,infantry_skirmishers,222,230.0796629378945
22688,3,infantry_line,473,481.3683198251788
22689,4,infantry_line,377,387.83947786879503
22690,0,cavalry_light,609,597.8416488688222
22691,2,general,355,378.8856889120931
22692,0,general,471,466.6746338559376
22695,0,general,582,608.8222432295923
22696,1,infantry_light,294,310.3856321611889
22697,2,infantry_light,594,576.2229928370946
22698,1,infantry_line,646,700.1505526479142
22700,1,infantry_skirmishers,210,208.42771940872137
22702,2,infantry_skirmishers,251,246.74073485606618
22703,2,artillery_foot,384,370.02515273279204
22704,4,general,261,252.95558280593693
22705,3,general,292,303.6653472437544
22706,2,general,254,274.016343822817
22707,0,general,222,232.11618389494112
22708,0,general,69,120.1427928397222
22709,4,infantry_light,328,331.60998153796834
22710,3,infantry_line,359,356.0806392661466
22712,0,infantry_militia,57,74.07905369698277
22713,3,infantry_militia,79,110.9949856578968
22717,4,cavalry_light,380,343.61419557329066
22718,1,cavalry_light,584,603.9912939660148
22719,2,cavalry_light,849,886.9246811837571
22721,2,general,186,240.4197662803137
22722,3,general,716,749.9354342974498
22723,3,general,422,386.0082209754987
22724,3,general,314,291.781622436641
22725,1,general,568,615.2800255494548
22726,3,general,123,128.23159050307135
22728,0,general,277,291.51924202273045
22729,0,general,747,722.7765939142344
22730,0,general,510,526.2553073045816
22731,1,general,377,396.0163699144742
22732,1,infantry_light,324,333.49547354172137
22733,3,infantry_light,434,398.45043627640086
22735,3,infantry_line,492,495.8363875789572
22736,1,infantry_line,385,386.2244403722516
22737,0,infantry_militia,96,96.89883606039346
22738,0,infantry_militia,114,113.2719950105426
22739,3,infantry_militia,68,54.496239417198176
22741,3,infantry_militia,196,190.29281768853022
22743,2,infantry_skirmishers,254,232.86274748261332
22744,2,infantry_skirmishers,552,485.10968509503573
22745,1,artillery_foot,448,442.1028402503656
22746,1,cavalry_light,521,543.008781251159
22748,1,cavalry_light,1014,997.9168735110761
22750,3,general,217,263.7374565636452
22752,0,general,289,354.7881288248046
22753,4,general,375,376.06200695351276
22754,0,general,208,218.397634296408
22759,0,general,939,926.181378338197
22760,2,general,203,218.51809494014657
22761,0,general,274,271.2239595177533
22762,4,general,149,134.84376512280278
22763,2,general,431,422.7291021205246
22764,0,general,353,355.0523560624403
22766,0,general,834,845.7948335043717
22767,0,general,467,456.950754207857
22768,3,general,608,587.3669265149879
22770,0,general,329,316.13351071753516
22771,4,infantry_grenadiers,473,458.21357605762523
22772,3,infantry_light,330,327.0890371944816
22773,1,infantry_light,309,307.21691425208525
22774,1,infantry_light,319,307.9574888102423
22775,1,infantry_light,488,483.3867342525855
22776,1,infantry_light,188,242.06691685892622
22777,2,infantry_light,379,365.284249930464
22778,1,infantry_line,263,275.1647274595762
22779,1,infantry_line,310,315.0313676060544
22780,1,infantry_line,585,572.1043115233391
22781,4,infantry_line,899,967.8990883864216
22784,1,infantry_line,314,295.7470299772685
22785,3,infantry_skirmishers,293,316.2119456593011
22786,3,infantry_skirmishers,212,238.1612470691305
22787,3,artillery_horse,493,497.91100953772633
22788,4,cavalry_lancers,316,320.6060790399102
22789,2,cavalry_light,591,624.6487070629747
22791,2,general,536,589.9961189755504
22794,3,cavalry_light,580,608.4947081981102
22795,3,cavalry_light,974,957.339993207075
22796,1,general,294,298.8498709184425
22797,3,general,838,828.7499966772357
22798,3,general,935,932.0724286167701
22799,0,general,470,506.60006700541754
22801,3,general,113,116.63546031183476
22802,4,general,438,472.9466341223209
22804,1,general,266,249.90043744352818
22805,0,infantry_light,414,416.67872996835007
22806,2,infantry_line,320,332.3504254610522
22807,4,infantry_line,227,241.3838494697342
22808,0,infantry_line,548,555.7164633282957
22809,1,infantry_line,372,346.49957715399734
22810,0,infantry_militia,217,197.2831046264388
22811,1,infantry_militia,160,169.03311813135028
22812,4,infantry_militia,85,93.10288544184131
22813,2,infantry_militia,183,189.66494217688307
22814,4,artillery_foot,365,318.14918080271985
22815,1,cavalry_light,935,974.0398617730577
22817,4,cavalry_light,926,936.2950547854456
22818,1,general,162,183.15682768558418
22819,1,general,792,845.2732715682789
22820,0,general,418,467.3577468016408
22821,1,general,243,199.57826581015712
22822,4,general,992,1020.469693413256
22824,1,general,441,448.5557913407623
22826,2,general,213,226.5073475542829
22827,4,infantry_grenadiers,707,571.2308556163772
22828,3,infantry_light,713,702.5943272275143
22829,1,infantry_line,226,233.50617017449582
22830,3,infantry_line,323,312.7609910955557
22831,1,infantry_line,353,352.36174886851836
22832,4,infantry_militia,74,103.91332920579936
22833,3,infantry_militia,123,120.82125856121725
22834,4,artillery_horse,667,531.8898218650004
22835,1,cavalry_light,1037,1040.1207229745226
22836,0,cavalry_light,885,775.4791720781895
22837,4,cavalry_light,418,409.8418959110208
22839,1,general,716,641.467119611992
22840,1,general,286,288.23196749884204
22841,1,general,897,907.7137962691143
22842,1,cavalry_heavy,1143,1112.1268949343973
22843,1,cavalry_heavy,1359,1417.776838284548
22844,0,cavalry_heavy,817,719.0211112150043
22845,3,general,657,561.9360486310787
22847,3,general,950,924.0367261483639
22848,2,cavalry_light,557,496.50110364883193
22849,2,cavalry_light,276,276.8517758355446
22850,3,general,419,366.35347063578126
22851,2,general,148,182.31685476362333
22852,3,cavalry_light,714,631.279415851694
22854,0,artillery_horse,657,512.7701200945122
22855,1,general,545,446.1040957100602
22856,0,cavalry_light,910,954.8438918050841
22858,2,general,743,798.3928499233659
22860,0,artillery_horse,1138,1090.865583005802
22861,3,artillery_horse,617,503.61158247457746
22862,0,general,1022,1022.0864681158846
22863,1,general,1240,1213.973730655423
22864,0,general,638,638.3629254792144
22866,2,general,467,467.15034150928915
22867,0,general,312,312.4073220802941
22870,0,general,1241,1200.3099496569132
22871,4,general,233,263.2608042200035
22875,0,general,570,555.8485904354288
22878,3,general,405,542.930977685828
22879,1,infantry_grenadiers,927,881.108364663543
22881,0,infantry_line,1287,1211.6468997715024
22882,1,infantry_line,413,464.6583925293238
22883,2,infantry_line,256,277.11595538628023
22886,3,infantry_line,485,584.2946636919995
22887,3,infantry_line,306,306.063065004082
22888,3,infantry_skirmishers,393,376.09051555099563
22889,0,general,398,327.38524861290057
22890,3,general,489,471.9004870310977
22893,4,general,971,1003.7262713994993
22894,0,general,845,759.9409116466079
22895,0,general,614,686.8836265941661
22896,1,general,397,419.1379151004279
22897,0,general,918,916.5871155947336
22898,1,general,80,114.12941021948558
22899,1,infantry_line,186,211.99502705371535
22903,1,infantry_line,454,469.4737344848091
22904,0,infantry_line,783,741.9519534769407
22906,4,infantry_line,886,855.0240985603874
22907,2,infantry_line,838,867.9578556629251
22908,0,infantry_skirmishers,185,178.345995529614
22909,0,infantry_skirmishers,225,226.74198211699607
22910,1,infantry_skirmishers,349,359.70825512790543
22911,3,cavalry_light,776,744.5744252756424
22913,1,general,278,256.40397415439276
22916,0,general,200,220.41239977267006
22917,4,general,240,242.9241382842571
22918,0,general,721,671.6521652902849
22919,3,general,951,940.1382594678902
22920,2,general,489,462.58783284188314
22921,2,general,323,312.18813643758637
22922,1,infantry_light,680,681.8663171610917
22924,4,infantry_line,320,302.07905073513274
22925,0,infantry_line,347,344.6952061260043
22926,2,infantry_line,548,535.1093760403587
22927,1,infantry_line,868,885.9589173731558
22928,4,infantry_skirmishers,226,201.65159710735497
22930,3,artillery_foot,458,441.215216467072
22931,1,general,323,321.07625741242714
22933,1,general,180,209.8557530377456
22934,0,general,485,489.91572611934413
22935,4,general,376,419.4441075548094
22936,0,infantry_line,472,474.9042334647335
22937,1,infantry_line,347,334.3304163167372
22938,3,infantry_line,383,441.2997208913378
22939,2,infantry_line,290,309.85799729806314
22940,4,infantry_skirmishers,216,204.51607234280107
22941,3,artillery_foot,879,828.4484022016547
22942,4,general,712,663.1368397534385
22943,2,general,638,628.7626514979083
22944,3,general,520,557.2265731925418
22945,0,general,735,735.4850292745359
22946,0,general,931,947.7246379945244
22948,2,general,638,628.7626514979083
22950,1,infantry_line,559,567.698026052342
22951,1,infantry_line,639,629.2540394946072
22953,2,infantry_line,818,857.4185163655246
22954,1,infantry_skirmishers,292,317.1701941274729
22955,4,general,410,408.97711473920816
22957,1,general,494,493.17619291946465
22958,3,general,381,367.1948561878817
22959,4,general,418,406.8099978413637
22960,4,general,400,412.6027697170756
22961,1,general,250,268.9088669028014
22962,0,general,262,270.29687167346367
22963,0,general,152,94.65813587144544
22964,3,general,139,191.53087510214044
22965,1,infantry_line,492,471.58578404983245
22966,0,infantry_line,436,423.22886939751066
22968,1,infantry_line,257,199.71609359335042
22969,0,infantry_line,528,520.2852624562192
22971,2,infantry_line,371,377.24361903117267
22973,2,infantry_line,279,279.3452661379462
22974,2,infantry_line,239,259.2054510300975
22975,1,artillery_foot,283,305.1322339002368
22976,0,general,165,184.17751905186057
22977,1,general,123,150.74144707030086
22978,3,general,224,233.1396273731952
22980,4,general,161,201.1439482707643
22981,3,general,631,577.9580178659575
22982,3,general,194,233.22236172736785
22983,2,infantry_light,686,665.5970202272724
22984,4,infantry_line,150,172.82107294285464
22986,1,infantry_line,357,365.5690213901903
22987,0,infantry_line,272,310.68089024459806
22988,4,general,416,382.51773803801984
22989,0,general,735,714.5342196025866
22990,1,general,328,334.1405051245257
22991,4,general,326,311.446483443953
22993,1,general,172,210.00549968089481
22995,3,infantry_line,629,624.407962146259
22996,1,infantry_line,281,313.5165485858115
22998,3,infantry_line,439,429.15806095594434
22999,3,infantry_skirmishers,224,254.44569561413599
23000,0,general,69,76.07845228572941
23001,1,general,459,461.1289219447051
23002,4,general,555,582.9768279528791
23003,1,general,209,247.36427378327537
23004,0,general,130,119.97488909634771
23006,1,general,268,279.51437072550334
23007,2,infantry_line,258,242.00713846507801
23009,4,infantry_line,411,419.74303011459034
23010,2,infantry_line,320,350.9644485667488
23011,3,infantry_line,235,229.96871468827803
23012,1,infantry_line,531,552.2234080075102
23013,0,infantry_line,517,520.9360455221462
23014,0,infantry_line,375,376.676297383369
23016,3,artillery_foot,368,374.89605759267107
23017,1,general,241,251.2646779830466
23018,4,general,169,182.8975631738089
23020,3,general,211,266.34159184013316
23021,2,general,325,322.87667685248033
23022,2,infantry_light,584,554.6871486702133
23023,0,infantry_line,433,427.95521387795065
23024,4,infantry_line,238,284.18908731814076
23025,2,artillery_foot,548,591.128834238028
23026,0,general,404,438.4939863413231
23027,1,general,722,638.7710270734593
23029,4,general,455,461.99935072208393
23030,2,general,172,178.85067214479685
23031,2,general,676,598.9243651477537
23032,0,infantry_light,591,610.9033532170682
23033,0,infantry_light,566,609.8211954027734
23034,0,infantry_line,713,658.708927587665
23035,3,infantry_line,245,240.95605147400605
23036,1,infantry_line,560,565.5558989628255
23037,2,infantry_skirmishers,178,178.92947682436252
23038,1,general,462,455.77909288010443
23039,4,general,249,221.81615408678644
23040,4,general,202,208.8934202760146
23041,2,general,323,321.5436969010889
23042,0,infantry_light,280,288.98915297559984
23043,4,infantry_line,436,423.85253329935904
23044,0,infantry_line,393,387.2578207676515
23045,2,infantry_line,333,322.56574395211385
23046,0,infantry_skirmishers,160,186.54857752774805
23047,3,general,475,465.78591892730736
23048,4,general,560,513.5130358287222
23049,3,infantry_line,563,581.2932073497573
23050,0,infantry_line,452,423.7854894505057
23051,4,artillery_foot,366,358.42931117198486
23052,0,artillery_foot,862,932.0542672944495
23053,1,general,344,348.24231267088106
23054,0,general,304,314.5413182185449
23055,1,general,101,170.20816490273685
23058,1,infantry_light,412,404.4819985674836
23060,0,infantry_light,736,785.0705465319364
23062,3,cavalry_heavy,1701,1714.4791117381783
23063,4,cavalry_heavy,1513,1509.6598616580773
23064,3,cavalry_light,1191,1204.0373873023225
23065,3,general,1505,1559.424219474664
23066,1,general,1282,1312.3698998524499
23067,3,general,1602,1613.5369104596264
23068,2,general,176,187.41242292672928
23070,2,general,1110,1110.267677161349
23072,1,general,266,277.175736304103
23073,1,infantry_light,338,338.8608128956513
23074,2,infantry_line,247,253.68474329566456
23075,0,infantry_line,261,263.85125423004354
23076,0,cavalry_light,433,365.43730784483404
23077,3,cavalry_standard,444,459.92691417016374
23079,4,cavalry_standard,323,268.96738555193986
23080,4,general,224,255.87566980754744
23082,2,general,457,490.46703941955036
23083,2,general,510,463.72344625605064
23084,1,general,180,201.23603711400796
23085,2,general,154,152.38500325911696
23086,1,general,205,219.5495705091989
23087,2,infantry_light,321,317.514685258138
23089,4,infantry_line,261,254.4403872879166
23090,4,general,324,343.93777422128755
23091,2,general,496,463.1875130565302
23092,0,general,779,709.1783603751278
23093,0,general,543,625.948080350435
23095,1,infantry_light,486,513.929355839781
23096,2,infantry_skirmishers,453,426.03973489894184
23097,4,general,1056,864.7998451514411
23098,1,general,643,606.727356688032
23100,1,infantry_light,962,924.1755902343767
23101,3,infantry_light,624,633.2870546550929
23102,4,infantry_skirmishers,419,496.56284185441683
23103,0,cavalry_heavy,1412,1417.3985929354712
23104,4,cavalry_light,1109,1124.174835724989
23105,0,general,964,969.0877481685801
23106,1,general,1190,1193.4877997021144
23107,1,cavalry_light,1109,1125.7449415615129
23108,1,cavalry_light,1189,1195.6938024020205
23111,2,artillery_horse,627,649.0939947550061
23113,3,general,532,541.0546387377291
23114,1,cavalry_light,482,495.7843363815379
23115,2,cavalry_standard,545,605.4493433693881
23116,4,general,355,386.86581573933654
23118,4,artillery_foot,366,358.42931117198486
23119,2,general,478,452.24719734671004
23120,1,general,1161,1165.5219826293783
23121,0,general,294,295.07907156896545
23122,3,general,167,167.20177312727336
23123,4,infantry_line,302,243.20747238544305
23124,1,artillery_foot,155,195.18154359451444
23125,4,general,600,674.5588550772245
23126,1,general,328,328.8154955676416
23128,3,general,398,287.05403488569937
23129,1,general,759,742.2376038216228
23130,1,general,684,671.0311871175547
23131,3,general,489,456.93853692652345
23132,2,general,361,373.33110640255563
23133,0,general,369,379.64010513493486
23134,1,general,251,239.34133634565472
23136,3,general,69,104.47652663743915
23137,1,general,300,277.8437665170569
23138,4,general,407,427.07400331274124
23139,0,general,741,899.5287578585925
23140,4,general,363,462.28753047722904
23141,4,general,818,813.8924187213338
23142,2,general,504,534.9172637640366
23143,1,general,378,382.5053087707873
23144,3,general,1539,1278.609878989214
23146,3,general,395,368.7859392555757
23147,4,general,521,519.6736554855358
23148,3,infantry_grenadiers,455,570.8722268769781
23149,1,infantry_grenadiers,425,592.7988005188001
23151,2,infantry_light,414,434.52987431623984
23152,4,infantry_light,359,363.62070173933813
23153,4,infantry_light,786,768.6809723992419
23154,4,infantry_light,431,433.17419288328983
23155,3,infantry_light,532,526.5571749674037
23156,2,infantry_light,549,556.5962403398441
23157,2,infantry_light,1226,1306.467098214082
23158,0,infantry_line,285,289.62495182416717
23159,2,infantry_line,725,702.1354770967562
23160,4,infantry_line,376,386.2131188067628
23162,2,infantry_line,407,387.8300023821768
23163,1,infantry_line,586,526.638840062995
23164,3,infantry_line,483,497.3785505333015
23165,3,infantry_line,505,490.1691976543286
23166,4,infantry_line,632,643.3224109069458
23167,2,infantry_line,477,490.135554656669
23168,2,infantry_militia,482,391.95093054338304
23169,1,infantry_skirmishers,749,865.5748508208744
23170,3,infantry_skirmishers,788,967.6017221089398
23173,2,general,152,133.47102601551728
23175,0,general,207,167.67121480830482
23176,3,general,695,581.1204684148386
23179,2,general,220,163.0736453182438
23181,2,general,342,326.359131732567
23182,1,general,1178,1393.6503355471898
23184,4,general,593,594.0873989263749
23187,3,infantry_light,442,432.88230016927065
23188,2,infantry_light,365,369.17283977284245
23189,2,infantry_light,244,257.3431760183132
23191,3,infantry_line,267,224.05043538715637
23195,2,infantry_line,666,673.9098946140291
23196,4,infantry_line,644,663.1807557641255
23198,4,infantry_militia,216,211.94037381109337
23199,4,infantry_militia,193,185.2196369771248
23201,2,cavalry_heavy,989,970.3319282614898
23202,0,cavalry_heavy,934,859.6827313250684
23203,1,cavalry_light,713,708.0886450194702
23204,4,cavalry_standard,659,644.2709345817483
23205,1,cavalry_standard,946,972.3211138694006
23206,2,general,849,829.2159886054598
23210,1,general,618,626.3965548731596
23212,2,general,304,289.3470249087715
23213,1,general,229,225.78371418563128
23215,3,general,248,225.73942140318658
23216,2,general,1104,978.5865137896495
23217,0,general,763,752.5138821414495
23218,3,infantry_light,413,408.25724529147357
23219,1,infantry_line,287,288.15427541903847
23220,1,infantry_line,692,683.3775512669132
23221,1,infantry_line,350,340.157841529782
23222,0,infantry_line,559,540.113466284883
23223,1,infantry_line,1007,916.2389511669976
23224,4,infantry_militia,192,171.9770363855265
23227,1,general,267,233.8634342987665
23228,3,general,728,683.8274686623591
23230,2,general,364,319.8794720300431
23231,2,general,485,451.86954871336934
23232,4,general,165,128.02762505145347
23233,1,general,329,351.1541657144626
23235,4,general,642,550.6488005400286
23238,0,general,299,264.85642158273413
23239,4,general,254,239.53036361638377
23242,1,general,632,689.4569709571215
23244,1,infantry_grenadiers,1026,1040.653194715828
23245,0,infantry_grenadiers,364,448.0870138788381
23247,0,infantry_light,313,305.73148010728755
23249,4,infantry_light,936,969.3130460027681
23250,1,infantry_light,589,631.3463812395645
23251,0,infantry_line,430,372.62646633980586
23252,2,infantry_line,306,321.0313594421069
23253,1,infantry_line,377,375.2950916577364
23254,4,infantry_line,323,297.6724558774245
23255,3,infantry_line,536,503.1513149024775
23256,0,infantry_line,485,446.5635209659663
23257,3,infantry_line,406,378.42554585527637
23258,2,infantry_line,773,744.9446247853604
23260,2,infantry_line,737,769.7498329936464
23261,1,infantry_militia,254,202.8409158531235
23263,1,infantry_skirmishers,238,209.07204771176126
23264,3,cavalry_lancers,684,499.4899847703434
23267,4,general,879,799.3759856074288
23268,1,general,613,498.11278410095883
23269,4,general,284,255.8877787202918
23270,2,general,792,664.9331809843708
23271,2,general,412,355.40973152984026
23272,3,general,163,184.45357664232876
23273,1,general,135,167.74741980608036
23275,4,general,243,233.7635840417242
23276,1,general,108,157.0943605677444
23277,3,general,513,539.3857321915146
23278,2,general,1481,1461.6642622522452
23280,1,general,1756,1676.6313047119013
23281,4,general,1414,1428.0445860956481
23282,0,general,1350,1420.9839183799684
23284,3,infantry_light,319,300.76227213886614
23285,0,infantry_line,184,247.00540316648096
23286,2,infantry_line,316,279.05043082803405
23287,3,infantry_line,192,276.7331945904327
23288,3,infantry_line,392,370.3262012179251
23289,2,infantry_line,153,145.47061328373854
23290,4,infantry_line,517,486.69436755054994
23291,4,infantry_line,312,329.33863331453966
23292,4,infantry_line,1496,1533.5516704343106
23294,3,infantry_line,1453,1502.3199394490182
23295,0,infantry_militia,110,120.60589826270399
23297,2,infantry_skirmishers,516,450.3118865267575
23298,1,cavalry_light,306,312.06665744649257
23299,1,cavalry_light,410,438.95040296905904
23300,3,general,317,338.84374127166666
23301,2,cavalry_heavy,960,1070.660731533227
23302,4,cavalry_light,693,641.6844418487175
23303,1,cavalry_light,1028,1052.2931230556414
23304,0,cavalry_light,892,872.8131002975459
23305,0,general,797,872.6187068441016
23306,0,general,190,148.8303046256329
23308,4,general,110,91.37827402018682
23309,4,general,851,876.2499206991887
23311,2,general,791,787.2563041677583
23313,2,general,300,286.71735381684874
23314,2,general,964,993.7654605008842
23315,4,general,652,636.3914125902518
23316,3,general,531,510.71823693926274
23317,4,general,514,531.272962847894
23318,1,general,483,433.0724382209655
23319,2,infantry_irregulars,787,871.6769596378838
23320,3,infantry_light,965,822.4275274851675
23321,2,infantry_light,636,502.7319097852226
23323,0,infantry_line,245,189.07151424575912
23325,0,infantry_line,451,406.7968855599372
23327,0,infantry_militia,158,159.20283272064057
23328,1,infantry_militia,201,202.09524301103218
23329,1,infantry_militia,353,392.13973002507134
23330,4,infantry_skirmishers,801,691.6357633537331
23331,4,cavalry_heavy,852,906.1520917126568
23333,2,cavalry_light,448,473.70372737835646
23334,4,cavalry_light,1263,1223.167737033925
23336,2,cavalry_light,825,778.2444960816125
23337,0,cavalry_light,478,520.0229018887537
23338,2,cavalry_standard,1377,1338.6963120576572
23339,0,cavalry_standard,638,650.6804671692717
23340,3,general,680,522.8663333274816
23341,2,general,498,503.99186705513046
23342,0,general,864,864.9864474660715
23343,0,general,362,400.6733046810987
23344,0,general,692,730.034148239072
23345,2,general,1296,1268.0672789494042
23346,4,general,1197,1251.3061288290578
23347,1,general,1162,1234.2900348925687
23348,2,general,465,415.4306967339569
23349,3,general,1325,1287.3981310576464
23350,2,infantry_grenadiers,583,535.8485151061335
23351,2,infantry_light,788,627.5501896348512
23352,0,general,608,547.5028277552033
23353,1,general,495,418.93110664371505
23354,2,infantry_light,700,571.69387020826
23356,2,cavalry_light,833,795.9517505258609
23357,1,general,871,904.7365252724429
23360,2,general,57,27.34305939738482
23361,2,general,452,408.7241211342079
23362,4,general,194,195.0879622923856
23363,1,general,370,357.67930496006807
23364,4,general,321,271.34688324332484
23365,0,general,997,1094.295406943644
23367,0,general,231,169.4561266944048
23368,0,general,114,100.84195324797803
23369,3,general,95,69.59721054803337
23370,2,general,306,334.2536246149567
23371,0,general,1768,1790.7887151253387
23372,4,general,112,93.9630166981335
23373,3,general,995,1039.7665643761911
23375,1,general,728,670.497394818142
23376,0,general,795,823.679989140815
23377,2,general,433,435.0065763812471
23378,2,general,278,268.5284948720263
23379,3,infantry_irregulars,1579,1651.9738420860417
23380,1,infantry_light,487,483.7544221325919
23381,4,infantry_light,953,919.0532648045493
23382,1,infantry_light,493,464.5057636256651
23383,1,infantry_line,187,182.45846388001564
23384,3,infantry_line,209,199.32132507729074
23385,2,infantry_line,298,311.94360649106426
23386,0,infantry_line,269,267.7276542582927
23388,3,infantry_line,150,138.56646066913206
23389,0,infantry_line,715,744.6233726022915
23390,1,infantry_line,538,559.4531859785905
23391,3,infantry_line,881,933.1763202380339
23392,3,infantry_line,387,387.38900888488297
23393,0,infantry_line,789,764.7064452929171
23394,4,infantry_militia,152,130.01498164540226
23395,3,infantry_militia,211,213.35535134328094
23396,4,infantry_militia,267,232.66231893925715
23398,0,cavalry_light,900,825.5718318504743
23399,0,cavalry_light,525,580.1798226981352
23400,4,cavalry_light,993,1177.6308606414732
23401,0,cavalry_light,1138,1077.0408582494513
23402,4,general,129,130.98160833476396
23403,1,general,840,1075.2098062488042
23404,0,general,982,1076.4356557591057
23405,4,general,164,136.45569444656837
23406,4,general,435,510.01061053125187
23408,0,general,946,906.6097697652815
23409,4,general,913,909.3851784614949
23410,1,general,645,645.0695036602401
23411,1,general,1236,1234.9798143259818
23414,4,infantry_line,212,238.45677143797408
23415,0,infantry_line,943,947.6254079844305
23416,4,infantry_line,831,864.109751730961
23418,2,general,331,308.52158605725793
23421,2,general,70,74.94908218018091
23422,1,general,217,230.69636397386665
23423,3,general,486,494.56377793796185
23424,3,infantry_light,747,749.126790429296
23426,0,infantry_line,289,341.55484768354256
23427,0,infantry_line,699,674.0534467990237
23428,1,infantry_line,172,192.45085875961814
23429,3,infantry_line,232,212.2961514086
23430,2,infantry_line,535,563.9600321332322
23432,3,cavalry_lancers,597,547.3493662774937
23433,2,general,186,190.5924775453027
23434,2,general,226,210.98273847056055
23435,2,general,405,371.4567355672481
23436,4,general,399,367.71503256795074
23437,4,general,468,467.5821971136092
23438,4,infantry_light,445,423.97562404879886
23439,4,infantry_line,355,347.8497417796246
23441,0,infantry_line,316,323.74797081385253
23443,3,infantry_skirmishers,233,209.96313295934584
23444,0,infantry_skirmishers,245,288.40401817384685
23445,3,artillery_foot,242,254.73302118943934
23446,4,cavalry_heavy,784,887.7229662428866
23447,0,cavalry_heavy,867,971.0007397688516
23448,0,cavalry_heavy,1874,1852.0427365274243
23449,3,cavalry_heavy,1349,1290.3691662825727
23450,3,cavalry_heavy,1349,1290.3691662825727
23451,4,cavalry_light,267,297.33158066895436
23452,1,cavalry_light,859,851.4597301228736
23453,4,cavalry_light,710,812.5650134280727
23455,3,cavalry_standard,719,740.1509559034126
23456,2,cavalry_standard,588,546.8903342770241
23457,1,cavalry_standard,536,523.1706259366944
23458,0,cavalry_standard,685,644.8682221457082
23459,0,general,799,816.7284329833595
23460,1,general,1614,1591.3497858733829
23461,2,general,757,838.2178452078883
23462,1,general,507,557.5430812165044
23463,2,general,821,734.0049250469004
23464,4,general,522,531.6737092042014
23465,1,general,415,379.85988132792136
23466,4,general,317,369.62369039232306
23467,3,general,173,200.54722755834763
23468,3,general,361,340.7267197071553
23469,1,general,899,1118.850515030848
23471,1,general,583,570.881970899124
23472,3,general,169,178.88051984877123
23474,3,general,683,733.4336629382431
23475,0,general,575,616.7126994410074
23476,1,general,1223,1243.093320073193
23477,4,general,1598,1761.529503678771
23478,2,general,1003,806.4872818350906
23480,3,infantry_light,569,573.0002768306119
23481,2,infantry_light,1492,1645.3269053420718
23482,4,infantry_light,1288,1192.4063019668088
23483,2,infantry_line,354,309.23610634035725
23484,2,infantry_line,491,490.6234430947437
23485,4,infantry_line,433,459.745832385546
23487,0,infantry_line,854,722.0821981526309
23489,2,cavalry_heavy,1323,1320.5824437552233
23490,4,cavalry_light,395,437.8817570344076
23491,1,general,1169,1151.7924804817646
23492,2,general,244,297.4519782196759
23493,0,cavalry_lancers,911,994.144642506482
23494,3,cavalry_light,877,829.8188616337471
23495,0,cavalry_light,816,790.8488165298589
23497,4,general,630,677.3232601227978
23498,2,general,435,332.7281092468469
23499,0,general,117,104.18633509950094
23500,3,general,294,228.6698288708559
23501,3,general,834,821.2539815367492
23502,3,general,315,346.2524982150408
23503,1,general,514,459.13991438237053
23504,0,general,799,871.4447958863243
23505,4,general,1041,1136.2422194396304
23506,3,general,944,883.8349289316843
23507,2,general,494,475.52873145542287
23508,3,infantry_irregulars,396,420.52706886738207
23510,3,infantry_light,852,818.6614880413001
23512,3,infantry_line,356,301.8049077080185
23513,2,infantry_militia,202,214.0014424643663
23514,2,infantry_skirmishers,500,421.4016681931935
23515,2,cavalry_light,721,553.8182767305132
23516,1,general,587,507.0351572934867
23517,1,general,511,676.3474321476061
23518,3,general,599,823.3313559021511
23522,1,infantry_irregulars,842,1049.7467792220282
23523,4,artillery_foot,797,765.6033437032098
23524,3,artillery_foot,379,423.720028330615
23525,3,artillery_foot,379,423.720028330615
23527,3,artillery_foot,379,423.720028330615
23530,0,artillery_foot,717,737.0210521409641
23532,3,artillery_foot,756,708.1306496036086
23533,3,artillery_foot,599,656.7465668223283
23539,3,general,228,227.71296173321133
23541,1,general,654,642.7040401048635
23542,3,general,228,227.71296173321133
23543,2,general,601,600.6218676548006
23544,0,general,488,466.4323885643167
23545,3,general,228,227.71296173321133
23546,4,general,1,1.0
23547,4,general,816,756.4811846191162
23548,4,general,1,1.0
23549,1,infantry_grenadiers,534,577.511952670485
23550,4,infantry_grenadiers,437,398.4754382131375
23551,4,infantry_grenadiers,437,398.4754382131375
23552,3,artillery_horse,1433,1424.3002669767625
23553,4,cavalry_light,1685,1668.4573999729307
23554,1,cavalry_light,962,1036.9068640110966
23555,1,cavalry_light,1308,1307.3214839999887
23556,1,general,1164,1152.4799435852256
23557,2,general,613,594.9359305825614
23560,4,general,597,605.3691916827013
23561,1,general,741,689.5974520761434
23562,4,general,788,775.241404046159
23563,2,general,1456,1435.2540907005628
23565,3,general,1050,1107.088649837164
23566,2,general,610,636.460076969099
23567,3,general,1628,1611.6725978150823
23569,1,infantry_irregulars,797,788.3631605406581
23570,1,infantry_irregulars,357,292.790345735787
23571,1,infantry_light,554,564.2705069713633
23572,1,infantry_light,492,497.701673292396
23573,0,infantry_light,827,798.3604792001919
23574,3,infantry_light,481,531.3231891249659
23575,2,infantry_light,761,759.5489631231358
23577,0,infantry_skirmishers,262,253.48807692575588
23580,0,artillery_horse,704,711.9110438691517
23581,0,cavalry_lancers,775,824.5696866672772
23583,1,general,676,667.0822829791507
23584,2,general,189,147.70367254081253
23585,2,general,867,839.6335080556688
23586,0,general,974,1044.663303972704
23587,2,general,529,497.5079176295578
23588,2,general,739,663.735652975986
23589,0,general,1627,1535.2113501281892
23591,4,infantry_light,599,622.5313190415392
23592,0,infantry_light,1336,1258.7204212330032
23593,4,infantry_line,295,275.19047958309994
23594,3,infantry_line,738,702.7790638858812
23595,2,infantry_line,911,870.1086003381386
23597,1,artillery_horse,726,728.9565328260012
23598,1,cavalry_light,1792,1764.3535812596597
23599,0,cavalry_light,1260,1250.0994854881787
23600,1,general,1325,1351.8839785179925
23601,2,general,1610,1588.949995571317
23602,1,general,1835,1875.8748627849457
23603,2,artillery_foot,824,707.852671047436
23604,4,cavalry_standard,1779,1687.8540375877496
23605,4,general,1717,1599.9974230990822
23606,0,general,283,271.55319042667196
23607,1,general,364,370.7055242745132
23608,4,general,1948,1810.6002764804223
23610,2,general,1623,1580.9722743818468
23611,1,general,613,629.9787081775173
23612,2,general,1028,950.8034010753839
23614,2,general,1072,1025.970257825067
23615,4,infantry_light,402,392.4777382306987
23616,1,infantry_light,738,782.2157821026144
23617,1,infantry_line,365,413.0448404156738
23618,4,infantry_line,1095,1065.499300076164
23620,1,infantry_line,1422,1440.4688093109742
23621,1,infantry_skirmishers,182,198.5969998432001
23622,3,general,545,507.5587111171794
23623,4,general,254,273.0704615549941
23624,0,general,610,578.1191370243272
23625,4,general,505,524.2388831145931
23626,3,general,468,453.7194766022811
23627,3,general,1003,1157.4043162709117
23629,0,general,1423,1372.824815031627
23632,2,general,921,1032.5326337451188
23634,3,infantry_line,447,495.9046529866807
23636,2,infantry_line,624,602.7918143165929
23638,1,infantry_line,1307,1312.2555258991529
23639,1,infantry_line,1133,1081.4380092167708
23640,3,infantry_line,1015,1192.5628373157033
23641,4,infantry_line,1321,1323.9781854819503
23642,4,infantry_skirmishers,189,192.684856384622
23643,4,infantry_skirmishers,189,192.684856384622
23644,4,infantry_skirmishers,189,192.684856384622
23645,1,general,889,808.4991708910198
23646,0,general,1321,1445.8277496179921
23647,0,general,1038,1124.58063705029
23648,3,infantry_line,711,780.8676418295996
23649,4,infantry_line,1131,1250.1204645045889
23650,0,cavalry_light,2219,2244.69596366669
23651,4,cavalry_standard,1029,1006.0604887536225
23652,2,general,227,196.96031850585734
23653,4,general,548,497.4577437895193
23654,0,general,998,917.286122063037
23655,1,general,1008,1017.5322234081598
23657,2,general,339,373.0951733331014
23658,2,infantry_light,789,760.3627501785013
23659,0,infantry_line,313,329.5990827268734
23661,2,general,842,817.853581351361
23662,2,general,546,473.8839980117043
23664,0,general,753,739.6201293891344
23667,2,infantry_light,578,612.9812181222331
23668,0,infantry_light,661,607.912024011775
23670,2,infantry_skirmishers,300,293.83725369046306
23671,1,infantry_skirmishers,182,198.5969998432001
23672,3,general,322,333.2746441950203
23677,4,infantry_line,695,674.249665143796
23678,1,artillery_foot,400,443.09619633862536
23679,2,general,75,56.302494687087254
23680,0,general,27,54.48575876479744
23681,4,general,88,70.87813160565685
23682,1,general,114,82.30880780333597
23683,1,infantry_line,194,188.91952624813763
23685,4,infantry_militia,130,130.3071433980159
23687,3,artillery_foot,455,427.9476172951899
23688,2,general,434,395.6522809572237
23689,0,cavalry_light,762,802.6467916482998
23691,0,general,1106,1006.2802468095554
23692,4,general,657,696.1829103645177
23694,4,general,914,883.9654840210972
23695,0,general,1540,1398.0460087797967
23697,4,general,1473,1457.1199915380944
23698,2,general,1615,1602.928573339626
23699,0,infantry_grenadiers,1215,1145.7659047613527
23702,2,infantry_grenadiers,1398,1340.1570082953224
23703,2,cavalry_heavy,1614,1559.7734736161474
23704,4,general,1514,1530.2858024691557
23705,4,general,268,317.3494973526479
23706,0,general,448,452.43931225686526
23707,4,general,147,160.60544078525652
23709,2,infantry_line,349,378.50161035475844
23710,0,infantry_line,234,288.8598897525479
23711,3,infantry_line,1120,1093.8953086607607
23712,4,infantry_skirmishers,189,192.684856384622
23713,4,general,147,160.60544078525652
23714,4,general,147,160.60544078525652
23716,0,general,1089,1114.3130967451823
23717,0,infantry_line,234,288.8598897525479
23719,3,infantry_line,749,715.0899882582552
23720,0,cavalry_lancers,646,696.374105702771
23721,0,cavalry_light,801,859.7530999835111
23722,3,cavalry_light,1658,1618.890775597836
23723,1,general,658,685.1386515656429
23724,2,general,1421,1391.9431336471694
23727,0,artillery_foot,1645,1858.7648762656243
23728,2,artillery_foot,801,794.593772990459
23729,2,artillery_foot,801,794.593772990459
23730,2,artillery_foot,824,707.852671047436
23731,2,artillery_foot,824,707.852671047436
23732,2,artillery_foot,824,707.852671047436
23733,3,artillery_horse,1445,1435.6237043415033
23734,0,general,469,468.61098312044123
23735,3,general,266,265.6651220220798
23736,1,general,958,956.8147965348002
23737,1,general,923,949.426103594427
23738,0,general,469,468.61098312044123
23739,3,general,1536,1555.8199053822955
23740,4,general,448,460.0774366844668
23741,2,infantry_grenadiers,523,549.1139229356633
23742,2,infantry_grenadiers,523,549.1139229356633
23743,2,infantry_grenadiers,523,549.1139229356633
23744,2,cavalry_heavy,1462,1508.101439276549
23745,2,general,326,317.28244299637157
23747,2,general,816,824.6902234344274
23748,3,infantry_grenadiers,564,506.84668331630036
23749,1,infantry_line,377,373.5090811963291
23750,3,infantry_line,682,694.4335600132581
23752,0,artillery_foot,715,735.9012608928199
23753,3,artillery_horse,418,411.4509428949906
23754,3,general,188,184.97767441380878
23755,4,general,791,774.5581498086506
23756,3,infantry_line,278,279.61692805643156
23757,3,infantry_line,842,827.9541651512664
23759,3,cavalry_heavy,1023,1006.846567533669
23760,1,cavalry_lancers,585,553.8022577502538
23761,3,general,1078,1037.2727361208808
23762,0,general,841,839.213611224922
23763,0,infantry_grenadiers,786,872.4451226383488
23764,1,cavalry_lancers,577,529.9782956562406
23765,2,general,607,584.3149112889295
23766,4,infantry_grenadiers,429,374.81390075807764
23767,0,artillery_fixed,1392,2266.039188810666
23768,1,cavalry_light,413,447.3168027791518
23769,0,cavalry_light,489,507.231667475729
23770,2,general,438,409.7279462831019
23773,2,infantry_skirmishers,199,235.40532326676345
23774,4,artillery_foot,486,461.95111509296623
23776,3,general,556,453.52281555349936
23777,4,infantry_irregulars,585,516.5114071626075
23779,3,infantry_militia,211,198.67602651367778
23780,4,artillery_foot,330,313.8596693335473
23781,0,cavalry_heavy,938,900.6784199834896
23782,4,cavalry_light,350,375.7831256624841
23783,2,general,181,191.35840129437062
23784,0,general,802,770.0919925900914
23787,1,infantry_line,253,244.97781351527357
23788,2,artillery_horse,401,396.65320651299663
23789,4,cavalry_lancers,318,423.8572049187749
23790,3,cavalry_light,836,828.3389133941945
23791,3,general,190,305.142049447721
23792,4,general,176,147.24174881649344
23793,1,general,102,120.07551874264168
23794,0,general,85,52.71351811259901
23795,1,general,248,247.3422008451841
23796,4,general,40,12.024572842162684
23797,1,infantry_light,362,356.3973058369689
23799,0,infantry_line,180,217.41129862853788
23800,1,infantry_militia,102,89.23111686900421
23801,3,infantry_militia,139,104.21785859571335
23802,0,cavalry_lancers,183,233.08395169769452
23804,3,general,185,181.58820985104492
23805,2,infantry_line,287,285.78766355986835
23806,0,cavalry_lancers,295,308.5422139813499
23807,3,general,187,169.74652763028396
23809,4,infantry_militia,276,241.57606261462163
23810,1,infantry_militia,146,140.29777890820685
23811,1,infantry_militia,116,133.1381873127817
23812,0,cavalry_lancers,316,422.19080382544377
23814,1,general,152,154.0470127916724
23815,3,infantry_irregulars,465,481.854279776155
23817,4,infantry_skirmishers,579,429.94377833135354
23818,1,artillery_foot,1028,963.8560531498769
23819,1,cavalry_lancers,540,509.28731097692884
23820,2,cavalry_light,668,652.7743252077927
23821,4,general,384,332.70889396813584
23822,1,general,548,573.4929230474964
23823,0,infantry_skirmishers,529,464.91317808753996
23824,0,infantry_irregulars,455,536.221964302878
23828,0,artillery_foot,824,831.8113951479246
23829,2,cavalry_lancers,305,406.3248859901802
23830,4,cavalry_missile,512,471.14334941117414
23832,2,infantry_line,124,168.21640001762577
23833,2,infantry_line,241,278.60136953649936
23834,2,infantry_militia,182,227.150150799669
23835,2,infantry_skirmishers,224,265.41445011305433
23836,4,cavalry_heavy,1785,1885.3150829432586
23838,3,cavalry_lancers,592,576.0484084347547
23839,3,general,680,649.3396534634727
23840,4,general,753,845.4336280969835
23841,1,cavalry_missile,611,683.793614452663
23842,4,infantry_skirmishers,484,417.0680929067932
23843,0,cavalry_light,694,587.7652602388412
23846,1,artillery_foot,1573,1433.2593314063963
23847,1,artillery_foot,368,321.7783128311906
23848,0,general,67,67.18486847293947
23849,4,general,312,312.3871954838916
23852,0,cavalry_light,659,624.9021632045641
23853,4,cavalry_missile,538,534.7027831286756
23854,0,general,502,473.3991950697239
23855,0,general,565,545.5845756313961
23856,0,infantry_light,622,604.3714486837597
23857,1,cavalry_lancers,1407,1371.1268896419608
23858,4,general,1249,1223.0474855632153
23859,4,infantry_skirmishers,361,346.6007931982288
23860,0,general,678,683.3331434862873
23861,1,general,1525,1505.6868017663146
23862,2,general,506,496.7745315675653
23863,1,general,1251,1180.7537354255346
23865,2,infantry_line,614,648.7930472843466
23866,2,cavalry_heavy,1047,987.9434733823675
23868,3,general,197,248.33565960053923
23869,2,general,374,291.9564252808615
23872,3,general,475,490.2208707885714
23873,1,infantry_irregulars,489,380.1081147254971
23874,3,infantry_light,483,435.0881111258272
23875,1,infantry_line,210,292.18607600125927
23876,4,infantry_line,423,425.9829315258296
23877,3,cavalry_heavy,3060,3211.2127456526623
23878,2,general,154,162.72599036568474
23879,1,general,2686,2704.941344275444
23881,0,cavalry_lancers,675,683.4847145570825
23882,3,general,529,536.3833825397949
23883,2,general,194,183.76197985057564
23884,4,infantry_militia,149,251.51135424404612
23885,0,infantry_militia,109,135.473444484397
23886,4,cavalry_lancers,530,576.1130489038495
23887,2,cavalry_light,720,726.180866240214
23888,4,general,814,717.9865637219574
23889,0,general,570,570.2098314432225
23890,4,general,1086,951.8382908325234
23891,1,infantry_line,741,652.2027910750504
23892,3,general,285,324.95953750131497
23895,3,general,1381,1618.3813608242638
23897,4,infantry_line,1794,1787.6809380354987
23898,3,artillery_foot,60,103.65624996177323
23899,4,artillery_foot,618,504.1463942753712
23901,4,artillery_horse,391,412.9995642199768
23902,3,artillery_horse,86,138.2124444549489
23903,0,general,87,86.38054517949364
23904,0,general,87,86.38054517949364
23905,3,general,195,246.21709363939598
23906,4,general,401,401.64067990786083
23907,3,general,29,111.17512700122506
23908,1,infantry_skirmishers,362,373.9418376556653
23909,2,cavalry_light,724,753.5670479203915
23910,1,cavalry_light,468,471.62054502292415
23911,0,cavalry_light,692,844.3038255040082
23912,4,general,192,195.4761952280233
23913,1,general,665,684.3741905554671
23915,1,general,327,299.4104512792778
23916,2,general,640,579.4943640457802
23918,2,general,321,320.8595631274295
23919,4,general,435,423.1533102170996
23920,2,infantry_light,177,190.42440250324896
23921,2,infantry_light,378,383.1441528277955
23923,0,infantry_light,412,427.91772855144313
23924,0,infantry_line,709,683.9574279888562
23925,2,infantry_line,464,456.98591906931904
23928,1,infantry_skirmishers,162,184.96905146653995
23929,0,cavalry_light,756,759.0334428553502
23930,3,cavalry_standard,805,798.841684950298
23931,4,general,650,616.9962751963279
23932,4,general,635,637.7031016813308
23933,0,general,75,70.18007304996233
23935,2,general,153,140.7172082977386
23936,1,general,420,400.51585070654517
23937,4,general,345,333.89482710204715
23938,0,general,579,578.150986554956
23940,1,infantry_light,195,198.53221942594976
23941,0,infantry_light,357,363.05086640534
23942,2,infantry_line,226,212.33306972293582
23943,4,infantry_line,145,169.89038610973137
23944,2,infantry_line,178,173.93103752657703
23945,4,infantry_line,544,546.2585649924514
23946,1,infantry_line,633,643.6225102025726
23947,1,infantry_line,485,491.87498820216376
23949,3,infantry_skirmishers,143,132.95179249997986
23950,2,cavalry_light,890,999.613584659215
23951,2,cavalry_light,632,650.3936446337619
23952,0,cavalry_light,425,402.5707292710186
23953,0,general,821,912.6676284325046
23954,1,general,525,528.2579789361434
23956,3,general,124,133.06547976854728
23957,3,general,91,90.92765301182833
23958,4,general,93,95.65902513312555
23959,1,general,124,133.1265753620613
23960,0,general,474,466.7520228466667
23961,0,general,391,382.85529751251084
23962,0,infantry_line,168,164.73694326605647
23963,0,infantry_line,222,244.64761770484867
23966,2,infantry_line,417,424.4587679388332
23968,3,general,90,89.7102619691796
23969,4,general,130,133.42933690358544
23971,1,infantry_line,190,193.02162769639563
23972,4,cavalry_light,848,857.0692359643372
23973,0,cavalry_light,502,494.5484418796725
23974,1,general,780,757.9720780614662
23975,4,general,331,334.84778311497587
23976,3,general,364,357.2284565493003
23977,1,general,433,403.2479218674813
23978,1,infantry_light,223,241.90715158026802
23979,3,infantry_light,537,525.4310900449808
23980,4,artillery_horse,1083,1192.317405713994
23982,2,cavalry_light,838,807.974085952808
23983,1,cavalry_light,772,753.2101659174074
23984,4,cavalry_light,622,564.6527149083399
23985,0,cavalry_standard,579,602.4833850493583
23986,1,cavalry_standard,708,680.30465207534
23987,3,general,599,563.387683456495
23988,4,general,721,694.824993975861
23990,2,general,1073,1072.6809602818764
23991,3,general,111,127.50024579939534
23992,0,general,540,567.8257090980278
23994,4,general,1686,1709.1751343826872
23995,1,general,676,646.8510710641634
23996,4,general,519,466.0024636963336
23998,2,infantry_light,182,182.50252717143078
23999,3,infantry_line,232,215.57479968318552
24000,1,general,318,331.51300614110835
24001,1,general,306,285.2325165473835
24002,2,general,407,410.05331529805505
24003,3,general,19,2.789473229156954
24004,3,general,305,296.5458893462987
24006,2,general,859,810.7257061275208
24007,2,infantry_light,409,438.19745423231126
24009,4,infantry_light,685,684.8935926808158
24010,2,infantry_line,378,387.61842439694766
24011,0,infantry_line,273,268.5818159069686
24012,0,infantry_line,413,390.18063718400356
24013,4,infantry_militia,113,97.28848635417337
24014,2,infantry_skirmishers,276,239.5315115556606
24015,3,infantry_skirmishers,143,132.95179249997986
24016,3,artillery_horse,892,896.0142594626147
24017,3,cavalry_light,821,769.475196910278
24018,4,cavalry_light,400,387.75187041958316
24020,3,general,103,106.39424834864771
24021,0,general,698,649.541015603694
24022,3,general,495,456.29246235300315
24023,3,general,214,209.74599848662803
24024,3,general,887,872.3706899483591
24025,2,general,416,422.09446719213963
24026,1,general,462,461.35807908327786
24027,2,infantry_line,318,320.6787064253918
24029,1,infantry_line,398,399.0603992869365
24030,4,infantry_line,521,518.4421207174762
24032,0,artillery_foot,607,597.7100722850502
24033,0,general,178,188.7764495338967
24034,0,general,182,182.40781207563458
24035,4,general,517,504.4226732486993
24036,3,general,161,141.26741806427844
24037,3,general,452,463.9803530267958
24038,2,infantry_line,239,251.86496032951518
24039,3,infantry_line,264,248.95518038982394
24040,0,infantry_line,279,291.42038411677146
24041,1,infantry_line,425,430.14517559227096
24042,4,general,88,87.56728596733079
24043,2,general,120,124.72213187011414
24044,4,general,31,44.58068180267024
24045,4,general,39,57.32626439328449
24046,4,infantry_line,219,235.08973316210518
24047,4,infantry_line,120,149.74100362787283
24048,3,infantry_line,157,155.24821283997773
24049,4,infantry_line,128,162.61166342008963
24053,2,cavalry_light,741,652.7906983049256
24054,2,general,415,365.2380579023205
24055,1,general,16,9.227069940624645
24056,3,general,87,79.51959056399942
24057,3,general,211,205.66116304968153
24058,2,general,636,810.3249344027856
24059,4,general,588,502.73684298206706
24060,4,general,583,541.8551285023282
24061,1,general,330,333.14275728519283
24062,1,infantry_light,309,327.40823659107946
24063,0,infantry_light,354,376.8270522027561
24064,2,infantry_light,446,427.5995058489269
24065,1,infantry_light,504,492.5877217952809
24066,4,infantry_line,193,188.98949241004172
24067,1,infantry_line,345,333.89087915535123
24068,4,infantry_militia,111,96.66819742617861
24069,1,infantry_skirmishers,162,184.96905146653995
24071,3,cavalry_light,842,1016.9867506394608
24072,1,general,200,202.04204379563944
24074,1,general,695,695.5390618477358
24075,0,general,763,934.1443937424859
24076,4,general,244,231.91625690259093
24077,4,general,505,515.114480715072
24078,1,general,178,165.05455632425821
24079,0,general,376,362.434375408615
24082,4,infantry_light,493,489.83644405594254
24083,0,infantry_line,188,169.5220573442846
24085,3,infantry_line,253,235.76461723699512
24086,2,infantry_line,322,300.244750820393
24087,3,infantry_line,485,483.553914761689
24090,1,general,129,127.8548096084657
24091,1,general,481,459.71226323320343
24092,1,general,735,731.2387456236173
24093,4,general,85,81.63458427637276
24094,1,infantry_line,188,182.89177583699365
24095,2,infantry_line,228,237.99554913878907
24096,3,general,104,109.21891258402665
24097,1,general,485,460.40460341672355
24098,0,infantry_line,203,216.7029579162442
24099,2,infantry_line,457,448.6396632669937
24100,4,cavalry_heavy,1891,1876.2898367412652
24101,4,cavalry_heavy,1930,1894.1759272678273
24102,3,cavalry_heavy,1259,1286.3152130752867
24105,2,general,1056,1087.920479758981
24106,4,general,702,665.5499445917538
24107,3,general,1693,1680.6209842454984
24108,0,general,1924,1943.3017829951268
24109,0,general,731,741.6192372223412
24110,2,general,802,790.0685057649033
24111,1,general,879,893.0327554245567
24112,0,infantry_grenadiers,629,637.6964217701783
24114,4,infantry_grenadiers,924,890.8859293389668
24115,2,infantry_grenadiers,720,741.6080422371226
24116,2,cavalry_heavy,1546,1537.7663924472201
24117,1,cavalry_heavy,1734,1730.0549092590488
24118,4,cavalry_heavy,1430,1388.072466910693
24119,3,cavalry_heavy,1303,1322.3747472397151
24120,4,cavalry_lancers,560,554.2351318946207
24121,1,cavalry_light,709,856.2267503455345
24123,2,general,312,300.4754234302343
24124,3,general,1148,1155.5835809489456
24125,1,general,1824,1824.2505535589037
24126,0,general,463,452.2055875740995
24127,4,general,522,485.9367167483639
24128,2,general,766,948.7228370905001
24129,0,general,1209,1186.4630535473755
24130,4,general,619,605.7177567393137
24131,1,general,349,382.61573546007696
24132,3,general,641,785.1313218909952
24133,4,general,953,912.0325594109918
24134,2,general,929,925.5873195512672
24135,0,infantry_grenadiers,649,662.788905088382
24136,0,infantry_grenadiers,499,486.91400032364163
24137,4,infantry_grenadiers,991,962.5333826390054
24138,2,infantry_grenadiers,759,767.8928103830622
24139,2,infantry_light,281,318.75171502013296
24140,3,infantry_light,419,417.3582901927383
24141,4,cavalry_light,717,759.2290733451438
24142,3,cavalry_light,314,303.7750697351693
24143,4,cavalry_standard,617,633.063653707442
24144,0,general,120,59.34539720117331
24145,4,general,516,526.2147136938719
24146,3,general,590,618.2787726257255
24147,0,general,723,706.8010344696884
24148,0,general,229,220.1520486211841
24150,4,general,838,813.0723146934573
24152,0,general,329,326.20977142633643
24153,0,infantry_grenadiers,649,662.788905088382
24154,4,infantry_grenadiers,991,962.5333826390054
24155,2,infantry_grenadiers,759,767.8928103830622
24156,0,infantry_irregulars,171,126.25213544555099
24157,2,infantry_line,584,598.7621036878912
24160,4,general,814,854.7490553844987
24161,2,general,648,580.2470878041936
24162,0,general,865,871.7157598710891
24164,1,infantry_grenadiers,772,719.2235674268841
24165,2,infantry_grenadiers,989,1009.9017478573828
24166,3,general,493,489.50965155506634
24168,2,infantry_line,564,564.4618929800411
24169,1,infantry_line,355,352.08614061631545
24171,0,general,132,123.11209703951562
24172,2,infantry_light,268,273.6602346533634
24173,4,infantry_line,196,187.36146283503115
24174,1,infantry_skirmishers,349,299.62679351734045
24176,0,infantry_line,134,123.03237050283043
24177,1,infantry_line,185,191.4165171361729
24178,2,general,134,141.39382396977047
24180,0,infantry_line,232,254.37916540591124
24181,4,cavalry_light,480,525.8587947207361
24182,1,general,365,437.3688430536022
24183,2,artillery_foot,1234,1355.7350281184015
24184,2,artillery_foot,1234,1355.7350281184015
24186,1,artillery_foot,618,570.577486278685
24187,1,artillery_foot,618,570.577486278685
24189,2,artillery_foot,496,539.5840916801293
24190,2,artillery_foot,496,539.5840916801293
24191,1,artillery_horse,1086,1042.1898240362677
24192,1,artillery_horse,1086,1042.1898240362677
24193,3,general,527,471.1389805870403
24194,4,general,1132,1120.0245954405118
24195,1,general,351,351.4460435535031
24197,2,general,563,621.4638072291604
24199,1,general,199,199.42225204134104
24200,2,infantry_grenadiers,389,434.5719373896711
24201,2,infantry_grenadiers,389,434.5719373896711
24205,4,cavalry_light,1913,1885.5225312114433
24206,0,cavalry_light,1663,1642.2651992163428
24210,0,general,1664,1709.1178414205124
24211,4,general,702,661.9923752273762
24213,1,general,1160,1178.3004381672479
24214,1,general,950,948.4243747168172
24215,2,infantry_grenadiers,744,698.8630162063445
24216,3,infantry_grenadiers,989,1018.3110643305072
24219,2,infantry_grenadiers,774,803.2529737446896
24220,0,infantry_line,240,246.65179971800373
24221,2,infantry_line,511,535.9847058736013
24222,0,infantry_militia,270,293.6737335096497
24224,4,infantry_militia,305,296.6913046874496
24225,2,infantry_skirmishers,238,275.6533723638475
24227,4,cavalry_lancers,407,422.62765686067337
24228,1,cavalry_light,460,534.8011826880505
24229,2,general,208,190.91475727526415
24230,0,general,432,503.9225335440538
24231,2,general,79,74.15371945091394
24232,0,general,525,556.4175494623028
24233,1,general,484,536.4632414746471
24234,1,infantry_line,157,134.04578486321444
24235,3,infantry_line,639,671.6435974940566
24236,0,infantry_line,465,496.1134671221721
24237,4,infantry_line,405,420.2367782239534
24238,2,infantry_militia,185,172.8778180261778
24239,2,infantry_militia,333,322.77540416482907
24240,1,infantry_skirmishers,218,183.06765794994618
24241,2,infantry_skirmishers,238,275.6533723638475
24243,1,cavalry_light,1364,1386.7130620036671
24244,2,general,228,239.94757944055084
24246,4,general,231,256.7407681872043
24248,3,infantry_grenadiers,603,630.0372964088377
24249,0,infantry_line,286,289.8527583110945
24251,2,infantry_line,300,324.7789937816585
24252,0,infantry_militia,265,272.80525985519654
24253,1,infantry_skirmishers,220,223.76697963586324
24256,3,general,455,409.8281218919891
24257,3,general,131,102.23103818761574
24258,4,general,211,215.77312199413365
24259,3,infantry_line,372,358.2400725408492
24260,4,infantry_line,217,212.73438510451209
24261,4,infantry_militia,182,165.07798158033
24262,3,infantry_skirmishers,223,220.04800161747886
24263,1,cavalry_light,909,873.7286652667199
24264,0,cavalry_standard,1378,1369.8476082294408
24265,3,cavalry_standard,1289,1258.8755925738203
24266,4,cavalry_standard,701,712.653914807189
24270,3,general,792,741.6722074486744
24271,2,general,404,369.7875763833182
24272,1,general,596,615.6554096636914
24274,1,general,1297,1278.0307538648547
24275,3,general,978,945.3994451548816
24277,2,infantry_militia,322,319.3091768699653
24279,1,infantry_skirmishers,242,217.0307163861271
24280,4,cavalry_lancers,828,814.9502821084263
24281,4,cavalry_light,409,466.95737334174777
24283,0,general,876,912.102932851025
24284,4,general,359,395.39795627722305
24285,4,infantry_line,269,275.0115617278462
24288,1,infantry_militia,251,252.87285752888573
24289,2,cavalry_lancers,703,650.9144944893076
24290,2,cavalry_lancers,393,429.7637228783624
24292,3,general,547,540.8928830802312
24293,3,artillery_horse,918,916.4843102175815
24294,4,cavalry_standard,1510,1338.2148207790722
24295,4,cavalry_standard,819,786.448484759931
24297,4,general,1432,1348.9526200325324
24298,4,infantry_line,228,227.2184460123682
24299,0,infantry_skirmishers,487,471.89952490758316
24301,3,cavalry_lancers,455,453.20467588362106
24302,3,cavalry_lancers,364,398.3157034795101
24304,4,cavalry_lancers,426,433.4190939310953
24307,1,cavalry_light,1087,1103.1938403520608
24308,0,general,412,431.3314663135641
24309,4,general,735,748.5686713676604
24311,3,artillery_horse,918,916.4843102175815
24313,1,cavalry_light,680,662.1605960713107
24314,1,general,701,708.9742134633233
24316,2,cavalry_lancers,736,693.1662149957284
24318,2,general,294,269.6334878420706
24319,1,general,126,118.99074167495597
24322,3,general,260,272.6321434440826
24323,2,infantry_light,373,345.27521231074104
24324,4,infantry_line,226,217.99244560486017
24325,3,infantry_line,359,309.9288262035909
24326,0,infantry_line,261,270.2570799295776
24330,1,cavalry_lancers,430,441.20690759748385
24331,0,general,223,226.65797898471442
24332,0,general,138,146.36355388726662
24334,4,general,372,382.57211129615814
24336,2,infantry_line,203,192.72805445899465
24339,1,infantry_militia,193,177.55425187796405
24340,4,infantry_skirmishers,332,313.8477310964041
24341,1,general,736,681.3066468083952
24343,1,infantry_grenadiers,776,724.1262405996373
24344,1,infantry_line,427,460.173309874523
24345,4,cavalry_heavy,1418,1348.0976248153347
24346,2,cavalry_lancers,1122,1064.4150833230747
24347,3,cavalry_light,584,603.3207160344043
24348,4,general,1409,1403.190361516067
24349,3,general,127,144.50944570591224
24350,1,general,154,197.31427332875583
24351,4,general,183,183.91334712543764
24352,2,infantry_line,134,180.9554834368229
24354,3,infantry_line,293,299.5149161466418
24355,1,infantry_line,161,194.93997179182387
24356,0,general,37,50.936792822428544
24357,1,infantry_militia,120,148.76961128975364
24358,2,infantry_militia,141,154.4090429199779
24359,1,infantry_militia,138,158.79577275918788
24360,4,infantry_militia,94,117.25319270956282
24362,3,cavalry_light,746,742.3602953923124
24363,0,general,634,645.8680570304647
24364,3,general,197,192.07916598462782
24365,2,general,303,290.8142056675354
24366,0,general,284,293.38270806220225
24367,3,general,554,450.27962279239216
24368,2,general,872,741.6221447415719
24370,4,infantry_line,216,181.54060556865713
24371,0,infantry_line,396,400.9124510994853
24372,1,infantry_line,984,848.3884806558643
24373,0,infantry_line,610,531.9639235604736
24377,1,general,363,349.5767062776872
24378,0,general,747,735.2980327300777
24379,0,general,304,353.3109334816786
24380,0,general,204,228.23706501768325
24381,4,infantry_line,341,328.2050732463372
24383,2,infantry_line,189,187.06269352620794
24386,3,infantry_militia,265,237.88550812808336
24387,0,infantry_skirmishers,258,244.7506808068647
24388,1,general,290,300.0221811248411
24389,2,general,345,328.65709995308634
24390,4,infantry_line,201,186.80724183204822
24393,1,infantry_skirmishers,322,288.0276513137473
24394,1,general,197,185.53478401509022
24395,4,infantry_line,304,288.52394974543944
24397,0,infantry_line,507,487.8246693781913
24400,2,cavalry_heavy,768,828.9714659868466
24401,1,cavalry_heavy,1017,1021.241793367352
24402,1,cavalry_heavy,749,807.412137205281
24403,1,general,780,861.7810455668225
24404,3,general,879,865.9710992223158
24405,3,cavalry_light,948,956.9465928340077
24406,3,cavalry_light,415,466.91307020792567
24408,3,artillery_horse,918,916.4843102175815
24409,1,artillery_foot,671,660.8290082337696
24410,0,artillery_foot,1020,939.851786665838
24411,2,artillery_foot,452,487.9461938232559
24412,3,artillery_foot,223,281.4163380582164
24415,2,artillery_foot,656,723.7178056295863
24416,1,general,742,743.7949375572373
24417,3,general,1040,978.9499219225567
24418,3,artillery_horse,918,916.4843102175815
24421,0,artillery_foot,768,677.6942010393988
24422,3,artillery_foot,664,634.9067875025968
24423,3,artillery_foot,664,634.9067875025968
24427,1,artillery_foot,781,812.5412745071068
24428,1,artillery_horse,580,587.9657613221016
24429,3,artillery_horse,918,916.4843102175815
24430,4,artillery_horse,952,942.5735848889235
24432,1,general,358,351.4460435535031
24436,3,artillery_foot,719,712.4775926798975
24437,2,general,229,248.18694035874574
24438,4,general,394,411.6619863614052
24439,4,general,235,233.87304221724784
24440,0,general,283,293.82375858679103
24441,0,general,245,226.19923316703483
24442,0,general,382,367.3406872356852
24443,1,general,279,289.790478984709
24445,2,general,870,912.0495546987714
24446,2,general,474,454.93996341462014
24447,2,general,375,367.363373738668
24448,4,general,410,414.0926500109178
24449,3,infantry_light,506,541.4332819651612
24450,0,infantry_light,366,341.841997923134
24451,2,infantry_light,373,356.595126559585
24452,1,infantry_light,387,401.23636222439205
24453,1,infantry_light,484,494.6653328541305
24454,1,infantry_light,412,409.3157529359574
24455,2,infantry_line,332,349.5342669791788
24456,4,infantry_line,296,296.64386460816206
24458,0,infantry_line,280,285.82081873449465
24460,3,infantry_line,340,357.0445982678912
24463,2,infantry_line,350,338.8815988418175
24464,4,infantry_line,407,389.11996298783066
24465,3,infantry_line,335,328.1520410941351
24466,3,infantry_line,792,859.0954252592585
24468,0,infantry_skirmishers,322,259.6258108256481
24469,3,artillery_foot,459,461.2162688383926
24470,1,general,388,365.4341270498253
24471,4,general,539,534.9441525157721
24472,1,general,363,331.7156299087102
24473,3,general,247,253.89765760597024
24475,1,general,273,276.5044786979571
24476,1,general,367,381.1870114664598
24477,3,general,597,604.5127672927371
24478,0,infantry_light,489,475.55388230595474
24479,1,infantry_light,383,393.4270573357033
24480,1,infantry_light,488,486.25622897038977
24481,1,infantry_light,515,518.0431126834757
24483,1,infantry_line,386,372.11334584483353
24488,0,infantry_line,310,311.5104234064395
24489,2,infantry_line,381,389.0859180888326
24490,2,infantry_line,382,401.0472028355293
24491,1,artillery_foot,885,887.5574555124814
24493,0,general,497,499.78931229212765
24494,3,general,130,134.2911584021526
24495,2,general,513,513.1761546146405
24497,4,infantry_grenadiers,565,547.373535919578
24499,3,infantry_light,295,302.69639076403314
24500,4,infantry_line,263,266.61050777842513
24501,1,infantry_line,357,354.351576202388
24502,1,infantry_line,236,234.34197766410807
24504,3,infantry_line,198,207.4350495186227
24505,4,infantry_line,465,459.98692260749726
24506,3,general,181,191.15779954326916
24507,2,general,342,337.35612240978185
24509,4,general,567,514.1037544650542
24510,3,general,372,368.9292040309217
24511,0,general,488,484.55103289925034
24512,1,infantry_light,472,461.83173303187306
24513,3,infantry_light,450,457.65698281839127
24514,3,infantry_light,460,477.65567374871046
24515,1,infantry_light,626,611.3002632858323
24516,0,infantry_line,252,255.1791770068752
24517,3,infantry_line,235,244.92100797004605
24518,4,infantry_line,326,298.47423719456754
24519,3,infantry_line,430,395.8374019624228
24520,3,infantry_skirmishers,322,279.0575445339278
24521,1,artillery_horse,1964,1963.3794767485626
24522,2,cavalry_lancers,454,405.3004639486284
24523,4,cavalry_light,922,897.2406629723484
24524,4,cavalry_light,515,548.1426599332492
24525,1,cavalry_light,564,554.9325192089407
24526,4,cavalry_light,1137,1089.509690561329
24527,0,general,1063,1076.3126438162494
24528,0,general,952,977.3433204259336
24529,3,general,330,292.43990737807735
24530,0,general,424,427.1283900993851
24531,2,general,420,454.53003961561154
24532,0,artillery_foot,586,576.3532361973176
24533,3,general,354,320.9554252074509
24534,4,general,114,120.78510905150713
24535,4,general,305,314.1233411429395
24536,3,general,248,274.21910687335645
24537,2,general,357,333.5782888513969
24538,3,general,400,423.7947869115619
24539,3,general,154,163.8911683924191
24541,2,general,173,163.31062696621382
24543,2,general,1033,1007.4218970110933
24544,0,general,728,709.2530749650265
24545,2,general,725,692.3036703331004
24546,0,general,165,162.06588607457945
24547,1,general,749,594.9440469647088
24548,3,infantry_light,414,396.96392057524145
24549,2,infantry_light,276,293.5570625325122
24550,3,infantry_light,226,228.5003848761241
24551,0,infantry_light,466,473.6228770016062
24552,2,infantry_light,680,679.6798993064558
24553,4,infantry_line,260,280.6423522325526
24555,2,infantry_line,247,244.70317256461908
24556,3,infantry_line,280,268.36409718692005
24557,0,infantry_line,239,265.86437930751345
24559,1,infantry_line,361,382.18749140428133
24560,0,infantry_line,221,223.79461994513855
24561,1,infantry_line,636,608.7972321639992
24563,4,infantry_line,648,610.0867918782718
24565,0,infantry_line,520,528.5754792041029
24567,0,general,378,356.23245440219983
24568,4,general,298,279.1242453045062
24569,1,general,299,308.20859676203355
24570,1,general,157,182.259415039486
24572,3,general,921,817.6989431854015
24573,4,general,246,237.40937631789254
24574,2,general,621,582.7647511507278
24577,0,infantry_grenadiers,611,587.0134641087527
24578,3,infantry_light,371,371.4451225405802
24579,4,infantry_light,545,539.6844017681666
24580,4,infantry_line,355,345.7696827220886
24581,1,infantry_line,274,266.5090185655121
24582,3,infantry_line,252,286.16016210374204
24583,1,infantry_line,348,371.44156242441966
24585,0,infantry_line,237,237.50419442270862
24588,3,artillery_foot,1626,1581.468005242346
24589,1,artillery_foot,1210,1236.9451766153263
24590,1,artillery_foot,1023,1135.8236666166085
24591,2,artillery_foot,890,851.264054950639
24592,0,general,1117,1158.1877009189438
24593,1,general,1674,1633.2710898380626
24594,3,infantry_grenadiers,827,796.0784139090631
24596,0,artillery_horse,1726,1740.9777443895405
24597,0,artillery_horse,1726,1740.9777443895405
24598,1,cavalry_standard,885,847.5891147893834
24599,4,cavalry_standard,909,960.6280030469252
24600,2,cavalry_standard,1016,1055.1736239646261
24601,1,cavalry_standard,610,602.6396564773656
24603,3,cavalry_standard,603,619.085576427446
24604,0,cavalry_standard,730,698.0411828915658
24605,4,general,569,579.487580797359
24606,2,general,734,783.1317619405945
24607,0,general,251,255.72618700146563
24608,1,general,1091,1094.9265126083021
24609,2,general,507,507.933152690756
24610,2,general,448,422.5460443397769
24612,4,general,495,509.19277772765554
24613,0,general,1011,1005.5384700624511
24614,0,general,470,451.52253505584054
24615,0,general,357,338.79554265616395
24616,4,general,448,470.2338745860663
24617,2,infantry_grenadiers,364,376.98826439911227
24619,0,infantry_grenadiers,512,472.50791211037273
24620,4,infantry_grenadiers,408,420.0118341119341
24621,0,infantry_grenadiers,426,414.35795943991144
24622,3,infantry_grenadiers,468,469.2142923680474
24623,0,artillery_horse,1726,1740.9777443895405
24626,2,cavalry_light,719,675.6747444405272
24627,4,cavalry_light,811,762.920205587783
24628,3,cavalry_light,699,670.4639769436444
24629,2,cavalry_light,725,693.981602676187
24630,3,general,615,556.154644153842
24632,0,general,431,402.2989990655061
24633,1,general,738,711.8904636197857
24635,0,general,343,310.107278006435
24636,3,general,662,616.5800652987072
24637,1,general,505,495.65529808445797
24638,1,general,611,574.2280143071306
24639,1,general,434,395.94898235326593
24640,0,general,719,721.3250562983945
24641,4,general,498,527.8449483154556
24643,0,infantry_grenadiers,388,376.3560497284241
24644,4,infantry_grenadiers,616,587.2486473437508
24645,1,infantry_grenadiers,396,388.55348602435635
24647,0,infantry_grenadiers,501,502.2116069130844
24648,4,infantry_grenadiers,670,695.4400353269588
24649,0,cavalry_lancers,428,444.658538503262
24650,0,cavalry_lancers,521,516.4345370994026
24653,2,cavalry_lancers,810,791.578542485395
24654,3,cavalry_lancers,714,704.9429286375936
24655,4,cavalry_lancers,365,347.43109839855117
24656,1,cavalry_light,1245,1247.7554199869635
24657,0,cavalry_light,510,523.9930039335242
24658,0,cavalry_light,1506,1516.0203651000397
24659,4,general,549,545.5464463207636
24661,0,general,430,412.29768932284463
24662,1,general,467,465.9646895159741
24663,3,general,883,910.9456629802405
24664,4,general,1091,1095.1388034148538
24665,2,general,1513,1535.4198147040092
24666,0,infantry_light,346,320.65995128765326
24667,2,cavalry_light,359,345.8633491270099
24668,4,general,323,333.1314066041356
24669,1,artillery_foot,959,893.475965137386
24670,4,artillery_horse,1804,1779.5974852311597
24671,3,cavalry_lancers,518,523.9223550615385
24673,2,general,302,283.2513100398843
24674,4,general,535,538.7043213190583
24675,4,general,121,117.4259241355663
24676,1,general,563,541.0236689690744
24678,0,general,106,104.46248119189671
24679,1,general,494,498.866834705732
24680,2,general,979,963.2702027990947
24682,0,general,926,930.5893597320929
24683,3,infantry_grenadiers,1110,1138.6693252077746
24684,4,infantry_grenadiers,962,986.3598121693173
24685,3,infantry_light,363,353.55881138583095
24687,4,infantry_line,224,216.03959854002662
24688,0,infantry_line,202,205.85319133249922
24689,0,infantry_line,208,204.55953103876772
24691,3,infantry_skirmishers,300,307.37826620868583
24693,2,cavalry_lancers,755,729.438418451511
24696,0,cavalry_lancers,522,513.9356930634905
24697,3,cavalry_lancers,451,470.7680383328704
24698,1,general,448,463.1470053140955
24699,0,general,135,134.48251855365365
24700,0,general,637,621.3098939064845
24701,1,general,201,199.11009953975443
24702,2,general,349,356.87040080584813
24703,1,general,215,189.04091294821023
24705,1,general,738,753.4557220767799
24706,1,infantry_light,269,267.94824119105465
24707,1,infantry_light,334,333.0638477379665
24708,2,infantry_line,214,191.16010230506592
24709,4,infantry_line,323,297.74178548157846
24710,4,infantry_line,226,217.8412246392222
24711,2,infantry_line,797,809.0557575156475
24712,3,infantry_line,253,237.96306307069756
24713,4,artillery_horse,1329,1357.4645768726846
24714,0,cavalry_heavy,1801,1817.719433428652
24715,4,cavalry_lancers,408,426.8985563509667
24716,4,cavalry_lancers,670,637.4978718549588
24717,3,cavalry_light,1694,1724.9038248747581
24720,3,general,362,362.1860373777229
24721,2,general,1704,1729.627117708459
24722,4,general,371,299.0625304264056
24723,3,general,558,552.5099865184376
24724,4,general,193,201.19942088456833
24725,2,general,454,391.7486190436486
24727,0,infantry_light,443,420.3062469614852
24730,0,infantry_line,246,236.60354711873788
24731,3,infantry_line,363,342.5624810915614
24733,2,cavalry_lancers,603,629.4525614549275
24735,2,general,426,408.54901204279406
24736,0,artillery_horse,1726,1740.9777443895405
24737,2,cavalry_lancers,807,781.6372997496292
24738,2,cavalry_lancers,451,467.6461646240229
24739,2,cavalry_lancers,700,699.94773702718
24740,4,cavalry_lancers,575,556.264730841013
24741,1,cavalry_lancers,562,541.955420041947
24742,1,general,405,439.84073790356274
24743,1,general,508,522.8880633252232
24744,1,general,466,468.30257944933817
24746,1,general,703,726.2150940263351
24747,2,cavalry_heavy,2174,2161.66705779464
24748,1,cavalry_heavy,2105,2064.5073351135493
24751,0,general,943,991.8762691949216
24752,3,general,1112,1122.6503920334408
24753,0,general,2091,2104.033556269254
24754,1,general,1954,1924.6178047587093
24755,1,general,172,164.57753681166542
24756,3,general,219,217.22001974597535
24757,2,general,203,211.2720487178836
24758,2,infantry_light,244,241.3981269299733
24761,4,infantry_line,227,223.02563058832607
24764,3,cavalry_heavy,1076,1089.7319166002567
24765,3,cavalry_heavy,675,798.0837904190637
24766,0,cavalry_heavy,1213,1267.0148227699003
24768,4,general,386,400.06409066503244
24769,3,general,933,938.9281193116151
24770,4,general,1209,1265.1079327299315
24771,2,general,1013,1067.1244030840137
24772,3,general,653,786.8417860168597
24774,4,general,507,492.8948988171164
24776,3,infantry_light,772,799.2751557248972
24777,3,infantry_line,262,288.36077682100745
24778,2,infantry_line,344,375.11684338304445
24779,0,infantry_line,553,550.9230289607606
24784,0,general,1050,1031.0984893948273
24785,1,general,1346,1308.7351665837864
24788,1,general,344,332.82861308298743
24789,4,general,698,606.5854461791029
24790,1,general,222,219.10858719002704
24791,3,infantry_light,328,334.68173648540073
24792,3,infantry_light,275,269.79788383052033
24793,1,infantry_line,354,337.0484427851228
24794,2,infantry_line,329,358.3225736541415
24795,1,infantry_line,299,284.944752988063
24796,4,artillery_horse,1357,1363.4696029503732
24797,3,cavalry_lancers,858,924.5267174075557
24798,2,cavalry_lancers,800,800.4432125608741
24800,1,cavalry_standard,1123,1080.5863095232928
24801,2,general,934,926.439801242366
24802,1,general,797,893.6423656299507
24803,4,general,1071,1088.6697566103412
24805,3,general,856,945.7349013499786
24806,0,artillery_horse,1726,1740.9777443895405
24807,4,cavalry_lancers,655,613.4299589428396
24808,1,cavalry_lancers,565,589.1213507162225
24810,2,cavalry_lancers,558,551.5501861367501
24812,0,cavalry_standard,601,555.3145152360269
24814,0,cavalry_standard,425,422.0693770536312
24815,1,cavalry_standard,906,927.5853874395195
24816,2,cavalry_standard,462,458.7348617820262
24817,4,general,962,954.0267230249184
24819,3,general,614,550.7527018029247
24822,4,general,664,678.2397529206632
24823,0,artillery_horse,549,673.2897715308662
24824,2,cavalry_lancers,1213,1116.5801260824885
24827,0,cavalry_lancers,738,734.7555535356698
24828,2,cavalry_light,271,283.21894512964934
24829,0,cavalry_light,334,358.17087581842816
24830,0,cavalry_light,466,445.4880568443625
24831,1,cavalry_light,414,441.62151191089725
24832,1,cavalry_light,662,618.3161759126556
24834,2,general,605,583.4019209724352
24835,1,general,327,350.9808686300141
24836,3,general,597,613.0895160036885
24837,2,general,628,626.9164819861882
24838,1,general,289,317.5424914458374
24839,4,general,1065,1063.8099636778084
24840,4,general,302,309.08565719754654
24841,0,artillery_horse,549,673.2897715308662
24842,0,cavalry_lancers,428,444.658538503262
24843,0,cavalry_lancers,428,444.658538503262
24844,0,cavalry_lancers,428,444.658538503262
24845,3,general,333,352.18456056884486
24846,4,general,439,463.4998993954759
24847,3,general,528,581.9803415241852
24848,2,cavalry_lancers,451,467.6461646240229
24849,3,cavalry_lancers,389,415.3891126396758
24850,4,cavalry_lancers,407,436.2213230232359
24851,1,cavalry_lancers,368,398.5607240072287
24852,1,general,256,293.13727248154737
24853,1,general,231,277.0982853600336
24854,4,general,318,340.45980151390586
24855,1,artillery_foot,725,730.1265044476542
24856,3,artillery_foot,534,561.7638481839833
24857,4,artillery_foot,1591,1582.7775369934045
24858,1,artillery_foot,1023,1135.8236666166085
24859,3,artillery_foot,1129,1124.8677594820742
24860,1,artillery_foot,1023,1135.8236666166085
24861,1,artillery_foot,1023,1135.8236666166085
24862,1,artillery_foot,1023,1135.8236666166085
24863,2,artillery_foot,890,851.264054950639
24864,4,artillery_foot,674,679.043747649327
24865,2,artillery_foot,886,877.7316932565225
24867,1,artillery_horse,1201,1201.79542196356
24868,1,general,182,177.26422403674752
24869,4,general,182,181.75753551542942
24870,4,general,913,904.89688187657
24871,3,general,695,667.4228639503474
24872,2,general,69,68.91822251689604
24873,1,general,656,637.8765310232
24874,2,general,1013,993.2816316451451
24876,3,cavalry_heavy,2526,2607.0748266863393
24877,4,cavalry_lancers,648,674.5865189898058
24879,1,cavalry_light,519,552.0334230850639
24880,2,cavalry_light,1321,1289.351955183957
24882,0,general,2205,2196.2392598897977
24883,3,general,649,631.8081508834879
24884,4,artillery_horse,665,650.0178330284164
24885,0,artillery_horse,118,188.41425965241666
24886,1,cavalry_standard,765,800.8984440719847
24887,1,general,614,619.0139755351224
24888,3,cavalry_lancers,641,671.2889111530604
24889,1,cavalry_lancers,862,843.5002088701733
24893,0,cavalry_standard,1499,1470.0638058091527
24894,3,general,897,800.7703335519795
24895,1,general,1415,1407.3793552086352
24896,4,general,1000,1043.490085016733
24897,2,general,1482,1781.9733606274726
24898,0,artillery_foot,1347,1316.7737740908763
24899,2,cavalry_light,717,727.9809616039312
24900,0,cavalry_light,828,812.6554061369958
24901,0,cavalry_standard,1161,1123.2931310865326
24902,2,general,1368,1373.073494499829
24903,2,general,1179,1212.4707010803365
24904,3,general,656,624.1056179169716
24905,0,general,612,590.717172226068
24906,4,general,964,1086.0582548227346
24908,1,artillery_foot,448,459.3231702328136
24909,4,cavalry_lancers,672,687.8571234245848
24910,0,cavalry_lancers,560,518.6971561094722
24911,4,general,708,731.8347543547401
24912,1,general,382,374.81067614768125
24913,3,general,299,287.47789306024714
24914,4,infantry_line,362,368.3301875727553
24915,2,infantry_line,486,479.71662930649074
24916,2,general,1179,1207.2087030105722
24918,1,artillery_foot,1116,1108.665305384599
24919,4,artillery_foot,1084,1054.0069953161435
24920,3,general,360,340.6529804435517
24922,2,general,305,301.5022565000228
24924,2,general,997,999.507882177396
24925,0,general,918,901.7190631794417
24926,3,infantry_light,418,428.03935357691495
24927,0,infantry_line,823,831.5725055864499
24929,0,infantry_line,428,423.2971157491693
24930,4,infantry_line,493,489.50309088479474
24931,4,infantry_skirmishers,272,276.3692640058686
24932,1,general,835,786.7196995491805
24933,1,general,431,402.1848852120407
24934,0,general,912,779.5649268720857
24935,2,infantry_light,685,669.8278663555416
24938,1,infantry_line,543,520.2068804453841
24939,3,general,400,330.6117935854754
24941,2,artillery_foot,879,873.0721539113496
24942,0,general,713,696.6126597758465
24943,3,general,422,395.95671565882213
24944,0,general,635,566.297083844833
24945,3,general,619,579.9671277465912
24948,1,general,1222,1446.2166345302578
24950,3,infantry_line,555,555.6099794403742
24951,4,infantry_line,524,516.6467218858811
24953,0,infantry_line,571,520.6185931877176
24954,3,infantry_line,475,490.3425035643353
24955,2,general,295,309.4225837272528
24956,4,general,519,524.964275212129
24957,1,general,282,291.09161632989037
24958,0,general,324,312.56040971137134
24960,0,infantry_line,451,471.63211683040913
24961,3,infantry_line,336,365.81529983388003
24962,4,infantry_line,382,399.06851347417853
24963,3,general,248,237.26913635412535
24964,0,general,290,278.95017552930784
24966,1,infantry_light,402,421.93096816666275
24967,4,infantry_light,268,275.78817825645365
24969,4,infantry_skirmishers,272,276.3692640058686
24970,2,infantry_skirmishers,400,325.6420608273068
24971,3,general,228,227.71296173321133
24973,4,general,401,401.64067990786083
24974,4,cavalry_heavy,1388,1393.0989817748452
24976,0,cavalry_standard,901,950.1292331924719
24977,4,general,920,982.6060814118047
24978,1,general,398,374.23147426191986
24981,3,general,329,448.2393392441263
24982,4,general,236,246.8320607953843
24983,3,general,1305,1329.0990832815708
24984,3,general,419,398.1173473761186
24985,1,general,1417,1503.3893464027585
24986,1,general,1065,1063.6694707477182
24987,1,general,568,560.9579902148183
24988,1,infantry_grenadiers,1456,1520.6973186658295
24989,3,infantry_light,523,539.9858907974743
24990,0,infantry_light,542,519.1973191865993
24991,0,infantry_light,301,338.5624868521177
24992,3,infantry_line,440,410.1510901241307
24993,1,infantry_line,964,973.6972125394609
24994,0,infantry_line,617,608.0066085101565
24995,0,infantry_skirmishers,309,331.32549366195667
24996,1,artillery_horse,1156,1155.1804407575
24997,3,cavalry_heavy,1383,1321.4578562496379
24998,4,cavalry_lancers,525,631.8080615848806
24999,1,cavalry_light,871,802.3495512147119
25000,4,general,205,195.33234434294218
25001,2,general,197,208.5274510362565
25002,0,general,369,397.42666811285085
25005,0,general,1113,1133.2578985851962
25006,1,general,590,592.569090009999
25007,1,general,468,450.9378986234506
25008,2,general,419,442.44750373678824
25009,2,general,627,612.5473725302126
25011,4,general,383,427.2114091411408
25014,0,infantry_line,401,388.143582683185
25016,1,infantry_line,311,324.9636241424269
25017,1,infantry_line,498,560.2226676296164
25018,4,infantry_line,344,345.6299792448906
25019,4,artillery_foot,370,348.43360345743474
25020,2,cavalry_lancers,401,550.4257694078728
25021,2,cavalry_light,501,514.5082766694266
25022,3,general,246,283.0222762360047
25023,2,general,288,445.14029441039855
25024,0,general,535,556.1435197344691
25026,0,general,78,78.39857920746903
25027,0,general,86,92.04594681915995
25028,4,general,189,182.80791155732913
25032,0,infantry_line,159,157.33359974925594
25033,2,infantry_line,158,141.92574265668486
25034,4,infantry_line,522,498.76078505815775
25035,1,cavalry_heavy,1023,1122.4985770848273
25036,1,cavalry_standard,716,701.398292754011
25037,1,general,567,524.4516559914582
25038,3,general,530,480.6777763397532
25039,4,general,829,879.8365832468298
25040,4,general,285,262.23558030581034
25041,4,general,794,790.7304646763498
25042,3,general,874,881.7579870127188
25043,4,infantry_grenadiers,745,732.2784639876277
25044,3,infantry_line,380,381.7294453788997
25046,4,artillery_foot,483,542.5606105669208
25049,1,cavalry_light,823,802.1493621201981
25050,4,cavalry_light,544,566.103002975375
25052,4,general,147,142.6411454297124
25053,2,general,404,420.1563360366402
25054,1,general,337,308.1659777659859
25055,4,general,516,535.3376910455488
25056,2,general,671,635.5498104924552
25057,3,general,373,386.4830554831972
25058,3,general,333,398.03206240247823
25059,0,general,477,456.4312066995444
25061,0,general,199,224.00785907971112
25062,2,general,686,602.3437984487239
25063,1,infantry_light,593,596.9520519686299
25065,1,infantry_line,211,217.02818455672684
25066,2,infantry_line,797,725.9001089355427
25067,2,infantry_line,224,225.73962018210534
25069,0,cavalry_lancers,1485,1289.3928844686836
25070,0,cavalry_lancers,1333,1222.482912132935
25071,4,cavalry_lancers,1103,1146.948733640183
25073,3,cavalry_light,1306,1287.7748941344846
25075,0,general,637,622.5649947599045
25076,2,general,29,6.133001612498703
25077,1,general,1062,1070.505855756694
25078,1,general,1140,1107.3915697353018
25079,2,general,1337,1263.970122741293
25080,0,general,1381,1263.3653661221597
25081,2,general,187,185.76516128561093
25082,4,general,103,107.12474937380203
25083,1,general,485,469.9669126616544
25084,3,general,1639,1681.5253890373128
25085,1,infantry_line,282,302.7120120577453
25086,1,infantry_line,422,434.86705698186216
25087,3,infantry_line,136,129.69271520783477
25089,2,cavalry_heavy,1092,1054.7231688406112
25090,1,general,909,848.5514637260104
25091,3,artillery_foot,339,368.9471399446777
25092,0,artillery_horse,728,737.2171175041645
25093,1,cavalry_standard,697,677.0521765116267
25094,2,cavalry_standard,712,683.8059995113836
25095,2,general,577,555.1860198391843
25097,2,general,603,554.6564864024397
25098,3,general,465,443.21670666180603
25099,1,general,724,686.1427243818916
25100,4,infantry_grenadiers,405,331.5383581657398
25101,0,infantry_light,570,601.459774896469
25102,0,infantry_line,205,231.75045471497288
25104,4,cavalry_lancers,481,595.0625477045078
25105,1,cavalry_lancers,361,401.6903503854663
25106,4,cavalry_light,643,664.1213877189022
25108,2,general,219,258.94990625552543
25111,1,general,705,720.8043508315495
25113,2,general,152,135.62162035434872
25114,4,general,202,194.88992567746303
25115,1,infantry_line,216,220.43531844995726
25116,1,infantry_line,255,267.55640108056303
25118,3,artillery_foot,987,1067.4301545266646
25119,3,general,59,48.15197483007623
25120,1,general,559,548.3709915194761
25121,1,general,281,273.7443380084239
25122,2,infantry_line,160,148.47552319575783
25123,3,infantry_line,460,455.40474106241635
25126,1,cavalry_standard,721,765.4663005637709
25127,2,cavalry_standard,848,856.1819399370663
25128,3,general,223,247.82037892785726
25129,3,general,298,273.3280202467472
25130,1,general,684,719.6897166384333
25132,2,general,741,716.8153922331824
25133,1,infantry_grenadiers,687,681.7284041621261
25136,0,cavalry_heavy,1514,1523.19841808769
25137,2,cavalry_heavy,2247,2298.238182740712
25139,0,cavalry_heavy,1835,1789.430474156639
25140,0,cavalry_light,747,728.084972946308
25141,1,cavalry_standard,705,646.8729494433959
25143,2,general,294,294.0262909317484
25144,1,general,614,601.1039541126106
25148,3,general,521,498.86715898552575
25149,4,artillery_foot,996,1021.5744146159606
25150,3,general,215,223.5769937803187
25151,4,general,207,229.81787457782124
25152,0,general,365,369.3570554226211
25154,4,infantry_line,278,291.2027452808989
25155,2,infantry_line,426,440.1263662532547
25156,0,cavalry_light,541,545.2142262618603
25158,1,artillery_foot,730,653.6020348797839
25159,4,artillery_foot,926,817.0551777630883
25161,1,artillery_foot,464,433.1926591445935
25163,2,general,731,648.5075666992185
25164,2,general,731,668.7894942323111
25165,2,general,329,291.83683164258554
25166,1,general,1043,1032.3043133471424
25167,4,general,1,1.0
25168,1,general,820,820.1269684584004
25170,1,infantry_skirmishers,160,194.9548728277437
25171,2,cavalry_light,733,713.2020013802697
25172,0,general,306,319.77893356888865
25173,4,general,401,417.6898866271072
25175,3,general,570,543.073811169577
25176,4,general,179,230.51165262429646
25177,2,general,246,236.57485244763436
25178,3,general,276,283.285741454304
25179,3,infantry_line,368,363.7320922296393
25180,3,infantry_line,238,226.55866350518488
25181,3,infantry_line,375,383.43782678815455
25183,0,infantry_line,308,315.77320412271706
25185,1,infantry_line,383,395.2379915339889
25186,4,infantry_militia,310,353.83709221594046
25187,4,artillery_foot,385,452.92836781530013
25188,4,cavalry_light,399,380.6205949172556
25189,0,cavalry_light,521,538.4882065664757
25190,1,cavalry_standard,860,909.8013710784057
25191,4,general,207,222.71867175434215
25194,3,general,61,100.88129448011082
25196,4,infantry_grenadiers,1239,1191.718738127135
25197,4,infantry_line,173,204.55866127153053
25198,1,infantry_line,164,189.58835590598744
25199,2,infantry_line,310,311.9502652107923
25200,4,infantry_line,386,380.2018119172611
25201,0,infantry_line,269,277.8585567709373
25202,2,infantry_line,256,326.22867325867514
25204,3,artillery_foot,311,270.9806868933746
25205,0,general,343,365.68597930533497
25207,3,infantry_grenadiers,359,388.8353883262308
25209,3,infantry_line,338,333.3291345239636
25210,0,infantry_line,210,261.8380494999898
25211,1,infantry_line,635,628.2250132557027
25212,1,infantry_skirmishers,334,345.6683048141113
25213,2,general,1362,1380.217362664561
25215,1,infantry_grenadiers,581,603.9899376588105
25217,3,infantry_grenadiers,1406,1431.4721821800233
25218,2,general,427,534.2455925024651
25220,3,general,936,980.0964193983718
25222,2,general,415,451.66219036120447
25224,2,infantry_line,473,464.20455319040224
25225,0,infantry_line,462,553.6295347224351
25227,0,infantry_line,851,851.9506324549467
25228,1,infantry_militia,498,481.88752470761955
25229,0,infantry_militia,236,310.6439597469962
25230,0,infantry_militia,261,331.9233733838324
25231,2,infantry_militia,233,316.79247964235566
25232,0,infantry_militia,520,562.3443078488921
25233,2,infantry_militia,261,319.47113345121676
25234,3,infantry_militia,447,462.16952241301044
25235,4,infantry_skirmishers,420,513.1999979363706
25237,3,cavalry_light,378,396.17281359164105
25238,1,general,1662,1666.4573752292117
25239,3,general,304,243.90238589387582
25240,3,general,549,578.5466802578999
25241,2,general,543,485.641587646817
25242,1,general,634,604.4421428220976
25243,1,general,145,192.48607577577565
25244,1,infantry_light,181,154.52699160778386
25245,0,infantry_light,493,464.9610728166889
25248,4,infantry_militia,614,662.1377653608348
25249,3,infantry_militia,562,508.14281593864735
25250,2,infantry_militia,227,275.5610945810931
25251,3,infantry_militia,615,637.8092256949038
25252,0,infantry_skirmishers,177,281.55910385510555
25253,2,cavalry_light,461,495.55047582726934
25254,2,cavalry_light,459,480.0560740521136
25255,1,cavalry_standard,485,475.3351811126567
25256,0,general,1364,1266.8245508908094
25258,0,general,134,194.37496509704627
25259,4,infantry_line,226,237.34655340484764
25261,2,infantry_line,1130,1064.760647242452
25262,2,artillery_horse,184,288.41984171709373
25263,0,cavalry_light,423,442.69969551909855
25264,4,cavalry_light,727,706.3759786568853
25266,2,general,596,626.771258859518
25267,0,infantry_light,428,382.0699529439887
25268,4,artillery_foot,377,339.6159631224869
25271,2,artillery_foot,292,277.81068269941335
25273,0,cavalry_standard,496,491.7586693661144
25274,1,general,318,360.34314890144225
25275,2,general,311,308.77297852034116
25276,0,infantry_militia,482,435.56842375312453
25278,1,infantry_skirmishers,345,285.7520991139506
25279,0,cavalry_standard,732,690.8224314800794
25280,0,cavalry_standard,430,438.7238576051761
25282,3,infantry_skirmishers,327,310.7807756202482
25284,2,infantry_light,261,259.22220959954774
25285,0,infantry_militia,212,261.0322655715863
25287,3,cavalry_light,900,844.9488533578523
25288,3,cavalry_standard,923,887.8242394041098
25289,4,cavalry_light,322,303.6117635103936
25290,4,infantry_militia,376,425.5522919125382
25292,4,infantry_militia,109,122.23118037231467
25293,0,infantry_militia,126,164.91288917353324
25294,0,infantry_militia,194,262.3814212364031
25296,1,general,462,472.31072439388606
25297,0,general,1257,1237.494679436809
25299,4,infantry_grenadiers,1409,1376.7513254765686
25300,0,artillery_foot,633,565.0530686419604
25301,2,artillery_foot,446,432.15546094844444
25302,3,general,228,227.71296173321133
25303,4,general,323,317.4205604099662
25304,1,general,820,820.1269684584004
25307,3,general,228,227.71296173321133
25308,0,general,401,401.6665569603783
25309,4,infantry_grenadiers,332,246.95699586987
25310,4,infantry_grenadiers,525,470.087492935834
25312,4,infantry_skirmishers,721,561.3962904989362
25313,4,general,258,267.1847360582111
25315,0,general,1093,1079.3841549621313
25316,2,general,555,567.2561432491217
25318,0,general,1062,1079.1799386190935
25319,1,general,503,396.25954826799966
25320,3,general,574,471.1984963137556
25321,0,infantry_grenadiers,670,692.3234887629
25322,4,infantry_grenadiers,1146,1160.967295579735
25323,0,infantry_light,573,642.8651987882841
25324,0,infantry_light,1206,1247.7638215228917
25325,1,infantry_light,946,901.0067594373297
25326,2,infantry_line,283,354.09030695808457
25327,4,infantry_line,631,471.3475738502799
25328,2,infantry_skirmishers,303,300.1556615267868
25329,4,artillery_foot,485,582.9341639227221
25330,0,general,233,204.82138108735978
25331,1,general,404,413.86470374644074
25332,2,general,640,677.9920030484236
25333,1,general,1067,1159.1504224118698
25334,3,general,841,866.7219546128714
25336,0,general,562,533.1800943177863
25337,0,infantry_grenadiers,802,791.568236940524
25338,0,infantry_grenadiers,367,389.76487933222046
25340,1,infantry_line,349,339.51344721670864
25341,4,infantry_line,723,682.2914683040951
25342,4,infantry_line,683,615.6898613883859
25343,1,infantry_line,963,1059.981625574868
25344,1,artillery_foot,530,451.8030565731792
25345,1,artillery_foot,680,622.1040187793177
25346,0,general,394,352.05851659332876
25347,0,infantry_grenadiers,808,787.8697826677362
25348,1,cavalry_heavy,2498,2423.2293221736086
25349,4,cavalry_lancers,1601,1672.4973167033545
25350,1,general,2654,2711.1133159709625
25351,4,general,87,74.04863696658514
25352,1,general,676,706.6207712618375
25353,0,general,247,237.2888875748966
25354,0,general,1439,1414.6570910059922
25355,4,general,445,509.05457147353906
25357,4,general,520,456.7874242928707
25358,4,infantry_grenadiers,870,884.3822576258923
25359,3,infantry_light,630,554.1849094833541
25360,2,infantry_light,344,378.6845911103844
25361,3,infantry_line,206,163.07200363713943
25362,3,infantry_line,585,564.3463198640956
25363,0,artillery_horse,1547,1542.447783530482
25364,1,cavalry_light,1250,1073.857583538662
25365,0,cavalry_light,703,684.2267727986678
25366,3,general,87,155.86871959902922
25367,0,general,228,221.2671227905799
25368,3,general,49,88.27725232862097
25369,3,general,19,33.70482408527711
25370,0,general,599,559.0238712515215
25372,1,general,170,224.05528392938083
25373,1,general,186,172.03475945436304
25374,3,general,129,219.11285641210495
25376,0,general,1175,1017.3765732503023
25377,3,infantry_grenadiers,470,568.5300591006198
25378,4,infantry_line,305,272.35145545746764
25379,3,infantry_line,241,273.69591132194
25380,4,infantry_line,184,252.31116726045184
25381,0,infantry_line,132,172.56079024361713
25385,3,cavalry_light,661,685.2676085330704
25386,1,cavalry_light,854,866.9534496775682
25387,1,cavalry_light,372,330.4492177461598
25388,0,general,191,189.35014893708444
25389,4,general,523,511.14783228863786
25390,2,general,828,833.8196016368072
25391,1,cavalry_light,607,625.3062112169549
25394,0,general,720,601.142187101145
25395,2,artillery_horse,1437,1508.4513875026353
25396,2,general,1256,1270.0562692749354
25398,1,general,958,956.8147965348002
25399,3,general,266,265.6651220220798
25400,3,cavalry_lancers,1062,929.6293189644995
25401,3,general,644,623.697900556283
25402,2,general,325,328.4372415746931
25403,2,general,919,851.3060310286577
25404,3,general,144,155.98249009501535
25406,1,general,241,206.21799410111842
25408,3,infantry_line,287,290.321569612229
25409,0,infantry_line,318,316.6937836648128
25410,3,infantry_line,189,198.44819591698214
25412,1,infantry_line,336,343.95355705760306
25413,0,infantry_line,756,741.0699527554203
25416,4,cavalry_lancers,910,915.1976665928888
25418,2,general,114,126.86888354303193
25419,2,general,476,465.9162307400027
25421,2,infantry_light,626,644.1810781214882
25423,0,infantry_line,360,356.5079129001822
25424,2,infantry_line,326,346.9812396599081
25425,3,cavalry_lancers,1250,1196.3639952264623
25426,1,cavalry_lancers,727,833.1320642758724
25428,1,cavalry_lancers,1239,1470.442221208855
25429,1,general,1092,1308.408640993733
25430,4,artillery_horse,584,558.7236751826028
25431,1,general,460,423.8865194606146
25432,4,general,447,419.27277937664036
25433,2,general,227,211.20028121557462
25434,0,general,487,472.09177925776817
25435,4,general,295,327.48107187835427
25440,4,infantry_line,457,443.88857435885893
25441,4,infantry_line,551,543.499731038863
25442,1,cavalry_light,524,494.2165265474961
25443,2,cavalry_light,1246,1262.3504139213787
25445,3,general,129,180.37442890995553
25446,4,general,559,531.770251779893
25447,0,general,163,160.0747427133348
25448,4,general,248,258.68991008171787
25449,2,general,1089,1094.9802045836984
25450,2,general,291,347.9490541874473
25451,2,infantry_light,366,443.5495112941545
25452,0,infantry_line,327,314.7436509853574
25454,4,infantry_line,292,292.4384076471376
25455,1,infantry_line,268,272.95228295665885
25456,0,infantry_line,351,318.4147985967261
25457,0,infantry_line,166,189.04595302579068
25459,3,cavalry_standard,452,506.78087227576526
25460,3,cavalry_standard,582,692.0336095942391
25461,1,general,421,498.58505159689884
25462,3,general,405,467.38510689119585
25463,2,general,786,754.1234952349365
25464,2,infantry_grenadiers,699,700.9081611184513
25465,2,infantry_line,504,517.9849354251139
25466,4,infantry_line,293,295.9555709326744
25467,3,cavalry_standard,709,778.6593000922702
25469,3,general,315,355.1606280285984
25470,4,infantry_grenadiers,386,428.60255214681877
25471,2,general,306,312.9408369893136
25473,1,general,634,659.0177452866417
25474,2,general,116,144.84038958672895
25475,4,infantry_line,461,454.5139284172735
25476,3,infantry_line,237,259.84450436815945
25477,4,infantry_line,304,305.5304075737155
25478,3,infantry_line,198,216.28786670783663
25479,0,cavalry_lancers,939,880.6750746769679
25481,2,cavalry_lancers,725,647.3702588991742
25482,4,general,398,349.641241155851
25483,2,general,95,102.04633795172165
25484,1,general,76,116.41580964804706
25485,3,general,781,748.1090803608838
25486,1,general,175,179.39295461880417
25487,4,general,539,494.71238048383856
25488,1,general,589,497.99257364718443
25489,0,infantry_light,285,314.9680734718517
25490,4,infantry_line,503,465.79689192915055
25491,2,infantry_line,127,152.25348204245438
25492,1,infantry_line,202,212.20182274482752
25493,3,infantry_line,415,392.3920118111961
25495,2,cavalry_light,752,786.0314076074841
25496,1,general,591,588.3303154831707
25498,3,infantry_grenadiers,510,516.6245706485693
25500,3,cavalry_standard,362,438.8290573559248
25501,1,cavalry_standard,433,501.53342947021656
25502,0,cavalry_standard,1129,1053.7364581090758
25503,4,general,985,954.8673796915403
25504,1,general,277,281.6957750168261
25505,1,general,378,438.44373049414656
25506,3,general,233,295.9993900387632
25508,1,infantry_line,415,419.820073298069
25509,3,infantry_line,336,342.61265513253966
25510,0,cavalry_standard,970,867.7783235321343
25511,2,cavalry_standard,1043,1017.6158081875036
25513,1,general,980,971.7967458621383
25514,4,infantry_irregulars,497,514.8825966833792
25516,3,cavalry_standard,618,626.0882264888098
25517,3,general,334,349.15327598935954
25518,1,infantry_grenadiers,436,465.85751138475604
25519,1,cavalry_light,599,629.0751552252794
25520,3,general,488,522.9134459613882
25521,4,general,218,208.3222448532007
25522,2,general,135,143.85607447847747
25524,1,general,281,297.39578690562973
25525,1,general,187,177.43217277139868
25526,4,general,320,305.13134938192434
25528,2,infantry_light,258,278.1420445796528
25529,0,infantry_light,192,204.55723149774462
25530,1,infantry_line,266,303.9810210888696
25532,3,infantry_line,384,391.5558341011556
25533,1,infantry_line,351,360.46835915213484
25534,0,cavalry_standard,444,472.88688041690574
25537,1,general,681,673.8946657963041
25538,1,general,478,461.96763483245553
25539,1,general,527,496.98066161653884
25540,0,infantry_grenadiers,728,718.4193117822981
25541,2,infantry_light,507,518.4441180963199
25542,1,infantry_line,422,409.14953975252547
25543,1,infantry_line,240,250.07522471606012
25544,0,infantry_line,455,455.30542592180603
25545,4,cavalry_lancers,733,762.3338741487219
25546,2,cavalry_lancers,852,837.933767925134
25547,1,cavalry_light,421,416.51652612859806
25548,0,cavalry_heavy,1781,1731.692742295292
25549,3,general,472,513.8891079769722
25550,1,general,382,303.9602358726705
25551,4,general,1527,1494.3239760413858
25552,0,general,283,305.38185570378
25553,4,infantry_grenadiers,481,485.60088723768615
25555,4,infantry_light,301,357.2151439643992
25556,1,cavalry_lancers,749,846.4454727918136
25557,3,cavalry_lancers,716,733.9673180277819
25558,1,cavalry_lancers,1001,1098.4026182194225
25560,4,general,833,779.778484218009
25561,4,infantry_grenadiers,958,914.2933213618998
25562,4,artillery_horse,50,87.63025265176229
25563,2,artillery_foot,800,783.1823710053507
25564,3,artillery_foot,745,754.5751186432203
25565,0,artillery_foot,374,391.8813371808945
25566,3,artillery_foot,401,435.4523246994557
25567,1,artillery_foot,424,419.27006845941713
25568,4,artillery_foot,457,508.78728225702866
25569,1,artillery_foot,887,861.4252177479387
25570,0,artillery_horse,177,173.9967403210703
25571,4,artillery_horse,1785,1754.1241609840006
25572,3,general,199,199.24884151655988
25573,0,general,1798,1803.3654726303662
25574,1,general,428,466.6038358567911
25575,0,general,1150,1149.8472766303705
25576,0,general,351,351.458237340331
25578,2,infantry_skirmishers,277,284.03068020008857
25579,3,infantry_skirmishers,319,268.2496086289872
25580,3,infantry_skirmishers,347,330.19531778184654
25581,2,artillery_foot,323,312.1496950579205
25582,4,artillery_foot,159,189.89829988050272
25583,1,artillery_foot,208,238.32513755495705
25584,2,artillery_foot,207,236.4911002078827
25586,2,artillery_horse,882,853.7589946257563
25589,2,cavalry_heavy,1168,1281.6281065109351
25590,4,cavalry_heavy,800,747.8934102920957
25591,4,cavalry_heavy,705,688.6645698432776
25592,1,cavalry_lancers,305,328.0273410794713
25593,4,cavalry_light,349,356.425997383401
25595,3,cavalry_standard,929,933.3905468157074
25596,4,cavalry_standard,924,825.4220913803939
25597,3,cavalry_standard,1684,1636.7769539299375
25601,1,general,661,675.4669752137195
25602,4,general,1,1.0
25604,4,general,1,1.0
25606,4,general,865,769.9169908047512
25607,3,general,199,199.24884151655988
25608,4,general,229,215.18455574051688
25609,4,general,1,1.0
25611,4,general,893,911.1542945061594
25614,2,infantry_grenadiers,552,542.785556119574
25615,2,infantry_grenadiers,869,908.467324386671
25616,4,infantry_grenadiers,790,694.1829272694671
25617,3,infantry_grenadiers,790,756.616998093566
25618,1,infantry_grenadiers,862,856.8690646485276
25619,1,infantry_grenadiers,759,783.0178001636609
25620,1,infantry_grenadiers,1067,1141.8131084725198
25621,2,infantry_grenadiers,325,331.8708171183708
25622,4,infantry_light,219,229.64287517095798
25623,1,infantry_light,184,190.2855613463073
25624,2,infantry_light,220,220.38713082804082
25625,1,infantry_light,307,364.8199932296887
25626,1,infantry_light,392,451.3186487340974
25627,1,infantry_light,410,459.6271617236228
25628,0,infantry_light,215,200.00268333696488
25629,1,infantry_light,641,722.1978682348365
25631,3,infantry_line,271,277.8421860449236
25632,1,infantry_line,269,274.065286341252
25633,4,infantry_line,413,403.19899808907195
25634,2,infantry_line,200,242.79019006607112
25635,4,infantry_line,208,203.9368429603353
25636,0,infantry_line,133,164.46537056739643
25637,2,infantry_line,324,341.63330039251815
25638,2,infantry_line,225,266.3096873612943
25640,2,infantry_line,297,313.9097349412165
25641,0,infantry_line,346,341.1286373629551
25642,3,infantry_line,161,210.79878784396917
25643,0,infantry_line,372,362.5073455520895
25644,2,infantry_line,220,244.68581762677994
25645,0,infantry_line,290,265.809707730078
25646,2,infantry_line,490,478.08399919166766
25647,4,infantry_line,134,181.83469762744497
25648,2,infantry_line,275,250.52833296556932
25649,0,infantry_line,239,240.39534654033
25650,0,infantry_line,129,166.69346411321277
25651,0,infantry_line,258,296.4546822826776
25652,2,infantry_line,401,369.5212567070834
25653,3,infantry_line,650,663.3971421049805
25654,0,infantry_line,414,376.09100577561225
25655,0,infantry_line,523,445.8099364441959
25656,2,infantry_line,340,322.10992368056026
25657,2,infantry_line,589,595.7479432754736
25660,4,infantry_line,535,549.8372357345705
25661,0,infantry_militia,393,264.804413728438
25662,3,infantry_militia,104,148.52002120331755
25663,3,infantry_militia,109,56.89686017317104
25665,4,infantry_skirmishers,709,432.0245240030007
